model_key,prompt_id,sample_idx,Coherence
gemma,wp_0000,0,-2.701171875
gemma,wp_0000,1,-2.408203125
gemma,wp_0000,2,-2.794921875
gemma,wp_0000,3,-2.37890625
gemma,wp_0000,4,-2.609375
gemma,wp_0001,0,-2.583984375
gemma,wp_0001,1,-2.388671875
gemma,wp_0001,2,-2.6953125
gemma,wp_0001,3,-2.4296875
gemma,wp_0001,4,-2.30859375
gemma,wp_0002,0,-2.51171875
gemma,wp_0002,1,-2.3984375
gemma,wp_0002,2,-2.62109375
gemma,wp_0002,3,-2.466796875
gemma,wp_0002,4,-2.306640625
gemma,wp_0003,0,-2.123046875
gemma,wp_0003,1,-2.158203125
gemma,wp_0003,2,-2.15234375
gemma,wp_0003,3,-2.14453125
gemma,wp_0003,4,-2.33203125
gemma,wp_0004,0,-2.12109375
gemma,wp_0004,1,-2.005859375
gemma,wp_0004,2,-2.421875
gemma,wp_0004,3,-2.162109375
gemma,wp_0004,4,-2.044921875
gemma,wp_0005,0,-2.248046875
gemma,wp_0005,1,-1.619140625
gemma,wp_0005,2,-1.8193359375
gemma,wp_0005,3,-1.857421875
gemma,wp_0005,4,-2.125
gemma,wp_0006,0,-2.55859375
gemma,wp_0006,1,-2.337890625
gemma,wp_0006,2,-2.578125
gemma,wp_0006,3,-2.498046875
gemma,wp_0006,4,-2.599609375
gemma,wp_0007,0,-2.791015625
gemma,wp_0007,1,-2.330078125
gemma,wp_0007,2,-2.232421875
gemma,wp_0007,3,-2.630859375
gemma,wp_0007,4,-2.634765625
gemma,wp_0008,0,-2.42578125
gemma,wp_0008,1,-2.56640625
gemma,wp_0008,2,-2.4140625
gemma,wp_0008,3,-2.353515625
gemma,wp_0008,4,-2.599609375
gemma,wp_0009,0,-2.400390625
gemma,wp_0009,1,-2.248046875
gemma,wp_0009,2,-2.615234375
gemma,wp_0009,3,-2.427734375
gemma,wp_0009,4,-2.330078125
gemma,wp_0010,0,-2.205078125
gemma,wp_0010,1,-2.09375
gemma,wp_0010,2,-2.3046875
gemma,wp_0010,3,-1.869140625
gemma,wp_0010,4,-1.7421875
gemma,wp_0011,0,-2.56640625
gemma,wp_0011,1,-2.44921875
gemma,wp_0011,2,-2.330078125
gemma,wp_0011,3,-2.4609375
gemma,wp_0011,4,-2.451171875
gemma,wp_0012,0,-2.625
gemma,wp_0012,1,-2.416015625
gemma,wp_0012,2,-2.505859375
gemma,wp_0012,3,-2.4375
gemma,wp_0012,4,-2.517578125
gemma,wp_0013,0,-2.845703125
gemma,wp_0013,1,-3.076171875
gemma,wp_0013,2,-2.49609375
gemma,wp_0013,3,-2.802734375
gemma,wp_0013,4,-2.61328125
gemma,wp_0014,0,-2.38671875
gemma,wp_0014,1,-2.642578125
gemma,wp_0014,2,-2.43359375
gemma,wp_0014,3,-2.63671875
gemma,wp_0014,4,-2.431640625
gemma,wp_0015,0,-2.31640625
gemma,wp_0015,1,-2.154296875
gemma,wp_0015,2,-2.271484375
gemma,wp_0015,3,-2.328125
gemma,wp_0015,4,-2.22265625
gemma,wp_0016,0,-2.220703125
gemma,wp_0016,1,-2.18359375
gemma,wp_0016,2,-2.27734375
gemma,wp_0016,3,-2.44140625
gemma,wp_0016,4,-2.443359375
gemma,wp_0017,0,-2.62890625
gemma,wp_0017,1,-2.3515625
gemma,wp_0017,2,-2.619140625
gemma,wp_0017,3,-2.7109375
gemma,wp_0017,4,-2.517578125
gemma,wp_0018,0,-1.869140625
gemma,wp_0018,1,-1.783203125
gemma,wp_0018,2,-1.7822265625
gemma,wp_0018,3,-1.875
gemma,wp_0018,4,-1.5791015625
gemma,wp_0019,0,-2.376953125
gemma,wp_0019,1,-2.6015625
gemma,wp_0019,2,-2.478515625
gemma,wp_0019,3,-2.546875
gemma,wp_0019,4,-2.390625
gemma,wp_0020,0,-2.2890625
gemma,wp_0020,1,-2.146484375
gemma,wp_0020,2,-2.35546875
gemma,wp_0020,3,-2.1484375
gemma,wp_0020,4,-2.248046875
gemma,wp_0021,0,-2.349609375
gemma,wp_0021,1,-2.05859375
gemma,wp_0021,2,-1.921875
gemma,wp_0021,3,-2.53125
gemma,wp_0021,4,-2.005859375
gemma,wp_0022,0,-2.6875
gemma,wp_0022,1,-2.677734375
gemma,wp_0022,2,-2.7109375
gemma,wp_0022,3,-2.380859375
gemma,wp_0022,4,-2.552734375
gemma,wp_0023,0,-2.5234375
gemma,wp_0023,1,-2.392578125
gemma,wp_0023,2,-2.451171875
gemma,wp_0023,3,-2.4765625
gemma,wp_0023,4,-2.576171875
gemma,wp_0024,0,-2.478515625
gemma,wp_0024,1,-2.650390625
gemma,wp_0024,2,-2.51171875
gemma,wp_0024,3,-2.376953125
gemma,wp_0024,4,-2.3515625
gemma,wp_0025,0,-2.587890625
gemma,wp_0025,1,-2.478515625
gemma,wp_0025,2,-2.642578125
gemma,wp_0025,3,-2.240234375
gemma,wp_0025,4,-2.4375
gemma,wp_0026,0,-2.5390625
gemma,wp_0026,1,-2.498046875
gemma,wp_0026,2,-2.49609375
gemma,wp_0026,3,-2.330078125
gemma,wp_0026,4,-2.14453125
gemma,wp_0027,0,-2.279296875
gemma,wp_0027,1,-2.240234375
gemma,wp_0027,2,-2.419921875
gemma,wp_0027,3,-2.451171875
gemma,wp_0027,4,-2.439453125
gemma,wp_0028,0,-2.791015625
gemma,wp_0028,1,-2.556640625
gemma,wp_0028,2,-2.470703125
gemma,wp_0028,3,-2.630859375
gemma,wp_0028,4,-2.5390625
gemma,wp_0029,0,-2.01171875
gemma,wp_0029,1,-2.1015625
gemma,wp_0029,2,-2.158203125
gemma,wp_0029,3,-1.8818359375
gemma,wp_0029,4,-2.125
gemma,wp_0030,0,-2.171875
gemma,wp_0030,1,-2.177734375
gemma,wp_0030,2,-2.6484375
gemma,wp_0030,3,-2.4140625
gemma,wp_0030,4,-2.51171875
gemma,wp_0031,0,-2.6796875
gemma,wp_0031,1,-2.56640625
gemma,wp_0031,2,-2.673828125
gemma,wp_0031,3,-2.4609375
gemma,wp_0031,4,-2.744140625
gemma,wp_0032,0,-2.703125
gemma,wp_0032,1,-2.48828125
gemma,wp_0032,2,-2.39453125
gemma,wp_0032,3,-2.23828125
gemma,wp_0032,4,-2.408203125
gemma,wp_0033,0,-2.583984375
gemma,wp_0033,1,-2.576171875
gemma,wp_0033,2,-2.607421875
gemma,wp_0033,3,-2.791015625
gemma,wp_0033,4,-2.24609375
gemma,wp_0034,0,-1.4501953125
gemma,wp_0034,1,-1.7294921875
gemma,wp_0034,2,-1.51953125
gemma,wp_0034,3,-2.0
gemma,wp_0034,4,-1.9765625
gemma,wp_0035,0,-2.40234375
gemma,wp_0035,1,-2.630859375
gemma,wp_0035,2,-2.330078125
gemma,wp_0035,3,-2.806640625
gemma,wp_0035,4,-2.490234375
gemma,wp_0036,0,-2.302734375
gemma,wp_0036,1,-2.275390625
gemma,wp_0036,2,-2.1015625
gemma,wp_0036,3,-2.115234375
gemma,wp_0036,4,-2.375
gemma,wp_0037,0,-2.1484375
gemma,wp_0037,1,-2.31640625
gemma,wp_0037,2,-2.490234375
gemma,wp_0037,3,-2.4765625
gemma,wp_0037,4,-2.138671875
gemma,wp_0038,0,-2.396484375
gemma,wp_0038,1,-2.498046875
gemma,wp_0038,2,-2.5078125
gemma,wp_0038,3,-2.294921875
gemma,wp_0038,4,-2.498046875
gemma,wp_0039,0,-2.203125
gemma,wp_0039,1,-2.53515625
gemma,wp_0039,2,-2.484375
gemma,wp_0039,3,-1.9970703125
gemma,wp_0039,4,-2.1640625
gemma,wp_0040,0,-2.525390625
gemma,wp_0040,1,-2.677734375
gemma,wp_0040,2,-2.609375
gemma,wp_0040,3,-2.7265625
gemma,wp_0040,4,-2.505859375
gemma,wp_0041,0,-2.0390625
gemma,wp_0041,1,-2.048828125
gemma,wp_0041,2,-2.06640625
gemma,wp_0041,3,-2.25390625
gemma,wp_0041,4,-2.27734375
gemma,wp_0042,0,-2.18359375
gemma,wp_0042,1,-2.353515625
gemma,wp_0042,2,-2.39453125
gemma,wp_0042,3,-2.025390625
gemma,wp_0042,4,-1.9462890625
gemma,wp_0043,0,-2.400390625
gemma,wp_0043,1,-2.59375
gemma,wp_0043,2,-2.689453125
gemma,wp_0043,3,-2.33203125
gemma,wp_0043,4,-2.30078125
gemma,wp_0044,0,-2.23828125
gemma,wp_0044,1,-2.05078125
gemma,wp_0044,2,-2.21484375
gemma,wp_0044,3,-2.19921875
gemma,wp_0044,4,-2.13671875
gemma,wp_0045,0,-2.60546875
gemma,wp_0045,1,-2.44921875
gemma,wp_0045,2,-2.13671875
gemma,wp_0045,3,-2.3125
gemma,wp_0045,4,-2.404296875
gemma,wp_0046,0,-2.478515625
gemma,wp_0046,1,-2.533203125
gemma,wp_0046,2,-2.517578125
gemma,wp_0046,3,-2.44921875
gemma,wp_0046,4,-2.556640625
gemma,wp_0047,0,-1.970703125
gemma,wp_0047,1,-2.505859375
gemma,wp_0047,2,-2.021484375
gemma,wp_0047,3,-1.7392578125
gemma,wp_0047,4,-1.8115234375
gemma,wp_0048,0,-2.453125
gemma,wp_0048,1,-2.748046875
gemma,wp_0048,2,-2.078125
gemma,wp_0048,3,-2.431640625
gemma,wp_0048,4,-2.3671875
gemma,wp_0049,0,-2.4921875
gemma,wp_0049,1,-2.453125
gemma,wp_0049,2,-2.41015625
gemma,wp_0049,3,-2.634765625
gemma,wp_0049,4,-2.232421875
gemma,wp_0050,0,-2.4140625
gemma,wp_0050,1,-2.48828125
gemma,wp_0050,2,-2.572265625
gemma,wp_0050,3,-2.62109375
gemma,wp_0050,4,-2.5078125
gemma,wp_0051,0,-2.306640625
gemma,wp_0051,1,-2.5078125
gemma,wp_0051,2,-2.40234375
gemma,wp_0051,3,-2.416015625
gemma,wp_0051,4,-2.69140625
gemma,wp_0052,0,-2.134765625
gemma,wp_0052,1,-2.375
gemma,wp_0052,2,-2.494140625
gemma,wp_0052,3,-2.95703125
gemma,wp_0052,4,-2.333984375
gemma,wp_0053,0,-2.267578125
gemma,wp_0053,1,-2.3515625
gemma,wp_0053,2,-2.517578125
gemma,wp_0053,3,-2.478515625
gemma,wp_0053,4,-2.25390625
gemma,wp_0054,0,-2.73828125
gemma,wp_0054,1,-2.849609375
gemma,wp_0054,2,-2.57421875
gemma,wp_0054,3,-2.72265625
gemma,wp_0054,4,-2.271484375
gemma,wp_0055,0,-2.234375
gemma,wp_0055,1,-2.412109375
gemma,wp_0055,2,-2.373046875
gemma,wp_0055,3,-2.423828125
gemma,wp_0055,4,-2.404296875
gemma,wp_0056,0,-2.357421875
gemma,wp_0056,1,-2.193359375
gemma,wp_0056,2,-2.28515625
gemma,wp_0056,3,-2.3828125
gemma,wp_0056,4,-2.775390625
gemma,wp_0057,0,-2.564453125
gemma,wp_0057,1,-2.427734375
gemma,wp_0057,2,-2.251953125
gemma,wp_0057,3,-2.33984375
gemma,wp_0057,4,-2.423828125
gemma,wp_0058,0,-2.498046875
gemma,wp_0058,1,-2.708984375
gemma,wp_0058,2,-2.552734375
gemma,wp_0058,3,-2.62890625
gemma,wp_0058,4,-2.60546875
gemma,wp_0059,0,-2.60546875
gemma,wp_0059,1,-2.359375
gemma,wp_0059,2,-2.708984375
gemma,wp_0059,3,-2.537109375
gemma,wp_0059,4,-2.751953125
gemma,wp_0060,0,-2.716796875
gemma,wp_0060,1,-2.2265625
gemma,wp_0060,2,-2.41796875
gemma,wp_0060,3,-2.498046875
gemma,wp_0060,4,-2.23828125
gemma,wp_0061,0,-2.521484375
gemma,wp_0061,1,-2.462890625
gemma,wp_0061,2,-2.546875
gemma,wp_0061,3,-2.3984375
gemma,wp_0061,4,-2.626953125
gemma,wp_0062,0,-1.861328125
gemma,wp_0062,1,-2.0390625
gemma,wp_0062,2,-1.9462890625
gemma,wp_0062,3,-2.298828125
gemma,wp_0062,4,-2.03515625
gemma,wp_0063,0,-2.62109375
gemma,wp_0063,1,-2.26171875
gemma,wp_0063,2,-2.390625
gemma,wp_0063,3,-2.53515625
gemma,wp_0063,4,-2.515625
gemma,wp_0064,0,-2.40234375
gemma,wp_0064,1,-2.61328125
gemma,wp_0064,2,-2.4609375
gemma,wp_0064,3,-2.306640625
gemma,wp_0064,4,-2.458984375
gemma,wp_0065,0,-2.638671875
gemma,wp_0065,1,-2.9453125
gemma,wp_0065,2,-2.76171875
gemma,wp_0065,3,-2.724609375
gemma,wp_0065,4,-2.68359375
gemma,wp_0066,0,-2.509765625
gemma,wp_0066,1,-2.404296875
gemma,wp_0066,2,-2.494140625
gemma,wp_0066,3,-2.556640625
gemma,wp_0066,4,-2.28125
gemma,wp_0067,0,-2.080078125
gemma,wp_0067,1,-2.15234375
gemma,wp_0067,2,-2.302734375
gemma,wp_0067,3,-2.232421875
gemma,wp_0067,4,-2.029296875
gemma,wp_0068,0,-2.3671875
gemma,wp_0068,1,-2.59765625
gemma,wp_0068,2,-2.640625
gemma,wp_0068,3,-2.76953125
gemma,wp_0068,4,-2.576171875
gemma,wp_0069,0,-2.59375
gemma,wp_0069,1,-2.48046875
gemma,wp_0069,2,-2.44140625
gemma,wp_0069,3,-2.771484375
gemma,wp_0069,4,-2.658203125
gemma,wp_0070,0,-2.427734375
gemma,wp_0070,1,-2.693359375
gemma,wp_0070,2,-2.646484375
gemma,wp_0070,3,-2.623046875
gemma,wp_0070,4,-2.783203125
gemma,wp_0071,0,-2.216796875
gemma,wp_0071,1,-2.302734375
gemma,wp_0071,2,-2.50390625
gemma,wp_0071,3,-2.146484375
gemma,wp_0071,4,-2.052734375
gemma,wp_0072,0,-2.490234375
gemma,wp_0072,1,-2.427734375
gemma,wp_0072,2,-2.779296875
gemma,wp_0072,3,-2.626953125
gemma,wp_0072,4,-2.5390625
gemma,wp_0073,0,-2.26171875
gemma,wp_0073,1,-2.19921875
gemma,wp_0073,2,-2.146484375
gemma,wp_0073,3,-2.171875
gemma,wp_0073,4,-2.193359375
gemma,wp_0074,0,-2.158203125
gemma,wp_0074,1,-2.447265625
gemma,wp_0074,2,-2.44921875
gemma,wp_0074,3,-2.287109375
gemma,wp_0074,4,-2.201171875
gemma,wp_0075,0,-2.619140625
gemma,wp_0075,1,-2.669921875
gemma,wp_0075,2,-2.642578125
gemma,wp_0075,3,-2.69921875
gemma,wp_0075,4,-2.880859375
gemma,wp_0076,0,-2.244140625
gemma,wp_0076,1,-1.9091796875
gemma,wp_0076,2,-1.9140625
gemma,wp_0076,3,-1.9599609375
gemma,wp_0076,4,-1.951171875
gemma,wp_0077,0,-2.029296875
gemma,wp_0077,1,-2.3984375
gemma,wp_0077,2,-2.23828125
gemma,wp_0077,3,-2.138671875
gemma,wp_0077,4,-2.5390625
gemma,wp_0078,0,-2.408203125
gemma,wp_0078,1,-1.9462890625
gemma,wp_0078,2,-2.150390625
gemma,wp_0078,3,-2.3515625
gemma,wp_0078,4,-2.1875
gemma,wp_0079,0,-2.154296875
gemma,wp_0079,1,-2.529296875
gemma,wp_0079,2,-2.48828125
gemma,wp_0079,3,-2.25390625
gemma,wp_0079,4,-2.470703125
gemma,wp_0080,0,-2.2890625
gemma,wp_0080,1,-2.57421875
gemma,wp_0080,2,-2.45703125
gemma,wp_0080,3,-2.591796875
gemma,wp_0080,4,-2.876953125
gemma,wp_0081,0,-2.591796875
gemma,wp_0081,1,-2.15234375
gemma,wp_0081,2,-2.1328125
gemma,wp_0081,3,-2.609375
gemma,wp_0081,4,-2.35546875
gemma,wp_0082,0,-2.451171875
gemma,wp_0082,1,-2.140625
gemma,wp_0082,2,-2.3359375
gemma,wp_0082,3,-2.427734375
gemma,wp_0082,4,-2.431640625
gemma,wp_0083,0,-2.677734375
gemma,wp_0083,1,-2.396484375
gemma,wp_0083,2,-2.166015625
gemma,wp_0083,3,-2.236328125
gemma,wp_0083,4,-2.265625
gemma,wp_0084,0,-2.3046875
gemma,wp_0084,1,-2.04296875
gemma,wp_0084,2,-2.287109375
gemma,wp_0084,3,-2.208984375
gemma,wp_0084,4,-2.458984375
gemma,wp_0085,0,-2.0
gemma,wp_0085,1,-2.240234375
gemma,wp_0085,2,-2.130859375
gemma,wp_0085,3,-1.9541015625
gemma,wp_0085,4,-2.267578125
gemma,wp_0086,0,-2.50390625
gemma,wp_0086,1,-2.322265625
gemma,wp_0086,2,-2.3828125
gemma,wp_0086,3,-2.51171875
gemma,wp_0086,4,-2.47265625
gemma,wp_0087,0,-2.455078125
gemma,wp_0087,1,-2.369140625
gemma,wp_0087,2,-2.4140625
gemma,wp_0087,3,-2.056640625
gemma,wp_0087,4,-2.48046875
gemma,wp_0088,0,-2.50390625
gemma,wp_0088,1,-2.513671875
gemma,wp_0088,2,-2.5703125
gemma,wp_0088,3,-2.8125
gemma,wp_0088,4,-2.357421875
gemma,wp_0089,0,-2.783203125
gemma,wp_0089,1,-2.482421875
gemma,wp_0089,2,-2.58203125
gemma,wp_0089,3,-2.59765625
gemma,wp_0089,4,-2.521484375
gemma,wp_0090,0,-2.64453125
gemma,wp_0090,1,-2.580078125
gemma,wp_0090,2,-2.61328125
gemma,wp_0090,3,-2.828125
gemma,wp_0090,4,-2.94921875
gemma,wp_0091,0,-2.697265625
gemma,wp_0091,1,-2.30859375
gemma,wp_0091,2,-2.78515625
gemma,wp_0091,3,-2.763671875
gemma,wp_0091,4,-2.74609375
gemma,wp_0092,0,-1.8681640625
gemma,wp_0092,1,-1.9931640625
gemma,wp_0092,2,-1.998046875
gemma,wp_0092,3,-2.013671875
gemma,wp_0092,4,-1.8828125
gemma,wp_0093,0,-3.109375
gemma,wp_0093,1,-2.78515625
gemma,wp_0093,2,-2.7421875
gemma,wp_0093,3,-2.71484375
gemma,wp_0093,4,-2.220703125
gemma,wp_0094,0,-2.6796875
gemma,wp_0094,1,-2.294921875
gemma,wp_0094,2,-2.69921875
gemma,wp_0094,3,-2.47265625
gemma,wp_0094,4,-2.6640625
gemma,wp_0095,0,-2.451171875
gemma,wp_0095,1,-2.3203125
gemma,wp_0095,2,-2.47265625
gemma,wp_0095,3,-3.025390625
gemma,wp_0095,4,-2.310546875
gemma,wp_0096,0,-2.47265625
gemma,wp_0096,1,-2.435546875
gemma,wp_0096,2,-2.373046875
gemma,wp_0096,3,-2.771484375
gemma,wp_0096,4,-2.310546875
gemma,wp_0097,0,-2.365234375
gemma,wp_0097,1,-2.759765625
gemma,wp_0097,2,-2.931640625
gemma,wp_0097,3,-2.59765625
gemma,wp_0097,4,-2.748046875
gemma,wp_0098,0,-2.69140625
gemma,wp_0098,1,-2.208984375
gemma,wp_0098,2,-1.9833984375
gemma,wp_0098,3,-2.30859375
gemma,wp_0098,4,-2.189453125
gemma,wp_0099,0,-2.357421875
gemma,wp_0099,1,-2.4140625
gemma,wp_0099,2,-2.3125
gemma,wp_0099,3,-2.310546875
gemma,wp_0099,4,-2.291015625
gemma,wp_0100,0,-2.876953125
gemma,wp_0100,1,-2.66796875
gemma,wp_0100,2,-2.853515625
gemma,wp_0100,3,-2.830078125
gemma,wp_0100,4,-2.8046875
gemma,wp_0101,0,-2.26953125
gemma,wp_0101,1,-2.341796875
gemma,wp_0101,2,-2.287109375
gemma,wp_0101,3,-2.736328125
gemma,wp_0101,4,-2.515625
gemma,wp_0102,0,-2.49609375
gemma,wp_0102,1,-2.173828125
gemma,wp_0102,2,-2.71875
gemma,wp_0102,3,-2.58984375
gemma,wp_0102,4,-2.5625
gemma,wp_0103,0,-2.642578125
gemma,wp_0103,1,-2.859375
gemma,wp_0103,2,-2.044921875
gemma,wp_0103,3,-2.09765625
gemma,wp_0103,4,-2.716796875
gemma,wp_0104,0,-2.556640625
gemma,wp_0104,1,-2.509765625
gemma,wp_0104,2,-2.20703125
gemma,wp_0104,3,-2.34375
gemma,wp_0104,4,-2.4296875
gemma,wp_0105,0,-2.412109375
gemma,wp_0105,1,-2.560546875
gemma,wp_0105,2,-2.345703125
gemma,wp_0105,3,-2.779296875
gemma,wp_0105,4,-2.326171875
gemma,wp_0106,0,-2.3984375
gemma,wp_0106,1,-2.279296875
gemma,wp_0106,2,-2.18359375
gemma,wp_0106,3,-2.3359375
gemma,wp_0106,4,-2.46484375
gemma,wp_0107,0,-2.40234375
gemma,wp_0107,1,-2.484375
gemma,wp_0107,2,-2.34375
gemma,wp_0107,3,-2.486328125
gemma,wp_0107,4,-2.5625
gemma,wp_0108,0,-2.263671875
gemma,wp_0108,1,-2.833984375
gemma,wp_0108,2,-2.60546875
gemma,wp_0108,3,-2.486328125
gemma,wp_0108,4,-2.447265625
gemma,wp_0109,0,-1.81640625
gemma,wp_0109,1,-2.025390625
gemma,wp_0109,2,-2.462890625
gemma,wp_0109,3,-2.34765625
gemma,wp_0109,4,-2.130859375
gemma,wp_0110,0,-2.287109375
gemma,wp_0110,1,-2.224609375
gemma,wp_0110,2,-2.087890625
gemma,wp_0110,3,-2.505859375
gemma,wp_0110,4,-2.5390625
gemma,wp_0111,0,-2.40234375
gemma,wp_0111,1,-2.48828125
gemma,wp_0111,2,-2.45703125
gemma,wp_0111,3,-2.45703125
gemma,wp_0111,4,-2.599609375
gemma,wp_0112,0,-2.392578125
gemma,wp_0112,1,-2.318359375
gemma,wp_0112,2,-2.51171875
gemma,wp_0112,3,-2.705078125
gemma,wp_0112,4,-2.4765625
gemma,wp_0113,0,-2.494140625
gemma,wp_0113,1,-2.34765625
gemma,wp_0113,2,-2.357421875
gemma,wp_0113,3,-2.458984375
gemma,wp_0113,4,-2.58984375
gemma,wp_0114,0,-2.41796875
gemma,wp_0114,1,-2.615234375
gemma,wp_0114,2,-2.615234375
gemma,wp_0114,3,-2.666015625
gemma,wp_0114,4,-2.375
gemma,wp_0115,0,-2.08984375
gemma,wp_0115,1,-2.11328125
gemma,wp_0115,2,-2.484375
gemma,wp_0115,3,-2.390625
gemma,wp_0115,4,-2.42578125
gemma,wp_0116,0,-2.466796875
gemma,wp_0116,1,-2.720703125
gemma,wp_0116,2,-2.421875
gemma,wp_0116,3,-2.615234375
gemma,wp_0116,4,-2.58203125
gemma,wp_0117,0,-2.708984375
gemma,wp_0117,1,-2.6015625
gemma,wp_0117,2,-2.70703125
gemma,wp_0117,3,-2.44140625
gemma,wp_0117,4,-2.658203125
gemma,wp_0118,0,-2.22265625
gemma,wp_0118,1,-2.45703125
gemma,wp_0118,2,-2.533203125
gemma,wp_0118,3,-2.572265625
gemma,wp_0118,4,-2.599609375
gemma,wp_0119,0,-2.546875
gemma,wp_0119,1,-2.505859375
gemma,wp_0119,2,-2.455078125
gemma,wp_0119,3,-2.80859375
gemma,wp_0119,4,-2.392578125
gemma,wp_0120,0,-2.3671875
gemma,wp_0120,1,-2.669921875
gemma,wp_0120,2,-2.369140625
gemma,wp_0120,3,-2.576171875
gemma,wp_0120,4,-2.3828125
gemma,wp_0121,0,-2.427734375
gemma,wp_0121,1,-2.3984375
gemma,wp_0121,2,-2.2109375
gemma,wp_0121,3,-2.390625
gemma,wp_0121,4,-2.20703125
gemma,wp_0122,0,-2.560546875
gemma,wp_0122,1,-2.38671875
gemma,wp_0122,2,-2.3515625
gemma,wp_0122,3,-2.771484375
gemma,wp_0122,4,-2.302734375
gemma,wp_0123,0,-2.59765625
gemma,wp_0123,1,-2.6171875
gemma,wp_0123,2,-2.392578125
gemma,wp_0123,3,-2.552734375
gemma,wp_0123,4,-2.451171875
gemma,wp_0124,0,-2.662109375
gemma,wp_0124,1,-2.15234375
gemma,wp_0124,2,-2.28515625
gemma,wp_0124,3,-2.58984375
gemma,wp_0124,4,-2.677734375
gemma,wp_0125,0,-2.33984375
gemma,wp_0125,1,-2.41015625
gemma,wp_0125,2,-2.287109375
gemma,wp_0125,3,-2.498046875
gemma,wp_0125,4,-2.373046875
gemma,wp_0126,0,-2.18359375
gemma,wp_0126,1,-1.8466796875
gemma,wp_0126,2,-2.30078125
gemma,wp_0126,3,-2.138671875
gemma,wp_0126,4,-2.203125
gemma,wp_0127,0,-2.31640625
gemma,wp_0127,1,-2.462890625
gemma,wp_0127,2,-2.529296875
gemma,wp_0127,3,-2.43359375
gemma,wp_0127,4,-2.40625
gemma,wp_0128,0,-2.296875
gemma,wp_0128,1,-2.3046875
gemma,wp_0128,2,-2.365234375
gemma,wp_0128,3,-2.109375
gemma,wp_0128,4,-2.0859375
gemma,wp_0129,0,-2.396484375
gemma,wp_0129,1,-2.400390625
gemma,wp_0129,2,-2.611328125
gemma,wp_0129,3,-2.6015625
gemma,wp_0129,4,-2.705078125
gemma,wp_0130,0,-2.494140625
gemma,wp_0130,1,-2.3671875
gemma,wp_0130,2,-2.361328125
gemma,wp_0130,3,-2.380859375
gemma,wp_0130,4,-2.37890625
gemma,wp_0131,0,-2.267578125
gemma,wp_0131,1,-2.609375
gemma,wp_0131,2,-2.4375
gemma,wp_0131,3,-2.4765625
gemma,wp_0131,4,-2.412109375
gemma,wp_0132,0,-2.34375
gemma,wp_0132,1,-2.279296875
gemma,wp_0132,2,-2.359375
gemma,wp_0132,3,-2.458984375
gemma,wp_0132,4,-2.80078125
gemma,wp_0133,0,-2.541015625
gemma,wp_0133,1,-2.419921875
gemma,wp_0133,2,-2.09375
gemma,wp_0133,3,-2.185546875
gemma,wp_0133,4,-2.37109375
gemma,wp_0134,0,-2.67578125
gemma,wp_0134,1,-2.318359375
gemma,wp_0134,2,-2.669921875
gemma,wp_0134,3,-2.623046875
gemma,wp_0134,4,-2.595703125
gemma,wp_0135,0,-2.583984375
gemma,wp_0135,1,-2.5546875
gemma,wp_0135,2,-2.572265625
gemma,wp_0135,3,-2.361328125
gemma,wp_0135,4,-2.080078125
gemma,wp_0136,0,-2.541015625
gemma,wp_0136,1,-2.517578125
gemma,wp_0136,2,-2.625
gemma,wp_0136,3,-2.279296875
gemma,wp_0136,4,-2.48828125
gemma,wp_0137,0,-2.341796875
gemma,wp_0137,1,-2.302734375
gemma,wp_0137,2,-2.400390625
gemma,wp_0137,3,-2.197265625
gemma,wp_0137,4,-2.275390625
gemma,wp_0138,0,-2.650390625
gemma,wp_0138,1,-2.197265625
gemma,wp_0138,2,-2.4140625
gemma,wp_0138,3,-2.3359375
gemma,wp_0138,4,-1.9658203125
gemma,wp_0139,0,-2.533203125
gemma,wp_0139,1,-2.884765625
gemma,wp_0139,2,-2.794921875
gemma,wp_0139,3,-2.556640625
gemma,wp_0139,4,-2.517578125
gemma,wp_0140,0,-2.232421875
gemma,wp_0140,1,-2.251953125
gemma,wp_0140,2,-2.19921875
gemma,wp_0140,3,-2.48046875
gemma,wp_0140,4,-2.720703125
gemma,wp_0141,0,-2.546875
gemma,wp_0141,1,-2.640625
gemma,wp_0141,2,-2.51953125
gemma,wp_0141,3,-2.951171875
gemma,wp_0141,4,-2.712890625
gemma,wp_0142,0,-2.6875
gemma,wp_0142,1,-2.640625
gemma,wp_0142,2,-2.646484375
gemma,wp_0142,3,-2.33203125
gemma,wp_0142,4,-2.744140625
gemma,wp_0143,0,-2.36328125
gemma,wp_0143,1,-2.392578125
gemma,wp_0143,2,-2.056640625
gemma,wp_0143,3,-2.28515625
gemma,wp_0143,4,-2.24609375
gemma,wp_0144,0,-2.859375
gemma,wp_0144,1,-2.857421875
gemma,wp_0144,2,-2.78515625
gemma,wp_0144,3,-2.2421875
gemma,wp_0144,4,-2.283203125
gemma,wp_0145,0,-2.673828125
gemma,wp_0145,1,-2.677734375
gemma,wp_0145,2,-2.251953125
gemma,wp_0145,3,-2.232421875
gemma,wp_0145,4,-2.486328125
gemma,wp_0146,0,-2.615234375
gemma,wp_0146,1,-2.603515625
gemma,wp_0146,2,-2.568359375
gemma,wp_0146,3,-2.58984375
gemma,wp_0146,4,-2.51953125
gemma,wp_0147,0,-2.71875
gemma,wp_0147,1,-2.4609375
gemma,wp_0147,2,-2.619140625
gemma,wp_0147,3,-2.70703125
gemma,wp_0147,4,-2.6796875
gemma,wp_0148,0,-2.322265625
gemma,wp_0148,1,-2.466796875
gemma,wp_0148,2,-2.408203125
gemma,wp_0148,3,-2.50390625
gemma,wp_0148,4,-2.40625
gemma,wp_0149,0,-2.404296875
gemma,wp_0149,1,-2.25
gemma,wp_0149,2,-2.349609375
gemma,wp_0149,3,-2.369140625
gemma,wp_0149,4,-2.431640625
gemma,wp_0150,0,-2.482421875
gemma,wp_0150,1,-2.330078125
gemma,wp_0150,2,-2.45703125
gemma,wp_0150,3,-2.421875
gemma,wp_0150,4,-2.623046875
gemma,wp_0151,0,-2.216796875
gemma,wp_0151,1,-2.416015625
gemma,wp_0151,2,-2.4140625
gemma,wp_0151,3,-2.244140625
gemma,wp_0151,4,-2.66015625
gemma,wp_0152,0,-2.70703125
gemma,wp_0152,1,-2.43359375
gemma,wp_0152,2,-2.71875
gemma,wp_0152,3,-2.43359375
gemma,wp_0152,4,-2.48046875
gemma,wp_0153,0,-2.12109375
gemma,wp_0153,1,-2.0390625
gemma,wp_0153,2,-2.294921875
gemma,wp_0153,3,-2.626953125
gemma,wp_0153,4,-2.236328125
gemma,wp_0154,0,-2.28125
gemma,wp_0154,1,-2.423828125
gemma,wp_0154,2,-2.75
gemma,wp_0154,3,-2.572265625
gemma,wp_0154,4,-2.396484375
gemma,wp_0155,0,-2.638671875
gemma,wp_0155,1,-2.486328125
gemma,wp_0155,2,-2.75390625
gemma,wp_0155,3,-2.751953125
gemma,wp_0155,4,-2.57421875
gemma,wp_0156,0,-2.212890625
gemma,wp_0156,1,-1.998046875
gemma,wp_0156,2,-2.30078125
gemma,wp_0156,3,-2.201171875
gemma,wp_0156,4,-2.333984375
gemma,wp_0157,0,-2.103515625
gemma,wp_0157,1,-2.27734375
gemma,wp_0157,2,-2.341796875
gemma,wp_0157,3,-1.927734375
gemma,wp_0157,4,-2.166015625
gemma,wp_0158,0,-2.84375
gemma,wp_0158,1,-2.85546875
gemma,wp_0158,2,-2.763671875
gemma,wp_0158,3,-2.787109375
gemma,wp_0158,4,-2.662109375
gemma,wp_0159,0,-2.505859375
gemma,wp_0159,1,-2.4921875
gemma,wp_0159,2,-2.81640625
gemma,wp_0159,3,-1.7412109375
gemma,wp_0159,4,-2.29296875
gemma,wp_0160,0,-2.419921875
gemma,wp_0160,1,-2.271484375
gemma,wp_0160,2,-2.513671875
gemma,wp_0160,3,-2.6328125
gemma,wp_0160,4,-2.892578125
gemma,wp_0161,0,-2.630859375
gemma,wp_0161,1,-2.43359375
gemma,wp_0161,2,-2.470703125
gemma,wp_0161,3,-2.685546875
gemma,wp_0161,4,-2.5
gemma,wp_0162,0,-2.345703125
gemma,wp_0162,1,-2.515625
gemma,wp_0162,2,-2.3125
gemma,wp_0162,3,-2.498046875
gemma,wp_0162,4,-2.552734375
gemma,wp_0163,0,-2.37109375
gemma,wp_0163,1,-2.482421875
gemma,wp_0163,2,-2.66796875
gemma,wp_0163,3,-2.169921875
gemma,wp_0163,4,-2.794921875
gemma,wp_0164,0,-2.693359375
gemma,wp_0164,1,-2.365234375
gemma,wp_0164,2,-2.544921875
gemma,wp_0164,3,-2.62890625
gemma,wp_0164,4,-2.42578125
gemma,wp_0165,0,-2.765625
gemma,wp_0165,1,-2.427734375
gemma,wp_0165,2,-2.45703125
gemma,wp_0165,3,-2.4375
gemma,wp_0165,4,-2.875
gemma,wp_0166,0,-2.240234375
gemma,wp_0166,1,-2.2109375
gemma,wp_0166,2,-2.31640625
gemma,wp_0166,3,-2.28125
gemma,wp_0166,4,-2.419921875
gemma,wp_0167,0,-2.4765625
gemma,wp_0167,1,-2.91015625
gemma,wp_0167,2,-2.5859375
gemma,wp_0167,3,-2.900390625
gemma,wp_0167,4,-2.8125
gemma,wp_0168,0,-2.548828125
gemma,wp_0168,1,-2.4375
gemma,wp_0168,2,-2.25390625
gemma,wp_0168,3,-2.515625
gemma,wp_0168,4,-2.435546875
gemma,wp_0169,0,-2.724609375
gemma,wp_0169,1,-2.552734375
gemma,wp_0169,2,-2.244140625
gemma,wp_0169,3,-2.546875
gemma,wp_0169,4,-2.392578125
gemma,wp_0170,0,-2.509765625
gemma,wp_0170,1,-3.115234375
gemma,wp_0170,2,-2.751953125
gemma,wp_0170,3,-2.58984375
gemma,wp_0170,4,-2.548828125
gemma,wp_0171,0,-2.728515625
gemma,wp_0171,1,-2.552734375
gemma,wp_0171,2,-2.96875
gemma,wp_0171,3,-2.84375
gemma,wp_0171,4,-2.921875
gemma,wp_0172,0,-2.54296875
gemma,wp_0172,1,-2.478515625
gemma,wp_0172,2,-2.57421875
gemma,wp_0172,3,-2.49609375
gemma,wp_0172,4,-2.603515625
gemma,wp_0173,0,-2.111328125
gemma,wp_0173,1,-2.15234375
gemma,wp_0173,2,-2.224609375
gemma,wp_0173,3,-2.22265625
gemma,wp_0173,4,-2.37109375
gemma,wp_0174,0,-2.013671875
gemma,wp_0174,1,-2.123046875
gemma,wp_0174,2,-2.24609375
gemma,wp_0174,3,-2.072265625
gemma,wp_0174,4,-1.904296875
gemma,wp_0175,0,-2.576171875
gemma,wp_0175,1,-3.0546875
gemma,wp_0175,2,-2.78125
gemma,wp_0175,3,-2.51171875
gemma,wp_0175,4,-2.416015625
gemma,wp_0176,0,-2.470703125
gemma,wp_0176,1,-2.65234375
gemma,wp_0176,2,-2.427734375
gemma,wp_0176,3,-2.34375
gemma,wp_0176,4,-2.044921875
gemma,wp_0177,0,-2.486328125
gemma,wp_0177,1,-2.65625
gemma,wp_0177,2,-2.482421875
gemma,wp_0177,3,-2.55859375
gemma,wp_0177,4,-2.529296875
gemma,wp_0178,0,-2.49609375
gemma,wp_0178,1,-2.205078125
gemma,wp_0178,2,-2.435546875
gemma,wp_0178,3,-2.134765625
gemma,wp_0178,4,-2.404296875
gemma,wp_0179,0,-2.7578125
gemma,wp_0179,1,-2.986328125
gemma,wp_0179,2,-2.880859375
gemma,wp_0179,3,-2.6328125
gemma,wp_0179,4,-2.646484375
gemma,wp_0180,0,-2.796875
gemma,wp_0180,1,-2.5703125
gemma,wp_0180,2,-2.646484375
gemma,wp_0180,3,-2.638671875
gemma,wp_0180,4,-2.67578125
gemma,wp_0181,0,-2.59375
gemma,wp_0181,1,-2.576171875
gemma,wp_0181,2,-3.001953125
gemma,wp_0181,3,-2.8828125
gemma,wp_0181,4,-2.3984375
gemma,wp_0182,0,-2.55859375
gemma,wp_0182,1,-2.857421875
gemma,wp_0182,2,-2.44140625
gemma,wp_0182,3,-2.97265625
gemma,wp_0182,4,-2.66796875
gemma,wp_0183,0,-1.955078125
gemma,wp_0183,1,-2.455078125
gemma,wp_0183,2,-2.51171875
gemma,wp_0183,3,-1.8642578125
gemma,wp_0183,4,-2.296875
gemma,wp_0184,0,-2.21875
gemma,wp_0184,1,-2.197265625
gemma,wp_0184,2,-2.298828125
gemma,wp_0184,3,-2.109375
gemma,wp_0184,4,-2.498046875
gemma,wp_0185,0,-2.33984375
gemma,wp_0185,1,-2.6015625
gemma,wp_0185,2,-2.55078125
gemma,wp_0185,3,-2.74609375
gemma,wp_0185,4,-2.666015625
gemma,wp_0186,0,-2.033203125
gemma,wp_0186,1,-2.466796875
gemma,wp_0186,2,-2.47265625
gemma,wp_0186,3,-2.375
gemma,wp_0186,4,-2.416015625
gemma,wp_0187,0,-2.70703125
gemma,wp_0187,1,-2.275390625
gemma,wp_0187,2,-2.267578125
gemma,wp_0187,3,-2.41796875
gemma,wp_0187,4,-2.478515625
gemma,wp_0188,0,-2.65625
gemma,wp_0188,1,-2.30078125
gemma,wp_0188,2,-2.62890625
gemma,wp_0188,3,-2.7109375
gemma,wp_0188,4,-2.900390625
gemma,wp_0189,0,-2.609375
gemma,wp_0189,1,-2.1171875
gemma,wp_0189,2,-2.466796875
gemma,wp_0189,3,-2.212890625
gemma,wp_0189,4,-2.162109375
gemma,wp_0190,0,-2.376953125
gemma,wp_0190,1,-2.373046875
gemma,wp_0190,2,-2.453125
gemma,wp_0190,3,-2.48046875
gemma,wp_0190,4,-2.7421875
gemma,wp_0191,0,-2.755859375
gemma,wp_0191,1,-2.31640625
gemma,wp_0191,2,-2.607421875
gemma,wp_0191,3,-2.529296875
gemma,wp_0191,4,-2.626953125
gemma,wp_0192,0,-2.189453125
gemma,wp_0192,1,-2.4296875
gemma,wp_0192,2,-2.5234375
gemma,wp_0192,3,-2.46484375
gemma,wp_0192,4,-2.3359375
gemma,wp_0193,0,-2.48046875
gemma,wp_0193,1,-2.609375
gemma,wp_0193,2,-2.173828125
gemma,wp_0193,3,-2.23046875
gemma,wp_0193,4,-2.541015625
gemma,wp_0194,0,-0.7470703125
gemma,wp_0194,1,-0.76318359375
gemma,wp_0194,2,-0.73876953125
gemma,wp_0194,3,-0.765625
gemma,wp_0194,4,-1.0537109375
gemma,wp_0195,0,-2.38671875
gemma,wp_0195,1,-2.28515625
gemma,wp_0195,2,-2.4921875
gemma,wp_0195,3,-2.296875
gemma,wp_0195,4,-2.49609375
gemma,wp_0196,0,-2.8671875
gemma,wp_0196,1,-2.4609375
gemma,wp_0196,2,-2.759765625
gemma,wp_0196,3,-2.599609375
gemma,wp_0196,4,-2.841796875
gemma,wp_0197,0,-2.380859375
gemma,wp_0197,1,-2.62890625
gemma,wp_0197,2,-2.8828125
gemma,wp_0197,3,-2.814453125
gemma,wp_0197,4,-2.421875
gemma,wp_0198,0,-2.470703125
gemma,wp_0198,1,-2.47265625
gemma,wp_0198,2,-2.580078125
gemma,wp_0198,3,-2.482421875
gemma,wp_0198,4,-2.4765625
gemma,wp_0199,0,-2.541015625
gemma,wp_0199,1,-2.4765625
gemma,wp_0199,2,-2.666015625
gemma,wp_0199,3,-2.43359375
gemma,wp_0199,4,-2.849609375
llama,wp_0000,0,-2.033203125
llama,wp_0000,1,-2.412109375
llama,wp_0000,2,-2.09375
llama,wp_0000,3,-2.24609375
llama,wp_0000,4,-2.265625
llama,wp_0001,0,-2.091796875
llama,wp_0001,1,-2.0625
llama,wp_0001,2,-1.90625
llama,wp_0001,3,-2.16015625
llama,wp_0001,4,-1.9921875
llama,wp_0002,0,-1.9306640625
llama,wp_0002,1,-2.0625
llama,wp_0002,2,-2.26953125
llama,wp_0002,3,-1.9736328125
llama,wp_0002,4,-2.42578125
llama,wp_0003,0,-1.71875
llama,wp_0003,1,-1.8359375
llama,wp_0003,2,-1.8232421875
llama,wp_0003,3,-1.935546875
llama,wp_0003,4,-1.921875
llama,wp_0004,0,-1.8662109375
llama,wp_0004,1,-2.029296875
llama,wp_0004,2,-1.83203125
llama,wp_0004,3,-1.9541015625
llama,wp_0004,4,-1.876953125
llama,wp_0005,0,-1.77734375
llama,wp_0005,1,-1.716796875
llama,wp_0005,2,-1.6865234375
llama,wp_0005,3,-1.9013671875
llama,wp_0005,4,-1.8759765625
llama,wp_0006,0,-2.322265625
llama,wp_0006,1,-2.4375
llama,wp_0006,2,-2.275390625
llama,wp_0006,3,-2.04296875
llama,wp_0006,4,-2.412109375
llama,wp_0007,0,-2.326171875
llama,wp_0007,1,-2.4609375
llama,wp_0007,2,-2.59765625
llama,wp_0007,3,-2.240234375
llama,wp_0007,4,-2.25
llama,wp_0008,0,-1.8984375
llama,wp_0008,1,-2.6171875
llama,wp_0008,2,-2.0390625
llama,wp_0008,3,-2.041015625
llama,wp_0008,4,-2.544921875
llama,wp_0009,0,-1.966796875
llama,wp_0009,1,-2.60546875
llama,wp_0009,2,-2.40234375
llama,wp_0009,3,-2.150390625
llama,wp_0009,4,-1.962890625
llama,wp_0010,0,-1.806640625
llama,wp_0010,1,-1.65625
llama,wp_0010,2,-1.8916015625
llama,wp_0010,3,-1.7470703125
llama,wp_0010,4,-1.623046875
llama,wp_0011,0,-2.166015625
llama,wp_0011,1,-1.9677734375
llama,wp_0011,2,-2.3125
llama,wp_0011,3,-2.3203125
llama,wp_0011,4,-2.376953125
llama,wp_0012,0,-2.125
llama,wp_0012,1,-2.2578125
llama,wp_0012,2,-2.390625
llama,wp_0012,3,-2.119140625
llama,wp_0012,4,-2.189453125
llama,wp_0013,0,-2.529296875
llama,wp_0013,1,-2.65625
llama,wp_0013,2,-2.666015625
llama,wp_0013,3,-2.572265625
llama,wp_0013,4,-3.328125
llama,wp_0014,0,-2.494140625
llama,wp_0014,1,-2.087890625
llama,wp_0014,2,-2.515625
llama,wp_0014,3,-2.134765625
llama,wp_0014,4,-2.310546875
llama,wp_0015,0,-1.9912109375
llama,wp_0015,1,-1.9658203125
llama,wp_0015,2,-2.033203125
llama,wp_0015,3,-2.00390625
llama,wp_0015,4,-2.251953125
llama,wp_0016,0,-2.232421875
llama,wp_0016,1,-1.9873046875
llama,wp_0016,2,-2.189453125
llama,wp_0016,3,-2.1640625
llama,wp_0016,4,-2.75390625
llama,wp_0017,0,-3.2265625
llama,wp_0017,1,-3.345703125
llama,wp_0017,2,-3.529296875
llama,wp_0017,3,-3.587890625
llama,wp_0017,4,-1.7548828125
llama,wp_0018,0,-1.599609375
llama,wp_0018,1,-1.6611328125
llama,wp_0018,2,-1.7216796875
llama,wp_0018,3,-1.962890625
llama,wp_0018,4,-1.7802734375
llama,wp_0019,0,-2.1484375
llama,wp_0019,1,-2.47265625
llama,wp_0019,2,-2.37890625
llama,wp_0019,3,-2.048828125
llama,wp_0019,4,-2.3671875
llama,wp_0020,0,-1.8974609375
llama,wp_0020,1,-1.640625
llama,wp_0020,2,-2.263671875
llama,wp_0020,3,-2.177734375
llama,wp_0020,4,-1.845703125
llama,wp_0021,0,-2.009765625
llama,wp_0021,1,-2.25390625
llama,wp_0021,2,-2.00390625
llama,wp_0021,3,-1.880859375
llama,wp_0021,4,-1.892578125
llama,wp_0022,0,-2.169921875
llama,wp_0022,1,-2.45703125
llama,wp_0022,2,-1.908203125
llama,wp_0022,3,-2.486328125
llama,wp_0022,4,-2.296875
llama,wp_0023,0,-1.87109375
llama,wp_0023,1,-2.1171875
llama,wp_0023,2,-1.77734375
llama,wp_0023,3,-2.201171875
llama,wp_0023,4,-2.068359375
llama,wp_0024,0,-2.501953125
llama,wp_0024,1,-1.9580078125
llama,wp_0024,2,-1.97265625
llama,wp_0024,3,-1.880859375
llama,wp_0024,4,-1.9384765625
llama,wp_0025,0,-1.9951171875
llama,wp_0025,1,-2.29296875
llama,wp_0025,2,-1.802734375
llama,wp_0025,3,-2.1484375
llama,wp_0025,4,-1.8603515625
llama,wp_0026,0,-2.32421875
llama,wp_0026,1,-2.2890625
llama,wp_0026,2,-2.232421875
llama,wp_0026,3,-2.138671875
llama,wp_0026,4,-2.130859375
llama,wp_0027,0,-1.923828125
llama,wp_0027,1,-2.28125
llama,wp_0027,2,-2.421875
llama,wp_0027,3,-1.8837890625
llama,wp_0027,4,-1.9140625
llama,wp_0028,0,-2.16015625
llama,wp_0028,1,-2.51171875
llama,wp_0028,2,-2.517578125
llama,wp_0028,3,-1.9775390625
llama,wp_0028,4,-2.21484375
llama,wp_0029,0,-2.021484375
llama,wp_0029,1,-2.056640625
llama,wp_0029,2,-1.9716796875
llama,wp_0029,3,-1.986328125
llama,wp_0029,4,-1.9345703125
llama,wp_0030,0,-2.568359375
llama,wp_0030,1,-2.017578125
llama,wp_0030,2,-2.046875
llama,wp_0030,3,-1.8671875
llama,wp_0030,4,-2.03515625
llama,wp_0031,0,-2.2578125
llama,wp_0031,1,-2.083984375
llama,wp_0031,2,-2.267578125
llama,wp_0031,3,-2.025390625
llama,wp_0031,4,-2.427734375
llama,wp_0032,0,-2.154296875
llama,wp_0032,1,-2.22265625
llama,wp_0032,2,-2.0625
llama,wp_0032,3,-1.7177734375
llama,wp_0032,4,-2.31640625
llama,wp_0033,0,-1.8212890625
llama,wp_0033,1,-2.18359375
llama,wp_0033,2,-2.037109375
llama,wp_0033,3,-2.177734375
llama,wp_0033,4,-2.05859375
llama,wp_0034,0,-1.7763671875
llama,wp_0034,1,-1.421875
llama,wp_0034,2,-1.51171875
llama,wp_0034,3,-1.47265625
llama,wp_0034,4,-1.642578125
llama,wp_0035,0,-3.0
llama,wp_0035,1,-2.287109375
llama,wp_0035,2,-1.888671875
llama,wp_0035,3,-2.548828125
llama,wp_0035,4,-2.25
llama,wp_0036,0,-1.7783203125
llama,wp_0036,1,-1.8564453125
llama,wp_0036,2,-1.67578125
llama,wp_0036,3,-1.9169921875
llama,wp_0036,4,-2.1015625
llama,wp_0037,0,-1.701171875
llama,wp_0037,1,-2.017578125
llama,wp_0037,2,-2.28515625
llama,wp_0037,3,-1.6611328125
llama,wp_0037,4,-1.654296875
llama,wp_0038,0,-2.439453125
llama,wp_0038,1,-2.388671875
llama,wp_0038,2,-2.109375
llama,wp_0038,3,-2.361328125
llama,wp_0038,4,-2.54296875
llama,wp_0039,0,-2.138671875
llama,wp_0039,1,-2.232421875
llama,wp_0039,2,-2.630859375
llama,wp_0039,3,-2.4453125
llama,wp_0039,4,-2.365234375
llama,wp_0040,0,-2.294921875
llama,wp_0040,1,-2.41796875
llama,wp_0040,2,-1.99609375
llama,wp_0040,3,-1.890625
llama,wp_0040,4,-1.935546875
llama,wp_0041,0,-2.080078125
llama,wp_0041,1,-2.13671875
llama,wp_0041,2,-1.8876953125
llama,wp_0041,3,-1.9892578125
llama,wp_0041,4,-1.9814453125
llama,wp_0042,0,-2.021484375
llama,wp_0042,1,-1.8623046875
llama,wp_0042,2,-2.263671875
llama,wp_0042,3,-2.064453125
llama,wp_0042,4,-2.04296875
llama,wp_0043,0,-2.2890625
llama,wp_0043,1,-2.16796875
llama,wp_0043,2,-2.353515625
llama,wp_0043,3,-2.234375
llama,wp_0043,4,-2.08203125
llama,wp_0044,0,-1.96875
llama,wp_0044,1,-1.892578125
llama,wp_0044,2,-2.490234375
llama,wp_0044,3,-2.005859375
llama,wp_0044,4,-1.9765625
llama,wp_0045,0,-1.6533203125
llama,wp_0045,1,-2.142578125
llama,wp_0045,2,-2.216796875
llama,wp_0045,3,-2.2421875
llama,wp_0045,4,-2.34375
llama,wp_0046,0,-2.126953125
llama,wp_0046,1,-2.068359375
llama,wp_0046,2,-2.490234375
llama,wp_0046,3,-2.236328125
llama,wp_0046,4,-2.43359375
llama,wp_0047,0,-1.7294921875
llama,wp_0047,1,-1.6357421875
llama,wp_0047,2,-1.8876953125
llama,wp_0047,3,-1.83984375
llama,wp_0047,4,-1.8955078125
llama,wp_0048,0,-2.494140625
llama,wp_0048,1,-2.28125
llama,wp_0048,2,-2.265625
llama,wp_0048,3,-1.8017578125
llama,wp_0048,4,-1.9892578125
llama,wp_0049,0,-2.111328125
llama,wp_0049,1,-2.36328125
llama,wp_0049,2,-2.171875
llama,wp_0049,3,-1.884765625
llama,wp_0049,4,-2.501953125
llama,wp_0050,0,-2.71875
llama,wp_0050,1,-2.28515625
llama,wp_0050,2,-2.435546875
llama,wp_0050,3,-2.71875
llama,wp_0050,4,-2.685546875
llama,wp_0051,0,-2.03515625
llama,wp_0051,1,-1.9970703125
llama,wp_0051,2,-2.126953125
llama,wp_0051,3,-2.029296875
llama,wp_0051,4,-2.150390625
llama,wp_0052,0,-1.75
llama,wp_0052,1,-2.123046875
llama,wp_0052,2,-2.38671875
llama,wp_0052,3,-2.314453125
llama,wp_0052,4,-2.2421875
llama,wp_0053,0,-1.9423828125
llama,wp_0053,1,-1.9267578125
llama,wp_0053,2,-1.9443359375
llama,wp_0053,3,-1.8125
llama,wp_0053,4,-1.7763671875
llama,wp_0054,0,-2.455078125
llama,wp_0054,1,-2.609375
llama,wp_0054,2,-2.091796875
llama,wp_0054,3,-2.48828125
llama,wp_0054,4,-2.3671875
llama,wp_0055,0,-1.8046875
llama,wp_0055,1,-1.876953125
llama,wp_0055,2,-2.099609375
llama,wp_0055,3,-1.9404296875
llama,wp_0055,4,-2.07421875
llama,wp_0056,0,-2.197265625
llama,wp_0056,1,-2.341796875
llama,wp_0056,2,-2.4375
llama,wp_0056,3,-2.23046875
llama,wp_0056,4,-2.0234375
llama,wp_0057,0,-2.185546875
llama,wp_0057,1,-2.10546875
llama,wp_0057,2,-2.259765625
llama,wp_0057,3,-1.8349609375
llama,wp_0057,4,-2.30078125
llama,wp_0058,0,-2.1171875
llama,wp_0058,1,-1.94140625
llama,wp_0058,2,-1.9736328125
llama,wp_0058,3,-2.28125
llama,wp_0058,4,-2.294921875
llama,wp_0059,0,-2.470703125
llama,wp_0059,1,-2.029296875
llama,wp_0059,2,-2.0546875
llama,wp_0059,3,-2.158203125
llama,wp_0059,4,-2.21875
llama,wp_0060,0,-2.126953125
llama,wp_0060,1,-1.9853515625
llama,wp_0060,2,-2.16796875
llama,wp_0060,3,-2.1640625
llama,wp_0060,4,-1.9462890625
llama,wp_0061,0,-2.0234375
llama,wp_0061,1,-2.04296875
llama,wp_0061,2,-2.271484375
llama,wp_0061,3,-1.94921875
llama,wp_0061,4,-2.2734375
llama,wp_0062,0,-2.130859375
llama,wp_0062,1,-2.0078125
llama,wp_0062,2,-2.388671875
llama,wp_0062,3,-2.03515625
llama,wp_0062,4,-2.13671875
llama,wp_0063,0,-1.935546875
llama,wp_0063,1,-1.986328125
llama,wp_0063,2,-1.9296875
llama,wp_0063,3,-2.28515625
llama,wp_0063,4,-2.185546875
llama,wp_0064,0,-2.07421875
llama,wp_0064,1,-1.958984375
llama,wp_0064,2,-2.72265625
llama,wp_0064,3,-2.080078125
llama,wp_0064,4,-2.197265625
llama,wp_0065,0,-2.009765625
llama,wp_0065,1,-1.978515625
llama,wp_0065,2,-2.20703125
llama,wp_0065,3,-2.162109375
llama,wp_0065,4,-1.900390625
llama,wp_0066,0,-2.380859375
llama,wp_0066,1,-2.349609375
llama,wp_0066,2,-2.166015625
llama,wp_0066,3,-2.62890625
llama,wp_0066,4,-2.232421875
llama,wp_0067,0,-1.5673828125
llama,wp_0067,1,-2.033203125
llama,wp_0067,2,-1.6591796875
llama,wp_0067,3,-1.6748046875
llama,wp_0067,4,-1.7529296875
llama,wp_0068,0,-2.287109375
llama,wp_0068,1,-2.169921875
llama,wp_0068,2,-2.16796875
llama,wp_0068,3,-2.408203125
llama,wp_0068,4,-2.021484375
llama,wp_0069,0,-2.359375
llama,wp_0069,1,-2.28515625
llama,wp_0069,2,-2.89453125
llama,wp_0069,3,-2.158203125
llama,wp_0069,4,-2.1171875
llama,wp_0070,0,-2.431640625
llama,wp_0070,1,-2.4453125
llama,wp_0070,2,-1.9580078125
llama,wp_0070,3,-2.12109375
llama,wp_0070,4,-2.267578125
llama,wp_0071,0,-1.9697265625
llama,wp_0071,1,-2.265625
llama,wp_0071,2,-1.927734375
llama,wp_0071,3,-2.21484375
llama,wp_0071,4,-1.9951171875
llama,wp_0072,0,-2.12109375
llama,wp_0072,1,-1.994140625
llama,wp_0072,2,-2.076171875
llama,wp_0072,3,-2.130859375
llama,wp_0072,4,-2.080078125
llama,wp_0073,0,-1.8359375
llama,wp_0073,1,-1.76953125
llama,wp_0073,2,-1.8388671875
llama,wp_0073,3,-1.814453125
llama,wp_0073,4,-1.931640625
llama,wp_0074,0,-2.095703125
llama,wp_0074,1,-2.31640625
llama,wp_0074,2,-2.07421875
llama,wp_0074,3,-2.41796875
llama,wp_0074,4,-2.05859375
llama,wp_0075,0,-1.974609375
llama,wp_0075,1,-1.857421875
llama,wp_0075,2,-1.9560546875
llama,wp_0075,3,-1.998046875
llama,wp_0075,4,-1.9365234375
llama,wp_0076,0,-2.083984375
llama,wp_0076,1,-1.677734375
llama,wp_0076,2,-1.517578125
llama,wp_0076,3,-2.1328125
llama,wp_0076,4,-2.14453125
llama,wp_0077,0,-1.802734375
llama,wp_0077,1,-1.744140625
llama,wp_0077,2,-1.8681640625
llama,wp_0077,3,-1.642578125
llama,wp_0077,4,-1.8193359375
llama,wp_0078,0,-2.25
llama,wp_0078,1,-1.984375
llama,wp_0078,2,-1.9169921875
llama,wp_0078,3,-2.318359375
llama,wp_0078,4,-2.22265625
llama,wp_0079,0,-2.23828125
llama,wp_0079,1,-1.771484375
llama,wp_0079,2,-1.982421875
llama,wp_0079,3,-2.044921875
llama,wp_0079,4,-2.1015625
llama,wp_0080,0,-1.87890625
llama,wp_0080,1,-2.150390625
llama,wp_0080,2,-2.171875
llama,wp_0080,3,-2.1953125
llama,wp_0080,4,-2.3828125
llama,wp_0081,0,-2.1328125
llama,wp_0081,1,-1.912109375
llama,wp_0081,2,-1.9580078125
llama,wp_0081,3,-1.8369140625
llama,wp_0081,4,-2.232421875
llama,wp_0082,0,-2.0546875
llama,wp_0082,1,-2.380859375
llama,wp_0082,2,-2.552734375
llama,wp_0082,3,-2.1484375
llama,wp_0082,4,-2.109375
llama,wp_0083,0,-2.126953125
llama,wp_0083,1,-2.30859375
llama,wp_0083,2,-2.232421875
llama,wp_0083,3,-2.208984375
llama,wp_0083,4,-2.01171875
llama,wp_0084,0,-1.83984375
llama,wp_0084,1,-1.7578125
llama,wp_0084,2,-1.95703125
llama,wp_0084,3,-1.8115234375
llama,wp_0084,4,-1.8681640625
llama,wp_0085,0,-1.9453125
llama,wp_0085,1,-1.888671875
llama,wp_0085,2,-2.0078125
llama,wp_0085,3,-1.9765625
llama,wp_0085,4,-1.7314453125
llama,wp_0086,0,-1.8779296875
llama,wp_0086,1,-2.0859375
llama,wp_0086,2,-2.123046875
llama,wp_0086,3,-2.0078125
llama,wp_0086,4,-1.97265625
llama,wp_0087,0,-2.388671875
llama,wp_0087,1,-2.423828125
llama,wp_0087,2,-2.236328125
llama,wp_0087,3,-2.384765625
llama,wp_0087,4,-2.216796875
llama,wp_0088,0,-2.18359375
llama,wp_0088,1,-2.275390625
llama,wp_0088,2,-2.177734375
llama,wp_0088,3,-2.134765625
llama,wp_0088,4,-2.3984375
llama,wp_0089,0,-2.501953125
llama,wp_0089,1,-2.31640625
llama,wp_0089,2,-2.2421875
llama,wp_0089,3,-2.181640625
llama,wp_0089,4,-2.162109375
llama,wp_0090,0,-1.9775390625
llama,wp_0090,1,-1.921875
llama,wp_0090,2,-2.275390625
llama,wp_0090,3,-2.18359375
llama,wp_0090,4,-2.212890625
llama,wp_0091,0,-2.369140625
llama,wp_0091,1,-2.62109375
llama,wp_0091,2,-2.6640625
llama,wp_0091,3,-2.47265625
llama,wp_0091,4,-2.123046875
llama,wp_0092,0,-1.9921875
llama,wp_0092,1,-1.7587890625
llama,wp_0092,2,-2.1484375
llama,wp_0092,3,-2.056640625
llama,wp_0092,4,-2.076171875
llama,wp_0093,1,-2.10546875
llama,wp_0093,2,-2.55078125
llama,wp_0093,3,-2.666015625
llama,wp_0093,4,-2.0390625
llama,wp_0094,0,-2.060546875
llama,wp_0094,1,-2.0703125
llama,wp_0094,2,-2.123046875
llama,wp_0094,3,-1.9638671875
llama,wp_0094,4,-2.06640625
llama,wp_0095,0,-2.40234375
llama,wp_0095,1,-2.123046875
llama,wp_0095,2,-2.3046875
llama,wp_0095,3,-2.736328125
llama,wp_0095,4,-2.26171875
llama,wp_0096,0,-2.236328125
llama,wp_0096,1,-2.220703125
llama,wp_0096,2,-2.3984375
llama,wp_0096,3,-1.998046875
llama,wp_0096,4,-1.9716796875
llama,wp_0097,0,-2.412109375
llama,wp_0097,1,-2.7734375
llama,wp_0097,2,-2.2421875
llama,wp_0097,3,-2.353515625
llama,wp_0097,4,-2.2734375
llama,wp_0098,0,-2.0703125
llama,wp_0098,1,-2.23828125
llama,wp_0098,2,-1.875
llama,wp_0098,3,-2.099609375
llama,wp_0098,4,-2.248046875
llama,wp_0099,0,-1.97265625
llama,wp_0099,1,-2.091796875
llama,wp_0099,2,-2.28125
llama,wp_0099,3,-2.060546875
llama,wp_0099,4,-2.11328125
llama,wp_0100,0,-2.291015625
llama,wp_0100,1,-2.599609375
llama,wp_0100,2,-2.349609375
llama,wp_0100,3,-2.208984375
llama,wp_0100,4,-2.345703125
llama,wp_0101,0,-2.14453125
llama,wp_0101,1,-2.15234375
llama,wp_0101,2,-1.873046875
llama,wp_0101,3,-2.185546875
llama,wp_0101,4,-2.263671875
llama,wp_0102,0,-2.4453125
llama,wp_0102,1,-2.17578125
llama,wp_0102,2,-2.20703125
llama,wp_0102,3,-2.638671875
llama,wp_0102,4,-2.001953125
llama,wp_0103,0,-2.470703125
llama,wp_0103,1,-3.548828125
llama,wp_0103,2,-2.416015625
llama,wp_0103,3,-2.4765625
llama,wp_0103,4,-2.087890625
llama,wp_0104,0,-2.03125
llama,wp_0104,1,-2.146484375
llama,wp_0104,2,-1.84375
llama,wp_0104,3,-1.857421875
llama,wp_0104,4,-1.91015625
llama,wp_0105,0,-2.1640625
llama,wp_0105,1,-2.5078125
llama,wp_0105,2,-2.35546875
llama,wp_0105,3,-2.052734375
llama,wp_0105,4,-2.19921875
llama,wp_0106,0,-2.248046875
llama,wp_0106,1,-1.966796875
llama,wp_0106,2,-2.02734375
llama,wp_0106,3,-2.15625
llama,wp_0106,4,-2.25390625
llama,wp_0107,0,-2.255859375
llama,wp_0107,1,-2.21484375
llama,wp_0107,2,-2.185546875
llama,wp_0107,3,-2.1875
llama,wp_0107,4,-2.30078125
llama,wp_0108,0,-2.205078125
llama,wp_0108,1,-2.576171875
llama,wp_0108,2,-2.0546875
llama,wp_0108,3,-2.033203125
llama,wp_0108,4,-1.986328125
llama,wp_0109,0,-1.93359375
llama,wp_0109,1,-1.8056640625
llama,wp_0109,2,-1.9921875
llama,wp_0109,3,-1.8388671875
llama,wp_0109,4,-1.845703125
llama,wp_0110,0,-2.056640625
llama,wp_0110,1,-1.9775390625
llama,wp_0110,2,-1.857421875
llama,wp_0110,3,-1.9697265625
llama,wp_0110,4,-1.96875
llama,wp_0111,0,-2.017578125
llama,wp_0111,1,-1.884765625
llama,wp_0111,2,-2.041015625
llama,wp_0111,3,-1.9130859375
llama,wp_0111,4,-2.15625
llama,wp_0112,0,-2.14453125
llama,wp_0112,1,-1.9755859375
llama,wp_0112,2,-2.4765625
llama,wp_0112,3,-2.0546875
llama,wp_0112,4,-1.9833984375
llama,wp_0113,0,-2.412109375
llama,wp_0113,1,-2.154296875
llama,wp_0113,2,-2.375
llama,wp_0113,3,-2.33203125
llama,wp_0113,4,-2.21484375
llama,wp_0114,0,-2.021484375
llama,wp_0114,1,-2.365234375
llama,wp_0114,2,-2.150390625
llama,wp_0114,3,-2.365234375
llama,wp_0114,4,-1.9912109375
llama,wp_0115,0,-2.142578125
llama,wp_0115,1,-1.775390625
llama,wp_0115,2,-1.7734375
llama,wp_0115,3,-2.015625
llama,wp_0115,4,-2.103515625
llama,wp_0116,0,-2.1328125
llama,wp_0116,1,-2.234375
llama,wp_0116,2,-2.232421875
llama,wp_0116,3,-2.43359375
llama,wp_0116,4,-2.142578125
llama,wp_0117,0,-2.376953125
llama,wp_0117,1,-2.296875
llama,wp_0117,2,-2.208984375
llama,wp_0117,3,-1.8505859375
llama,wp_0117,4,-2.31640625
llama,wp_0118,0,-2.115234375
llama,wp_0118,1,-2.091796875
llama,wp_0118,2,-2.076171875
llama,wp_0118,3,-1.873046875
llama,wp_0118,4,-2.15625
llama,wp_0119,0,-2.599609375
llama,wp_0119,1,-2.3359375
llama,wp_0119,2,-2.080078125
llama,wp_0119,3,-2.20703125
llama,wp_0119,4,-2.181640625
llama,wp_0120,0,-2.53515625
llama,wp_0120,1,-2.201171875
llama,wp_0120,2,-2.861328125
llama,wp_0120,3,-2.591796875
llama,wp_0120,4,-2.09765625
llama,wp_0121,0,-2.119140625
llama,wp_0121,1,-2.146484375
llama,wp_0121,2,-1.9619140625
llama,wp_0121,3,-1.927734375
llama,wp_0121,4,-2.20703125
llama,wp_0122,0,-2.056640625
llama,wp_0122,1,-2.15625
llama,wp_0122,2,-2.181640625
llama,wp_0122,3,-2.037109375
llama,wp_0122,4,-2.537109375
llama,wp_0123,0,-2.130859375
llama,wp_0123,1,-2.146484375
llama,wp_0123,2,-2.00390625
llama,wp_0123,3,-1.8759765625
llama,wp_0123,4,-2.04296875
llama,wp_0124,0,-2.015625
llama,wp_0124,1,-2.3046875
llama,wp_0124,2,-2.609375
llama,wp_0124,3,-2.05859375
llama,wp_0124,4,-1.88671875
llama,wp_0125,0,-2.0546875
llama,wp_0125,1,-2.146484375
llama,wp_0125,2,-1.970703125
llama,wp_0125,3,-1.98046875
llama,wp_0125,4,-1.8603515625
llama,wp_0126,0,-1.8525390625
llama,wp_0126,1,-1.8916015625
llama,wp_0126,2,-1.87109375
llama,wp_0126,3,-1.90625
llama,wp_0126,4,-1.7568359375
llama,wp_0127,0,-2.04296875
llama,wp_0127,1,-2.37109375
llama,wp_0127,2,-2.240234375
llama,wp_0127,3,-2.150390625
llama,wp_0127,4,-2.095703125
llama,wp_0128,0,-2.234375
llama,wp_0128,1,-1.9833984375
llama,wp_0128,2,-1.900390625
llama,wp_0128,3,-2.625
llama,wp_0128,4,-1.9658203125
llama,wp_0129,0,-2.31640625
llama,wp_0129,1,-2.27734375
llama,wp_0129,2,-2.28515625
llama,wp_0129,3,-2.44921875
llama,wp_0129,4,-2.3984375
llama,wp_0130,0,-2.107421875
llama,wp_0130,1,-1.87109375
llama,wp_0130,2,-2.2421875
llama,wp_0130,3,-2.013671875
llama,wp_0130,4,-2.02734375
llama,wp_0131,0,-2.197265625
llama,wp_0131,1,-2.017578125
llama,wp_0131,2,-2.140625
llama,wp_0131,3,-2.072265625
llama,wp_0131,4,-2.041015625
llama,wp_0132,0,-2.00390625
llama,wp_0132,1,-2.056640625
llama,wp_0132,2,-2.125
llama,wp_0132,3,-2.1484375
llama,wp_0132,4,-1.990234375
llama,wp_0133,0,-2.01171875
llama,wp_0133,1,-2.380859375
llama,wp_0133,2,-2.103515625
llama,wp_0133,3,-1.8671875
llama,wp_0133,4,-2.119140625
llama,wp_0134,0,-1.9873046875
llama,wp_0134,1,-2.228515625
llama,wp_0134,2,-1.98046875
llama,wp_0134,3,-2.05859375
llama,wp_0134,4,-1.9501953125
llama,wp_0135,0,-1.7119140625
llama,wp_0135,1,-1.759765625
llama,wp_0135,2,-2.142578125
llama,wp_0135,3,-2.0859375
llama,wp_0135,4,-1.7333984375
llama,wp_0136,0,-2.06640625
llama,wp_0136,1,-2.255859375
llama,wp_0136,2,-2.1484375
llama,wp_0136,3,-2.107421875
llama,wp_0136,4,-2.171875
llama,wp_0137,0,-2.2265625
llama,wp_0137,1,-2.095703125
llama,wp_0137,2,-2.181640625
llama,wp_0137,3,-2.298828125
llama,wp_0137,4,-1.978515625
llama,wp_0138,0,-2.375
llama,wp_0138,1,-1.8759765625
llama,wp_0138,2,-2.037109375
llama,wp_0138,3,-2.15625
llama,wp_0138,4,-1.958984375
llama,wp_0139,0,-2.201171875
llama,wp_0139,1,-2.29296875
llama,wp_0139,2,-2.359375
llama,wp_0139,3,-2.435546875
llama,wp_0139,4,-2.138671875
llama,wp_0140,0,-1.927734375
llama,wp_0140,1,-2.111328125
llama,wp_0140,2,-1.6708984375
llama,wp_0140,3,-1.869140625
llama,wp_0140,4,-1.5732421875
llama,wp_0141,0,-2.544921875
llama,wp_0141,1,-2.05078125
llama,wp_0141,2,-2.662109375
llama,wp_0141,3,-2.552734375
llama,wp_0141,4,-2.126953125
llama,wp_0142,0,-1.6552734375
llama,wp_0142,1,-1.7646484375
llama,wp_0142,2,-2.255859375
llama,wp_0142,3,-1.9189453125
llama,wp_0142,4,-1.8740234375
llama,wp_0143,0,-1.98828125
llama,wp_0143,1,-2.013671875
llama,wp_0143,2,-2.119140625
llama,wp_0143,3,-1.7158203125
llama,wp_0143,4,-1.916015625
llama,wp_0144,0,-2.16796875
llama,wp_0144,1,-2.046875
llama,wp_0144,2,-2.240234375
llama,wp_0144,3,-1.8955078125
llama,wp_0144,4,-2.453125
llama,wp_0145,0,-2.080078125
llama,wp_0145,1,-2.306640625
llama,wp_0145,2,-1.921875
llama,wp_0145,3,-2.2890625
llama,wp_0145,4,-1.6708984375
llama,wp_0146,0,-2.310546875
llama,wp_0146,1,-2.4296875
llama,wp_0146,2,-2.662109375
llama,wp_0146,3,-2.626953125
llama,wp_0146,4,-2.37109375
llama,wp_0147,0,-2.140625
llama,wp_0147,1,-2.65234375
llama,wp_0147,2,-2.54296875
llama,wp_0147,3,-2.37890625
llama,wp_0147,4,-2.4921875
llama,wp_0148,0,-2.099609375
llama,wp_0148,1,-2.048828125
llama,wp_0148,2,-1.8408203125
llama,wp_0148,3,-1.982421875
llama,wp_0148,4,-2.23828125
llama,wp_0149,0,-1.7158203125
llama,wp_0149,1,-2.0234375
llama,wp_0149,2,-1.7744140625
llama,wp_0149,3,-2.0703125
llama,wp_0149,4,-2.3203125
llama,wp_0150,0,-2.36328125
llama,wp_0150,1,-2.36328125
llama,wp_0150,2,-2.36328125
llama,wp_0150,3,-2.4921875
llama,wp_0150,4,-2.025390625
llama,wp_0151,0,-1.8447265625
llama,wp_0151,1,-2.18359375
llama,wp_0151,2,-1.8466796875
llama,wp_0151,3,-2.1171875
llama,wp_0151,4,-2.087890625
llama,wp_0152,0,-2.40625
llama,wp_0152,1,-1.9033203125
llama,wp_0152,2,-2.306640625
llama,wp_0152,3,-2.068359375
llama,wp_0152,4,-2.060546875
llama,wp_0153,0,-1.970703125
llama,wp_0153,1,-1.8671875
llama,wp_0153,2,-1.8564453125
llama,wp_0153,3,-2.046875
llama,wp_0153,4,-1.69921875
llama,wp_0154,0,-2.2734375
llama,wp_0154,1,-2.041015625
llama,wp_0154,2,-1.8095703125
llama,wp_0154,3,-1.9052734375
llama,wp_0154,4,-1.8828125
llama,wp_0155,0,-1.7509765625
llama,wp_0155,1,-1.748046875
llama,wp_0155,2,-2.216796875
llama,wp_0155,3,-2.01953125
llama,wp_0155,4,-2.18359375
llama,wp_0156,0,-1.8408203125
llama,wp_0156,1,-1.80859375
llama,wp_0156,2,-1.8857421875
llama,wp_0156,3,-2.1953125
llama,wp_0156,4,-1.9169921875
llama,wp_0157,0,-1.9580078125
llama,wp_0157,1,-1.86328125
llama,wp_0157,2,-2.015625
llama,wp_0157,3,-1.9033203125
llama,wp_0157,4,-1.7998046875
llama,wp_0158,0,-2.51953125
llama,wp_0158,1,-2.53515625
llama,wp_0158,2,-2.1171875
llama,wp_0158,3,-2.63671875
llama,wp_0158,4,-2.466796875
llama,wp_0159,0,-1.80078125
llama,wp_0159,1,-2.013671875
llama,wp_0159,2,-1.7431640625
llama,wp_0159,3,-2.005859375
llama,wp_0159,4,-2.068359375
llama,wp_0160,0,-1.9990234375
llama,wp_0160,1,-2.30859375
llama,wp_0160,2,-1.9140625
llama,wp_0160,3,-2.248046875
llama,wp_0160,4,-2.005859375
llama,wp_0161,0,-2.01953125
llama,wp_0161,1,-2.021484375
llama,wp_0161,2,-1.9482421875
llama,wp_0161,3,-1.9443359375
llama,wp_0161,4,-2.00390625
llama,wp_0162,0,-2.08203125
llama,wp_0162,1,-1.8984375
llama,wp_0162,2,-2.294921875
llama,wp_0162,3,-2.2265625
llama,wp_0162,4,-1.916015625
llama,wp_0163,0,-2.55859375
llama,wp_0163,1,-2.150390625
llama,wp_0163,2,-2.234375
llama,wp_0163,3,-2.197265625
llama,wp_0163,4,-1.75390625
llama,wp_0164,0,-2.056640625
llama,wp_0164,1,-2.060546875
llama,wp_0164,2,-1.9365234375
llama,wp_0164,3,-2.02734375
llama,wp_0164,4,-2.109375
llama,wp_0165,0,-2.521484375
llama,wp_0165,1,-2.302734375
llama,wp_0165,2,-2.318359375
llama,wp_0165,3,-2.599609375
llama,wp_0165,4,-2.291015625
llama,wp_0166,0,-1.76171875
llama,wp_0166,1,-2.533203125
llama,wp_0166,2,-1.7626953125
llama,wp_0166,3,-2.23828125
llama,wp_0166,4,-2.0546875
llama,wp_0167,0,-2.390625
llama,wp_0167,1,-2.359375
llama,wp_0167,2,-2.43359375
llama,wp_0167,3,-2.501953125
llama,wp_0167,4,-2.3203125
llama,wp_0168,0,-2.095703125
llama,wp_0168,1,-1.8515625
llama,wp_0168,2,-2.2265625
llama,wp_0168,3,-1.873046875
llama,wp_0168,4,-2.01953125
llama,wp_0169,0,-2.11328125
llama,wp_0169,1,-2.095703125
llama,wp_0169,2,-2.181640625
llama,wp_0169,3,-2.146484375
llama,wp_0169,4,-2.37109375
llama,wp_0170,0,-1.873046875
llama,wp_0170,1,-2.154296875
llama,wp_0170,2,-2.50390625
llama,wp_0170,3,-2.083984375
llama,wp_0170,4,-2.24609375
llama,wp_0171,0,-1.9287109375
llama,wp_0171,1,-2.349609375
llama,wp_0171,2,-2.009765625
llama,wp_0171,3,-2.275390625
llama,wp_0171,4,-2.603515625
llama,wp_0172,0,-1.9853515625
llama,wp_0172,1,-1.8505859375
llama,wp_0172,2,-2.017578125
llama,wp_0172,3,-2.48828125
llama,wp_0172,4,-2.021484375
llama,wp_0173,0,-2.0
llama,wp_0173,1,-1.6220703125
llama,wp_0173,2,-1.9248046875
llama,wp_0173,3,-1.9833984375
llama,wp_0173,4,-2.33984375
llama,wp_0174,0,-1.83984375
llama,wp_0174,1,-1.6552734375
llama,wp_0174,2,-1.7763671875
llama,wp_0174,3,-1.65625
llama,wp_0174,4,-2.193359375
llama,wp_0175,0,-2.259765625
llama,wp_0175,1,-2.1875
llama,wp_0175,2,-2.431640625
llama,wp_0175,3,-2.27734375
llama,wp_0175,4,-2.255859375
llama,wp_0176,0,-2.03125
llama,wp_0176,1,-1.84375
llama,wp_0176,2,-2.126953125
llama,wp_0176,3,-2.064453125
llama,wp_0176,4,-2.421875
llama,wp_0177,0,-1.755859375
llama,wp_0177,1,-1.7666015625
llama,wp_0177,2,-2.009765625
llama,wp_0177,3,-1.8779296875
llama,wp_0177,4,-2.134765625
llama,wp_0178,0,-2.119140625
llama,wp_0178,1,-2.15625
llama,wp_0178,2,-2.02734375
llama,wp_0178,3,-2.2734375
llama,wp_0178,4,-2.17578125
llama,wp_0179,0,-2.400390625
llama,wp_0179,1,-2.630859375
llama,wp_0179,2,-2.158203125
llama,wp_0179,3,-2.830078125
llama,wp_0179,4,-2.130859375
llama,wp_0180,0,-2.052734375
llama,wp_0180,1,-2.33984375
llama,wp_0180,2,-2.146484375
llama,wp_0180,3,-2.283203125
llama,wp_0180,4,-2.3359375
llama,wp_0181,0,-2.283203125
llama,wp_0181,1,-2.91015625
llama,wp_0181,2,-2.28515625
llama,wp_0181,3,-2.642578125
llama,wp_0181,4,-2.193359375
llama,wp_0182,0,-2.611328125
llama,wp_0182,1,-1.984375
llama,wp_0182,2,-1.9169921875
llama,wp_0182,3,-2.130859375
llama,wp_0182,4,-1.927734375
llama,wp_0183,0,-1.990234375
llama,wp_0183,1,-1.98046875
llama,wp_0183,2,-1.9462890625
llama,wp_0183,3,-1.837890625
llama,wp_0183,4,-1.9169921875
llama,wp_0184,0,-1.7626953125
llama,wp_0184,1,-1.931640625
llama,wp_0184,2,-2.396484375
llama,wp_0184,3,-1.9892578125
llama,wp_0184,4,-2.2421875
llama,wp_0185,0,-2.474609375
llama,wp_0185,1,-2.17578125
llama,wp_0185,2,-2.146484375
llama,wp_0185,3,-2.75
llama,wp_0185,4,-2.28515625
llama,wp_0186,0,-2.271484375
llama,wp_0186,1,-2.81640625
llama,wp_0186,2,-2.142578125
llama,wp_0186,3,-1.986328125
llama,wp_0186,4,-1.7822265625
llama,wp_0187,0,-1.810546875
llama,wp_0187,1,-2.1171875
llama,wp_0187,2,-2.15625
llama,wp_0187,3,-2.091796875
llama,wp_0187,4,-2.15625
llama,wp_0188,0,-2.693359375
llama,wp_0188,1,-2.453125
llama,wp_0188,2,-2.234375
llama,wp_0188,3,-2.37890625
llama,wp_0188,4,-2.69140625
llama,wp_0189,0,-1.9912109375
llama,wp_0189,1,-1.8271484375
llama,wp_0189,2,-2.0078125
llama,wp_0189,3,-2.1171875
llama,wp_0189,4,-2.048828125
llama,wp_0190,0,-1.8466796875
llama,wp_0190,1,-2.189453125
llama,wp_0190,2,-2.291015625
llama,wp_0190,3,-2.19921875
llama,wp_0190,4,-2.111328125
llama,wp_0191,0,-1.958984375
llama,wp_0191,1,-2.03515625
llama,wp_0191,2,-2.3125
llama,wp_0191,3,-2.17578125
llama,wp_0191,4,-2.064453125
llama,wp_0192,0,-2.10546875
llama,wp_0192,1,-2.06640625
llama,wp_0192,2,-2.49609375
llama,wp_0192,3,-1.7578125
llama,wp_0192,4,-2.19921875
llama,wp_0193,0,-1.96875
llama,wp_0193,1,-2.22265625
llama,wp_0193,2,-2.060546875
llama,wp_0193,3,-2.142578125
llama,wp_0193,4,-2.0703125
llama,wp_0194,2,-0.72900390625
llama,wp_0194,3,-0.66015625
llama,wp_0195,0,-2.25390625
llama,wp_0195,1,-2.0703125
llama,wp_0195,2,-2.26171875
llama,wp_0195,3,-1.982421875
llama,wp_0195,4,-2.296875
llama,wp_0196,0,-2.29296875
llama,wp_0196,1,-2.06640625
llama,wp_0196,2,-2.189453125
llama,wp_0196,3,-2.30859375
llama,wp_0196,4,-2.314453125
llama,wp_0197,0,-2.025390625
llama,wp_0197,1,-1.951171875
llama,wp_0197,2,-2.01171875
llama,wp_0197,3,-2.333984375
llama,wp_0197,4,-2.361328125
llama,wp_0198,0,-1.9609375
llama,wp_0198,1,-1.8759765625
llama,wp_0198,2,-2.203125
llama,wp_0198,3,-1.98046875
llama,wp_0198,4,-2.23828125
llama,wp_0199,0,-2.109375
llama,wp_0199,1,-2.25
llama,wp_0199,2,-1.89453125
llama,wp_0199,3,-2.1796875
llama,wp_0199,4,-1.9794921875
mistral,wp_0000,0,-1.9892578125
mistral,wp_0000,1,-2.025390625
mistral,wp_0000,2,-2.28515625
mistral,wp_0000,3,-2.3125
mistral,wp_0000,4,-2.642578125
mistral,wp_0001,0,-2.060546875
mistral,wp_0001,1,-1.703125
mistral,wp_0001,2,-2.04296875
mistral,wp_0001,3,-2.1953125
mistral,wp_0001,4,-2.216796875
mistral,wp_0002,0,-2.068359375
mistral,wp_0002,1,-1.880859375
mistral,wp_0002,2,-2.10546875
mistral,wp_0002,3,-2.103515625
mistral,wp_0002,4,-2.509765625
mistral,wp_0003,0,-2.037109375
mistral,wp_0003,1,-2.103515625
mistral,wp_0003,2,-2.080078125
mistral,wp_0003,3,-1.734375
mistral,wp_0003,4,-1.9736328125
mistral,wp_0004,0,-1.9248046875
mistral,wp_0004,1,-2.078125
mistral,wp_0004,2,-1.9990234375
mistral,wp_0004,3,-2.205078125
mistral,wp_0004,4,-2.25
mistral,wp_0005,0,-2.05078125
mistral,wp_0005,1,-2.0390625
mistral,wp_0005,2,-2.080078125
mistral,wp_0005,3,-2.15234375
mistral,wp_0005,4,-2.087890625
mistral,wp_0006,0,-1.9814453125
mistral,wp_0006,1,-2.58203125
mistral,wp_0006,2,-1.8564453125
mistral,wp_0006,3,-2.1171875
mistral,wp_0006,4,-2.1484375
mistral,wp_0007,0,-2.03125
mistral,wp_0007,1,-2.19140625
mistral,wp_0007,2,-1.85546875
mistral,wp_0007,3,-2.3125
mistral,wp_0007,4,-2.21875
mistral,wp_0008,0,-1.81640625
mistral,wp_0008,2,-2.20703125
mistral,wp_0008,3,-2.041015625
mistral,wp_0008,4,-2.13671875
mistral,wp_0009,0,-2.392578125
mistral,wp_0009,1,-1.919921875
mistral,wp_0009,2,-2.140625
mistral,wp_0009,3,-2.111328125
mistral,wp_0009,4,-2.390625
mistral,wp_0010,0,-1.859375
mistral,wp_0010,1,-1.78125
mistral,wp_0010,2,-1.890625
mistral,wp_0010,3,-2.208984375
mistral,wp_0010,4,-2.013671875
mistral,wp_0011,0,-2.30859375
mistral,wp_0011,1,-2.04296875
mistral,wp_0011,2,-2.2109375
mistral,wp_0011,3,-2.01953125
mistral,wp_0011,4,-2.2421875
mistral,wp_0012,0,-2.025390625
mistral,wp_0012,1,-2.052734375
mistral,wp_0012,2,-2.005859375
mistral,wp_0012,4,-2.154296875
mistral,wp_0013,0,-2.638671875
mistral,wp_0013,1,-2.345703125
mistral,wp_0013,2,-2.666015625
mistral,wp_0013,3,-2.728515625
mistral,wp_0013,4,-2.107421875
mistral,wp_0014,0,-2.15234375
mistral,wp_0014,1,-1.955078125
mistral,wp_0014,2,-2.18359375
mistral,wp_0014,3,-2.201171875
mistral,wp_0014,4,-2.30859375
mistral,wp_0015,0,-2.025390625
mistral,wp_0015,1,-2.080078125
mistral,wp_0015,2,-1.90234375
mistral,wp_0015,3,-2.255859375
mistral,wp_0015,4,-1.5693359375
mistral,wp_0016,1,-1.99609375
mistral,wp_0016,2,-2.39453125
mistral,wp_0016,3,-2.26171875
mistral,wp_0016,4,-2.427734375
mistral,wp_0017,0,-2.177734375
mistral,wp_0017,1,-2.30859375
mistral,wp_0017,2,-2.12109375
mistral,wp_0017,3,-2.11328125
mistral,wp_0017,4,-2.06640625
mistral,wp_0018,0,-1.740234375
mistral,wp_0018,1,-1.7685546875
mistral,wp_0018,2,-1.8212890625
mistral,wp_0018,3,-2.009765625
mistral,wp_0018,4,-1.65234375
mistral,wp_0019,0,-2.1015625
mistral,wp_0019,1,-1.9990234375
mistral,wp_0019,2,-2.22265625
mistral,wp_0019,3,-2.11328125
mistral,wp_0019,4,-2.09765625
mistral,wp_0020,0,-1.9140625
mistral,wp_0020,1,-2.056640625
mistral,wp_0020,2,-1.884765625
mistral,wp_0020,3,-1.951171875
mistral,wp_0020,4,-1.9248046875
mistral,wp_0021,0,-1.9814453125
mistral,wp_0021,1,-2.359375
mistral,wp_0021,2,-2.017578125
mistral,wp_0021,3,-1.9892578125
mistral,wp_0021,4,-2.25390625
mistral,wp_0022,0,-2.16796875
mistral,wp_0022,1,-1.935546875
mistral,wp_0022,2,-2.2421875
mistral,wp_0022,4,-1.91015625
mistral,wp_0023,0,-2.2421875
mistral,wp_0023,1,-1.9111328125
mistral,wp_0023,2,-1.95703125
mistral,wp_0023,3,-2.248046875
mistral,wp_0023,4,-2.138671875
mistral,wp_0024,0,-2.53515625
mistral,wp_0024,1,-1.8359375
mistral,wp_0024,2,-1.8984375
mistral,wp_0024,3,-2.099609375
mistral,wp_0024,4,-2.029296875
mistral,wp_0025,0,-1.982421875
mistral,wp_0025,1,-2.00390625
mistral,wp_0025,2,-2.09375
mistral,wp_0025,3,-2.232421875
mistral,wp_0025,4,-2.052734375
mistral,wp_0026,0,-1.7880859375
mistral,wp_0026,1,-2.0
mistral,wp_0026,2,-2.025390625
mistral,wp_0026,3,-2.23046875
mistral,wp_0026,4,-2.236328125
mistral,wp_0027,0,-2.1953125
mistral,wp_0027,1,-2.115234375
mistral,wp_0027,2,-1.9560546875
mistral,wp_0027,3,-2.0078125
mistral,wp_0027,4,-1.90625
mistral,wp_0028,0,-2.134765625
mistral,wp_0028,1,-1.861328125
mistral,wp_0028,2,-2.388671875
mistral,wp_0028,3,-2.384765625
mistral,wp_0028,4,-2.208984375
mistral,wp_0029,0,-1.923828125
mistral,wp_0029,1,-1.990234375
mistral,wp_0029,2,-2.076171875
mistral,wp_0029,3,-1.908203125
mistral,wp_0029,4,-2.03515625
mistral,wp_0030,0,-2.283203125
mistral,wp_0030,1,-2.1796875
mistral,wp_0030,2,-2.34765625
mistral,wp_0030,3,-2.2890625
mistral,wp_0030,4,-2.275390625
mistral,wp_0031,0,-2.283203125
mistral,wp_0031,1,-2.427734375
mistral,wp_0031,2,-2.19921875
mistral,wp_0031,3,-2.365234375
mistral,wp_0031,4,-2.17578125
mistral,wp_0032,0,-2.060546875
mistral,wp_0032,1,-2.029296875
mistral,wp_0032,2,-2.234375
mistral,wp_0032,3,-1.876953125
mistral,wp_0032,4,-1.8955078125
mistral,wp_0033,0,-2.419921875
mistral,wp_0033,1,-2.291015625
mistral,wp_0033,2,-2.3203125
mistral,wp_0033,3,-2.109375
mistral,wp_0033,4,-2.30078125
mistral,wp_0034,0,-1.8544921875
mistral,wp_0034,1,-1.7607421875
mistral,wp_0034,2,-1.9287109375
mistral,wp_0034,3,-1.689453125
mistral,wp_0034,4,-1.8388671875
mistral,wp_0035,0,-2.103515625
mistral,wp_0035,1,-2.412109375
mistral,wp_0035,2,-2.146484375
mistral,wp_0035,3,-2.201171875
mistral,wp_0035,4,-2.533203125
mistral,wp_0036,0,-1.84375
mistral,wp_0036,1,-2.015625
mistral,wp_0036,2,-1.7919921875
mistral,wp_0036,3,-2.083984375
mistral,wp_0036,4,-1.8896484375
mistral,wp_0037,0,-1.9091796875
mistral,wp_0037,1,-1.859375
mistral,wp_0037,2,-1.91015625
mistral,wp_0037,4,-1.880859375
mistral,wp_0038,0,-2.125
mistral,wp_0038,2,-2.3828125
mistral,wp_0038,3,-2.2734375
mistral,wp_0038,4,-2.095703125
mistral,wp_0039,0,-2.271484375
mistral,wp_0039,1,-2.13671875
mistral,wp_0039,2,-2.130859375
mistral,wp_0039,4,-1.755859375
mistral,wp_0040,0,-2.091796875
mistral,wp_0040,1,-2.2109375
mistral,wp_0040,2,-2.060546875
mistral,wp_0040,3,-1.9580078125
mistral,wp_0040,4,-2.27734375
mistral,wp_0041,0,-1.923828125
mistral,wp_0041,1,-2.111328125
mistral,wp_0041,2,-2.01953125
mistral,wp_0041,3,-1.861328125
mistral,wp_0041,4,-1.990234375
mistral,wp_0042,0,-1.6904296875
mistral,wp_0042,1,-1.541015625
mistral,wp_0042,2,-1.837890625
mistral,wp_0042,3,-1.7373046875
mistral,wp_0042,4,-1.77734375
mistral,wp_0043,0,-1.88671875
mistral,wp_0043,1,-2.283203125
mistral,wp_0043,2,-2.083984375
mistral,wp_0043,3,-2.06640625
mistral,wp_0043,4,-1.71484375
mistral,wp_0044,0,-2.005859375
mistral,wp_0044,1,-2.302734375
mistral,wp_0044,2,-1.8857421875
mistral,wp_0044,3,-2.0078125
mistral,wp_0044,4,-2.16796875
mistral,wp_0045,0,-1.7783203125
mistral,wp_0045,1,-2.171875
mistral,wp_0045,2,-1.931640625
mistral,wp_0045,3,-1.861328125
mistral,wp_0045,4,-2.15234375
mistral,wp_0046,0,-2.23046875
mistral,wp_0046,1,-2.14453125
mistral,wp_0046,2,-2.169921875
mistral,wp_0046,3,-2.072265625
mistral,wp_0046,4,-2.21875
mistral,wp_0047,0,-2.0390625
mistral,wp_0047,1,-1.8671875
mistral,wp_0047,3,-1.91796875
mistral,wp_0047,4,-1.7587890625
mistral,wp_0048,0,-2.19921875
mistral,wp_0048,1,-1.8876953125
mistral,wp_0048,2,-2.22265625
mistral,wp_0048,3,-1.9970703125
mistral,wp_0048,4,-2.173828125
mistral,wp_0049,0,-2.216796875
mistral,wp_0049,1,-2.12109375
mistral,wp_0049,2,-2.15234375
mistral,wp_0049,3,-2.109375
mistral,wp_0049,4,-2.21484375
mistral,wp_0050,0,-2.162109375
mistral,wp_0050,1,-2.36328125
mistral,wp_0050,2,-2.41796875
mistral,wp_0050,3,-2.13671875
mistral,wp_0050,4,-2.048828125
mistral,wp_0051,0,-2.115234375
mistral,wp_0051,1,-2.18359375
mistral,wp_0051,2,-2.0625
mistral,wp_0051,3,-2.013671875
mistral,wp_0051,4,-2.41796875
mistral,wp_0052,0,-2.0546875
mistral,wp_0052,1,-2.439453125
mistral,wp_0052,2,-1.9013671875
mistral,wp_0052,3,-1.9248046875
mistral,wp_0052,4,-2.419921875
mistral,wp_0053,0,-1.85546875
mistral,wp_0053,1,-1.931640625
mistral,wp_0053,2,-1.990234375
mistral,wp_0053,3,-1.921875
mistral,wp_0053,4,-1.8505859375
mistral,wp_0054,0,-2.23046875
mistral,wp_0054,1,-2.23828125
mistral,wp_0054,2,-2.13671875
mistral,wp_0054,3,-1.91796875
mistral,wp_0054,4,-2.34765625
mistral,wp_0055,0,-1.732421875
mistral,wp_0055,1,-2.1484375
mistral,wp_0055,2,-1.998046875
mistral,wp_0055,3,-2.05859375
mistral,wp_0055,4,-1.857421875
mistral,wp_0056,0,-2.2265625
mistral,wp_0056,1,-2.009765625
mistral,wp_0056,2,-2.375
mistral,wp_0056,3,-2.52734375
mistral,wp_0056,4,-2.333984375
mistral,wp_0057,0,-2.240234375
mistral,wp_0057,1,-2.2890625
mistral,wp_0057,2,-1.7314453125
mistral,wp_0057,3,-1.8017578125
mistral,wp_0057,4,-2.173828125
mistral,wp_0058,0,-1.98828125
mistral,wp_0058,1,-2.083984375
mistral,wp_0058,2,-2.10546875
mistral,wp_0058,3,-1.9072265625
mistral,wp_0058,4,-2.322265625
mistral,wp_0059,0,-1.8720703125
mistral,wp_0059,1,-1.962890625
mistral,wp_0059,2,-2.083984375
mistral,wp_0059,3,-1.9794921875
mistral,wp_0059,4,-1.9560546875
mistral,wp_0060,0,-1.8408203125
mistral,wp_0060,1,-2.013671875
mistral,wp_0060,2,-2.03515625
mistral,wp_0060,3,-1.7880859375
mistral,wp_0060,4,-1.7919921875
mistral,wp_0061,0,-2.3203125
mistral,wp_0061,1,-2.04296875
mistral,wp_0061,2,-1.8994140625
mistral,wp_0061,3,-2.2578125
mistral,wp_0061,4,-2.267578125
mistral,wp_0062,1,-2.095703125
mistral,wp_0062,2,-1.927734375
mistral,wp_0062,3,-1.8544921875
mistral,wp_0062,4,-1.8720703125
mistral,wp_0063,0,-2.169921875
mistral,wp_0063,1,-1.8642578125
mistral,wp_0063,2,-2.09375
mistral,wp_0063,3,-2.0078125
mistral,wp_0063,4,-2.109375
mistral,wp_0064,0,-2.21484375
mistral,wp_0064,1,-2.52734375
mistral,wp_0064,2,-1.8828125
mistral,wp_0064,3,-2.064453125
mistral,wp_0064,4,-1.6416015625
mistral,wp_0065,0,-2.462890625
mistral,wp_0065,1,-2.30859375
mistral,wp_0065,2,-2.181640625
mistral,wp_0065,3,-2.109375
mistral,wp_0065,4,-2.271484375
mistral,wp_0066,0,-2.1953125
mistral,wp_0066,1,-2.33203125
mistral,wp_0066,2,-2.390625
mistral,wp_0066,3,-2.1953125
mistral,wp_0066,4,-2.373046875
mistral,wp_0067,0,-1.859375
mistral,wp_0067,1,-1.9052734375
mistral,wp_0067,2,-2.033203125
mistral,wp_0067,3,-1.853515625
mistral,wp_0067,4,-1.8251953125
mistral,wp_0068,0,-2.453125
mistral,wp_0068,1,-2.306640625
mistral,wp_0068,2,-1.9150390625
mistral,wp_0068,3,-2.18359375
mistral,wp_0068,4,-1.966796875
mistral,wp_0069,0,-2.603515625
mistral,wp_0069,1,-2.32421875
mistral,wp_0069,2,-2.4140625
mistral,wp_0069,3,-2.384765625
mistral,wp_0069,4,-2.267578125
mistral,wp_0070,0,-2.314453125
mistral,wp_0070,1,-2.037109375
mistral,wp_0070,2,-1.9228515625
mistral,wp_0070,3,-2.6015625
mistral,wp_0070,4,-2.091796875
mistral,wp_0071,0,-2.3515625
mistral,wp_0071,1,-2.263671875
mistral,wp_0071,2,-2.060546875
mistral,wp_0071,3,-2.19921875
mistral,wp_0071,4,-2.0078125
mistral,wp_0072,0,-2.337890625
mistral,wp_0072,1,-2.193359375
mistral,wp_0072,2,-2.12109375
mistral,wp_0072,3,-2.11328125
mistral,wp_0072,4,-2.220703125
mistral,wp_0073,0,-2.021484375
mistral,wp_0073,1,-1.89453125
mistral,wp_0073,2,-1.9287109375
mistral,wp_0073,3,-2.05078125
mistral,wp_0073,4,-2.078125
mistral,wp_0074,0,-2.08203125
mistral,wp_0074,1,-2.12109375
mistral,wp_0074,2,-1.935546875
mistral,wp_0074,3,-2.44140625
mistral,wp_0074,4,-2.455078125
mistral,wp_0075,0,-2.4296875
mistral,wp_0075,1,-2.12109375
mistral,wp_0075,2,-1.943359375
mistral,wp_0075,3,-2.1171875
mistral,wp_0075,4,-2.21484375
mistral,wp_0076,0,-1.79296875
mistral,wp_0076,1,-1.7802734375
mistral,wp_0076,2,-1.7412109375
mistral,wp_0076,3,-1.984375
mistral,wp_0076,4,-2.03125
mistral,wp_0077,0,-2.16796875
mistral,wp_0077,1,-2.07421875
mistral,wp_0077,2,-2.046875
mistral,wp_0077,3,-1.85546875
mistral,wp_0077,4,-1.919921875
mistral,wp_0078,0,-2.033203125
mistral,wp_0078,1,-2.166015625
mistral,wp_0078,2,-2.453125
mistral,wp_0078,3,-1.9375
mistral,wp_0078,4,-2.052734375
mistral,wp_0079,0,-2.119140625
mistral,wp_0079,1,-2.244140625
mistral,wp_0079,2,-1.970703125
mistral,wp_0079,3,-1.9970703125
mistral,wp_0079,4,-2.166015625
mistral,wp_0080,1,-2.55859375
mistral,wp_0080,2,-2.103515625
mistral,wp_0080,3,-2.09765625
mistral,wp_0080,4,-2.103515625
mistral,wp_0081,0,-2.140625
mistral,wp_0081,1,-2.044921875
mistral,wp_0081,2,-2.216796875
mistral,wp_0081,3,-2.03515625
mistral,wp_0081,4,-2.158203125
mistral,wp_0082,0,-1.962890625
mistral,wp_0082,1,-1.818359375
mistral,wp_0082,2,-2.1328125
mistral,wp_0082,3,-1.9384765625
mistral,wp_0082,4,-1.75390625
mistral,wp_0083,0,-2.236328125
mistral,wp_0083,1,-2.224609375
mistral,wp_0083,2,-2.060546875
mistral,wp_0083,3,-2.357421875
mistral,wp_0083,4,-2.326171875
mistral,wp_0084,0,-1.9365234375
mistral,wp_0084,1,-1.923828125
mistral,wp_0084,2,-1.4970703125
mistral,wp_0084,3,-1.7802734375
mistral,wp_0084,4,-1.6787109375
mistral,wp_0085,0,-2.15625
mistral,wp_0085,1,-2.05859375
mistral,wp_0085,2,-2.212890625
mistral,wp_0085,3,-1.9423828125
mistral,wp_0085,4,-1.9990234375
mistral,wp_0086,0,-1.947265625
mistral,wp_0086,1,-2.005859375
mistral,wp_0086,2,-2.017578125
mistral,wp_0086,3,-2.53125
mistral,wp_0086,4,-1.9521484375
mistral,wp_0087,0,-2.4453125
mistral,wp_0087,1,-1.8408203125
mistral,wp_0087,2,-2.52734375
mistral,wp_0087,3,-2.326171875
mistral,wp_0087,4,-2.4296875
mistral,wp_0088,0,-2.103515625
mistral,wp_0088,1,-2.369140625
mistral,wp_0088,2,-2.39453125
mistral,wp_0088,3,-1.8134765625
mistral,wp_0088,4,-2.228515625
mistral,wp_0089,0,-2.357421875
mistral,wp_0089,1,-1.9873046875
mistral,wp_0089,2,-2.259765625
mistral,wp_0089,3,-2.19921875
mistral,wp_0089,4,-2.6015625
mistral,wp_0090,0,-2.251953125
mistral,wp_0090,1,-2.375
mistral,wp_0090,2,-2.068359375
mistral,wp_0090,3,-2.232421875
mistral,wp_0090,4,-2.08984375
mistral,wp_0091,0,-2.16796875
mistral,wp_0091,1,-2.0078125
mistral,wp_0091,2,-2.01171875
mistral,wp_0091,3,-1.9921875
mistral,wp_0091,4,-2.15234375
mistral,wp_0092,0,-2.06640625
mistral,wp_0092,1,-1.6669921875
mistral,wp_0092,2,-1.966796875
mistral,wp_0092,3,-2.251953125
mistral,wp_0092,4,-1.986328125
mistral,wp_0093,0,-2.763671875
mistral,wp_0093,1,-2.62890625
mistral,wp_0093,2,-2.423828125
mistral,wp_0093,3,-2.568359375
mistral,wp_0093,4,-2.876953125
mistral,wp_0094,0,-2.234375
mistral,wp_0094,1,-2.123046875
mistral,wp_0094,2,-2.337890625
mistral,wp_0094,3,-2.232421875
mistral,wp_0094,4,-1.9755859375
mistral,wp_0095,0,-2.01953125
mistral,wp_0095,1,-2.27734375
mistral,wp_0095,2,-2.068359375
mistral,wp_0095,3,-2.349609375
mistral,wp_0095,4,-1.923828125
mistral,wp_0096,0,-2.09375
mistral,wp_0096,1,-2.1953125
mistral,wp_0096,2,-2.4765625
mistral,wp_0096,3,-2.287109375
mistral,wp_0096,4,-2.34375
mistral,wp_0097,0,-2.662109375
mistral,wp_0097,1,-1.947265625
mistral,wp_0097,2,-2.37890625
mistral,wp_0097,3,-2.59375
mistral,wp_0097,4,-2.31640625
mistral,wp_0098,0,-2.4140625
mistral,wp_0098,1,-1.875
mistral,wp_0098,2,-2.078125
mistral,wp_0098,3,-2.2421875
mistral,wp_0098,4,-1.9189453125
mistral,wp_0099,0,-2.0078125
mistral,wp_0099,1,-2.009765625
mistral,wp_0099,2,-1.998046875
mistral,wp_0099,3,-2.064453125
mistral,wp_0099,4,-2.232421875
mistral,wp_0100,0,-2.39453125
mistral,wp_0100,1,-2.20703125
mistral,wp_0100,2,-2.23828125
mistral,wp_0100,3,-2.431640625
mistral,wp_0100,4,-2.38671875
mistral,wp_0101,0,-2.041015625
mistral,wp_0101,1,-1.8916015625
mistral,wp_0101,2,-2.068359375
mistral,wp_0101,3,-2.361328125
mistral,wp_0101,4,-2.181640625
mistral,wp_0102,0,-2.318359375
mistral,wp_0102,1,-2.423828125
mistral,wp_0102,2,-2.34375
mistral,wp_0102,3,-1.98828125
mistral,wp_0102,4,-1.8271484375
mistral,wp_0103,0,-2.228515625
mistral,wp_0103,1,-2.3515625
mistral,wp_0103,2,-1.9091796875
mistral,wp_0103,3,-2.220703125
mistral,wp_0103,4,-2.2578125
mistral,wp_0104,0,-2.1484375
mistral,wp_0104,1,-1.93359375
mistral,wp_0104,2,-2.10546875
mistral,wp_0104,3,-2.0390625
mistral,wp_0104,4,-2.04296875
mistral,wp_0105,0,-2.166015625
mistral,wp_0105,1,-2.359375
mistral,wp_0105,2,-2.103515625
mistral,wp_0105,3,-2.423828125
mistral,wp_0105,4,-2.216796875
mistral,wp_0106,0,-2.099609375
mistral,wp_0106,1,-2.2265625
mistral,wp_0106,2,-2.34765625
mistral,wp_0106,3,-2.02734375
mistral,wp_0106,4,-2.404296875
mistral,wp_0107,0,-2.16015625
mistral,wp_0107,1,-2.20703125
mistral,wp_0107,2,-2.23046875
mistral,wp_0107,3,-2.142578125
mistral,wp_0107,4,-1.916015625
mistral,wp_0108,0,-2.171875
mistral,wp_0108,1,-2.349609375
mistral,wp_0108,2,-2.103515625
mistral,wp_0108,3,-2.302734375
mistral,wp_0108,4,-2.1171875
mistral,wp_0109,0,-1.95703125
mistral,wp_0109,1,-1.8583984375
mistral,wp_0109,2,-2.017578125
mistral,wp_0109,3,-1.9580078125
mistral,wp_0109,4,-1.9189453125
mistral,wp_0110,0,-2.056640625
mistral,wp_0110,1,-1.806640625
mistral,wp_0110,2,-1.9892578125
mistral,wp_0110,3,-1.8681640625
mistral,wp_0110,4,-1.796875
mistral,wp_0111,0,-2.322265625
mistral,wp_0111,1,-1.90625
mistral,wp_0111,2,-2.17578125
mistral,wp_0111,3,-2.205078125
mistral,wp_0111,4,-1.927734375
mistral,wp_0112,0,-2.115234375
mistral,wp_0112,1,-2.119140625
mistral,wp_0112,2,-2.2734375
mistral,wp_0112,3,-1.931640625
mistral,wp_0112,4,-2.318359375
mistral,wp_0113,0,-2.048828125
mistral,wp_0113,1,-2.02734375
mistral,wp_0113,2,-2.2109375
mistral,wp_0113,3,-2.30859375
mistral,wp_0113,4,-2.08203125
mistral,wp_0114,0,-2.24609375
mistral,wp_0114,1,-2.10546875
mistral,wp_0114,2,-2.0859375
mistral,wp_0114,3,-2.291015625
mistral,wp_0114,4,-1.9892578125
mistral,wp_0115,0,-2.10546875
mistral,wp_0115,1,-2.00390625
mistral,wp_0115,2,-2.205078125
mistral,wp_0115,3,-1.916015625
mistral,wp_0115,4,-1.9931640625
mistral,wp_0116,0,-2.537109375
mistral,wp_0116,1,-2.24609375
mistral,wp_0116,2,-2.38671875
mistral,wp_0116,3,-2.171875
mistral,wp_0116,4,-2.013671875
mistral,wp_0117,0,-2.373046875
mistral,wp_0117,1,-2.400390625
mistral,wp_0117,2,-2.63671875
mistral,wp_0117,3,-2.578125
mistral,wp_0117,4,-2.41796875
mistral,wp_0118,0,-2.021484375
mistral,wp_0118,1,-2.279296875
mistral,wp_0118,2,-2.1484375
mistral,wp_0118,3,-2.1171875
mistral,wp_0118,4,-2.244140625
mistral,wp_0119,0,-2.015625
mistral,wp_0119,1,-2.224609375
mistral,wp_0119,2,-2.05859375
mistral,wp_0119,3,-2.296875
mistral,wp_0119,4,-2.298828125
mistral,wp_0120,0,-2.37109375
mistral,wp_0120,1,-1.93359375
mistral,wp_0120,2,-2.140625
mistral,wp_0120,3,-2.298828125
mistral,wp_0120,4,-2.27734375
mistral,wp_0121,0,-1.9482421875
mistral,wp_0121,1,-1.9765625
mistral,wp_0121,2,-2.123046875
mistral,wp_0121,3,-2.0625
mistral,wp_0122,0,-2.087890625
mistral,wp_0122,1,-2.16796875
mistral,wp_0122,2,-2.275390625
mistral,wp_0122,3,-2.109375
mistral,wp_0122,4,-2.1484375
mistral,wp_0123,0,-2.140625
mistral,wp_0123,1,-2.205078125
mistral,wp_0123,2,-1.6572265625
mistral,wp_0123,3,-2.15625
mistral,wp_0123,4,-1.7529296875
mistral,wp_0124,0,-2.42578125
mistral,wp_0124,1,-2.5078125
mistral,wp_0124,2,-2.5
mistral,wp_0124,3,-2.564453125
mistral,wp_0124,4,-2.72265625
mistral,wp_0125,0,-2.521484375
mistral,wp_0125,1,-2.0703125
mistral,wp_0125,2,-2.126953125
mistral,wp_0125,3,-2.05078125
mistral,wp_0125,4,-2.20703125
mistral,wp_0126,0,-1.7919921875
mistral,wp_0126,1,-2.203125
mistral,wp_0126,2,-1.91015625
mistral,wp_0126,3,-1.8369140625
mistral,wp_0126,4,-2.076171875
mistral,wp_0127,0,-1.875
mistral,wp_0127,1,-1.876953125
mistral,wp_0127,2,-1.9501953125
mistral,wp_0127,3,-2.08984375
mistral,wp_0127,4,-1.9677734375
mistral,wp_0128,0,-2.3046875
mistral,wp_0128,1,-1.9990234375
mistral,wp_0128,2,-2.04296875
mistral,wp_0128,3,-2.201171875
mistral,wp_0128,4,-2.076171875
mistral,wp_0129,0,-2.103515625
mistral,wp_0129,1,-2.30859375
mistral,wp_0129,2,-2.01953125
mistral,wp_0129,3,-1.8671875
mistral,wp_0129,4,-2.193359375
mistral,wp_0130,0,-2.181640625
mistral,wp_0130,1,-2.44921875
mistral,wp_0130,2,-2.28515625
mistral,wp_0130,3,-1.990234375
mistral,wp_0130,4,-1.7734375
mistral,wp_0131,0,-2.013671875
mistral,wp_0131,1,-2.2109375
mistral,wp_0131,2,-2.12109375
mistral,wp_0131,3,-1.8330078125
mistral,wp_0131,4,-2.015625
mistral,wp_0132,0,-2.21484375
mistral,wp_0132,1,-2.0859375
mistral,wp_0132,2,-2.232421875
mistral,wp_0132,3,-2.19921875
mistral,wp_0132,4,-2.056640625
mistral,wp_0133,0,-2.080078125
mistral,wp_0133,1,-1.97265625
mistral,wp_0133,2,-2.130859375
mistral,wp_0133,3,-2.02734375
mistral,wp_0133,4,-2.06640625
mistral,wp_0134,0,-2.265625
mistral,wp_0134,1,-2.291015625
mistral,wp_0134,2,-2.365234375
mistral,wp_0134,3,-2.3046875
mistral,wp_0134,4,-2.169921875
mistral,wp_0135,0,-2.255859375
mistral,wp_0135,1,-2.0
mistral,wp_0135,2,-1.94921875
mistral,wp_0135,4,-1.99609375
mistral,wp_0136,0,-2.048828125
mistral,wp_0136,1,-2.3515625
mistral,wp_0136,2,-2.08984375
mistral,wp_0136,3,-2.189453125
mistral,wp_0136,4,-1.798828125
mistral,wp_0137,0,-2.080078125
mistral,wp_0137,1,-1.767578125
mistral,wp_0137,2,-1.953125
mistral,wp_0137,3,-1.8603515625
mistral,wp_0137,4,-1.9013671875
mistral,wp_0138,0,-2.171875
mistral,wp_0138,1,-2.05859375
mistral,wp_0138,2,-2.228515625
mistral,wp_0138,3,-2.23828125
mistral,wp_0138,4,-1.97265625
mistral,wp_0139,0,-1.89453125
mistral,wp_0139,1,-2.078125
mistral,wp_0139,2,-2.0078125
mistral,wp_0139,3,-2.1953125
mistral,wp_0139,4,-2.1796875
mistral,wp_0140,0,-2.107421875
mistral,wp_0140,1,-1.8388671875
mistral,wp_0140,2,-1.7255859375
mistral,wp_0140,3,-1.955078125
mistral,wp_0140,4,-2.09765625
mistral,wp_0141,0,-2.259765625
mistral,wp_0141,1,-1.9501953125
mistral,wp_0141,2,-2.171875
mistral,wp_0141,3,-1.9814453125
mistral,wp_0141,4,-2.046875
mistral,wp_0142,0,-2.79296875
mistral,wp_0142,1,-2.1953125
mistral,wp_0142,2,-2.5859375
mistral,wp_0142,3,-2.529296875
mistral,wp_0142,4,-2.810546875
mistral,wp_0143,0,-1.8740234375
mistral,wp_0143,1,-2.14453125
mistral,wp_0143,2,-1.9052734375
mistral,wp_0143,3,-1.8818359375
mistral,wp_0143,4,-1.9833984375
mistral,wp_0144,0,-2.2734375
mistral,wp_0144,1,-1.8232421875
mistral,wp_0144,2,-2.240234375
mistral,wp_0144,3,-2.232421875
mistral,wp_0144,4,-2.326171875
mistral,wp_0145,0,-1.9716796875
mistral,wp_0145,1,-1.8740234375
mistral,wp_0145,2,-2.1328125
mistral,wp_0145,3,-2.181640625
mistral,wp_0145,4,-1.8662109375
mistral,wp_0146,0,-2.017578125
mistral,wp_0146,1,-2.2734375
mistral,wp_0146,2,-2.068359375
mistral,wp_0146,3,-2.107421875
mistral,wp_0146,4,-2.142578125
mistral,wp_0147,0,-2.255859375
mistral,wp_0147,1,-2.47265625
mistral,wp_0147,2,-2.0546875
mistral,wp_0147,3,-2.166015625
mistral,wp_0147,4,-1.919921875
mistral,wp_0148,0,-2.13671875
mistral,wp_0148,1,-2.025390625
mistral,wp_0148,2,-2.30078125
mistral,wp_0148,3,-2.455078125
mistral,wp_0148,4,-2.076171875
mistral,wp_0149,0,-1.9384765625
mistral,wp_0149,1,-1.8466796875
mistral,wp_0149,2,-1.8642578125
mistral,wp_0149,3,-2.18359375
mistral,wp_0149,4,-2.0390625
mistral,wp_0150,0,-2.41015625
mistral,wp_0150,1,-2.279296875
mistral,wp_0150,2,-2.328125
mistral,wp_0150,3,-1.8623046875
mistral,wp_0150,4,-1.91796875
mistral,wp_0151,0,-1.9677734375
mistral,wp_0151,1,-2.248046875
mistral,wp_0151,2,-2.033203125
mistral,wp_0151,3,-2.166015625
mistral,wp_0151,4,-2.26171875
mistral,wp_0152,0,-2.041015625
mistral,wp_0152,1,-2.390625
mistral,wp_0152,2,-1.943359375
mistral,wp_0152,3,-2.0859375
mistral,wp_0152,4,-2.125
mistral,wp_0153,1,-1.67578125
mistral,wp_0153,2,-1.7080078125
mistral,wp_0153,3,-1.8779296875
mistral,wp_0153,4,-2.068359375
mistral,wp_0154,0,-2.2421875
mistral,wp_0154,1,-1.9736328125
mistral,wp_0154,2,-1.9736328125
mistral,wp_0154,3,-2.130859375
mistral,wp_0154,4,-1.8212890625
mistral,wp_0155,0,-2.279296875
mistral,wp_0155,1,-2.12109375
mistral,wp_0155,2,-2.263671875
mistral,wp_0155,3,-2.0390625
mistral,wp_0155,4,-2.126953125
mistral,wp_0156,0,-2.138671875
mistral,wp_0156,1,-1.8564453125
mistral,wp_0156,2,-2.16796875
mistral,wp_0156,3,-2.02734375
mistral,wp_0156,4,-2.15234375
mistral,wp_0157,0,-2.0625
mistral,wp_0157,1,-1.84375
mistral,wp_0157,2,-1.91015625
mistral,wp_0157,3,-1.7744140625
mistral,wp_0157,4,-1.935546875
mistral,wp_0158,0,-2.3203125
mistral,wp_0158,1,-2.1171875
mistral,wp_0158,2,-2.021484375
mistral,wp_0158,3,-2.34375
mistral,wp_0158,4,-2.388671875
mistral,wp_0159,0,-2.08203125
mistral,wp_0159,1,-2.35546875
mistral,wp_0159,2,-1.978515625
mistral,wp_0159,3,-2.703125
mistral,wp_0159,4,-2.130859375
mistral,wp_0160,0,-1.826171875
mistral,wp_0160,1,-1.955078125
mistral,wp_0160,2,-1.9052734375
mistral,wp_0160,3,-1.892578125
mistral,wp_0160,4,-2.271484375
mistral,wp_0161,0,-2.205078125
mistral,wp_0161,1,-2.32421875
mistral,wp_0161,2,-1.8857421875
mistral,wp_0161,3,-2.193359375
mistral,wp_0161,4,-2.111328125
mistral,wp_0162,0,-2.1015625
mistral,wp_0162,1,-2.07421875
mistral,wp_0162,2,-2.23046875
mistral,wp_0162,3,-2.37109375
mistral,wp_0162,4,-2.453125
mistral,wp_0163,0,-2.044921875
mistral,wp_0163,1,-1.875
mistral,wp_0163,2,-2.2265625
mistral,wp_0163,3,-2.1640625
mistral,wp_0163,4,-2.09765625
mistral,wp_0164,0,-1.9375
mistral,wp_0164,1,-2.072265625
mistral,wp_0164,2,-1.83203125
mistral,wp_0164,3,-2.041015625
mistral,wp_0164,4,-2.291015625
mistral,wp_0165,0,-2.21484375
mistral,wp_0165,1,-2.1953125
mistral,wp_0165,2,-2.1875
mistral,wp_0165,3,-2.30078125
mistral,wp_0166,0,-2.03125
mistral,wp_0166,1,-2.013671875
mistral,wp_0166,2,-1.7314453125
mistral,wp_0166,3,-2.23046875
mistral,wp_0166,4,-2.453125
mistral,wp_0167,0,-1.9228515625
mistral,wp_0167,1,-1.9453125
mistral,wp_0167,2,-2.162109375
mistral,wp_0167,3,-2.078125
mistral,wp_0167,4,-2.26953125
mistral,wp_0168,0,-2.244140625
mistral,wp_0168,1,-2.083984375
mistral,wp_0168,2,-2.05859375
mistral,wp_0168,3,-2.046875
mistral,wp_0168,4,-1.83984375
mistral,wp_0169,0,-2.283203125
mistral,wp_0169,1,-2.169921875
mistral,wp_0169,2,-2.2265625
mistral,wp_0169,3,-2.13671875
mistral,wp_0169,4,-2.46484375
mistral,wp_0170,0,-2.13671875
mistral,wp_0170,1,-2.091796875
mistral,wp_0170,2,-2.02734375
mistral,wp_0170,3,-2.185546875
mistral,wp_0170,4,-2.28515625
mistral,wp_0171,0,-2.50390625
mistral,wp_0171,1,-2.14453125
mistral,wp_0171,2,-2.6640625
mistral,wp_0171,3,-2.326171875
mistral,wp_0171,4,-2.21484375
mistral,wp_0172,0,-2.091796875
mistral,wp_0172,1,-2.111328125
mistral,wp_0172,2,-2.09375
mistral,wp_0172,3,-1.98828125
mistral,wp_0172,4,-2.03515625
mistral,wp_0173,0,-1.921875
mistral,wp_0173,1,-2.171875
mistral,wp_0173,2,-1.7705078125
mistral,wp_0173,3,-1.859375
mistral,wp_0173,4,-1.85546875
mistral,wp_0174,0,-1.955078125
mistral,wp_0174,1,-1.826171875
mistral,wp_0174,2,-1.923828125
mistral,wp_0174,3,-1.9814453125
mistral,wp_0174,4,-1.8095703125
mistral,wp_0175,0,-2.109375
mistral,wp_0175,1,-2.224609375
mistral,wp_0175,2,-2.1953125
mistral,wp_0175,3,-2.47265625
mistral,wp_0175,4,-1.671875
mistral,wp_0176,0,-1.916015625
mistral,wp_0176,1,-1.9306640625
mistral,wp_0176,2,-2.15234375
mistral,wp_0176,3,-2.140625
mistral,wp_0176,4,-2.10546875
mistral,wp_0177,0,-1.7548828125
mistral,wp_0177,1,-2.091796875
mistral,wp_0177,2,-1.83203125
mistral,wp_0177,3,-1.8623046875
mistral,wp_0177,4,-2.203125
mistral,wp_0178,0,-1.9755859375
mistral,wp_0178,1,-2.265625
mistral,wp_0178,2,-2.005859375
mistral,wp_0178,3,-1.8857421875
mistral,wp_0178,4,-1.986328125
mistral,wp_0179,0,-2.154296875
mistral,wp_0179,1,-2.404296875
mistral,wp_0179,2,-2.4609375
mistral,wp_0179,3,-2.544921875
mistral,wp_0179,4,-2.3359375
mistral,wp_0180,0,-2.17578125
mistral,wp_0180,1,-2.318359375
mistral,wp_0180,2,-2.21484375
mistral,wp_0180,3,-2.583984375
mistral,wp_0180,4,-2.294921875
mistral,wp_0181,0,-2.1953125
mistral,wp_0181,1,-2.38671875
mistral,wp_0181,2,-2.4375
mistral,wp_0181,3,-2.234375
mistral,wp_0182,0,-2.2578125
mistral,wp_0182,1,-1.916015625
mistral,wp_0182,2,-2.326171875
mistral,wp_0182,3,-2.1171875
mistral,wp_0182,4,-2.267578125
mistral,wp_0183,0,-1.82421875
mistral,wp_0183,1,-1.7236328125
mistral,wp_0183,2,-1.70703125
mistral,wp_0183,3,-1.896484375
mistral,wp_0183,4,-1.951171875
mistral,wp_0184,0,-1.861328125
mistral,wp_0184,1,-2.01171875
mistral,wp_0184,2,-2.04296875
mistral,wp_0184,3,-2.42578125
mistral,wp_0184,4,-2.21484375
mistral,wp_0185,0,-2.578125
mistral,wp_0185,1,-2.353515625
mistral,wp_0185,2,-2.203125
mistral,wp_0185,3,-2.484375
mistral,wp_0185,4,-2.384765625
mistral,wp_0186,0,-1.93359375
mistral,wp_0186,1,-2.01953125
mistral,wp_0186,2,-2.060546875
mistral,wp_0186,3,-2.095703125
mistral,wp_0186,4,-2.021484375
mistral,wp_0187,0,-2.005859375
mistral,wp_0187,1,-2.19921875
mistral,wp_0187,2,-1.8330078125
mistral,wp_0187,3,-1.7265625
mistral,wp_0187,4,-1.7255859375
mistral,wp_0188,0,-2.384765625
mistral,wp_0188,1,-2.267578125
mistral,wp_0188,2,-2.244140625
mistral,wp_0188,3,-2.134765625
mistral,wp_0188,4,-2.4453125
mistral,wp_0189,0,-1.7607421875
mistral,wp_0189,1,-1.9482421875
mistral,wp_0189,2,-2.15625
mistral,wp_0189,3,-1.970703125
mistral,wp_0189,4,-1.880859375
mistral,wp_0190,0,-2.37109375
mistral,wp_0190,1,-2.3671875
mistral,wp_0190,2,-2.33203125
mistral,wp_0190,3,-2.3515625
mistral,wp_0190,4,-1.986328125
mistral,wp_0191,0,-1.9580078125
mistral,wp_0191,1,-1.982421875
mistral,wp_0191,2,-1.8291015625
mistral,wp_0191,3,-1.912109375
mistral,wp_0191,4,-2.109375
mistral,wp_0192,0,-2.310546875
mistral,wp_0192,1,-2.1171875
mistral,wp_0192,2,-2.076171875
mistral,wp_0192,3,-2.015625
mistral,wp_0192,4,-2.099609375
mistral,wp_0193,0,-2.09375
mistral,wp_0193,1,-2.189453125
mistral,wp_0193,2,-2.0859375
mistral,wp_0193,3,-2.189453125
mistral,wp_0193,4,-2.080078125
mistral,wp_0194,0,-1.9375
mistral,wp_0194,1,-1.9150390625
mistral,wp_0194,2,-1.6904296875
mistral,wp_0194,3,-1.9091796875
mistral,wp_0194,4,-1.79296875
mistral,wp_0195,0,-2.060546875
mistral,wp_0195,1,-1.9755859375
mistral,wp_0195,2,-2.107421875
mistral,wp_0195,3,-2.318359375
mistral,wp_0195,4,-2.01171875
mistral,wp_0196,0,-2.3046875
mistral,wp_0196,1,-2.328125
mistral,wp_0196,2,-2.216796875
mistral,wp_0196,3,-2.021484375
mistral,wp_0196,4,-2.064453125
mistral,wp_0197,0,-1.9697265625
mistral,wp_0197,1,-2.23828125
mistral,wp_0197,2,-2.0859375
mistral,wp_0197,3,-2.138671875
mistral,wp_0197,4,-1.9296875
mistral,wp_0198,0,-2.033203125
mistral,wp_0198,1,-1.935546875
mistral,wp_0198,2,-2.0625
mistral,wp_0198,3,-2.126953125
mistral,wp_0198,4,-1.8681640625
mistral,wp_0199,0,-2.529296875
mistral,wp_0199,1,-1.951171875
mistral,wp_0199,2,-2.158203125
mistral,wp_0199,3,-1.994140625
mistral,wp_0199,4,-2.017578125
qwen,wp_0000,0,-2.369140625
qwen,wp_0000,1,-2.2734375
qwen,wp_0000,2,-2.107421875
qwen,wp_0000,3,-2.369140625
qwen,wp_0000,4,-2.205078125
qwen,wp_0001,0,-2.083984375
qwen,wp_0001,1,-2.427734375
qwen,wp_0001,2,-1.96875
qwen,wp_0001,3,-2.0390625
qwen,wp_0001,4,-2.197265625
qwen,wp_0002,0,-1.8876953125
qwen,wp_0002,1,-2.126953125
qwen,wp_0002,2,-2.189453125
qwen,wp_0002,3,-1.9462890625
qwen,wp_0002,4,-2.15234375
qwen,wp_0003,0,-1.828125
qwen,wp_0003,1,-1.9306640625
qwen,wp_0003,2,-1.9833984375
qwen,wp_0003,3,-2.173828125
qwen,wp_0003,4,-1.9560546875
qwen,wp_0004,0,-2.43359375
qwen,wp_0004,1,-2.435546875
qwen,wp_0004,2,-2.09765625
qwen,wp_0004,3,-2.123046875
qwen,wp_0004,4,-2.310546875
qwen,wp_0005,0,-2.107421875
qwen,wp_0005,1,-1.646484375
qwen,wp_0005,2,-2.05859375
qwen,wp_0005,3,-1.927734375
qwen,wp_0005,4,-1.984375
qwen,wp_0006,0,-2.41796875
qwen,wp_0006,1,-2.103515625
qwen,wp_0006,2,-2.11328125
qwen,wp_0006,3,-2.228515625
qwen,wp_0006,4,-2.1875
qwen,wp_0007,0,-2.337890625
qwen,wp_0007,1,-2.37890625
qwen,wp_0007,2,-2.349609375
qwen,wp_0007,3,-2.24609375
qwen,wp_0007,4,-2.41796875
qwen,wp_0008,0,-2.138671875
qwen,wp_0008,1,-2.25
qwen,wp_0008,2,-1.9306640625
qwen,wp_0008,3,-2.263671875
qwen,wp_0008,4,-2.4296875
qwen,wp_0009,0,-2.171875
qwen,wp_0009,1,-2.326171875
qwen,wp_0009,2,-2.072265625
qwen,wp_0009,3,-2.236328125
qwen,wp_0009,4,-2.126953125
qwen,wp_0010,0,-1.884765625
qwen,wp_0010,1,-1.875
qwen,wp_0010,2,-1.9267578125
qwen,wp_0010,3,-2.095703125
qwen,wp_0010,4,-1.9208984375
qwen,wp_0011,0,-2.240234375
qwen,wp_0011,1,-2.11328125
qwen,wp_0011,2,-2.431640625
qwen,wp_0011,3,-2.404296875
qwen,wp_0011,4,-2.158203125
qwen,wp_0012,0,-2.107421875
qwen,wp_0012,1,-2.361328125
qwen,wp_0012,2,-2.216796875
qwen,wp_0012,3,-2.2109375
qwen,wp_0012,4,-2.439453125
qwen,wp_0013,0,-2.43359375
qwen,wp_0013,1,-2.548828125
qwen,wp_0013,2,-2.5703125
qwen,wp_0013,3,-2.328125
qwen,wp_0013,4,-2.6953125
qwen,wp_0014,0,-2.78515625
qwen,wp_0014,1,-2.3515625
qwen,wp_0014,2,-2.37109375
qwen,wp_0014,3,-2.326171875
qwen,wp_0014,4,-2.623046875
qwen,wp_0015,0,-2.03515625
qwen,wp_0015,1,-2.31640625
qwen,wp_0015,2,-2.208984375
qwen,wp_0015,3,-2.244140625
qwen,wp_0015,4,-2.072265625
qwen,wp_0016,0,-2.21484375
qwen,wp_0016,1,-2.337890625
qwen,wp_0016,2,-2.517578125
qwen,wp_0016,3,-2.19921875
qwen,wp_0016,4,-2.388671875
qwen,wp_0017,0,-2.123046875
qwen,wp_0017,1,-1.9912109375
qwen,wp_0017,2,-1.654296875
qwen,wp_0017,3,-2.265625
qwen,wp_0017,4,-2.27734375
qwen,wp_0018,0,-1.537109375
qwen,wp_0018,1,-1.6796875
qwen,wp_0018,2,-1.58984375
qwen,wp_0018,3,-1.78515625
qwen,wp_0018,4,-1.9033203125
qwen,wp_0019,0,-2.4609375
qwen,wp_0019,1,-2.328125
qwen,wp_0019,2,-2.330078125
qwen,wp_0019,3,-2.17578125
qwen,wp_0019,4,-2.216796875
qwen,wp_0020,0,-2.208984375
qwen,wp_0020,1,-2.0078125
qwen,wp_0020,2,-2.240234375
qwen,wp_0020,3,-2.087890625
qwen,wp_0020,4,-1.8359375
qwen,wp_0021,0,-2.015625
qwen,wp_0021,1,-2.1796875
qwen,wp_0021,2,-2.037109375
qwen,wp_0021,3,-1.92578125
qwen,wp_0021,4,-1.9091796875
qwen,wp_0022,0,-1.96484375
qwen,wp_0022,1,-2.15625
qwen,wp_0022,2,-2.306640625
qwen,wp_0022,3,-2.39453125
qwen,wp_0022,4,-2.330078125
qwen,wp_0023,0,-2.025390625
qwen,wp_0023,1,-2.50390625
qwen,wp_0023,2,-2.484375
qwen,wp_0023,3,-2.25390625
qwen,wp_0023,4,-2.28515625
qwen,wp_0024,0,-2.375
qwen,wp_0024,1,-2.099609375
qwen,wp_0024,2,-2.228515625
qwen,wp_0024,3,-2.408203125
qwen,wp_0024,4,-2.4453125
qwen,wp_0025,0,-2.10546875
qwen,wp_0025,1,-2.33203125
qwen,wp_0025,2,-2.1953125
qwen,wp_0025,3,-2.23046875
qwen,wp_0025,4,-2.11328125
qwen,wp_0026,0,-2.37109375
qwen,wp_0026,1,-2.09765625
qwen,wp_0026,2,-2.458984375
qwen,wp_0026,3,-2.12109375
qwen,wp_0026,4,-2.0546875
qwen,wp_0027,0,-1.95703125
qwen,wp_0027,1,-2.123046875
qwen,wp_0027,2,-2.181640625
qwen,wp_0027,3,-2.24609375
qwen,wp_0027,4,-2.08984375
qwen,wp_0028,0,-1.8505859375
qwen,wp_0028,1,-2.279296875
qwen,wp_0028,2,-2.634765625
qwen,wp_0028,3,-1.9296875
qwen,wp_0028,4,-2.12109375
qwen,wp_0029,0,-2.328125
qwen,wp_0029,1,-2.251953125
qwen,wp_0029,2,-1.904296875
qwen,wp_0029,3,-2.001953125
qwen,wp_0029,4,-1.93359375
qwen,wp_0030,0,-2.126953125
qwen,wp_0030,1,-1.93359375
qwen,wp_0030,2,-2.32421875
qwen,wp_0030,3,-1.91796875
qwen,wp_0030,4,-2.369140625
qwen,wp_0031,0,-2.208984375
qwen,wp_0031,1,-1.8515625
qwen,wp_0031,2,-2.1640625
qwen,wp_0031,3,-2.46875
qwen,wp_0031,4,-2.298828125
qwen,wp_0032,0,-1.7998046875
qwen,wp_0032,1,-1.654296875
qwen,wp_0032,2,-2.078125
qwen,wp_0032,3,-1.5849609375
qwen,wp_0032,4,-2.02734375
qwen,wp_0033,0,-2.421875
qwen,wp_0033,1,-2.37109375
qwen,wp_0033,2,-2.34765625
qwen,wp_0033,3,-2.021484375
qwen,wp_0033,4,-2.30078125
qwen,wp_0034,0,-1.423828125
qwen,wp_0034,1,-1.5263671875
qwen,wp_0034,2,-1.7412109375
qwen,wp_0034,3,-1.62890625
qwen,wp_0034,4,-1.4296875
qwen,wp_0035,0,-2.421875
qwen,wp_0035,1,-2.4921875
qwen,wp_0035,2,-2.84765625
qwen,wp_0035,3,-2.515625
qwen,wp_0035,4,-2.388671875
qwen,wp_0036,0,-2.267578125
qwen,wp_0036,1,-2.12109375
qwen,wp_0036,2,-1.94921875
qwen,wp_0036,3,-1.748046875
qwen,wp_0036,4,-1.74609375
qwen,wp_0037,0,-1.998046875
qwen,wp_0037,1,-1.904296875
qwen,wp_0037,2,-2.2734375
qwen,wp_0037,3,-1.873046875
qwen,wp_0037,4,-1.97265625
qwen,wp_0038,0,-2.33203125
qwen,wp_0038,1,-2.3671875
qwen,wp_0038,2,-2.103515625
qwen,wp_0038,3,-2.37109375
qwen,wp_0038,4,-2.322265625
qwen,wp_0039,0,-2.05859375
qwen,wp_0039,1,-2.3125
qwen,wp_0039,2,-2.095703125
qwen,wp_0039,3,-2.20703125
qwen,wp_0039,4,-2.193359375
qwen,wp_0040,0,-2.212890625
qwen,wp_0040,1,-2.11328125
qwen,wp_0040,2,-2.111328125
qwen,wp_0040,3,-2.279296875
qwen,wp_0040,4,-2.328125
qwen,wp_0041,0,-2.193359375
qwen,wp_0041,1,-1.9853515625
qwen,wp_0041,2,-2.19921875
qwen,wp_0041,3,-2.236328125
qwen,wp_0041,4,-2.228515625
qwen,wp_0042,0,-1.7880859375
qwen,wp_0042,1,-1.845703125
qwen,wp_0042,2,-1.7783203125
qwen,wp_0042,3,-1.7275390625
qwen,wp_0042,4,-2.1796875
qwen,wp_0043,0,-2.2265625
qwen,wp_0043,1,-2.421875
qwen,wp_0043,2,-2.337890625
qwen,wp_0043,3,-2.17578125
qwen,wp_0043,4,-2.423828125
qwen,wp_0044,0,-1.8623046875
qwen,wp_0044,1,-1.931640625
qwen,wp_0044,2,-1.8857421875
qwen,wp_0044,3,-2.2265625
qwen,wp_0044,4,-1.8662109375
qwen,wp_0045,0,-1.923828125
qwen,wp_0045,1,-2.4140625
qwen,wp_0045,2,-2.01953125
qwen,wp_0045,3,-2.103515625
qwen,wp_0045,4,-2.287109375
qwen,wp_0046,0,-2.21484375
qwen,wp_0046,1,-2.095703125
qwen,wp_0046,2,-2.17578125
qwen,wp_0046,3,-2.4765625
qwen,wp_0046,4,-2.169921875
qwen,wp_0047,0,-1.8427734375
qwen,wp_0047,1,-1.8583984375
qwen,wp_0047,2,-1.9990234375
qwen,wp_0047,3,-2.0859375
qwen,wp_0047,4,-1.9189453125
qwen,wp_0048,0,-2.5078125
qwen,wp_0048,1,-2.15234375
qwen,wp_0048,2,-2.1015625
qwen,wp_0048,3,-2.39453125
qwen,wp_0048,4,-2.455078125
qwen,wp_0049,0,-2.37890625
qwen,wp_0049,1,-2.7734375
qwen,wp_0049,2,-2.42578125
qwen,wp_0049,3,-2.279296875
qwen,wp_0049,4,-2.13671875
qwen,wp_0050,0,-2.30859375
qwen,wp_0050,1,-2.18359375
qwen,wp_0050,2,-2.615234375
qwen,wp_0050,3,-2.322265625
qwen,wp_0050,4,-2.455078125
qwen,wp_0051,0,-2.02734375
qwen,wp_0051,1,-2.333984375
qwen,wp_0051,2,-2.173828125
qwen,wp_0051,3,-2.001953125
qwen,wp_0051,4,-2.078125
qwen,wp_0052,0,-1.6767578125
qwen,wp_0052,1,-2.0078125
qwen,wp_0052,2,-2.40625
qwen,wp_0052,3,-2.552734375
qwen,wp_0052,4,-2.06640625
qwen,wp_0053,0,-2.05859375
qwen,wp_0053,1,-2.24609375
qwen,wp_0053,2,-2.103515625
qwen,wp_0053,3,-2.083984375
qwen,wp_0053,4,-2.111328125
qwen,wp_0054,0,-1.908203125
qwen,wp_0054,1,-2.16015625
qwen,wp_0054,2,-2.1796875
qwen,wp_0054,3,-2.1171875
qwen,wp_0054,4,-2.36328125
qwen,wp_0055,0,-1.865234375
qwen,wp_0055,1,-2.275390625
qwen,wp_0055,2,-2.017578125
qwen,wp_0055,3,-2.59765625
qwen,wp_0055,4,-1.3720703125
qwen,wp_0056,0,-2.189453125
qwen,wp_0056,1,-2.29296875
qwen,wp_0056,2,-2.119140625
qwen,wp_0056,3,-2.533203125
qwen,wp_0056,4,-2.62109375
qwen,wp_0057,0,-2.4921875
qwen,wp_0057,1,-2.16015625
qwen,wp_0057,2,-2.40234375
qwen,wp_0057,3,-2.494140625
qwen,wp_0057,4,-2.31640625
qwen,wp_0058,0,-2.28515625
qwen,wp_0058,1,-2.177734375
qwen,wp_0058,2,-1.9248046875
qwen,wp_0058,3,-2.140625
qwen,wp_0058,4,-2.37890625
qwen,wp_0059,1,-2.025390625
qwen,wp_0059,2,-2.208984375
qwen,wp_0059,3,-2.13671875
qwen,wp_0059,4,-2.408203125
qwen,wp_0060,0,-2.46875
qwen,wp_0060,1,-2.19921875
qwen,wp_0060,2,-2.216796875
qwen,wp_0060,3,-1.9951171875
qwen,wp_0060,4,-2.130859375
qwen,wp_0061,0,-2.03515625
qwen,wp_0061,1,-2.1796875
qwen,wp_0061,2,-2.09765625
qwen,wp_0061,3,-1.9775390625
qwen,wp_0061,4,-2.259765625
qwen,wp_0062,0,-2.080078125
qwen,wp_0062,1,-2.251953125
qwen,wp_0062,2,-2.3203125
qwen,wp_0062,3,-1.9755859375
qwen,wp_0062,4,-2.408203125
qwen,wp_0063,0,-2.43359375
qwen,wp_0063,1,-2.154296875
qwen,wp_0063,2,-2.25390625
qwen,wp_0063,3,-1.986328125
qwen,wp_0063,4,-2.150390625
qwen,wp_0064,0,-1.7880859375
qwen,wp_0064,1,-2.029296875
qwen,wp_0064,2,-2.0234375
qwen,wp_0064,3,-2.09765625
qwen,wp_0064,4,-2.255859375
qwen,wp_0065,0,-1.9443359375
qwen,wp_0065,1,-2.080078125
qwen,wp_0065,2,-1.9951171875
qwen,wp_0065,3,-2.080078125
qwen,wp_0065,4,-1.7705078125
qwen,wp_0066,0,-2.478515625
qwen,wp_0066,1,-2.150390625
qwen,wp_0066,2,-2.14453125
qwen,wp_0066,3,-2.314453125
qwen,wp_0066,4,-2.412109375
qwen,wp_0067,0,-1.9150390625
qwen,wp_0067,1,-2.021484375
qwen,wp_0067,2,-2.0390625
qwen,wp_0067,3,-2.259765625
qwen,wp_0068,0,-2.408203125
qwen,wp_0068,1,-2.333984375
qwen,wp_0068,2,-2.52734375
qwen,wp_0068,3,-2.388671875
qwen,wp_0068,4,-2.6953125
qwen,wp_0069,0,-2.455078125
qwen,wp_0069,1,-2.396484375
qwen,wp_0069,2,-1.7294921875
qwen,wp_0069,3,-2.2890625
qwen,wp_0069,4,-2.47265625
qwen,wp_0070,0,-2.208984375
qwen,wp_0070,1,-2.23828125
qwen,wp_0070,2,-2.34765625
qwen,wp_0070,3,-2.65625
qwen,wp_0070,4,-2.21484375
qwen,wp_0071,0,-1.9326171875
qwen,wp_0071,1,-2.109375
qwen,wp_0071,2,-2.263671875
qwen,wp_0071,3,-2.341796875
qwen,wp_0071,4,-2.384765625
qwen,wp_0072,0,-1.935546875
qwen,wp_0072,1,-2.43359375
qwen,wp_0072,2,-2.265625
qwen,wp_0072,3,-2.451171875
qwen,wp_0072,4,-2.505859375
qwen,wp_0073,0,-2.080078125
qwen,wp_0073,1,-2.095703125
qwen,wp_0073,2,-1.62109375
qwen,wp_0073,3,-1.7841796875
qwen,wp_0073,4,-2.052734375
qwen,wp_0074,0,-2.15625
qwen,wp_0074,1,-2.181640625
qwen,wp_0074,2,-1.7451171875
qwen,wp_0074,3,-2.40625
qwen,wp_0074,4,-1.81640625
qwen,wp_0075,0,-2.068359375
qwen,wp_0075,1,-2.2734375
qwen,wp_0075,2,-2.052734375
qwen,wp_0075,3,-1.9013671875
qwen,wp_0075,4,-2.30859375
qwen,wp_0076,0,-1.9443359375
qwen,wp_0076,1,-1.5810546875
qwen,wp_0076,2,-1.90625
qwen,wp_0076,3,-1.85546875
qwen,wp_0076,4,-1.783203125
qwen,wp_0077,0,-2.107421875
qwen,wp_0077,1,-1.8583984375
qwen,wp_0077,2,-2.123046875
qwen,wp_0077,3,-2.048828125
qwen,wp_0077,4,-2.2109375
qwen,wp_0078,0,-2.271484375
qwen,wp_0078,1,-2.556640625
qwen,wp_0078,2,-2.125
qwen,wp_0078,3,-2.517578125
qwen,wp_0078,4,-2.107421875
qwen,wp_0079,0,-2.228515625
qwen,wp_0079,1,-2.1328125
qwen,wp_0079,2,-2.177734375
qwen,wp_0079,3,-2.07421875
qwen,wp_0079,4,-1.9873046875
qwen,wp_0080,0,-2.0546875
qwen,wp_0080,1,-2.1796875
qwen,wp_0080,2,-2.298828125
qwen,wp_0080,3,-2.251953125
qwen,wp_0080,4,-2.5234375
qwen,wp_0081,0,-2.03515625
qwen,wp_0081,1,-1.9296875
qwen,wp_0081,2,-2.009765625
qwen,wp_0081,3,-2.1484375
qwen,wp_0081,4,-2.2109375
qwen,wp_0082,0,-2.611328125
qwen,wp_0082,1,-2.521484375
qwen,wp_0082,2,-2.16015625
qwen,wp_0082,3,-2.123046875
qwen,wp_0082,4,-2.416015625
qwen,wp_0083,0,-2.3359375
qwen,wp_0083,1,-2.130859375
qwen,wp_0083,2,-2.423828125
qwen,wp_0083,3,-2.3515625
qwen,wp_0083,4,-2.427734375
qwen,wp_0084,0,-1.974609375
qwen,wp_0084,1,-2.205078125
qwen,wp_0084,2,-2.03125
qwen,wp_0084,3,-2.01171875
qwen,wp_0084,4,-1.697265625
qwen,wp_0085,0,-1.9951171875
qwen,wp_0085,1,-1.984375
qwen,wp_0085,2,-1.9140625
qwen,wp_0085,3,-2.119140625
qwen,wp_0085,4,-2.21875
qwen,wp_0086,0,-2.205078125
qwen,wp_0086,1,-2.076171875
qwen,wp_0086,2,-2.271484375
qwen,wp_0086,3,-2.326171875
qwen,wp_0086,4,-2.302734375
qwen,wp_0087,0,-2.556640625
qwen,wp_0087,1,-2.306640625
qwen,wp_0087,2,-2.19921875
qwen,wp_0087,3,-2.1875
qwen,wp_0087,4,-2.171875
qwen,wp_0088,0,-2.23828125
qwen,wp_0088,1,-2.328125
qwen,wp_0088,2,-2.3515625
qwen,wp_0088,3,-2.404296875
qwen,wp_0088,4,-2.3203125
qwen,wp_0089,0,-2.3828125
qwen,wp_0089,1,-2.1328125
qwen,wp_0089,2,-2.25390625
qwen,wp_0089,3,-2.35546875
qwen,wp_0089,4,-2.142578125
qwen,wp_0090,0,-2.01953125
qwen,wp_0090,1,-1.9853515625
qwen,wp_0090,2,-1.96875
qwen,wp_0090,3,-2.18359375
qwen,wp_0090,4,-2.103515625
qwen,wp_0091,0,-2.36328125
qwen,wp_0091,1,-2.318359375
qwen,wp_0091,2,-2.638671875
qwen,wp_0091,3,-2.240234375
qwen,wp_0091,4,-2.23046875
qwen,wp_0092,0,-1.6669921875
qwen,wp_0092,1,-2.076171875
qwen,wp_0092,2,-1.654296875
qwen,wp_0092,3,-2.138671875
qwen,wp_0092,4,-1.9072265625
qwen,wp_0093,0,-2.607421875
qwen,wp_0093,1,-2.513671875
qwen,wp_0093,2,-2.24609375
qwen,wp_0093,3,-2.201171875
qwen,wp_0093,4,-2.3828125
qwen,wp_0094,0,-2.369140625
qwen,wp_0094,1,-2.072265625
qwen,wp_0094,2,-2.373046875
qwen,wp_0094,3,-2.46484375
qwen,wp_0094,4,-2.240234375
qwen,wp_0095,0,-2.216796875
qwen,wp_0095,1,-2.41015625
qwen,wp_0095,2,-2.611328125
qwen,wp_0095,3,-2.23828125
qwen,wp_0095,4,-2.365234375
qwen,wp_0096,0,-2.275390625
qwen,wp_0096,1,-2.37109375
qwen,wp_0096,2,-2.36328125
qwen,wp_0096,3,-2.49609375
qwen,wp_0096,4,-2.572265625
qwen,wp_0097,0,-2.314453125
qwen,wp_0097,1,-2.259765625
qwen,wp_0097,2,-2.341796875
qwen,wp_0097,3,-2.146484375
qwen,wp_0097,4,-1.982421875
qwen,wp_0098,0,-2.357421875
qwen,wp_0098,1,-2.4765625
qwen,wp_0098,2,-2.5859375
qwen,wp_0098,3,-2.099609375
qwen,wp_0098,4,-2.203125
qwen,wp_0099,0,-2.048828125
qwen,wp_0099,1,-2.3203125
qwen,wp_0099,2,-2.005859375
qwen,wp_0099,3,-2.0625
qwen,wp_0099,4,-2.0703125
qwen,wp_0100,0,-2.330078125
qwen,wp_0100,1,-2.494140625
qwen,wp_0100,2,-2.423828125
qwen,wp_0100,3,-2.533203125
qwen,wp_0100,4,-2.412109375
qwen,wp_0101,0,-2.505859375
qwen,wp_0101,1,-2.125
qwen,wp_0101,2,-2.46875
qwen,wp_0101,3,-2.44140625
qwen,wp_0101,4,-2.19921875
qwen,wp_0102,0,-2.314453125
qwen,wp_0102,1,-2.169921875
qwen,wp_0102,2,-2.265625
qwen,wp_0102,3,-2.216796875
qwen,wp_0102,4,-1.986328125
qwen,wp_0103,0,-2.296875
qwen,wp_0103,1,-2.275390625
qwen,wp_0103,2,-2.21875
qwen,wp_0103,3,-2.388671875
qwen,wp_0103,4,-2.4296875
qwen,wp_0104,0,-2.04296875
qwen,wp_0104,1,-2.248046875
qwen,wp_0104,2,-1.9541015625
qwen,wp_0104,3,-2.20703125
qwen,wp_0104,4,-1.9658203125
qwen,wp_0105,0,-1.966796875
qwen,wp_0105,1,-2.255859375
qwen,wp_0105,2,-2.302734375
qwen,wp_0105,3,-2.0390625
qwen,wp_0105,4,-2.337890625
qwen,wp_0106,0,-2.15234375
qwen,wp_0106,1,-2.265625
qwen,wp_0106,2,-2.173828125
qwen,wp_0106,3,-2.203125
qwen,wp_0106,4,-2.037109375
qwen,wp_0107,0,-2.275390625
qwen,wp_0107,1,-1.916015625
qwen,wp_0107,2,-2.12890625
qwen,wp_0107,3,-2.14453125
qwen,wp_0107,4,-2.3828125
qwen,wp_0108,0,-2.08984375
qwen,wp_0108,1,-2.15625
qwen,wp_0108,2,-2.236328125
qwen,wp_0108,3,-1.9677734375
qwen,wp_0108,4,-2.384765625
qwen,wp_0109,0,-2.072265625
qwen,wp_0109,1,-1.78515625
qwen,wp_0109,2,-1.7900390625
qwen,wp_0109,3,-1.9033203125
qwen,wp_0109,4,-1.9775390625
qwen,wp_0110,0,-2.11328125
qwen,wp_0110,1,-1.9462890625
qwen,wp_0110,2,-1.958984375
qwen,wp_0110,3,-2.181640625
qwen,wp_0110,4,-2.005859375
qwen,wp_0111,0,-2.38671875
qwen,wp_0111,1,-2.12109375
qwen,wp_0111,2,-2.11328125
qwen,wp_0111,3,-2.03515625
qwen,wp_0111,4,-2.2109375
qwen,wp_0112,0,-2.162109375
qwen,wp_0112,1,-2.431640625
qwen,wp_0112,2,-2.205078125
qwen,wp_0112,3,-2.115234375
qwen,wp_0112,4,-2.345703125
qwen,wp_0113,0,-2.087890625
qwen,wp_0113,1,-2.154296875
qwen,wp_0113,2,-2.013671875
qwen,wp_0113,3,-2.107421875
qwen,wp_0113,4,-2.052734375
qwen,wp_0114,0,-2.392578125
qwen,wp_0114,1,-2.271484375
qwen,wp_0114,2,-1.91796875
qwen,wp_0114,3,-2.318359375
qwen,wp_0114,4,-2.3515625
qwen,wp_0115,0,-2.017578125
qwen,wp_0115,1,-2.416015625
qwen,wp_0115,2,-2.07421875
qwen,wp_0115,3,-2.265625
qwen,wp_0115,4,-2.173828125
qwen,wp_0116,0,-2.2265625
qwen,wp_0116,1,-2.3046875
qwen,wp_0116,2,-2.537109375
qwen,wp_0116,3,-2.28125
qwen,wp_0116,4,-2.146484375
qwen,wp_0117,0,-2.357421875
qwen,wp_0117,1,-2.033203125
qwen,wp_0117,2,-2.15625
qwen,wp_0117,3,-2.146484375
qwen,wp_0117,4,-2.283203125
qwen,wp_0118,0,-2.03125
qwen,wp_0118,1,-2.384765625
qwen,wp_0118,2,-1.7607421875
qwen,wp_0118,3,-2.298828125
qwen,wp_0118,4,-2.38671875
qwen,wp_0119,0,-2.1953125
qwen,wp_0119,1,-2.310546875
qwen,wp_0119,2,-2.283203125
qwen,wp_0119,3,-2.451171875
qwen,wp_0119,4,-2.326171875
qwen,wp_0120,0,-2.05859375
qwen,wp_0120,1,-2.296875
qwen,wp_0120,2,-1.8017578125
qwen,wp_0120,3,-2.33984375
qwen,wp_0120,4,-2.80859375
qwen,wp_0121,0,-2.212890625
qwen,wp_0121,1,-2.0234375
qwen,wp_0121,2,-2.060546875
qwen,wp_0121,3,-2.31640625
qwen,wp_0121,4,-2.00390625
qwen,wp_0122,0,-2.05078125
qwen,wp_0122,1,-2.03125
qwen,wp_0122,2,-2.505859375
qwen,wp_0122,3,-2.240234375
qwen,wp_0122,4,-2.171875
qwen,wp_0123,0,-2.2109375
qwen,wp_0123,1,-2.0
qwen,wp_0123,2,-2.4140625
qwen,wp_0123,3,-2.357421875
qwen,wp_0123,4,-2.3203125
qwen,wp_0124,0,-2.99609375
qwen,wp_0124,1,-3.357421875
qwen,wp_0124,2,-1.3740234375
qwen,wp_0124,3,-2.029296875
qwen,wp_0124,4,-2.681640625
qwen,wp_0125,0,-2.205078125
qwen,wp_0125,1,-2.35546875
qwen,wp_0125,2,-2.09765625
qwen,wp_0125,3,-2.33203125
qwen,wp_0125,4,-2.103515625
qwen,wp_0126,0,-1.8603515625
qwen,wp_0126,1,-1.810546875
qwen,wp_0126,2,-2.033203125
qwen,wp_0126,3,-2.0546875
qwen,wp_0126,4,-2.21875
qwen,wp_0127,1,-2.0234375
qwen,wp_0127,2,-2.13671875
qwen,wp_0127,3,-2.14453125
qwen,wp_0127,4,-2.4453125
qwen,wp_0128,0,-2.23828125
qwen,wp_0128,1,-2.09375
qwen,wp_0128,2,-2.3359375
qwen,wp_0128,3,-3.0
qwen,wp_0128,4,-2.427734375
qwen,wp_0129,0,-2.275390625
qwen,wp_0129,1,-2.33203125
qwen,wp_0129,2,-2.388671875
qwen,wp_0129,3,-2.248046875
qwen,wp_0129,4,-2.37109375
qwen,wp_0130,0,-1.9072265625
qwen,wp_0130,1,-2.388671875
qwen,wp_0130,2,-2.470703125
qwen,wp_0130,3,-2.17578125
qwen,wp_0130,4,-1.765625
qwen,wp_0131,0,-2.279296875
qwen,wp_0131,1,-1.865234375
qwen,wp_0131,2,-2.2421875
qwen,wp_0131,3,-2.4765625
qwen,wp_0131,4,-2.158203125
qwen,wp_0132,0,-2.333984375
qwen,wp_0132,1,-2.1796875
qwen,wp_0132,2,-2.314453125
qwen,wp_0132,3,-2.12109375
qwen,wp_0132,4,-2.119140625
qwen,wp_0133,0,-2.373046875
qwen,wp_0133,1,-2.1640625
qwen,wp_0133,2,-2.400390625
qwen,wp_0133,3,-2.185546875
qwen,wp_0133,4,-2.15625
qwen,wp_0134,0,-2.201171875
qwen,wp_0134,1,-2.287109375
qwen,wp_0134,2,-2.18359375
qwen,wp_0134,3,-2.400390625
qwen,wp_0134,4,-2.408203125
qwen,wp_0135,0,-1.8486328125
qwen,wp_0135,1,-1.98046875
qwen,wp_0135,2,-2.083984375
qwen,wp_0135,3,-2.177734375
qwen,wp_0135,4,-1.9609375
qwen,wp_0136,0,-2.42578125
qwen,wp_0136,1,-2.337890625
qwen,wp_0136,2,-2.296875
qwen,wp_0136,3,-2.107421875
qwen,wp_0136,4,-2.310546875
qwen,wp_0137,0,-2.28125
qwen,wp_0137,1,-2.130859375
qwen,wp_0137,2,-1.98046875
qwen,wp_0137,3,-2.291015625
qwen,wp_0137,4,-2.10546875
qwen,wp_0138,0,-2.37109375
qwen,wp_0138,1,-2.33203125
qwen,wp_0138,2,-2.244140625
qwen,wp_0138,3,-1.9365234375
qwen,wp_0138,4,-2.271484375
qwen,wp_0139,0,-2.083984375
qwen,wp_0139,1,-2.29296875
qwen,wp_0139,2,-2.33203125
qwen,wp_0139,3,-2.373046875
qwen,wp_0139,4,-2.001953125
qwen,wp_0140,0,-2.154296875
qwen,wp_0140,1,-2.263671875
qwen,wp_0140,2,-2.251953125
qwen,wp_0140,3,-2.45703125
qwen,wp_0140,4,-2.31640625
qwen,wp_0141,0,-2.111328125
qwen,wp_0141,1,-2.375
qwen,wp_0141,2,-1.939453125
qwen,wp_0141,3,-2.21484375
qwen,wp_0141,4,-2.318359375
qwen,wp_0142,0,-2.55859375
qwen,wp_0142,1,-2.36328125
qwen,wp_0142,2,-2.31640625
qwen,wp_0142,3,-2.060546875
qwen,wp_0142,4,-1.9765625
qwen,wp_0143,0,-2.111328125
qwen,wp_0143,1,-2.11328125
qwen,wp_0143,2,-2.060546875
qwen,wp_0143,3,-2.05859375
qwen,wp_0143,4,-2.154296875
qwen,wp_0144,0,-2.375
qwen,wp_0144,1,-2.078125
qwen,wp_0144,2,-2.17578125
qwen,wp_0144,3,-2.19140625
qwen,wp_0144,4,-2.146484375
qwen,wp_0145,0,-1.9326171875
qwen,wp_0145,1,-1.8984375
qwen,wp_0145,2,-2.30859375
qwen,wp_0145,3,-2.29296875
qwen,wp_0145,4,-2.072265625
qwen,wp_0146,0,-2.134765625
qwen,wp_0146,1,-2.216796875
qwen,wp_0146,2,-2.3515625
qwen,wp_0146,3,-2.3125
qwen,wp_0146,4,-2.44921875
qwen,wp_0147,0,-2.212890625
qwen,wp_0147,1,-2.689453125
qwen,wp_0147,2,-2.470703125
qwen,wp_0147,3,-2.404296875
qwen,wp_0148,0,-2.259765625
qwen,wp_0148,1,-2.259765625
qwen,wp_0148,2,-2.4765625
qwen,wp_0148,3,-2.232421875
qwen,wp_0148,4,-2.40234375
qwen,wp_0149,0,-2.23046875
qwen,wp_0149,1,-2.1328125
qwen,wp_0149,2,-2.140625
qwen,wp_0149,3,-1.9951171875
qwen,wp_0149,4,-2.388671875
qwen,wp_0150,0,-2.158203125
qwen,wp_0150,1,-2.25390625
qwen,wp_0150,2,-2.2421875
qwen,wp_0150,3,-2.662109375
qwen,wp_0150,4,-2.19921875
qwen,wp_0151,0,-2.642578125
qwen,wp_0151,1,-2.078125
qwen,wp_0151,2,-2.37890625
qwen,wp_0151,3,-2.13671875
qwen,wp_0151,4,-2.4375
qwen,wp_0152,0,-2.58203125
qwen,wp_0152,1,-2.5
qwen,wp_0152,2,-2.203125
qwen,wp_0152,3,-2.337890625
qwen,wp_0152,4,-2.3203125
qwen,wp_0153,0,-1.6767578125
qwen,wp_0153,1,-1.892578125
qwen,wp_0153,2,-2.109375
qwen,wp_0153,3,-2.044921875
qwen,wp_0153,4,-2.103515625
qwen,wp_0154,0,-1.7607421875
qwen,wp_0154,1,-2.1328125
qwen,wp_0154,2,-2.42578125
qwen,wp_0154,3,-1.97265625
qwen,wp_0154,4,-2.072265625
qwen,wp_0155,0,-2.220703125
qwen,wp_0155,1,-2.169921875
qwen,wp_0155,2,-2.2578125
qwen,wp_0155,3,-2.380859375
qwen,wp_0155,4,-2.138671875
qwen,wp_0156,0,-1.8115234375
qwen,wp_0156,1,-2.06640625
qwen,wp_0156,2,-2.046875
qwen,wp_0156,3,-1.9072265625
qwen,wp_0156,4,-2.041015625
qwen,wp_0157,0,-2.171875
qwen,wp_0157,1,-2.0390625
qwen,wp_0157,2,-1.966796875
qwen,wp_0157,3,-1.9951171875
qwen,wp_0157,4,-1.900390625
qwen,wp_0158,0,-2.42578125
qwen,wp_0158,1,-2.701171875
qwen,wp_0158,2,-2.400390625
qwen,wp_0158,3,-2.552734375
qwen,wp_0158,4,-2.3984375
qwen,wp_0159,0,-2.234375
qwen,wp_0159,1,-2.267578125
qwen,wp_0159,2,-1.986328125
qwen,wp_0159,3,-1.8857421875
qwen,wp_0159,4,-1.857421875
qwen,wp_0160,0,-2.251953125
qwen,wp_0160,1,-1.99609375
qwen,wp_0160,2,-2.197265625
qwen,wp_0160,3,-2.29296875
qwen,wp_0160,4,-2.40234375
qwen,wp_0161,0,-2.130859375
qwen,wp_0161,1,-1.9912109375
qwen,wp_0161,2,-2.1953125
qwen,wp_0161,3,-2.0859375
qwen,wp_0161,4,-2.103515625
qwen,wp_0162,0,-2.375
qwen,wp_0162,1,-2.509765625
qwen,wp_0162,2,-2.38671875
qwen,wp_0162,3,-2.404296875
qwen,wp_0162,4,-2.11328125
qwen,wp_0163,0,-2.2734375
qwen,wp_0163,1,-2.234375
qwen,wp_0163,2,-2.416015625
qwen,wp_0163,3,-2.439453125
qwen,wp_0163,4,-1.998046875
qwen,wp_0164,0,-2.162109375
qwen,wp_0164,1,-2.138671875
qwen,wp_0164,2,-2.373046875
qwen,wp_0164,3,-2.294921875
qwen,wp_0164,4,-1.90234375
qwen,wp_0165,0,-2.64453125
qwen,wp_0165,1,-2.173828125
qwen,wp_0165,2,-2.224609375
qwen,wp_0165,3,-2.427734375
qwen,wp_0165,4,-2.3984375
qwen,wp_0166,0,-2.259765625
qwen,wp_0166,1,-2.541015625
qwen,wp_0166,2,-4.31640625
qwen,wp_0166,3,-2.13671875
qwen,wp_0166,4,-2.603515625
qwen,wp_0167,0,-2.431640625
qwen,wp_0167,1,-2.3984375
qwen,wp_0167,2,-2.224609375
qwen,wp_0167,3,-2.408203125
qwen,wp_0167,4,-2.2890625
qwen,wp_0168,0,-2.130859375
qwen,wp_0168,1,-2.17578125
qwen,wp_0168,2,-2.302734375
qwen,wp_0168,3,-2.166015625
qwen,wp_0168,4,-2.4140625
qwen,wp_0169,0,-2.306640625
qwen,wp_0169,1,-2.380859375
qwen,wp_0169,2,-2.697265625
qwen,wp_0169,3,-2.060546875
qwen,wp_0169,4,-2.533203125
qwen,wp_0170,0,-2.478515625
qwen,wp_0170,1,-2.701171875
qwen,wp_0170,2,-2.2734375
qwen,wp_0170,3,-2.6328125
qwen,wp_0170,4,-2.4765625
qwen,wp_0171,0,-2.287109375
qwen,wp_0171,1,-2.498046875
qwen,wp_0171,2,-2.248046875
qwen,wp_0171,3,-2.27734375
qwen,wp_0171,4,-2.423828125
qwen,wp_0172,0,-2.138671875
qwen,wp_0172,1,-2.14453125
qwen,wp_0172,2,-2.267578125
qwen,wp_0172,3,-1.978515625
qwen,wp_0172,4,-2.1171875
qwen,wp_0173,0,-2.060546875
qwen,wp_0173,1,-1.84765625
qwen,wp_0173,2,-2.08984375
qwen,wp_0173,3,-1.8935546875
qwen,wp_0173,4,-2.251953125
qwen,wp_0174,0,-2.005859375
qwen,wp_0174,1,-2.552734375
qwen,wp_0174,2,-1.9443359375
qwen,wp_0174,3,-2.009765625
qwen,wp_0174,4,-1.7734375
qwen,wp_0175,0,-2.533203125
qwen,wp_0175,1,-2.384765625
qwen,wp_0175,2,-2.349609375
qwen,wp_0175,3,-2.171875
qwen,wp_0175,4,-2.4765625
qwen,wp_0176,0,-1.7060546875
qwen,wp_0176,1,-2.40234375
qwen,wp_0176,2,-1.8603515625
qwen,wp_0176,3,-2.212890625
qwen,wp_0176,4,-2.099609375
qwen,wp_0177,0,-2.046875
qwen,wp_0177,1,-1.9697265625
qwen,wp_0177,2,-2.064453125
qwen,wp_0177,4,-1.9619140625
qwen,wp_0178,0,-1.9609375
qwen,wp_0178,1,-1.8408203125
qwen,wp_0178,2,-2.328125
qwen,wp_0178,3,-1.966796875
qwen,wp_0178,4,-2.0078125
qwen,wp_0179,0,-2.240234375
qwen,wp_0179,1,-2.388671875
qwen,wp_0179,2,-2.45703125
qwen,wp_0179,3,-2.35546875
qwen,wp_0180,0,-2.427734375
qwen,wp_0180,1,-2.5546875
qwen,wp_0180,2,-2.466796875
qwen,wp_0180,3,-2.083984375
qwen,wp_0180,4,-2.640625
qwen,wp_0181,0,-2.32421875
qwen,wp_0181,1,-2.599609375
qwen,wp_0181,2,-2.3515625
qwen,wp_0181,3,-2.443359375
qwen,wp_0181,4,-2.623046875
qwen,wp_0182,0,-2.50390625
qwen,wp_0182,1,-2.24609375
qwen,wp_0182,2,-2.373046875
qwen,wp_0182,3,-2.154296875
qwen,wp_0182,4,-2.439453125
qwen,wp_0183,0,-1.70703125
qwen,wp_0183,1,-2.0546875
qwen,wp_0183,2,-1.7724609375
qwen,wp_0183,3,-1.94921875
qwen,wp_0183,4,-1.880859375
qwen,wp_0184,0,-2.3984375
qwen,wp_0184,1,-1.9658203125
qwen,wp_0184,2,-2.1015625
qwen,wp_0184,3,-2.244140625
qwen,wp_0184,4,-2.0625
qwen,wp_0185,0,-2.58984375
qwen,wp_0185,1,-2.44921875
qwen,wp_0185,2,-2.595703125
qwen,wp_0185,3,-2.517578125
qwen,wp_0185,4,-2.177734375
qwen,wp_0186,0,-2.140625
qwen,wp_0186,1,-2.2734375
qwen,wp_0186,2,-1.955078125
qwen,wp_0186,3,-2.1953125
qwen,wp_0186,4,-2.291015625
qwen,wp_0187,0,-2.42578125
qwen,wp_0187,1,-2.001953125
qwen,wp_0187,2,-2.310546875
qwen,wp_0187,3,-1.921875
qwen,wp_0187,4,-2.064453125
qwen,wp_0188,0,-2.201171875
qwen,wp_0188,1,-2.470703125
qwen,wp_0188,2,-2.478515625
qwen,wp_0188,3,-2.4453125
qwen,wp_0188,4,-2.62109375
qwen,wp_0189,0,-1.9521484375
qwen,wp_0189,1,-1.8896484375
qwen,wp_0189,2,-2.162109375
qwen,wp_0189,3,-2.03125
qwen,wp_0189,4,-2.083984375
qwen,wp_0190,0,-2.140625
qwen,wp_0190,1,-2.3125
qwen,wp_0190,3,-2.203125
qwen,wp_0190,4,-2.392578125
qwen,wp_0191,0,-2.3984375
qwen,wp_0191,1,-2.53125
qwen,wp_0191,2,-2.33984375
qwen,wp_0191,3,-2.306640625
qwen,wp_0191,4,-2.38671875
qwen,wp_0192,0,-2.015625
qwen,wp_0192,1,-2.09375
qwen,wp_0192,2,-2.126953125
qwen,wp_0192,3,-2.482421875
qwen,wp_0192,4,-1.775390625
qwen,wp_0193,0,-2.3671875
qwen,wp_0193,1,-1.8779296875
qwen,wp_0193,2,-2.123046875
qwen,wp_0193,3,-2.26953125
qwen,wp_0193,4,-2.072265625
qwen,wp_0194,0,-2.708984375
qwen,wp_0194,2,-1.87109375
qwen,wp_0194,3,-3.515625
qwen,wp_0194,4,-1.8828125
qwen,wp_0195,0,-2.427734375
qwen,wp_0195,1,-2.361328125
qwen,wp_0195,2,-2.197265625
qwen,wp_0195,3,-2.044921875
qwen,wp_0195,4,-2.46484375
qwen,wp_0196,0,-2.1875
qwen,wp_0196,1,-2.53125
qwen,wp_0196,2,-1.8486328125
qwen,wp_0196,3,-2.171875
qwen,wp_0196,4,-2.234375
qwen,wp_0197,0,-2.251953125
qwen,wp_0197,1,-2.12890625
qwen,wp_0197,2,-2.2109375
qwen,wp_0197,3,-2.349609375
qwen,wp_0197,4,-2.322265625
qwen,wp_0198,0,-2.21484375
qwen,wp_0198,1,-1.9921875
qwen,wp_0198,2,-2.484375
qwen,wp_0198,3,-2.2578125
qwen,wp_0198,4,-2.45703125
qwen,wp_0199,0,-2.0390625
qwen,wp_0199,1,-2.478515625
qwen,wp_0199,2,-1.833984375
qwen,wp_0199,3,-2.140625
qwen,wp_0199,4,-2.1953125
human,wp_0000,0,-2.82421875
human,wp_0000,1,-3.462890625
human,wp_0000,2,-2.693359375
human,wp_0000,3,-3.154296875
human,wp_0000,5,-3.662109375
human,wp_0001,1,-3.041015625
human,wp_0001,3,-2.880859375
human,wp_0001,4,-2.451171875
human,wp_0001,5,-3.39453125
human,wp_0001,7,-2.810546875
human,wp_0002,3,-3.49609375
human,wp_0002,5,-3.466796875
human,wp_0002,6,-2.904296875
human,wp_0002,7,-3.046875
human,wp_0002,9,-2.880859375
human,wp_0003,0,-2.76171875
human,wp_0003,1,-2.53515625
human,wp_0003,2,-2.642578125
human,wp_0003,3,-2.830078125
human,wp_0003,4,-2.9140625
human,wp_0004,1,-2.65234375
human,wp_0004,8,-3.162109375
human,wp_0004,9,-3.396484375
human,wp_0004,11,-2.953125
human,wp_0004,13,-2.9609375
human,wp_0005,1,-3.9375
human,wp_0005,2,-2.55078125
human,wp_0005,3,-2.82421875
human,wp_0005,4,-2.90234375
human,wp_0005,5,-2.63671875
human,wp_0006,0,-2.73046875
human,wp_0006,1,-3.580078125
human,wp_0006,2,-3.41796875
human,wp_0006,3,-2.78125
human,wp_0006,9,-2.8515625
human,wp_0007,0,-2.609375
human,wp_0007,8,-3.31640625
human,wp_0007,12,-3.16015625
human,wp_0007,15,-2.96875
human,wp_0007,23,-2.94921875
human,wp_0008,0,-3.583984375
human,wp_0008,1,-2.63671875
human,wp_0008,2,-2.86328125
human,wp_0008,3,-3.474609375
human,wp_0008,4,-3.23828125
human,wp_0009,1,-2.87890625
human,wp_0009,3,-2.29296875
human,wp_0009,4,-3.3984375
human,wp_0009,5,-3.5546875
human,wp_0009,6,-3.1328125
human,wp_0010,3,-2.830078125
human,wp_0010,6,-2.265625
human,wp_0010,9,-2.73046875
human,wp_0010,11,-3.078125
human,wp_0010,22,-3.203125
human,wp_0011,1,-3.248046875
human,wp_0011,2,-3.154296875
human,wp_0011,3,-3.80859375
human,wp_0011,4,-3.021484375
human,wp_0011,6,-3.796875
human,wp_0012,0,-4.4296875
human,wp_0012,1,-3.44921875
human,wp_0012,2,-4.0234375
human,wp_0012,4,-3.49609375
human,wp_0012,5,-3.341796875
human,wp_0013,1,-3.271484375
human,wp_0013,2,-2.69140625
human,wp_0013,3,-3.162109375
human,wp_0013,6,-3.052734375
human,wp_0013,7,-2.783203125
human,wp_0014,0,-3.71484375
human,wp_0014,1,-3.294921875
human,wp_0014,3,-3.158203125
human,wp_0014,4,-2.7890625
human,wp_0014,5,-3.97265625
human,wp_0015,3,-2.5625
human,wp_0015,5,-2.900390625
human,wp_0015,6,-2.951171875
human,wp_0015,10,-2.8359375
human,wp_0015,12,-2.578125
human,wp_0016,23,-3.43359375
human,wp_0016,28,-2.95703125
human,wp_0016,29,-3.01171875
human,wp_0016,30,-2.96484375
human,wp_0016,36,-3.333984375
human,wp_0017,2,-2.771484375
human,wp_0017,3,-3.158203125
human,wp_0017,6,-2.697265625
human,wp_0017,7,-3.142578125
human,wp_0017,8,-2.8828125
human,wp_0018,0,-2.61328125
human,wp_0018,1,-3.15625
human,wp_0018,4,-2.962890625
human,wp_0018,6,-2.3046875
human,wp_0018,9,-2.748046875
human,wp_0019,0,-2.81640625
human,wp_0019,1,-2.873046875
human,wp_0019,3,-3.330078125
human,wp_0019,5,-3.2421875
human,wp_0019,6,-2.990234375
human,wp_0020,11,-2.80078125
human,wp_0020,12,-2.8515625
human,wp_0020,15,-3.462890625
human,wp_0020,17,-2.857421875
human,wp_0020,19,-3.5234375
human,wp_0021,0,-2.69921875
human,wp_0021,1,-2.90625
human,wp_0021,2,-3.095703125
human,wp_0021,3,-3.427734375
human,wp_0021,4,-3.203125
human,wp_0022,0,-2.814453125
human,wp_0022,1,-3.15234375
human,wp_0022,2,-3.033203125
human,wp_0022,3,-3.380859375
human,wp_0022,4,-2.365234375
human,wp_0023,0,-2.755859375
human,wp_0023,2,-3.2734375
human,wp_0023,3,-2.96484375
human,wp_0023,4,-3.3984375
human,wp_0023,5,-3.40234375
human,wp_0024,0,-2.876953125
human,wp_0024,2,-2.994140625
human,wp_0024,5,-2.736328125
human,wp_0024,6,-2.76171875
human,wp_0024,9,-2.951171875
human,wp_0025,0,-2.37109375
human,wp_0025,1,-3.16015625
human,wp_0025,2,-2.783203125
human,wp_0025,9,-2.630859375
human,wp_0025,12,-3.033203125
human,wp_0026,1,-3.037109375
human,wp_0026,2,-3.158203125
human,wp_0026,3,-3.23828125
human,wp_0026,5,-3.138671875
human,wp_0026,7,-2.912109375
human,wp_0027,0,-4.3984375
human,wp_0027,1,-3.412109375
human,wp_0027,2,-3.81640625
human,wp_0027,3,-3.357421875
human,wp_0027,4,-3.3984375
human,wp_0028,0,-3.419921875
human,wp_0028,1,-3.0390625
human,wp_0028,2,-2.94140625
human,wp_0028,3,-3.423828125
human,wp_0028,4,-3.111328125
human,wp_0029,0,-2.81640625
human,wp_0029,3,-2.439453125
human,wp_0029,4,-2.7265625
human,wp_0029,5,-2.384765625
human,wp_0029,7,-2.7890625
human,wp_0030,1,-3.1484375
human,wp_0030,4,-3.78125
human,wp_0030,5,-3.173828125
human,wp_0030,6,-3.15234375
human,wp_0030,8,-2.841796875
human,wp_0031,2,-2.923828125
human,wp_0031,4,-3.001953125
human,wp_0031,5,-3.326171875
human,wp_0031,7,-3.533203125
human,wp_0031,9,-3.14453125
human,wp_0032,0,-3.583984375
human,wp_0032,1,-3.478515625
human,wp_0032,2,-3.23046875
human,wp_0032,3,-3.0703125
human,wp_0032,4,-3.119140625
human,wp_0033,0,-3.24609375
human,wp_0033,1,-2.638671875
human,wp_0033,3,-3.349609375
human,wp_0033,4,-3.44921875
human,wp_0033,5,-2.837890625
human,wp_0034,0,-3.015625
human,wp_0034,1,-2.056640625
human,wp_0034,2,-2.8125
human,wp_0034,3,-2.71875
human,wp_0034,4,-3.03515625
human,wp_0035,10,-4.01953125
human,wp_0035,14,-3.322265625
human,wp_0035,20,-3.740234375
human,wp_0035,23,-3.15234375
human,wp_0035,31,-3.68359375
human,wp_0036,0,-2.56640625
human,wp_0036,1,-2.865234375
human,wp_0036,2,-2.4375
human,wp_0036,3,-3.177734375
human,wp_0036,4,-2.869140625
human,wp_0037,2,-2.623046875
human,wp_0037,4,-2.640625
human,wp_0037,5,-3.73046875
human,wp_0037,7,-3.130859375
human,wp_0037,9,-4.05859375
human,wp_0038,0,-3.28515625
human,wp_0038,1,-4.34375
human,wp_0038,2,-3.748046875
human,wp_0038,3,-3.404296875
human,wp_0038,4,-3.841796875
human,wp_0039,1,-3.04296875
human,wp_0039,2,-2.87890625
human,wp_0039,7,-3.93359375
human,wp_0039,9,-4.03125
human,wp_0039,11,-2.798828125
human,wp_0040,0,-3.484375
human,wp_0040,1,-3.064453125
human,wp_0040,2,-2.5859375
human,wp_0040,3,-2.82421875
human,wp_0040,4,-3.380859375
human,wp_0041,1,-2.583984375
human,wp_0041,2,-3.396484375
human,wp_0041,3,-3.03125
human,wp_0041,4,-3.3671875
human,wp_0041,6,-3.3046875
human,wp_0042,6,-4.32421875
human,wp_0042,7,-3.66796875
human,wp_0042,9,-2.955078125
human,wp_0042,29,-2.984375
human,wp_0042,30,-3.2265625
human,wp_0043,1,-3.15234375
human,wp_0043,4,-3.09765625
human,wp_0043,5,-3.375
human,wp_0043,6,-3.697265625
human,wp_0043,8,-2.76953125
human,wp_0044,0,-3.20703125
human,wp_0044,1,-3.26953125
human,wp_0044,2,-2.556640625
human,wp_0044,3,-3.478515625
human,wp_0044,4,-2.83203125
human,wp_0045,4,-3.1015625
human,wp_0045,5,-2.857421875
human,wp_0045,6,-2.591796875
human,wp_0045,7,-2.4921875
human,wp_0045,9,-2.96875
human,wp_0046,0,-3.34765625
human,wp_0046,1,-2.748046875
human,wp_0046,2,-2.935546875
human,wp_0046,4,-3.056640625
human,wp_0046,5,-2.9375
human,wp_0047,0,-3.125
human,wp_0047,2,-2.58984375
human,wp_0047,3,-2.681640625
human,wp_0047,8,-3.076171875
human,wp_0047,10,-2.52734375
human,wp_0048,0,-2.755859375
human,wp_0048,1,-3.01953125
human,wp_0048,3,-3.166015625
human,wp_0048,4,-3.24609375
human,wp_0048,8,-3.162109375
human,wp_0049,0,-2.763671875
human,wp_0049,1,-2.384765625
human,wp_0049,3,-2.85546875
human,wp_0049,4,-3.2578125
human,wp_0049,5,-3.087890625
human,wp_0050,0,-3.5546875
human,wp_0050,1,-3.22265625
human,wp_0050,2,-3.0234375
human,wp_0050,4,-3.447265625
human,wp_0050,5,-3.130859375
human,wp_0051,0,-2.755859375
human,wp_0051,1,-2.97265625
human,wp_0051,4,-3.53515625
human,wp_0051,5,-3.05078125
human,wp_0051,7,-2.904296875
human,wp_0052,1,-3.27734375
human,wp_0052,3,-2.650390625
human,wp_0052,4,-3.07421875
human,wp_0052,7,-3.34765625
human,wp_0052,8,-3.060546875
human,wp_0053,1,-2.90234375
human,wp_0053,2,-3.1875
human,wp_0053,3,-2.544921875
human,wp_0053,4,-2.77734375
human,wp_0053,5,-3.24609375
human,wp_0054,0,-3.22265625
human,wp_0054,1,-3.333984375
human,wp_0054,2,-3.09765625
human,wp_0054,3,-3.80078125
human,wp_0054,4,-3.44921875
human,wp_0055,0,-2.82421875
human,wp_0055,1,-2.8671875
human,wp_0055,2,-2.87109375
human,wp_0055,3,-3.099609375
human,wp_0055,5,-3.908203125
human,wp_0056,0,-3.33203125
human,wp_0056,2,-2.65234375
human,wp_0056,3,-3.337890625
human,wp_0056,7,-3.19921875
human,wp_0056,10,-2.779296875
human,wp_0057,0,-3.41015625
human,wp_0057,1,-2.38671875
human,wp_0057,4,-2.615234375
human,wp_0057,5,-2.625
human,wp_0057,6,-3.3984375
human,wp_0058,0,-3.099609375
human,wp_0058,3,-3.435546875
human,wp_0058,6,-3.0546875
human,wp_0058,10,-3.34765625
human,wp_0058,11,-3.046875
human,wp_0059,0,-3.4921875
human,wp_0059,1,-3.3125
human,wp_0059,2,-2.66015625
human,wp_0059,4,-3.23046875
human,wp_0059,5,-3.296875
human,wp_0060,0,-2.97265625
human,wp_0060,1,-2.19921875
human,wp_0060,4,-2.759765625
human,wp_0060,5,-2.90234375
human,wp_0060,6,-3.26953125
human,wp_0061,0,-2.873046875
human,wp_0061,1,-3.12109375
human,wp_0061,2,-3.130859375
human,wp_0061,3,-3.40625
human,wp_0061,4,-2.9140625
human,wp_0062,0,-2.830078125
human,wp_0062,1,-2.6640625
human,wp_0062,2,-3.390625
human,wp_0062,4,-3.06640625
human,wp_0062,5,-2.70703125
human,wp_0063,0,-3.900390625
human,wp_0063,3,-3.41015625
human,wp_0063,4,-2.96875
human,wp_0063,5,-2.859375
human,wp_0063,6,-3.373046875
human,wp_0064,0,-2.75
human,wp_0064,1,-2.669921875
human,wp_0064,2,-2.935546875
human,wp_0064,3,-3.435546875
human,wp_0064,4,-3.6015625
human,wp_0065,0,-2.880859375
human,wp_0065,2,-3.134765625
human,wp_0065,3,-2.759765625
human,wp_0065,4,-2.970703125
human,wp_0065,5,-3.228515625
human,wp_0066,0,-3.013671875
human,wp_0066,1,-2.921875
human,wp_0066,2,-2.72265625
human,wp_0066,4,-3.10546875
human,wp_0066,5,-2.279296875
human,wp_0067,0,-2.98828125
human,wp_0067,1,-2.490234375
human,wp_0067,3,-3.375
human,wp_0067,4,-2.36328125
human,wp_0067,5,-3.216796875
human,wp_0068,0,-3.439453125
human,wp_0068,1,-2.939453125
human,wp_0068,5,-3.478515625
human,wp_0068,6,-2.826171875
human,wp_0068,8,-3.36328125
human,wp_0069,0,-3.169921875
human,wp_0069,1,-3.921875
human,wp_0069,2,-3.400390625
human,wp_0069,3,-3.728515625
human,wp_0069,4,-2.78515625
human,wp_0070,0,-2.73828125
human,wp_0070,3,-3.578125
human,wp_0070,5,-3.322265625
human,wp_0070,9,-3.873046875
human,wp_0070,11,-3.412109375
human,wp_0071,0,-2.693359375
human,wp_0071,1,-2.900390625
human,wp_0071,2,-2.767578125
human,wp_0071,3,-3.31640625
human,wp_0071,4,-2.974609375
human,wp_0072,0,-3.33984375
human,wp_0072,3,-3.04296875
human,wp_0072,4,-3.01953125
human,wp_0072,5,-2.7109375
human,wp_0072,6,-2.88671875
human,wp_0073,0,-2.759765625
human,wp_0073,1,-2.71875
human,wp_0073,2,-2.51171875
human,wp_0073,4,-2.9140625
human,wp_0073,5,-2.123046875
human,wp_0074,0,-3.064453125
human,wp_0074,7,-3.501953125
human,wp_0074,11,-3.263671875
human,wp_0074,13,-3.8515625
human,wp_0074,16,-3.1640625
human,wp_0075,0,-3.70703125
human,wp_0075,1,-4.16796875
human,wp_0075,4,-3.140625
human,wp_0075,6,-3.4921875
human,wp_0075,9,-2.81640625
human,wp_0076,0,-3.01171875
human,wp_0076,1,-3.052734375
human,wp_0076,3,-2.4765625
human,wp_0076,4,-2.697265625
human,wp_0076,5,-2.4296875
human,wp_0077,0,-2.689453125
human,wp_0077,2,-3.091796875
human,wp_0077,3,-3.38671875
human,wp_0077,4,-3.3359375
human,wp_0077,5,-3.12890625
human,wp_0078,0,-3.431640625
human,wp_0078,1,-2.849609375
human,wp_0078,2,-3.142578125
human,wp_0078,3,-2.916015625
human,wp_0078,4,-2.876953125
human,wp_0079,1,-3.26171875
human,wp_0079,2,-2.8515625
human,wp_0079,3,-3.3359375
human,wp_0079,4,-2.703125
human,wp_0079,5,-3.017578125
human,wp_0080,0,-3.373046875
human,wp_0080,1,-3.728515625
human,wp_0080,2,-3.1875
human,wp_0080,3,-3.24609375
human,wp_0080,4,-3.275390625
human,wp_0081,0,-3.240234375
human,wp_0081,1,-3.111328125
human,wp_0081,2,-2.658203125
human,wp_0081,3,-2.70703125
human,wp_0081,5,-2.755859375
human,wp_0082,5,-3.287109375
human,wp_0082,8,-2.740234375
human,wp_0082,10,-2.93359375
human,wp_0082,11,-2.720703125
human,wp_0082,14,-3.4140625
human,wp_0083,0,-2.787109375
human,wp_0083,3,-2.662109375
human,wp_0083,5,-3.2578125
human,wp_0083,6,-2.775390625
human,wp_0083,7,-2.923828125
human,wp_0084,0,-2.916015625
human,wp_0084,1,-2.73828125
human,wp_0084,3,-2.6328125
human,wp_0084,7,-2.640625
human,wp_0084,10,-2.982421875
human,wp_0085,0,-2.078125
human,wp_0085,2,-2.896484375
human,wp_0085,3,-1.78515625
human,wp_0085,4,-3.126953125
human,wp_0085,5,-2.91015625
human,wp_0086,2,-2.904296875
human,wp_0086,4,-2.935546875
human,wp_0086,5,-2.68359375
human,wp_0086,9,-3.146484375
human,wp_0086,12,-3.775390625
human,wp_0087,0,-2.73046875
human,wp_0087,1,-2.95703125
human,wp_0087,2,-3.05859375
human,wp_0087,3,-2.73046875
human,wp_0087,4,-2.89453125
human,wp_0088,0,-1.341796875
human,wp_0088,1,-2.9453125
human,wp_0088,2,-4.109375
human,wp_0088,3,-3.12109375
human,wp_0088,4,-2.82421875
human,wp_0089,1,-3.818359375
human,wp_0089,2,-3.32421875
human,wp_0089,6,-3.37890625
human,wp_0089,8,-3.705078125
human,wp_0089,9,-3.185546875
human,wp_0090,0,-2.69921875
human,wp_0090,1,-2.984375
human,wp_0090,2,-2.724609375
human,wp_0090,3,-2.6015625
human,wp_0090,4,-2.71484375
human,wp_0091,1,-3.353515625
human,wp_0091,2,-2.71484375
human,wp_0091,3,-2.91796875
human,wp_0091,4,-3.3671875
human,wp_0091,5,-2.7265625
human,wp_0092,0,-3.015625
human,wp_0092,1,-2.45703125
human,wp_0092,2,-3.009765625
human,wp_0092,4,-3.25
human,wp_0092,5,-3.3359375
human,wp_0093,3,-2.9453125
human,wp_0093,5,-2.921875
human,wp_0093,6,-3.27734375
human,wp_0093,11,-2.794921875
human,wp_0093,13,-3.666015625
human,wp_0094,0,-3.0078125
human,wp_0094,1,-3.3984375
human,wp_0094,2,-2.736328125
human,wp_0094,3,-3.232421875
human,wp_0094,5,-3.056640625
human,wp_0095,7,-3.265625
human,wp_0095,8,-3.197265625
human,wp_0095,9,-3.4453125
human,wp_0095,12,-3.154296875
human,wp_0095,13,-2.8125
human,wp_0096,0,-3.84765625
human,wp_0096,1,-2.556640625
human,wp_0096,2,-3.048828125
human,wp_0096,3,-3.28515625
human,wp_0096,4,-3.962890625
human,wp_0097,0,-3.236328125
human,wp_0097,2,-3.048828125
human,wp_0097,3,-3.40234375
human,wp_0097,4,-3.75390625
human,wp_0097,7,-3.046875
human,wp_0098,0,-2.84765625
human,wp_0098,1,-3.298828125
human,wp_0098,2,-3.2578125
human,wp_0098,3,-3.107421875
human,wp_0098,4,-2.98046875
human,wp_0099,0,-3.5234375
human,wp_0099,1,-2.845703125
human,wp_0099,2,-2.62109375
human,wp_0099,6,-3.12890625
human,wp_0099,8,-2.921875
human,wp_0100,6,-3.23828125
human,wp_0100,9,-3.337890625
human,wp_0100,11,-2.8828125
human,wp_0100,20,-3.2421875
human,wp_0100,22,-2.8984375
human,wp_0101,0,-2.494140625
human,wp_0101,2,-3.404296875
human,wp_0101,3,-2.328125
human,wp_0101,4,-2.59375
human,wp_0101,6,-3.349609375
human,wp_0102,1,-3.38671875
human,wp_0102,3,-2.578125
human,wp_0102,4,-3.412109375
human,wp_0102,6,-3.572265625
human,wp_0102,7,-3.693359375
human,wp_0103,2,-3.451171875
human,wp_0103,3,-2.990234375
human,wp_0103,10,-3.03125
human,wp_0103,11,-2.537109375
human,wp_0103,12,-2.71484375
human,wp_0104,0,-2.79296875
human,wp_0104,1,-3.521484375
human,wp_0104,2,-3.125
human,wp_0104,3,-3.3046875
human,wp_0104,4,-3.119140625
human,wp_0105,1,-2.455078125
human,wp_0105,2,-2.455078125
human,wp_0105,3,-2.5703125
human,wp_0105,5,-2.29296875
human,wp_0105,6,-3.150390625
human,wp_0106,1,-3.42578125
human,wp_0106,2,-2.8125
human,wp_0106,3,-3.59375
human,wp_0106,4,-3.4375
human,wp_0106,5,-3.076171875
human,wp_0107,0,-2.814453125
human,wp_0107,2,-2.9609375
human,wp_0107,3,-2.7265625
human,wp_0107,4,-2.9453125
human,wp_0107,5,-2.931640625
human,wp_0108,0,-3.388671875
human,wp_0108,1,-3.23828125
human,wp_0108,2,-3.5703125
human,wp_0108,4,-2.6875
human,wp_0108,5,-2.76171875
human,wp_0109,1,-2.99609375
human,wp_0109,2,-3.255859375
human,wp_0109,4,-3.2109375
human,wp_0109,6,-3.083984375
human,wp_0109,9,-2.74609375
human,wp_0110,0,-2.94140625
human,wp_0110,2,-2.712890625
human,wp_0110,3,-3.21484375
human,wp_0110,5,-2.951171875
human,wp_0110,6,-2.880859375
human,wp_0111,0,-3.26171875
human,wp_0111,1,-2.607421875
human,wp_0111,2,-2.740234375
human,wp_0111,4,-3.01953125
human,wp_0112,0,-3.32421875
human,wp_0112,7,-3.09765625
human,wp_0112,9,-3.5078125
human,wp_0112,10,-3.525390625
human,wp_0112,16,-2.67578125
human,wp_0113,0,-2.486328125
human,wp_0113,1,-3.07421875
human,wp_0113,2,-3.052734375
human,wp_0113,3,-3.048828125
human,wp_0113,4,-2.603515625
human,wp_0114,1,-2.71484375
human,wp_0114,2,-2.90625
human,wp_0114,4,-3.701171875
human,wp_0114,5,-3.138671875
human,wp_0114,6,-3.0078125
human,wp_0115,0,-2.99609375
human,wp_0115,1,-3.68359375
human,wp_0115,2,-2.775390625
human,wp_0115,3,-2.71484375
human,wp_0115,4,-3.515625
human,wp_0116,0,-3.1328125
human,wp_0116,1,-2.919921875
human,wp_0116,2,-3.564453125
human,wp_0116,3,-2.9921875
human,wp_0116,4,-2.673828125
human,wp_0117,0,-3.322265625
human,wp_0117,1,-2.892578125
human,wp_0117,2,-3.703125
human,wp_0117,3,-3.740234375
human,wp_0117,4,-3.001953125
human,wp_0118,1,-2.833984375
human,wp_0118,2,-2.857421875
human,wp_0118,3,-3.427734375
human,wp_0118,5,-2.54296875
human,wp_0118,6,-2.869140625
human,wp_0119,2,-3.193359375
human,wp_0119,5,-3.0234375
human,wp_0119,9,-2.609375
human,wp_0119,18,-3.634765625
human,wp_0119,27,-2.654296875
human,wp_0120,2,-3.75390625
human,wp_0120,5,-2.587890625
human,wp_0120,6,-2.55859375
human,wp_0120,13,-3.408203125
human,wp_0120,17,-3.169921875
human,wp_0121,8,-2.611328125
human,wp_0121,10,-3.0390625
human,wp_0121,11,-2.96875
human,wp_0121,12,-3.38671875
human,wp_0121,16,-3.390625
human,wp_0122,0,-2.833984375
human,wp_0122,1,-4.125
human,wp_0122,2,-2.98828125
human,wp_0122,3,-3.08984375
human,wp_0122,4,-3.78515625
human,wp_0123,0,-2.8125
human,wp_0123,2,-2.45703125
human,wp_0123,3,-2.60546875
human,wp_0123,4,-2.99609375
human,wp_0123,5,-3.05859375
human,wp_0124,1,-2.765625
human,wp_0124,2,-2.75
human,wp_0124,3,-3.091796875
human,wp_0124,4,-3.62109375
human,wp_0124,5,-2.38671875
human,wp_0125,5,-2.833984375
human,wp_0125,11,-3.041015625
human,wp_0125,16,-2.916015625
human,wp_0125,20,-3.392578125
human,wp_0125,22,-2.52734375
human,wp_0126,0,-3.658203125
human,wp_0126,1,-3.455078125
human,wp_0126,3,-2.115234375
human,wp_0126,9,-2.671875
human,wp_0126,10,-3.19921875
human,wp_0127,0,-3.3046875
human,wp_0127,1,-2.869140625
human,wp_0127,2,-3.734375
human,wp_0127,3,-3.33203125
human,wp_0127,5,-3.025390625
human,wp_0128,1,-2.373046875
human,wp_0128,2,-2.75390625
human,wp_0128,3,-2.7578125
human,wp_0128,4,-2.8828125
human,wp_0128,5,-3.10546875
human,wp_0129,0,-3.69921875
human,wp_0129,1,-3.6484375
human,wp_0129,7,-3.619140625
human,wp_0129,9,-3.259765625
human,wp_0129,10,-3.291015625
human,wp_0130,0,-2.666015625
human,wp_0130,1,-2.673828125
human,wp_0130,2,-2.41796875
human,wp_0130,3,-2.8046875
human,wp_0130,4,-3.375
human,wp_0131,0,-3.3984375
human,wp_0131,1,-3.287109375
human,wp_0131,2,-2.7421875
human,wp_0131,4,-2.734375
human,wp_0131,5,-2.984375
human,wp_0132,1,-3.3984375
human,wp_0132,2,-3.646484375
human,wp_0132,3,-3.685546875
human,wp_0132,4,-2.732421875
human,wp_0132,5,-3.080078125
human,wp_0133,0,-2.810546875
human,wp_0133,1,-2.876953125
human,wp_0133,2,-2.603515625
human,wp_0133,3,-3.67578125
human,wp_0133,4,-3.0546875
human,wp_0134,0,-3.431640625
human,wp_0134,2,-3.26171875
human,wp_0134,3,-3.376953125
human,wp_0134,4,-3.146484375
human,wp_0134,6,-2.658203125
human,wp_0135,0,-2.76953125
human,wp_0135,1,-3.3125
human,wp_0135,2,-2.953125
human,wp_0135,3,-3.416015625
human,wp_0135,4,-3.0
human,wp_0136,0,-3.71484375
human,wp_0136,1,-2.849609375
human,wp_0136,2,-2.83984375
human,wp_0136,3,-3.13671875
human,wp_0136,4,-3.248046875
human,wp_0137,0,-3.0
human,wp_0137,1,-2.669921875
human,wp_0137,2,-2.998046875
human,wp_0137,3,-2.517578125
human,wp_0137,4,-3.6015625
human,wp_0138,0,-3.00390625
human,wp_0138,1,-2.87109375
human,wp_0138,2,-3.12109375
human,wp_0138,3,-3.486328125
human,wp_0138,4,-3.3359375
human,wp_0139,0,-3.318359375
human,wp_0139,1,-3.490234375
human,wp_0139,2,-3.673828125
human,wp_0139,3,-3.322265625
human,wp_0139,4,-2.966796875
human,wp_0140,0,-3.166015625
human,wp_0140,1,-2.333984375
human,wp_0140,2,-3.71484375
human,wp_0140,3,-2.85546875
human,wp_0140,4,-3.1328125
human,wp_0141,0,-3.09375
human,wp_0141,1,-2.42578125
human,wp_0141,2,-3.41015625
human,wp_0141,3,-2.8359375
human,wp_0141,4,-2.51171875
human,wp_0142,0,-3.1171875
human,wp_0142,3,-4.2578125
human,wp_0142,5,-3.53125
human,wp_0142,6,-4.6796875
human,wp_0142,8,-3.6484375
human,wp_0143,0,-2.765625
human,wp_0143,1,-2.767578125
human,wp_0143,2,-2.84375
human,wp_0143,4,-2.646484375
human,wp_0143,5,-3.15234375
human,wp_0144,0,-3.470703125
human,wp_0144,1,-3.20703125
human,wp_0144,5,-2.955078125
human,wp_0144,25,-3.154296875
human,wp_0144,28,-3.595703125
human,wp_0145,0,-2.75390625
human,wp_0145,2,-3.333984375
human,wp_0145,3,-3.26171875
human,wp_0145,4,-4.0625
human,wp_0145,5,-3.16015625
human,wp_0146,0,-3.35546875
human,wp_0146,2,-3.15234375
human,wp_0146,3,-2.74609375
human,wp_0146,4,-3.197265625
human,wp_0146,5,-3.123046875
human,wp_0147,6,-3.09765625
human,wp_0147,7,-2.7265625
human,wp_0147,11,-3.197265625
human,wp_0147,16,-3.064453125
human,wp_0147,17,-3.1640625
human,wp_0148,0,-3.2421875
human,wp_0148,1,-2.4921875
human,wp_0148,2,-3.46484375
human,wp_0148,3,-3.38671875
human,wp_0148,4,-3.193359375
human,wp_0149,0,-3.939453125
human,wp_0149,1,-2.419921875
human,wp_0149,2,-2.6328125
human,wp_0149,3,-2.357421875
human,wp_0149,4,-2.529296875
human,wp_0150,0,-2.78515625
human,wp_0150,1,-2.876953125
human,wp_0150,2,-2.953125
human,wp_0150,5,-2.5078125
human,wp_0150,7,-2.98046875
human,wp_0151,0,-3.333984375
human,wp_0151,1,-2.75390625
human,wp_0151,2,-2.30078125
human,wp_0151,3,-2.89453125
human,wp_0151,4,-3.80078125
human,wp_0152,0,-2.693359375
human,wp_0152,1,-3.130859375
human,wp_0152,2,-3.482421875
human,wp_0152,9,-4.015625
human,wp_0152,10,-3.072265625
human,wp_0153,0,-3.3984375
human,wp_0153,1,-3.29296875
human,wp_0153,2,-2.8828125
human,wp_0153,3,-2.314453125
human,wp_0153,4,-2.85546875
human,wp_0154,0,-2.490234375
human,wp_0154,1,-2.75
human,wp_0154,2,-2.724609375
human,wp_0154,3,-2.62890625
human,wp_0154,4,-2.84375
human,wp_0155,5,-3.208984375
human,wp_0155,7,-2.7890625
human,wp_0155,8,-4.0234375
human,wp_0155,13,-2.51953125
human,wp_0155,14,-3.08203125
human,wp_0156,1,-2.453125
human,wp_0156,3,-2.47265625
human,wp_0156,6,-2.7890625
human,wp_0156,7,-3.3359375
human,wp_0156,8,-2.474609375
human,wp_0157,0,-2.466796875
human,wp_0157,3,-4.1796875
human,wp_0157,4,-2.8359375
human,wp_0157,5,-2.662109375
human,wp_0157,7,-3.046875
human,wp_0158,1,-2.60546875
human,wp_0158,2,-3.578125
human,wp_0158,3,-3.955078125
human,wp_0158,4,-3.021484375
human,wp_0158,5,-2.59765625
human,wp_0159,0,-3.251953125
human,wp_0159,1,-3.423828125
human,wp_0159,3,-3.341796875
human,wp_0159,6,-3.98828125
human,wp_0159,8,-2.548828125
human,wp_0160,0,-2.720703125
human,wp_0160,3,-3.001953125
human,wp_0160,4,-2.81640625
human,wp_0160,5,-3.017578125
human,wp_0160,7,-3.03125
human,wp_0161,0,-2.95703125
human,wp_0161,3,-2.9921875
human,wp_0161,4,-3.001953125
human,wp_0161,5,-3.171875
human,wp_0161,6,-2.916015625
human,wp_0162,0,-3.7734375
human,wp_0162,1,-3.71875
human,wp_0162,2,-3.521484375
human,wp_0162,3,-2.70703125
human,wp_0162,4,-3.23046875
human,wp_0163,0,-3.484375
human,wp_0163,2,-3.259765625
human,wp_0163,3,-3.146484375
human,wp_0163,7,-2.67578125
human,wp_0163,17,-2.892578125
human,wp_0164,0,-2.740234375
human,wp_0164,5,-2.658203125
human,wp_0164,13,-3.787109375
human,wp_0164,14,-3.078125
human,wp_0164,19,-3.20703125
human,wp_0165,0,-2.888671875
human,wp_0165,1,-2.958984375
human,wp_0165,2,-3.0859375
human,wp_0165,3,-2.791015625
human,wp_0165,4,-2.400390625
human,wp_0166,0,-2.6171875
human,wp_0166,1,-3.115234375
human,wp_0166,2,-2.728515625
human,wp_0166,3,-3.66015625
human,wp_0166,4,-3.2890625
human,wp_0167,0,-2.9609375
human,wp_0167,1,-3.240234375
human,wp_0167,3,-3.30859375
human,wp_0167,4,-3.33984375
human,wp_0167,5,-3.619140625
human,wp_0168,1,-3.2109375
human,wp_0168,2,-3.130859375
human,wp_0168,5,-3.78125
human,wp_0168,6,-2.443359375
human,wp_0168,8,-3.212890625
human,wp_0169,0,-2.947265625
human,wp_0169,1,-3.51953125
human,wp_0169,2,-3.517578125
human,wp_0169,3,-3.072265625
human,wp_0169,4,-3.03515625
human,wp_0170,0,-3.888671875
human,wp_0170,1,-2.8203125
human,wp_0170,4,-2.33984375
human,wp_0170,6,-3.458984375
human,wp_0170,7,-3.341796875
human,wp_0171,0,-3.75
human,wp_0171,1,-2.576171875
human,wp_0171,2,-3.44921875
human,wp_0171,4,-2.951171875
human,wp_0171,13,-3.4140625
human,wp_0172,3,-3.140625
human,wp_0172,5,-3.64453125
human,wp_0172,8,-3.166015625
human,wp_0172,10,-2.748046875
human,wp_0172,12,-2.93359375
human,wp_0173,3,-3.21484375
human,wp_0173,5,-2.501953125
human,wp_0173,6,-2.810546875
human,wp_0173,7,-2.814453125
human,wp_0173,12,-2.94921875
human,wp_0174,0,-3.189453125
human,wp_0174,2,-2.783203125
human,wp_0174,3,-2.87890625
human,wp_0174,4,-2.78125
human,wp_0174,5,-2.763671875
human,wp_0175,0,-2.98046875
human,wp_0175,2,-3.048828125
human,wp_0175,3,-3.1875
human,wp_0175,5,-3.21875
human,wp_0175,6,-3.0390625
human,wp_0176,5,-2.70703125
human,wp_0176,7,-3.455078125
human,wp_0176,12,-4.16796875
human,wp_0176,14,-2.966796875
human,wp_0176,16,-3.46875
human,wp_0177,0,-2.798828125
human,wp_0177,1,-2.80078125
human,wp_0177,2,-3.80859375
human,wp_0177,3,-2.80078125
human,wp_0177,4,-2.744140625
human,wp_0178,2,-3.490234375
human,wp_0178,4,-2.6796875
human,wp_0178,6,-2.947265625
human,wp_0178,8,-3.32421875
human,wp_0178,9,-2.703125
human,wp_0179,2,-3.4609375
human,wp_0179,5,-3.521484375
human,wp_0179,6,-3.525390625
human,wp_0179,11,-3.80078125
human,wp_0179,12,-2.962890625
human,wp_0180,0,-2.73046875
human,wp_0180,1,-3.484375
human,wp_0180,2,-3.3203125
human,wp_0180,3,-3.162109375
human,wp_0180,4,-3.18359375
human,wp_0181,0,-3.619140625
human,wp_0181,1,-2.95703125
human,wp_0181,2,-2.884765625
human,wp_0181,3,-3.65234375
human,wp_0181,4,-3.01171875
human,wp_0182,0,-3.328125
human,wp_0182,1,-3.474609375
human,wp_0182,2,-3.265625
human,wp_0182,4,-2.79296875
human,wp_0182,6,-2.755859375
human,wp_0183,1,-3.037109375
human,wp_0183,2,-2.7890625
human,wp_0183,3,-2.48828125
human,wp_0183,4,-2.29296875
human,wp_0183,6,-2.859375
human,wp_0184,0,-2.85546875
human,wp_0184,2,-2.390625
human,wp_0184,3,-2.8046875
human,wp_0184,4,-2.58203125
human,wp_0184,5,-3.2578125
human,wp_0185,0,-2.900390625
human,wp_0185,2,-2.67578125
human,wp_0185,3,-2.736328125
human,wp_0185,6,-3.673828125
human,wp_0185,7,-3.197265625
human,wp_0186,0,-3.30859375
human,wp_0186,1,-3.8203125
human,wp_0186,2,-2.755859375
human,wp_0186,4,-3.109375
human,wp_0186,5,-4.07421875
human,wp_0187,1,-3.185546875
human,wp_0187,6,-2.9921875
human,wp_0187,8,-3.564453125
human,wp_0187,11,-2.9140625
human,wp_0187,12,-3.482421875
human,wp_0188,0,-2.978515625
human,wp_0188,2,-3.208984375
human,wp_0188,3,-3.451171875
human,wp_0188,5,-3.642578125
human,wp_0188,6,-2.869140625
human,wp_0189,0,-3.287109375
human,wp_0189,1,-2.341796875
human,wp_0189,2,-2.890625
human,wp_0189,4,-2.681640625
human,wp_0189,5,-2.744140625
human,wp_0190,0,-3.392578125
human,wp_0190,2,-2.998046875
human,wp_0190,3,-3.572265625
human,wp_0190,4,-3.326171875
human,wp_0190,5,-3.521484375
human,wp_0191,1,-2.7421875
human,wp_0191,3,-3.46484375
human,wp_0191,4,-2.931640625
human,wp_0191,5,-2.87109375
human,wp_0191,7,-3.33984375
human,wp_0192,0,-2.771484375
human,wp_0192,1,-3.0546875
human,wp_0192,2,-4.0390625
human,wp_0192,3,-2.412109375
human,wp_0192,4,-2.888671875
human,wp_0193,5,-3.275390625
human,wp_0193,6,-2.408203125
human,wp_0193,7,-2.935546875
human,wp_0193,11,-3.115234375
human,wp_0193,12,-2.826171875
human,wp_0194,2,-2.419921875
human,wp_0194,5,-3.439453125
human,wp_0194,6,-2.875
human,wp_0194,9,-3.0546875
human,wp_0194,11,-2.3125
human,wp_0195,2,-3.0859375
human,wp_0195,3,-3.005859375
human,wp_0195,4,-3.447265625
human,wp_0195,5,-3.0859375
human,wp_0195,6,-2.80078125
human,wp_0196,1,-3.025390625
human,wp_0196,2,-2.998046875
human,wp_0196,3,-3.017578125
human,wp_0196,4,-2.93359375
human,wp_0196,5,-3.203125
human,wp_0197,0,-4.16796875
human,wp_0197,1,-3.107421875
human,wp_0197,3,-3.130859375
human,wp_0197,5,-2.990234375
human,wp_0197,6,-3.001953125
human,wp_0198,0,-3.16015625
human,wp_0198,1,-2.72265625
human,wp_0198,2,-2.599609375
human,wp_0198,3,-3.28515625
human,wp_0198,4,-3.087890625
human,wp_0199,0,-3.19921875
human,wp_0199,2,-3.40234375
human,wp_0199,3,-2.701171875
human,wp_0199,4,-2.970703125
human,wp_0199,5,-2.9140625
