model_key,prompt_id,sample_idx,Perplexity
gemma,wp_0000,0,16.71937370300293
gemma,wp_0000,1,11.719581604003906
gemma,wp_0000,2,16.92767333984375
gemma,wp_0000,3,12.214951515197754
gemma,wp_0000,4,14.542499542236328
gemma,wp_0001,0,13.621602058410645
gemma,wp_0001,1,11.51136302947998
gemma,wp_0001,2,16.401195526123047
gemma,wp_0001,3,11.994528770446776
gemma,wp_0001,4,10.819587707519531
gemma,wp_0002,0,13.413731575012209
gemma,wp_0002,1,11.72572135925293
gemma,wp_0002,2,15.237676620483398
gemma,wp_0002,3,12.282076835632324
gemma,wp_0002,4,11.291972160339355
gemma,wp_0003,0,8.500761985778809
gemma,wp_0003,1,8.340813636779785
gemma,wp_0003,2,8.590907096862793
gemma,wp_0003,3,8.50125789642334
gemma,wp_0003,4,10.349639892578123
gemma,wp_0004,0,9.176366806030272
gemma,wp_0004,1,7.829517841339111
gemma,wp_0004,2,12.672550201416016
gemma,wp_0004,3,9.417596817016602
gemma,wp_0004,4,8.291421890258789
gemma,wp_0005,0,9.247522354125977
gemma,wp_0005,1,4.856777191162109
gemma,wp_0005,2,5.847548961639404
gemma,wp_0005,3,6.446847438812256
gemma,wp_0005,4,8.332465171813965
gemma,wp_0006,0,11.720402717590332
gemma,wp_0006,1,10.10724925994873
gemma,wp_0006,2,13.779623031616213
gemma,wp_0006,3,12.22316074371338
gemma,wp_0006,4,14.218801498413086
gemma,wp_0007,0,18.61263084411621
gemma,wp_0007,1,10.519128799438477
gemma,wp_0007,2,9.500311851501465
gemma,wp_0007,3,15.124576568603516
gemma,wp_0007,4,14.990666389465332
gemma,wp_0008,0,11.898045539855955
gemma,wp_0008,1,13.709391593933104
gemma,wp_0008,2,12.095718383789062
gemma,wp_0008,3,11.370325088500977
gemma,wp_0008,4,14.224480628967283
gemma,wp_0009,0,11.56570816040039
gemma,wp_0009,1,9.97752571105957
gemma,wp_0009,2,14.36191463470459
gemma,wp_0009,3,12.479483604431152
gemma,wp_0009,4,10.934000015258787
gemma,wp_0010,0,10.104411125183104
gemma,wp_0010,1,9.405423164367676
gemma,wp_0010,2,10.576818466186523
gemma,wp_0010,3,7.696234703063965
gemma,wp_0010,4,6.382597923278809
gemma,wp_0011,0,12.739089012145996
gemma,wp_0011,1,12.206942558288574
gemma,wp_0011,2,10.548498153686523
gemma,wp_0011,3,12.781546592712402
gemma,wp_0011,4,12.04334831237793
gemma,wp_0012,0,14.95864486694336
gemma,wp_0012,1,12.139246940612791
gemma,wp_0012,2,13.295615196228027
gemma,wp_0012,3,12.717703819274902
gemma,wp_0012,4,13.132013320922852
gemma,wp_0013,0,18.100858688354492
gemma,wp_0013,1,22.959402084350582
gemma,wp_0013,2,13.330018997192385
gemma,wp_0013,3,17.671550750732422
gemma,wp_0013,4,15.370194435119627
gemma,wp_0014,0,13.370196342468262
gemma,wp_0014,1,14.284194946289062
gemma,wp_0014,2,10.99932098388672
gemma,wp_0014,3,16.44583511352539
gemma,wp_0014,4,11.112491607666016
gemma,wp_0015,0,10.115740776062012
gemma,wp_0015,1,8.959604263305664
gemma,wp_0015,2,9.92322826385498
gemma,wp_0015,3,10.066411972045898
gemma,wp_0015,4,9.060626029968262
gemma,wp_0016,0,9.811781883239746
gemma,wp_0016,1,9.322503089904783
gemma,wp_0016,2,10.263023376464844
gemma,wp_0016,3,11.701104164123535
gemma,wp_0016,4,12.61680507659912
gemma,wp_0017,0,15.423502922058104
gemma,wp_0017,1,11.152484893798828
gemma,wp_0017,2,14.8291654586792
gemma,wp_0017,3,16.3016414642334
gemma,wp_0017,4,12.775182723999023
gemma,wp_0018,0,6.435922145843506
gemma,wp_0018,1,5.73209810256958
gemma,wp_0018,2,5.898124694824219
gemma,wp_0018,3,6.452113151550293
gemma,wp_0018,4,4.731178283691406
gemma,wp_0019,0,10.635847091674805
gemma,wp_0019,1,13.247955322265623
gemma,wp_0019,2,11.978507995605469
gemma,wp_0019,3,12.87729549407959
gemma,wp_0019,4,10.866580963134766
gemma,wp_0020,0,10.351177215576172
gemma,wp_0020,1,9.28834342956543
gemma,wp_0020,2,11.176918029785156
gemma,wp_0020,3,8.512640953063965
gemma,wp_0020,4,10.277740478515623
gemma,wp_0021,0,11.142398834228516
gemma,wp_0021,1,8.078927993774414
gemma,wp_0021,2,6.841432094573975
gemma,wp_0021,3,13.045093536376951
gemma,wp_0021,4,7.838544845581055
gemma,wp_0022,0,15.116151809692385
gemma,wp_0022,1,15.72171401977539
gemma,wp_0022,2,16.25326156616211
gemma,wp_0022,3,10.936320304870604
gemma,wp_0022,4,13.10932445526123
gemma,wp_0023,0,12.437697410583496
gemma,wp_0023,1,11.08844757080078
gemma,wp_0023,2,11.971220970153809
gemma,wp_0023,3,11.847317695617676
gemma,wp_0023,4,12.88962745666504
gemma,wp_0024,0,12.992754936218262
gemma,wp_0024,1,15.960463523864746
gemma,wp_0024,2,14.799718856811523
gemma,wp_0024,3,12.6251220703125
gemma,wp_0024,4,11.808469772338867
gemma,wp_0025,0,13.48473072052002
gemma,wp_0025,1,11.661595344543455
gemma,wp_0025,2,14.507457733154297
gemma,wp_0025,3,9.340760231018066
gemma,wp_0025,4,11.33294677734375
gemma,wp_0026,0,13.38998794555664
gemma,wp_0026,1,12.413310050964355
gemma,wp_0026,2,12.009835243225098
gemma,wp_0026,3,10.166155815124512
gemma,wp_0026,4,8.790778160095215
gemma,wp_0027,0,10.39365291595459
gemma,wp_0027,1,9.996575355529783
gemma,wp_0027,2,11.934029579162598
gemma,wp_0027,3,13.52060604095459
gemma,wp_0027,4,12.007243156433104
gemma,wp_0028,0,17.163240432739258
gemma,wp_0028,1,12.850214004516602
gemma,wp_0028,2,11.564001083374023
gemma,wp_0028,3,13.217144966125488
gemma,wp_0028,4,12.79314136505127
gemma,wp_0029,0,7.681148052215576
gemma,wp_0029,1,8.381016731262207
gemma,wp_0029,2,8.364752769470215
gemma,wp_0029,3,6.445038318634033
gemma,wp_0029,4,8.735926628112793
gemma,wp_0030,0,8.581153869628906
gemma,wp_0030,1,8.82595443725586
gemma,wp_0030,2,14.124873161315918
gemma,wp_0030,3,10.521255493164062
gemma,wp_0030,4,11.667104721069336
gemma,wp_0031,0,14.554959297180176
gemma,wp_0031,1,14.154316902160645
gemma,wp_0031,2,15.432901382446287
gemma,wp_0031,3,11.975412368774414
gemma,wp_0031,4,15.395482063293455
gemma,wp_0032,0,15.35701847076416
gemma,wp_0032,1,11.928951263427734
gemma,wp_0032,2,11.16640567779541
gemma,wp_0032,3,9.434694290161133
gemma,wp_0032,4,11.463594436645508
gemma,wp_0033,0,13.86023235321045
gemma,wp_0033,1,13.706084251403809
gemma,wp_0033,2,13.978181838989258
gemma,wp_0033,3,18.83197784423828
gemma,wp_0033,4,9.788496017456056
gemma,wp_0034,0,4.632739543914795
gemma,wp_0034,1,5.715332508087158
gemma,wp_0034,2,4.8777995109558105
gemma,wp_0034,3,8.048274993896484
gemma,wp_0034,4,7.479513168334961
gemma,wp_0035,0,10.262859344482422
gemma,wp_0035,1,13.147250175476074
gemma,wp_0035,2,10.01419448852539
gemma,wp_0035,3,16.589954376220703
gemma,wp_0035,4,12.237183570861816
gemma,wp_0036,0,10.60644817352295
gemma,wp_0036,1,10.334917068481444
gemma,wp_0036,2,9.082260131835938
gemma,wp_0036,3,9.05422306060791
gemma,wp_0036,4,11.923330307006836
gemma,wp_0037,0,8.468806266784668
gemma,wp_0037,1,10.218131065368652
gemma,wp_0037,2,12.078927993774414
gemma,wp_0037,3,11.606585502624512
gemma,wp_0037,4,7.944815158843994
gemma,wp_0038,0,10.707048416137695
gemma,wp_0038,1,12.21949577331543
gemma,wp_0038,2,11.551265716552734
gemma,wp_0038,3,9.73999309539795
gemma,wp_0038,4,12.094507217407228
gemma,wp_0039,0,8.885161399841309
gemma,wp_0039,1,12.266973495483398
gemma,wp_0039,2,12.275546073913574
gemma,wp_0039,3,7.572572231292725
gemma,wp_0039,4,8.729744911193848
gemma,wp_0040,0,12.5386962890625
gemma,wp_0040,1,14.804999351501465
gemma,wp_0040,2,13.7575044631958
gemma,wp_0040,3,15.648626327514648
gemma,wp_0040,4,12.480680465698242
gemma,wp_0041,0,8.04863452911377
gemma,wp_0041,1,7.6653032302856445
gemma,wp_0041,2,8.520411491394043
gemma,wp_0041,3,10.156511306762695
gemma,wp_0041,4,10.2457857131958
gemma,wp_0042,0,8.712387084960938
gemma,wp_0042,1,10.84109878540039
gemma,wp_0042,2,11.605464935302734
gemma,wp_0042,3,7.408359527587891
gemma,wp_0042,4,7.088539123535156
gemma,wp_0043,0,11.160615921020508
gemma,wp_0043,1,14.297578811645508
gemma,wp_0043,2,16.59830665588379
gemma,wp_0043,3,10.757710456848145
gemma,wp_0043,4,11.112353324890137
gemma,wp_0044,0,9.668463706970217
gemma,wp_0044,1,7.984848976135254
gemma,wp_0044,2,9.640336036682127
gemma,wp_0044,3,9.0606689453125
gemma,wp_0044,4,8.862737655639648
gemma,wp_0045,0,13.47370147705078
gemma,wp_0045,1,11.467222213745115
gemma,wp_0045,2,8.623845100402832
gemma,wp_0045,3,9.777630805969238
gemma,wp_0045,4,11.109299659729004
gemma,wp_0046,0,12.3555908203125
gemma,wp_0046,1,12.75802516937256
gemma,wp_0046,2,12.706513404846191
gemma,wp_0046,3,11.758016586303713
gemma,wp_0046,4,12.75031280517578
gemma,wp_0047,0,7.13444185256958
gemma,wp_0047,1,11.78687858581543
gemma,wp_0047,2,8.13153076171875
gemma,wp_0047,3,5.635810375213623
gemma,wp_0047,4,6.272066116333008
gemma,wp_0048,0,12.411460876464844
gemma,wp_0048,1,17.516765594482422
gemma,wp_0048,2,8.945393562316895
gemma,wp_0048,3,12.65205192565918
gemma,wp_0048,4,11.39855670928955
gemma,wp_0049,0,13.572052001953123
gemma,wp_0049,1,12.770553588867188
gemma,wp_0049,2,11.6271333694458
gemma,wp_0049,3,15.821460723876951
gemma,wp_0049,4,10.146123886108398
gemma,wp_0050,0,12.163182258605955
gemma,wp_0050,1,13.87710952758789
gemma,wp_0050,2,14.366209030151367
gemma,wp_0050,3,14.396333694458008
gemma,wp_0050,4,12.96647834777832
gemma,wp_0051,0,10.316133499145508
gemma,wp_0051,1,13.069815635681152
gemma,wp_0051,2,11.450695991516112
gemma,wp_0051,3,11.850692749023438
gemma,wp_0051,4,15.789645195007324
gemma,wp_0052,0,8.485042572021484
gemma,wp_0052,1,11.827676773071287
gemma,wp_0052,2,12.79228401184082
gemma,wp_0052,3,21.76022148132324
gemma,wp_0052,4,11.187779426574709
gemma,wp_0053,0,9.187621116638184
gemma,wp_0053,1,10.411222457885742
gemma,wp_0053,2,12.369187355041504
gemma,wp_0053,3,11.978747367858888
gemma,wp_0053,4,9.464263916015623
gemma,wp_0054,0,15.28977108001709
gemma,wp_0054,1,16.95529556274414
gemma,wp_0054,2,13.378266334533691
gemma,wp_0054,3,15.439993858337402
gemma,wp_0054,4,9.782745361328123
gemma,wp_0055,0,10.690738677978516
gemma,wp_0055,1,12.511820793151855
gemma,wp_0055,2,11.853761672973633
gemma,wp_0055,3,14.29697608947754
gemma,wp_0055,4,12.621423721313477
gemma,wp_0056,0,10.644241333007812
gemma,wp_0056,1,9.28258228302002
gemma,wp_0056,2,9.719868659973145
gemma,wp_0056,3,11.494742393493652
gemma,wp_0056,4,16.157047271728516
gemma,wp_0057,0,13.094764709472656
gemma,wp_0057,1,11.23646640777588
gemma,wp_0057,2,9.357377052307127
gemma,wp_0057,3,11.266357421875
gemma,wp_0057,4,11.993078231811523
gemma,wp_0058,0,12.186482429504396
gemma,wp_0058,1,15.419885635375977
gemma,wp_0058,2,13.60252857208252
gemma,wp_0058,3,15.099719047546388
gemma,wp_0058,4,13.597580909729004
gemma,wp_0059,0,13.98984146118164
gemma,wp_0059,1,10.780887603759766
gemma,wp_0059,2,15.052549362182615
gemma,wp_0059,3,13.073604583740234
gemma,wp_0059,4,16.3882999420166
gemma,wp_0060,0,14.609554290771484
gemma,wp_0060,1,8.935415267944336
gemma,wp_0060,2,11.034380912780762
gemma,wp_0060,3,12.002349853515623
gemma,wp_0060,4,9.20274829864502
gemma,wp_0061,0,12.556700706481934
gemma,wp_0061,1,11.988189697265623
gemma,wp_0061,2,12.717514991760254
gemma,wp_0061,3,11.051974296569824
gemma,wp_0061,4,14.53848934173584
gemma,wp_0062,0,6.426360607147217
gemma,wp_0062,1,7.565169811248779
gemma,wp_0062,2,7.088037967681885
gemma,wp_0062,3,9.990680694580078
gemma,wp_0062,4,7.915596008300781
gemma,wp_0063,0,14.733538627624512
gemma,wp_0063,1,10.108745574951172
gemma,wp_0063,2,11.220813751220703
gemma,wp_0063,3,13.50876522064209
gemma,wp_0063,4,12.68126106262207
gemma,wp_0064,0,10.752959251403809
gemma,wp_0064,1,13.63158893585205
gemma,wp_0064,2,12.005449295043944
gemma,wp_0064,3,9.84483528137207
gemma,wp_0064,4,11.79692554473877
gemma,wp_0065,0,14.598353385925291
gemma,wp_0065,1,18.819665908813477
gemma,wp_0065,2,16.583288192749023
gemma,wp_0065,3,15.913041114807127
gemma,wp_0065,4,14.500282287597656
gemma,wp_0066,0,13.260181427001951
gemma,wp_0066,1,11.562121391296388
gemma,wp_0066,2,13.007080078125
gemma,wp_0066,3,13.528206825256348
gemma,wp_0066,4,10.40448760986328
gemma,wp_0067,0,8.056809425354004
gemma,wp_0067,1,8.97624397277832
gemma,wp_0067,2,10.568528175354004
gemma,wp_0067,3,9.70416259765625
gemma,wp_0067,4,7.818901538848877
gemma,wp_0068,0,10.966178894042969
gemma,wp_0068,1,13.37323760986328
gemma,wp_0068,2,14.179510116577148
gemma,wp_0068,3,15.786478996276855
gemma,wp_0068,4,13.441705703735352
gemma,wp_0069,0,14.12318992614746
gemma,wp_0069,1,12.630349159240724
gemma,wp_0069,2,12.237414360046388
gemma,wp_0069,3,16.822174072265625
gemma,wp_0069,4,15.330387115478516
gemma,wp_0070,0,12.303947448730469
gemma,wp_0070,1,16.54987144470215
gemma,wp_0070,2,15.489230155944824
gemma,wp_0070,3,15.550442695617676
gemma,wp_0070,4,17.703866958618164
gemma,wp_0071,0,9.5897216796875
gemma,wp_0071,1,10.663917541503906
gemma,wp_0071,2,12.234508514404297
gemma,wp_0071,3,8.908865928649902
gemma,wp_0071,4,8.033756256103516
gemma,wp_0072,0,12.086389541625977
gemma,wp_0072,1,10.774351119995115
gemma,wp_0072,2,15.647932052612305
gemma,wp_0072,3,13.456548690795898
gemma,wp_0072,4,11.840511322021484
gemma,wp_0073,0,9.651809692382812
gemma,wp_0073,1,8.772871971130371
gemma,wp_0073,2,8.42547607421875
gemma,wp_0073,3,8.840327262878418
gemma,wp_0073,4,8.87818431854248
gemma,wp_0074,0,8.52670955657959
gemma,wp_0074,1,12.120506286621094
gemma,wp_0074,2,12.499735832214355
gemma,wp_0074,3,9.728349685668944
gemma,wp_0074,4,9.367142677307127
gemma,wp_0075,0,13.2587308883667
gemma,wp_0075,1,15.83384609222412
gemma,wp_0075,2,16.19009017944336
gemma,wp_0075,3,15.397453308105469
gemma,wp_0075,4,18.524917602539062
gemma,wp_0076,0,10.438796043395996
gemma,wp_0076,1,7.397227764129639
gemma,wp_0076,2,7.390798568725586
gemma,wp_0076,3,7.647226333618164
gemma,wp_0076,4,7.797911167144775
gemma,wp_0077,0,7.334941387176514
gemma,wp_0077,1,10.992022514343262
gemma,wp_0077,2,9.48088836669922
gemma,wp_0077,3,8.471285820007324
gemma,wp_0077,4,12.616366386413574
gemma,wp_0078,0,12.334184646606444
gemma,wp_0078,1,8.199379920959473
gemma,wp_0078,2,9.645264625549316
gemma,wp_0078,3,11.657659530639648
gemma,wp_0078,4,10.387085914611816
gemma,wp_0079,0,8.697858810424805
gemma,wp_0079,1,12.262025833129885
gemma,wp_0079,2,12.817302703857422
gemma,wp_0079,3,9.875566482543944
gemma,wp_0079,4,11.174832344055176
gemma,wp_0080,0,10.276372909545898
gemma,wp_0080,1,13.264630317687988
gemma,wp_0080,2,11.493541717529297
gemma,wp_0080,3,12.832474708557127
gemma,wp_0080,4,17.648746490478516
gemma,wp_0081,0,13.880395889282228
gemma,wp_0081,1,8.41283130645752
gemma,wp_0081,2,8.55484676361084
gemma,wp_0081,3,13.735148429870604
gemma,wp_0081,4,11.18366241455078
gemma,wp_0082,0,11.959625244140623
gemma,wp_0082,1,8.473217010498047
gemma,wp_0082,2,10.052997589111328
gemma,wp_0082,3,11.170806884765623
gemma,wp_0082,4,11.543872833251951
gemma,wp_0083,0,16.628591537475586
gemma,wp_0083,1,12.233945846557615
gemma,wp_0083,2,9.121461868286133
gemma,wp_0083,3,9.810224533081056
gemma,wp_0083,4,10.316896438598633
gemma,wp_0084,0,10.375943183898926
gemma,wp_0084,1,7.95318078994751
gemma,wp_0084,2,10.196880340576172
gemma,wp_0084,3,9.702110290527344
gemma,wp_0084,4,12.35954475402832
gemma,wp_0085,0,7.519937992095947
gemma,wp_0085,1,9.89814567565918
gemma,wp_0085,2,8.878097534179688
gemma,wp_0085,3,7.148425579071045
gemma,wp_0085,4,10.203198432922363
gemma,wp_0086,0,16.930477142333984
gemma,wp_0086,1,12.975836753845217
gemma,wp_0086,2,15.625344276428224
gemma,wp_0086,3,17.591228485107422
gemma,wp_0086,4,14.922962188720703
gemma,wp_0087,0,13.270859718322754
gemma,wp_0087,1,11.923254013061523
gemma,wp_0087,2,12.447742462158203
gemma,wp_0087,3,8.592212677001953
gemma,wp_0087,4,12.84072971343994
gemma,wp_0088,0,12.639328002929688
gemma,wp_0088,1,12.35745906829834
gemma,wp_0088,2,12.984722137451172
gemma,wp_0088,3,16.568601608276367
gemma,wp_0088,4,10.3662109375
gemma,wp_0089,0,16.474611282348633
gemma,wp_0089,1,12.113977432250977
gemma,wp_0089,2,13.085497856140137
gemma,wp_0089,3,13.444433212280272
gemma,wp_0089,4,12.234970092773438
gemma,wp_0090,0,14.872270584106444
gemma,wp_0090,1,14.736074447631836
gemma,wp_0090,2,14.261012077331545
gemma,wp_0090,3,18.639978408813477
gemma,wp_0090,4,20.45084571838379
gemma,wp_0091,0,15.5481595993042
gemma,wp_0091,1,10.244839668273926
gemma,wp_0091,2,16.30677604675293
gemma,wp_0091,3,16.02627944946289
gemma,wp_0091,4,16.925804138183594
gemma,wp_0092,0,6.8276472091674805
gemma,wp_0092,1,7.482422351837158
gemma,wp_0092,2,7.736478328704834
gemma,wp_0092,3,7.667787075042725
gemma,wp_0092,4,6.618728160858154
gemma,wp_0093,0,24.7298583984375
gemma,wp_0093,1,17.666845321655273
gemma,wp_0093,2,15.8809232711792
gemma,wp_0093,3,16.264677047729492
gemma,wp_0093,4,9.7253999710083
gemma,wp_0094,0,16.558046340942383
gemma,wp_0094,1,10.701546669006348
gemma,wp_0094,2,16.104354858398438
gemma,wp_0094,3,13.307143211364746
gemma,wp_0094,4,17.278051376342773
gemma,wp_0095,0,13.13874626159668
gemma,wp_0095,1,10.741162300109863
gemma,wp_0095,2,12.732970237731934
gemma,wp_0095,3,24.353342056274418
gemma,wp_0095,4,10.733415603637695
gemma,wp_0096,0,11.767086029052734
gemma,wp_0096,1,11.592387199401855
gemma,wp_0096,2,10.77180004119873
gemma,wp_0096,3,16.29003143310547
gemma,wp_0096,4,10.57449436187744
gemma,wp_0097,0,10.90567111968994
gemma,wp_0097,1,16.83926773071289
gemma,wp_0097,2,19.732654571533203
gemma,wp_0097,3,13.89247989654541
gemma,wp_0097,4,16.556987762451172
gemma,wp_0098,0,17.07806396484375
gemma,wp_0098,1,10.764013290405272
gemma,wp_0098,2,8.545836448669434
gemma,wp_0098,3,11.871013641357422
gemma,wp_0098,4,10.070457458496094
gemma,wp_0099,0,11.638091087341309
gemma,wp_0099,1,12.417652130126951
gemma,wp_0099,2,11.069149017333984
gemma,wp_0099,3,10.817315101623535
gemma,wp_0099,4,10.928364753723145
gemma,wp_0100,0,17.024288177490234
gemma,wp_0100,1,14.04665184020996
gemma,wp_0100,2,16.81401824951172
gemma,wp_0100,3,16.385377883911133
gemma,wp_0100,4,16.234025955200195
gemma,wp_0101,0,9.56007957458496
gemma,wp_0101,1,10.66749095916748
gemma,wp_0101,2,10.032944679260254
gemma,wp_0101,3,15.421429634094238
gemma,wp_0101,4,11.782032012939451
gemma,wp_0102,0,11.922196388244627
gemma,wp_0102,1,8.879378318786621
gemma,wp_0102,2,15.071089744567873
gemma,wp_0102,3,13.394598007202148
gemma,wp_0102,4,12.90553855895996
gemma,wp_0103,0,15.571163177490234
gemma,wp_0103,1,18.937686920166016
gemma,wp_0103,2,7.773684978485107
gemma,wp_0103,3,8.882203102111816
gemma,wp_0103,4,16.341718673706055
gemma,wp_0104,0,13.408794403076172
gemma,wp_0104,1,12.732970237731934
gemma,wp_0104,2,9.360588073730469
gemma,wp_0104,3,10.983660697937012
gemma,wp_0104,4,11.410250663757324
gemma,wp_0105,0,12.782175064086914
gemma,wp_0105,1,12.60682773590088
gemma,wp_0105,2,11.038331031799316
gemma,wp_0105,3,17.15259552001953
gemma,wp_0105,4,10.303791046142578
gemma,wp_0106,0,11.21013069152832
gemma,wp_0106,1,11.023429870605469
gemma,wp_0106,2,9.081182479858398
gemma,wp_0106,3,10.47958755493164
gemma,wp_0106,4,11.957517623901367
gemma,wp_0107,0,11.660927772521973
gemma,wp_0107,1,12.316855430603027
gemma,wp_0107,2,10.265542030334473
gemma,wp_0107,3,12.696735382080078
gemma,wp_0107,4,14.770225524902344
gemma,wp_0108,0,9.865646362304688
gemma,wp_0108,1,18.29456901550293
gemma,wp_0108,2,14.1351957321167
gemma,wp_0108,3,13.001347541809082
gemma,wp_0108,4,11.718161582946776
gemma,wp_0109,0,6.127114295959473
gemma,wp_0109,1,7.957696437835693
gemma,wp_0109,2,13.52547836303711
gemma,wp_0109,3,10.604329109191896
gemma,wp_0109,4,8.63510513305664
gemma,wp_0110,0,10.877415657043455
gemma,wp_0110,1,10.716150283813477
gemma,wp_0110,2,8.777045249938965
gemma,wp_0110,3,13.589167594909668
gemma,wp_0110,4,14.188665390014648
gemma,wp_0111,0,10.65137004852295
gemma,wp_0111,1,11.85849380493164
gemma,wp_0111,2,12.138303756713867
gemma,wp_0111,3,12.407194137573242
gemma,wp_0111,4,13.058682441711426
gemma,wp_0112,0,11.509350776672363
gemma,wp_0112,1,10.408194541931152
gemma,wp_0112,2,13.504159927368164
gemma,wp_0112,3,16.055574417114258
gemma,wp_0112,4,13.091907501220703
gemma,wp_0113,0,12.791155815124512
gemma,wp_0113,1,11.766661643981934
gemma,wp_0113,2,12.356778144836426
gemma,wp_0113,3,12.734521865844728
gemma,wp_0113,4,14.977883338928224
gemma,wp_0114,0,11.861923217773438
gemma,wp_0114,1,15.403879165649414
gemma,wp_0114,2,15.626588821411133
gemma,wp_0114,3,17.23975944519043
gemma,wp_0114,4,12.392807960510254
gemma,wp_0115,0,8.221835136413574
gemma,wp_0115,1,8.285560607910156
gemma,wp_0115,2,12.458112716674805
gemma,wp_0115,3,11.328078269958496
gemma,wp_0115,4,11.572043418884276
gemma,wp_0116,0,12.56549835205078
gemma,wp_0116,1,15.119107246398926
gemma,wp_0116,2,12.066418647766112
gemma,wp_0116,3,13.536785125732422
gemma,wp_0116,4,13.784689903259276
gemma,wp_0117,0,14.761202812194824
gemma,wp_0117,1,13.17709732055664
gemma,wp_0117,2,14.60743236541748
gemma,wp_0117,3,11.076929092407228
gemma,wp_0117,4,13.342915534973145
gemma,wp_0118,0,9.594975471496582
gemma,wp_0118,1,12.808550834655762
gemma,wp_0118,2,13.507369995117188
gemma,wp_0118,3,13.728715896606444
gemma,wp_0118,4,13.669839859008787
gemma,wp_0119,0,13.37191104888916
gemma,wp_0119,1,13.149758338928224
gemma,wp_0119,2,11.815526962280272
gemma,wp_0119,3,19.35519790649414
gemma,wp_0119,4,12.443130493164062
gemma,wp_0120,0,10.749116897583008
gemma,wp_0120,1,14.997879981994627
gemma,wp_0120,2,10.778179168701172
gemma,wp_0120,3,13.29070281982422
gemma,wp_0120,4,11.278923034667969
gemma,wp_0121,0,11.881473541259766
gemma,wp_0121,1,11.604629516601562
gemma,wp_0121,2,9.347110748291016
gemma,wp_0121,3,10.841976165771484
gemma,wp_0121,4,9.02833652496338
gemma,wp_0122,0,13.43512725830078
gemma,wp_0122,1,11.326080322265623
gemma,wp_0122,2,10.662806510925291
gemma,wp_0122,3,16.21012306213379
gemma,wp_0122,4,10.324666976928713
gemma,wp_0123,0,13.42424774169922
gemma,wp_0123,1,14.856900215148926
gemma,wp_0123,2,11.24480152130127
gemma,wp_0123,3,12.765655517578123
gemma,wp_0123,4,12.902018547058104
gemma,wp_0124,0,14.4812593460083
gemma,wp_0124,1,8.48940372467041
gemma,wp_0124,2,9.545660018920898
gemma,wp_0124,3,13.332592964172363
gemma,wp_0124,4,14.134117126464844
gemma,wp_0125,0,10.39711856842041
gemma,wp_0125,1,11.116506576538086
gemma,wp_0125,2,9.65526008605957
gemma,wp_0125,3,12.286100387573242
gemma,wp_0125,4,10.586198806762695
gemma,wp_0126,0,8.548165321350098
gemma,wp_0126,1,6.44822359085083
gemma,wp_0126,2,9.773837089538574
gemma,wp_0126,3,8.38807487487793
gemma,wp_0126,4,8.797883987426758
gemma,wp_0127,0,12.430410385131836
gemma,wp_0127,1,14.126995086669922
gemma,wp_0127,2,14.420783042907717
gemma,wp_0127,3,13.939141273498535
gemma,wp_0127,4,13.132072448730469
gemma,wp_0128,0,9.971911430358888
gemma,wp_0128,1,9.933671951293944
gemma,wp_0128,2,9.801800727844238
gemma,wp_0128,3,7.916360378265381
gemma,wp_0128,4,7.869415283203125
gemma,wp_0129,0,11.335222244262695
gemma,wp_0129,1,11.772476196289062
gemma,wp_0129,2,13.421613693237305
gemma,wp_0129,3,13.946264266967772
gemma,wp_0129,4,14.867300033569336
gemma,wp_0130,0,12.25254249572754
gemma,wp_0130,1,10.596183776855469
gemma,wp_0130,2,10.01972484588623
gemma,wp_0130,3,10.301546096801758
gemma,wp_0130,4,10.349122047424316
gemma,wp_0131,0,10.050296783447266
gemma,wp_0131,1,13.874138832092283
gemma,wp_0131,2,11.76130199432373
gemma,wp_0131,3,12.458261489868164
gemma,wp_0131,4,11.259896278381348
gemma,wp_0132,0,10.688521385192873
gemma,wp_0132,1,9.822466850280762
gemma,wp_0132,2,10.225956916809082
gemma,wp_0132,3,11.808402061462402
gemma,wp_0132,4,16.662376403808594
gemma,wp_0133,0,12.379413604736328
gemma,wp_0133,1,11.082606315612791
gemma,wp_0133,2,7.886402130126953
gemma,wp_0133,3,8.754140853881836
gemma,wp_0133,4,10.648777961730955
gemma,wp_0134,0,15.083189964294434
gemma,wp_0134,1,10.7958402633667
gemma,wp_0134,2,15.18015956878662
gemma,wp_0134,3,14.191408157348633
gemma,wp_0134,4,14.136540412902832
gemma,wp_0135,0,13.349101066589355
gemma,wp_0135,1,13.09363079071045
gemma,wp_0135,2,13.890039443969728
gemma,wp_0135,3,10.637414932250977
gemma,wp_0135,4,8.43165111541748
gemma,wp_0136,0,12.241937637329102
gemma,wp_0136,1,12.280877113342283
gemma,wp_0136,2,13.291498184204102
gemma,wp_0136,3,9.66201114654541
gemma,wp_0136,4,12.048379898071287
gemma,wp_0137,0,11.373161315917969
gemma,wp_0137,1,11.168737411499023
gemma,wp_0137,2,11.30732250213623
gemma,wp_0137,3,10.066347122192385
gemma,wp_0137,4,10.605178833007812
gemma,wp_0138,0,16.262439727783203
gemma,wp_0138,1,10.925285339355469
gemma,wp_0138,2,10.962132453918455
gemma,wp_0138,3,10.368905067443848
gemma,wp_0138,4,7.22313928604126
gemma,wp_0139,0,13.55182647705078
gemma,wp_0139,1,20.12126922607422
gemma,wp_0139,2,16.78768539428711
gemma,wp_0139,3,14.356464385986328
gemma,wp_0139,4,15.146480560302734
gemma,wp_0140,0,9.45263671875
gemma,wp_0140,1,10.052539825439451
gemma,wp_0140,2,9.482095718383787
gemma,wp_0140,3,11.798301696777344
gemma,wp_0140,4,15.750651359558104
gemma,wp_0141,0,12.666303634643556
gemma,wp_0141,1,14.608421325683594
gemma,wp_0141,2,12.45535373687744
gemma,wp_0141,3,17.882326126098633
gemma,wp_0141,4,14.94351291656494
gemma,wp_0142,0,15.096832275390623
gemma,wp_0142,1,14.780445098876951
gemma,wp_0142,2,16.149309158325195
gemma,wp_0142,3,10.89057445526123
gemma,wp_0142,4,15.180395126342772
gemma,wp_0143,0,10.524374961853027
gemma,wp_0143,1,11.602123260498049
gemma,wp_0143,2,8.033387184143066
gemma,wp_0143,3,9.638816833496094
gemma,wp_0143,4,9.798041343688965
gemma,wp_0144,0,18.072423934936523
gemma,wp_0144,1,18.53968811035156
gemma,wp_0144,2,17.674959182739258
gemma,wp_0144,3,9.491565704345703
gemma,wp_0144,4,9.903075218200684
gemma,wp_0145,0,15.466476440429688
gemma,wp_0145,1,16.21588706970215
gemma,wp_0145,2,10.419027328491213
gemma,wp_0145,3,10.263449668884276
gemma,wp_0145,4,13.747562408447266
gemma,wp_0146,0,14.785273551940918
gemma,wp_0146,1,14.274826049804688
gemma,wp_0146,2,14.104217529296877
gemma,wp_0146,3,14.854275703430176
gemma,wp_0146,4,13.662662506103516
gemma,wp_0147,0,15.193763732910156
gemma,wp_0147,1,11.482443809509276
gemma,wp_0147,2,13.556492805480955
gemma,wp_0147,3,14.84519100189209
gemma,wp_0147,4,14.043333053588867
gemma,wp_0148,0,9.884408950805664
gemma,wp_0148,1,11.58835792541504
gemma,wp_0148,2,10.32490348815918
gemma,wp_0148,3,11.558218002319336
gemma,wp_0148,4,10.67910385131836
gemma,wp_0149,0,11.207262992858888
gemma,wp_0149,1,9.826369285583496
gemma,wp_0149,2,10.94474983215332
gemma,wp_0149,3,10.793251037597656
gemma,wp_0149,4,11.211610794067385
gemma,wp_0150,0,12.560500144958496
gemma,wp_0150,1,10.765507698059082
gemma,wp_0150,2,11.633646965026855
gemma,wp_0150,3,11.608168601989746
gemma,wp_0150,4,14.33261013031006
gemma,wp_0151,0,8.96168327331543
gemma,wp_0151,1,10.900861740112305
gemma,wp_0151,2,11.521845817565918
gemma,wp_0151,3,9.262059211730955
gemma,wp_0151,4,14.892359733581545
gemma,wp_0152,0,14.355351448059082
gemma,wp_0152,1,11.194103240966797
gemma,wp_0152,2,15.361032485961914
gemma,wp_0152,3,11.23364543914795
gemma,wp_0152,4,11.664450645446776
gemma,wp_0153,0,7.817922592163086
gemma,wp_0153,1,7.765360355377197
gemma,wp_0153,2,9.94611644744873
gemma,wp_0153,3,13.44177532196045
gemma,wp_0153,4,9.119070053100586
gemma,wp_0154,0,10.03602409362793
gemma,wp_0154,1,12.06200122833252
gemma,wp_0154,2,16.968645095825195
gemma,wp_0154,3,13.847694396972656
gemma,wp_0154,4,11.500147819519045
gemma,wp_0155,0,15.61942195892334
gemma,wp_0155,1,13.607640266418455
gemma,wp_0155,2,15.797428131103516
gemma,wp_0155,3,16.646501541137695
gemma,wp_0155,4,13.755047798156738
gemma,wp_0156,0,9.443279266357422
gemma,wp_0156,1,7.579981803894043
gemma,wp_0156,2,10.890024185180664
gemma,wp_0156,3,9.021918296813965
gemma,wp_0156,4,10.664202690124512
gemma,wp_0157,0,8.055360794067383
gemma,wp_0157,1,9.660355567932127
gemma,wp_0157,2,10.909496307373049
gemma,wp_0157,3,7.270122051239014
gemma,wp_0157,4,8.910587310791016
gemma,wp_0158,0,16.674903869628906
gemma,wp_0158,1,17.509737014770508
gemma,wp_0158,2,16.583820343017578
gemma,wp_0158,3,16.00320053100586
gemma,wp_0158,4,14.567562103271484
gemma,wp_0159,0,13.381159782409668
gemma,wp_0159,1,13.440474510192873
gemma,wp_0159,2,19.049903869628903
gemma,wp_0159,3,5.752960205078125
gemma,wp_0159,4,10.25089168548584
gemma,wp_0160,0,10.803616523742676
gemma,wp_0160,1,10.307263374328612
gemma,wp_0160,2,13.076366424560549
gemma,wp_0160,3,14.688213348388672
gemma,wp_0160,4,18.435400009155273
gemma,wp_0161,0,14.124432563781738
gemma,wp_0161,1,11.964776039123535
gemma,wp_0161,2,11.708520889282228
gemma,wp_0161,3,15.086189270019531
gemma,wp_0161,4,13.114826202392578
gemma,wp_0162,0,10.924186706542969
gemma,wp_0162,1,12.428374290466309
gemma,wp_0162,2,10.00127410888672
gemma,wp_0162,3,12.029791831970217
gemma,wp_0162,4,12.936985969543455
gemma,wp_0163,0,10.863521575927734
gemma,wp_0163,1,11.923537254333496
gemma,wp_0163,2,14.398966789245604
gemma,wp_0163,3,8.655329704284668
gemma,wp_0163,4,16.52305793762207
gemma,wp_0164,0,15.825203895568848
gemma,wp_0164,1,11.07187557220459
gemma,wp_0164,2,14.221086502075195
gemma,wp_0164,3,14.287959098815918
gemma,wp_0164,4,12.40990924835205
gemma,wp_0165,0,16.371536254882812
gemma,wp_0165,1,12.36707878112793
gemma,wp_0165,2,11.664820671081545
gemma,wp_0165,3,12.660174369812012
gemma,wp_0165,4,18.51336669921875
gemma,wp_0166,0,9.065170288085938
gemma,wp_0166,1,8.643826484680176
gemma,wp_0166,2,9.896876335144045
gemma,wp_0166,3,9.271870613098145
gemma,wp_0166,4,10.8076171875
gemma,wp_0167,0,14.762843132019045
gemma,wp_0167,1,22.83709716796875
gemma,wp_0167,2,16.606956481933594
gemma,wp_0167,3,21.94248390197754
gemma,wp_0167,4,18.23384666442871
gemma,wp_0168,0,13.730120658874512
gemma,wp_0168,1,12.74759578704834
gemma,wp_0168,2,9.388548851013184
gemma,wp_0168,3,12.807225227355955
gemma,wp_0168,4,12.068775177001951
gemma,wp_0169,0,15.154828071594238
gemma,wp_0169,1,12.966583251953123
gemma,wp_0169,2,9.351852416992188
gemma,wp_0169,3,13.13844871520996
gemma,wp_0169,4,11.69347095489502
gemma,wp_0170,0,12.715381622314451
gemma,wp_0170,1,25.10179328918457
gemma,wp_0170,2,17.306285858154297
gemma,wp_0170,3,14.872596740722656
gemma,wp_0170,4,14.129345893859863
gemma,wp_0171,0,14.34360694885254
gemma,wp_0171,1,12.779807090759276
gemma,wp_0171,2,19.935232162475582
gemma,wp_0171,3,17.007722854614258
gemma,wp_0171,4,18.742706298828125
gemma,wp_0172,0,12.524593353271484
gemma,wp_0172,1,11.829385757446287
gemma,wp_0172,2,13.116393089294434
gemma,wp_0172,3,12.353885650634766
gemma,wp_0172,4,13.537120819091797
gemma,wp_0173,0,9.273527145385742
gemma,wp_0173,1,8.908024787902832
gemma,wp_0173,2,9.586957931518556
gemma,wp_0173,3,9.558233261108398
gemma,wp_0173,4,12.220535278320312
gemma,wp_0174,0,7.997747898101807
gemma,wp_0174,1,8.584677696228027
gemma,wp_0174,2,9.456541061401367
gemma,wp_0174,3,8.180593490600586
gemma,wp_0174,4,6.607226371765137
gemma,wp_0175,0,13.892393112182615
gemma,wp_0175,1,21.43915557861328
gemma,wp_0175,2,17.212841033935547
gemma,wp_0175,3,13.2245454788208
gemma,wp_0175,4,11.60062313079834
gemma,wp_0176,0,11.817952156066896
gemma,wp_0176,1,14.3318510055542
gemma,wp_0176,2,11.672871589660645
gemma,wp_0176,3,10.625062942504885
gemma,wp_0176,4,7.85168981552124
gemma,wp_0177,0,12.156286239624023
gemma,wp_0177,1,14.803192138671877
gemma,wp_0177,2,11.873498916625977
gemma,wp_0177,3,13.612092971801758
gemma,wp_0177,4,12.356091499328612
gemma,wp_0178,0,13.507086753845217
gemma,wp_0178,1,8.936553955078125
gemma,wp_0178,2,12.319246292114258
gemma,wp_0178,3,8.699235916137695
gemma,wp_0178,4,11.58834171295166
gemma,wp_0179,0,16.22939682006836
gemma,wp_0179,1,21.46317672729492
gemma,wp_0179,2,19.80848693847656
gemma,wp_0179,3,14.528876304626465
gemma,wp_0179,4,15.081624984741213
gemma,wp_0180,0,15.55400276184082
gemma,wp_0180,1,12.445281982421877
gemma,wp_0180,2,14.302021980285645
gemma,wp_0180,3,13.84195041656494
gemma,wp_0180,4,14.301348686218262
gemma,wp_0181,0,14.109992980957031
gemma,wp_0181,1,14.70674991607666
gemma,wp_0181,2,22.634689331054688
gemma,wp_0181,3,18.654436111450195
gemma,wp_0181,4,11.739920616149902
gemma,wp_0182,0,12.929245948791504
gemma,wp_0182,1,17.930458068847656
gemma,wp_0182,2,11.8045654296875
gemma,wp_0182,3,19.99452781677246
gemma,wp_0182,4,14.292132377624512
gemma,wp_0183,0,7.568767070770264
gemma,wp_0183,1,12.777259826660156
gemma,wp_0183,2,13.432838439941406
gemma,wp_0183,3,7.110324859619141
gemma,wp_0183,4,11.214624404907228
gemma,wp_0184,0,9.201967239379885
gemma,wp_0184,1,8.609833717346191
gemma,wp_0184,2,9.935715675354004
gemma,wp_0184,3,8.420047760009766
gemma,wp_0184,4,12.992692947387695
gemma,wp_0185,0,10.020977020263672
gemma,wp_0185,1,13.481515884399414
gemma,wp_0185,2,12.25001335144043
gemma,wp_0185,3,14.945347785949709
gemma,wp_0185,4,14.385488510131836
gemma,wp_0186,0,7.221348762512207
gemma,wp_0186,1,11.570631980895996
gemma,wp_0186,2,12.112839698791504
gemma,wp_0186,3,10.536669731140137
gemma,wp_0186,4,11.104289054870604
gemma,wp_0187,0,16.18280792236328
gemma,wp_0187,1,11.346960067749023
gemma,wp_0187,2,9.240278244018556
gemma,wp_0187,3,12.439194679260254
gemma,wp_0187,4,14.442028999328612
gemma,wp_0188,0,15.228161811828612
gemma,wp_0188,1,9.988743782043455
gemma,wp_0188,2,13.39272689819336
gemma,wp_0188,3,15.583344459533691
gemma,wp_0188,4,18.396467208862305
gemma,wp_0189,0,13.447100639343262
gemma,wp_0189,1,8.530888557434082
gemma,wp_0189,2,12.315363883972168
gemma,wp_0189,3,9.385251998901367
gemma,wp_0189,4,8.575508117675781
gemma,wp_0190,0,11.763436317443848
gemma,wp_0190,1,12.345752716064451
gemma,wp_0190,2,12.78045654296875
gemma,wp_0190,3,13.45207977294922
gemma,wp_0190,4,17.912639617919922
gemma,wp_0191,0,16.012239456176758
gemma,wp_0191,1,10.320743560791016
gemma,wp_0191,2,14.411018371582031
gemma,wp_0191,3,12.888049125671388
gemma,wp_0191,4,13.811793327331545
gemma,wp_0192,0,8.984431266784668
gemma,wp_0192,1,11.730380058288574
gemma,wp_0192,2,12.903181076049805
gemma,wp_0192,3,12.262505531311035
gemma,wp_0192,4,10.650418281555176
gemma,wp_0193,0,13.577560424804688
gemma,wp_0193,1,15.95393180847168
gemma,wp_0193,2,9.446504592895508
gemma,wp_0193,3,10.018781661987305
gemma,wp_0193,4,14.17021369934082
gemma,wp_0194,0,2.1118109226226807
gemma,wp_0194,1,2.134326219558716
gemma,wp_0194,2,2.1225385665893555
gemma,wp_0194,3,2.1949234008789062
gemma,wp_0194,4,2.843759298324585
gemma,wp_0195,0,11.489070892333984
gemma,wp_0195,1,10.026593208312988
gemma,wp_0195,2,12.345927238464355
gemma,wp_0195,3,9.948286056518556
gemma,wp_0195,4,11.804559707641602
gemma,wp_0196,0,17.998991012573242
gemma,wp_0196,1,12.780081748962402
gemma,wp_0196,2,18.07321548461914
gemma,wp_0196,3,13.659249305725098
gemma,wp_0196,4,17.855247497558594
gemma,wp_0197,0,11.039572715759276
gemma,wp_0197,1,14.015026092529297
gemma,wp_0197,2,18.33284568786621
gemma,wp_0197,3,17.245025634765625
gemma,wp_0197,4,11.45600700378418
gemma,wp_0198,0,12.604303359985352
gemma,wp_0198,1,12.472826957702637
gemma,wp_0198,2,15.17491626739502
gemma,wp_0198,3,12.142849922180176
gemma,wp_0198,4,12.804803848266602
gemma,wp_0199,0,12.897101402282717
gemma,wp_0199,1,12.602383613586426
gemma,wp_0199,2,14.305458068847656
gemma,wp_0199,3,11.313031196594238
gemma,wp_0199,4,18.484790802001953
llama,wp_0000,0,7.993046760559082
llama,wp_0000,1,11.945634841918944
llama,wp_0000,2,8.215840339660645
llama,wp_0000,3,9.512551307678224
llama,wp_0000,4,9.884352684020996
llama,wp_0001,0,8.44967269897461
llama,wp_0001,1,8.760638236999512
llama,wp_0001,2,7.211048126220703
llama,wp_0001,3,9.673199653625488
llama,wp_0001,4,8.096758842468262
llama,wp_0002,0,7.617398262023926
llama,wp_0002,1,7.916607856750488
llama,wp_0002,2,9.946625709533691
llama,wp_0002,3,7.728621006011963
llama,wp_0002,4,11.717731475830078
llama,wp_0003,0,5.686286926269531
llama,wp_0003,1,6.313608646392822
llama,wp_0003,2,6.22955322265625
llama,wp_0003,3,7.066945552825928
llama,wp_0003,4,7.025687217712402
llama,wp_0004,0,6.8154778480529785
llama,wp_0004,1,8.550393104553223
llama,wp_0004,2,6.94967794418335
llama,wp_0004,3,7.579726696014404
llama,wp_0004,4,6.9600019454956055
llama,wp_0005,0,5.943412780761719
llama,wp_0005,1,5.559199333190918
llama,wp_0005,2,5.504055500030518
llama,wp_0005,3,6.646650314331055
llama,wp_0005,4,6.579859733581543
llama,wp_0006,0,10.52627658843994
llama,wp_0006,1,11.595054626464844
llama,wp_0006,2,9.640329360961914
llama,wp_0006,3,7.760611057281494
llama,wp_0006,4,10.71053409576416
llama,wp_0007,0,11.604740142822266
llama,wp_0007,1,12.164443969726562
llama,wp_0007,2,13.694188117980955
llama,wp_0007,3,10.226978302001951
llama,wp_0007,4,9.901226043701172
llama,wp_0008,0,6.802390098571777
llama,wp_0008,1,14.23653507232666
llama,wp_0008,2,8.075611114501953
llama,wp_0008,3,8.5874605178833
llama,wp_0008,4,13.264620780944824
llama,wp_0009,0,7.018815040588379
llama,wp_0009,1,14.285026550292969
llama,wp_0009,2,11.940054893493652
llama,wp_0009,3,9.372885704040527
llama,wp_0009,4,7.926268100738525
llama,wp_0010,0,7.049846172332764
llama,wp_0010,1,6.015326976776123
llama,wp_0010,2,6.699873924255371
llama,wp_0010,3,6.526517868041992
llama,wp_0010,4,5.888210296630859
llama,wp_0011,0,9.242547035217283
llama,wp_0011,1,7.615298748016357
llama,wp_0011,2,10.215424537658691
llama,wp_0011,3,11.035062789916992
llama,wp_0011,4,11.30041790008545
llama,wp_0012,0,9.265420913696287
llama,wp_0012,1,10.20702075958252
llama,wp_0012,2,11.927831649780272
llama,wp_0012,3,10.076461791992188
llama,wp_0012,4,9.969613075256348
llama,wp_0013,0,14.369343757629396
llama,wp_0013,1,16.596378326416016
llama,wp_0013,2,16.068586349487305
llama,wp_0013,3,13.52875518798828
llama,wp_0013,4,31.40430450439453
llama,wp_0014,0,13.483959197998049
llama,wp_0014,1,9.312599182128906
llama,wp_0014,2,14.451101303100586
llama,wp_0014,3,9.787887573242188
llama,wp_0014,4,10.826727867126465
llama,wp_0015,0,7.308248043060303
llama,wp_0015,1,7.140849590301514
llama,wp_0015,2,7.885544776916504
llama,wp_0015,3,7.856423854827881
llama,wp_0015,4,9.296442985534668
llama,wp_0016,0,9.640220642089844
llama,wp_0016,1,7.528624057769775
llama,wp_0016,2,9.763277053833008
llama,wp_0016,3,9.356857299804688
llama,wp_0016,4,16.395050048828125
llama,wp_0017,0,28.59169578552246
llama,wp_0017,1,35.68116760253906
llama,wp_0017,2,30.298826217651367
llama,wp_0017,3,39.1072998046875
llama,wp_0017,4,6.162034511566162
llama,wp_0018,0,4.76251220703125
llama,wp_0018,1,5.0932512283325195
llama,wp_0018,2,5.383755207061768
llama,wp_0018,3,6.875988960266113
llama,wp_0018,4,5.784507751464844
llama,wp_0019,0,8.458515167236328
llama,wp_0019,1,12.180686950683594
llama,wp_0019,2,10.83615779876709
llama,wp_0019,3,7.535293579101563
llama,wp_0019,4,10.827157974243164
llama,wp_0020,0,6.5257487297058105
llama,wp_0020,1,5.374537944793701
llama,wp_0020,2,10.133538246154783
llama,wp_0020,3,8.685968399047852
llama,wp_0020,4,6.900343894958496
llama,wp_0021,0,7.991027355194092
llama,wp_0021,1,10.48653793334961
llama,wp_0021,2,7.858592987060547
llama,wp_0021,3,6.936010360717773
llama,wp_0021,4,6.934294700622559
llama,wp_0022,0,9.952733993530272
llama,wp_0022,1,12.25059986114502
llama,wp_0022,2,7.2286376953125
llama,wp_0022,3,13.03968620300293
llama,wp_0022,4,10.499361991882324
llama,wp_0023,0,6.500918388366699
llama,wp_0023,1,8.374945640563965
llama,wp_0023,2,5.7798991203308105
llama,wp_0023,3,8.909887313842773
llama,wp_0023,4,8.015759468078613
llama,wp_0024,0,13.672242164611816
llama,wp_0024,1,8.174261093139648
llama,wp_0024,2,8.189533233642578
llama,wp_0024,3,7.793821811676025
llama,wp_0024,4,7.90103816986084
llama,wp_0025,0,7.2037672996521
llama,wp_0025,1,9.777321815490724
llama,wp_0025,2,5.820423126220703
llama,wp_0025,3,8.17685317993164
llama,wp_0025,4,6.211472034454346
llama,wp_0026,0,10.34113597869873
llama,wp_0026,1,10.46519660949707
llama,wp_0026,2,9.39438819885254
llama,wp_0026,3,8.712297439575195
llama,wp_0026,4,8.957486152648926
llama,wp_0027,0,6.952423095703125
llama,wp_0027,1,10.456656455993652
llama,wp_0027,2,12.102401733398438
llama,wp_0027,3,7.146137237548828
llama,wp_0027,4,7.036370277404785
llama,wp_0028,0,8.647990226745605
llama,wp_0028,1,12.276806831359863
llama,wp_0028,2,12.820220947265623
llama,wp_0028,3,7.337469100952148
llama,wp_0028,4,9.028289794921877
llama,wp_0029,0,7.894598484039307
llama,wp_0029,1,8.393378257751465
llama,wp_0029,2,7.368164539337158
llama,wp_0029,3,7.5240607261657715
llama,wp_0029,4,7.127965450286865
llama,wp_0030,0,13.634676933288574
llama,wp_0030,1,7.43070125579834
llama,wp_0030,2,7.853204727172852
llama,wp_0030,3,6.56785774230957
llama,wp_0030,4,8.060617446899414
llama,wp_0031,0,9.676459312438965
llama,wp_0031,1,8.28388786315918
llama,wp_0031,2,9.963354110717772
llama,wp_0031,3,7.832304954528809
llama,wp_0031,4,11.74989414215088
llama,wp_0032,0,8.775518417358398
llama,wp_0032,1,9.289454460144045
llama,wp_0032,2,8.118037223815918
llama,wp_0032,3,5.736705780029297
llama,wp_0032,4,10.326011657714844
llama,wp_0033,0,6.218076229095459
llama,wp_0033,1,9.26408863067627
llama,wp_0033,2,8.081687927246094
llama,wp_0033,3,9.39765453338623
llama,wp_0033,4,8.113287925720215
llama,wp_0034,0,6.379362106323242
llama,wp_0034,1,4.326417922973633
llama,wp_0034,2,4.6624908447265625
llama,wp_0034,3,4.480507850646973
llama,wp_0034,4,5.403399467468262
llama,wp_0035,0,19.620391845703125
llama,wp_0035,1,9.514239311218262
llama,wp_0035,2,6.241901874542236
llama,wp_0035,3,12.690857887268066
llama,wp_0035,4,9.462729454040527
llama,wp_0036,0,6.558806419372559
llama,wp_0036,1,6.714034080505371
llama,wp_0036,2,5.904337406158447
llama,wp_0036,3,7.311359405517578
llama,wp_0036,4,9.40733242034912
llama,wp_0037,0,5.292669773101807
llama,wp_0037,1,7.138255596160889
llama,wp_0037,2,9.682244300842283
llama,wp_0037,3,5.054368495941162
llama,wp_0037,4,5.139593124389648
llama,wp_0038,0,11.016301155090332
llama,wp_0038,1,10.53363037109375
llama,wp_0038,2,8.121129989624023
llama,wp_0038,3,10.116934776306152
llama,wp_0038,4,12.44922924041748
llama,wp_0039,0,8.501079559326172
llama,wp_0039,1,9.237676620483398
llama,wp_0039,2,14.24965000152588
llama,wp_0039,3,12.168412208557127
llama,wp_0039,4,10.893418312072754
llama,wp_0040,0,10.014941215515137
llama,wp_0040,1,10.925640106201172
llama,wp_0040,2,7.399492740631104
llama,wp_0040,3,6.605528354644775
llama,wp_0040,4,7.019676208496094
llama,wp_0041,0,8.131518363952637
llama,wp_0041,1,8.83770751953125
llama,wp_0041,2,6.985632419586182
llama,wp_0041,3,7.60888147354126
llama,wp_0041,4,7.631505966186523
llama,wp_0042,0,7.757891654968262
llama,wp_0042,1,6.3829193115234375
llama,wp_0042,2,9.725858688354492
llama,wp_0042,3,7.772524833679199
llama,wp_0042,4,7.784397602081299
llama,wp_0043,0,10.590435028076172
llama,wp_0043,1,9.270033836364746
llama,wp_0043,2,11.3372220993042
llama,wp_0043,3,9.60669994354248
llama,wp_0043,4,8.188689231872559
llama,wp_0044,0,7.8149094581604
llama,wp_0044,1,7.2446794509887695
llama,wp_0044,2,12.736470222473145
llama,wp_0044,3,8.227455139160156
llama,wp_0044,4,7.489184379577637
llama,wp_0045,0,5.1994709968566895
llama,wp_0045,1,8.288615226745605
llama,wp_0045,2,8.999455451965332
llama,wp_0045,3,9.316685676574709
llama,wp_0045,4,10.22256851196289
llama,wp_0046,0,8.775676727294922
llama,wp_0046,1,8.15236759185791
llama,wp_0046,2,12.31930446624756
llama,wp_0046,3,9.350909233093262
llama,wp_0046,4,12.044876098632812
llama,wp_0047,0,5.592029094696045
llama,wp_0047,1,5.0018181800842285
llama,wp_0047,2,6.565241813659668
llama,wp_0047,3,6.291491985321045
llama,wp_0047,4,6.454146862030029
llama,wp_0048,0,12.530851364135742
llama,wp_0048,1,10.48464584350586
llama,wp_0048,2,10.72732925415039
llama,wp_0048,3,6.776814937591553
llama,wp_0048,4,7.939443111419678
llama,wp_0049,0,9.613204002380373
llama,wp_0049,1,12.157464981079102
llama,wp_0049,2,9.839492797851562
llama,wp_0049,3,7.399166107177734
llama,wp_0049,4,14.52824592590332
llama,wp_0050,0,15.972173690795898
llama,wp_0050,1,11.787310600280762
llama,wp_0050,2,13.535940170288086
llama,wp_0050,3,17.182031631469727
llama,wp_0050,4,16.617401123046875
llama,wp_0051,0,8.131600379943848
llama,wp_0051,1,7.917976379394531
llama,wp_0051,2,8.606621742248535
llama,wp_0051,3,7.569350242614746
llama,wp_0051,4,8.894506454467773
llama,wp_0052,0,6.30881404876709
llama,wp_0052,1,9.729381561279297
llama,wp_0052,2,11.90809440612793
llama,wp_0052,3,11.463233947753906
llama,wp_0052,4,9.851186752319336
llama,wp_0053,0,6.655753135681152
llama,wp_0053,1,7.062166213989258
llama,wp_0053,2,6.634487628936768
llama,wp_0053,3,5.968354225158691
llama,wp_0053,4,5.847355842590332
llama,wp_0054,0,11.64931583404541
llama,wp_0054,1,13.51522731781006
llama,wp_0054,2,7.960524082183838
llama,wp_0054,3,12.35395336151123
llama,wp_0054,4,10.48829174041748
llama,wp_0055,0,6.866708755493164
llama,wp_0055,1,7.347080230712891
llama,wp_0055,2,8.950074195861816
llama,wp_0055,3,7.969985008239746
llama,wp_0055,4,8.78189754486084
llama,wp_0056,0,9.0866117477417
llama,wp_0056,1,10.48355197906494
llama,wp_0056,2,11.716874122619627
llama,wp_0056,3,9.730884552001951
llama,wp_0056,4,7.819253921508789
llama,wp_0057,0,10.132615089416504
llama,wp_0057,1,8.751053810119629
llama,wp_0057,2,10.243108749389648
llama,wp_0057,3,6.522152423858643
llama,wp_0057,4,10.277957916259766
llama,wp_0058,0,8.243165969848633
llama,wp_0058,1,6.841150283813477
llama,wp_0058,2,6.844511985778809
llama,wp_0058,3,10.37537670135498
llama,wp_0058,4,10.658699035644531
llama,wp_0059,0,11.57559585571289
llama,wp_0059,1,7.718504428863525
llama,wp_0059,2,7.927938938140869
llama,wp_0059,3,8.6691312789917
llama,wp_0059,4,9.325464248657228
llama,wp_0060,0,8.385540962219238
llama,wp_0060,1,6.972777366638184
llama,wp_0060,2,8.620011329650879
llama,wp_0060,3,8.591611862182617
llama,wp_0060,4,6.845131874084473
llama,wp_0061,0,7.623897075653076
llama,wp_0061,1,7.793205261230469
llama,wp_0061,2,9.885198593139648
llama,wp_0061,3,6.9839582443237305
llama,wp_0061,4,9.896157264709473
llama,wp_0062,0,8.358718872070312
llama,wp_0062,1,7.600220680236816
llama,wp_0062,2,10.612591743469238
llama,wp_0062,3,7.443437576293945
llama,wp_0062,4,8.381855964660645
llama,wp_0063,0,7.552834033966064
llama,wp_0063,1,7.830316543579102
llama,wp_0063,2,7.335687160491943
llama,wp_0063,3,11.047222137451172
llama,wp_0063,4,9.185516357421877
llama,wp_0064,0,7.97762393951416
llama,wp_0064,1,7.524977684020996
llama,wp_0064,2,15.42267608642578
llama,wp_0064,3,8.26212215423584
llama,wp_0064,4,9.334637641906738
llama,wp_0065,0,7.925601005554199
llama,wp_0065,1,8.071163177490234
llama,wp_0065,2,9.49142074584961
llama,wp_0065,3,8.996792793273926
llama,wp_0065,4,6.9952874183654785
llama,wp_0066,0,11.276056289672852
llama,wp_0066,1,11.378067016601562
llama,wp_0066,2,9.319663047790527
llama,wp_0066,3,15.018333435058594
llama,wp_0066,4,10.164301872253418
llama,wp_0067,0,5.0263285636901855
llama,wp_0067,1,7.706425189971924
llama,wp_0067,2,5.443222999572754
llama,wp_0067,3,5.5130085945129395
llama,wp_0067,4,6.102433681488037
llama,wp_0068,0,10.18130111694336
llama,wp_0068,1,8.959997177124023
llama,wp_0068,2,9.4069242477417
llama,wp_0068,3,11.016477584838867
llama,wp_0068,4,7.893634796142578
llama,wp_0069,0,11.790090560913086
llama,wp_0069,1,9.919105529785156
llama,wp_0069,2,20.023584365844727
llama,wp_0069,3,9.95351505279541
llama,wp_0069,4,8.766132354736328
llama,wp_0070,0,12.649750709533691
llama,wp_0070,1,12.456716537475586
llama,wp_0070,2,8.079133987426758
llama,wp_0070,3,9.38991928100586
llama,wp_0070,4,10.712185859680176
llama,wp_0071,0,7.314911365509033
llama,wp_0071,1,9.846195220947266
llama,wp_0071,2,7.066483497619629
llama,wp_0071,3,9.46129035949707
llama,wp_0071,4,7.497806549072266
llama,wp_0072,0,8.106478691101074
llama,wp_0072,1,7.259627342224121
llama,wp_0072,2,7.837589740753174
llama,wp_0072,3,8.212129592895508
llama,wp_0072,4,7.761941432952881
llama,wp_0073,0,6.494298934936523
llama,wp_0073,1,6.1063103675842285
llama,wp_0073,2,6.246243476867676
llama,wp_0073,3,6.034108638763428
llama,wp_0073,4,6.823294639587402
llama,wp_0074,0,8.124277114868164
llama,wp_0074,1,10.048907279968262
llama,wp_0074,2,8.102582931518555
llama,wp_0074,3,11.11463737487793
llama,wp_0074,4,8.302547454833984
llama,wp_0075,0,8.561910629272461
llama,wp_0075,1,8.906776428222656
llama,wp_0075,2,7.813841819763184
llama,wp_0075,3,7.905847072601318
llama,wp_0075,4,7.322867393493652
llama,wp_0076,0,9.119309425354004
llama,wp_0076,1,6.131099700927734
llama,wp_0076,2,4.755842208862305
llama,wp_0076,3,8.920945167541504
llama,wp_0076,4,8.924921989440918
llama,wp_0077,0,5.946739196777344
llama,wp_0077,1,5.705542087554932
llama,wp_0077,2,6.492809772491455
llama,wp_0077,3,5.043893814086914
llama,wp_0077,4,6.309414863586426
llama,wp_0078,0,10.226242065429688
llama,wp_0078,1,8.514776229858398
llama,wp_0078,2,7.714105606079102
llama,wp_0078,3,11.297420501708984
llama,wp_0078,4,10.21657657623291
llama,wp_0079,0,10.035683631896973
llama,wp_0079,1,6.092564105987549
llama,wp_0079,2,7.36165714263916
llama,wp_0079,3,7.815237522125244
llama,wp_0079,4,8.608819961547852
llama,wp_0080,0,6.508187294006348
llama,wp_0080,1,8.573094367980957
llama,wp_0080,2,8.80062484741211
llama,wp_0080,3,9.07622528076172
llama,wp_0080,4,10.77438735961914
llama,wp_0081,0,8.548604965209961
llama,wp_0081,1,6.758306503295898
llama,wp_0081,2,7.291545867919922
llama,wp_0081,3,6.478474140167236
llama,wp_0081,4,9.74827766418457
llama,wp_0082,0,8.369375228881836
llama,wp_0082,1,10.819849967956545
llama,wp_0082,2,13.337438583374023
llama,wp_0082,3,8.782060623168945
llama,wp_0082,4,8.553898811340332
llama,wp_0083,0,9.022089958190918
llama,wp_0083,1,11.277634620666504
llama,wp_0083,2,10.313111305236816
llama,wp_0083,3,10.038033485412598
llama,wp_0083,4,8.45516586303711
llama,wp_0084,0,6.483399391174316
llama,wp_0084,1,6.36353874206543
llama,wp_0084,2,7.506059169769287
llama,wp_0084,3,6.373832702636719
llama,wp_0084,4,6.616300582885742
llama,wp_0085,0,7.585488319396973
llama,wp_0085,1,6.3642258644104
llama,wp_0085,2,8.375157356262207
llama,wp_0085,3,7.649657249450684
llama,wp_0085,4,6.0331339836120605
llama,wp_0086,0,7.918098926544189
llama,wp_0086,1,10.765474319458008
llama,wp_0086,2,10.391175270080566
llama,wp_0086,3,10.37660789489746
llama,wp_0086,4,9.195030212402344
llama,wp_0087,0,12.711797714233398
llama,wp_0087,1,12.735605239868164
llama,wp_0087,2,10.547972679138184
llama,wp_0087,3,12.756233215332031
llama,wp_0087,4,10.30286979675293
llama,wp_0088,0,9.332975387573242
llama,wp_0088,1,10.174717903137209
llama,wp_0088,2,8.941699981689453
llama,wp_0088,3,8.773436546325684
llama,wp_0088,4,10.769979476928713
llama,wp_0089,0,12.67091941833496
llama,wp_0089,1,10.52575397491455
llama,wp_0089,2,10.11761474609375
llama,wp_0089,3,9.115944862365724
llama,wp_0089,4,9.18628978729248
llama,wp_0090,0,8.10722827911377
llama,wp_0090,1,7.22424840927124
llama,wp_0090,2,10.34962272644043
llama,wp_0090,3,9.866580963134766
llama,wp_0090,4,9.906023979187012
llama,wp_0091,0,10.776495933532717
llama,wp_0091,1,14.09445571899414
llama,wp_0091,2,14.774683952331545
llama,wp_0091,3,12.33911418914795
llama,wp_0091,4,8.501226425170898
llama,wp_0092,0,7.670156955718994
llama,wp_0092,1,5.784266948699951
llama,wp_0092,2,8.955780029296875
llama,wp_0092,3,8.059837341308594
llama,wp_0092,4,8.15453815460205
llama,wp_0093,1,8.793681144714355
llama,wp_0093,2,13.839166641235352
llama,wp_0093,3,14.158626556396484
llama,wp_0093,4,7.898957252502441
llama,wp_0094,0,9.68140697479248
llama,wp_0094,1,9.121016502380373
llama,wp_0094,2,9.954876899719238
llama,wp_0094,3,8.515752792358398
llama,wp_0094,4,9.373472213745115
llama,wp_0095,0,12.243525505065918
llama,wp_0095,1,8.783587455749512
llama,wp_0095,2,10.417757034301758
llama,wp_0095,3,16.896854400634766
llama,wp_0095,4,10.100318908691406
llama,wp_0096,0,9.378725051879885
llama,wp_0096,1,9.267919540405272
llama,wp_0096,2,11.15338134765625
llama,wp_0096,3,7.4006500244140625
llama,wp_0096,4,7.339139938354492
llama,wp_0097,0,11.26913356781006
llama,wp_0097,1,15.565336227416992
llama,wp_0097,2,10.343646049499512
llama,wp_0097,3,10.618264198303224
llama,wp_0097,4,9.748051643371582
llama,wp_0098,0,10.04647159576416
llama,wp_0098,1,12.33949089050293
llama,wp_0098,2,8.166387557983398
llama,wp_0098,3,10.377046585083008
llama,wp_0098,4,11.583093643188477
llama,wp_0099,0,7.962538242340088
llama,wp_0099,1,8.693191528320312
llama,wp_0099,2,10.60253620147705
llama,wp_0099,3,8.667116165161133
llama,wp_0099,4,9.154047966003418
llama,wp_0100,0,10.036585807800291
llama,wp_0100,1,13.04616355895996
llama,wp_0100,2,10.206976890563965
llama,wp_0100,3,9.8380708694458
llama,wp_0100,4,10.455686569213867
llama,wp_0101,0,8.447782516479492
llama,wp_0101,1,8.637279510498047
llama,wp_0101,2,6.471489429473877
llama,wp_0101,3,8.905294418334961
llama,wp_0101,4,9.587011337280272
llama,wp_0102,0,11.332871437072754
llama,wp_0102,1,8.754420280456543
llama,wp_0102,2,9.001980781555176
llama,wp_0102,3,14.004281044006348
llama,wp_0102,4,7.388619422912598
llama,wp_0103,0,13.204477310180664
llama,wp_0103,1,36.69267654418945
llama,wp_0103,2,12.81869411468506
llama,wp_0103,3,13.515217781066896
llama,wp_0103,4,8.96103572845459
llama,wp_0104,0,7.904006004333496
llama,wp_0104,1,8.928537368774414
llama,wp_0104,2,6.645033836364746
llama,wp_0104,3,6.546903133392334
llama,wp_0104,4,7.07373046875
llama,wp_0105,0,8.556194305419922
llama,wp_0105,1,12.109262466430664
llama,wp_0105,2,11.196551322937012
llama,wp_0105,3,8.35230541229248
llama,wp_0105,4,9.166656494140623
llama,wp_0106,0,9.890823364257812
llama,wp_0106,1,7.907641887664795
llama,wp_0106,2,8.298460960388184
llama,wp_0106,3,9.266600608825684
llama,wp_0106,4,10.086167335510254
llama,wp_0107,0,9.971750259399414
llama,wp_0107,1,10.01810359954834
llama,wp_0107,2,9.507002830505373
llama,wp_0107,3,9.70531940460205
llama,wp_0107,4,11.097500801086426
llama,wp_0108,0,9.38563060760498
llama,wp_0108,1,14.261514663696287
llama,wp_0108,2,8.191925048828125
llama,wp_0108,3,7.823009490966797
llama,wp_0108,4,7.504443645477295
llama,wp_0109,0,6.8433027267456055
llama,wp_0109,1,6.202401638031006
llama,wp_0109,2,7.499027729034424
llama,wp_0109,3,6.556046009063721
llama,wp_0109,4,6.592806816101074
llama,wp_0110,0,8.807567596435547
llama,wp_0110,1,8.07301139831543
llama,wp_0110,2,6.895689964294434
llama,wp_0110,3,7.935202121734619
llama,wp_0110,4,7.253355503082275
llama,wp_0111,0,8.048060417175293
llama,wp_0111,1,6.612532138824463
llama,wp_0111,2,7.840297698974609
llama,wp_0111,3,6.680720806121826
llama,wp_0111,4,8.258723258972168
llama,wp_0112,0,8.807600975036621
llama,wp_0112,1,8.561933517456055
llama,wp_0112,2,12.081869125366213
llama,wp_0112,3,8.268915176391602
llama,wp_0112,4,7.211570739746094
llama,wp_0113,0,13.453773498535156
llama,wp_0113,1,9.749030113220217
llama,wp_0113,2,11.707077980041504
llama,wp_0113,3,11.293259620666504
llama,wp_0113,4,10.410914421081545
llama,wp_0114,0,8.834762573242188
llama,wp_0114,1,12.498579978942873
llama,wp_0114,2,10.487180709838867
llama,wp_0114,3,12.330668449401855
llama,wp_0114,4,8.687005996704102
llama,wp_0115,0,9.307494163513184
llama,wp_0115,1,6.306503772735596
llama,wp_0115,2,6.186546325683594
llama,wp_0115,3,7.906376838684082
llama,wp_0115,4,8.71951675415039
llama,wp_0116,0,8.868435859680176
llama,wp_0116,1,9.674620628356934
llama,wp_0116,2,9.600821495056152
llama,wp_0116,3,11.880224227905272
llama,wp_0116,4,8.813517570495605
llama,wp_0117,0,10.739553451538086
llama,wp_0117,1,9.696431159973145
llama,wp_0117,2,9.179282188415527
llama,wp_0117,3,6.372908115386963
llama,wp_0117,4,10.027597427368164
llama,wp_0118,0,8.781725883483887
llama,wp_0118,1,8.494924545288086
llama,wp_0118,2,8.579508781433105
llama,wp_0118,3,7.003627777099609
llama,wp_0118,4,9.183613777160645
llama,wp_0119,0,16.697097778320312
llama,wp_0119,1,12.636818885803224
llama,wp_0119,2,9.560227394104004
llama,wp_0119,3,11.048726081848145
llama,wp_0119,4,11.28583526611328
llama,wp_0120,0,12.468019485473633
llama,wp_0120,1,9.215399742126465
llama,wp_0120,2,16.9074764251709
llama,wp_0120,3,13.255484580993652
llama,wp_0120,4,8.364447593688965
llama,wp_0121,0,8.531481742858887
llama,wp_0121,1,8.983640670776367
llama,wp_0121,2,7.348306655883789
llama,wp_0121,3,6.826092720031738
llama,wp_0121,4,9.713671684265137
llama,wp_0122,0,8.232674598693848
llama,wp_0122,1,8.507244110107422
llama,wp_0122,2,9.102913856506348
llama,wp_0122,3,7.727515697479248
llama,wp_0122,4,12.724651336669922
llama,wp_0123,0,9.604732513427734
llama,wp_0123,1,8.880487442016602
llama,wp_0123,2,7.292994976043701
llama,wp_0123,3,7.259732246398926
llama,wp_0123,4,8.28935432434082
llama,wp_0124,0,7.348297119140625
llama,wp_0124,1,9.950115203857422
llama,wp_0124,2,13.453516960144045
llama,wp_0124,3,7.72916841506958
llama,wp_0124,4,6.671425819396973
llama,wp_0125,0,8.322927474975586
llama,wp_0125,1,9.03937530517578
llama,wp_0125,2,7.044249534606934
llama,wp_0125,3,7.414630889892578
llama,wp_0125,4,6.494523525238037
llama,wp_0126,0,6.291568756103516
llama,wp_0126,1,6.646270275115967
llama,wp_0126,2,6.235748291015625
llama,wp_0126,3,6.556568145751953
llama,wp_0126,4,5.560563564300537
llama,wp_0127,0,9.100122451782228
llama,wp_0127,1,11.932504653930664
llama,wp_0127,2,10.680033683776855
llama,wp_0127,3,10.3087158203125
llama,wp_0127,4,9.32153606414795
llama,wp_0128,0,9.409171104431152
llama,wp_0128,1,7.0483808517456055
llama,wp_0128,2,6.467466831207275
llama,wp_0128,3,13.658411979675291
llama,wp_0128,4,6.92622184753418
llama,wp_0129,0,10.342921257019045
llama,wp_0129,1,10.169479370117188
llama,wp_0129,2,10.04988956451416
llama,wp_0129,3,11.544533729553224
llama,wp_0129,4,11.278868675231934
llama,wp_0130,0,8.103672981262207
llama,wp_0130,1,6.397166728973389
llama,wp_0130,2,9.591318130493164
llama,wp_0130,3,7.46547794342041
llama,wp_0130,4,7.620811462402344
llama,wp_0131,0,9.269287109375
llama,wp_0131,1,7.931756019592285
llama,wp_0131,2,8.69662094116211
llama,wp_0131,3,8.54169750213623
llama,wp_0131,4,7.670551776885986
llama,wp_0132,0,7.646374702453613
llama,wp_0132,1,7.840435981750488
llama,wp_0132,2,8.583165168762207
llama,wp_0132,3,8.277137756347656
llama,wp_0132,4,7.3607964515686035
llama,wp_0133,0,7.49389123916626
llama,wp_0133,1,10.659059524536133
llama,wp_0133,2,8.558679580688477
llama,wp_0133,3,6.349673271179199
llama,wp_0133,4,8.256673812866211
llama,wp_0134,0,7.5057373046875
llama,wp_0134,1,9.475456237792969
llama,wp_0134,2,7.579629421234131
llama,wp_0134,3,8.335173606872559
llama,wp_0134,4,7.4001240730285645
llama,wp_0135,0,5.572748184204102
llama,wp_0135,1,5.971157550811768
llama,wp_0135,2,8.508667945861816
llama,wp_0135,3,8.39379596710205
llama,wp_0135,4,5.72427225112915
llama,wp_0136,0,7.740679740905762
llama,wp_0136,1,9.37558364868164
llama,wp_0136,2,8.476706504821777
llama,wp_0136,3,8.360466003417969
llama,wp_0136,4,8.873469352722168
llama,wp_0137,0,9.312108993530272
llama,wp_0137,1,9.014204978942873
llama,wp_0137,2,9.99740505218506
llama,wp_0137,3,10.924555778503418
llama,wp_0137,4,7.966953277587891
llama,wp_0138,0,10.861273765563965
llama,wp_0138,1,6.570571422576904
llama,wp_0138,2,8.163783073425293
llama,wp_0138,3,8.717122077941895
llama,wp_0138,4,7.128465175628662
llama,wp_0139,0,10.38539981842041
llama,wp_0139,1,11.184081077575684
llama,wp_0139,2,13.135348320007324
llama,wp_0139,3,11.6409273147583
llama,wp_0139,4,10.167454719543455
llama,wp_0140,0,6.924874782562256
llama,wp_0140,1,8.094223976135254
llama,wp_0140,2,5.671214580535889
llama,wp_0140,3,6.425520896911621
llama,wp_0140,4,4.997450351715088
llama,wp_0141,0,12.089573860168455
llama,wp_0141,1,7.242276191711426
llama,wp_0141,2,14.250761032104492
llama,wp_0141,3,12.18386459350586
llama,wp_0141,4,7.891295909881592
llama,wp_0142,0,6.172728538513184
llama,wp_0142,1,6.724287033081055
llama,wp_0142,2,9.758395195007324
llama,wp_0142,3,7.46679162979126
llama,wp_0142,4,7.415802955627441
llama,wp_0143,0,7.59652853012085
llama,wp_0143,1,7.710238456726074
llama,wp_0143,2,8.535897254943848
llama,wp_0143,3,5.47705078125
llama,wp_0143,4,7.017603397369385
llama,wp_0144,0,8.473380088806152
llama,wp_0144,1,8.218116760253906
llama,wp_0144,2,10.527606964111328
llama,wp_0144,3,7.19480562210083
llama,wp_0144,4,11.632723808288574
llama,wp_0145,0,8.870726585388184
llama,wp_0145,1,11.027864456176758
llama,wp_0145,2,7.2841291427612305
llama,wp_0145,3,10.958636283874512
llama,wp_0145,4,5.592430114746094
llama,wp_0146,0,11.348374366760254
llama,wp_0146,1,12.492871284484863
llama,wp_0146,2,16.132572174072266
llama,wp_0146,3,14.184731483459473
llama,wp_0146,4,11.941489219665527
llama,wp_0147,0,8.436426162719727
llama,wp_0147,1,14.353961944580078
llama,wp_0147,2,12.564659118652344
llama,wp_0147,3,10.815107345581056
llama,wp_0147,4,12.16891384124756
llama,wp_0148,0,8.026583671569824
llama,wp_0148,1,7.508264541625977
llama,wp_0148,2,6.231713771820068
llama,wp_0148,3,7.14293098449707
llama,wp_0148,4,9.103734016418455
llama,wp_0149,0,5.87349796295166
llama,wp_0149,1,7.942048072814941
llama,wp_0149,2,6.141206741333008
llama,wp_0149,3,8.129894256591797
llama,wp_0149,4,10.411724090576172
llama,wp_0150,0,10.658663749694824
llama,wp_0150,1,11.408291816711426
llama,wp_0150,2,11.494742393493652
llama,wp_0150,3,12.652832984924316
llama,wp_0150,4,8.131057739257812
llama,wp_0151,0,6.295815467834473
llama,wp_0151,1,9.001253128051758
llama,wp_0151,2,6.582683086395264
llama,wp_0151,3,8.329729080200195
llama,wp_0151,4,7.854564189910889
llama,wp_0152,0,11.01712131500244
llama,wp_0152,1,6.58010721206665
llama,wp_0152,2,9.875279426574709
llama,wp_0152,3,7.6191725730896
llama,wp_0152,4,7.903879642486572
llama,wp_0153,0,7.197057723999023
llama,wp_0153,1,6.357738971710205
llama,wp_0153,2,6.3903584480285645
llama,wp_0153,3,7.964419841766357
llama,wp_0153,4,5.51185417175293
llama,wp_0154,0,10.877257347106934
llama,wp_0154,1,8.317147254943848
llama,wp_0154,2,6.487457752227783
llama,wp_0154,3,7.350475788116455
llama,wp_0154,4,6.748932838439941
llama,wp_0155,0,6.164336681365967
llama,wp_0155,1,5.975896835327148
llama,wp_0155,2,9.881318092346191
llama,wp_0155,3,7.556812763214111
llama,wp_0155,4,9.13866138458252
llama,wp_0156,0,6.61679220199585
llama,wp_0156,1,6.028846740722656
llama,wp_0156,2,7.159108638763428
llama,wp_0156,3,9.371163368225098
llama,wp_0156,4,6.950155258178711
llama,wp_0157,0,7.109844207763672
llama,wp_0157,1,6.312320232391357
llama,wp_0157,2,7.663043022155762
llama,wp_0157,3,6.904831886291504
llama,wp_0157,4,6.13263463973999
llama,wp_0158,0,12.279860496520996
llama,wp_0158,1,12.400336265563965
llama,wp_0158,2,8.450953483581543
llama,wp_0158,3,14.38811206817627
llama,wp_0158,4,12.023968696594238
llama,wp_0159,0,6.768542766571045
llama,wp_0159,1,7.969088554382324
llama,wp_0159,2,6.052920818328857
llama,wp_0159,3,8.38977336883545
llama,wp_0159,4,8.53903579711914
llama,wp_0160,0,7.76173210144043
llama,wp_0160,1,10.510701179504396
llama,wp_0160,2,7.184508800506592
llama,wp_0160,3,10.320137977600098
llama,wp_0160,4,7.880630016326904
llama,wp_0161,0,7.482370376586914
llama,wp_0161,1,7.802151203155518
llama,wp_0161,2,6.987105846405029
llama,wp_0161,3,6.956120014190674
llama,wp_0161,4,7.354205131530762
llama,wp_0162,0,8.192439079284668
llama,wp_0162,1,6.646596908569336
llama,wp_0162,2,10.040966033935549
llama,wp_0162,3,9.214156150817873
llama,wp_0162,4,6.839550495147705
llama,wp_0163,0,13.290072441101074
llama,wp_0163,1,8.483839988708496
llama,wp_0163,2,9.746545791625977
llama,wp_0163,3,8.863584518432617
llama,wp_0163,4,5.958520889282227
llama,wp_0164,0,7.65485143661499
llama,wp_0164,1,8.28508472442627
llama,wp_0164,2,7.41677713394165
llama,wp_0164,3,7.895381450653076
llama,wp_0164,4,8.833687782287598
llama,wp_0165,0,13.906712532043455
llama,wp_0165,1,10.772275924682615
llama,wp_0165,2,10.65545654296875
llama,wp_0165,3,13.66679573059082
llama,wp_0165,4,10.454201698303224
llama,wp_0166,0,5.59346342086792
llama,wp_0166,1,11.891253471374512
llama,wp_0166,2,5.5692596435546875
llama,wp_0166,3,8.821691513061523
llama,wp_0166,4,7.848091125488281
llama,wp_0167,0,13.116101264953612
llama,wp_0167,1,12.923741340637209
llama,wp_0167,2,14.272879600524902
llama,wp_0167,3,14.174744606018066
llama,wp_0167,4,12.506705284118652
llama,wp_0168,0,8.278523445129395
llama,wp_0168,1,6.688373565673828
llama,wp_0168,2,9.636098861694336
llama,wp_0168,3,6.746399402618408
llama,wp_0168,4,7.79127311706543
llama,wp_0169,0,8.752267837524414
llama,wp_0169,1,8.336380004882812
llama,wp_0169,2,9.057330131530762
llama,wp_0169,3,8.923391342163086
llama,wp_0169,4,10.81680393218994
llama,wp_0170,0,7.608542442321777
llama,wp_0170,1,9.37341594696045
llama,wp_0170,2,14.655387878417969
llama,wp_0170,3,9.315155982971191
llama,wp_0170,4,10.294246673583984
llama,wp_0171,0,7.148764610290527
llama,wp_0171,1,10.59355926513672
llama,wp_0171,2,7.611893653869629
llama,wp_0171,3,9.961180686950684
llama,wp_0171,4,13.663084983825684
llama,wp_0172,0,6.857637882232666
llama,wp_0172,1,6.615807056427002
llama,wp_0172,2,7.338171482086182
llama,wp_0172,3,11.989912986755373
llama,wp_0172,4,7.452365875244141
llama,wp_0173,0,7.663466930389404
llama,wp_0173,1,5.243232250213623
llama,wp_0173,2,6.908204555511475
llama,wp_0173,3,7.417174816131592
llama,wp_0173,4,10.621152877807615
llama,wp_0174,0,6.852320671081543
llama,wp_0174,1,5.546977519989014
llama,wp_0174,2,6.448738098144531
llama,wp_0174,3,5.421475887298584
llama,wp_0174,4,8.82544231414795
llama,wp_0175,0,10.29503059387207
llama,wp_0175,1,9.451300621032717
llama,wp_0175,2,11.438319206237791
llama,wp_0175,3,10.46265697479248
llama,wp_0175,4,10.415060997009276
llama,wp_0176,0,7.6383466720581055
llama,wp_0176,1,6.2798004150390625
llama,wp_0176,2,8.456046104431152
llama,wp_0176,3,7.996611595153809
llama,wp_0176,4,11.02676010131836
llama,wp_0177,0,5.754131317138672
llama,wp_0177,1,5.854855060577393
llama,wp_0177,2,7.259717464447021
llama,wp_0177,3,6.473518371582031
llama,wp_0177,4,8.72647762298584
llama,wp_0178,0,8.773855209350586
llama,wp_0178,1,9.195087432861328
llama,wp_0178,2,8.003321647644043
llama,wp_0178,3,10.337623596191406
llama,wp_0178,4,9.31671905517578
llama,wp_0179,0,11.9285306930542
llama,wp_0179,1,14.265000343322754
llama,wp_0179,2,9.467669486999512
llama,wp_0179,3,19.251527786254883
llama,wp_0179,4,9.017739295959473
llama,wp_0180,0,8.015445709228516
llama,wp_0180,1,11.027979850769045
llama,wp_0180,2,8.815488815307617
llama,wp_0180,3,9.990361213684082
llama,wp_0180,4,11.13331413269043
llama,wp_0181,0,10.94178867340088
llama,wp_0181,1,19.10987663269043
llama,wp_0181,2,11.90307903289795
llama,wp_0181,3,14.919604301452637
llama,wp_0181,4,9.178384780883787
llama,wp_0182,0,14.398256301879885
llama,wp_0182,1,7.32280683517456
llama,wp_0182,2,6.854287624359131
llama,wp_0182,3,8.624140739440918
llama,wp_0182,4,6.954329013824463
llama,wp_0183,0,8.583422660827637
llama,wp_0183,1,8.195062637329102
llama,wp_0183,2,7.915384769439697
llama,wp_0183,3,6.98585319519043
llama,wp_0183,4,7.55411958694458
llama,wp_0184,0,5.843372344970703
llama,wp_0184,1,6.774878025054932
llama,wp_0184,2,11.002812385559082
llama,wp_0184,3,6.984014511108398
llama,wp_0184,4,9.552376747131348
llama,wp_0185,0,11.97681713104248
llama,wp_0185,1,9.096250534057615
llama,wp_0185,2,8.645466804504395
llama,wp_0185,3,15.058867454528809
llama,wp_0185,4,9.51479721069336
llama,wp_0186,0,9.921910285949709
llama,wp_0186,1,17.260963439941406
llama,wp_0186,2,8.488842964172363
llama,wp_0186,3,7.462616443634033
llama,wp_0186,4,6.022722244262695
llama,wp_0187,0,7.321116447448731
llama,wp_0187,1,8.89675235748291
llama,wp_0187,2,9.37428092956543
llama,wp_0187,3,9.975150108337402
llama,wp_0187,4,8.624531745910645
llama,wp_0188,0,14.487130165100098
llama,wp_0188,1,11.880084991455078
llama,wp_0188,2,9.572793006896973
llama,wp_0188,3,10.645665168762209
llama,wp_0188,4,15.437597274780272
llama,wp_0189,0,7.531149864196777
llama,wp_0189,1,6.597687721252441
llama,wp_0189,2,7.276128768920898
llama,wp_0189,3,8.449334144592285
llama,wp_0189,4,8.635346412658691
llama,wp_0190,0,7.099166393280029
llama,wp_0190,1,10.10129737854004
llama,wp_0190,2,11.187893867492676
llama,wp_0190,3,10.135416030883787
llama,wp_0190,4,9.425442695617676
llama,wp_0191,0,7.705969333648682
llama,wp_0191,1,7.944667339324951
llama,wp_0191,2,10.933463096618652
llama,wp_0191,3,9.248684883117676
llama,wp_0191,4,8.190882682800293
llama,wp_0192,0,8.19051742553711
llama,wp_0192,1,8.377781867980957
llama,wp_0192,2,12.548670768737791
llama,wp_0192,3,5.718264102935791
llama,wp_0192,4,8.864051818847656
llama,wp_0193,0,8.286076545715332
llama,wp_0193,1,10.775614738464355
llama,wp_0193,2,8.66104507446289
llama,wp_0193,3,10.09862232208252
llama,wp_0193,4,9.018797874450684
llama,wp_0194,2,2.115654945373535
llama,wp_0194,3,1.9426584243774416
llama,wp_0195,0,10.412272453308104
llama,wp_0195,1,8.071885108947754
llama,wp_0195,2,10.77118682861328
llama,wp_0195,3,7.036778926849365
llama,wp_0195,4,10.076112747192385
llama,wp_0196,0,11.004047393798828
llama,wp_0196,1,8.677680015563965
llama,wp_0196,2,9.569134712219238
llama,wp_0196,3,11.885621070861816
llama,wp_0196,4,10.963847160339355
llama,wp_0197,0,7.94769287109375
llama,wp_0197,1,7.600903511047363
llama,wp_0197,2,8.043084144592285
llama,wp_0197,3,10.030524253845217
llama,wp_0197,4,10.59282398223877
llama,wp_0198,0,7.706754207611084
llama,wp_0198,1,6.661896228790283
llama,wp_0198,2,9.612940788269045
llama,wp_0198,3,7.691723823547363
llama,wp_0198,4,9.51759433746338
llama,wp_0199,0,8.352470397949219
llama,wp_0199,1,9.586583137512209
llama,wp_0199,2,7.136046886444092
llama,wp_0199,3,9.081849098205566
llama,wp_0199,4,7.5361127853393555
mistral,wp_0000,0,11.548883438110352
mistral,wp_0000,1,9.471697807312012
mistral,wp_0000,2,10.69958209991455
mistral,wp_0000,3,13.998892784118652
mistral,wp_0000,4,17.994237899780273
mistral,wp_0001,0,8.40194320678711
mistral,wp_0001,1,6.278365612030029
mistral,wp_0001,2,8.148073196411133
mistral,wp_0001,3,9.269625663757324
mistral,wp_0001,4,9.566689491271973
mistral,wp_0002,0,8.631437301635742
mistral,wp_0002,1,7.16984748840332
mistral,wp_0002,2,8.635926246643066
mistral,wp_0002,3,8.97978401184082
mistral,wp_0002,4,12.379805564880373
mistral,wp_0003,0,8.206271171569824
mistral,wp_0003,1,8.587502479553223
mistral,wp_0003,2,8.350131034851074
mistral,wp_0003,3,5.663947582244873
mistral,wp_0003,4,6.7205705642700195
mistral,wp_0004,0,7.395115375518799
mistral,wp_0004,1,8.864227294921875
mistral,wp_0004,2,8.265487670898438
mistral,wp_0004,3,9.158363342285156
mistral,wp_0004,4,10.249711990356444
mistral,wp_0005,0,7.422935009002685
mistral,wp_0005,1,7.1386332511901855
mistral,wp_0005,2,7.743520259857178
mistral,wp_0005,3,8.758265495300293
mistral,wp_0005,4,7.696722507476807
mistral,wp_0006,0,7.3603901863098145
mistral,wp_0006,1,12.964194297790527
mistral,wp_0006,2,6.467885494232178
mistral,wp_0006,3,8.18459415435791
mistral,wp_0006,4,8.76350212097168
mistral,wp_0007,0,7.939961910247803
mistral,wp_0007,1,10.01091480255127
mistral,wp_0007,2,6.663059234619141
mistral,wp_0007,3,10.616089820861816
mistral,wp_0007,4,9.576431274414062
mistral,wp_0008,0,7.0307183265686035
mistral,wp_0008,2,9.660730361938477
mistral,wp_0008,3,8.782255172729492
mistral,wp_0008,4,9.15462875366211
mistral,wp_0009,0,11.520461082458496
mistral,wp_0009,1,7.503859996795654
mistral,wp_0009,2,9.282476425170898
mistral,wp_0009,3,8.686845779418945
mistral,wp_0009,4,11.47117042541504
mistral,wp_0010,0,6.981212139129639
mistral,wp_0010,1,6.392390251159668
mistral,wp_0010,2,7.779293537139893
mistral,wp_0010,3,9.437003135681152
mistral,wp_0010,4,8.261319160461426
mistral,wp_0011,0,10.025474548339844
mistral,wp_0011,1,7.871773719787598
mistral,wp_0011,2,9.651949882507324
mistral,wp_0011,3,8.050363540649414
mistral,wp_0011,4,9.83541202545166
mistral,wp_0012,0,7.997467517852783
mistral,wp_0012,1,9.238478660583496
mistral,wp_0012,2,8.621009826660156
mistral,wp_0012,4,9.862516403198242
mistral,wp_0013,0,14.624939918518066
mistral,wp_0013,1,11.6392183303833
mistral,wp_0013,2,16.192975997924805
mistral,wp_0013,3,16.40204429626465
mistral,wp_0013,4,9.567285537719728
mistral,wp_0014,0,9.643630027770996
mistral,wp_0014,1,7.567614078521728
mistral,wp_0014,2,9.7380952835083
mistral,wp_0014,3,9.495463371276855
mistral,wp_0014,4,12.227469444274902
mistral,wp_0015,0,7.599160671234131
mistral,wp_0015,1,7.828322887420654
mistral,wp_0015,2,6.5463948249816895
mistral,wp_0015,3,9.919363021850586
mistral,wp_0015,4,5.047335147857666
mistral,wp_0016,1,7.714633464813232
mistral,wp_0016,2,11.37023639678955
mistral,wp_0016,3,10.380411148071287
mistral,wp_0016,4,12.154833793640137
mistral,wp_0017,0,9.29531955718994
mistral,wp_0017,1,11.104516983032228
mistral,wp_0017,2,8.631421089172363
mistral,wp_0017,3,8.819601058959961
mistral,wp_0017,4,8.7540864944458
mistral,wp_0018,0,5.698793411254883
mistral,wp_0018,1,5.953612327575684
mistral,wp_0018,2,6.289515972137451
mistral,wp_0018,3,7.540566444396973
mistral,wp_0018,4,5.288208484649658
mistral,wp_0019,0,8.675336837768555
mistral,wp_0019,1,8.03404426574707
mistral,wp_0019,2,9.572815895080566
mistral,wp_0019,3,8.262063026428223
mistral,wp_0019,4,8.016858100891113
mistral,wp_0020,0,7.582808971405029
mistral,wp_0020,1,8.065192222595215
mistral,wp_0020,2,7.116788387298584
mistral,wp_0020,3,7.247917652130127
mistral,wp_0020,4,7.124189853668213
mistral,wp_0021,0,7.659031867980957
mistral,wp_0021,1,11.74558162689209
mistral,wp_0021,2,7.768243312835693
mistral,wp_0021,3,7.968835830688477
mistral,wp_0021,4,9.817465782165527
mistral,wp_0022,0,9.171209335327148
mistral,wp_0022,1,7.320645332336426
mistral,wp_0022,2,9.882095336914062
mistral,wp_0022,4,7.1289262771606445
mistral,wp_0023,0,9.397421836853027
mistral,wp_0023,1,6.507462024688721
mistral,wp_0023,2,6.993895053863525
mistral,wp_0023,3,9.159653663635254
mistral,wp_0023,4,8.252485275268555
mistral,wp_0024,0,14.682940483093262
mistral,wp_0024,1,7.228754997253418
mistral,wp_0024,2,7.807046890258789
mistral,wp_0024,3,9.714065551757812
mistral,wp_0024,4,8.800862312316895
mistral,wp_0025,0,7.111928462982178
mistral,wp_0025,1,7.418032646179199
mistral,wp_0025,2,7.898115158081055
mistral,wp_0025,3,9.042407035827637
mistral,wp_0025,4,7.340735912322998
mistral,wp_0026,0,5.907159805297852
mistral,wp_0026,1,8.012713432312012
mistral,wp_0026,2,7.539128303527832
mistral,wp_0026,3,9.706265449523926
mistral,wp_0026,4,9.063283920288086
mistral,wp_0027,0,9.48301124572754
mistral,wp_0027,1,8.8616361618042
mistral,wp_0027,2,7.321647644042969
mistral,wp_0027,3,7.982003688812256
mistral,wp_0027,4,6.789646625518799
mistral,wp_0028,0,8.62385082244873
mistral,wp_0028,1,6.38285493850708
mistral,wp_0028,2,10.898327827453612
mistral,wp_0028,3,11.04336166381836
mistral,wp_0028,4,9.06852912902832
mistral,wp_0029,0,6.961467266082764
mistral,wp_0029,1,8.11301326751709
mistral,wp_0029,2,8.620200157165527
mistral,wp_0029,3,6.8617963790893555
mistral,wp_0029,4,8.220172882080078
mistral,wp_0030,0,10.278095245361328
mistral,wp_0030,1,9.313618659973145
mistral,wp_0030,2,10.50615119934082
mistral,wp_0030,3,9.918875694274902
mistral,wp_0030,4,10.1663818359375
mistral,wp_0031,0,10.03264331817627
mistral,wp_0031,1,11.55615520477295
mistral,wp_0031,2,9.65343189239502
mistral,wp_0031,3,10.964009284973145
mistral,wp_0031,4,9.102579116821287
mistral,wp_0032,0,8.009912490844727
mistral,wp_0032,1,8.175192832946777
mistral,wp_0032,2,9.788654327392578
mistral,wp_0032,3,7.124571800231934
mistral,wp_0032,4,7.055668354034424
mistral,wp_0033,0,11.828892707824709
mistral,wp_0033,1,10.834365844726562
mistral,wp_0033,2,11.047350883483888
mistral,wp_0033,3,8.628453254699707
mistral,wp_0033,4,10.036873817443848
mistral,wp_0034,0,6.5631184577941895
mistral,wp_0034,1,6.1734724044799805
mistral,wp_0034,2,7.41959810256958
mistral,wp_0034,3,5.51948356628418
mistral,wp_0034,4,6.404917240142822
mistral,wp_0035,0,7.998777389526367
mistral,wp_0035,1,11.085471153259276
mistral,wp_0035,2,8.311481475830078
mistral,wp_0035,3,8.809833526611328
mistral,wp_0035,4,12.56898593902588
mistral,wp_0036,0,6.631042957305908
mistral,wp_0036,1,8.185856819152832
mistral,wp_0036,2,6.434714317321777
mistral,wp_0036,3,8.454649925231934
mistral,wp_0036,4,6.801436424255371
mistral,wp_0037,0,6.713648319244385
mistral,wp_0037,1,6.126838207244873
mistral,wp_0037,2,6.609818935394287
mistral,wp_0037,4,6.293094158172607
mistral,wp_0038,0,8.16968822479248
mistral,wp_0038,2,10.589821815490724
mistral,wp_0038,3,9.696653366088867
mistral,wp_0038,4,8.036802291870117
mistral,wp_0039,0,9.580160140991213
mistral,wp_0039,1,8.838519096374512
mistral,wp_0039,2,8.550545692443848
mistral,wp_0039,4,5.876950740814209
mistral,wp_0040,0,8.41892147064209
mistral,wp_0040,1,9.20347499847412
mistral,wp_0040,2,7.896191120147705
mistral,wp_0040,3,7.032319068908691
mistral,wp_0040,4,9.860536575317385
mistral,wp_0041,0,7.303946018218994
mistral,wp_0041,1,8.970614433288574
mistral,wp_0041,2,7.851710319519043
mistral,wp_0041,3,6.923492908477783
mistral,wp_0041,4,7.446625709533691
mistral,wp_0042,0,5.430738925933838
mistral,wp_0042,1,4.6062541007995605
mistral,wp_0042,2,6.296386241912842
mistral,wp_0042,3,5.744251251220703
mistral,wp_0042,4,5.943340301513672
mistral,wp_0043,0,6.777896881103516
mistral,wp_0043,1,10.144389152526855
mistral,wp_0043,2,8.18750286102295
mistral,wp_0043,3,8.395089149475098
mistral,wp_0043,4,6.028088569641113
mistral,wp_0044,0,7.8722920417785645
mistral,wp_0044,1,10.69232177734375
mistral,wp_0044,2,6.8538312911987305
mistral,wp_0044,3,7.764317989349365
mistral,wp_0044,4,9.65267276763916
mistral,wp_0045,0,5.8407158851623535
mistral,wp_0045,1,8.538384437561035
mistral,wp_0045,2,6.860907077789307
mistral,wp_0045,3,6.530972003936768
mistral,wp_0045,4,8.400978088378906
mistral,wp_0046,0,9.593966484069824
mistral,wp_0046,1,8.958434104919434
mistral,wp_0046,2,9.209321975708008
mistral,wp_0046,3,8.03902530670166
mistral,wp_0046,4,9.565278053283691
mistral,wp_0047,0,8.028388023376465
mistral,wp_0047,1,6.507488250732422
mistral,wp_0047,3,6.756504535675049
mistral,wp_0047,4,5.946145534515381
mistral,wp_0048,0,10.606508255004885
mistral,wp_0048,1,7.079240798950195
mistral,wp_0048,2,11.245050430297852
mistral,wp_0048,3,10.428139686584473
mistral,wp_0048,4,9.657073974609377
mistral,wp_0049,0,11.10853672027588
mistral,wp_0049,1,9.74363899230957
mistral,wp_0049,2,10.60805320739746
mistral,wp_0049,3,9.91685676574707
mistral,wp_0049,4,10.75204849243164
mistral,wp_0050,0,9.585440635681152
mistral,wp_0050,1,12.21338176727295
mistral,wp_0050,2,12.54647445678711
mistral,wp_0050,3,8.996301651000977
mistral,wp_0050,4,8.956198692321777
mistral,wp_0051,0,9.181875228881836
mistral,wp_0051,1,10.183581352233888
mistral,wp_0051,2,7.932102203369141
mistral,wp_0051,3,7.560970306396484
mistral,wp_0051,4,11.700827598571776
mistral,wp_0052,0,8.724035263061523
mistral,wp_0052,1,12.094071388244627
mistral,wp_0052,2,7.246334075927734
mistral,wp_0052,3,7.565853595733643
mistral,wp_0052,4,11.694488525390623
mistral,wp_0053,0,6.839588642120361
mistral,wp_0053,1,7.526843547821045
mistral,wp_0053,2,7.185957431793213
mistral,wp_0053,3,7.417850494384766
mistral,wp_0053,4,6.981200218200684
mistral,wp_0054,0,9.530831336975098
mistral,wp_0054,1,9.543418884277344
mistral,wp_0054,2,8.418377876281738
mistral,wp_0054,3,6.888958930969238
mistral,wp_0054,4,10.40974235534668
mistral,wp_0055,0,6.291025638580322
mistral,wp_0055,1,9.997857093811035
mistral,wp_0055,2,8.221779823303223
mistral,wp_0055,3,9.007861137390137
mistral,wp_0055,4,7.718496799468994
mistral,wp_0056,0,9.42809009552002
mistral,wp_0056,1,8.193232536315918
mistral,wp_0056,2,10.532329559326172
mistral,wp_0056,3,12.56117343902588
mistral,wp_0056,4,10.091235160827637
mistral,wp_0057,0,10.098587989807127
mistral,wp_0057,1,10.789138793945312
mistral,wp_0057,2,5.829039096832275
mistral,wp_0057,3,6.6030097007751465
mistral,wp_0057,4,9.421895027160645
mistral,wp_0058,0,7.341925144195557
mistral,wp_0058,1,8.854991912841797
mistral,wp_0058,2,8.459670066833496
mistral,wp_0058,3,7.981118679046631
mistral,wp_0058,4,11.72739028930664
mistral,wp_0059,0,6.714322090148926
mistral,wp_0059,1,7.346892833709717
mistral,wp_0059,2,8.489935874938965
mistral,wp_0059,3,7.537262916564941
mistral,wp_0059,4,7.478787422180176
mistral,wp_0060,0,6.255731105804443
mistral,wp_0060,1,7.5699944496154785
mistral,wp_0060,2,7.567755222320557
mistral,wp_0060,3,5.748658657073975
mistral,wp_0060,4,5.92120885848999
mistral,wp_0061,0,10.215543746948242
mistral,wp_0061,1,7.864902496337891
mistral,wp_0061,2,7.0159912109375
mistral,wp_0061,3,9.675540924072266
mistral,wp_0061,4,9.652141571044922
mistral,wp_0062,1,8.325490951538086
mistral,wp_0062,2,7.362583160400391
mistral,wp_0062,3,7.013492584228516
mistral,wp_0062,4,7.401703357696533
mistral,wp_0063,0,9.39470672607422
mistral,wp_0063,1,7.133084297180176
mistral,wp_0063,2,8.499509811401367
mistral,wp_0063,3,7.446256637573242
mistral,wp_0063,4,8.758567810058594
mistral,wp_0064,0,9.48685359954834
mistral,wp_0064,1,12.283588409423828
mistral,wp_0064,2,6.322834491729736
mistral,wp_0064,3,7.847755908966064
mistral,wp_0064,4,5.353634834289551
mistral,wp_0065,0,11.705514907836914
mistral,wp_0065,1,9.94838523864746
mistral,wp_0065,2,9.186164855957031
mistral,wp_0065,3,8.792475700378418
mistral,wp_0065,4,10.155799865722656
mistral,wp_0066,0,9.626297950744627
mistral,wp_0066,1,11.458115577697754
mistral,wp_0066,2,11.744236946105955
mistral,wp_0066,3,9.486706733703612
mistral,wp_0066,4,11.251615524291992
mistral,wp_0067,0,6.71160364151001
mistral,wp_0067,1,7.008767127990723
mistral,wp_0067,2,8.025846481323242
mistral,wp_0067,3,6.741602897644043
mistral,wp_0067,4,6.623678684234619
mistral,wp_0068,0,12.041441917419434
mistral,wp_0068,1,10.84438705444336
mistral,wp_0068,2,7.195419788360596
mistral,wp_0068,3,9.445096969604492
mistral,wp_0068,4,7.688582897186279
mistral,wp_0069,0,14.364893913269045
mistral,wp_0069,1,10.86924171447754
mistral,wp_0069,2,12.33851146697998
mistral,wp_0069,3,11.187457084655762
mistral,wp_0069,4,10.385468482971191
mistral,wp_0070,0,11.702554702758787
mistral,wp_0070,1,8.536227226257324
mistral,wp_0070,2,7.674149990081787
mistral,wp_0070,3,14.746133804321287
mistral,wp_0070,4,8.756810188293457
mistral,wp_0071,0,10.636152267456056
mistral,wp_0071,1,9.793274879455566
mistral,wp_0071,2,8.069345474243164
mistral,wp_0071,3,9.410806655883787
mistral,wp_0071,4,7.696442127227783
mistral,wp_0072,0,10.47593593597412
mistral,wp_0072,1,9.142769813537598
mistral,wp_0072,2,8.098941802978516
mistral,wp_0072,3,8.046268463134766
mistral,wp_0072,4,9.09678077697754
mistral,wp_0073,0,7.282567024230957
mistral,wp_0073,1,6.445271015167236
mistral,wp_0073,2,6.838381767272949
mistral,wp_0073,3,7.765406608581543
mistral,wp_0073,4,7.835282325744629
mistral,wp_0074,0,8.742483139038086
mistral,wp_0074,1,8.55893325805664
mistral,wp_0074,2,6.969768047332764
mistral,wp_0074,3,11.977416038513184
mistral,wp_0074,4,12.277413368225098
mistral,wp_0075,0,12.700225830078123
mistral,wp_0075,1,8.655631065368652
mistral,wp_0075,2,7.4384846687316895
mistral,wp_0075,3,9.180842399597168
mistral,wp_0075,4,10.132912635803224
mistral,wp_0076,0,6.840601444244385
mistral,wp_0076,1,6.927787780761719
mistral,wp_0076,2,6.135941028594971
mistral,wp_0076,3,8.202128410339355
mistral,wp_0076,4,8.748536109924316
mistral,wp_0077,0,8.723237037658691
mistral,wp_0077,1,7.69068431854248
mistral,wp_0077,2,8.053407669067383
mistral,wp_0077,3,6.520887851715088
mistral,wp_0077,4,6.868748188018799
mistral,wp_0078,0,8.091036796569824
mistral,wp_0078,1,9.193504333496094
mistral,wp_0078,2,13.234535217285156
mistral,wp_0078,3,7.362710475921631
mistral,wp_0078,4,8.516392707824707
mistral,wp_0079,0,8.845781326293945
mistral,wp_0079,1,10.017351150512695
mistral,wp_0079,2,7.385014057159424
mistral,wp_0079,3,7.8185343742370605
mistral,wp_0079,4,9.283474922180176
mistral,wp_0080,1,13.210819244384766
mistral,wp_0080,2,8.36939525604248
mistral,wp_0080,3,8.004920959472656
mistral,wp_0080,4,8.33803653717041
mistral,wp_0081,0,8.325677871704102
mistral,wp_0081,1,8.33059024810791
mistral,wp_0081,2,10.756028175354004
mistral,wp_0081,3,7.956945419311523
mistral,wp_0081,4,9.01740837097168
mistral,wp_0082,0,7.559322834014893
mistral,wp_0082,1,6.416550159454346
mistral,wp_0082,2,8.952372550964355
mistral,wp_0082,3,7.254152297973633
mistral,wp_0082,4,5.884278774261475
mistral,wp_0083,0,10.187141418457031
mistral,wp_0083,1,10.351836204528809
mistral,wp_0083,2,8.837218284606934
mistral,wp_0083,3,11.00254726409912
mistral,wp_0083,4,11.587441444396973
mistral,wp_0084,0,7.353464603424072
mistral,wp_0084,1,7.606699466705322
mistral,wp_0084,2,4.8583760261535645
mistral,wp_0084,3,6.348343372344971
mistral,wp_0084,4,5.461539268493652
mistral,wp_0085,0,8.592949867248535
mistral,wp_0085,1,8.280364036560059
mistral,wp_0085,2,9.895380020141602
mistral,wp_0085,3,7.435071468353272
mistral,wp_0085,4,8.188523292541504
mistral,wp_0086,0,9.657347679138184
mistral,wp_0086,1,9.46653938293457
mistral,wp_0086,2,10.925241470336914
mistral,wp_0086,3,14.55160427093506
mistral,wp_0086,4,10.539179801940918
mistral,wp_0087,0,15.641942024230955
mistral,wp_0087,1,7.127162456512451
mistral,wp_0087,2,14.377283096313477
mistral,wp_0087,3,12.81992530822754
mistral,wp_0087,4,12.601205825805664
mistral,wp_0088,0,8.236076354980469
mistral,wp_0088,1,11.339030265808104
mistral,wp_0088,2,11.252259254455566
mistral,wp_0088,3,6.359790802001953
mistral,wp_0088,4,9.227617263793944
mistral,wp_0089,0,10.512584686279297
mistral,wp_0089,1,7.4819135665893555
mistral,wp_0089,2,10.29450511932373
mistral,wp_0089,3,9.103625297546388
mistral,wp_0089,4,13.569906234741213
mistral,wp_0090,0,10.16567611694336
mistral,wp_0090,1,11.529807090759276
mistral,wp_0090,2,8.413652420043945
mistral,wp_0090,3,10.206010818481444
mistral,wp_0090,4,8.463390350341797
mistral,wp_0091,0,9.324125289916992
mistral,wp_0091,1,7.83909797668457
mistral,wp_0091,2,7.6657562255859375
mistral,wp_0091,3,7.604164600372315
mistral,wp_0091,4,8.915985107421875
mistral,wp_0092,0,8.227109909057617
mistral,wp_0092,1,5.39507532119751
mistral,wp_0092,2,7.041426181793213
mistral,wp_0092,3,10.117151260375977
mistral,wp_0092,4,7.7657341957092285
mistral,wp_0093,0,15.93049144744873
mistral,wp_0093,1,14.519842147827148
mistral,wp_0093,2,11.633417129516602
mistral,wp_0093,3,13.18552589416504
mistral,wp_0093,4,17.77810287475586
mistral,wp_0094,0,11.121026039123535
mistral,wp_0094,1,11.668684005737305
mistral,wp_0094,2,12.186822891235352
mistral,wp_0094,3,10.497702598571776
mistral,wp_0094,4,9.532282829284668
mistral,wp_0095,0,8.132061958312988
mistral,wp_0095,1,10.812655448913574
mistral,wp_0095,2,8.941984176635742
mistral,wp_0095,3,11.369417190551758
mistral,wp_0095,4,7.923333644866943
mistral,wp_0096,0,8.145297050476074
mistral,wp_0096,1,9.094182014465332
mistral,wp_0096,2,12.63577651977539
mistral,wp_0096,3,9.874139785766602
mistral,wp_0096,4,10.5997314453125
mistral,wp_0097,0,14.52824592590332
mistral,wp_0097,1,8.697775840759277
mistral,wp_0097,2,12.650368690490724
mistral,wp_0097,3,13.978541374206545
mistral,wp_0097,4,11.558276176452637
mistral,wp_0098,0,14.64987087249756
mistral,wp_0098,1,8.375259399414062
mistral,wp_0098,2,9.749120712280272
mistral,wp_0098,3,12.394353866577148
mistral,wp_0098,4,8.328731536865234
mistral,wp_0099,0,8.794215202331543
mistral,wp_0099,1,8.571287155151367
mistral,wp_0099,2,8.443930625915527
mistral,wp_0099,3,8.793466567993164
mistral,wp_0099,4,10.103667259216309
mistral,wp_0100,0,10.608258247375488
mistral,wp_0100,1,9.514930725097656
mistral,wp_0100,2,9.274126052856444
mistral,wp_0100,3,11.722247123718262
mistral,wp_0100,4,10.734604835510254
mistral,wp_0101,0,7.903990745544434
mistral,wp_0101,1,6.8016510009765625
mistral,wp_0101,2,7.758182048797607
mistral,wp_0101,3,11.12987232208252
mistral,wp_0101,4,8.5757474899292
mistral,wp_0102,0,9.98620319366455
mistral,wp_0102,1,11.238499641418455
mistral,wp_0102,2,10.288902282714844
mistral,wp_0102,3,7.274989128112793
mistral,wp_0102,4,6.2544941902160645
mistral,wp_0103,0,10.371424674987791
mistral,wp_0103,1,11.482254981994627
mistral,wp_0103,2,7.426424026489258
mistral,wp_0103,3,10.85614776611328
mistral,wp_0103,4,10.783160209655762
mistral,wp_0104,0,8.73914909362793
mistral,wp_0104,1,7.322962760925293
mistral,wp_0104,2,8.447710037231445
mistral,wp_0104,3,7.823757171630859
mistral,wp_0104,4,7.79403018951416
mistral,wp_0105,0,8.980704307556152
mistral,wp_0105,1,10.213510513305664
mistral,wp_0105,2,8.584447860717773
mistral,wp_0105,3,11.745113372802734
mistral,wp_0105,4,9.427231788635254
mistral,wp_0106,0,9.444175720214844
mistral,wp_0106,1,9.874073028564451
mistral,wp_0106,2,11.285079002380373
mistral,wp_0106,3,8.543353080749512
mistral,wp_0106,4,12.064595222473145
mistral,wp_0107,0,9.477396965026855
mistral,wp_0107,1,9.589552879333496
mistral,wp_0107,2,10.248934745788574
mistral,wp_0107,3,9.595398902893066
mistral,wp_0107,4,7.205873012542725
mistral,wp_0108,0,9.675025939941406
mistral,wp_0108,1,10.85867404937744
mistral,wp_0108,2,8.327564239501953
mistral,wp_0108,3,10.384779930114746
mistral,wp_0108,4,8.870095252990723
mistral,wp_0109,0,6.803843021392822
mistral,wp_0109,1,6.5848917961120605
mistral,wp_0109,2,7.261178493499756
mistral,wp_0109,3,7.150821685791016
mistral,wp_0109,4,7.009817123413086
mistral,wp_0110,0,8.948299407958984
mistral,wp_0110,1,6.647153854370117
mistral,wp_0110,2,7.766422748565674
mistral,wp_0110,3,6.332740783691406
mistral,wp_0110,4,6.961574077606201
mistral,wp_0111,0,10.727705001831056
mistral,wp_0111,1,6.943377494812012
mistral,wp_0111,2,8.835451126098633
mistral,wp_0111,3,9.174826622009276
mistral,wp_0111,4,6.8531694412231445
mistral,wp_0112,0,8.518205642700195
mistral,wp_0112,1,8.635043144226074
mistral,wp_0112,2,10.463312149047852
mistral,wp_0112,3,7.728123664855957
mistral,wp_0112,4,11.210878372192385
mistral,wp_0113,0,8.402658462524414
mistral,wp_0113,1,8.266866683959961
mistral,wp_0113,2,10.071196556091309
mistral,wp_0113,3,10.748198509216309
mistral,wp_0113,4,9.02171802520752
mistral,wp_0114,0,10.720458984375
mistral,wp_0114,1,9.749573707580566
mistral,wp_0114,2,9.888712882995604
mistral,wp_0114,3,12.55540657043457
mistral,wp_0114,4,8.39445686340332
mistral,wp_0115,0,8.658650398254395
mistral,wp_0115,1,7.651364326477051
mistral,wp_0115,2,8.685139656066895
mistral,wp_0115,3,6.8229546546936035
mistral,wp_0115,4,7.455970287322998
mistral,wp_0116,0,13.308760643005373
mistral,wp_0116,1,9.844322204589844
mistral,wp_0116,2,11.341761589050291
mistral,wp_0116,3,9.768492698669434
mistral,wp_0116,4,8.292177200317383
mistral,wp_0117,0,11.047388076782228
mistral,wp_0117,1,11.264894485473633
mistral,wp_0117,2,14.231505393981934
mistral,wp_0117,3,13.523137092590332
mistral,wp_0117,4,11.581008911132812
mistral,wp_0118,0,7.807277679443359
mistral,wp_0118,1,9.91697883605957
mistral,wp_0118,2,9.099099159240724
mistral,wp_0118,3,8.663548469543457
mistral,wp_0118,4,10.1568603515625
mistral,wp_0119,0,8.938394546508789
mistral,wp_0119,1,10.443561553955078
mistral,wp_0119,2,9.6410551071167
mistral,wp_0119,3,12.392864227294922
mistral,wp_0119,4,12.920242309570312
mistral,wp_0120,0,11.017191886901855
mistral,wp_0120,1,6.899487018585205
mistral,wp_0120,2,8.891806602478027
mistral,wp_0120,3,10.055781364440918
mistral,wp_0120,4,10.023627281188965
mistral,wp_0121,0,7.384733200073242
mistral,wp_0121,1,7.9345855712890625
mistral,wp_0121,2,8.52445125579834
mistral,wp_0121,3,8.63095760345459
mistral,wp_0122,0,8.539377212524414
mistral,wp_0122,1,9.288254737854004
mistral,wp_0122,2,10.250666618347168
mistral,wp_0122,3,8.53286075592041
mistral,wp_0122,4,9.044486045837402
mistral,wp_0123,0,9.612890243530272
mistral,wp_0123,1,9.843409538269045
mistral,wp_0123,2,6.276721477508545
mistral,wp_0123,3,9.324821472167969
mistral,wp_0123,4,6.778680801391602
mistral,wp_0124,0,10.253976821899414
mistral,wp_0124,1,12.135875701904297
mistral,wp_0124,2,12.310546875
mistral,wp_0124,3,12.225154876708984
mistral,wp_0124,4,15.05080223083496
mistral,wp_0125,0,12.61984634399414
mistral,wp_0125,1,7.842290878295898
mistral,wp_0125,2,8.358613014221191
mistral,wp_0125,3,7.891847133636475
mistral,wp_0125,4,8.85999870300293
mistral,wp_0126,0,6.286973476409912
mistral,wp_0126,1,8.643608093261719
mistral,wp_0126,2,6.931041240692139
mistral,wp_0126,3,6.519693374633789
mistral,wp_0126,4,8.009164810180664
mistral,wp_0127,0,7.724113464355469
mistral,wp_0127,1,7.852124214172363
mistral,wp_0127,2,8.201189994812012
mistral,wp_0127,3,9.247756004333496
mistral,wp_0127,4,8.08338451385498
mistral,wp_0128,0,9.66547393798828
mistral,wp_0128,1,7.304702281951904
mistral,wp_0128,2,7.641600131988525
mistral,wp_0128,3,8.833244323730469
mistral,wp_0128,4,7.882621765136719
mistral,wp_0129,0,8.214925765991211
mistral,wp_0129,1,10.323941230773926
mistral,wp_0129,2,7.576048374176025
mistral,wp_0129,3,6.496096611022949
mistral,wp_0129,4,9.209792137145996
mistral,wp_0130,0,8.750482559204102
mistral,wp_0130,1,11.048633575439451
mistral,wp_0130,2,9.347490310668944
mistral,wp_0130,3,7.024624824523926
mistral,wp_0130,4,5.764745235443115
mistral,wp_0131,0,7.548788547515869
mistral,wp_0131,1,9.277709007263184
mistral,wp_0131,2,8.633011817932129
mistral,wp_0131,3,6.375376224517822
mistral,wp_0131,4,7.584918975830078
mistral,wp_0132,0,9.388465881347656
mistral,wp_0132,1,8.002248764038086
mistral,wp_0132,2,9.08852481842041
mistral,wp_0132,3,9.480589866638184
mistral,wp_0132,4,7.808117389678955
mistral,wp_0133,0,7.971205234527588
mistral,wp_0133,1,6.817406177520752
mistral,wp_0133,2,8.838455200195312
mistral,wp_0133,3,7.401655673980713
mistral,wp_0133,4,7.704997539520264
mistral,wp_0134,0,10.056516647338867
mistral,wp_0134,1,10.450522422790527
mistral,wp_0134,2,11.344839096069336
mistral,wp_0134,3,10.691186904907228
mistral,wp_0134,4,9.339078903198242
mistral,wp_0135,0,9.466432571411133
mistral,wp_0135,1,7.352394104003906
mistral,wp_0135,2,6.818929672241211
mistral,wp_0135,4,7.284464359283447
mistral,wp_0136,0,7.784013271331787
mistral,wp_0136,1,10.398385047912598
mistral,wp_0136,2,8.242557525634766
mistral,wp_0136,3,8.770591735839844
mistral,wp_0136,4,5.991693019866943
mistral,wp_0137,0,7.957825660705566
mistral,wp_0137,1,5.696603298187256
mistral,wp_0137,2,7.310220241546631
mistral,wp_0137,3,6.600090026855469
mistral,wp_0137,4,7.420328617095947
mistral,wp_0138,0,8.994939804077148
mistral,wp_0138,1,8.970932960510254
mistral,wp_0138,2,11.426617622375488
mistral,wp_0138,3,10.51669692993164
mistral,wp_0138,4,7.38132381439209
mistral,wp_0139,0,8.099137306213379
mistral,wp_0139,1,10.53997802734375
mistral,wp_0139,2,10.017463684082031
mistral,wp_0139,3,10.59533977508545
mistral,wp_0139,4,10.941614151000977
mistral,wp_0140,0,8.35206413269043
mistral,wp_0140,1,6.17527961730957
mistral,wp_0140,2,5.924789905548096
mistral,wp_0140,3,7.146531581878662
mistral,wp_0140,4,8.484928131103516
mistral,wp_0141,0,9.791735649108888
mistral,wp_0141,1,6.892037391662598
mistral,wp_0141,2,9.135197639465332
mistral,wp_0141,3,7.257787704467773
mistral,wp_0141,4,8.228696823120117
mistral,wp_0142,0,18.710603713989254
mistral,wp_0142,1,9.581472396850586
mistral,wp_0142,2,14.384150505065918
mistral,wp_0142,3,14.158445358276367
mistral,wp_0142,4,18.052093505859375
mistral,wp_0143,0,6.924571990966797
mistral,wp_0143,1,8.523731231689453
mistral,wp_0143,2,7.0604753494262695
mistral,wp_0143,3,6.774573802947998
mistral,wp_0143,4,7.364903450012207
mistral,wp_0144,0,9.920595169067385
mistral,wp_0144,1,7.589842796325684
mistral,wp_0144,2,10.266471862792969
mistral,wp_0144,3,10.222834587097168
mistral,wp_0144,4,11.107317924499512
mistral,wp_0145,0,8.14908504486084
mistral,wp_0145,1,7.427661895751953
mistral,wp_0145,2,8.717215538024902
mistral,wp_0145,3,10.179784774780272
mistral,wp_0145,4,7.012367248535156
mistral,wp_0146,0,8.875877380371094
mistral,wp_0146,1,11.46466064453125
mistral,wp_0146,2,9.565589904785156
mistral,wp_0146,3,9.829209327697754
mistral,wp_0146,4,9.313758850097656
mistral,wp_0147,0,9.64217472076416
mistral,wp_0147,1,11.34592056274414
mistral,wp_0147,2,7.843203067779541
mistral,wp_0147,3,8.549938201904297
mistral,wp_0147,4,6.925296783447266
mistral,wp_0148,0,8.374945640563965
mistral,wp_0148,1,7.65013313293457
mistral,wp_0148,2,9.790452003479004
mistral,wp_0148,3,11.377245903015137
mistral,wp_0148,4,7.987074851989746
mistral,wp_0149,0,7.198092460632324
mistral,wp_0149,1,6.417273044586182
mistral,wp_0149,2,6.658988952636719
mistral,wp_0149,3,8.886222839355469
mistral,wp_0149,4,8.006447792053223
mistral,wp_0150,0,11.317312240600586
mistral,wp_0150,1,10.317941665649414
mistral,wp_0150,2,10.5189208984375
mistral,wp_0150,3,6.450889587402344
mistral,wp_0150,4,7.194453239440918
mistral,wp_0151,0,7.183495998382568
mistral,wp_0151,1,9.895877838134766
mistral,wp_0151,2,7.655349731445312
mistral,wp_0151,3,9.112066268920898
mistral,wp_0151,4,9.800861358642578
mistral,wp_0152,0,7.336081981658936
mistral,wp_0152,1,10.610214233398438
mistral,wp_0152,2,6.778838157653809
mistral,wp_0152,3,7.795252799987793
mistral,wp_0152,4,8.190482139587402
mistral,wp_0153,1,5.270610809326172
mistral,wp_0153,2,5.41225004196167
mistral,wp_0153,3,6.686053276062012
mistral,wp_0153,4,7.93799352645874
mistral,wp_0154,0,10.655569076538086
mistral,wp_0154,1,7.888570308685303
mistral,wp_0154,2,8.006657600402832
mistral,wp_0154,3,9.423096656799316
mistral,wp_0154,4,6.711691856384277
mistral,wp_0155,0,10.843960762023926
mistral,wp_0155,1,9.047850608825684
mistral,wp_0155,2,11.070023536682127
mistral,wp_0155,3,8.068059921264648
mistral,wp_0155,4,8.735197067260742
mistral,wp_0156,0,9.009044647216797
mistral,wp_0156,1,6.677995204925537
mistral,wp_0156,2,8.90971565246582
mistral,wp_0156,3,7.825402736663818
mistral,wp_0156,4,8.882643699645996
mistral,wp_0157,0,7.989657402038574
mistral,wp_0157,1,6.206130504608154
mistral,wp_0157,2,6.690629959106445
mistral,wp_0157,3,5.8466477394104
mistral,wp_0157,4,7.048600673675537
mistral,wp_0158,0,10.35491943359375
mistral,wp_0158,1,8.632120132446289
mistral,wp_0158,2,7.750210285186768
mistral,wp_0158,3,10.643622398376465
mistral,wp_0158,4,10.971516609191896
mistral,wp_0159,0,8.164346694946289
mistral,wp_0159,1,10.943449020385742
mistral,wp_0159,2,7.762059688568115
mistral,wp_0159,3,16.54009437561035
mistral,wp_0159,4,9.313692092895508
mistral,wp_0160,0,6.780759334564209
mistral,wp_0160,1,7.721141815185547
mistral,wp_0160,2,7.258090972900391
mistral,wp_0160,3,7.019288063049316
mistral,wp_0160,4,10.355791091918944
mistral,wp_0161,0,9.454683303833008
mistral,wp_0161,1,10.418767929077148
mistral,wp_0161,2,7.000354766845703
mistral,wp_0161,3,9.457140922546388
mistral,wp_0161,4,8.416333198547363
mistral,wp_0162,0,8.223365783691406
mistral,wp_0162,1,8.074246406555176
mistral,wp_0162,2,9.372377395629885
mistral,wp_0162,3,10.741130828857422
mistral,wp_0162,4,11.545177459716797
mistral,wp_0163,0,7.801156044006348
mistral,wp_0163,1,6.875596523284912
mistral,wp_0163,2,9.760347366333008
mistral,wp_0163,3,8.951505661010742
mistral,wp_0163,4,8.400856018066406
mistral,wp_0164,0,7.2187113761901855
mistral,wp_0164,1,8.091506004333496
mistral,wp_0164,2,6.623848915100098
mistral,wp_0164,3,7.560716152191162
mistral,wp_0164,4,10.430514335632324
mistral,wp_0165,0,10.034066200256348
mistral,wp_0165,1,9.923822402954102
mistral,wp_0165,2,9.925894737243652
mistral,wp_0165,3,11.058422088623049
mistral,wp_0166,0,7.292594909667969
mistral,wp_0166,1,7.284130096435547
mistral,wp_0166,2,5.371306419372559
mistral,wp_0166,3,8.925603866577148
mistral,wp_0166,4,11.066293716430664
mistral,wp_0167,0,8.678276062011719
mistral,wp_0167,1,8.823506355285645
mistral,wp_0167,2,10.386107444763184
mistral,wp_0167,3,9.490375518798828
mistral,wp_0167,4,12.101143836975098
mistral,wp_0168,0,9.620965957641602
mistral,wp_0168,1,8.269009590148926
mistral,wp_0168,2,7.817294597625732
mistral,wp_0168,3,7.889138221740723
mistral,wp_0168,4,6.612188816070557
mistral,wp_0169,0,10.098780632019045
mistral,wp_0169,1,9.188044548034668
mistral,wp_0169,2,9.62584114074707
mistral,wp_0169,3,8.713419914245605
mistral,wp_0169,4,12.196406364440918
mistral,wp_0170,0,9.73780345916748
mistral,wp_0170,1,9.390789031982422
mistral,wp_0170,2,8.59266471862793
mistral,wp_0170,3,10.392495155334473
mistral,wp_0170,4,10.727060317993164
mistral,wp_0171,0,12.579941749572754
mistral,wp_0171,1,9.027144432067873
mistral,wp_0171,2,14.856003761291504
mistral,wp_0171,3,10.59728717803955
mistral,wp_0171,4,9.284875869750977
mistral,wp_0172,0,7.87718677520752
mistral,wp_0172,1,8.105317115783691
mistral,wp_0172,2,8.100533485412598
mistral,wp_0172,3,6.897307872772217
mistral,wp_0172,4,7.40017032623291
mistral,wp_0173,0,6.964437007904053
mistral,wp_0173,1,9.15573787689209
mistral,wp_0173,2,6.48490047454834
mistral,wp_0173,3,6.54880428314209
mistral,wp_0173,4,6.4038825035095215
mistral,wp_0174,0,7.016188621520996
mistral,wp_0174,1,6.955838680267334
mistral,wp_0174,2,7.180588722229004
mistral,wp_0174,3,7.167386054992676
mistral,wp_0174,4,6.592113494873047
mistral,wp_0175,0,10.029794692993164
mistral,wp_0175,1,11.23728084564209
mistral,wp_0175,2,9.70779514312744
mistral,wp_0175,3,12.540053367614746
mistral,wp_0175,4,6.181511878967285
mistral,wp_0176,0,6.453936576843262
mistral,wp_0176,1,6.779035568237305
mistral,wp_0176,2,8.535789489746094
mistral,wp_0176,3,8.274320602416992
mistral,wp_0176,4,8.393730163574219
mistral,wp_0177,0,6.616752624511719
mistral,wp_0177,1,9.298225402832031
mistral,wp_0177,2,7.146090507507324
mistral,wp_0177,3,6.609676361083984
mistral,wp_0177,4,9.606512069702148
mistral,wp_0178,0,7.329599380493164
mistral,wp_0178,1,10.871377944946287
mistral,wp_0178,2,8.544079780578613
mistral,wp_0178,3,6.933623790740967
mistral,wp_0178,4,8.024441719055176
mistral,wp_0179,0,9.553988456726074
mistral,wp_0179,1,12.057486534118652
mistral,wp_0179,2,12.766383171081545
mistral,wp_0179,3,14.171829223632812
mistral,wp_0179,4,11.225051879882812
mistral,wp_0180,0,8.884979248046875
mistral,wp_0180,1,10.286325454711914
mistral,wp_0180,2,9.101398468017578
mistral,wp_0180,3,13.534135818481444
mistral,wp_0180,4,10.016217231750488
mistral,wp_0181,0,9.428112030029297
mistral,wp_0181,1,11.363450050354004
mistral,wp_0181,2,12.278700828552246
mistral,wp_0181,3,9.599831581115724
mistral,wp_0182,0,9.474405288696287
mistral,wp_0182,1,7.060059547424316
mistral,wp_0182,2,10.664759635925291
mistral,wp_0182,3,8.556876182556152
mistral,wp_0182,4,9.896817207336426
mistral,wp_0183,0,6.867830753326416
mistral,wp_0183,1,6.107813835144043
mistral,wp_0183,2,6.0610737800598145
mistral,wp_0183,3,7.222362041473389
mistral,wp_0183,4,7.806041717529297
mistral,wp_0184,0,6.3875861167907715
mistral,wp_0184,1,7.7553911209106445
mistral,wp_0184,2,7.799173831939697
mistral,wp_0184,3,11.019204139709473
mistral,wp_0184,4,9.483088493347168
mistral,wp_0185,0,13.111762046813965
mistral,wp_0185,1,10.899380683898926
mistral,wp_0185,2,8.899077415466309
mistral,wp_0185,3,12.12830924987793
mistral,wp_0185,4,11.011414527893066
mistral,wp_0186,0,7.064321041107178
mistral,wp_0186,1,7.416163444519043
mistral,wp_0186,2,8.19967269897461
mistral,wp_0186,3,8.298019409179688
mistral,wp_0186,4,7.790740013122559
mistral,wp_0187,0,8.104716300964355
mistral,wp_0187,1,10.10260772705078
mistral,wp_0187,2,6.932363033294678
mistral,wp_0187,3,6.945554256439209
mistral,wp_0187,4,6.801621437072754
mistral,wp_0188,0,11.10498332977295
mistral,wp_0188,1,10.60174560546875
mistral,wp_0188,2,9.411145210266112
mistral,wp_0188,3,8.244318008422852
mistral,wp_0188,4,11.479769706726074
mistral,wp_0189,0,6.108259677886963
mistral,wp_0189,1,6.873709201812744
mistral,wp_0189,2,8.722633361816406
mistral,wp_0189,3,7.353105068206787
mistral,wp_0189,4,6.9735846519470215
mistral,wp_0190,0,11.705068588256836
mistral,wp_0190,1,13.46696662902832
mistral,wp_0190,2,11.27751350402832
mistral,wp_0190,3,10.84870147705078
mistral,wp_0190,4,7.529007911682129
mistral,wp_0191,0,7.754383563995361
mistral,wp_0191,1,7.816865921020508
mistral,wp_0191,2,6.965278625488281
mistral,wp_0191,3,7.6423726081848145
mistral,wp_0191,4,8.775923728942871
mistral,wp_0192,0,9.698118209838867
mistral,wp_0192,1,8.468315124511719
mistral,wp_0192,2,7.690858364105225
mistral,wp_0192,3,7.688729763031006
mistral,wp_0192,4,8.287339210510254
mistral,wp_0193,0,8.868310928344727
mistral,wp_0193,1,10.247145652770996
mistral,wp_0193,2,8.688632011413574
mistral,wp_0193,3,9.476192474365234
mistral,wp_0193,4,8.371543884277344
mistral,wp_0194,0,6.663645267486572
mistral,wp_0194,1,6.465900897979736
mistral,wp_0194,2,5.147738933563232
mistral,wp_0194,3,6.684015274047852
mistral,wp_0194,4,5.7454423904418945
mistral,wp_0195,0,8.251765251159668
mistral,wp_0195,1,8.948123931884766
mistral,wp_0195,2,9.11135959625244
mistral,wp_0195,3,10.971075057983398
mistral,wp_0195,4,8.214773178100586
mistral,wp_0196,0,10.233917236328123
mistral,wp_0196,1,10.49728012084961
mistral,wp_0196,2,9.987817764282228
mistral,wp_0196,3,7.673041343688965
mistral,wp_0196,4,8.268960952758789
mistral,wp_0197,0,7.125710964202881
mistral,wp_0197,1,9.58582878112793
mistral,wp_0197,2,8.155651092529297
mistral,wp_0197,3,8.371955871582031
mistral,wp_0197,4,6.893260955810547
mistral,wp_0198,0,7.814657688140869
mistral,wp_0198,1,7.352394104003906
mistral,wp_0198,2,8.16784381866455
mistral,wp_0198,3,8.717473983764648
mistral,wp_0198,4,7.054197788238525
mistral,wp_0199,0,13.016992568969728
mistral,wp_0199,1,7.153390407562256
mistral,wp_0199,2,8.957829475402832
mistral,wp_0199,3,7.4367289543151855
mistral,wp_0199,4,7.591227054595947
qwen,wp_0000,0,11.05530834197998
qwen,wp_0000,1,10.786951065063477
qwen,wp_0000,2,9.226435661315918
qwen,wp_0000,3,13.277892112731934
qwen,wp_0000,4,11.038799285888672
qwen,wp_0001,0,8.707085609436035
qwen,wp_0001,1,11.883788108825684
qwen,wp_0001,2,9.427616119384766
qwen,wp_0001,3,8.803508758544922
qwen,wp_0001,4,10.35969066619873
qwen,wp_0002,0,6.924440860748291
qwen,wp_0002,1,9.14383316040039
qwen,wp_0002,2,9.6281156539917
qwen,wp_0002,3,7.142461776733398
qwen,wp_0002,4,9.220001220703123
qwen,wp_0003,0,6.107893466949463
qwen,wp_0003,1,6.860546588897705
qwen,wp_0003,2,7.299858570098877
qwen,wp_0003,3,8.540043830871582
qwen,wp_0003,4,7.114144802093506
qwen,wp_0004,0,12.73784065246582
qwen,wp_0004,1,12.436964988708496
qwen,wp_0004,2,9.254183769226074
qwen,wp_0004,3,9.91543960571289
qwen,wp_0004,4,11.787176132202148
qwen,wp_0005,0,8.29056453704834
qwen,wp_0005,1,5.488238334655762
qwen,wp_0005,2,8.286540985107422
qwen,wp_0005,3,6.9578447341918945
qwen,wp_0005,4,7.2623419761657715
qwen,wp_0006,0,11.124650955200195
qwen,wp_0006,1,8.391107559204102
qwen,wp_0006,2,8.3050537109375
qwen,wp_0006,3,9.366515159606934
qwen,wp_0006,4,8.999800682067871
qwen,wp_0007,0,11.5846586227417
qwen,wp_0007,1,11.7467041015625
qwen,wp_0007,2,11.076322555541992
qwen,wp_0007,3,9.971774101257324
qwen,wp_0007,4,12.242147445678713
qwen,wp_0008,0,9.683015823364258
qwen,wp_0008,1,9.948956489562988
qwen,wp_0008,2,7.766247272491455
qwen,wp_0008,3,10.474968910217283
qwen,wp_0008,4,12.5390043258667
qwen,wp_0009,0,9.065093994140623
qwen,wp_0009,1,11.240233421325684
qwen,wp_0009,2,8.945907592773438
qwen,wp_0009,3,10.426133155822754
qwen,wp_0009,4,9.491779327392578
qwen,wp_0010,0,7.199516296386719
qwen,wp_0010,1,7.994998455047607
qwen,wp_0010,2,7.418920516967773
qwen,wp_0010,3,7.707275867462158
qwen,wp_0010,4,8.122733116149902
qwen,wp_0011,0,10.197660446166992
qwen,wp_0011,1,8.716297149658203
qwen,wp_0011,2,12.154398918151855
qwen,wp_0011,3,12.038818359375
qwen,wp_0011,4,8.896871566772461
qwen,wp_0012,0,9.024073600769045
qwen,wp_0012,1,11.06861686706543
qwen,wp_0012,2,9.957170486450195
qwen,wp_0012,3,10.26225757598877
qwen,wp_0012,4,12.914525985717772
qwen,wp_0013,0,12.386637687683104
qwen,wp_0013,1,14.28289794921875
qwen,wp_0013,2,15.223670959472656
qwen,wp_0013,3,11.761296272277832
qwen,wp_0013,4,15.280536651611328
qwen,wp_0014,0,17.12803840637207
qwen,wp_0014,1,11.2067232131958
qwen,wp_0014,2,11.482499122619627
qwen,wp_0014,3,11.467610359191896
qwen,wp_0014,4,15.608012199401855
qwen,wp_0015,0,7.861469745635986
qwen,wp_0015,1,10.290043830871582
qwen,wp_0015,2,9.054283142089844
qwen,wp_0015,3,9.656693458557127
qwen,wp_0015,4,7.935866355895996
qwen,wp_0016,0,9.86638355255127
qwen,wp_0016,1,10.81809139251709
qwen,wp_0016,2,12.82972240447998
qwen,wp_0016,3,9.304951667785645
qwen,wp_0016,4,11.193865776062012
qwen,wp_0017,0,8.538524627685547
qwen,wp_0017,1,7.8689351081848145
qwen,wp_0017,2,5.72871208190918
qwen,wp_0017,3,10.702774047851562
qwen,wp_0017,4,10.688827514648438
qwen,wp_0018,0,4.599310398101807
qwen,wp_0018,1,5.443029880523682
qwen,wp_0018,2,4.868195533752441
qwen,wp_0018,3,5.820286273956299
qwen,wp_0018,4,6.598422527313232
qwen,wp_0019,0,12.42037868499756
qwen,wp_0019,1,10.671549797058104
qwen,wp_0019,2,10.852506637573242
qwen,wp_0019,3,9.153240203857422
qwen,wp_0019,4,10.035743713378906
qwen,wp_0020,0,9.264338493347168
qwen,wp_0020,1,8.3557710647583
qwen,wp_0020,2,10.518905639648438
qwen,wp_0020,3,8.506866455078125
qwen,wp_0020,4,6.274240016937256
qwen,wp_0021,0,7.656346321105957
qwen,wp_0021,1,9.242314338684082
qwen,wp_0021,2,8.060791969299316
qwen,wp_0021,3,7.375822067260742
qwen,wp_0021,4,7.040248394012451
qwen,wp_0022,0,7.076159477233887
qwen,wp_0022,1,9.217207908630373
qwen,wp_0022,2,9.95911979675293
qwen,wp_0022,3,11.662643432617188
qwen,wp_0022,4,10.031793594360352
qwen,wp_0023,0,7.391952991485596
qwen,wp_0023,1,11.909449577331545
qwen,wp_0023,2,12.374712944030762
qwen,wp_0023,3,9.668413162231444
qwen,wp_0023,4,9.903412818908691
qwen,wp_0024,0,12.4509859085083
qwen,wp_0024,1,9.600419044494627
qwen,wp_0024,2,10.486313819885254
qwen,wp_0024,3,10.838080406188965
qwen,wp_0024,4,13.926816940307615
qwen,wp_0025,0,7.78446626663208
qwen,wp_0025,1,9.906279563903809
qwen,wp_0025,2,8.840841293334961
qwen,wp_0025,3,9.10960865020752
qwen,wp_0025,4,8.330384254455566
qwen,wp_0026,0,10.51641845703125
qwen,wp_0026,1,8.05146312713623
qwen,wp_0026,2,12.145193099975586
qwen,wp_0026,3,8.21819019317627
qwen,wp_0026,4,7.503445148468018
qwen,wp_0027,0,7.736690521240234
qwen,wp_0027,1,8.982139587402344
qwen,wp_0027,2,9.44566249847412
qwen,wp_0027,3,10.011258125305176
qwen,wp_0027,4,8.608893394470215
qwen,wp_0028,0,6.1768412590026855
qwen,wp_0028,1,10.322847366333008
qwen,wp_0028,2,14.198312759399414
qwen,wp_0028,3,6.852617263793945
qwen,wp_0028,4,8.205619812011719
qwen,wp_0029,0,11.01684856414795
qwen,wp_0029,1,10.36941909790039
qwen,wp_0029,2,7.02466344833374
qwen,wp_0029,3,7.606233596801758
qwen,wp_0029,4,7.515594959259033
qwen,wp_0030,0,8.666303634643555
qwen,wp_0030,1,7.214969158172607
qwen,wp_0030,2,10.5618257522583
qwen,wp_0030,3,6.914824485778809
qwen,wp_0030,4,10.602874755859377
qwen,wp_0031,0,9.494218826293944
qwen,wp_0031,1,6.580696105957031
qwen,wp_0031,2,8.688886642456055
qwen,wp_0031,3,11.795014381408691
qwen,wp_0031,4,10.091682434082031
qwen,wp_0032,0,6.41080904006958
qwen,wp_0032,1,5.32755708694458
qwen,wp_0032,2,8.888782501220703
qwen,wp_0032,3,5.214380741119385
qwen,wp_0032,4,7.769880771636963
qwen,wp_0033,0,11.20158576965332
qwen,wp_0033,1,12.258298873901367
qwen,wp_0033,2,10.512141227722168
qwen,wp_0033,3,7.335621833801269
qwen,wp_0033,4,10.819798469543455
qwen,wp_0034,0,4.157297134399414
qwen,wp_0034,1,5.108928680419922
qwen,wp_0034,2,5.808634281158447
qwen,wp_0034,3,5.363738059997559
qwen,wp_0034,4,4.617787837982178
qwen,wp_0035,0,10.878033638000488
qwen,wp_0035,1,11.71756076812744
qwen,wp_0035,2,16.794462203979492
qwen,wp_0035,3,12.109524726867676
qwen,wp_0035,4,10.405499458312988
qwen,wp_0036,0,11.098995208740234
qwen,wp_0036,1,9.438701629638672
qwen,wp_0036,2,7.58623743057251
qwen,wp_0036,3,6.223394870758057
qwen,wp_0036,4,6.140149116516113
qwen,wp_0037,0,7.039276123046875
qwen,wp_0037,1,6.658985614776611
qwen,wp_0037,2,9.406639099121094
qwen,wp_0037,3,6.324073314666748
qwen,wp_0037,4,7.019556999206543
qwen,wp_0038,0,10.048871040344238
qwen,wp_0038,1,10.563797950744627
qwen,wp_0038,2,8.029378890991211
qwen,wp_0038,3,10.188032150268556
qwen,wp_0038,4,10.3399076461792
qwen,wp_0039,0,8.131484031677246
qwen,wp_0039,1,10.073626518249512
qwen,wp_0039,2,8.139321327209473
qwen,wp_0039,3,9.041332244873049
qwen,wp_0039,4,8.990492820739746
qwen,wp_0040,0,9.34190273284912
qwen,wp_0040,1,8.369646072387695
qwen,wp_0040,2,8.221580505371094
qwen,wp_0040,3,10.020502090454102
qwen,wp_0040,4,10.749056816101074
qwen,wp_0041,0,9.398187637329102
qwen,wp_0041,1,7.389596939086914
qwen,wp_0041,2,9.200302124023438
qwen,wp_0041,3,9.68341064453125
qwen,wp_0041,4,9.61678981781006
qwen,wp_0042,0,6.243975639343262
qwen,wp_0042,1,6.564784049987793
qwen,wp_0042,2,6.246659755706787
qwen,wp_0042,3,5.374724864959717
qwen,wp_0042,4,8.661649703979492
qwen,wp_0043,0,10.00422191619873
qwen,wp_0043,1,12.311455726623535
qwen,wp_0043,2,11.308430671691896
qwen,wp_0043,3,9.069883346557615
qwen,wp_0043,4,11.597686767578123
qwen,wp_0044,0,6.843581676483154
qwen,wp_0044,1,7.31012487411499
qwen,wp_0044,2,7.075631141662598
qwen,wp_0044,3,9.704790115356444
qwen,wp_0044,4,6.742642402648926
qwen,wp_0045,0,6.826147556304932
qwen,wp_0045,1,11.468430519104004
qwen,wp_0045,2,7.23163366317749
qwen,wp_0045,3,7.926599025726318
qwen,wp_0045,4,9.516718864440918
qwen,wp_0046,0,9.733719825744627
qwen,wp_0046,1,8.542024612426758
qwen,wp_0046,2,9.337157249450684
qwen,wp_0046,3,12.430380821228027
qwen,wp_0046,4,9.213323593139648
qwen,wp_0047,0,6.687424182891846
qwen,wp_0047,1,6.696959972381592
qwen,wp_0047,2,7.524860858917236
qwen,wp_0047,3,8.081562995910645
qwen,wp_0047,4,6.8222503662109375
qwen,wp_0048,0,14.125276565551758
qwen,wp_0048,1,9.190464973449709
qwen,wp_0048,2,8.985782623291016
qwen,wp_0048,3,11.95261573791504
qwen,wp_0048,4,12.689725875854492
qwen,wp_0049,0,13.048626899719238
qwen,wp_0049,1,18.884178161621097
qwen,wp_0049,2,13.541878700256348
qwen,wp_0049,3,11.009065628051758
qwen,wp_0049,4,10.087032318115234
qwen,wp_0050,0,11.528193473815918
qwen,wp_0050,1,9.294244766235352
qwen,wp_0050,2,15.715874671936035
qwen,wp_0050,3,11.186944961547852
qwen,wp_0050,4,13.995859146118164
qwen,wp_0051,0,7.907285690307617
qwen,wp_0051,1,11.693824768066406
qwen,wp_0051,2,9.10330581665039
qwen,wp_0051,3,7.874148368835449
qwen,wp_0051,4,7.791534900665283
qwen,wp_0052,0,5.856375694274902
qwen,wp_0052,1,8.55545425415039
qwen,wp_0052,2,11.985855102539062
qwen,wp_0052,3,13.7963228225708
qwen,wp_0052,4,7.807123184204102
qwen,wp_0053,0,8.61695384979248
qwen,wp_0053,1,9.411151885986328
qwen,wp_0053,2,8.452390670776367
qwen,wp_0053,3,8.790029525756836
qwen,wp_0053,4,8.938360214233398
qwen,wp_0054,0,6.698856830596924
qwen,wp_0054,1,8.70788288116455
qwen,wp_0054,2,8.88319206237793
qwen,wp_0054,3,8.26500129699707
qwen,wp_0054,4,10.849614143371582
qwen,wp_0055,0,7.2004523277282715
qwen,wp_0055,1,10.072857856750488
qwen,wp_0055,2,8.732904434204102
qwen,wp_0055,3,16.289779663085938
qwen,wp_0055,4,4.33714485168457
qwen,wp_0056,0,9.2858304977417
qwen,wp_0056,1,10.225471496582031
qwen,wp_0056,2,8.523715019226074
qwen,wp_0056,3,12.862529754638672
qwen,wp_0056,4,13.950963973999023
qwen,wp_0057,0,13.1677885055542
qwen,wp_0057,1,9.150360107421877
qwen,wp_0057,2,11.84233283996582
qwen,wp_0057,3,13.075241088867188
qwen,wp_0057,4,10.861248016357422
qwen,wp_0058,0,10.73967170715332
qwen,wp_0058,1,9.180577278137209
qwen,wp_0058,2,6.951512336730957
qwen,wp_0058,3,8.85456371307373
qwen,wp_0058,4,12.032456398010254
qwen,wp_0059,1,7.875978946685791
qwen,wp_0059,2,9.217962265014648
qwen,wp_0059,3,8.556863784790039
qwen,wp_0059,4,11.829179763793944
qwen,wp_0060,0,11.094773292541504
qwen,wp_0060,1,8.80418872833252
qwen,wp_0060,2,8.976720809936523
qwen,wp_0060,3,7.0781989097595215
qwen,wp_0060,4,8.008204460144043
qwen,wp_0061,0,7.951551914215088
qwen,wp_0061,1,8.989378929138184
qwen,wp_0061,2,8.286629676818848
qwen,wp_0061,3,7.409947395324707
qwen,wp_0061,4,9.692721366882324
qwen,wp_0062,0,8.066757202148438
qwen,wp_0062,1,10.453234672546388
qwen,wp_0062,2,10.104450225830078
qwen,wp_0062,3,7.793383598327637
qwen,wp_0062,4,11.071260452270508
qwen,wp_0063,0,12.51457977294922
qwen,wp_0063,1,8.850728034973145
qwen,wp_0063,2,9.216717720031738
qwen,wp_0063,3,7.489345073699951
qwen,wp_0063,4,8.791426658630371
qwen,wp_0064,0,5.825166702270508
qwen,wp_0064,1,7.774537563323975
qwen,wp_0064,2,7.762187480926514
qwen,wp_0064,3,8.007574081420898
qwen,wp_0064,4,9.380035400390623
qwen,wp_0065,0,6.990286350250244
qwen,wp_0065,1,8.562355995178223
qwen,wp_0065,2,7.011764049530029
qwen,wp_0065,3,8.345902442932129
qwen,wp_0065,4,6.060826301574707
qwen,wp_0066,0,13.353974342346191
qwen,wp_0066,1,9.065423011779783
qwen,wp_0066,2,9.517476081848145
qwen,wp_0066,3,10.783878326416016
qwen,wp_0066,4,12.036407470703123
qwen,wp_0067,0,7.350121974945068
qwen,wp_0067,1,7.8517985343933105
qwen,wp_0067,2,7.753913879394531
qwen,wp_0067,3,10.114816665649414
qwen,wp_0068,0,11.386713981628418
qwen,wp_0068,1,11.335254669189451
qwen,wp_0068,2,13.725815773010254
qwen,wp_0068,3,11.718055725097656
qwen,wp_0068,4,15.852978706359863
qwen,wp_0069,0,12.243425369262695
qwen,wp_0069,1,11.830082893371582
qwen,wp_0069,2,5.611543655395508
qwen,wp_0069,3,10.770174980163574
qwen,wp_0069,4,13.017970085144045
qwen,wp_0070,0,10.642386436462402
qwen,wp_0070,1,10.937520027160645
qwen,wp_0070,2,12.493898391723633
qwen,wp_0070,3,15.800679206848145
qwen,wp_0070,4,10.288694381713867
qwen,wp_0071,0,6.954349517822266
qwen,wp_0071,1,8.509702682495117
qwen,wp_0071,2,10.069695472717283
qwen,wp_0071,3,10.81953239440918
qwen,wp_0071,4,11.232017517089844
qwen,wp_0072,0,6.917330741882324
qwen,wp_0072,1,10.981204986572266
qwen,wp_0072,2,9.718612670898438
qwen,wp_0072,3,11.140847206115724
qwen,wp_0072,4,12.14952564239502
qwen,wp_0073,0,8.247292518615723
qwen,wp_0073,1,8.055453300476074
qwen,wp_0073,2,5.106568813323975
qwen,wp_0073,3,6.0146870613098145
qwen,wp_0073,4,7.903902053833008
qwen,wp_0074,0,8.966754913330078
qwen,wp_0074,1,8.968546867370605
qwen,wp_0074,2,5.854241847991943
qwen,wp_0074,3,11.309118270874023
qwen,wp_0074,4,6.816788196563721
qwen,wp_0075,0,7.628983020782471
qwen,wp_0075,1,10.375448226928713
qwen,wp_0075,2,8.643917083740234
qwen,wp_0075,3,7.810319900512695
qwen,wp_0075,4,10.049880027770996
qwen,wp_0076,0,8.057456016540527
qwen,wp_0076,1,5.268795013427734
qwen,wp_0076,2,7.703641891479492
qwen,wp_0076,3,6.901339054107666
qwen,wp_0076,4,6.771365165710449
qwen,wp_0077,0,7.916993141174316
qwen,wp_0077,1,6.209929466247559
qwen,wp_0077,2,8.378486633300781
qwen,wp_0077,3,7.676356792449951
qwen,wp_0077,4,8.91057014465332
qwen,wp_0078,0,10.708749771118164
qwen,wp_0078,1,14.46572494506836
qwen,wp_0078,2,9.450078964233398
qwen,wp_0078,3,14.131017684936523
qwen,wp_0078,4,9.458525657653809
qwen,wp_0079,0,9.82681655883789
qwen,wp_0079,1,8.86326789855957
qwen,wp_0079,2,8.989603996276855
qwen,wp_0079,3,8.450661659240723
qwen,wp_0079,4,7.607954502105713
qwen,wp_0080,0,7.456212043762207
qwen,wp_0080,1,8.62463665008545
qwen,wp_0080,2,10.93533706665039
qwen,wp_0080,3,9.159722328186035
qwen,wp_0080,4,12.454741477966309
qwen,wp_0081,0,7.862686157226563
qwen,wp_0081,1,7.284137725830078
qwen,wp_0081,2,8.198648452758789
qwen,wp_0081,3,8.3544921875
qwen,wp_0081,4,9.417282104492188
qwen,wp_0082,0,13.60568141937256
qwen,wp_0082,1,12.603540420532228
qwen,wp_0082,2,8.890149116516113
qwen,wp_0082,3,8.430070877075195
qwen,wp_0082,4,11.232499122619627
qwen,wp_0083,0,11.119965553283691
qwen,wp_0083,1,9.124066352844238
qwen,wp_0083,2,12.380901336669922
qwen,wp_0083,3,11.165481567382812
qwen,wp_0083,4,11.691296577453612
qwen,wp_0084,0,7.721356868743896
qwen,wp_0084,1,9.551417350769045
qwen,wp_0084,2,8.27082347869873
qwen,wp_0084,3,8.01955509185791
qwen,wp_0084,4,5.962276458740234
qwen,wp_0085,0,8.304497718811035
qwen,wp_0085,1,7.185197830200195
qwen,wp_0085,2,7.236915588378906
qwen,wp_0085,3,8.790496826171875
qwen,wp_0085,4,8.923909187316895
qwen,wp_0086,0,12.774720191955566
qwen,wp_0086,1,13.190434455871582
qwen,wp_0086,2,13.577718734741213
qwen,wp_0086,3,13.969802856445312
qwen,wp_0086,4,13.342870712280272
qwen,wp_0087,0,14.740575790405272
qwen,wp_0087,1,12.580252647399902
qwen,wp_0087,2,11.075448036193848
qwen,wp_0087,3,10.791961669921877
qwen,wp_0087,4,9.291260719299316
qwen,wp_0088,0,9.716920852661133
qwen,wp_0088,1,10.714710235595703
qwen,wp_0088,2,10.731258392333984
qwen,wp_0088,3,11.37624740600586
qwen,wp_0088,4,10.375710487365724
qwen,wp_0089,0,11.109060287475586
qwen,wp_0089,1,8.46112060546875
qwen,wp_0089,2,9.758674621582031
qwen,wp_0089,3,10.77474880218506
qwen,wp_0089,4,8.373028755187988
qwen,wp_0090,0,8.277423858642578
qwen,wp_0090,1,8.19487476348877
qwen,wp_0090,2,7.777861595153809
qwen,wp_0090,3,9.583226203918455
qwen,wp_0090,4,9.0331449508667
qwen,wp_0091,0,10.959049224853516
qwen,wp_0091,1,10.685392379760742
qwen,wp_0091,2,14.5612211227417
qwen,wp_0091,3,9.762798309326172
qwen,wp_0091,4,9.543084144592283
qwen,wp_0092,0,5.4390950202941895
qwen,wp_0092,1,8.223538398742676
qwen,wp_0092,2,5.120968818664551
qwen,wp_0092,3,8.410452842712402
qwen,wp_0092,4,6.69032096862793
qwen,wp_0093,0,14.59045124053955
qwen,wp_0093,1,12.307077407836914
qwen,wp_0093,2,9.779107093811035
qwen,wp_0093,3,9.588878631591797
qwen,wp_0093,4,11.202689170837402
qwen,wp_0094,0,11.002114295959473
qwen,wp_0094,1,9.736665725708008
qwen,wp_0094,2,12.719780921936035
qwen,wp_0094,3,14.593087196350098
qwen,wp_0094,4,12.150075912475586
qwen,wp_0095,0,9.66308307647705
qwen,wp_0095,1,11.926788330078123
qwen,wp_0095,2,15.14649486541748
qwen,wp_0095,3,10.45261573791504
qwen,wp_0095,4,11.629681587219238
qwen,wp_0096,0,9.777509689331056
qwen,wp_0096,1,11.181854248046877
qwen,wp_0096,2,10.647181510925291
qwen,wp_0096,3,12.595868110656738
qwen,wp_0096,4,13.280560493469238
qwen,wp_0097,0,9.974227905273438
qwen,wp_0097,1,10.017938613891602
qwen,wp_0097,2,10.010875701904297
qwen,wp_0097,3,8.75595474243164
qwen,wp_0097,4,7.830714225769043
qwen,wp_0098,0,12.747920989990234
qwen,wp_0098,1,14.512508392333984
qwen,wp_0098,2,16.85267448425293
qwen,wp_0098,3,9.90621280670166
qwen,wp_0098,4,10.510071754455566
qwen,wp_0099,0,9.047276496887209
qwen,wp_0099,1,11.202046394348145
qwen,wp_0099,2,7.891243457794189
qwen,wp_0099,3,8.708547592163086
qwen,wp_0099,4,9.429398536682127
qwen,wp_0100,0,10.880623817443848
qwen,wp_0100,1,12.911592483520508
qwen,wp_0100,2,11.674867630004885
qwen,wp_0100,3,13.117596626281738
qwen,wp_0100,4,11.557838439941406
qwen,wp_0101,0,11.951199531555176
qwen,wp_0101,1,8.294815063476562
qwen,wp_0101,2,12.047266006469728
qwen,wp_0101,3,11.33968448638916
qwen,wp_0101,4,9.388833045959473
qwen,wp_0102,0,10.1465425491333
qwen,wp_0102,1,8.877424240112305
qwen,wp_0102,2,9.97834014892578
qwen,wp_0102,3,9.112027168273926
qwen,wp_0102,4,7.182180404663086
qwen,wp_0103,0,10.85405445098877
qwen,wp_0103,1,13.31459140777588
qwen,wp_0103,2,11.174077033996582
qwen,wp_0103,3,12.00128173828125
qwen,wp_0103,4,12.297017097473145
qwen,wp_0104,0,7.787358283996582
qwen,wp_0104,1,9.643007278442385
qwen,wp_0104,2,7.359470844268799
qwen,wp_0104,3,9.393810272216797
qwen,wp_0104,4,7.186168193817139
qwen,wp_0105,0,7.423078536987305
qwen,wp_0105,1,9.963617324829102
qwen,wp_0105,2,10.074592590332031
qwen,wp_0105,3,7.712615966796875
qwen,wp_0105,4,11.063371658325195
qwen,wp_0106,0,8.905701637268066
qwen,wp_0106,1,10.99851894378662
qwen,wp_0106,2,9.44634246826172
qwen,wp_0106,3,11.286069869995115
qwen,wp_0106,4,7.99746561050415
qwen,wp_0107,0,10.253375053405762
qwen,wp_0107,1,8.556774139404297
qwen,wp_0107,2,9.49342441558838
qwen,wp_0107,3,8.618965148925781
qwen,wp_0107,4,12.808123588562012
qwen,wp_0108,0,8.483614921569824
qwen,wp_0108,1,9.14518928527832
qwen,wp_0108,2,9.512085914611816
qwen,wp_0108,3,7.038086891174316
qwen,wp_0108,4,11.861377716064451
qwen,wp_0109,0,7.939170837402344
qwen,wp_0109,1,6.205239772796631
qwen,wp_0109,2,6.341187477111816
qwen,wp_0109,3,7.106832027435303
qwen,wp_0109,4,7.376961708068848
qwen,wp_0110,0,9.232040405273438
qwen,wp_0110,1,7.66823148727417
qwen,wp_0110,2,8.304948806762695
qwen,wp_0110,3,9.724958419799805
qwen,wp_0110,4,8.153772354125977
qwen,wp_0111,0,11.374446868896484
qwen,wp_0111,1,8.588379859924316
qwen,wp_0111,2,8.558652877807617
qwen,wp_0111,3,7.889587879180908
qwen,wp_0111,4,9.171539306640623
qwen,wp_0112,0,9.243622779846191
qwen,wp_0112,1,11.842782020568848
qwen,wp_0112,2,9.140896797180176
qwen,wp_0112,3,8.277599334716797
qwen,wp_0112,4,10.136183738708496
qwen,wp_0113,0,8.690485954284668
qwen,wp_0113,1,8.917986869812012
qwen,wp_0113,2,8.14525032043457
qwen,wp_0113,3,9.01882266998291
qwen,wp_0113,4,7.966772556304932
qwen,wp_0114,0,12.717473030090332
qwen,wp_0114,1,11.563942909240724
qwen,wp_0114,2,7.999992370605469
qwen,wp_0114,3,12.538403511047363
qwen,wp_0114,4,11.965665817260742
qwen,wp_0115,0,7.550205230712891
qwen,wp_0115,1,11.095465660095217
qwen,wp_0115,2,8.579696655273438
qwen,wp_0115,3,9.730084419250488
qwen,wp_0115,4,9.437556266784668
qwen,wp_0116,0,9.981233596801758
qwen,wp_0116,1,10.31439208984375
qwen,wp_0116,2,13.387791633605955
qwen,wp_0116,3,10.299851417541504
qwen,wp_0116,4,8.94045352935791
qwen,wp_0117,0,10.71345329284668
qwen,wp_0117,1,7.958451747894287
qwen,wp_0117,2,8.757554054260254
qwen,wp_0117,3,9.0530424118042
qwen,wp_0117,4,10.056636810302734
qwen,wp_0118,0,7.676867485046387
qwen,wp_0118,1,11.689997673034668
qwen,wp_0118,2,5.796769142150879
qwen,wp_0118,3,11.03140640258789
qwen,wp_0118,4,11.666873931884766
qwen,wp_0119,0,11.921082496643066
qwen,wp_0119,1,12.88174819946289
qwen,wp_0119,2,11.844425201416016
qwen,wp_0119,3,14.331543922424316
qwen,wp_0119,4,12.468301773071287
qwen,wp_0120,0,7.769311904907227
qwen,wp_0120,1,10.054150581359863
qwen,wp_0120,2,5.941748142242432
qwen,wp_0120,3,10.665003776550291
qwen,wp_0120,4,16.485475540161133
qwen,wp_0121,0,9.60128402709961
qwen,wp_0121,1,7.642341613769531
qwen,wp_0121,2,8.519967079162598
qwen,wp_0121,3,10.610297203063965
qwen,wp_0121,4,8.017186164855957
qwen,wp_0122,0,8.036005973815918
qwen,wp_0122,1,7.997995853424072
qwen,wp_0122,2,12.55360507965088
qwen,wp_0122,3,9.766105651855469
qwen,wp_0122,4,9.33263874053955
qwen,wp_0123,0,9.847216606140137
qwen,wp_0123,1,8.037006378173828
qwen,wp_0123,2,12.226719856262209
qwen,wp_0123,3,11.981706619262695
qwen,wp_0123,4,10.577759742736816
qwen,wp_0124,0,16.502490997314453
qwen,wp_0124,1,32.20479965209961
qwen,wp_0124,2,3.989144802093506
qwen,wp_0124,3,7.345731735229492
qwen,wp_0124,4,13.968850135803224
qwen,wp_0125,0,9.038230895996094
qwen,wp_0125,1,11.032363891601562
qwen,wp_0125,2,8.534364700317383
qwen,wp_0125,3,10.75620174407959
qwen,wp_0125,4,8.576496124267578
qwen,wp_0126,0,7.152586460113525
qwen,wp_0126,1,6.868468761444092
qwen,wp_0126,2,8.041970252990723
qwen,wp_0126,3,8.397311210632324
qwen,wp_0126,4,10.157414436340332
qwen,wp_0127,1,8.584217071533203
qwen,wp_0127,2,9.643779754638672
qwen,wp_0127,3,9.468463897705078
qwen,wp_0127,4,13.001664161682127
qwen,wp_0128,0,9.251408576965332
qwen,wp_0128,1,8.026078224182129
qwen,wp_0128,2,9.96788215637207
qwen,wp_0128,3,18.648576736450195
qwen,wp_0128,4,11.320466995239258
qwen,wp_0129,0,9.953314781188965
qwen,wp_0129,1,10.70328140258789
qwen,wp_0129,2,11.044341087341309
qwen,wp_0129,3,9.5122652053833
qwen,wp_0129,4,10.930550575256348
qwen,wp_0130,0,6.3481903076171875
qwen,wp_0130,1,11.020602226257324
qwen,wp_0130,2,11.868497848510742
qwen,wp_0130,3,8.31252384185791
qwen,wp_0130,4,5.8799662590026855
qwen,wp_0131,0,10.147098541259766
qwen,wp_0131,1,6.582704544067383
qwen,wp_0131,2,9.45971393585205
qwen,wp_0131,3,12.345726013183594
qwen,wp_0131,4,8.921202659606934
qwen,wp_0132,0,10.508766174316406
qwen,wp_0132,1,8.975788116455078
qwen,wp_0132,2,10.08009433746338
qwen,wp_0132,3,8.670292854309082
qwen,wp_0132,4,8.365333557128906
qwen,wp_0133,0,10.507977485656738
qwen,wp_0133,1,8.551736831665039
qwen,wp_0133,2,10.910161972045898
qwen,wp_0133,3,8.622298240661621
qwen,wp_0133,4,8.726097106933594
qwen,wp_0134,0,9.333431243896484
qwen,wp_0134,1,10.69025421142578
qwen,wp_0134,2,9.80250358581543
qwen,wp_0134,3,11.47736930847168
qwen,wp_0134,4,12.296683311462402
qwen,wp_0135,0,6.493815898895264
qwen,wp_0135,1,7.491422176361084
qwen,wp_0135,2,8.302698135375977
qwen,wp_0135,3,8.854819297790527
qwen,wp_0135,4,7.281128406524658
qwen,wp_0136,0,11.310585021972656
qwen,wp_0136,1,10.366010665893556
qwen,wp_0136,2,9.919140815734863
qwen,wp_0136,3,8.302072525024414
qwen,wp_0136,4,10.301307678222656
qwen,wp_0137,0,10.297438621520996
qwen,wp_0137,1,8.632962226867676
qwen,wp_0137,2,8.21859359741211
qwen,wp_0137,3,10.480224609375
qwen,wp_0137,4,8.606024742126465
qwen,wp_0138,0,11.6069974899292
qwen,wp_0138,1,10.704593658447266
qwen,wp_0138,2,10.70249080657959
qwen,wp_0138,3,7.405078411102295
qwen,wp_0138,4,9.944204330444336
qwen,wp_0139,0,9.765174865722656
qwen,wp_0139,1,12.651955604553224
qwen,wp_0139,2,12.2794828414917
qwen,wp_0139,3,12.55982494354248
qwen,wp_0139,4,8.331567764282227
qwen,wp_0140,0,9.017046928405762
qwen,wp_0140,1,9.950518608093262
qwen,wp_0140,2,9.992578506469728
qwen,wp_0140,3,12.613883972167969
qwen,wp_0140,4,11.216121673583984
qwen,wp_0141,0,7.538754463195801
qwen,wp_0141,1,10.65941333770752
qwen,wp_0141,2,6.8545355796813965
qwen,wp_0141,3,9.334348678588867
qwen,wp_0141,4,9.139251708984377
qwen,wp_0142,0,13.848734855651855
qwen,wp_0142,1,11.868563652038574
qwen,wp_0142,2,10.63839626312256
qwen,wp_0142,3,8.27587890625
qwen,wp_0142,4,7.701873302459717
qwen,wp_0143,0,8.738913536071777
qwen,wp_0143,1,8.535524368286133
qwen,wp_0143,2,7.896799087524414
qwen,wp_0143,3,8.20612907409668
qwen,wp_0143,4,9.193473815917969
qwen,wp_0144,0,11.454821586608888
qwen,wp_0144,1,8.766722679138184
qwen,wp_0144,2,8.978272438049316
qwen,wp_0144,3,10.04743194580078
qwen,wp_0144,4,9.427566528320312
qwen,wp_0145,0,7.493315696716309
qwen,wp_0145,1,7.208837509155273
qwen,wp_0145,2,10.72079086303711
qwen,wp_0145,3,10.425506591796877
qwen,wp_0145,4,8.17430591583252
qwen,wp_0146,0,9.626934051513672
qwen,wp_0146,1,10.056015968322754
qwen,wp_0146,2,12.111679077148438
qwen,wp_0146,3,10.700971603393556
qwen,wp_0146,4,12.747076034545898
qwen,wp_0147,0,8.8761568069458
qwen,wp_0147,1,14.818675994873049
qwen,wp_0147,2,11.389039993286133
qwen,wp_0147,3,10.951398849487305
qwen,wp_0148,0,9.100756645202637
qwen,wp_0148,1,9.150514602661133
qwen,wp_0148,2,11.41201877593994
qwen,wp_0148,3,9.118313789367676
qwen,wp_0148,4,10.77403736114502
qwen,wp_0149,0,9.391369819641112
qwen,wp_0149,1,8.551959037780762
qwen,wp_0149,2,8.486979484558105
qwen,wp_0149,3,7.502380847930908
qwen,wp_0149,4,12.335966110229492
qwen,wp_0150,0,8.548629760742188
qwen,wp_0150,1,9.811005592346191
qwen,wp_0150,2,9.4553804397583
qwen,wp_0150,3,14.132115364074709
qwen,wp_0150,4,9.204834938049316
qwen,wp_0151,0,14.428043365478516
qwen,wp_0151,1,7.957876682281494
qwen,wp_0151,2,10.94662094116211
qwen,wp_0151,3,8.613995552062988
qwen,wp_0151,4,11.55810832977295
qwen,wp_0152,0,12.9773588180542
qwen,wp_0152,1,11.81023406982422
qwen,wp_0152,2,8.582059860229492
qwen,wp_0152,3,10.023940086364746
qwen,wp_0152,4,9.967400550842283
qwen,wp_0153,0,6.210511684417725
qwen,wp_0153,1,7.49059534072876
qwen,wp_0153,2,8.181132316589355
qwen,wp_0153,3,8.926946640014648
qwen,wp_0153,4,9.494750022888184
qwen,wp_0154,0,6.481123447418213
qwen,wp_0154,1,9.295448303222656
qwen,wp_0154,2,11.8461332321167
qwen,wp_0154,3,7.723921775817871
qwen,wp_0154,4,8.818169593811035
qwen,wp_0155,0,9.247885704040527
qwen,wp_0155,1,9.30540370941162
qwen,wp_0155,2,10.380935668945312
qwen,wp_0155,3,12.194202423095703
qwen,wp_0155,4,9.928091049194336
qwen,wp_0156,0,6.148579120635986
qwen,wp_0156,1,8.233036994934082
qwen,wp_0156,2,7.795587539672852
qwen,wp_0156,3,6.844411373138428
qwen,wp_0156,4,8.158721923828125
qwen,wp_0157,0,8.533095359802246
qwen,wp_0157,1,7.65373420715332
qwen,wp_0157,2,7.493751525878906
qwen,wp_0157,3,7.435606956481934
qwen,wp_0157,4,6.7254157066345215
qwen,wp_0158,0,11.599215507507324
qwen,wp_0158,1,15.734297752380373
qwen,wp_0158,2,11.18969440460205
qwen,wp_0158,3,13.366426467895508
qwen,wp_0158,4,10.80713176727295
qwen,wp_0159,0,10.319341659545898
qwen,wp_0159,1,10.794434547424316
qwen,wp_0159,2,7.632370471954346
qwen,wp_0159,3,7.180874824523926
qwen,wp_0159,4,6.576084136962891
qwen,wp_0160,0,10.015750885009766
qwen,wp_0160,1,7.804787635803223
qwen,wp_0160,2,9.572285652160645
qwen,wp_0160,3,10.567160606384276
qwen,wp_0160,4,11.728841781616213
qwen,wp_0161,0,8.767230987548828
qwen,wp_0161,1,7.726211071014404
qwen,wp_0161,2,9.03099536895752
qwen,wp_0161,3,8.135845184326172
qwen,wp_0161,4,8.342713356018066
qwen,wp_0162,0,10.579325675964355
qwen,wp_0162,1,12.762335777282717
qwen,wp_0162,2,10.975202560424805
qwen,wp_0162,3,10.83638858795166
qwen,wp_0162,4,8.08759593963623
qwen,wp_0163,0,9.821194648742676
qwen,wp_0163,1,9.76808261871338
qwen,wp_0163,2,11.785572052001951
qwen,wp_0163,3,11.468253135681152
qwen,wp_0163,4,7.1631975173950195
qwen,wp_0164,0,9.29456615447998
qwen,wp_0164,1,8.730175018310547
qwen,wp_0164,2,11.40656566619873
qwen,wp_0164,3,10.337689399719238
qwen,wp_0164,4,7.735906600952148
qwen,wp_0165,0,15.166662216186523
qwen,wp_0165,1,9.701800346374512
qwen,wp_0165,2,9.894885063171388
qwen,wp_0165,3,12.020431518554688
qwen,wp_0165,4,12.070752143859863
qwen,wp_0166,0,8.96964168548584
qwen,wp_0166,1,12.100454330444336
qwen,wp_0166,2,70.85846710205078
qwen,wp_0166,3,8.125537872314453
qwen,wp_0166,4,12.97146224975586
qwen,wp_0167,0,13.51675510406494
qwen,wp_0167,1,12.147889137268066
qwen,wp_0167,2,12.000835418701172
qwen,wp_0167,3,12.913433074951172
qwen,wp_0167,4,10.851862907409668
qwen,wp_0168,0,8.49840259552002
qwen,wp_0168,1,8.987565994262695
qwen,wp_0168,2,10.979060173034668
qwen,wp_0168,3,8.793066024780273
qwen,wp_0168,4,11.546319961547852
qwen,wp_0169,0,10.524884223937988
qwen,wp_0169,1,11.170817375183104
qwen,wp_0169,2,15.697641372680664
qwen,wp_0169,3,7.890498161315918
qwen,wp_0169,4,12.791552543640137
qwen,wp_0170,0,13.838674545288086
qwen,wp_0170,1,15.605057716369627
qwen,wp_0170,2,11.86060619354248
qwen,wp_0170,3,14.443561553955078
qwen,wp_0170,4,12.004321098327637
qwen,wp_0171,0,9.690847396850586
qwen,wp_0171,1,12.360517501831056
qwen,wp_0171,2,9.722128868103027
qwen,wp_0171,3,9.488079071044922
qwen,wp_0171,4,11.723587989807127
qwen,wp_0172,0,8.389288902282715
qwen,wp_0172,1,8.61533260345459
qwen,wp_0172,2,9.554376602172852
qwen,wp_0172,3,7.084528923034668
qwen,wp_0172,4,8.250519752502441
qwen,wp_0173,0,7.975170612335205
qwen,wp_0173,1,6.422350883483887
qwen,wp_0173,2,9.291056632995604
qwen,wp_0173,3,6.942880630493164
qwen,wp_0173,4,9.888819694519045
qwen,wp_0174,0,8.149693489074707
qwen,wp_0174,1,13.201746940612791
qwen,wp_0174,2,7.647332191467285
qwen,wp_0174,3,7.736565113067627
qwen,wp_0174,4,6.233565330505371
qwen,wp_0175,0,12.852705955505373
qwen,wp_0175,1,11.39519214630127
qwen,wp_0175,2,11.366368293762209
qwen,wp_0175,3,10.408884048461914
qwen,wp_0175,4,13.06432819366455
qwen,wp_0176,0,5.508973121643066
qwen,wp_0176,1,11.439358711242676
qwen,wp_0176,2,6.628715991973877
qwen,wp_0176,3,9.072110176086426
qwen,wp_0176,4,8.358708381652832
qwen,wp_0177,0,8.121935844421387
qwen,wp_0177,1,7.261136054992676
qwen,wp_0177,2,8.107175827026367
qwen,wp_0177,4,7.197967052459717
qwen,wp_0178,0,7.370767116546631
qwen,wp_0178,1,6.629969120025635
qwen,wp_0178,2,11.066536903381348
qwen,wp_0178,3,7.637876987457275
qwen,wp_0178,4,7.702468395233154
qwen,wp_0179,0,10.050771713256836
qwen,wp_0179,1,10.837946891784668
qwen,wp_0179,2,11.776156425476074
qwen,wp_0179,3,11.018193244934082
qwen,wp_0180,0,11.411018371582031
qwen,wp_0180,1,13.42967700958252
qwen,wp_0180,2,11.871246337890623
qwen,wp_0180,3,7.987577438354492
qwen,wp_0180,4,14.205862998962402
qwen,wp_0181,0,10.594738006591797
qwen,wp_0181,1,16.116342544555664
qwen,wp_0181,2,11.14130973815918
qwen,wp_0181,3,13.095232963562012
qwen,wp_0181,4,14.847112655639648
qwen,wp_0182,0,12.922493934631348
qwen,wp_0182,1,9.634575843811035
qwen,wp_0182,2,11.064729690551758
qwen,wp_0182,3,9.017437934875488
qwen,wp_0182,4,11.716842651367188
qwen,wp_0183,0,6.311483383178711
qwen,wp_0183,1,9.057876586914062
qwen,wp_0183,2,6.673578262329102
qwen,wp_0183,3,8.20261001586914
qwen,wp_0183,4,7.120375633239746
qwen,wp_0184,0,11.63237476348877
qwen,wp_0184,1,7.836749076843262
qwen,wp_0184,2,8.594226837158203
qwen,wp_0184,3,9.81772804260254
qwen,wp_0184,4,8.246447563171387
qwen,wp_0185,0,13.139429092407228
qwen,wp_0185,1,11.62738037109375
qwen,wp_0185,2,13.186440467834473
qwen,wp_0185,3,12.449281692504885
qwen,wp_0185,4,8.842312812805176
qwen,wp_0186,0,8.291380882263184
qwen,wp_0186,1,9.583127975463867
qwen,wp_0186,2,6.98978328704834
qwen,wp_0186,3,9.130681037902832
qwen,wp_0186,4,9.84917449951172
qwen,wp_0187,0,12.110475540161133
qwen,wp_0187,1,8.102042198181152
qwen,wp_0187,2,11.065811157226562
qwen,wp_0187,3,7.49320650100708
qwen,wp_0187,4,8.629813194274902
qwen,wp_0188,0,8.996537208557129
qwen,wp_0188,1,12.503324508666992
qwen,wp_0188,2,12.445051193237305
qwen,wp_0188,3,11.564638137817385
qwen,wp_0188,4,14.21881103515625
qwen,wp_0189,0,7.538754463195801
qwen,wp_0189,1,7.1669230461120605
qwen,wp_0189,2,9.121081352233888
qwen,wp_0189,3,7.35306978225708
qwen,wp_0189,4,8.318160057067871
qwen,wp_0190,0,8.706852912902832
qwen,wp_0190,1,11.675552368164062
qwen,wp_0190,3,10.614376068115234
qwen,wp_0190,4,12.367748260498049
qwen,wp_0191,0,11.742837905883787
qwen,wp_0191,1,13.627845764160156
qwen,wp_0191,2,11.14350128173828
qwen,wp_0191,3,11.283462524414062
qwen,wp_0191,4,11.891217231750488
qwen,wp_0192,0,7.202576160430908
qwen,wp_0192,1,8.125086784362793
qwen,wp_0192,2,8.875136375427246
qwen,wp_0192,3,12.611111640930176
qwen,wp_0192,4,6.227499485015869
qwen,wp_0193,0,11.08438491821289
qwen,wp_0193,1,7.164045810699463
qwen,wp_0193,2,8.917938232421875
qwen,wp_0193,3,10.160093307495115
qwen,wp_0193,4,8.712447166442871
qwen,wp_0194,0,15.000354766845703
qwen,wp_0194,2,6.281986713409424
qwen,wp_0194,3,31.762414932250977
qwen,wp_0194,4,6.243802547454834
qwen,wp_0195,0,11.95738410949707
qwen,wp_0195,1,11.114240646362305
qwen,wp_0195,2,9.480780601501465
qwen,wp_0195,3,8.38597583770752
qwen,wp_0195,4,11.30052089691162
qwen,wp_0196,0,10.37243366241455
qwen,wp_0196,1,13.709071159362791
qwen,wp_0196,2,7.678375720977783
qwen,wp_0196,3,10.017205238342283
qwen,wp_0196,4,10.342449188232422
qwen,wp_0197,0,9.757906913757324
qwen,wp_0197,1,8.496196746826172
qwen,wp_0197,2,9.268820762634276
qwen,wp_0197,3,11.01595973968506
qwen,wp_0197,4,10.454111099243164
qwen,wp_0198,0,9.524175643920898
qwen,wp_0198,1,7.32813835144043
qwen,wp_0198,2,11.924200057983398
qwen,wp_0198,3,10.003251075744627
qwen,wp_0198,4,11.746502876281738
qwen,wp_0199,0,7.596713066101074
qwen,wp_0199,1,12.142129898071287
qwen,wp_0199,2,6.646932601928711
qwen,wp_0199,3,9.052032470703123
qwen,wp_0199,4,9.287293434143066
human,wp_0000,0,16.856122970581055
human,wp_0000,1,35.6034049987793
human,wp_0000,2,14.363558769226074
human,wp_0000,3,23.06450653076172
human,wp_0000,5,41.06113052368164
human,wp_0001,1,21.86693572998047
human,wp_0001,3,18.777420043945312
human,wp_0001,4,11.783227920532228
human,wp_0001,5,30.986572265625
human,wp_0001,7,16.30195426940918
human,wp_0002,3,37.397403717041016
human,wp_0002,5,37.088253021240234
human,wp_0002,6,17.924076080322266
human,wp_0002,7,21.96985626220703
human,wp_0002,9,19.378978729248047
human,wp_0003,0,15.562159538269045
human,wp_0003,1,11.870691299438477
human,wp_0003,2,14.319135665893556
human,wp_0003,3,17.080001831054688
human,wp_0003,4,19.233537673950195
human,wp_0004,1,17.379161834716797
human,wp_0004,8,24.711606979370117
human,wp_0004,9,30.310293197631836
human,wp_0004,11,21.23590087890625
human,wp_0004,13,23.815105438232425
human,wp_0005,1,50.271724700927734
human,wp_0005,2,12.33799934387207
human,wp_0005,3,17.061077117919922
human,wp_0005,4,18.161970138549805
human,wp_0005,5,13.71700954437256
human,wp_0006,0,15.528654098510742
human,wp_0006,1,36.05294418334961
human,wp_0006,2,31.349178314208984
human,wp_0006,3,16.130338668823242
human,wp_0006,9,16.41703987121582
human,wp_0007,0,14.0020170211792
human,wp_0007,8,26.62371826171875
human,wp_0007,12,25.72960662841797
human,wp_0007,15,19.907167434692383
human,wp_0007,23,20.873092651367188
human,wp_0008,0,39.6751708984375
human,wp_0008,1,14.298577308654783
human,wp_0008,2,18.26576805114746
human,wp_0008,3,34.94805145263672
human,wp_0008,4,25.310638427734375
human,wp_0009,1,18.45288848876953
human,wp_0009,3,12.15884494781494
human,wp_0009,4,26.65129852294922
human,wp_0009,5,34.43841552734375
human,wp_0009,6,22.34375
human,wp_0010,3,19.495643615722656
human,wp_0010,6,10.161581039428713
human,wp_0010,9,15.79593276977539
human,wp_0010,11,26.518611907958984
human,wp_0010,22,23.93543815612793
human,wp_0011,1,25.470876693725582
human,wp_0011,2,24.248031616210938
human,wp_0011,3,46.01394271850586
human,wp_0011,4,21.94981384277344
human,wp_0011,6,44.27449798583984
human,wp_0012,0,82.16905212402344
human,wp_0012,1,34.408138275146484
human,wp_0012,2,56.942325592041016
human,wp_0012,4,33.50513458251953
human,wp_0012,5,28.84624290466309
human,wp_0013,1,28.354032516479492
human,wp_0013,2,15.579645156860352
human,wp_0013,3,26.50222969055176
human,wp_0013,6,21.95846176147461
human,wp_0013,7,16.04251480102539
human,wp_0014,0,41.40252685546875
human,wp_0014,1,27.502527236938477
human,wp_0014,3,22.74333381652832
human,wp_0014,4,18.32286834716797
human,wp_0014,5,49.7669563293457
human,wp_0015,3,13.41059112548828
human,wp_0015,5,18.669191360473633
human,wp_0015,6,18.592456817626953
human,wp_0015,10,17.199337005615234
human,wp_0015,12,14.25794792175293
human,wp_0016,23,34.37572479248047
human,wp_0016,28,18.3745059967041
human,wp_0016,29,19.2747745513916
human,wp_0016,30,18.5020751953125
human,wp_0016,36,27.67933464050293
human,wp_0017,2,16.488357543945312
human,wp_0017,3,22.39566421508789
human,wp_0017,6,15.002618789672852
human,wp_0017,7,23.539974212646484
human,wp_0017,8,19.203113555908203
human,wp_0018,0,13.192182540893556
human,wp_0018,1,23.05698013305664
human,wp_0018,4,18.32257080078125
human,wp_0018,6,9.86539363861084
human,wp_0018,9,15.736950874328612
human,wp_0019,0,16.284465789794922
human,wp_0019,1,17.587282180786133
human,wp_0019,3,25.940185546875
human,wp_0019,5,24.79347038269043
human,wp_0019,6,20.028017044067383
human,wp_0020,11,16.10045051574707
human,wp_0020,12,17.078357696533203
human,wp_0020,15,31.418615341186523
human,wp_0020,17,17.36781120300293
human,wp_0020,19,34.25602340698242
human,wp_0021,0,16.014873504638672
human,wp_0021,1,18.123977661132812
human,wp_0021,2,23.86998176574707
human,wp_0021,3,34.63947296142578
human,wp_0021,4,25.722681045532227
human,wp_0022,0,16.648847579956055
human,wp_0022,1,22.863250732421875
human,wp_0022,2,20.767000198364254
human,wp_0022,3,32.55488967895508
human,wp_0022,4,10.710630416870115
human,wp_0023,0,15.925869941711426
human,wp_0023,2,25.947311401367188
human,wp_0023,3,20.191734313964844
human,wp_0023,4,31.20682716369629
human,wp_0023,5,30.287919998168945
human,wp_0024,0,18.37463760375977
human,wp_0024,2,20.078121185302734
human,wp_0024,5,14.986602783203123
human,wp_0024,6,18.827043533325195
human,wp_0024,9,26.92406463623047
human,wp_0025,0,9.971847534179688
human,wp_0025,1,22.057899475097656
human,wp_0025,2,15.492446899414062
human,wp_0025,9,13.154973030090332
human,wp_0025,12,20.239667892456055
human,wp_0026,1,20.881855010986328
human,wp_0026,2,22.61638069152832
human,wp_0026,3,24.753902435302734
human,wp_0026,5,22.474597930908203
human,wp_0026,7,18.243934631347656
human,wp_0027,0,96.32198333740234
human,wp_0027,1,32.7022590637207
human,wp_0027,2,48.4758186340332
human,wp_0027,3,31.59870719909668
human,wp_0027,4,30.051515579223633
human,wp_0028,0,31.6390380859375
human,wp_0028,1,20.086978912353516
human,wp_0028,2,17.752473831176758
human,wp_0028,3,29.034318923950195
human,wp_0028,4,21.34218406677246
human,wp_0029,0,16.163265228271484
human,wp_0029,3,11.251540184020996
human,wp_0029,4,15.159222602844238
human,wp_0029,5,11.322624206542969
human,wp_0029,7,17.02373504638672
human,wp_0030,1,24.33292579650879
human,wp_0030,4,40.442989349365234
human,wp_0030,5,24.642728805541992
human,wp_0030,6,23.545879364013672
human,wp_0030,8,18.027843475341797
human,wp_0031,2,19.142541885375977
human,wp_0031,4,18.52345085144043
human,wp_0031,5,28.210176467895508
human,wp_0031,7,34.01272201538086
human,wp_0031,9,24.55638313293457
human,wp_0032,0,35.7662239074707
human,wp_0032,1,31.821870803833008
human,wp_0032,2,24.73311424255371
human,wp_0032,3,21.61714553833008
human,wp_0032,4,22.10664749145508
human,wp_0033,0,25.63679313659668
human,wp_0033,1,13.988737106323242
human,wp_0033,3,29.955074310302734
human,wp_0033,4,31.924161911010746
human,wp_0033,5,17.83843231201172
human,wp_0034,0,20.626157760620117
human,wp_0034,1,8.081164360046387
human,wp_0034,2,18.756153106689453
human,wp_0034,3,15.12751579284668
human,wp_0034,4,20.88270568847656
human,wp_0035,10,52.52776336669922
human,wp_0035,14,25.701745986938477
human,wp_0035,20,40.44391250610352
human,wp_0035,23,21.589017868041992
human,wp_0035,31,39.559661865234375
human,wp_0036,0,14.673718452453612
human,wp_0036,1,17.815114974975586
human,wp_0036,2,11.919328689575195
human,wp_0036,3,24.303686141967773
human,wp_0036,4,18.461610794067383
human,wp_0037,2,13.286843299865724
human,wp_0037,4,13.47813892364502
human,wp_0037,5,40.5899543762207
human,wp_0037,7,22.265300750732425
human,wp_0037,9,54.95709228515625
human,wp_0038,0,25.5969295501709
human,wp_0038,1,76.11180877685547
human,wp_0038,2,42.93161392211914
human,wp_0038,3,29.079683303833008
human,wp_0038,4,44.674896240234375
human,wp_0039,1,20.186965942382812
human,wp_0039,2,17.608369827270508
human,wp_0039,7,50.74227142333984
human,wp_0039,9,53.21207427978515
human,wp_0039,11,15.903005599975586
human,wp_0040,0,32.118896484375
human,wp_0040,1,21.976221084594727
human,wp_0040,2,13.75985336303711
human,wp_0040,3,16.952817916870117
human,wp_0040,4,27.91666603088379
human,wp_0041,1,12.957649230957031
human,wp_0041,2,30.23987197875977
human,wp_0041,3,21.53329849243164
human,wp_0041,4,27.916112899780273
human,wp_0041,6,27.389049530029297
human,wp_0042,6,71.29468536376953
human,wp_0042,7,39.57168960571289
human,wp_0042,9,18.3273868560791
human,wp_0042,29,20.505699157714844
human,wp_0042,30,24.893394470214844
human,wp_0043,1,22.457935333251953
human,wp_0043,4,22.949901580810547
human,wp_0043,5,28.419519424438477
human,wp_0043,6,39.791893005371094
human,wp_0043,8,16.1439266204834
human,wp_0044,0,27.78268814086914
human,wp_0044,1,26.362577438354492
human,wp_0044,2,14.530927658081056
human,wp_0044,3,31.225269317626953
human,wp_0044,4,17.801130294799805
human,wp_0045,4,21.811498641967773
human,wp_0045,5,18.30886459350586
human,wp_0045,6,13.150033950805664
human,wp_0045,7,12.25750732421875
human,wp_0045,9,19.73228645324707
human,wp_0046,0,29.646398544311523
human,wp_0046,1,16.9057674407959
human,wp_0046,2,19.67818832397461
human,wp_0046,4,21.726146697998047
human,wp_0046,5,19.068817138671875
human,wp_0047,0,23.130634307861328
human,wp_0047,2,13.690958976745604
human,wp_0047,3,14.111288070678713
human,wp_0047,8,21.629627227783203
human,wp_0047,10,12.42714786529541
human,wp_0048,0,17.832265853881836
human,wp_0048,1,22.728063583374023
human,wp_0048,3,23.400623321533203
human,wp_0048,4,25.214529037475582
human,wp_0048,8,24.618738174438477
human,wp_0049,0,15.720049858093262
human,wp_0049,1,10.660307884216309
human,wp_0049,3,16.788249969482422
human,wp_0049,4,25.14009475708008
human,wp_0049,5,23.59907341003418
human,wp_0050,0,35.6943473815918
human,wp_0050,1,26.212665557861328
human,wp_0050,2,19.70969009399414
human,wp_0050,4,29.796602249145508
human,wp_0050,5,23.16596031188965
human,wp_0051,0,15.783893585205078
human,wp_0051,1,19.94129753112793
human,wp_0051,4,34.676517486572266
human,wp_0051,5,20.228614807128903
human,wp_0051,7,17.36733055114746
human,wp_0052,1,26.309125900268555
human,wp_0052,3,15.22021198272705
human,wp_0052,4,22.294178009033203
human,wp_0052,7,28.212553024291992
human,wp_0052,8,23.21450424194336
human,wp_0053,1,23.804563522338867
human,wp_0053,2,24.828882217407227
human,wp_0053,3,12.79685401916504
human,wp_0053,4,16.87958526611328
human,wp_0053,5,26.469532012939453
human,wp_0054,0,24.95104217529297
human,wp_0054,1,27.518171310424805
human,wp_0054,2,21.134214401245117
human,wp_0054,3,44.042991638183594
human,wp_0054,4,29.897687911987305
human,wp_0055,0,17.185359954833984
human,wp_0055,1,18.375396728515625
human,wp_0055,2,18.4899845123291
human,wp_0055,3,23.579421997070312
human,wp_0055,5,52.318824768066406
human,wp_0056,0,29.329740524291992
human,wp_0056,2,13.998175621032717
human,wp_0056,3,28.080406188964844
human,wp_0056,7,24.035303115844727
human,wp_0056,10,17.35829734802246
human,wp_0057,0,34.12187576293945
human,wp_0057,1,11.25650691986084
human,wp_0057,4,16.38663101196289
human,wp_0057,5,15.387516021728516
human,wp_0057,6,29.673311233520508
human,wp_0058,0,22.171401977539062
human,wp_0058,3,31.970441818237305
human,wp_0058,6,21.37102508544922
human,wp_0058,10,32.716373443603516
human,wp_0058,11,20.81426429748535
human,wp_0059,0,33.682830810546875
human,wp_0059,1,29.657384872436523
human,wp_0059,2,14.773208618164062
human,wp_0059,4,27.57441520690918
human,wp_0059,5,27.68354606628418
human,wp_0060,0,19.298843383789062
human,wp_0060,1,8.817366600036621
human,wp_0060,4,14.569294929504396
human,wp_0060,5,17.99104118347168
human,wp_0060,6,24.46419334411621
human,wp_0061,0,18.34454917907715
human,wp_0061,1,22.64589500427246
human,wp_0061,2,22.748523712158203
human,wp_0061,3,30.605785369873047
human,wp_0061,4,17.818029403686523
human,wp_0062,0,17.313007354736328
human,wp_0062,1,14.59575653076172
human,wp_0062,2,28.7429141998291
human,wp_0062,4,22.49883079528809
human,wp_0062,5,15.09690761566162
human,wp_0063,0,45.329463958740234
human,wp_0063,3,28.926069259643555
human,wp_0063,4,18.564865112304688
human,wp_0063,5,16.80948829650879
human,wp_0063,6,28.63252830505371
human,wp_0064,0,15.606043815612791
human,wp_0064,1,14.546269416809082
human,wp_0064,2,18.04814720153809
human,wp_0064,3,30.14274024963379
human,wp_0064,4,35.57246017456055
human,wp_0065,0,19.138721466064453
human,wp_0065,2,24.59419822692871
human,wp_0065,3,17.22511100769043
human,wp_0065,4,20.738689422607425
human,wp_0065,5,24.402786254882812
human,wp_0066,0,20.909833908081055
human,wp_0066,1,21.5466365814209
human,wp_0066,2,17.185728073120117
human,wp_0066,4,24.20512008666992
human,wp_0066,5,10.247204780578612
human,wp_0067,0,19.771961212158203
human,wp_0067,1,12.798382759094238
human,wp_0067,3,29.35692596435547
human,wp_0067,4,12.185078620910645
human,wp_0067,5,25.434423446655273
human,wp_0068,0,30.21565818786621
human,wp_0068,1,18.775924682617188
human,wp_0068,5,32.21710968017578
human,wp_0068,6,18.270896911621097
human,wp_0068,8,30.59030532836914
human,wp_0069,0,24.990318298339844
human,wp_0069,1,50.40550994873047
human,wp_0069,2,29.406341552734375
human,wp_0069,3,44.22767639160156
human,wp_0069,4,16.762344360351562
human,wp_0070,0,15.28285789489746
human,wp_0070,3,36.20552062988281
human,wp_0070,5,27.73435401916504
human,wp_0070,9,47.65034866333008
human,wp_0070,11,31.629653930664062
human,wp_0071,0,14.751105308532717
human,wp_0071,1,18.250823974609375
human,wp_0071,2,16.83572769165039
human,wp_0071,3,27.688886642456055
human,wp_0071,4,19.656543731689453
human,wp_0072,0,27.543119430541992
human,wp_0072,3,19.60720443725586
human,wp_0072,4,20.4775333404541
human,wp_0072,5,14.802016258239746
human,wp_0072,6,17.894651412963867
human,wp_0073,0,15.480931282043455
human,wp_0073,1,15.54171085357666
human,wp_0073,2,12.716656684875488
human,wp_0073,4,18.51146125793457
human,wp_0073,5,8.347336769104004
human,wp_0074,0,20.19278907775879
human,wp_0074,7,33.063716888427734
human,wp_0074,11,26.545591354370117
human,wp_0074,13,45.457950592041016
human,wp_0074,16,24.227794647216797
human,wp_0075,0,42.645938873291016
human,wp_0075,1,63.13420486450195
human,wp_0075,4,23.32606506347656
human,wp_0075,6,31.754016876220703
human,wp_0075,9,16.763891220092773
human,wp_0076,0,21.018400192260746
human,wp_0076,1,22.813234329223633
human,wp_0076,3,12.687342643737791
human,wp_0076,4,15.672600746154783
human,wp_0076,5,11.310555458068848
human,wp_0077,0,14.32993507385254
human,wp_0077,2,23.37185287475586
human,wp_0077,3,28.113933563232425
human,wp_0077,4,27.893857955932617
human,wp_0077,5,22.2595157623291
human,wp_0078,0,34.595252990722656
human,wp_0078,1,18.519344329833984
human,wp_0078,2,25.974346160888672
human,wp_0078,3,19.910907745361328
human,wp_0078,4,19.649267196655273
human,wp_0079,1,24.343950271606445
human,wp_0079,2,16.778337478637695
human,wp_0079,3,26.86557388305664
human,wp_0079,4,14.77382469177246
human,wp_0079,5,20.0712947845459
human,wp_0080,0,29.837337493896484
human,wp_0080,1,41.60401153564453
human,wp_0080,2,27.136869430541992
human,wp_0080,3,28.357933044433594
human,wp_0080,4,30.41009521484375
human,wp_0081,0,27.839527130126953
human,wp_0081,1,20.984712600708008
human,wp_0081,2,13.78968334197998
human,wp_0081,3,14.53429126739502
human,wp_0081,5,16.370973587036133
human,wp_0082,5,26.98976707458496
human,wp_0082,8,15.517251968383787
human,wp_0082,10,19.81110382080078
human,wp_0082,11,14.141043663024902
human,wp_0082,14,29.904544830322266
human,wp_0083,0,16.090078353881836
human,wp_0083,3,14.54257583618164
human,wp_0083,5,27.777196884155273
human,wp_0083,6,16.774885177612305
human,wp_0083,7,18.099355697631836
human,wp_0084,0,21.727306365966797
human,wp_0084,1,17.325559616088867
human,wp_0084,3,14.511460304260254
human,wp_0084,7,13.83759593963623
human,wp_0084,10,21.410743713378903
human,wp_0085,0,8.401742935180664
human,wp_0085,2,20.076101303100582
human,wp_0085,3,7.012270450592041
human,wp_0085,4,22.719661712646484
human,wp_0085,5,21.46942710876465
human,wp_0086,2,18.80781936645508
human,wp_0086,4,19.094284057617188
human,wp_0086,5,15.73858642578125
human,wp_0086,9,25.255640029907227
human,wp_0086,12,46.51515579223633
human,wp_0087,0,15.167689323425291
human,wp_0087,1,22.155532836914062
human,wp_0087,2,24.144302368164062
human,wp_0087,3,17.0880126953125
human,wp_0087,4,21.319385528564453
human,wp_0088,0,3.773754596710205
human,wp_0088,1,19.246387481689453
human,wp_0088,2,62.11463165283203
human,wp_0088,3,22.849300384521484
human,wp_0088,4,17.889585494995117
human,wp_0089,1,44.4283332824707
human,wp_0089,2,28.390485763549805
human,wp_0089,6,30.214366912841797
human,wp_0089,8,39.52523422241211
human,wp_0089,9,26.089862823486328
human,wp_0090,0,15.163755416870115
human,wp_0090,1,22.32518196105957
human,wp_0090,2,14.821622848510742
human,wp_0090,3,13.52777099609375
human,wp_0090,4,15.58609104156494
human,wp_0091,1,28.708589553833008
human,wp_0091,2,15.582950592041016
human,wp_0091,3,19.70476531982422
human,wp_0091,4,31.29637908935547
human,wp_0091,5,14.804180145263672
human,wp_0092,0,20.188568115234375
human,wp_0092,1,12.88851547241211
human,wp_0092,2,21.11561584472656
human,wp_0092,4,26.19198989868164
human,wp_0092,5,29.272924423217773
human,wp_0093,3,19.781963348388672
human,wp_0093,5,17.73103141784668
human,wp_0093,6,26.352949142456055
human,wp_0093,11,16.782562255859375
human,wp_0093,13,42.48118591308594
human,wp_0094,0,21.92316246032715
human,wp_0094,1,31.664785385131836
human,wp_0094,2,15.291386604309082
human,wp_0094,3,26.04943084716797
human,wp_0094,5,22.73967933654785
human,wp_0095,7,26.379451751708984
human,wp_0095,8,24.66988182067871
human,wp_0095,9,31.73820686340332
human,wp_0095,12,22.199684143066406
human,wp_0095,13,17.386980056762695
human,wp_0096,0,47.180381774902344
human,wp_0096,1,12.99570369720459
human,wp_0096,2,21.82343482971191
human,wp_0096,3,26.896997451782227
human,wp_0096,4,52.54417419433594
human,wp_0097,0,24.597335815429688
human,wp_0097,2,22.637210845947266
human,wp_0097,3,30.610631942749023
human,wp_0097,4,42.880741119384766
human,wp_0097,7,22.09103012084961
human,wp_0098,0,17.259647369384766
human,wp_0098,1,27.400001525878903
human,wp_0098,2,31.752511978149418
human,wp_0098,3,24.33669662475586
human,wp_0098,4,20.87217712402344
human,wp_0099,0,36.83872985839844
human,wp_0099,1,17.9343318939209
human,wp_0099,2,13.900106430053713
human,wp_0099,6,22.000322341918945
human,wp_0099,8,19.134824752807617
human,wp_0100,6,24.99188995361328
human,wp_0100,9,28.57789421081543
human,wp_0100,11,17.444074630737305
human,wp_0100,20,24.87190055847168
human,wp_0100,22,17.907089233398438
human,wp_0101,0,11.727035522460938
human,wp_0101,2,29.29887008666992
human,wp_0101,3,9.84614372253418
human,wp_0101,4,12.69767951965332
human,wp_0101,6,29.493061065673828
human,wp_0102,1,29.51347541809082
human,wp_0102,3,13.098323822021484
human,wp_0102,4,29.097705841064453
human,wp_0102,6,34.418148040771484
human,wp_0102,7,40.07069396972656
human,wp_0103,2,33.58155059814453
human,wp_0103,3,19.5922794342041
human,wp_0103,10,21.485504150390625
human,wp_0103,11,12.674261093139648
human,wp_0103,12,15.08338737487793
human,wp_0104,0,16.214380264282227
human,wp_0104,1,35.623409271240234
human,wp_0104,2,23.339204788208008
human,wp_0104,3,27.39103889465332
human,wp_0104,4,23.97328758239746
human,wp_0105,1,12.018319129943848
human,wp_0105,2,12.039389610290527
human,wp_0105,3,13.3705472946167
human,wp_0105,5,19.578065872192383
human,wp_0105,6,22.970977783203125
human,wp_0106,1,32.16377639770508
human,wp_0106,2,16.946687698364258
human,wp_0106,3,29.875669479370117
human,wp_0106,4,30.3370361328125
human,wp_0106,5,20.784019470214844
human,wp_0107,0,16.06865882873535
human,wp_0107,2,20.826335906982425
human,wp_0107,3,14.63113784790039
human,wp_0107,4,18.487733840942383
human,wp_0107,5,19.09937858581543
human,wp_0108,0,32.451080322265625
human,wp_0108,1,25.803909301757812
human,wp_0108,2,36.08627700805664
human,wp_0108,4,14.599925994873049
human,wp_0108,5,16.72125244140625
human,wp_0109,1,20.08588218688965
human,wp_0109,2,27.25493812561035
human,wp_0109,4,26.173038482666016
human,wp_0109,6,23.65241050720215
human,wp_0109,9,16.383522033691406
human,wp_0110,0,20.559465408325195
human,wp_0110,2,21.62608528137207
human,wp_0110,3,25.5170841217041
human,wp_0110,5,19.713626861572266
human,wp_0110,6,17.88768196105957
human,wp_0111,0,24.687227249145508
human,wp_0111,1,13.784601211547852
human,wp_0111,2,14.615779876708984
human,wp_0111,4,21.873708724975582
human,wp_0112,0,28.89758682250977
human,wp_0112,7,21.353437423706055
human,wp_0112,9,32.46144104003906
human,wp_0112,10,32.653526306152344
human,wp_0112,16,14.057195663452148
human,wp_0113,0,12.289968490600586
human,wp_0113,1,24.774574279785156
human,wp_0113,2,23.33498191833496
human,wp_0113,3,22.066879272460938
human,wp_0113,4,13.914755821228027
human,wp_0114,1,16.091930389404297
human,wp_0114,2,20.486974716186523
human,wp_0114,4,46.7391357421875
human,wp_0114,5,27.78113174438477
human,wp_0114,6,21.843299865722656
human,wp_0115,0,19.699922561645508
human,wp_0115,1,38.39371109008789
human,wp_0115,2,15.575793266296388
human,wp_0115,3,14.611117362976074
human,wp_0115,4,33.30848693847656
human,wp_0116,0,22.97036361694336
human,wp_0116,1,17.781919479370117
human,wp_0116,2,33.738136291503906
human,wp_0116,3,20.332908630371097
human,wp_0116,4,14.809941291809082
human,wp_0117,0,26.41474723815918
human,wp_0117,1,17.254018783569336
human,wp_0117,2,37.29963302612305
human,wp_0117,3,39.336788177490234
human,wp_0117,4,19.932004928588867
human,wp_0118,1,17.849451065063477
human,wp_0118,2,17.63534164428711
human,wp_0118,3,31.602819442749023
human,wp_0118,5,13.377817153930664
human,wp_0118,6,17.8299617767334
human,wp_0119,2,25.835384368896484
human,wp_0119,5,21.711782455444336
human,wp_0119,9,13.79863452911377
human,wp_0119,18,39.17244338989258
human,wp_0119,27,14.578551292419434
human,wp_0120,2,43.328670501708984
human,wp_0120,5,15.274027824401855
human,wp_0120,6,13.021458625793455
human,wp_0120,13,32.24434280395508
human,wp_0120,17,23.49654006958008
human,wp_0121,8,14.01441764831543
human,wp_0121,10,21.54547119140625
human,wp_0121,11,19.502286911010746
human,wp_0121,12,29.97348403930664
human,wp_0121,16,28.230159759521484
human,wp_0122,0,17.08529281616211
human,wp_0122,1,58.67939758300781
human,wp_0122,2,18.48180770874023
human,wp_0122,3,22.55773162841797
human,wp_0122,4,40.50239181518555
human,wp_0123,0,17.499387741088867
human,wp_0123,2,12.010038375854492
human,wp_0123,3,14.412821769714355
human,wp_0123,4,19.879913330078125
human,wp_0123,5,21.28202247619629
human,wp_0124,1,15.60796356201172
human,wp_0124,2,15.00408172607422
human,wp_0124,3,21.18192481994629
human,wp_0124,4,33.709617614746094
human,wp_0124,5,11.066837310791016
human,wp_0125,5,18.346426010131836
human,wp_0125,11,20.34199905395508
human,wp_0125,16,19.422210693359375
human,wp_0125,20,29.868797302246097
human,wp_0125,22,12.366766929626465
human,wp_0126,0,39.61614227294922
human,wp_0126,1,31.250770568847656
human,wp_0126,3,8.449666023254395
human,wp_0126,9,14.302815437316896
human,wp_0126,10,23.684728622436523
human,wp_0127,0,29.23558807373047
human,wp_0127,1,17.986949920654297
human,wp_0127,2,42.41654586791992
human,wp_0127,3,29.204753875732425
human,wp_0127,5,21.46274757385254
human,wp_0128,1,10.177618026733398
human,wp_0128,2,16.093399047851562
human,wp_0128,3,15.781771659851074
human,wp_0128,4,16.677156448364258
human,wp_0128,5,23.432613372802734
human,wp_0129,0,38.762882232666016
human,wp_0129,1,39.139442443847656
human,wp_0129,7,36.0578727722168
human,wp_0129,9,25.664466857910156
human,wp_0129,10,27.16305923461914
human,wp_0130,0,13.930957794189451
human,wp_0130,1,14.292227745056152
human,wp_0130,2,10.732556343078612
human,wp_0130,3,15.47933292388916
human,wp_0130,4,28.53732681274414
human,wp_0131,0,28.57563209533691
human,wp_0131,1,28.37400245666504
human,wp_0131,2,16.023561477661133
human,wp_0131,4,16.92687225341797
human,wp_0131,5,21.96962547302246
human,wp_0132,1,30.779544830322266
human,wp_0132,2,36.934906005859375
human,wp_0132,3,38.03590774536133
human,wp_0132,4,15.638641357421877
human,wp_0132,5,21.127050399780273
human,wp_0133,0,16.746389389038086
human,wp_0133,1,17.630456924438477
human,wp_0133,2,12.4751615524292
human,wp_0133,3,39.6603889465332
human,wp_0133,4,21.23116683959961
human,wp_0134,0,32.24508285522461
human,wp_0134,2,25.053770065307617
human,wp_0134,3,28.640031814575195
human,wp_0134,4,23.32722282409668
human,wp_0134,6,15.021549224853516
human,wp_0135,0,15.36223030090332
human,wp_0135,1,26.990327835083008
human,wp_0135,2,19.61599922180176
human,wp_0135,3,31.199974060058594
human,wp_0135,4,19.638315200805664
human,wp_0136,0,38.58758163452149
human,wp_0136,1,16.116565704345703
human,wp_0136,2,15.79395580291748
human,wp_0136,3,21.437969207763672
human,wp_0136,4,24.38092613220215
human,wp_0137,0,20.39554977416992
human,wp_0137,1,14.370892524719238
human,wp_0137,2,20.685596466064453
human,wp_0137,3,12.361398696899414
human,wp_0137,4,46.51519012451172
human,wp_0138,0,19.63807678222656
human,wp_0138,1,16.715057373046875
human,wp_0138,2,21.07208824157715
human,wp_0138,3,32.64181900024414
human,wp_0138,4,28.837068557739254
human,wp_0139,0,28.47881317138672
human,wp_0139,1,37.1466064453125
human,wp_0139,2,46.38686752319336
human,wp_0139,3,31.181108474731445
human,wp_0139,4,20.061187744140625
human,wp_0140,0,23.57851791381836
human,wp_0140,1,10.257282257080078
human,wp_0140,2,38.31919860839844
human,wp_0140,3,17.89324378967285
human,wp_0140,4,22.92168426513672
human,wp_0141,0,22.85879898071289
human,wp_0141,1,10.76635456085205
human,wp_0141,2,30.43325424194336
human,wp_0141,3,16.069459915161133
human,wp_0141,4,12.223729133605955
human,wp_0142,0,22.867477416992188
human,wp_0142,3,71.3603286743164
human,wp_0142,5,33.24065399169922
human,wp_0142,6,112.61653900146484
human,wp_0142,8,36.712215423583984
human,wp_0143,0,15.684435844421388
human,wp_0143,1,16.309490203857422
human,wp_0143,2,18.766437530517575
human,wp_0143,4,14.655844688415527
human,wp_0143,5,23.155832290649418
human,wp_0144,0,31.696380615234375
human,wp_0144,1,26.180843353271484
human,wp_0144,5,19.196577072143555
human,wp_0144,25,25.893632888793945
human,wp_0144,28,38.31705093383789
human,wp_0145,0,16.738466262817383
human,wp_0145,2,28.19654083251953
human,wp_0145,3,27.270193099975582
human,wp_0145,4,58.04703140258789
human,wp_0145,5,23.7745361328125
human,wp_0146,0,29.71236228942871
human,wp_0146,2,23.33052635192871
human,wp_0146,3,15.854422569274902
human,wp_0146,4,24.870182037353516
human,wp_0146,5,25.077865600585938
human,wp_0147,6,22.686140060424805
human,wp_0147,7,14.660608291625977
human,wp_0147,11,22.94171714782715
human,wp_0147,16,21.29489517211914
human,wp_0147,17,23.7994327545166
human,wp_0148,0,24.996366500854492
human,wp_0148,1,12.229262351989746
human,wp_0148,2,31.081560134887695
human,wp_0148,3,28.33914375305176
human,wp_0148,4,24.17782211303711
human,wp_0149,0,53.228050231933594
human,wp_0149,1,11.492112159729004
human,wp_0149,2,13.952374458312988
human,wp_0149,3,10.495386123657228
human,wp_0149,4,13.53802490234375
human,wp_0150,0,16.521278381347656
human,wp_0150,1,18.193239212036133
human,wp_0150,2,19.446592330932617
human,wp_0150,5,12.651318550109863
human,wp_0150,7,20.048229217529297
human,wp_0151,0,27.27547836303711
human,wp_0151,1,14.750813484191896
human,wp_0151,2,9.668583869934082
human,wp_0151,3,18.65049171447754
human,wp_0151,4,43.5724983215332
human,wp_0152,0,14.858851432800291
human,wp_0152,1,23.044944763183594
human,wp_0152,2,31.6627254486084
human,wp_0152,9,54.872039794921875
human,wp_0152,10,19.78861427307129
human,wp_0153,0,29.461639404296875
human,wp_0153,1,27.374013900756836
human,wp_0153,2,17.33407211303711
human,wp_0153,3,9.898207664489746
human,wp_0153,4,17.30729103088379
human,wp_0154,0,11.775089263916016
human,wp_0154,1,15.700295448303224
human,wp_0154,2,15.762079238891602
human,wp_0154,3,15.049495697021484
human,wp_0154,4,17.203123092651367
human,wp_0155,5,24.52762985229492
human,wp_0155,7,16.564781188964844
human,wp_0155,8,59.407737731933594
human,wp_0155,13,13.231730461120604
human,wp_0155,14,22.134519577026367
human,wp_0156,1,11.991738319396973
human,wp_0156,3,12.09333610534668
human,wp_0156,6,15.364534378051758
human,wp_0156,7,27.84833526611328
human,wp_0156,8,12.183623313903809
human,wp_0157,0,14.076841354370115
human,wp_0157,3,68.97885131835938
human,wp_0157,4,19.20269775390625
human,wp_0157,5,16.000537872314453
human,wp_0157,7,23.446701049804688
human,wp_0158,1,12.524758338928224
human,wp_0158,2,33.65729522705078
human,wp_0158,3,52.9090461730957
human,wp_0158,4,19.514602661132812
human,wp_0158,5,13.180512428283691
human,wp_0159,0,25.8900146484375
human,wp_0159,1,30.4604549407959
human,wp_0159,3,29.888671875
human,wp_0159,6,56.244773864746094
human,wp_0159,8,13.213720321655272
human,wp_0160,0,16.961198806762695
human,wp_0160,3,21.89113426208496
human,wp_0160,4,18.129497528076172
human,wp_0160,5,21.62137794494629
human,wp_0160,7,22.155845642089844
human,wp_0161,0,19.65448570251465
human,wp_0161,3,19.317495346069336
human,wp_0161,4,19.788373947143555
human,wp_0161,5,24.36335563659668
human,wp_0161,6,18.134231567382812
human,wp_0162,0,46.121437072753906
human,wp_0162,1,41.191070556640625
human,wp_0162,2,34.61751937866211
human,wp_0162,3,15.057976722717283
human,wp_0162,4,25.144685745239254
human,wp_0163,0,32.248172760009766
human,wp_0163,2,26.135866165161133
human,wp_0163,3,23.636417388916016
human,wp_0163,7,14.41175651550293
human,wp_0163,17,19.022340774536133
human,wp_0164,0,15.3451566696167
human,wp_0164,5,14.48924160003662
human,wp_0164,13,47.123069763183594
human,wp_0164,14,22.25254249572754
human,wp_0164,19,24.42218589782715
human,wp_0165,0,18.922534942626953
human,wp_0165,1,19.945701599121097
human,wp_0165,2,23.511749267578125
human,wp_0165,3,15.63154411315918
human,wp_0165,4,10.71652603149414
human,wp_0166,0,12.7210693359375
human,wp_0166,1,21.724754333496097
human,wp_0166,2,14.66774845123291
human,wp_0166,3,35.80419921875
human,wp_0166,4,26.16890525817871
human,wp_0167,0,22.386716842651367
human,wp_0167,1,30.236845016479492
human,wp_0167,3,27.305160522460938
human,wp_0167,4,33.31093978881836
human,wp_0167,5,38.645530700683594
human,wp_0168,1,25.633516311645508
human,wp_0168,2,23.384326934814453
human,wp_0168,5,43.578857421875
human,wp_0168,6,12.078035354614258
human,wp_0168,8,26.826400756835938
human,wp_0169,0,18.87624168395996
human,wp_0169,1,34.811500549316406
human,wp_0169,2,31.335973739624023
human,wp_0169,3,21.82467269897461
human,wp_0169,4,20.213632583618164
human,wp_0170,0,47.67771530151367
human,wp_0170,1,18.330352783203125
human,wp_0170,4,11.275679588317873
human,wp_0170,6,34.66054916381836
human,wp_0170,7,29.69798469543457
human,wp_0171,0,44.14093399047851
human,wp_0171,1,13.292720794677734
human,wp_0171,2,31.17525100708008
human,wp_0171,4,18.583982467651367
human,wp_0171,13,32.19269561767578
human,wp_0172,3,22.56142807006836
human,wp_0172,5,37.385555267333984
human,wp_0172,8,23.523427963256836
human,wp_0172,10,15.32052516937256
human,wp_0172,12,18.854297637939453
human,wp_0173,3,28.45512008666992
human,wp_0173,5,13.837865829467772
human,wp_0173,6,17.64839744567871
human,wp_0173,7,18.7242431640625
human,wp_0173,12,21.226428985595703
human,wp_0174,0,25.957866668701172
human,wp_0174,2,17.340518951416016
human,wp_0174,3,19.123144149780273
human,wp_0174,4,16.40131187438965
human,wp_0174,5,16.329193115234375
human,wp_0175,0,22.41515731811523
human,wp_0175,2,19.88198471069336
human,wp_0175,3,25.44581413269043
human,wp_0175,5,23.624326705932617
human,wp_0175,6,23.497140884399418
human,wp_0176,5,14.378335952758787
human,wp_0176,7,31.557418823242188
human,wp_0176,12,63.38348388671875
human,wp_0176,14,18.89616584777832
human,wp_0176,16,31.35769271850586
human,wp_0177,0,15.727558135986328
human,wp_0177,1,17.273944854736328
human,wp_0177,2,44.91327667236328
human,wp_0177,3,15.864423751831056
human,wp_0177,4,14.552391052246094
human,wp_0178,2,36.920413970947266
human,wp_0178,4,15.271056175231934
human,wp_0178,6,19.748523712158203
human,wp_0178,8,28.249759674072266
human,wp_0178,9,16.44219970703125
human,wp_0179,2,34.31255340576172
human,wp_0179,5,33.89761734008789
human,wp_0179,6,36.91803741455078
human,wp_0179,11,44.202754974365234
human,wp_0179,12,20.305397033691406
human,wp_0180,0,14.55062198638916
human,wp_0180,1,32.997806549072266
human,wp_0180,2,27.091856002807617
human,wp_0180,3,22.530733108520508
human,wp_0180,4,23.48126983642578
human,wp_0181,0,35.99990463256836
human,wp_0181,1,19.851633071899418
human,wp_0181,2,17.212766647338867
human,wp_0181,3,40.11932373046875
human,wp_0181,4,20.469181060791016
human,wp_0182,0,27.93492317199707
human,wp_0182,1,35.153594970703125
human,wp_0182,2,27.49524307250977
human,wp_0182,4,16.764942169189453
human,wp_0182,6,15.985045433044434
human,wp_0183,1,24.963037490844727
human,wp_0183,2,18.85603141784668
human,wp_0183,3,14.618128776550291
human,wp_0183,4,11.63029670715332
human,wp_0183,6,20.62822532653809
human,wp_0184,0,16.813894271850586
human,wp_0184,2,11.192178726196287
human,wp_0184,3,16.228166580200195
human,wp_0184,4,13.643202781677246
human,wp_0184,5,25.703210830688477
human,wp_0185,0,16.983997344970703
human,wp_0185,2,14.118624687194824
human,wp_0185,3,15.40579605102539
human,wp_0185,6,37.48128509521485
human,wp_0185,7,23.8239688873291
human,wp_0186,0,26.89141273498535
human,wp_0186,1,46.01201248168945
human,wp_0186,2,14.75412654876709
human,wp_0186,4,21.183042526245117
human,wp_0186,5,63.892181396484375
human,wp_0187,1,23.587059020996097
human,wp_0187,6,22.97594451904297
human,wp_0187,8,36.94329833984375
human,wp_0187,11,19.797805786132812
human,wp_0187,12,35.055355072021484
human,wp_0188,0,18.57278633117676
human,wp_0188,2,25.213319778442383
human,wp_0188,3,31.75132942199707
human,wp_0188,5,38.42142105102539
human,wp_0188,6,19.922361373901367
human,wp_0189,0,27.240631103515625
human,wp_0189,1,11.16209602355957
human,wp_0189,2,20.387592315673828
human,wp_0189,4,13.84575653076172
human,wp_0189,5,16.162887573242188
human,wp_0190,0,30.91631317138672
human,wp_0190,2,21.555423736572266
human,wp_0190,3,33.56591796875
human,wp_0190,4,28.221527099609375
human,wp_0190,5,35.366451263427734
human,wp_0191,1,15.264945030212402
human,wp_0191,3,32.13692855834961
human,wp_0191,4,18.671478271484375
human,wp_0191,5,17.78766441345215
human,wp_0191,7,29.04162979125977
human,wp_0192,0,15.824369430541992
human,wp_0192,1,20.740074157714844
human,wp_0192,2,55.65353012084961
human,wp_0192,3,12.263855934143066
human,wp_0192,4,19.32831764221191
human,wp_0193,5,24.875619888305664
human,wp_0193,6,11.886874198913574
human,wp_0193,7,17.67325782775879
human,wp_0193,11,25.43981552124023
human,wp_0193,12,17.819520950317383
human,wp_0194,2,10.737229347229004
human,wp_0194,5,30.010982513427734
human,wp_0194,6,15.88098430633545
human,wp_0194,9,22.605104446411133
human,wp_0194,11,9.52156925201416
human,wp_0195,2,21.340967178344727
human,wp_0195,3,19.462060928344727
human,wp_0195,4,31.32341766357422
human,wp_0195,5,21.85173797607422
human,wp_0195,6,17.02361297607422
human,wp_0196,1,23.06579971313477
human,wp_0196,2,22.203628540039062
human,wp_0196,3,21.53337287902832
human,wp_0196,4,19.034055709838867
human,wp_0196,5,27.77199935913086
human,wp_0197,0,64.9726791381836
human,wp_0197,1,22.75623321533203
human,wp_0197,3,25.04549789428711
human,wp_0197,5,20.55320167541504
human,wp_0197,6,19.78574562072754
human,wp_0198,0,23.860515594482425
human,wp_0198,1,15.887592315673828
human,wp_0198,2,14.61534023284912
human,wp_0198,3,26.90367889404297
human,wp_0198,4,22.27773666381836
human,wp_0199,0,23.814542770385746
human,wp_0199,2,29.9560604095459
human,wp_0199,3,14.652969360351562
human,wp_0199,4,19.52290916442871
human,wp_0199,5,17.841320037841797
