metric,source,prompt_id,delta
D_disc,gemma,wp_0000,-0.0019039505186934965
D_disc,gemma,wp_0001,-0.011606189116236478
D_disc,gemma,wp_0002,-0.011204876620320206
D_disc,gemma,wp_0003,0.007641936931099297
D_disc,gemma,wp_0004,0.003948695403142094
D_disc,gemma,wp_0005,0.001726991235757072
D_disc,gemma,wp_0006,-0.0613798026651375
D_disc,gemma,wp_0007,-0.01624903435462263
D_disc,gemma,wp_0008,-0.0191781091805321
D_disc,gemma,wp_0009,-0.03766412297968538
D_disc,gemma,wp_0010,-0.0018289194900563196
D_disc,gemma,wp_0011,-0.017078332099665212
D_disc,gemma,wp_0012,-0.026619007743261196
D_disc,gemma,wp_0013,-0.0020365271297327694
D_disc,gemma,wp_0014,-0.12799049712766636
D_disc,gemma,wp_0015,-0.002256935722745723
D_disc,gemma,wp_0016,-0.0029062615235279014
D_disc,gemma,wp_0017,-0.012461512770369308
D_disc,gemma,wp_0018,-0.0009560914602974334
D_disc,gemma,wp_0019,-0.006761364793115766
D_disc,gemma,wp_0020,-0.006079795035629483
D_disc,gemma,wp_0021,0.0006788267347148881
D_disc,gemma,wp_0022,-0.0025743133647454625
D_disc,gemma,wp_0023,-0.0023302899250850296
D_disc,gemma,wp_0024,-0.0016440694865958176
D_disc,gemma,wp_0025,-0.0065409463524298715
D_disc,gemma,wp_0026,-0.008910792724433722
D_disc,gemma,wp_0027,-0.019145750818277137
D_disc,gemma,wp_0028,-0.014901535506922647
D_disc,gemma,wp_0029,-0.00044528546806882254
D_disc,gemma,wp_0030,-0.04417925299333853
D_disc,gemma,wp_0031,0.0032242041858223645
D_disc,gemma,wp_0032,-0.003310850569863437
D_disc,gemma,wp_0033,-0.01844842650656079
D_disc,gemma,wp_0034,-0.002412499415240716
D_disc,gemma,wp_0035,-0.023096172976065473
D_disc,gemma,wp_0036,-0.011311763182925023
D_disc,gemma,wp_0037,-0.018053616597894305
D_disc,gemma,wp_0038,-0.01950826362418804
D_disc,gemma,wp_0039,-0.04876899129612675
D_disc,gemma,wp_0040,0.006768949693494249
D_disc,gemma,wp_0041,-0.01832519999703927
D_disc,gemma,wp_0042,-0.010995029234402941
D_disc,gemma,wp_0043,-0.024823086204565848
D_disc,gemma,wp_0044,0.0065409955905314215
D_disc,gemma,wp_0045,-0.0024891206881791153
D_disc,gemma,wp_0046,-0.03573927776601567
D_disc,gemma,wp_0047,-0.010392498813582418
D_disc,gemma,wp_0048,-0.0004246806757028777
D_disc,gemma,wp_0049,0.0017077866681594104
D_disc,gemma,wp_0050,-0.02079202000164026
D_disc,gemma,wp_0051,-0.019530465072609932
D_disc,gemma,wp_0052,-0.004176643946506368
D_disc,gemma,wp_0053,-0.00644381987068951
D_disc,gemma,wp_0054,-0.009293932463189016
D_disc,gemma,wp_0055,-0.013626992921727818
D_disc,gemma,wp_0056,-0.00023009037053279714
D_disc,gemma,wp_0057,-0.022519472879720892
D_disc,gemma,wp_0058,-0.017440170009702282
D_disc,gemma,wp_0059,0.003973352981352858
D_disc,gemma,wp_0060,-0.023196677974062663
D_disc,gemma,wp_0061,0.008988267878485631
D_disc,gemma,wp_0062,0.0003237424300381146
D_disc,gemma,wp_0063,-0.007169508294074675
D_disc,gemma,wp_0064,-0.00431110184593252
D_disc,gemma,wp_0065,0.004316545203205756
D_disc,gemma,wp_0066,-0.012921216493454745
D_disc,gemma,wp_0067,-0.020486075549698935
D_disc,gemma,wp_0068,-0.01843605583073245
D_disc,gemma,wp_0069,-0.014661391694819687
D_disc,gemma,wp_0070,-0.0046970663963498095
D_disc,gemma,wp_0071,-0.001014470339491946
D_disc,gemma,wp_0072,-0.004323612949500057
D_disc,gemma,wp_0073,-0.002199028778826389
D_disc,gemma,wp_0074,-0.002725585345266513
D_disc,gemma,wp_0075,-0.005904180683885894
D_disc,gemma,wp_0076,-0.006105430465016859
D_disc,gemma,wp_0077,-0.005675133162479558
D_disc,gemma,wp_0078,-0.00831527160420652
D_disc,gemma,wp_0079,-0.04000054428590422
D_disc,gemma,wp_0080,-0.009955186239115277
D_disc,gemma,wp_0081,-0.004925875866767062
D_disc,gemma,wp_0082,-0.02015605839451978
D_disc,gemma,wp_0083,-0.0027635288474104824
D_disc,gemma,wp_0084,-0.013593903758449318
D_disc,gemma,wp_0085,-0.04369452341326924
D_disc,gemma,wp_0086,-0.012721500684705542
D_disc,gemma,wp_0087,-0.012824880485072515
D_disc,gemma,wp_0088,-0.011461156991968991
D_disc,gemma,wp_0089,-0.014370327942098794
D_disc,gemma,wp_0090,-0.01196320843456164
D_disc,gemma,wp_0091,-0.042165575163080504
D_disc,gemma,wp_0092,-0.013475374044709516
D_disc,gemma,wp_0093,-0.02003616035560016
D_disc,gemma,wp_0094,-0.0029311998900581914
D_disc,gemma,wp_0095,-0.027950145846375278
D_disc,gemma,wp_0096,-0.02465943471192851
D_disc,gemma,wp_0097,-0.013576882137355176
D_disc,gemma,wp_0098,-0.003372943470306414
D_disc,gemma,wp_0099,-0.011267590613248927
D_disc,gemma,wp_0100,-0.0023366099187001168
D_disc,gemma,wp_0101,-0.0320648772493318
D_disc,gemma,wp_0102,-0.007301047989211139
D_disc,gemma,wp_0103,-0.0003100867821687102
D_disc,gemma,wp_0104,-0.013835901284137586
D_disc,gemma,wp_0105,-0.012421122108416678
D_disc,gemma,wp_0106,-0.031519366076749517
D_disc,gemma,wp_0107,-0.0044450333540384315
D_disc,gemma,wp_0108,-0.00012973936658812693
D_disc,gemma,wp_0109,-0.00044688398995056057
D_disc,gemma,wp_0110,-0.045509509474602215
D_disc,gemma,wp_0112,0.0016770208372243148
D_disc,gemma,wp_0113,-0.010676461425588474
D_disc,gemma,wp_0114,-0.016774100245403257
D_disc,gemma,wp_0115,-0.007610867302718603
D_disc,gemma,wp_0116,-0.00047929504055742225
D_disc,gemma,wp_0117,-0.03761830028491174
D_disc,gemma,wp_0118,-0.009301094465207053
D_disc,gemma,wp_0119,-0.0070987633406030745
D_disc,gemma,wp_0120,-0.07014472700202654
D_disc,gemma,wp_0121,-0.014343947614704653
D_disc,gemma,wp_0122,0.004884687518676588
D_disc,gemma,wp_0123,-0.0002853925975811442
D_disc,gemma,wp_0124,0.027398740710125748
D_disc,gemma,wp_0125,-0.008683150400335913
D_disc,gemma,wp_0126,-0.00643627007250018
D_disc,gemma,wp_0127,-0.014275626386742565
D_disc,gemma,wp_0128,-0.006793184068958768
D_disc,gemma,wp_0129,-0.024162469446490902
D_disc,gemma,wp_0130,0.0014585713206983425
D_disc,gemma,wp_0131,-0.024122995504606483
D_disc,gemma,wp_0132,-0.023150128601633922
D_disc,gemma,wp_0133,-0.017046572066601474
D_disc,gemma,wp_0134,-0.01542413364017271
D_disc,gemma,wp_0135,-0.004125383979549655
D_disc,gemma,wp_0136,-0.023503505138746456
D_disc,gemma,wp_0137,-0.0425073614648424
D_disc,gemma,wp_0138,-0.005314348895784041
D_disc,gemma,wp_0139,-0.02472169287594749
D_disc,gemma,wp_0140,-0.004506940682138609
D_disc,gemma,wp_0141,-0.011007732102940275
D_disc,gemma,wp_0142,-0.10865061989058926
D_disc,gemma,wp_0143,-0.13164294450420083
D_disc,gemma,wp_0144,-0.001627004954831678
D_disc,gemma,wp_0145,-0.03250046519825951
D_disc,gemma,wp_0146,-0.010696417962790342
D_disc,gemma,wp_0147,-0.02554653276839967
D_disc,gemma,wp_0148,-0.1199501304261251
D_disc,gemma,wp_0149,-0.01015464573537154
D_disc,gemma,wp_0150,-0.00024835232045590484
D_disc,gemma,wp_0151,-0.025508203800132672
D_disc,gemma,wp_0152,-0.05401262939554215
D_disc,gemma,wp_0153,-0.017591498724055025
D_disc,gemma,wp_0154,0.02066122005735286
D_disc,gemma,wp_0155,-0.006182895813164814
D_disc,gemma,wp_0156,-0.03673996266127813
D_disc,gemma,wp_0157,-0.047229882112872136
D_disc,gemma,wp_0158,-0.0040302830361827035
D_disc,gemma,wp_0159,-0.00030865252265739574
D_disc,gemma,wp_0160,-0.031088270652415474
D_disc,gemma,wp_0161,-0.003639770665976423
D_disc,gemma,wp_0162,-0.017863121055827574
D_disc,gemma,wp_0163,0.008566561052217519
D_disc,gemma,wp_0164,8.336670120845831e-05
D_disc,gemma,wp_0165,-0.02212357151721024
D_disc,gemma,wp_0166,-0.014032446272861616
D_disc,gemma,wp_0167,-0.001221834340378122
D_disc,gemma,wp_0168,-0.013135058609380437
D_disc,gemma,wp_0169,-0.012185715233506384
D_disc,gemma,wp_0170,-0.05548626280528994
D_disc,gemma,wp_0171,-0.005370037372064174
D_disc,gemma,wp_0172,0.004553366168901342
D_disc,gemma,wp_0173,0.008909330516042386
D_disc,gemma,wp_0174,-0.009748781595209099
D_disc,gemma,wp_0175,-0.022657386018087103
D_disc,gemma,wp_0176,-0.057627742727100785
D_disc,gemma,wp_0177,-0.014981342978210438
D_disc,gemma,wp_0178,-0.007737511544631699
D_disc,gemma,wp_0179,-0.007026427350630214
D_disc,gemma,wp_0180,-0.02901729291564516
D_disc,gemma,wp_0181,0.002338974948826739
D_disc,gemma,wp_0182,-0.0013590193809396183
D_disc,gemma,wp_0183,0.0027376054515612087
D_disc,gemma,wp_0184,-0.003084874553558632
D_disc,gemma,wp_0185,-0.009329035825015344
D_disc,gemma,wp_0186,-0.09607303182335222
D_disc,gemma,wp_0187,-0.004654499118358625
D_disc,gemma,wp_0188,0.001908251128443347
D_disc,gemma,wp_0189,-0.005634185951808943
D_disc,gemma,wp_0190,-0.008710193341241328
D_disc,gemma,wp_0191,-0.020669549922767733
D_disc,gemma,wp_0192,-0.014423136903654182
D_disc,gemma,wp_0193,-0.001501889621512212
D_disc,gemma,wp_0194,0.11087834128165959
D_disc,gemma,wp_0195,-0.0055353035610689865
D_disc,gemma,wp_0196,-0.0002413372175755997
D_disc,gemma,wp_0197,-0.0025894963859550545
D_disc,gemma,wp_0198,-0.01486306291408423
D_disc,gemma,wp_0199,-0.04475047789489271
D_disc,llama,wp_0000,-0.005374928136051233
D_disc,llama,wp_0001,-0.01068490751651539
D_disc,llama,wp_0002,-0.014565546985797082
D_disc,llama,wp_0003,0.006551332922168357
D_disc,llama,wp_0004,0.013699381145493083
D_disc,llama,wp_0005,0.003968682817651563
D_disc,llama,wp_0006,-0.06909891024087797
D_disc,llama,wp_0007,-0.018635477220734477
D_disc,llama,wp_0008,-0.02234432375911822
D_disc,llama,wp_0009,-0.035443395586194616
D_disc,llama,wp_0010,-0.001227368208386499
D_disc,llama,wp_0011,-0.01962174531012343
D_disc,llama,wp_0012,-0.02533080111503082
D_disc,llama,wp_0013,0.0064295658301234525
D_disc,llama,wp_0014,-0.12624883563044118
D_disc,llama,wp_0015,-0.006975474375569023
D_disc,llama,wp_0016,-0.002729194497733805
D_disc,llama,wp_0017,-0.0007457714718958498
D_disc,llama,wp_0018,0.014157384578024384
D_disc,llama,wp_0019,-0.00905343705057814
D_disc,llama,wp_0020,-0.0051821558636391705
D_disc,llama,wp_0021,-0.0002687352714806978
D_disc,llama,wp_0022,0.0030908488418147756
D_disc,llama,wp_0023,0.011675754886677592
D_disc,llama,wp_0024,0.0022563263163419413
D_disc,llama,wp_0025,-0.003594087295218383
D_disc,llama,wp_0026,-0.011735506159369729
D_disc,llama,wp_0027,-0.033440466055709044
D_disc,llama,wp_0028,-0.00806984544745122
D_disc,llama,wp_0029,-0.008124031255995067
D_disc,llama,wp_0030,-0.04627779436430752
D_disc,llama,wp_0031,0.009639766676053738
D_disc,llama,wp_0032,-0.004343833718817104
D_disc,llama,wp_0033,-0.01239778910328541
D_disc,llama,wp_0034,-0.0030594548161412016
D_disc,llama,wp_0035,-0.030054120952293335
D_disc,llama,wp_0036,-0.008545206002736356
D_disc,llama,wp_0037,-0.009463110741284397
D_disc,llama,wp_0038,-0.02102060753747056
D_disc,llama,wp_0039,-0.04747109460879738
D_disc,llama,wp_0040,0.02898429853050947
D_disc,llama,wp_0041,-0.014491011765903433
D_disc,llama,wp_0042,-0.01184913206818115
D_disc,llama,wp_0043,-0.027946680226299682
D_disc,llama,wp_0044,0.0023537866672056953
D_disc,llama,wp_0045,0.0011622691381590032
D_disc,llama,wp_0046,-0.03679162272838389
D_disc,llama,wp_0047,-0.013723011166203853
D_disc,llama,wp_0048,0.00010629126721197722
D_disc,llama,wp_0049,0.0016734552445310737
D_disc,llama,wp_0050,-0.018122600732806297
D_disc,llama,wp_0051,-0.021088608113511865
D_disc,llama,wp_0052,-0.0047241385493181935
D_disc,llama,wp_0053,-0.007465936192731701
D_disc,llama,wp_0054,-0.012222547026134975
D_disc,llama,wp_0055,-0.015154703131498512
D_disc,llama,wp_0056,0.002626813696142516
D_disc,llama,wp_0057,-0.026835233152576465
D_disc,llama,wp_0058,-0.02635142476487181
D_disc,llama,wp_0059,-0.0032477953215409292
D_disc,llama,wp_0060,-0.007867771609550756
D_disc,llama,wp_0061,0.012151337024226504
D_disc,llama,wp_0062,-0.0012753641170201641
D_disc,llama,wp_0063,-0.008171474284394686
D_disc,llama,wp_0064,0.002564151418392469
D_disc,llama,wp_0065,-0.001591524612152269
D_disc,llama,wp_0066,-0.017938366950468715
D_disc,llama,wp_0067,-0.022960036156531426
D_disc,llama,wp_0068,-0.017804028020141194
D_disc,llama,wp_0069,-0.018583462654244386
D_disc,llama,wp_0070,-0.004655694882138886
D_disc,llama,wp_0071,-0.0005538264213861987
D_disc,llama,wp_0072,-0.0010291285142757674
D_disc,llama,wp_0073,0.00039188341598441357
D_disc,llama,wp_0074,0.001506370095562289
D_disc,llama,wp_0075,-0.0055099583284772356
D_disc,llama,wp_0076,-0.0031679972023078776
D_disc,llama,wp_0077,-0.003098505781204827
D_disc,llama,wp_0078,-0.007573381362510331
D_disc,llama,wp_0079,-0.045273873288916286
D_disc,llama,wp_0080,-0.0096793206670578
D_disc,llama,wp_0081,-0.004176526931859641
D_disc,llama,wp_0082,-0.017887199185264605
D_disc,llama,wp_0083,0.0006519090753376939
D_disc,llama,wp_0084,-0.02025449945001336
D_disc,llama,wp_0085,-0.045097429801842046
D_disc,llama,wp_0086,-0.013157654796915594
D_disc,llama,wp_0087,-0.014831026756352478
D_disc,llama,wp_0088,-0.012248052359559145
D_disc,llama,wp_0089,-0.020127896325425387
D_disc,llama,wp_0090,-0.01047600444370338
D_disc,llama,wp_0091,-0.04215810056640197
D_disc,llama,wp_0092,-0.015608092610723068
D_disc,llama,wp_0093,-0.020351625210983416
D_disc,llama,wp_0094,0.002154486761288469
D_disc,llama,wp_0095,-0.03182489484320218
D_disc,llama,wp_0096,-0.021183168125958194
D_disc,llama,wp_0097,-0.014273808481397953
D_disc,llama,wp_0098,-0.0026219133314526384
D_disc,llama,wp_0099,-0.0028242325176272886
D_disc,llama,wp_0100,0.0031358134056789985
D_disc,llama,wp_0101,-0.02850365910016517
D_disc,llama,wp_0102,-0.0008967745603849694
D_disc,llama,wp_0103,-0.0008122977873295728
D_disc,llama,wp_0104,-0.013165706236062133
D_disc,llama,wp_0105,-0.010054785184519499
D_disc,llama,wp_0106,-0.030328693903508307
D_disc,llama,wp_0107,-0.004204513113143861
D_disc,llama,wp_0108,0.0010895200571141319
D_disc,llama,wp_0109,-0.0019839113479350775
D_disc,llama,wp_0110,-0.053765456227376864
D_disc,llama,wp_0112,0.002574322257215764
D_disc,llama,wp_0113,-0.00602538902370667
D_disc,llama,wp_0114,-0.019676255485331494
D_disc,llama,wp_0115,-0.004430029811707046
D_disc,llama,wp_0116,-0.003206826101572991
D_disc,llama,wp_0117,-0.0376798416072446
D_disc,llama,wp_0118,-0.013322717458055761
D_disc,llama,wp_0119,-0.008240554347183618
D_disc,llama,wp_0120,-0.06491484688155144
D_disc,llama,wp_0121,-0.01987314752203779
D_disc,llama,wp_0122,0.007322344034857155
D_disc,llama,wp_0123,0.005732636630424728
D_disc,llama,wp_0124,0.027360130431208322
D_disc,llama,wp_0125,-0.006573186018012311
D_disc,llama,wp_0126,-0.0037943149666908177
D_disc,llama,wp_0127,-0.012370107756538485
D_disc,llama,wp_0128,-0.01679830029640654
D_disc,llama,wp_0129,-0.03126348133039004
D_disc,llama,wp_0130,-0.002559840341504082
D_disc,llama,wp_0131,-0.03119926430870536
D_disc,llama,wp_0132,-0.019405954936636077
D_disc,llama,wp_0133,-0.019686220617859858
D_disc,llama,wp_0134,-0.016169275821867248
D_disc,llama,wp_0135,-0.005042316605449488
D_disc,llama,wp_0136,-0.021784962662171545
D_disc,llama,wp_0137,-0.04564475815622086
D_disc,llama,wp_0138,-0.006720645141833137
D_disc,llama,wp_0139,-0.02476804494738996
D_disc,llama,wp_0140,-0.003618578030119138
D_disc,llama,wp_0141,-0.008970832293476658
D_disc,llama,wp_0142,-0.11920463161875261
D_disc,llama,wp_0143,-0.1318667495600571
D_disc,llama,wp_0144,0.006834296025921456
D_disc,llama,wp_0145,-0.02479864355076718
D_disc,llama,wp_0146,-0.014741761467015122
D_disc,llama,wp_0147,-0.022162322963182594
D_disc,llama,wp_0148,-0.1211270744581953
D_disc,llama,wp_0149,-0.011761624766459453
D_disc,llama,wp_0150,-0.002709757252126104
D_disc,llama,wp_0151,-0.025960784733589863
D_disc,llama,wp_0152,-0.04996055471919801
D_disc,llama,wp_0153,-0.023795503535406583
D_disc,llama,wp_0154,0.008400970556687929
D_disc,llama,wp_0155,-0.006195197600158143
D_disc,llama,wp_0156,-0.03984420913633856
D_disc,llama,wp_0157,-0.04845062399754718
D_disc,llama,wp_0158,0.0008896944501532505
D_disc,llama,wp_0159,-0.00218198329087107
D_disc,llama,wp_0160,-0.03299655014314954
D_disc,llama,wp_0161,-0.003582591771653833
D_disc,llama,wp_0162,-0.0326676888374459
D_disc,llama,wp_0163,0.0172587629077979
D_disc,llama,wp_0164,-0.0006886112575638587
D_disc,llama,wp_0165,-0.021974087988879232
D_disc,llama,wp_0166,-0.015296931478858522
D_disc,llama,wp_0167,0.006274475224033698
D_disc,llama,wp_0168,-0.011501536191531212
D_disc,llama,wp_0169,-0.010341315626796275
D_disc,llama,wp_0170,-0.05428525868099178
D_disc,llama,wp_0171,-0.002455483641351653
D_disc,llama,wp_0172,-0.002941685806738473
D_disc,llama,wp_0173,-0.006013259902443953
D_disc,llama,wp_0174,-0.011634410758204126
D_disc,llama,wp_0175,-0.02501843541661831
D_disc,llama,wp_0176,-0.05436434340301157
D_disc,llama,wp_0177,-0.00929478153309397
D_disc,llama,wp_0178,-0.015691220296988655
D_disc,llama,wp_0179,-0.005599080276649237
D_disc,llama,wp_0180,-0.0191923011029988
D_disc,llama,wp_0181,0.0006691178628143313
D_disc,llama,wp_0182,-0.008497051854075332
D_disc,llama,wp_0183,-0.00948476206659464
D_disc,llama,wp_0184,0.00022538920494173404
D_disc,llama,wp_0185,-0.005872313782758215
D_disc,llama,wp_0186,-0.09881665526317077
D_disc,llama,wp_0187,-0.0014193583098689086
D_disc,llama,wp_0188,-0.008887532014996802
D_disc,llama,wp_0189,-0.013530128157079411
D_disc,llama,wp_0190,-0.013438778918997937
D_disc,llama,wp_0191,-0.01665520525123316
D_disc,llama,wp_0192,-0.01780475092166027
D_disc,llama,wp_0193,-0.0014900584675569969
D_disc,llama,wp_0194,0.26604402344411904
D_disc,llama,wp_0195,-0.004484224527841236
D_disc,llama,wp_0196,0.00661197157808209
D_disc,llama,wp_0197,-0.013361150175190673
D_disc,llama,wp_0198,-0.02987010357654008
D_disc,llama,wp_0199,-0.05134547381034438
D_disc,mistral,wp_0000,-0.0043341436126633
D_disc,mistral,wp_0001,-0.004007765534725956
D_disc,mistral,wp_0002,-0.015355476194769124
D_disc,mistral,wp_0003,0.006415758764307647
D_disc,mistral,wp_0004,0.020265400932447365
D_disc,mistral,wp_0005,0.010971118840278269
D_disc,mistral,wp_0006,-0.06849686784317215
D_disc,mistral,wp_0007,-0.020432321419140358
D_disc,mistral,wp_0008,-0.024279553326314922
D_disc,mistral,wp_0009,-0.0354993321685325
D_disc,mistral,wp_0010,0.006014640115344324
D_disc,mistral,wp_0011,-0.010569056306139649
D_disc,mistral,wp_0012,-0.028261246272644574
D_disc,mistral,wp_0013,0.005486464131199326
D_disc,mistral,wp_0014,-0.13866573919709602
D_disc,mistral,wp_0015,-0.007874233902822932
D_disc,mistral,wp_0016,-0.0020631467719839126
D_disc,mistral,wp_0017,-0.017777665498607514
D_disc,mistral,wp_0018,0.008989592195972798
D_disc,mistral,wp_0019,-0.009860446291560226
D_disc,mistral,wp_0020,0.006670544930379979
D_disc,mistral,wp_0021,-0.0013737285732779991
D_disc,mistral,wp_0022,0.005033479567004102
D_disc,mistral,wp_0023,0.012544341982712214
D_disc,mistral,wp_0024,0.0006264582864852425
D_disc,mistral,wp_0025,-0.0048771914481806344
D_disc,mistral,wp_0026,-0.012240673816313071
D_disc,mistral,wp_0027,-0.0479979488843985
D_disc,mistral,wp_0028,-0.004413181894131017
D_disc,mistral,wp_0029,-0.007327867612082947
D_disc,mistral,wp_0030,-0.04809911861463313
D_disc,mistral,wp_0031,0.013171022487891587
D_disc,mistral,wp_0032,-0.004367577200834235
D_disc,mistral,wp_0033,-0.012865441167655986
D_disc,mistral,wp_0034,-0.005354621402123294
D_disc,mistral,wp_0035,-0.02834706501168063
D_disc,mistral,wp_0036,-0.009464426646906485
D_disc,mistral,wp_0037,-0.02212232415088315
D_disc,mistral,wp_0038,-0.021663630667075013
D_disc,mistral,wp_0039,-0.050077130531572124
D_disc,mistral,wp_0040,0.019616001295691545
D_disc,mistral,wp_0041,-0.016045425053636424
D_disc,mistral,wp_0042,-0.01255356741737094
D_disc,mistral,wp_0043,-0.02679850774193674
D_disc,mistral,wp_0044,0.01382969826319547
D_disc,mistral,wp_0045,0.005917803236279482
D_disc,mistral,wp_0046,-0.03823700592132074
D_disc,mistral,wp_0047,-0.010239098954521752
D_disc,mistral,wp_0048,-0.0038088760876319903
D_disc,mistral,wp_0049,0.001222219199367054
D_disc,mistral,wp_0050,-0.01114177992670722
D_disc,mistral,wp_0051,-0.018938131933026816
D_disc,mistral,wp_0052,0.002344442435176707
D_disc,mistral,wp_0053,-0.003989438843113651
D_disc,mistral,wp_0054,0.0008114606982084948
D_disc,mistral,wp_0055,-0.01890139056443383
D_disc,mistral,wp_0056,0.002377971421123188
D_disc,mistral,wp_0057,-0.024453406513018586
D_disc,mistral,wp_0058,-0.029749712221903403
D_disc,mistral,wp_0059,-0.003973285084562307
D_disc,mistral,wp_0060,-0.02154218861322558
D_disc,mistral,wp_0061,0.020142470249857734
D_disc,mistral,wp_0062,-0.0019163182460048573
D_disc,mistral,wp_0063,0.011364257750138987
D_disc,mistral,wp_0064,0.0017697985374195125
D_disc,mistral,wp_0065,0.007636468414707195
D_disc,mistral,wp_0066,-0.019152107068550785
D_disc,mistral,wp_0067,-0.023009264316710333
D_disc,mistral,wp_0068,-0.013900147106680116
D_disc,mistral,wp_0069,-0.020003170520981228
D_disc,mistral,wp_0070,0.006192708903848034
D_disc,mistral,wp_0071,0.0033171999425502265
D_disc,mistral,wp_0072,-0.004956060589795898
D_disc,mistral,wp_0073,-0.00347302304039738
D_disc,mistral,wp_0074,0.005676263422849034
D_disc,mistral,wp_0075,-0.00023428874048362028
D_disc,mistral,wp_0076,-0.007779372740083177
D_disc,mistral,wp_0077,0.00624867298494978
D_disc,mistral,wp_0078,-0.008347134591542828
D_disc,mistral,wp_0079,-0.05597665505358086
D_disc,mistral,wp_0080,-0.005343737982778471
D_disc,mistral,wp_0081,-0.0041335827578919525
D_disc,mistral,wp_0082,-0.01755972231411122
D_disc,mistral,wp_0083,0.0005384569956525467
D_disc,mistral,wp_0084,-0.019182810597952394
D_disc,mistral,wp_0085,-0.048118450362532886
D_disc,mistral,wp_0086,-0.014170789802897418
D_disc,mistral,wp_0087,-0.014307574178505169
D_disc,mistral,wp_0088,-0.011581283548900239
D_disc,mistral,wp_0089,-0.016632715028616945
D_disc,mistral,wp_0090,-0.009819342870773228
D_disc,mistral,wp_0091,-0.039732444286767525
D_disc,mistral,wp_0092,-0.01421890892062969
D_disc,mistral,wp_0093,-0.018367228234441646
D_disc,mistral,wp_0094,0.0011916901507733444
D_disc,mistral,wp_0095,-0.0345119198288942
D_disc,mistral,wp_0096,-0.022318847804395962
D_disc,mistral,wp_0097,-0.008752077488124153
D_disc,mistral,wp_0098,-0.015882672442002813
D_disc,mistral,wp_0099,-0.006442617709442424
D_disc,mistral,wp_0100,-0.00019021489140928113
D_disc,mistral,wp_0101,-0.023829578418513197
D_disc,mistral,wp_0102,0.007768121910190598
D_disc,mistral,wp_0103,0.013213810073592177
D_disc,mistral,wp_0104,-0.015904774178226423
D_disc,mistral,wp_0105,-0.008631632331765898
D_disc,mistral,wp_0106,-0.025347321837813443
D_disc,mistral,wp_0107,-0.004255242777979268
D_disc,mistral,wp_0108,0.01371996639012619
D_disc,mistral,wp_0109,-0.0037971968907643135
D_disc,mistral,wp_0110,-0.04986946518982717
D_disc,mistral,wp_0112,0.014060519472053081
D_disc,mistral,wp_0113,-0.006808428023001861
D_disc,mistral,wp_0114,-0.021269273711800322
D_disc,mistral,wp_0115,-0.008117134027587972
D_disc,mistral,wp_0116,0.005138581967055243
D_disc,mistral,wp_0117,-0.04036368350191066
D_disc,mistral,wp_0118,-0.011543779516445201
D_disc,mistral,wp_0119,-0.00396880386193782
D_disc,mistral,wp_0120,-0.06100536755963282
D_disc,mistral,wp_0121,-0.024761846727709393
D_disc,mistral,wp_0122,0.019195092124091172
D_disc,mistral,wp_0123,0.006671516800537706
D_disc,mistral,wp_0124,0.053878789714044674
D_disc,mistral,wp_0125,-0.011484831230209434
D_disc,mistral,wp_0126,-0.006918919593255581
D_disc,mistral,wp_0127,-0.011885395955352518
D_disc,mistral,wp_0128,-0.015646232583181867
D_disc,mistral,wp_0129,-0.03197634289168581
D_disc,mistral,wp_0130,-0.000122590260188752
D_disc,mistral,wp_0131,-0.03277821968286166
D_disc,mistral,wp_0132,-0.013604511202367258
D_disc,mistral,wp_0133,-0.017675790326885647
D_disc,mistral,wp_0134,-0.017181317861077336
D_disc,mistral,wp_0135,0.008513057256876715
D_disc,mistral,wp_0136,-0.005784453781840692
D_disc,mistral,wp_0137,-0.0432410293954536
D_disc,mistral,wp_0138,-0.008831651362500826
D_disc,mistral,wp_0139,-0.02717741829748333
D_disc,mistral,wp_0140,0.010430944728527857
D_disc,mistral,wp_0141,-0.0020318047734637643
D_disc,mistral,wp_0142,-0.12420905193365543
D_disc,mistral,wp_0143,-0.12800703077074158
D_disc,mistral,wp_0144,0.0037277220044063205
D_disc,mistral,wp_0145,-0.02471760360848122
D_disc,mistral,wp_0146,-0.015095973546859551
D_disc,mistral,wp_0147,-0.022819144991909002
D_disc,mistral,wp_0148,-0.11983067512720125
D_disc,mistral,wp_0149,-0.01095819632670283
D_disc,mistral,wp_0150,-0.0028847319389551755
D_disc,mistral,wp_0151,-0.021496791922068
D_disc,mistral,wp_0152,-0.05410498258168213
D_disc,mistral,wp_0153,-0.022877690607635635
D_disc,mistral,wp_0154,0.0263317731394015
D_disc,mistral,wp_0155,-0.0032126628156806136
D_disc,mistral,wp_0156,-0.03941871776730864
D_disc,mistral,wp_0157,-0.05119977236492605
D_disc,mistral,wp_0158,0.025140670484644884
D_disc,mistral,wp_0159,0.004975112566813004
D_disc,mistral,wp_0160,-0.03445206501456145
D_disc,mistral,wp_0161,0.002940555968994924
D_disc,mistral,wp_0162,-0.03094149410538253
D_disc,mistral,wp_0163,0.006298187751045399
D_disc,mistral,wp_0164,0.001845682588211279
D_disc,mistral,wp_0165,-0.02083162775708328
D_disc,mistral,wp_0166,-0.013794961552348304
D_disc,mistral,wp_0167,0.0010773603582157044
D_disc,mistral,wp_0168,-0.011419361225368688
D_disc,mistral,wp_0169,-0.008337165219081618
D_disc,mistral,wp_0170,-0.06356950368936118
D_disc,mistral,wp_0171,0.000935551409263822
D_disc,mistral,wp_0172,-0.005722761534968839
D_disc,mistral,wp_0173,-0.0050001385026363174
D_disc,mistral,wp_0174,-0.012084954329095732
D_disc,mistral,wp_0175,-0.025633145048928045
D_disc,mistral,wp_0176,-0.048297110088838635
D_disc,mistral,wp_0177,-0.009446743089780576
D_disc,mistral,wp_0178,-0.012642359627572644
D_disc,mistral,wp_0179,-0.015325913028668595
D_disc,mistral,wp_0180,-0.02401433530257125
D_disc,mistral,wp_0181,0.00784953216829316
D_disc,mistral,wp_0182,-0.01903821362606991
D_disc,mistral,wp_0183,-0.012671829232556766
D_disc,mistral,wp_0184,-0.0005842049758119133
D_disc,mistral,wp_0185,-0.006792203297642052
D_disc,mistral,wp_0186,-0.10021189622286857
D_disc,mistral,wp_0187,-0.003244942455063697
D_disc,mistral,wp_0188,-0.007736568807609358
D_disc,mistral,wp_0189,-0.006712065091236362
D_disc,mistral,wp_0190,-0.010069989762321534
D_disc,mistral,wp_0191,-0.012931981963815615
D_disc,mistral,wp_0192,-0.017562773058481893
D_disc,mistral,wp_0193,-0.0024353082763877852
D_disc,mistral,wp_0194,0.0023054284482668234
D_disc,mistral,wp_0195,-0.002269190384678859
D_disc,mistral,wp_0196,0.005626492326070397
D_disc,mistral,wp_0197,-0.016337706640895483
D_disc,mistral,wp_0198,-0.02876640876015702
D_disc,mistral,wp_0199,-0.05029026116370748
D_disc,qwen,wp_0000,-0.001982769163647888
D_disc,qwen,wp_0001,-0.009633448678408336
D_disc,qwen,wp_0002,-0.016944458821177354
D_disc,qwen,wp_0003,0.00598476672759403
D_disc,qwen,wp_0004,0.016492410331404538
D_disc,qwen,wp_0005,0.006347075363251806
D_disc,qwen,wp_0006,-0.0708419746623936
D_disc,qwen,wp_0007,-0.016348563359107723
D_disc,qwen,wp_0008,-0.019717546539027388
D_disc,qwen,wp_0009,-0.04009498675867361
D_disc,qwen,wp_0010,0.004001998302130963
D_disc,qwen,wp_0011,-0.02088576642015639
D_disc,qwen,wp_0012,-0.025895124823969974
D_disc,qwen,wp_0013,0.009261304819088522
D_disc,qwen,wp_0014,-0.1319142524697675
D_disc,qwen,wp_0015,-0.00550815316941693
D_disc,qwen,wp_0016,0.0004499292764433045
D_disc,qwen,wp_0017,-0.009945920025534764
D_disc,qwen,wp_0018,0.027564044426736288
D_disc,qwen,wp_0019,-0.007018597611725111
D_disc,qwen,wp_0020,-0.0035493169337763968
D_disc,qwen,wp_0021,0.004896580127305309
D_disc,qwen,wp_0022,-0.0030212434560099736
D_disc,qwen,wp_0023,0.021345170501720395
D_disc,qwen,wp_0024,0.002220277420837388
D_disc,qwen,wp_0025,-0.004254713489463229
D_disc,qwen,wp_0026,-0.010993126216987167
D_disc,qwen,wp_0027,-0.024174220401934527
D_disc,qwen,wp_0028,-0.012809821421829421
D_disc,qwen,wp_0029,-0.004821507177282412
D_disc,qwen,wp_0030,-0.047184486700355174
D_disc,qwen,wp_0031,0.006760429846705414
D_disc,qwen,wp_0032,-0.0014233790316488797
D_disc,qwen,wp_0033,-0.014880799516651538
D_disc,qwen,wp_0034,-0.008997860129803336
D_disc,qwen,wp_0035,-0.019814543745053696
D_disc,qwen,wp_0036,-0.010287640063727177
D_disc,qwen,wp_0037,-0.014528951856312497
D_disc,qwen,wp_0038,-0.019191022476979725
D_disc,qwen,wp_0039,-0.04080607032708431
D_disc,qwen,wp_0040,0.02829662110804309
D_disc,qwen,wp_0041,-0.01818764943427004
D_disc,qwen,wp_0042,-0.012168428491804285
D_disc,qwen,wp_0043,-0.023175522348104736
D_disc,qwen,wp_0044,0.0066642324422977045
D_disc,qwen,wp_0045,-0.0003545882265281699
D_disc,qwen,wp_0046,-0.03997019530902052
D_disc,qwen,wp_0047,-0.007341511621878688
D_disc,qwen,wp_0048,0.009291790884233393
D_disc,qwen,wp_0049,0.0016043997811420966
D_disc,qwen,wp_0050,-0.021166176551134598
D_disc,qwen,wp_0051,-0.017153203815693463
D_disc,qwen,wp_0052,-0.005581457067523268
D_disc,qwen,wp_0053,-0.009237279281729672
D_disc,qwen,wp_0054,-0.012643877852709946
D_disc,qwen,wp_0055,-0.01593046680647301
D_disc,qwen,wp_0056,0.004875202582349681
D_disc,qwen,wp_0057,-0.022046911763292723
D_disc,qwen,wp_0058,-0.027424368569056314
D_disc,qwen,wp_0059,0.0011113530627022343
D_disc,qwen,wp_0060,0.005844330212878582
D_disc,qwen,wp_0061,0.010937364267078186
D_disc,qwen,wp_0062,0.006214727614473579
D_disc,qwen,wp_0063,-0.0049872136873671015
D_disc,qwen,wp_0064,-0.00025720371634009516
D_disc,qwen,wp_0065,0.006349399941655931
D_disc,qwen,wp_0066,-0.018880794410844146
D_disc,qwen,wp_0067,-0.018204739584899987
D_disc,qwen,wp_0068,-0.01879105530457608
D_disc,qwen,wp_0069,-0.016250591890979986
D_disc,qwen,wp_0070,-0.0022123993980199567
D_disc,qwen,wp_0071,-0.0008633991650732382
D_disc,qwen,wp_0072,-0.004556973469980593
D_disc,qwen,wp_0073,-0.004658814372370148
D_disc,qwen,wp_0074,0.002011379093814826
D_disc,qwen,wp_0075,-0.007911403742344995
D_disc,qwen,wp_0076,-0.005817901979212735
D_disc,qwen,wp_0077,-0.007438304823886653
D_disc,qwen,wp_0078,-0.008216565387845987
D_disc,qwen,wp_0079,-0.0517139751223181
D_disc,qwen,wp_0080,-0.009415982178037175
D_disc,qwen,wp_0081,-0.004417031138327497
D_disc,qwen,wp_0082,-0.02131017183846138
D_disc,qwen,wp_0083,0.0023685858728664986
D_disc,qwen,wp_0084,-0.01904687936378676
D_disc,qwen,wp_0085,-0.04152224999505891
D_disc,qwen,wp_0086,-0.013198459060665932
D_disc,qwen,wp_0087,-0.015128975741321049
D_disc,qwen,wp_0088,-0.010585978211987318
D_disc,qwen,wp_0089,-0.019079577271181404
D_disc,qwen,wp_0090,-0.009582284906089634
D_disc,qwen,wp_0091,-0.03800769947493434
D_disc,qwen,wp_0092,-0.014153975415065434
D_disc,qwen,wp_0093,-0.02338382094732987
D_disc,qwen,wp_0094,-0.0006251954447022402
D_disc,qwen,wp_0095,-0.03211039017817461
D_disc,qwen,wp_0096,-0.026027311317306345
D_disc,qwen,wp_0097,-0.008645313469850799
D_disc,qwen,wp_0098,-0.008866209590782595
D_disc,qwen,wp_0099,-3.668172148378439e-05
D_disc,qwen,wp_0100,-0.004263288646222931
D_disc,qwen,wp_0101,-0.03065822984159695
D_disc,qwen,wp_0102,-0.006631851095338824
D_disc,qwen,wp_0103,0.001885618249316614
D_disc,qwen,wp_0104,-0.0166874720492012
D_disc,qwen,wp_0105,-0.008172836880233438
D_disc,qwen,wp_0106,-0.03135996985656384
D_disc,qwen,wp_0107,-0.008206460677414606
D_disc,qwen,wp_0108,0.0031642519247055897
D_disc,qwen,wp_0109,0.005381601237094202
D_disc,qwen,wp_0110,-0.04188728988227434
D_disc,qwen,wp_0112,0.008837441434002091
D_disc,qwen,wp_0113,-0.004438406162384913
D_disc,qwen,wp_0114,-0.021963702852815615
D_disc,qwen,wp_0115,-0.0038358989296635336
D_disc,qwen,wp_0116,0.004424877580207669
D_disc,qwen,wp_0117,-0.03907830078879824
D_disc,qwen,wp_0118,-0.006530910404966869
D_disc,qwen,wp_0119,-0.005816720530877999
D_disc,qwen,wp_0120,-0.07075364622869408
D_disc,qwen,wp_0121,-0.02020209772676019
D_disc,qwen,wp_0122,0.004550028926554227
D_disc,qwen,wp_0123,0.0019395181995583723
D_disc,qwen,wp_0124,0.0879062257686504
D_disc,qwen,wp_0125,-0.003003633780031148
D_disc,qwen,wp_0126,-0.004619179513949773
D_disc,qwen,wp_0127,-0.012099343166530614
D_disc,qwen,wp_0128,-0.011836001855941882
D_disc,qwen,wp_0129,-0.027955200525467544
D_disc,qwen,wp_0130,-0.0022995892220837575
D_disc,qwen,wp_0131,-0.033947176106106404
D_disc,qwen,wp_0132,-0.019300052056054777
D_disc,qwen,wp_0133,-0.01655998299569681
D_disc,qwen,wp_0134,-0.019340351844468927
D_disc,qwen,wp_0135,0.005289959084469813
D_disc,qwen,wp_0136,-0.01289362046648249
D_disc,qwen,wp_0137,-0.04305845408810113
D_disc,qwen,wp_0138,-0.007563224086016155
D_disc,qwen,wp_0139,-0.027613633039959933
D_disc,qwen,wp_0140,-8.791085864895063e-06
D_disc,qwen,wp_0141,-0.008250356687791168
D_disc,qwen,wp_0142,-0.12463957109848689
D_disc,qwen,wp_0143,-0.13193801218399775
D_disc,qwen,wp_0144,0.00021810695545007247
D_disc,qwen,wp_0145,-0.03043349665320526
D_disc,qwen,wp_0146,-0.01673139653688922
D_disc,qwen,wp_0147,-0.02345751269810154
D_disc,qwen,wp_0148,-0.11839527523034407
D_disc,qwen,wp_0149,-0.010963875819823856
D_disc,qwen,wp_0150,5.575816679803825e-05
D_disc,qwen,wp_0151,-0.022675941639711875
D_disc,qwen,wp_0152,-0.04103797173132594
D_disc,qwen,wp_0153,-0.021508498564418537
D_disc,qwen,wp_0154,0.012829220275165424
D_disc,qwen,wp_0155,-0.003956254241797294
D_disc,qwen,wp_0156,-0.04423172467260889
D_disc,qwen,wp_0157,-0.04850655968161387
D_disc,qwen,wp_0158,0.0007452808158110423
D_disc,qwen,wp_0159,0.007681318817003344
D_disc,qwen,wp_0160,-0.03449264609300226
D_disc,qwen,wp_0161,0.0008633777056414127
D_disc,qwen,wp_0162,-0.028073986703996644
D_disc,qwen,wp_0163,0.008363805843542519
D_disc,qwen,wp_0164,-0.0025702657829574215
D_disc,qwen,wp_0165,-0.01891043766461926
D_disc,qwen,wp_0166,-0.0025174686899998152
D_disc,qwen,wp_0167,0.0021847432515834987
D_disc,qwen,wp_0168,-0.014440880433063769
D_disc,qwen,wp_0169,-0.010080473139610496
D_disc,qwen,wp_0170,-0.06072281297350561
D_disc,qwen,wp_0171,-0.004004134292252484
D_disc,qwen,wp_0172,-0.006901690199305579
D_disc,qwen,wp_0173,0.006884632215496536
D_disc,qwen,wp_0174,-0.009559898035162894
D_disc,qwen,wp_0175,-0.02257202471337424
D_disc,qwen,wp_0176,-0.056356373921235034
D_disc,qwen,wp_0177,-0.00880596368853057
D_disc,qwen,wp_0178,-0.013770498926223246
D_disc,qwen,wp_0179,-0.012178591031191663
D_disc,qwen,wp_0180,-0.030649436688943967
D_disc,qwen,wp_0181,0.002386539893775746
D_disc,qwen,wp_0182,-0.01164049357188963
D_disc,qwen,wp_0183,-0.005437256883417842
D_disc,qwen,wp_0184,0.00024795380416536004
D_disc,qwen,wp_0185,-0.004535129079798137
D_disc,qwen,wp_0186,-0.10124778893446969
D_disc,qwen,wp_0187,-0.0032018246223875072
D_disc,qwen,wp_0188,-0.0035929303945549675
D_disc,qwen,wp_0189,-0.011132948643505383
D_disc,qwen,wp_0190,-0.009630478704348359
D_disc,qwen,wp_0191,-0.007297352356561976
D_disc,qwen,wp_0192,-0.009631015589931772
D_disc,qwen,wp_0193,-0.003766029828613446
D_disc,qwen,wp_0194,0.06392475105913296
D_disc,qwen,wp_0195,-0.005773659713183347
D_disc,qwen,wp_0196,0.0017437418078885263
D_disc,qwen,wp_0197,-0.013038772500478612
D_disc,qwen,wp_0198,-0.021220439856326722
D_disc,qwen,wp_0199,-0.04820188331934334
D_lex,gemma,wp_0000,0.018322752614005233
D_lex,gemma,wp_0001,0.00641034099789507
D_lex,gemma,wp_0002,0.007660461916237626
D_lex,gemma,wp_0003,0.0476564904845048
D_lex,gemma,wp_0004,0.02253651726534652
D_lex,gemma,wp_0005,0.006867862915730416
D_lex,gemma,wp_0006,0.0108542060995525
D_lex,gemma,wp_0007,0.006494429387228029
D_lex,gemma,wp_0008,0.026675860472768133
D_lex,gemma,wp_0009,-0.0005037302213147021
D_lex,gemma,wp_0010,0.01597571015681103
D_lex,gemma,wp_0011,0.012500199358880637
D_lex,gemma,wp_0012,0.0067201083530920025
D_lex,gemma,wp_0013,0.01925218279420199
D_lex,gemma,wp_0014,0.008859124231750993
D_lex,gemma,wp_0015,0.0250317473013554
D_lex,gemma,wp_0016,0.016302881095859943
D_lex,gemma,wp_0017,0.035476494372826864
D_lex,gemma,wp_0018,0.020793495159795616
D_lex,gemma,wp_0019,0.01638961120813056
D_lex,gemma,wp_0020,0.01625641878271995
D_lex,gemma,wp_0021,0.0265328194578077
D_lex,gemma,wp_0022,0.050410509466963724
D_lex,gemma,wp_0023,0.03602556588612529
D_lex,gemma,wp_0024,0.011356999808473767
D_lex,gemma,wp_0025,0.03768559725301564
D_lex,gemma,wp_0026,0.03690320679582991
D_lex,gemma,wp_0027,0.020302616856514986
D_lex,gemma,wp_0028,0.014692961678189264
D_lex,gemma,wp_0029,0.025225035491156466
D_lex,gemma,wp_0030,0.014979615850839734
D_lex,gemma,wp_0031,0.03136475630502755
D_lex,gemma,wp_0032,0.015941060277748408
D_lex,gemma,wp_0033,0.02601053476404942
D_lex,gemma,wp_0034,0.04527954278379851
D_lex,gemma,wp_0035,0.010956743291436411
D_lex,gemma,wp_0036,0.017606699155500515
D_lex,gemma,wp_0037,0.009878217748324347
D_lex,gemma,wp_0038,0.008335883277246514
D_lex,gemma,wp_0039,0.003993799190051528
D_lex,gemma,wp_0040,0.02108768445194629
D_lex,gemma,wp_0041,0.001611262298422389
D_lex,gemma,wp_0042,0.012401859456680065
D_lex,gemma,wp_0043,0.00943724902046138
D_lex,gemma,wp_0044,0.02942044430093339
D_lex,gemma,wp_0045,0.01803310579548858
D_lex,gemma,wp_0046,0.015289291774111114
D_lex,gemma,wp_0047,0.03073631666332972
D_lex,gemma,wp_0048,0.008475502403631884
D_lex,gemma,wp_0049,0.022673850231511018
D_lex,gemma,wp_0050,0.02937483387466816
D_lex,gemma,wp_0051,0.007629972856679235
D_lex,gemma,wp_0052,0.0269627548916768
D_lex,gemma,wp_0053,0.015046352136444351
D_lex,gemma,wp_0054,0.004113939097682706
D_lex,gemma,wp_0055,-0.002717857239854726
D_lex,gemma,wp_0056,0.03627233874676172
D_lex,gemma,wp_0057,0.011643434852764001
D_lex,gemma,wp_0058,0.011967509487299776
D_lex,gemma,wp_0059,0.05451075589577016
D_lex,gemma,wp_0060,0.02323905875236214
D_lex,gemma,wp_0061,0.025761423302557318
D_lex,gemma,wp_0062,0.02396738296679012
D_lex,gemma,wp_0063,0.019860084904427
D_lex,gemma,wp_0064,0.03687791398198901
D_lex,gemma,wp_0065,0.03323319289352722
D_lex,gemma,wp_0066,0.022546812425047934
D_lex,gemma,wp_0067,0.0012391238215696209
D_lex,gemma,wp_0068,0.00912649135712772
D_lex,gemma,wp_0069,0.004817974581737295
D_lex,gemma,wp_0070,0.013870483356719265
D_lex,gemma,wp_0071,0.024112100851373365
D_lex,gemma,wp_0072,0.038268616450779905
D_lex,gemma,wp_0073,0.013052049591869962
D_lex,gemma,wp_0074,0.03852288449193545
D_lex,gemma,wp_0075,0.04768643941986643
D_lex,gemma,wp_0076,0.03337369762938001
D_lex,gemma,wp_0077,0.007004747886585239
D_lex,gemma,wp_0078,0.0180236696177987
D_lex,gemma,wp_0079,0.007280444673022091
D_lex,gemma,wp_0080,0.00807608593147815
D_lex,gemma,wp_0081,0.027103064538233558
D_lex,gemma,wp_0082,0.008666382341987555
D_lex,gemma,wp_0083,0.017046996112179257
D_lex,gemma,wp_0084,0.02211953325790107
D_lex,gemma,wp_0085,0.022020763137488852
D_lex,gemma,wp_0086,0.003462851341605444
D_lex,gemma,wp_0087,0.0017448614548928986
D_lex,gemma,wp_0088,0.006574281641985491
D_lex,gemma,wp_0089,0.011015011471994041
D_lex,gemma,wp_0090,0.014198714828934178
D_lex,gemma,wp_0091,0.02414417336725274
D_lex,gemma,wp_0092,0.015510978896854766
D_lex,gemma,wp_0093,0.020234006363793123
D_lex,gemma,wp_0094,0.02519226366743301
D_lex,gemma,wp_0095,0.013112431596915131
D_lex,gemma,wp_0096,0.009186871193213797
D_lex,gemma,wp_0097,0.017518882255550695
D_lex,gemma,wp_0098,0.009732426765343315
D_lex,gemma,wp_0099,0.023508248823216237
D_lex,gemma,wp_0100,0.007613351669860413
D_lex,gemma,wp_0101,0.022559946596536772
D_lex,gemma,wp_0102,0.009407907919213043
D_lex,gemma,wp_0103,0.033970130303357285
D_lex,gemma,wp_0104,0.009837631381312295
D_lex,gemma,wp_0105,0.011255266116875384
D_lex,gemma,wp_0106,0.013706852296673821
D_lex,gemma,wp_0107,0.022271686301785977
D_lex,gemma,wp_0108,0.02613642149661589
D_lex,gemma,wp_0109,0.002061166613391718
D_lex,gemma,wp_0110,0.014061285987078898
D_lex,gemma,wp_0112,0.030672047894004285
D_lex,gemma,wp_0113,0.013817452596236245
D_lex,gemma,wp_0114,0.03425231300847363
D_lex,gemma,wp_0115,0.029464578371729565
D_lex,gemma,wp_0116,0.014737738793006916
D_lex,gemma,wp_0117,0.01839418412736802
D_lex,gemma,wp_0118,0.023223977862137223
D_lex,gemma,wp_0119,0.03419223610888986
D_lex,gemma,wp_0120,0.01706641185038842
D_lex,gemma,wp_0121,0.013617119983339143
D_lex,gemma,wp_0122,0.030842929664389472
D_lex,gemma,wp_0123,0.03198012995526515
D_lex,gemma,wp_0124,0.08963207722922414
D_lex,gemma,wp_0125,0.014023302141902472
D_lex,gemma,wp_0126,0.00957125765265503
D_lex,gemma,wp_0127,0.01424211035538655
D_lex,gemma,wp_0128,0.03696342412715827
D_lex,gemma,wp_0129,0.022130941340291633
D_lex,gemma,wp_0130,0.03569266604107098
D_lex,gemma,wp_0131,0.030769641814928674
D_lex,gemma,wp_0132,0.012362622540593015
D_lex,gemma,wp_0133,0.029664497377942755
D_lex,gemma,wp_0134,0.018774670852596875
D_lex,gemma,wp_0135,0.028229579315037133
D_lex,gemma,wp_0136,0.0159274656988298
D_lex,gemma,wp_0137,0.018171586842915234
D_lex,gemma,wp_0138,0.007911514053140634
D_lex,gemma,wp_0139,0.011270300042950909
D_lex,gemma,wp_0140,0.028147002686431156
D_lex,gemma,wp_0141,0.015384335717582931
D_lex,gemma,wp_0142,0.018779393261251755
D_lex,gemma,wp_0143,0.009635971909725583
D_lex,gemma,wp_0144,0.024004752679603735
D_lex,gemma,wp_0145,0.0336671360523618
D_lex,gemma,wp_0146,0.01822229343675429
D_lex,gemma,wp_0147,0.010141989114686745
D_lex,gemma,wp_0148,0.017188063223872084
D_lex,gemma,wp_0149,0.012146004208691242
D_lex,gemma,wp_0150,0.06002923906344335
D_lex,gemma,wp_0151,0.01133439252660744
D_lex,gemma,wp_0152,0.009228798570861296
D_lex,gemma,wp_0153,0.003741875274056983
D_lex,gemma,wp_0154,0.03991924845742363
D_lex,gemma,wp_0155,0.0183533718744184
D_lex,gemma,wp_0156,0.021012129098669265
D_lex,gemma,wp_0157,0.011899826379158896
D_lex,gemma,wp_0158,0.012980568782576984
D_lex,gemma,wp_0159,0.010109303181217166
D_lex,gemma,wp_0160,0.02694809152870884
D_lex,gemma,wp_0161,0.01071825052848493
D_lex,gemma,wp_0162,0.030602087220092566
D_lex,gemma,wp_0163,0.02748719863324266
D_lex,gemma,wp_0164,0.033467122994959034
D_lex,gemma,wp_0165,0.031638838413635
D_lex,gemma,wp_0166,0.03662870603698167
D_lex,gemma,wp_0167,0.022090831773611642
D_lex,gemma,wp_0168,-0.007307150615516467
D_lex,gemma,wp_0169,0.022500081975666487
D_lex,gemma,wp_0170,0.003855444492251325
D_lex,gemma,wp_0171,0.020720149171372194
D_lex,gemma,wp_0172,0.017426717885748743
D_lex,gemma,wp_0173,0.060313036419914
D_lex,gemma,wp_0174,0.027175177135556238
D_lex,gemma,wp_0175,0.013073067218573976
D_lex,gemma,wp_0176,0.017299679338367468
D_lex,gemma,wp_0177,0.0313583691647227
D_lex,gemma,wp_0178,0.01383343598504847
D_lex,gemma,wp_0179,0.03040451323980785
D_lex,gemma,wp_0180,0.029604671483362044
D_lex,gemma,wp_0181,0.03873867824765016
D_lex,gemma,wp_0182,0.0042559291964120675
D_lex,gemma,wp_0183,0.033691744326429365
D_lex,gemma,wp_0184,0.029204519990981857
D_lex,gemma,wp_0185,0.025872703593399902
D_lex,gemma,wp_0186,-0.0068982389187651205
D_lex,gemma,wp_0187,0.012778798207220544
D_lex,gemma,wp_0188,0.02015945308774251
D_lex,gemma,wp_0189,0.026289984124650244
D_lex,gemma,wp_0190,0.015217938713204171
D_lex,gemma,wp_0191,0.008544429730107894
D_lex,gemma,wp_0192,0.025109180108312024
D_lex,gemma,wp_0193,0.03146568108360141
D_lex,gemma,wp_0194,0.032327840160975674
D_lex,gemma,wp_0195,0.02559365641846937
D_lex,gemma,wp_0196,0.029773099100826993
D_lex,gemma,wp_0197,0.016318519173476143
D_lex,gemma,wp_0198,0.01334855029294355
D_lex,gemma,wp_0199,0.01035238190833504
D_lex,llama,wp_0000,0.01055442448354621
D_lex,llama,wp_0001,0.011358737281663778
D_lex,llama,wp_0002,-0.0060933683886882474
D_lex,llama,wp_0003,0.017695300465917073
D_lex,llama,wp_0004,0.004048472450440999
D_lex,llama,wp_0005,-0.003480359608349104
D_lex,llama,wp_0006,0.007969730591116908
D_lex,llama,wp_0007,0.0029943092166257123
D_lex,llama,wp_0008,0.026917045046575428
D_lex,llama,wp_0009,-0.0033428002490780485
D_lex,llama,wp_0010,0.001034527290506393
D_lex,llama,wp_0011,0.009735520338195015
D_lex,llama,wp_0012,-0.00011394063176781711
D_lex,llama,wp_0013,0.04064245345874162
D_lex,llama,wp_0014,0.009131941691350176
D_lex,llama,wp_0015,0.006167633869838751
D_lex,llama,wp_0016,0.017920444855125017
D_lex,llama,wp_0017,0.08859471854708281
D_lex,llama,wp_0018,0.018156089529903174
D_lex,llama,wp_0019,0.009920607372149892
D_lex,llama,wp_0020,0.0039426775564611605
D_lex,llama,wp_0021,0.015711143350111832
D_lex,llama,wp_0022,0.03726494112382818
D_lex,llama,wp_0023,0.021621755976545108
D_lex,llama,wp_0024,0.0010767789710461662
D_lex,llama,wp_0025,0.024023562430738343
D_lex,llama,wp_0026,0.019913836272654972
D_lex,llama,wp_0027,0.011426010433698763
D_lex,llama,wp_0028,-0.0021018998645408902
D_lex,llama,wp_0029,0.01159886593908368
D_lex,llama,wp_0030,0.010873073962641899
D_lex,llama,wp_0031,0.021482402168323422
D_lex,llama,wp_0032,0.0022215101974763286
D_lex,llama,wp_0033,0.01731454801272695
D_lex,llama,wp_0034,0.0530103682650212
D_lex,llama,wp_0035,0.0036022410146064553
D_lex,llama,wp_0036,0.008930917586697385
D_lex,llama,wp_0037,0.003670464932086537
D_lex,llama,wp_0038,0.004414383618135798
D_lex,llama,wp_0039,-0.002751450338405548
D_lex,llama,wp_0040,0.00492638778300466
D_lex,llama,wp_0041,0.0025829032416260223
D_lex,llama,wp_0042,0.004268764801738212
D_lex,llama,wp_0043,-0.002768289728557838
D_lex,llama,wp_0044,0.025193656188371494
D_lex,llama,wp_0045,0.01144776207471101
D_lex,llama,wp_0046,0.015108101324289946
D_lex,llama,wp_0047,0.008657833198377252
D_lex,llama,wp_0048,0.0009193580348777375
D_lex,llama,wp_0049,0.027279022109329254
D_lex,llama,wp_0050,0.03367569328496817
D_lex,llama,wp_0051,-0.001223486205266866
D_lex,llama,wp_0052,0.015205828141917344
D_lex,llama,wp_0053,-0.0053342128371039795
D_lex,llama,wp_0054,0.009217028800730175
D_lex,llama,wp_0055,-0.011690953567051488
D_lex,llama,wp_0056,0.03257583916606873
D_lex,llama,wp_0057,0.0046703434407978865
D_lex,llama,wp_0058,0.0027441326979208867
D_lex,llama,wp_0059,0.05205052760592369
D_lex,llama,wp_0060,0.016747545705724287
D_lex,llama,wp_0061,0.01531034290991945
D_lex,llama,wp_0062,0.0017626886993351131
D_lex,llama,wp_0063,0.004913915246939971
D_lex,llama,wp_0064,0.027874416380824985
D_lex,llama,wp_0065,0.0042962001232163425
D_lex,llama,wp_0066,0.0026594390761501717
D_lex,llama,wp_0067,-0.011501327123023986
D_lex,llama,wp_0068,-0.001078198994190338
D_lex,llama,wp_0069,-0.0007520613536702081
D_lex,llama,wp_0070,0.011509113229658408
D_lex,llama,wp_0071,0.010332215057840622
D_lex,llama,wp_0072,0.03491072141212218
D_lex,llama,wp_0073,-0.0007898868257471658
D_lex,llama,wp_0074,0.03209887454020448
D_lex,llama,wp_0075,0.023187841875276727
D_lex,llama,wp_0076,0.029808464546157674
D_lex,llama,wp_0077,-0.005191509704422115
D_lex,llama,wp_0078,0.011562814969761026
D_lex,llama,wp_0079,-0.005280190491471904
D_lex,llama,wp_0080,0.0031172852441946897
D_lex,llama,wp_0081,0.01986140802126355
D_lex,llama,wp_0082,0.000765755893959974
D_lex,llama,wp_0083,0.0050758478046026515
D_lex,llama,wp_0084,0.0018777369833573366
D_lex,llama,wp_0085,0.007793189343882134
D_lex,llama,wp_0086,-0.0033570490996556513
D_lex,llama,wp_0087,0.0021694407297357054
D_lex,llama,wp_0088,0.001238436591631853
D_lex,llama,wp_0089,0.0020847323392662485
D_lex,llama,wp_0090,-0.0009325560567744806
D_lex,llama,wp_0091,0.02204318791887383
D_lex,llama,wp_0092,-0.0024420600392066616
D_lex,llama,wp_0093,0.011016547076640414
D_lex,llama,wp_0094,0.011767912166385364
D_lex,llama,wp_0095,0.008181345097207115
D_lex,llama,wp_0096,0.006112984962940804
D_lex,llama,wp_0097,0.006364716161827155
D_lex,llama,wp_0098,0.0020489540758862335
D_lex,llama,wp_0099,0.022025442710080768
D_lex,llama,wp_0100,0.004214970131759777
D_lex,llama,wp_0101,0.016039542870057332
D_lex,llama,wp_0102,0.008563404637966043
D_lex,llama,wp_0103,0.03226898011830487
D_lex,llama,wp_0104,-0.00431542562084114
D_lex,llama,wp_0105,0.001025170562656219
D_lex,llama,wp_0106,-0.0012362495092341885
D_lex,llama,wp_0107,0.013732041329914079
D_lex,llama,wp_0108,0.02024942791997194
D_lex,llama,wp_0109,-0.00430097450986886
D_lex,llama,wp_0110,0.005470229827309436
D_lex,llama,wp_0112,0.020430268132061447
D_lex,llama,wp_0113,0.004282454391037282
D_lex,llama,wp_0114,0.016017433675295466
D_lex,llama,wp_0115,0.00769757995769762
D_lex,llama,wp_0116,0.004057595820960514
D_lex,llama,wp_0117,0.016068285397846903
D_lex,llama,wp_0118,0.005922073078707679
D_lex,llama,wp_0119,0.023928556912669152
D_lex,llama,wp_0120,0.023238960734855187
D_lex,llama,wp_0121,0.003602035090450284
D_lex,llama,wp_0122,0.023018277494432592
D_lex,llama,wp_0123,0.01619041171369181
D_lex,llama,wp_0124,0.09940845701278883
D_lex,llama,wp_0125,0.01147659144704809
D_lex,llama,wp_0126,-0.0007739197040824708
D_lex,llama,wp_0127,0.011335755316531627
D_lex,llama,wp_0128,0.044157197058107556
D_lex,llama,wp_0129,0.014602732690581521
D_lex,llama,wp_0130,0.01670933842259218
D_lex,llama,wp_0131,0.009268388057805443
D_lex,llama,wp_0132,0.002220727908287046
D_lex,llama,wp_0133,0.01950275866692942
D_lex,llama,wp_0134,0.008311699006777562
D_lex,llama,wp_0135,0.007271482553599729
D_lex,llama,wp_0136,0.004752493334674812
D_lex,llama,wp_0137,0.011972853957189545
D_lex,llama,wp_0138,0.005772620444835996
D_lex,llama,wp_0139,0.0038038354118678395
D_lex,llama,wp_0140,0.005732534708088255
D_lex,llama,wp_0141,0.022915617588232906
D_lex,llama,wp_0142,0.005679195752838784
D_lex,llama,wp_0143,0.0006899772090816492
D_lex,llama,wp_0144,0.013788090614054371
D_lex,llama,wp_0145,0.024069614113194047
D_lex,llama,wp_0146,0.022720791221588165
D_lex,llama,wp_0147,0.00901574595561816
D_lex,llama,wp_0148,-0.00017718756344964337
D_lex,llama,wp_0149,-0.012385215376351644
D_lex,llama,wp_0150,0.04953623796255622
D_lex,llama,wp_0151,0.0013506400720481814
D_lex,llama,wp_0152,0.008552326909676356
D_lex,llama,wp_0153,-0.0009971758746218917
D_lex,llama,wp_0154,0.023688698420703425
D_lex,llama,wp_0155,0.011025272738200243
D_lex,llama,wp_0156,0.0006805578594850425
D_lex,llama,wp_0157,-0.0006613416718399545
D_lex,llama,wp_0158,0.014335712671366773
D_lex,llama,wp_0159,0.004677423160744387
D_lex,llama,wp_0160,0.013692480726881362
D_lex,llama,wp_0161,0.0023341502523015257
D_lex,llama,wp_0162,0.02878174422874622
D_lex,llama,wp_0163,0.014182938686463586
D_lex,llama,wp_0164,0.01482326794678387
D_lex,llama,wp_0165,0.027447007397100966
D_lex,llama,wp_0166,0.028186770993635035
D_lex,llama,wp_0167,0.013066480166563765
D_lex,llama,wp_0168,-0.0238905633191392
D_lex,llama,wp_0169,0.008668077882551617
D_lex,llama,wp_0170,-0.003235174027621035
D_lex,llama,wp_0171,0.0064142761466248754
D_lex,llama,wp_0172,0.008777214644145593
D_lex,llama,wp_0173,0.04867526049499826
D_lex,llama,wp_0174,0.012875979961284723
D_lex,llama,wp_0175,0.0020241955373234586
D_lex,llama,wp_0176,0.011542981127866891
D_lex,llama,wp_0177,0.02057350676818357
D_lex,llama,wp_0178,0.013422332492869726
D_lex,llama,wp_0179,0.028494440794192832
D_lex,llama,wp_0180,0.024041133760765145
D_lex,llama,wp_0181,0.03730092305688133
D_lex,llama,wp_0182,-0.01117281216982432
D_lex,llama,wp_0183,0.020827280471490094
D_lex,llama,wp_0184,0.012166283072643492
D_lex,llama,wp_0185,0.02450287567467222
D_lex,llama,wp_0186,-0.010875184597326826
D_lex,llama,wp_0187,0.0025566254289246084
D_lex,llama,wp_0188,0.010994668827507038
D_lex,llama,wp_0189,0.012499597366972237
D_lex,llama,wp_0190,-0.00043949653867941807
D_lex,llama,wp_0191,0.004447723148218419
D_lex,llama,wp_0192,0.0048292691799653896
D_lex,llama,wp_0193,0.012375969238019757
D_lex,llama,wp_0194,0.06706958393132406
D_lex,llama,wp_0195,0.019527165662719125
D_lex,llama,wp_0196,0.02543348514487237
D_lex,llama,wp_0197,0.007852638829083224
D_lex,llama,wp_0198,0.008630749107202452
D_lex,llama,wp_0199,-0.0015304613566619273
D_lex,mistral,wp_0000,0.02498197240751967
D_lex,mistral,wp_0001,-0.00045171087733261175
D_lex,mistral,wp_0002,-0.0018631187233781655
D_lex,mistral,wp_0003,0.02751415609212444
D_lex,mistral,wp_0004,0.01941914731254434
D_lex,mistral,wp_0005,0.000753455433303829
D_lex,mistral,wp_0006,0.004601459986008516
D_lex,mistral,wp_0007,0.001829141504746623
D_lex,mistral,wp_0008,0.014235345957008682
D_lex,mistral,wp_0009,-0.001919045202857006
D_lex,mistral,wp_0010,0.010614144345598587
D_lex,mistral,wp_0011,0.011972359196329229
D_lex,mistral,wp_0012,-0.003209854085578412
D_lex,mistral,wp_0013,0.029298947631830396
D_lex,mistral,wp_0014,0.011736813363222298
D_lex,mistral,wp_0015,0.0033180362778056915
D_lex,mistral,wp_0016,0.017862027645346844
D_lex,mistral,wp_0017,0.030693512505188248
D_lex,mistral,wp_0018,0.02174343116866484
D_lex,mistral,wp_0019,0.011752339625202012
D_lex,mistral,wp_0020,-0.00229761155652769
D_lex,mistral,wp_0021,0.022090012425548054
D_lex,mistral,wp_0022,0.033462163127456535
D_lex,mistral,wp_0023,0.03147383557707648
D_lex,mistral,wp_0024,0.0012012889024352602
D_lex,mistral,wp_0025,0.019537160068611094
D_lex,mistral,wp_0026,0.020570641321040382
D_lex,mistral,wp_0027,0.013930469900110853
D_lex,mistral,wp_0028,0.009574202974226242
D_lex,mistral,wp_0029,0.018268040285401098
D_lex,mistral,wp_0030,0.016158203548337313
D_lex,mistral,wp_0031,0.030676325254477155
D_lex,mistral,wp_0032,0.009493401081295516
D_lex,mistral,wp_0033,0.02135952565859254
D_lex,mistral,wp_0034,0.047434316293998066
D_lex,mistral,wp_0035,0.0063432453405211755
D_lex,mistral,wp_0036,0.01412963156207423
D_lex,mistral,wp_0037,0.002771454581364685
D_lex,mistral,wp_0038,0.0013320026236008364
D_lex,mistral,wp_0039,0.0009199417187189085
D_lex,mistral,wp_0040,0.006367905165215992
D_lex,mistral,wp_0041,-0.007060045952271943
D_lex,mistral,wp_0042,-0.008110618704679407
D_lex,mistral,wp_0043,-0.0023413178070633366
D_lex,mistral,wp_0044,0.03266819153462721
D_lex,mistral,wp_0045,0.023261162504367307
D_lex,mistral,wp_0046,0.009251254777011619
D_lex,mistral,wp_0047,0.014813920202351982
D_lex,mistral,wp_0048,-0.008580964781644084
D_lex,mistral,wp_0049,0.0298644290869296
D_lex,mistral,wp_0050,0.035474025393823286
D_lex,mistral,wp_0051,0.006087579971703072
D_lex,mistral,wp_0052,0.03234409639522007
D_lex,mistral,wp_0053,0.0035180281793330435
D_lex,mistral,wp_0054,0.0014630828084987724
D_lex,mistral,wp_0055,-0.011686988769477602
D_lex,mistral,wp_0056,0.03937075423272426
D_lex,mistral,wp_0057,0.004671051949134542
D_lex,mistral,wp_0058,0.01688897192174238
D_lex,mistral,wp_0059,0.045393417322110816
D_lex,mistral,wp_0060,0.01568697128984551
D_lex,mistral,wp_0061,0.016795609766677988
D_lex,mistral,wp_0062,0.016979388586079735
D_lex,mistral,wp_0063,0.01112473312089617
D_lex,mistral,wp_0064,0.02464396285843721
D_lex,mistral,wp_0065,0.022334624737269028
D_lex,mistral,wp_0066,0.011240299889656902
D_lex,mistral,wp_0067,-0.009452643482684875
D_lex,mistral,wp_0068,0.005518320162754375
D_lex,mistral,wp_0069,0.0011421822865913867
D_lex,mistral,wp_0070,0.0068171666470583595
D_lex,mistral,wp_0071,0.020950865117484917
D_lex,mistral,wp_0072,0.03482674614726302
D_lex,mistral,wp_0073,0.009698181100369851
D_lex,mistral,wp_0074,0.03791748938730012
D_lex,mistral,wp_0075,0.046730746696185696
D_lex,mistral,wp_0076,0.033978146317225046
D_lex,mistral,wp_0077,0.0027930274284958647
D_lex,mistral,wp_0078,0.005818392340745371
D_lex,mistral,wp_0079,-0.003650597939648481
D_lex,mistral,wp_0080,0.0027138610878238213
D_lex,mistral,wp_0081,0.01185397526065456
D_lex,mistral,wp_0082,-0.012854038656916967
D_lex,mistral,wp_0083,0.01319113012519484
D_lex,mistral,wp_0084,0.014914784155472005
D_lex,mistral,wp_0085,0.020562498773387738
D_lex,mistral,wp_0086,-0.0014711200249161282
D_lex,mistral,wp_0087,-0.0032855568834679215
D_lex,mistral,wp_0088,-0.007008911286313135
D_lex,mistral,wp_0089,0.008121858183548214
D_lex,mistral,wp_0090,-0.0015814622451735371
D_lex,mistral,wp_0091,0.011584207846442462
D_lex,mistral,wp_0092,0.005684103610789626
D_lex,mistral,wp_0093,0.02799027999531839
D_lex,mistral,wp_0094,0.021066080392280993
D_lex,mistral,wp_0095,0.0032967499250818435
D_lex,mistral,wp_0096,0.009913874141662194
D_lex,mistral,wp_0097,0.014895687934763192
D_lex,mistral,wp_0098,0.005130138833672993
D_lex,mistral,wp_0099,0.03107837681605482
D_lex,mistral,wp_0100,0.01567158185816605
D_lex,mistral,wp_0101,0.01395533824773303
D_lex,mistral,wp_0102,0.006512958411966185
D_lex,mistral,wp_0103,0.029387171724081042
D_lex,mistral,wp_0104,0.0028283330174447064
D_lex,mistral,wp_0105,0.011526372261097807
D_lex,mistral,wp_0106,0.004350090983889288
D_lex,mistral,wp_0107,0.017641332260181174
D_lex,mistral,wp_0108,0.03098802452860335
D_lex,mistral,wp_0109,-0.0031254028444923755
D_lex,mistral,wp_0110,-0.00463125231956032
D_lex,mistral,wp_0112,0.020591921549066573
D_lex,mistral,wp_0113,0.006401794274956407
D_lex,mistral,wp_0114,0.02255874889659686
D_lex,mistral,wp_0115,0.015913307459545323
D_lex,mistral,wp_0116,0.011278617570649841
D_lex,mistral,wp_0117,0.021982195923039127
D_lex,mistral,wp_0118,0.017510905837801006
D_lex,mistral,wp_0119,0.029416529637247425
D_lex,mistral,wp_0120,0.004948060118264474
D_lex,mistral,wp_0121,0.0030369993724910895
D_lex,mistral,wp_0122,0.027377891513208064
D_lex,mistral,wp_0123,0.024941558623300154
D_lex,mistral,wp_0124,0.10829792647630945
D_lex,mistral,wp_0125,0.015187826694516415
D_lex,mistral,wp_0126,0.011910251689018636
D_lex,mistral,wp_0127,0.009624229947133422
D_lex,mistral,wp_0128,0.05013452082346287
D_lex,mistral,wp_0129,0.006203123708188163
D_lex,mistral,wp_0130,0.02729660499682397
D_lex,mistral,wp_0131,0.02042140869072211
D_lex,mistral,wp_0132,0.011715843915614699
D_lex,mistral,wp_0133,0.019513273862580827
D_lex,mistral,wp_0134,0.011581922852639948
D_lex,mistral,wp_0135,0.02625333822919169
D_lex,mistral,wp_0136,0.01599120069807388
D_lex,mistral,wp_0137,0.011422373784855177
D_lex,mistral,wp_0138,0.009438064085556919
D_lex,mistral,wp_0139,0.004705919747776688
D_lex,mistral,wp_0140,0.022053631900349657
D_lex,mistral,wp_0141,0.01659417209025126
D_lex,mistral,wp_0142,0.010977801347645177
D_lex,mistral,wp_0143,0.002100844754196218
D_lex,mistral,wp_0144,0.018665317758772126
D_lex,mistral,wp_0145,0.02888781984167832
D_lex,mistral,wp_0146,0.002794679156609814
D_lex,mistral,wp_0147,0.005628902744436825
D_lex,mistral,wp_0148,0.0057854331081967246
D_lex,mistral,wp_0149,-0.013169694556528255
D_lex,mistral,wp_0150,0.048255890675859746
D_lex,mistral,wp_0151,0.003869296322342819
D_lex,mistral,wp_0152,0.010225118374830033
D_lex,mistral,wp_0153,0.0017501929530046368
D_lex,mistral,wp_0154,0.02503376923317423
D_lex,mistral,wp_0155,0.01129074775727833
D_lex,mistral,wp_0156,0.018959591963083965
D_lex,mistral,wp_0157,0.002586859352617654
D_lex,mistral,wp_0158,0.012617799110554672
D_lex,mistral,wp_0159,0.009902614657058894
D_lex,mistral,wp_0160,0.017972917929343156
D_lex,mistral,wp_0161,0.006751172393287208
D_lex,mistral,wp_0162,0.02726690511702201
D_lex,mistral,wp_0163,0.0139049978611257
D_lex,mistral,wp_0164,0.01928847061282154
D_lex,mistral,wp_0165,0.03980779350289304
D_lex,mistral,wp_0166,0.033345987499658905
D_lex,mistral,wp_0167,0.011325700996984878
D_lex,mistral,wp_0168,-0.015607748948577315
D_lex,mistral,wp_0169,0.021636286728013356
D_lex,mistral,wp_0170,0.0028300122662235803
D_lex,mistral,wp_0171,0.01586027791140502
D_lex,mistral,wp_0172,0.015005607673086275
D_lex,mistral,wp_0173,0.046608003135544654
D_lex,mistral,wp_0174,0.01441244983092973
D_lex,mistral,wp_0175,-0.0008925130459951469
D_lex,mistral,wp_0176,0.02282734956568826
D_lex,mistral,wp_0177,0.023900597141851443
D_lex,mistral,wp_0178,-0.0008672560354891168
D_lex,mistral,wp_0179,0.02534611200958291
D_lex,mistral,wp_0180,0.0384297061167855
D_lex,mistral,wp_0181,0.017135947238066863
D_lex,mistral,wp_0182,0.0071092648325600805
D_lex,mistral,wp_0183,0.02193310406858575
D_lex,mistral,wp_0184,0.01581392082533667
D_lex,mistral,wp_0185,0.028000721922747773
D_lex,mistral,wp_0186,-0.0097965877069781
D_lex,mistral,wp_0187,0.003963252679245655
D_lex,mistral,wp_0188,0.014798806699209332
D_lex,mistral,wp_0189,0.01726464746223898
D_lex,mistral,wp_0190,0.0011776518638281774
D_lex,mistral,wp_0191,0.0004215280485913908
D_lex,mistral,wp_0192,0.020769949516273235
D_lex,mistral,wp_0193,0.03100318021327675
D_lex,mistral,wp_0194,0.020820394062474802
D_lex,mistral,wp_0195,0.023286807701783242
D_lex,mistral,wp_0196,0.03184339115708009
D_lex,mistral,wp_0197,0.01760642976503135
D_lex,mistral,wp_0198,0.0056863778396579415
D_lex,mistral,wp_0199,-0.0015441010552429857
D_lex,qwen,wp_0000,0.014290169553636845
D_lex,qwen,wp_0001,0.001704638315876561
D_lex,qwen,wp_0002,-0.006786125717798197
D_lex,qwen,wp_0003,0.030917612580641473
D_lex,qwen,wp_0004,0.010587082620005383
D_lex,qwen,wp_0005,-0.005385348982687677
D_lex,qwen,wp_0006,0.0008462301293051366
D_lex,qwen,wp_0007,0.009950985894544118
D_lex,qwen,wp_0008,0.017370148164940348
D_lex,qwen,wp_0009,-0.00903433269207724
D_lex,qwen,wp_0010,0.003045807225559394
D_lex,qwen,wp_0011,-0.002441936927540145
D_lex,qwen,wp_0012,-0.002614467898867612
D_lex,qwen,wp_0013,0.03343754299386955
D_lex,qwen,wp_0014,0.0016998277238690408
D_lex,qwen,wp_0015,0.006891548494331279
D_lex,qwen,wp_0016,0.008842423610628569
D_lex,qwen,wp_0017,0.01616874257674681
D_lex,qwen,wp_0018,0.01866043818984723
D_lex,qwen,wp_0019,0.0068668698964790996
D_lex,qwen,wp_0020,-0.0031080216943892734
D_lex,qwen,wp_0021,0.017774418058227305
D_lex,qwen,wp_0022,0.025893351665382237
D_lex,qwen,wp_0023,0.022885657346327838
D_lex,qwen,wp_0024,-0.0008855960344449243
D_lex,qwen,wp_0025,0.024389592738080557
D_lex,qwen,wp_0026,0.020460376526187197
D_lex,qwen,wp_0027,0.02338497761488755
D_lex,qwen,wp_0028,-0.007063545924859282
D_lex,qwen,wp_0029,0.019984139507306087
D_lex,qwen,wp_0030,0.006722080966837196
D_lex,qwen,wp_0031,0.022325926169539535
D_lex,qwen,wp_0032,0.0018119295254107048
D_lex,qwen,wp_0033,0.013772540764334661
D_lex,qwen,wp_0034,0.05245218484188145
D_lex,qwen,wp_0035,0.009084023256952723
D_lex,qwen,wp_0036,0.008682035526051323
D_lex,qwen,wp_0037,0.0018463256962327535
D_lex,qwen,wp_0038,0.007393017181686013
D_lex,qwen,wp_0039,-0.002399494396260804
D_lex,qwen,wp_0040,0.0067443462979927095
D_lex,qwen,wp_0041,-0.006935610222712929
D_lex,qwen,wp_0042,-0.005773781707633952
D_lex,qwen,wp_0043,0.0007418483937938869
D_lex,qwen,wp_0044,0.024676231003281913
D_lex,qwen,wp_0045,0.011477476864702473
D_lex,qwen,wp_0046,-0.0017555413920037233
D_lex,qwen,wp_0047,0.019897193166759954
D_lex,qwen,wp_0048,-4.208935315560547e-05
D_lex,qwen,wp_0049,0.03159327507001501
D_lex,qwen,wp_0050,0.03452463023713496
D_lex,qwen,wp_0051,-0.0008195511120604792
D_lex,qwen,wp_0052,0.011961488756010741
D_lex,qwen,wp_0053,0.00239978833498663
D_lex,qwen,wp_0054,-0.0015252318276503974
D_lex,qwen,wp_0055,-0.010794822115532754
D_lex,qwen,wp_0056,0.03542499376418923
D_lex,qwen,wp_0057,0.0007019954127718165
D_lex,qwen,wp_0058,0.008304529067887034
D_lex,qwen,wp_0059,0.04017540145348172
D_lex,qwen,wp_0060,0.019349713847568985
D_lex,qwen,wp_0061,0.013713828942216955
D_lex,qwen,wp_0062,0.017798534243189966
D_lex,qwen,wp_0063,0.0016979311295155619
D_lex,qwen,wp_0064,0.018222486176283404
D_lex,qwen,wp_0065,0.02087409624587876
D_lex,qwen,wp_0066,0.0016616596933644034
D_lex,qwen,wp_0067,-0.002402795193218199
D_lex,qwen,wp_0068,0.0034754647568714715
D_lex,qwen,wp_0069,0.001278836152653684
D_lex,qwen,wp_0070,0.012941383615976354
D_lex,qwen,wp_0071,0.017520217908543457
D_lex,qwen,wp_0072,0.043556396542756906
D_lex,qwen,wp_0073,0.0035211905653943385
D_lex,qwen,wp_0074,0.0202568349546856
D_lex,qwen,wp_0075,0.02508836779120007
D_lex,qwen,wp_0076,0.018640625193430006
D_lex,qwen,wp_0077,-0.00498634879412353
D_lex,qwen,wp_0078,0.00010010620585151341
D_lex,qwen,wp_0079,-3.1863871427395553e-06
D_lex,qwen,wp_0080,0.007505669994242514
D_lex,qwen,wp_0081,0.013419079001718782
D_lex,qwen,wp_0082,2.928568903870499e-06
D_lex,qwen,wp_0083,0.0064500587927312945
D_lex,qwen,wp_0084,0.012973874398508556
D_lex,qwen,wp_0085,0.0195646799138671
D_lex,qwen,wp_0086,-0.0030985761568665506
D_lex,qwen,wp_0087,-0.005219056285597534
D_lex,qwen,wp_0088,-0.005414766681697447
D_lex,qwen,wp_0089,-0.006931658230142679
D_lex,qwen,wp_0090,-0.0072839627725340365
D_lex,qwen,wp_0091,0.03216997286803865
D_lex,qwen,wp_0092,0.0005895169428488334
D_lex,qwen,wp_0093,0.01747721276902734
D_lex,qwen,wp_0094,0.019641120762572396
D_lex,qwen,wp_0095,0.0037050443875380366
D_lex,qwen,wp_0096,0.0027250756997436953
D_lex,qwen,wp_0097,0.008431231854015531
D_lex,qwen,wp_0098,0.006560730395546976
D_lex,qwen,wp_0099,0.027349932514790554
D_lex,qwen,wp_0100,0.006739453609725876
D_lex,qwen,wp_0101,0.007639105695334924
D_lex,qwen,wp_0102,-0.0008563534770245407
D_lex,qwen,wp_0103,0.019437897372765835
D_lex,qwen,wp_0104,0.002586896562899299
D_lex,qwen,wp_0105,0.00261327072958778
D_lex,qwen,wp_0106,0.0007119090303979725
D_lex,qwen,wp_0107,0.012951974148024991
D_lex,qwen,wp_0108,0.02052919716049667
D_lex,qwen,wp_0109,-0.006186990470081488
D_lex,qwen,wp_0110,0.003168792407651577
D_lex,qwen,wp_0112,0.024530957423424316
D_lex,qwen,wp_0113,0.0013128362662778725
D_lex,qwen,wp_0114,0.015330244559819439
D_lex,qwen,wp_0115,0.015152181126160246
D_lex,qwen,wp_0116,0.0014985672393988847
D_lex,qwen,wp_0117,0.014575412213334204
D_lex,qwen,wp_0118,0.01230854977681468
D_lex,qwen,wp_0119,0.026172762918471548
D_lex,qwen,wp_0120,0.007069569572405177
D_lex,qwen,wp_0121,-0.003533094235384948
D_lex,qwen,wp_0122,0.018439263103357983
D_lex,qwen,wp_0123,0.019907205782998882
D_lex,qwen,wp_0124,0.12393928963923018
D_lex,qwen,wp_0125,0.00917680296416934
D_lex,qwen,wp_0126,0.003922348769628903
D_lex,qwen,wp_0127,0.0032316794326084698
D_lex,qwen,wp_0128,0.035207174186392756
D_lex,qwen,wp_0129,0.007561928422266206
D_lex,qwen,wp_0130,0.015576414805413285
D_lex,qwen,wp_0131,0.015733334635323483
D_lex,qwen,wp_0132,0.004994238045833388
D_lex,qwen,wp_0133,0.018175296370238504
D_lex,qwen,wp_0134,0.001533766127272762
D_lex,qwen,wp_0135,0.008555978576577772
D_lex,qwen,wp_0136,0.003096209424270813
D_lex,qwen,wp_0137,0.006851649549241589
D_lex,qwen,wp_0138,0.00269341474100101
D_lex,qwen,wp_0139,-6.385233612093977e-05
D_lex,qwen,wp_0140,0.013653601234253288
D_lex,qwen,wp_0141,0.012343902406780327
D_lex,qwen,wp_0142,0.008802616450479639
D_lex,qwen,wp_0143,-0.01052668482874447
D_lex,qwen,wp_0144,0.010783430374886193
D_lex,qwen,wp_0145,0.022060815325472903
D_lex,qwen,wp_0146,0.014905199257449353
D_lex,qwen,wp_0147,0.002852759765970392
D_lex,qwen,wp_0148,0.007432754670327113
D_lex,qwen,wp_0149,-0.0051437804633424735
D_lex,qwen,wp_0150,0.047133247771840824
D_lex,qwen,wp_0151,0.0074040593644597585
D_lex,qwen,wp_0152,0.005941833593352164
D_lex,qwen,wp_0153,-0.0007064439277718382
D_lex,qwen,wp_0154,0.026525554089076808
D_lex,qwen,wp_0155,0.0013034540856697197
D_lex,qwen,wp_0156,0.008476636943986825
D_lex,qwen,wp_0157,0.0060474104074473515
D_lex,qwen,wp_0158,0.012727981089856922
D_lex,qwen,wp_0159,0.0011649126850144854
D_lex,qwen,wp_0160,0.021264573275540443
D_lex,qwen,wp_0161,-0.0021477654617669704
D_lex,qwen,wp_0162,0.029196424851120794
D_lex,qwen,wp_0163,0.014872890390389037
D_lex,qwen,wp_0164,0.014526586903218619
D_lex,qwen,wp_0165,0.02307241936942266
D_lex,qwen,wp_0166,0.04792714727530525
D_lex,qwen,wp_0167,0.009246198620686975
D_lex,qwen,wp_0168,-0.012789354463633829
D_lex,qwen,wp_0169,0.014821653056478734
D_lex,qwen,wp_0170,0.0029223899196231693
D_lex,qwen,wp_0171,0.008608669205756658
D_lex,qwen,wp_0172,0.004843091011746137
D_lex,qwen,wp_0173,0.048323741705891876
D_lex,qwen,wp_0174,0.01195413562500125
D_lex,qwen,wp_0175,0.0031298161485234675
D_lex,qwen,wp_0176,0.004034081243354426
D_lex,qwen,wp_0177,0.013230152279130835
D_lex,qwen,wp_0178,0.0007099620373177906
D_lex,qwen,wp_0179,0.024263887442027888
D_lex,qwen,wp_0180,0.027083816748945576
D_lex,qwen,wp_0181,0.02345525314683755
D_lex,qwen,wp_0182,0.0019314940095467748
D_lex,qwen,wp_0183,0.017985279104479758
D_lex,qwen,wp_0184,0.01597521059637518
D_lex,qwen,wp_0185,0.020206335929300445
D_lex,qwen,wp_0186,-0.014803422999935922
D_lex,qwen,wp_0187,0.0025809445558105603
D_lex,qwen,wp_0188,0.00934423394773184
D_lex,qwen,wp_0189,0.019196469993949295
D_lex,qwen,wp_0190,0.009325736714604316
D_lex,qwen,wp_0191,0.0011349805259159961
D_lex,qwen,wp_0192,0.015919585364796717
D_lex,qwen,wp_0193,0.021917389832969637
D_lex,qwen,wp_0194,0.06082309905636204
D_lex,qwen,wp_0195,0.017276986702172904
D_lex,qwen,wp_0196,0.018535864177692197
D_lex,qwen,wp_0197,0.012328509405981791
D_lex,qwen,wp_0198,0.017188797440461943
D_lex,qwen,wp_0199,0.0013125033942096409
D_narr,gemma,wp_0000,0.16945999641053544
D_narr,gemma,wp_0001,0.1002710740338693
D_narr,gemma,wp_0002,-0.07193849829755332
D_narr,gemma,wp_0003,-0.3282438374616431
D_narr,gemma,wp_0004,0.3862898508106217
D_narr,gemma,wp_0005,0.08197366754421884
D_narr,gemma,wp_0006,0.219285694354157
D_narr,gemma,wp_0007,-0.532251308467788
D_narr,gemma,wp_0008,-0.35181061456026985
D_narr,gemma,wp_0009,-0.576188845617693
D_narr,gemma,wp_0010,0.268087600418875
D_narr,gemma,wp_0011,-0.7055884988107095
D_narr,gemma,wp_0012,-0.15903197729071517
D_narr,gemma,wp_0013,0.4987895935545664
D_narr,gemma,wp_0014,-0.05217039432196483
D_narr,gemma,wp_0015,0.24373734482956927
D_narr,gemma,wp_0016,-0.12767694199615312
D_narr,gemma,wp_0017,0.2747433823968616
D_narr,gemma,wp_0018,0.6436128718932341
D_narr,gemma,wp_0019,0.01411995406778419
D_narr,gemma,wp_0020,0.11949121241523208
D_narr,gemma,wp_0021,0.4083222345215723
D_narr,gemma,wp_0022,0.21993930132301664
D_narr,gemma,wp_0023,0.7842116265904856
D_narr,gemma,wp_0024,-0.3952240194890155
D_narr,gemma,wp_0025,0.25336225553526126
D_narr,gemma,wp_0026,-0.2227815821637039
D_narr,gemma,wp_0028,0.4678785937581
D_narr,gemma,wp_0029,-0.26446508624342496
D_narr,gemma,wp_0030,-0.24908640797837478
D_narr,gemma,wp_0031,0.5686625141075989
D_narr,gemma,wp_0032,-0.06666974805510417
D_narr,gemma,wp_0033,0.015591596511224682
D_narr,gemma,wp_0034,0.04502223519217145
D_narr,gemma,wp_0035,-0.32302743134672285
D_narr,gemma,wp_0036,0.25051637048431996
D_narr,gemma,wp_0037,-0.3506233275013758
D_narr,gemma,wp_0038,0.2687677471015909
D_narr,gemma,wp_0039,-0.049905645336279836
D_narr,gemma,wp_0040,0.6249707543975085
D_narr,gemma,wp_0041,-0.11855250225103946
D_narr,gemma,wp_0042,-0.36187538844271966
D_narr,gemma,wp_0043,-0.15784961219676288
D_narr,gemma,wp_0044,1.2328544387773215
D_narr,gemma,wp_0045,0.39936033432026524
D_narr,gemma,wp_0046,-0.7100314849916579
D_narr,gemma,wp_0047,-0.3609349470893497
D_narr,gemma,wp_0048,0.12858390114959345
D_narr,gemma,wp_0049,-0.4168982363122179
D_narr,gemma,wp_0050,1.2155711656829742
D_narr,gemma,wp_0051,-0.4361246180997244
D_narr,gemma,wp_0052,-0.08681872238067909
D_narr,gemma,wp_0053,0.09039210726870898
D_narr,gemma,wp_0054,-0.3712038218572612
D_narr,gemma,wp_0055,-0.12429633410128785
D_narr,gemma,wp_0056,0.174886325630966
D_narr,gemma,wp_0057,0.1701350582932813
D_narr,gemma,wp_0058,-0.28748086417966495
D_narr,gemma,wp_0059,-0.383008438747663
D_narr,gemma,wp_0060,0.057989214980159166
D_narr,gemma,wp_0061,0.3762885076719738
D_narr,gemma,wp_0062,0.02191628748368204
D_narr,gemma,wp_0063,0.7375119133259067
D_narr,gemma,wp_0064,0.14374569893940267
D_narr,gemma,wp_0065,-0.17644115777345853
D_narr,gemma,wp_0066,0.2998938523274103
D_narr,gemma,wp_0067,-0.4421982408361325
D_narr,gemma,wp_0068,0.061071006063654606
D_narr,gemma,wp_0069,0.22106480406247356
D_narr,gemma,wp_0070,-0.4441752959184503
D_narr,gemma,wp_0071,-0.06446340700972772
D_narr,gemma,wp_0072,0.1923208934317247
D_narr,gemma,wp_0073,-0.2051600171594235
D_narr,gemma,wp_0074,0.3534048871672677
D_narr,gemma,wp_0075,0.5028609941191367
D_narr,gemma,wp_0076,-0.10811083446669607
D_narr,gemma,wp_0077,0.22837203227596198
D_narr,gemma,wp_0078,-0.3544496547239676
D_narr,gemma,wp_0079,-0.2989746010116984
D_narr,gemma,wp_0080,-0.41862815986191715
D_narr,gemma,wp_0081,-0.16608075934263442
D_narr,gemma,wp_0082,0.005187721207999774
D_narr,gemma,wp_0083,0.43875880373573145
D_narr,gemma,wp_0084,0.04986526877732476
D_narr,gemma,wp_0085,-0.10905176119486151
D_narr,gemma,wp_0086,0.28260024709132486
D_narr,gemma,wp_0087,-0.1647779944946044
D_narr,gemma,wp_0088,-0.23579662657596492
D_narr,gemma,wp_0089,0.13094606852311882
D_narr,gemma,wp_0090,-0.043651232466350276
D_narr,gemma,wp_0091,-0.3655019772000235
D_narr,gemma,wp_0092,-0.2954100887171228
D_narr,gemma,wp_0093,0.4223692957630193
D_narr,gemma,wp_0094,-0.1408985242175928
D_narr,gemma,wp_0095,-0.32019138566762695
D_narr,gemma,wp_0096,-0.2101384209198299
D_narr,gemma,wp_0097,-0.11091946470400993
D_narr,gemma,wp_0098,-0.3242825954099856
D_narr,gemma,wp_0099,-0.08101953467760654
D_narr,gemma,wp_0100,0.41206714013615164
D_narr,gemma,wp_0101,-0.17931579671115383
D_narr,gemma,wp_0102,0.31418473879330144
D_narr,gemma,wp_0103,0.48531484368715294
D_narr,gemma,wp_0104,-0.4438981605173965
D_narr,gemma,wp_0105,1.1881917406877887
D_narr,gemma,wp_0106,0.04432333821680161
D_narr,gemma,wp_0107,-0.038011027505972586
D_narr,gemma,wp_0108,-0.02778833289280831
D_narr,gemma,wp_0109,-0.11449255434974744
D_narr,gemma,wp_0110,-0.18107457883678543
D_narr,gemma,wp_0112,1.2580495050978162
D_narr,gemma,wp_0113,0.26602014497487836
D_narr,gemma,wp_0114,0.04552615647180205
D_narr,gemma,wp_0115,0.06031894209753896
D_narr,gemma,wp_0116,0.2446011745782386
D_narr,gemma,wp_0117,-0.0054988310966384455
D_narr,gemma,wp_0118,0.23843705198151843
D_narr,gemma,wp_0119,0.35716706940885334
D_narr,gemma,wp_0120,0.07367669589529428
D_narr,gemma,wp_0121,-0.15291365369006435
D_narr,gemma,wp_0122,0.5832030156306421
D_narr,gemma,wp_0123,0.2560977783973762
D_narr,gemma,wp_0124,-0.07891217949159449
D_narr,gemma,wp_0125,-0.3090964852242824
D_narr,gemma,wp_0126,0.5049924633181406
D_narr,gemma,wp_0127,0.3506711844247089
D_narr,gemma,wp_0128,-0.2510459795865265
D_narr,gemma,wp_0129,0.4842594927089627
D_narr,gemma,wp_0130,0.07165448379837258
D_narr,gemma,wp_0131,-0.3648749772127545
D_narr,gemma,wp_0132,0.8809180063435635
D_narr,gemma,wp_0133,-0.17161432038332128
D_narr,gemma,wp_0134,0.07236936797886653
D_narr,gemma,wp_0135,-0.2829003729175187
D_narr,gemma,wp_0136,-0.1421926591592088
D_narr,gemma,wp_0137,0.8460323473705182
D_narr,gemma,wp_0138,-0.08400797567821194
D_narr,gemma,wp_0139,0.021823828929054656
D_narr,gemma,wp_0140,0.8451940579216692
D_narr,gemma,wp_0141,0.01651562398372426
D_narr,gemma,wp_0143,-0.25783262341509383
D_narr,gemma,wp_0144,0.19418192008444116
D_narr,gemma,wp_0145,0.9940434206138595
D_narr,gemma,wp_0146,-0.038911730121518495
D_narr,gemma,wp_0147,-0.44032036920342854
D_narr,gemma,wp_0148,0.43670638665704453
D_narr,gemma,wp_0149,0.8153898035276187
D_narr,gemma,wp_0150,0.4032107733268018
D_narr,gemma,wp_0151,-0.014495309463935114
D_narr,gemma,wp_0152,-0.5032277450217497
D_narr,gemma,wp_0153,-0.0038339429115884726
D_narr,gemma,wp_0154,-0.03330629311894375
D_narr,gemma,wp_0155,-0.009369982693437872
D_narr,gemma,wp_0156,-0.15991544983524303
D_narr,gemma,wp_0157,0.5030815968379463
D_narr,gemma,wp_0158,0.23382108133485274
D_narr,gemma,wp_0159,0.5579198349332515
D_narr,gemma,wp_0160,-0.6029418301609372
D_narr,gemma,wp_0161,0.33069921461714735
D_narr,gemma,wp_0162,-0.2415811563069777
D_narr,gemma,wp_0163,0.2926862227983617
D_narr,gemma,wp_0164,0.5725928798869762
D_narr,gemma,wp_0165,0.03413879901372892
D_narr,gemma,wp_0166,0.05432680778787953
D_narr,gemma,wp_0167,0.21475063711206027
D_narr,gemma,wp_0168,-0.1585147425567174
D_narr,gemma,wp_0169,0.06450145031347554
D_narr,gemma,wp_0170,-1.0424361236194823
D_narr,gemma,wp_0171,0.24577226818519046
D_narr,gemma,wp_0172,-0.6878250915140276
D_narr,gemma,wp_0173,-0.45806734477426403
D_narr,gemma,wp_0174,-0.4631684450425352
D_narr,gemma,wp_0175,-0.23986177726054728
D_narr,gemma,wp_0176,0.098156820424173
D_narr,gemma,wp_0177,1.1644008684507665
D_narr,gemma,wp_0178,0.06381593569191754
D_narr,gemma,wp_0179,-0.03277920990646459
D_narr,gemma,wp_0180,0.47060953994271293
D_narr,gemma,wp_0181,-0.369254426244955
D_narr,gemma,wp_0182,-0.2512651891687975
D_narr,gemma,wp_0183,-0.43729304436071254
D_narr,gemma,wp_0184,-0.013801047212238737
D_narr,gemma,wp_0185,-0.09158901143247755
D_narr,gemma,wp_0186,0.252351911054566
D_narr,gemma,wp_0187,-0.0202097348830649
D_narr,gemma,wp_0188,-0.7227853367857833
D_narr,gemma,wp_0189,0.6186858422912784
D_narr,gemma,wp_0190,0.1776940137240203
D_narr,gemma,wp_0191,-0.5842842441835217
D_narr,gemma,wp_0192,0.2610123608604926
D_narr,gemma,wp_0193,-0.01095133326649711
D_narr,gemma,wp_0194,0.4959137105696613
D_narr,gemma,wp_0195,0.07374720828429923
D_narr,gemma,wp_0196,-0.2985126774275121
D_narr,gemma,wp_0197,-0.5702790305103532
D_narr,gemma,wp_0198,-0.6864337831387284
D_narr,gemma,wp_0199,-0.5008706273465405
D_narr,llama,wp_0000,0.5313951928813182
D_narr,llama,wp_0001,0.4895551384013059
D_narr,llama,wp_0002,0.09650333425934395
D_narr,llama,wp_0003,-0.09905542418526747
D_narr,llama,wp_0004,0.6346582426641388
D_narr,llama,wp_0005,-0.18736801706383904
D_narr,llama,wp_0006,0.42237346243506824
D_narr,llama,wp_0007,-0.4285790362992037
D_narr,llama,wp_0008,-0.1279960032323429
D_narr,llama,wp_0009,-0.3239386651045154
D_narr,llama,wp_0010,0.39471319661151283
D_narr,llama,wp_0011,-0.3870131633637087
D_narr,llama,wp_0012,-0.052356865683975906
D_narr,llama,wp_0013,1.2743904427676658
D_narr,llama,wp_0014,0.1259753202561793
D_narr,llama,wp_0015,0.23025745970903094
D_narr,llama,wp_0016,-0.2815201386916484
D_narr,llama,wp_0017,1.3844584307449392
D_narr,llama,wp_0018,-0.035462158941787766
D_narr,llama,wp_0019,0.006892816386299794
D_narr,llama,wp_0020,0.5837321812399111
D_narr,llama,wp_0021,0.8418330816492057
D_narr,llama,wp_0022,0.987267523951013
D_narr,llama,wp_0023,0.5150728665042623
D_narr,llama,wp_0024,-0.22873080254787057
D_narr,llama,wp_0025,0.36536648844407277
D_narr,llama,wp_0026,-0.21907045262033403
D_narr,llama,wp_0028,1.10190710241585
D_narr,llama,wp_0029,0.08647139955025965
D_narr,llama,wp_0030,-0.410806462961507
D_narr,llama,wp_0031,0.9829180938350209
D_narr,llama,wp_0032,-0.004147229691326526
D_narr,llama,wp_0033,0.3670934763877598
D_narr,llama,wp_0034,0.13211038695143168
D_narr,llama,wp_0035,-0.4928980366743341
D_narr,llama,wp_0036,0.7033430256401008
D_narr,llama,wp_0037,-0.379390737989985
D_narr,llama,wp_0038,0.622461696881152
D_narr,llama,wp_0039,0.14998857277987754
D_narr,llama,wp_0040,0.3594797082579949
D_narr,llama,wp_0041,0.14686665508512298
D_narr,llama,wp_0042,-0.3649943347550613
D_narr,llama,wp_0043,0.06068637236585115
D_narr,llama,wp_0044,1.161133772764883
D_narr,llama,wp_0045,0.29699891793583344
D_narr,llama,wp_0046,-0.5594111968290683
D_narr,llama,wp_0047,-0.1194582027417304
D_narr,llama,wp_0048,0.086775581372593
D_narr,llama,wp_0049,-0.06254817744469601
D_narr,llama,wp_0050,1.3899943331542954
D_narr,llama,wp_0051,-0.2885647516062516
D_narr,llama,wp_0052,0.04131190424127891
D_narr,llama,wp_0053,-0.06486447384047667
D_narr,llama,wp_0054,-0.16258370428704735
D_narr,llama,wp_0055,0.026614473915633853
D_narr,llama,wp_0056,0.3418526423090222
D_narr,llama,wp_0057,0.14795014947266277
D_narr,llama,wp_0058,-0.07197805172297342
D_narr,llama,wp_0059,-0.521665831636807
D_narr,llama,wp_0060,0.432653956464285
D_narr,llama,wp_0061,0.44830707168299344
D_narr,llama,wp_0062,0.08659419686738798
D_narr,llama,wp_0063,0.6889714488578702
D_narr,llama,wp_0064,0.20474769537080856
D_narr,llama,wp_0065,0.31042413995969953
D_narr,llama,wp_0066,-0.007486620632466012
D_narr,llama,wp_0067,-0.2932524354920639
D_narr,llama,wp_0068,0.35579210067998723
D_narr,llama,wp_0069,-0.04570773895126177
D_narr,llama,wp_0070,-0.31197026057476207
D_narr,llama,wp_0071,-0.18483994702448933
D_narr,llama,wp_0072,0.24435239938568146
D_narr,llama,wp_0073,-0.2602051169363765
D_narr,llama,wp_0074,0.39657808658242183
D_narr,llama,wp_0075,0.7967394547275152
D_narr,llama,wp_0076,-0.18144279123404922
D_narr,llama,wp_0077,0.28922489663962825
D_narr,llama,wp_0078,-0.2720318041516574
D_narr,llama,wp_0079,-0.14578543624208412
D_narr,llama,wp_0080,-0.18009888982726383
D_narr,llama,wp_0081,0.006907533012656808
D_narr,llama,wp_0082,0.10389987197111403
D_narr,llama,wp_0083,0.5628893919214428
D_narr,llama,wp_0084,-0.010759725710486601
D_narr,llama,wp_0085,-0.040292156326751274
D_narr,llama,wp_0086,0.5190149937712455
D_narr,llama,wp_0087,-0.33917155525309794
D_narr,llama,wp_0088,-0.060566887316715154
D_narr,llama,wp_0089,0.1954375827838449
D_narr,llama,wp_0090,-0.19008928005061526
D_narr,llama,wp_0091,-0.0008711007421321693
D_narr,llama,wp_0092,0.031170327847547075
D_narr,llama,wp_0093,0.9460884831157571
D_narr,llama,wp_0094,0.12198351808618679
D_narr,llama,wp_0095,-0.2578086936569997
D_narr,llama,wp_0096,-0.00010458670151884953
D_narr,llama,wp_0097,-0.13175864919365163
D_narr,llama,wp_0098,-0.3914688051071248
D_narr,llama,wp_0099,-0.0980754599063534
D_narr,llama,wp_0100,0.5570768746591406
D_narr,llama,wp_0101,0.1245454122000674
D_narr,llama,wp_0102,0.6838035042320116
D_narr,llama,wp_0103,0.26173239386454544
D_narr,llama,wp_0104,-0.013409770893915374
D_narr,llama,wp_0105,1.3060424047124668
D_narr,llama,wp_0106,0.3782556601629481
D_narr,llama,wp_0107,-0.31495102316506024
D_narr,llama,wp_0108,0.11426373974164324
D_narr,llama,wp_0109,-0.030067540055584895
D_narr,llama,wp_0110,-0.12269543960286708
D_narr,llama,wp_0112,1.0552449434555704
D_narr,llama,wp_0113,0.89199748959747
D_narr,llama,wp_0114,0.1826562423438483
D_narr,llama,wp_0115,0.1805431203477254
D_narr,llama,wp_0116,0.43844782387790016
D_narr,llama,wp_0117,0.34332006910038576
D_narr,llama,wp_0118,0.056487960475911425
D_narr,llama,wp_0119,0.6516067041133184
D_narr,llama,wp_0120,-0.06200469191877082
D_narr,llama,wp_0121,0.0869170684164661
D_narr,llama,wp_0122,0.7427148470787751
D_narr,llama,wp_0123,0.6852609196029192
D_narr,llama,wp_0124,-0.518746398899923
D_narr,llama,wp_0125,0.3395175107102322
D_narr,llama,wp_0126,0.7706801618621755
D_narr,llama,wp_0127,0.6047502347781698
D_narr,llama,wp_0128,-0.14489070934946166
D_narr,llama,wp_0129,0.3343978276144294
D_narr,llama,wp_0130,-0.07737245125367384
D_narr,llama,wp_0131,-0.3960821031090438
D_narr,llama,wp_0132,0.8726480741588691
D_narr,llama,wp_0133,0.20908689070046002
D_narr,llama,wp_0134,0.022261808016814877
D_narr,llama,wp_0135,0.1372962204164935
D_narr,llama,wp_0136,0.1913236898156673
D_narr,llama,wp_0137,0.5983114704219252
D_narr,llama,wp_0138,0.20151533335248448
D_narr,llama,wp_0139,0.3538980127025436
D_narr,llama,wp_0140,0.8358759813049481
D_narr,llama,wp_0141,-0.05308137348688273
D_narr,llama,wp_0143,-0.24838152938002872
D_narr,llama,wp_0144,0.699297827962029
D_narr,llama,wp_0145,0.6804061892386615
D_narr,llama,wp_0146,0.10244194594107334
D_narr,llama,wp_0147,-0.5680624085090246
D_narr,llama,wp_0148,0.989002498095753
D_narr,llama,wp_0149,0.6794783171146536
D_narr,llama,wp_0150,0.41907967687691344
D_narr,llama,wp_0151,-0.22940557229800312
D_narr,llama,wp_0152,-0.2268296911512806
D_narr,llama,wp_0153,-0.042650654118321675
D_narr,llama,wp_0154,0.35130806349532906
D_narr,llama,wp_0155,-0.05993674304083911
D_narr,llama,wp_0156,-0.04147580323041673
D_narr,llama,wp_0157,0.7229975502022121
D_narr,llama,wp_0158,0.7431296210690402
D_narr,llama,wp_0159,0.39221383659907993
D_narr,llama,wp_0160,-0.5852988294683097
D_narr,llama,wp_0161,0.2829455401468951
D_narr,llama,wp_0162,-0.04361601903209968
D_narr,llama,wp_0163,0.30213237800240794
D_narr,llama,wp_0164,0.17859100956225077
D_narr,llama,wp_0165,0.3545084082656552
D_narr,llama,wp_0166,1.032881534289699
D_narr,llama,wp_0167,0.1701451809208578
D_narr,llama,wp_0168,-0.23135632110951648
D_narr,llama,wp_0169,0.10393409792439808
D_narr,llama,wp_0170,-1.0736966428364263
D_narr,llama,wp_0171,0.12986248732325206
D_narr,llama,wp_0172,-0.7556510692626917
D_narr,llama,wp_0173,-0.7206552965965498
D_narr,llama,wp_0174,-0.3915679165278466
D_narr,llama,wp_0175,-0.12326977485731128
D_narr,llama,wp_0176,0.7114764637190087
D_narr,llama,wp_0177,1.3468771773800459
D_narr,llama,wp_0178,0.6507336551696212
D_narr,llama,wp_0179,0.4644838889290062
D_narr,llama,wp_0180,0.5306456505140613
D_narr,llama,wp_0181,-0.12369501060346906
D_narr,llama,wp_0182,-0.1258604575691742
D_narr,llama,wp_0183,-0.4972592888516088
D_narr,llama,wp_0184,0.2817331421671526
D_narr,llama,wp_0185,0.6546255505641979
D_narr,llama,wp_0186,0.37491647984398235
D_narr,llama,wp_0187,0.22082270237341053
D_narr,llama,wp_0188,-0.4775815559225354
D_narr,llama,wp_0189,0.6816922155354389
D_narr,llama,wp_0190,0.24922012955929698
D_narr,llama,wp_0191,-0.17654790887176758
D_narr,llama,wp_0192,0.4381352648152948
D_narr,llama,wp_0193,0.10866657222631568
D_narr,llama,wp_0194,-0.09684392386981941
D_narr,llama,wp_0195,0.18585190964427634
D_narr,llama,wp_0196,0.20399726446341396
D_narr,llama,wp_0197,-0.09381973599650575
D_narr,llama,wp_0198,-0.3723525505135512
D_narr,llama,wp_0199,-0.3529366643256438
D_narr,mistral,wp_0000,0.9055202509219473
D_narr,mistral,wp_0001,0.4110985891069701
D_narr,mistral,wp_0002,0.4423986002795856
D_narr,mistral,wp_0003,0.27255915407565534
D_narr,mistral,wp_0004,0.9113143049318516
D_narr,mistral,wp_0005,0.5879130576794556
D_narr,mistral,wp_0006,0.42710930016375626
D_narr,mistral,wp_0007,-0.18430511893914842
D_narr,mistral,wp_0008,-0.0643426162315838
D_narr,mistral,wp_0009,-0.15989739610694742
D_narr,mistral,wp_0010,0.5888672011038497
D_narr,mistral,wp_0011,-0.09947200465109671
D_narr,mistral,wp_0012,0.6980096551119983
D_narr,mistral,wp_0013,1.270496487514616
D_narr,mistral,wp_0014,0.5703078098152471
D_narr,mistral,wp_0015,1.1083489610073927
D_narr,mistral,wp_0016,1.275735165982092
D_narr,mistral,wp_0017,0.5867346677351102
D_narr,mistral,wp_0018,0.9924250862152484
D_narr,mistral,wp_0019,0.46484086305723027
D_narr,mistral,wp_0020,0.8564999907936848
D_narr,mistral,wp_0021,1.181136949655331
D_narr,mistral,wp_0022,0.9984494981784593
D_narr,mistral,wp_0023,1.2485655883452702
D_narr,mistral,wp_0024,-0.10005324418491539
D_narr,mistral,wp_0025,0.4811897592361912
D_narr,mistral,wp_0026,0.10158971259238521
D_narr,mistral,wp_0028,1.2938494315846096
D_narr,mistral,wp_0029,0.2996663084557008
D_narr,mistral,wp_0030,0.1253262350479427
D_narr,mistral,wp_0031,1.0806013767242382
D_narr,mistral,wp_0032,0.13631459600877965
D_narr,mistral,wp_0033,0.6390335828464215
D_narr,mistral,wp_0034,0.17414251111155238
D_narr,mistral,wp_0035,-0.1487677442560053
D_narr,mistral,wp_0036,1.0470279414090853
D_narr,mistral,wp_0037,0.02694842490778391
D_narr,mistral,wp_0038,0.5896598933440413
D_narr,mistral,wp_0039,0.6022480635931382
D_narr,mistral,wp_0040,0.35287221612308095
D_narr,mistral,wp_0041,0.10520291859755897
D_narr,mistral,wp_0042,-0.26616235475130207
D_narr,mistral,wp_0043,0.1414101965536878
D_narr,mistral,wp_0044,2.119199145644587
D_narr,mistral,wp_0045,0.5566252798393183
D_narr,mistral,wp_0046,-0.41456627615756003
D_narr,mistral,wp_0047,-0.02468002555521056
D_narr,mistral,wp_0048,1.095760204316722
D_narr,mistral,wp_0049,0.4428258979109124
D_narr,mistral,wp_0050,1.6749821305111172
D_narr,mistral,wp_0051,0.160368931235133
D_narr,mistral,wp_0052,0.8533408876464067
D_narr,mistral,wp_0053,0.36245438532423224
D_narr,mistral,wp_0054,0.10050369784096014
D_narr,mistral,wp_0055,0.08591879213473534
D_narr,mistral,wp_0056,0.6020739991904882
D_narr,mistral,wp_0057,-0.0654007558775906
D_narr,mistral,wp_0058,-0.16878594459254165
D_narr,mistral,wp_0059,0.1669433481410485
D_narr,mistral,wp_0060,0.20529901683540325
D_narr,mistral,wp_0061,0.6911637400738012
D_narr,mistral,wp_0062,0.0022670619961328463
D_narr,mistral,wp_0063,1.5850625797272042
D_narr,mistral,wp_0064,0.43187347249603614
D_narr,mistral,wp_0065,0.8019509402817091
D_narr,mistral,wp_0066,1.0700064304208974
D_narr,mistral,wp_0067,0.0927716466052304
D_narr,mistral,wp_0068,0.5482049610969166
D_narr,mistral,wp_0069,0.4668629082106266
D_narr,mistral,wp_0070,-0.36374516472484053
D_narr,mistral,wp_0071,0.5270368022893541
D_narr,mistral,wp_0072,0.4021397870173617
D_narr,mistral,wp_0073,0.46363200849218433
D_narr,mistral,wp_0074,1.4506071909341718
D_narr,mistral,wp_0075,1.0426349994440023
D_narr,mistral,wp_0076,0.6621046463348529
D_narr,mistral,wp_0077,0.7754411621686023
D_narr,mistral,wp_0078,0.39582040205325353
D_narr,mistral,wp_0079,0.119586414936331
D_narr,mistral,wp_0080,-0.06865309503294607
D_narr,mistral,wp_0081,0.2572679535684704
D_narr,mistral,wp_0082,-0.08655727792527017
D_narr,mistral,wp_0083,0.6327476635752728
D_narr,mistral,wp_0084,0.2859075231286979
D_narr,mistral,wp_0085,0.9114777525057501
D_narr,mistral,wp_0086,1.2660192192228468
D_narr,mistral,wp_0087,0.33645202113527634
D_narr,mistral,wp_0088,0.3739867845471444
D_narr,mistral,wp_0089,1.2130652099469565
D_narr,mistral,wp_0090,0.28047423929320725
D_narr,mistral,wp_0091,-0.056614393630220715
D_narr,mistral,wp_0092,0.7266310678019667
D_narr,mistral,wp_0093,1.3719917098352052
D_narr,mistral,wp_0094,0.3787688847186864
D_narr,mistral,wp_0095,0.2251260822844662
D_narr,mistral,wp_0096,0.2527408067052775
D_narr,mistral,wp_0097,0.2892925582898948
D_narr,mistral,wp_0098,0.4143438978330282
D_narr,mistral,wp_0099,0.18283426255501412
D_narr,mistral,wp_0100,1.0129778144116635
D_narr,mistral,wp_0101,1.066505592916973
D_narr,mistral,wp_0102,1.491745022521256
D_narr,mistral,wp_0103,0.9601891503007358
D_narr,mistral,wp_0104,0.4189294129442967
D_narr,mistral,wp_0105,1.6534382857655743
D_narr,mistral,wp_0106,0.5185155924019337
D_narr,mistral,wp_0107,0.11016827775335174
D_narr,mistral,wp_0108,0.5476891437570144
D_narr,mistral,wp_0109,0.18605712909020716
D_narr,mistral,wp_0110,0.18701318640521752
D_narr,mistral,wp_0112,1.5855365518329518
D_narr,mistral,wp_0113,0.9956871971913237
D_narr,mistral,wp_0114,0.7886576972368387
D_narr,mistral,wp_0115,0.5334999254556622
D_narr,mistral,wp_0116,0.8983157585033968
D_narr,mistral,wp_0117,0.692158209524945
D_narr,mistral,wp_0118,0.6110441487118432
D_narr,mistral,wp_0119,1.2315434519938506
D_narr,mistral,wp_0120,0.42355705681933614
D_narr,mistral,wp_0121,2.062215689469403
D_narr,mistral,wp_0122,1.394615579075729
D_narr,mistral,wp_0123,1.0975641377897936
D_narr,mistral,wp_0124,0.2651544499526707
D_narr,mistral,wp_0125,0.770086936959499
D_narr,mistral,wp_0126,1.7065186194932676
D_narr,mistral,wp_0127,0.6424146249154047
D_narr,mistral,wp_0128,-0.12700069889630453
D_narr,mistral,wp_0129,0.3367949706362054
D_narr,mistral,wp_0130,0.20410866809593417
D_narr,mistral,wp_0131,0.02606620137611628
D_narr,mistral,wp_0132,1.2173270556438676
D_narr,mistral,wp_0133,0.3929468085615155
D_narr,mistral,wp_0134,0.7317282201895179
D_narr,mistral,wp_0135,0.8734149312763992
D_narr,mistral,wp_0136,0.2250566019734558
D_narr,mistral,wp_0137,1.6674580878773242
D_narr,mistral,wp_0138,0.7153195642500807
D_narr,mistral,wp_0139,0.507189860954752
D_narr,mistral,wp_0140,1.4699022385197789
D_narr,mistral,wp_0141,0.6368558959986611
D_narr,mistral,wp_0143,-0.2650328865952142
D_narr,mistral,wp_0144,0.7248512745664175
D_narr,mistral,wp_0145,1.0568723508573201
D_narr,mistral,wp_0146,0.2995347545602534
D_narr,mistral,wp_0147,-0.28844231326974457
D_narr,mistral,wp_0148,1.221097547357471
D_narr,mistral,wp_0149,1.3713139716589673
D_narr,mistral,wp_0150,2.054103080666055
D_narr,mistral,wp_0151,-0.16880107899699484
D_narr,mistral,wp_0152,-0.29544819898762764
D_narr,mistral,wp_0153,0.5937034690733782
D_narr,mistral,wp_0154,0.391611732925856
D_narr,mistral,wp_0155,0.16918178257379082
D_narr,mistral,wp_0156,0.9547317669781858
D_narr,mistral,wp_0157,1.3468989718444417
D_narr,mistral,wp_0158,0.89105045979322
D_narr,mistral,wp_0159,0.8263814661769029
D_narr,mistral,wp_0160,-0.22639816842043087
D_narr,mistral,wp_0161,0.7417411926119706
D_narr,mistral,wp_0162,0.09370669950170725
D_narr,mistral,wp_0163,0.5843903926299931
D_narr,mistral,wp_0164,0.6813718942133098
D_narr,mistral,wp_0165,0.12183319951103977
D_narr,mistral,wp_0166,1.1212616686942845
D_narr,mistral,wp_0167,1.0455344136005995
D_narr,mistral,wp_0168,0.29424384554784033
D_narr,mistral,wp_0169,0.5772340541391904
D_narr,mistral,wp_0170,-0.6146017239397652
D_narr,mistral,wp_0171,0.8987999327045223
D_narr,mistral,wp_0172,-0.26181987050547806
D_narr,mistral,wp_0173,-0.7772414482506191
D_narr,mistral,wp_0174,-0.014825114266114747
D_narr,mistral,wp_0175,0.4162937280189305
D_narr,mistral,wp_0176,0.8337154122065285
D_narr,mistral,wp_0177,1.8903902771401633
D_narr,mistral,wp_0178,0.3173527596514493
D_narr,mistral,wp_0179,1.1698297158908808
D_narr,mistral,wp_0180,0.6626971196021406
D_narr,mistral,wp_0181,0.2959229268208686
D_narr,mistral,wp_0182,0.6957285212018094
D_narr,mistral,wp_0183,-0.3552352360780585
D_narr,mistral,wp_0184,0.9529356208545527
D_narr,mistral,wp_0185,1.012627510886539
D_narr,mistral,wp_0186,0.2923761409328317
D_narr,mistral,wp_0187,0.5661506491553032
D_narr,mistral,wp_0188,-0.3470882969187053
D_narr,mistral,wp_0189,0.6942685726682921
D_narr,mistral,wp_0190,0.8118453094389603
D_narr,mistral,wp_0191,-0.15271009373966993
D_narr,mistral,wp_0192,1.141417502469003
D_narr,mistral,wp_0193,0.6784361800169741
D_narr,mistral,wp_0194,0.3163676120995609
D_narr,mistral,wp_0195,0.8251821534915486
D_narr,mistral,wp_0196,0.5839118779951388
D_narr,mistral,wp_0197,-0.33634069047991033
D_narr,mistral,wp_0198,0.3718913923039408
D_narr,mistral,wp_0199,-0.47114774575814894
D_narr,qwen,wp_0000,0.9308411591926902
D_narr,qwen,wp_0001,0.5579248003487944
D_narr,qwen,wp_0002,0.386876001962035
D_narr,qwen,wp_0003,-0.08358201102099735
D_narr,qwen,wp_0004,0.707581820158642
D_narr,qwen,wp_0005,0.2243573313051857
D_narr,qwen,wp_0006,0.5436272778071317
D_narr,qwen,wp_0007,-0.40966115249677915
D_narr,qwen,wp_0008,-0.5303585331605544
D_narr,qwen,wp_0009,0.09285163348567224
D_narr,qwen,wp_0010,0.9225077993295073
D_narr,qwen,wp_0011,-0.4816549894499307
D_narr,qwen,wp_0012,0.1423752375529018
D_narr,qwen,wp_0013,1.3676597690283074
D_narr,qwen,wp_0014,0.47618677243650687
D_narr,qwen,wp_0015,1.0992796644487337
D_narr,qwen,wp_0016,0.7068984610299107
D_narr,qwen,wp_0017,-0.04772775977096697
D_narr,qwen,wp_0018,0.4328252846574216
D_narr,qwen,wp_0019,0.16578373856052875
D_narr,qwen,wp_0020,0.4068080975793782
D_narr,qwen,wp_0021,0.28001299017580683
D_narr,qwen,wp_0022,1.008705547091987
D_narr,qwen,wp_0023,1.4422372293266366
D_narr,qwen,wp_0024,-0.28426431923941464
D_narr,qwen,wp_0025,0.33657399381134123
D_narr,qwen,wp_0026,-0.09967971657793169
D_narr,qwen,wp_0028,0.5949366075005861
D_narr,qwen,wp_0029,-0.03129420286055144
D_narr,qwen,wp_0030,-0.09215267460511072
D_narr,qwen,wp_0031,0.9854130250330648
D_narr,qwen,wp_0032,-0.03275104720022246
D_narr,qwen,wp_0033,0.5757297916798689
D_narr,qwen,wp_0034,0.1682593632256828
D_narr,qwen,wp_0035,-0.5956875482727262
D_narr,qwen,wp_0036,0.2870831941922042
D_narr,qwen,wp_0037,-0.025822555038789476
D_narr,qwen,wp_0038,0.7618630813068418
D_narr,qwen,wp_0039,0.20520704819999405
D_narr,qwen,wp_0040,0.2261444793783912
D_narr,qwen,wp_0041,0.06920216239084627
D_narr,qwen,wp_0042,-0.3067332105295223
D_narr,qwen,wp_0043,0.2481548522309398
D_narr,qwen,wp_0044,1.4829626747750624
D_narr,qwen,wp_0045,-0.01746020170031266
D_narr,qwen,wp_0046,-0.48932542868712814
D_narr,qwen,wp_0047,-0.11220994641846879
D_narr,qwen,wp_0048,0.6284373270909975
D_narr,qwen,wp_0049,0.2672124909749959
D_narr,qwen,wp_0050,1.711198116642508
D_narr,qwen,wp_0051,-0.3895318892521571
D_narr,qwen,wp_0052,0.21245916666788894
D_narr,qwen,wp_0053,0.03318032624347913
D_narr,qwen,wp_0054,-0.3322665023580189
D_narr,qwen,wp_0055,0.2776577477409119
D_narr,qwen,wp_0056,0.16583968241948285
D_narr,qwen,wp_0057,0.32588972382975584
D_narr,qwen,wp_0058,-0.3999417123314822
D_narr,qwen,wp_0059,-0.3397708392902715
D_narr,qwen,wp_0060,0.1962205903176042
D_narr,qwen,wp_0061,0.30974293953535115
D_narr,qwen,wp_0062,0.3502797442922144
D_narr,qwen,wp_0063,0.822350403346554
D_narr,qwen,wp_0064,0.40356580562711
D_narr,qwen,wp_0065,0.15357507201825135
D_narr,qwen,wp_0066,0.335226258361916
D_narr,qwen,wp_0067,-0.18051256047328854
D_narr,qwen,wp_0068,0.15878429580483377
D_narr,qwen,wp_0069,0.2543771468860034
D_narr,qwen,wp_0070,-0.39587002473288946
D_narr,qwen,wp_0071,-0.12930150680013855
D_narr,qwen,wp_0072,0.14461941271198478
D_narr,qwen,wp_0073,-0.02302292244747961
D_narr,qwen,wp_0074,0.6121022303884771
D_narr,qwen,wp_0075,0.7578573700024931
D_narr,qwen,wp_0076,0.31383816360008826
D_narr,qwen,wp_0077,0.1254019500597352
D_narr,qwen,wp_0078,-0.03583191045608305
D_narr,qwen,wp_0079,-0.17455691254826164
D_narr,qwen,wp_0080,0.12233166314143692
D_narr,qwen,wp_0081,0.1347587704805358
D_narr,qwen,wp_0082,0.33216488247648635
D_narr,qwen,wp_0083,0.3199295360848553
D_narr,qwen,wp_0084,0.17473769320988936
D_narr,qwen,wp_0085,-0.009565042263248679
D_narr,qwen,wp_0086,0.6819933097049281
D_narr,qwen,wp_0087,-0.23369528548943186
D_narr,qwen,wp_0088,-0.06920107027663884
D_narr,qwen,wp_0089,0.4593246629763403
D_narr,qwen,wp_0090,0.010912277083024868
D_narr,qwen,wp_0091,-0.0023157612899967982
D_narr,qwen,wp_0092,0.24157133733429856
D_narr,qwen,wp_0093,0.6731134639189191
D_narr,qwen,wp_0094,0.6462550003546692
D_narr,qwen,wp_0095,-0.006238662767900438
D_narr,qwen,wp_0096,0.09369809564859718
D_narr,qwen,wp_0097,-0.020712599148810983
D_narr,qwen,wp_0098,-0.17115576116337197
D_narr,qwen,wp_0099,0.06606104452207857
D_narr,qwen,wp_0100,0.9224226503472979
D_narr,qwen,wp_0101,0.5361056653038452
D_narr,qwen,wp_0102,0.40075244988588254
D_narr,qwen,wp_0103,0.21635576682459093
D_narr,qwen,wp_0104,0.12342571357683432
D_narr,qwen,wp_0105,1.6559628274350857
D_narr,qwen,wp_0106,-0.04698027972896801
D_narr,qwen,wp_0107,-0.12797305841627904
D_narr,qwen,wp_0108,0.1497322032385339
D_narr,qwen,wp_0109,-0.005352375085752703
D_narr,qwen,wp_0110,-0.35337203015478047
D_narr,qwen,wp_0112,1.3231851355064408
D_narr,qwen,wp_0113,0.5122457165898029
D_narr,qwen,wp_0114,0.5925531467619487
D_narr,qwen,wp_0115,0.3253591480568711
D_narr,qwen,wp_0116,0.7508226385586679
D_narr,qwen,wp_0117,0.24260705154110504
D_narr,qwen,wp_0118,0.46077759511980093
D_narr,qwen,wp_0119,0.4841995261455838
D_narr,qwen,wp_0120,0.21978992290652533
D_narr,qwen,wp_0121,0.8129962304979621
D_narr,qwen,wp_0122,0.8410440379250594
D_narr,qwen,wp_0123,0.8682147566509067
D_narr,qwen,wp_0124,0.07290183613550853
D_narr,qwen,wp_0125,0.06247054404731918
D_narr,qwen,wp_0126,0.9674123429601618
D_narr,qwen,wp_0127,0.2612411526849206
D_narr,qwen,wp_0128,-0.0371674637715925
D_narr,qwen,wp_0129,0.4167982771179963
D_narr,qwen,wp_0130,-0.06809706305651005
D_narr,qwen,wp_0131,-0.2958203330344951
D_narr,qwen,wp_0132,0.818759112426761
D_narr,qwen,wp_0133,0.1481630254865987
D_narr,qwen,wp_0134,0.18238666017590416
D_narr,qwen,wp_0135,-0.07207238484311947
D_narr,qwen,wp_0136,-0.04282673654577986
D_narr,qwen,wp_0137,1.1661997039108418
D_narr,qwen,wp_0138,0.2447016550366221
D_narr,qwen,wp_0139,0.22774420678659513
D_narr,qwen,wp_0140,1.101912224900865
D_narr,qwen,wp_0141,-0.21000655369240392
D_narr,qwen,wp_0143,-0.531137990672734
D_narr,qwen,wp_0144,0.5759623625283927
D_narr,qwen,wp_0145,1.1143373082178705
D_narr,qwen,wp_0146,0.20709896467036976
D_narr,qwen,wp_0147,-0.5466919017794982
D_narr,qwen,wp_0148,0.6394644843348742
D_narr,qwen,wp_0149,0.7192736117904064
D_narr,qwen,wp_0150,1.0664013359714326
D_narr,qwen,wp_0151,-0.4321412544008695
D_narr,qwen,wp_0152,-0.3639029363598103
D_narr,qwen,wp_0153,0.28926016249387504
D_narr,qwen,wp_0154,0.2314603483458204
D_narr,qwen,wp_0155,0.2524731087205044
D_narr,qwen,wp_0156,0.33233077397750116
D_narr,qwen,wp_0157,1.2416474136147806
D_narr,qwen,wp_0158,0.7775716641515691
D_narr,qwen,wp_0159,0.26051904290988437
D_narr,qwen,wp_0160,-0.4693107186422365
D_narr,qwen,wp_0161,0.5260501650064604
D_narr,qwen,wp_0162,-0.29125891071229204
D_narr,qwen,wp_0163,0.38297399924072034
D_narr,qwen,wp_0164,0.5749529271634225
D_narr,qwen,wp_0165,-0.12094038436976284
D_narr,qwen,wp_0166,0.9878186490948749
D_narr,qwen,wp_0167,0.5375748653294448
D_narr,qwen,wp_0168,0.0698215374591975
D_narr,qwen,wp_0169,0.14047689410287653
D_narr,qwen,wp_0170,-0.7216134382846641
D_narr,qwen,wp_0171,0.8231361133452854
D_narr,qwen,wp_0172,-0.39077815121409604
D_narr,qwen,wp_0173,-0.8017450953618246
D_narr,qwen,wp_0174,-0.36489942373203743
D_narr,qwen,wp_0175,0.30557770271248835
D_narr,qwen,wp_0176,0.24658858362822617
D_narr,qwen,wp_0177,1.6784684538319798
D_narr,qwen,wp_0178,0.6061770205771753
D_narr,qwen,wp_0179,0.7875712283106491
D_narr,qwen,wp_0180,0.7262991267650942
D_narr,qwen,wp_0181,0.21084452540818344
D_narr,qwen,wp_0182,-0.08309192005428807
D_narr,qwen,wp_0183,-0.472703290269007
D_narr,qwen,wp_0184,0.8739091292503997
D_narr,qwen,wp_0185,0.5467894301829235
D_narr,qwen,wp_0186,0.27745540622991816
D_narr,qwen,wp_0187,0.14554719218634363
D_narr,qwen,wp_0188,-0.22599882700186114
D_narr,qwen,wp_0189,0.8372030301007092
D_narr,qwen,wp_0190,1.0995051381572376
D_narr,qwen,wp_0191,-0.1464654513099012
D_narr,qwen,wp_0192,0.4731517569959321
D_narr,qwen,wp_0193,0.10517483067260971
D_narr,qwen,wp_0194,-0.14101673025613143
D_narr,qwen,wp_0195,0.015313578434006514
D_narr,qwen,wp_0196,0.25438259885204884
D_narr,qwen,wp_0197,-0.3085181783957162
D_narr,qwen,wp_0198,-0.5224146274085838
D_narr,qwen,wp_0199,-0.27641420401151195
D_sem,gemma,wp_0000,-0.03265091657638549
D_sem,gemma,wp_0001,-0.01915103197097779
D_sem,gemma,wp_0002,-0.042872257232666015
D_sem,gemma,wp_0003,-0.013078242540359497
D_sem,gemma,wp_0004,-0.031477849483489986
D_sem,gemma,wp_0005,-0.021589428186416636
D_sem,gemma,wp_0006,-0.004772963523864748
D_sem,gemma,wp_0007,-0.038985655307769776
D_sem,gemma,wp_0008,-0.010515618324279784
D_sem,gemma,wp_0009,-0.027925596237182625
D_sem,gemma,wp_0010,-0.046743985414505
D_sem,gemma,wp_0011,-0.043631166219711304
D_sem,gemma,wp_0012,-0.02083813905715942
D_sem,gemma,wp_0013,-0.020320113897323605
D_sem,gemma,wp_0014,-0.010049142837524413
D_sem,gemma,wp_0015,0.0029644310474395753
D_sem,gemma,wp_0016,-0.03386215448379516
D_sem,gemma,wp_0017,0.010097231864929187
D_sem,gemma,wp_0018,0.03879809141159059
D_sem,gemma,wp_0019,-0.03600067257881164
D_sem,gemma,wp_0020,-0.04685623407363891
D_sem,gemma,wp_0021,0.016192722320556636
D_sem,gemma,wp_0022,0.009726165533065798
D_sem,gemma,wp_0023,0.010266121625900265
D_sem,gemma,wp_0024,-0.03853193163871766
D_sem,gemma,wp_0025,-0.012633401155471801
D_sem,gemma,wp_0026,-0.035252017974853514
D_sem,gemma,wp_0027,0.0436750876903534
D_sem,gemma,wp_0028,-0.039532866477966305
D_sem,gemma,wp_0029,-0.000705037117004395
D_sem,gemma,wp_0030,-0.03297743916511535
D_sem,gemma,wp_0031,-0.0181908369064331
D_sem,gemma,wp_0032,0.0002933859825134166
D_sem,gemma,wp_0033,-0.047179601192474364
D_sem,gemma,wp_0034,-0.0016808855533599816
D_sem,gemma,wp_0035,0.02755398511886597
D_sem,gemma,wp_0036,-0.030010457038879397
D_sem,gemma,wp_0037,0.003228718042373646
D_sem,gemma,wp_0038,-0.020670309066772464
D_sem,gemma,wp_0039,-0.009896559715270986
D_sem,gemma,wp_0040,-0.022155989408493042
D_sem,gemma,wp_0041,-0.03914994478225707
D_sem,gemma,wp_0042,-0.042289144992828376
D_sem,gemma,wp_0043,-0.029692344665527344
D_sem,gemma,wp_0044,0.02122991681098938
D_sem,gemma,wp_0045,-0.041610080003738406
D_sem,gemma,wp_0046,-0.0354005742073059
D_sem,gemma,wp_0047,-0.022013549804687494
D_sem,gemma,wp_0048,-0.021193078756332397
D_sem,gemma,wp_0049,-0.028923450708389288
D_sem,gemma,wp_0050,-0.04580801129341126
D_sem,gemma,wp_0051,-0.02540360569953919
D_sem,gemma,wp_0052,-0.016634728908538822
D_sem,gemma,wp_0053,-0.033532757759094235
D_sem,gemma,wp_0054,-0.0001222538948059182
D_sem,gemma,wp_0055,-0.047476453781127935
D_sem,gemma,wp_0056,-0.015823484659194944
D_sem,gemma,wp_0057,-0.054960012435913086
D_sem,gemma,wp_0058,-0.036527143716812135
D_sem,gemma,wp_0059,0.1314108967781067
D_sem,gemma,wp_0060,-0.0034776949882507346
D_sem,gemma,wp_0061,-0.012159879207611085
D_sem,gemma,wp_0062,0.0018014407157897927
D_sem,gemma,wp_0063,-0.052556902170181274
D_sem,gemma,wp_0064,-0.031656193733215314
D_sem,gemma,wp_0065,-0.016634681224823002
D_sem,gemma,wp_0066,0.024970785379409787
D_sem,gemma,wp_0067,-0.032589656114578244
D_sem,gemma,wp_0068,-0.026823284626007082
D_sem,gemma,wp_0069,-0.04323033094406128
D_sem,gemma,wp_0070,-0.06130749464035033
D_sem,gemma,wp_0071,0.010731021165847782
D_sem,gemma,wp_0072,-0.012959160804748538
D_sem,gemma,wp_0073,-0.046155320405960085
D_sem,gemma,wp_0074,-0.016632419824600224
D_sem,gemma,wp_0075,-0.005408928394317619
D_sem,gemma,wp_0076,-0.026648651361465457
D_sem,gemma,wp_0077,-0.07527958393096924
D_sem,gemma,wp_0078,-0.05297669649124146
D_sem,gemma,wp_0079,-0.013193435668945324
D_sem,gemma,wp_0080,-0.048701810836791995
D_sem,gemma,wp_0081,-0.005298308134078986
D_sem,gemma,wp_0082,-0.016142772436141976
D_sem,gemma,wp_0083,-0.004646582603454593
D_sem,gemma,wp_0084,-0.004323413372039795
D_sem,gemma,wp_0085,0.011091874837875368
D_sem,gemma,wp_0086,-0.03505624771118163
D_sem,gemma,wp_0087,-0.04008621096611023
D_sem,gemma,wp_0088,-0.05347440242767334
D_sem,gemma,wp_0089,-0.02566376090049744
D_sem,gemma,wp_0090,-0.03947063684463501
D_sem,gemma,wp_0091,0.020914194583892827
D_sem,gemma,wp_0092,-0.02865150451660156
D_sem,gemma,wp_0093,-0.026728699207305917
D_sem,gemma,wp_0094,-0.025587874650955206
D_sem,gemma,wp_0095,0.014121452569961557
D_sem,gemma,wp_0096,-0.0286040496826172
D_sem,gemma,wp_0097,-0.04463474273681641
D_sem,gemma,wp_0098,-0.04465611457824707
D_sem,gemma,wp_0099,-0.06692021250724792
D_sem,gemma,wp_0100,-0.047140295505523684
D_sem,gemma,wp_0101,-0.01874795675277711
D_sem,gemma,wp_0102,-0.03380981683731079
D_sem,gemma,wp_0103,-0.02996798634529114
D_sem,gemma,wp_0104,-0.020056300163269057
D_sem,gemma,wp_0105,-0.03532277464866637
D_sem,gemma,wp_0106,-0.06818911790847777
D_sem,gemma,wp_0107,-0.0040018904209136895
D_sem,gemma,wp_0108,-0.02490895748138427
D_sem,gemma,wp_0109,-0.03885475277900695
D_sem,gemma,wp_0110,-0.027752848863601676
D_sem,gemma,wp_0112,-0.04089533090591431
D_sem,gemma,wp_0113,-0.016631954908370977
D_sem,gemma,wp_0114,-0.04155202984809876
D_sem,gemma,wp_0115,-0.011862860918045046
D_sem,gemma,wp_0116,-0.0427282738685608
D_sem,gemma,wp_0117,0.03053213834762573
D_sem,gemma,wp_0118,-0.011936233043670655
D_sem,gemma,wp_0119,-0.0133013117313385
D_sem,gemma,wp_0120,0.003703745603561406
D_sem,gemma,wp_0121,-0.014391868114471431
D_sem,gemma,wp_0122,-0.008591026067733765
D_sem,gemma,wp_0123,-0.03282469153404237
D_sem,gemma,wp_0124,-0.03308406472206116
D_sem,gemma,wp_0125,-0.00913024187088012
D_sem,gemma,wp_0126,-0.005355525016784662
D_sem,gemma,wp_0127,-0.026075469255447393
D_sem,gemma,wp_0128,0.0033288276195526044
D_sem,gemma,wp_0129,-0.06930389285087586
D_sem,gemma,wp_0130,-0.014763059616088878
D_sem,gemma,wp_0131,-0.01203444600105286
D_sem,gemma,wp_0132,-0.022563065290451052
D_sem,gemma,wp_0133,0.007229808568954476
D_sem,gemma,wp_0134,-0.03883650064468382
D_sem,gemma,wp_0135,-0.046430097818374635
D_sem,gemma,wp_0136,0.012940027713775625
D_sem,gemma,wp_0137,-0.023251633644104014
D_sem,gemma,wp_0138,0.022228606939315797
D_sem,gemma,wp_0139,-0.01988846659660339
D_sem,gemma,wp_0140,-0.01867020845413208
D_sem,gemma,wp_0141,-0.006290535926818846
D_sem,gemma,wp_0142,0.0024904060363769576
D_sem,gemma,wp_0143,-0.04407050371170044
D_sem,gemma,wp_0144,-0.0008652126789093023
D_sem,gemma,wp_0145,-0.042080979347229014
D_sem,gemma,wp_0146,-0.002979303598403929
D_sem,gemma,wp_0147,-0.01892532944679261
D_sem,gemma,wp_0148,-0.028880131244659428
D_sem,gemma,wp_0149,-0.03926865100860595
D_sem,gemma,wp_0150,0.04628835082054139
D_sem,gemma,wp_0151,-0.04296690940856934
D_sem,gemma,wp_0152,-0.035457694530487055
D_sem,gemma,wp_0153,-0.02910136103630066
D_sem,gemma,wp_0154,-0.018927161693572992
D_sem,gemma,wp_0155,-0.026903600692749018
D_sem,gemma,wp_0156,0.009620671272277836
D_sem,gemma,wp_0157,0.015994702577590947
D_sem,gemma,wp_0158,-0.06907920837402344
D_sem,gemma,wp_0159,-0.0338705050945282
D_sem,gemma,wp_0160,-0.03004743337631226
D_sem,gemma,wp_0161,-0.07162298560142517
D_sem,gemma,wp_0162,0.11287748336791992
D_sem,gemma,wp_0163,0.029196233749389656
D_sem,gemma,wp_0164,-0.024499742984771724
D_sem,gemma,wp_0165,-0.020062829256057742
D_sem,gemma,wp_0166,0.005486060380935664
D_sem,gemma,wp_0167,0.015077948570251461
D_sem,gemma,wp_0168,-0.0459653913974762
D_sem,gemma,wp_0169,-0.03022225737571716
D_sem,gemma,wp_0170,-0.023803274631500247
D_sem,gemma,wp_0171,-0.07008931756019592
D_sem,gemma,wp_0172,-0.013982571363449098
D_sem,gemma,wp_0173,0.06520674586296082
D_sem,gemma,wp_0174,0.007677553892135622
D_sem,gemma,wp_0175,-0.0007772839069366405
D_sem,gemma,wp_0176,0.019411067962646484
D_sem,gemma,wp_0177,-0.01602643609046936
D_sem,gemma,wp_0178,-0.019916757345199588
D_sem,gemma,wp_0179,-0.014665238857269284
D_sem,gemma,wp_0180,-0.011630915403366087
D_sem,gemma,wp_0181,-0.012815988063812256
D_sem,gemma,wp_0182,-0.009938837289810182
D_sem,gemma,wp_0183,-0.013726636171340938
D_sem,gemma,wp_0184,-0.02887419462203979
D_sem,gemma,wp_0185,-0.032078086137771605
D_sem,gemma,wp_0186,-0.04332590579986574
D_sem,gemma,wp_0187,-0.04747034788131713
D_sem,gemma,wp_0188,0.04303203463554382
D_sem,gemma,wp_0189,-0.025292521715164173
D_sem,gemma,wp_0190,-0.0207760763168335
D_sem,gemma,wp_0191,-0.014897043704986573
D_sem,gemma,wp_0192,-0.061901521682739255
D_sem,gemma,wp_0193,-0.04161307215690613
D_sem,gemma,wp_0194,0.016991529464721683
D_sem,gemma,wp_0195,-0.02826517462730408
D_sem,gemma,wp_0196,-0.012642424106597897
D_sem,gemma,wp_0197,-0.0035087335109710684
D_sem,gemma,wp_0198,-0.040077235698699955
D_sem,gemma,wp_0199,-0.00795681476593017
D_sem,llama,wp_0000,-0.02664377212524414
D_sem,llama,wp_0001,-0.027517633438110357
D_sem,llama,wp_0002,-0.047244756221771246
D_sem,llama,wp_0003,-0.0478957188129425
D_sem,llama,wp_0004,-0.04241628646850586
D_sem,llama,wp_0005,-0.001589258909225477
D_sem,llama,wp_0006,-0.012312026023864747
D_sem,llama,wp_0007,-0.04961601495742798
D_sem,llama,wp_0008,0.0121859860420227
D_sem,llama,wp_0009,-0.04849767446517945
D_sem,llama,wp_0010,-0.04032573819160461
D_sem,llama,wp_0011,-0.04751172423362732
D_sem,llama,wp_0012,-0.029122798442840568
D_sem,llama,wp_0013,-0.011574746370315553
D_sem,llama,wp_0014,-0.03393916606903077
D_sem,llama,wp_0015,-0.01549473404884338
D_sem,llama,wp_0016,-0.041576039791107175
D_sem,llama,wp_0017,0.040696792602539056
D_sem,llama,wp_0018,0.06994460344314575
D_sem,llama,wp_0019,-0.030735908746719352
D_sem,llama,wp_0020,-0.04906365156173705
D_sem,llama,wp_0021,-0.004758393764495855
D_sem,llama,wp_0022,-0.010016993284225464
D_sem,llama,wp_0023,0.003303099870681761
D_sem,llama,wp_0024,-0.038686064481735234
D_sem,llama,wp_0025,-0.0065649473667144746
D_sem,llama,wp_0026,-0.05630159378051758
D_sem,llama,wp_0027,0.03077809929847717
D_sem,llama,wp_0028,-0.04626035451889037
D_sem,llama,wp_0029,-0.013680877685546877
D_sem,llama,wp_0030,-0.03282392621040344
D_sem,llama,wp_0031,-0.0253495693206787
D_sem,llama,wp_0032,-0.01972730398178101
D_sem,llama,wp_0033,-0.043419632911682125
D_sem,llama,wp_0034,-0.003926151990890489
D_sem,llama,wp_0035,0.017335696220397954
D_sem,llama,wp_0036,-0.022746253013610836
D_sem,llama,wp_0037,-0.0005509197711944692
D_sem,llama,wp_0038,-0.02604998350143432
D_sem,llama,wp_0039,-0.012611539363861085
D_sem,llama,wp_0040,-0.03400942444801331
D_sem,llama,wp_0041,-0.03455512046813965
D_sem,llama,wp_0042,-0.04125980615615845
D_sem,llama,wp_0043,-0.023714735507965087
D_sem,llama,wp_0044,-0.006805676221847528
D_sem,llama,wp_0045,-0.0009664666652679399
D_sem,llama,wp_0046,-0.023215477466583243
D_sem,llama,wp_0047,-0.032903161048889164
D_sem,llama,wp_0048,-0.006736248731613162
D_sem,llama,wp_0049,-0.0355630886554718
D_sem,llama,wp_0050,-0.047327374219894414
D_sem,llama,wp_0051,-0.038261045217514035
D_sem,llama,wp_0052,-0.022625250816345217
D_sem,llama,wp_0053,-0.011375398635864259
D_sem,llama,wp_0054,-0.024140717983245852
D_sem,llama,wp_0055,-0.04898677587509156
D_sem,llama,wp_0056,-0.03804988026618957
D_sem,llama,wp_0057,-0.02670322895050049
D_sem,llama,wp_0058,-0.042541385889053346
D_sem,llama,wp_0059,0.14946612596511843
D_sem,llama,wp_0060,-0.00039420127868652346
D_sem,llama,wp_0061,0.0025781464576721176
D_sem,llama,wp_0062,-0.03195446729660034
D_sem,llama,wp_0063,-0.06027400851249696
D_sem,llama,wp_0064,-0.05005181789398192
D_sem,llama,wp_0065,-0.01765774250030518
D_sem,llama,wp_0066,0.008175426721572876
D_sem,llama,wp_0067,-0.046600519418716436
D_sem,llama,wp_0068,-0.0317931890487671
D_sem,llama,wp_0069,-0.035677082538604736
D_sem,llama,wp_0070,-0.07377769470214843
D_sem,llama,wp_0071,-0.015239850282669064
D_sem,llama,wp_0072,-0.021243655681610112
D_sem,llama,wp_0073,-0.049662519693374645
D_sem,llama,wp_0074,-0.004285596609115603
D_sem,llama,wp_0075,-0.007041001319885248
D_sem,llama,wp_0076,-0.03763206124305725
D_sem,llama,wp_0077,-0.05769633293151853
D_sem,llama,wp_0078,-0.044094171524047855
D_sem,llama,wp_0079,0.002758288383483881
D_sem,llama,wp_0080,-0.027434895038604735
D_sem,llama,wp_0081,-0.01894820094108582
D_sem,llama,wp_0082,-0.01969285845756531
D_sem,llama,wp_0083,0.005592560768127442
D_sem,llama,wp_0084,0.019522950649261468
D_sem,llama,wp_0085,0.004551843404769898
D_sem,llama,wp_0086,-0.038913757801055916
D_sem,llama,wp_0087,-0.030701690912246705
D_sem,llama,wp_0088,-0.054684958457946777
D_sem,llama,wp_0089,-0.031001821756362912
D_sem,llama,wp_0090,-0.04401326894760131
D_sem,llama,wp_0091,0.015206146240234381
D_sem,llama,wp_0092,-0.023406288623809814
D_sem,llama,wp_0093,-0.03239622414112092
D_sem,llama,wp_0094,-0.04460137248039246
D_sem,llama,wp_0095,-0.007875353097915632
D_sem,llama,wp_0096,-0.005634565353393553
D_sem,llama,wp_0097,-0.05265038013458252
D_sem,llama,wp_0098,-0.05211907625198364
D_sem,llama,wp_0099,-0.05364376664161683
D_sem,llama,wp_0100,-0.060840244293212886
D_sem,llama,wp_0101,-0.024669961929321298
D_sem,llama,wp_0102,-0.020263998508453368
D_sem,llama,wp_0103,-0.026391938924789422
D_sem,llama,wp_0104,-0.010395190715789798
D_sem,llama,wp_0105,-0.04698638081550597
D_sem,llama,wp_0106,-0.07575693607330321
D_sem,llama,wp_0107,-0.02026897549629211
D_sem,llama,wp_0108,-0.044639940261840816
D_sem,llama,wp_0109,-0.05317587494850158
D_sem,llama,wp_0110,-0.035587190389633185
D_sem,llama,wp_0112,-0.0481620740890503
D_sem,llama,wp_0113,-0.01683966755867005
D_sem,llama,wp_0114,-0.04208168864250183
D_sem,llama,wp_0115,-0.04993984818458558
D_sem,llama,wp_0116,-0.06609593629837036
D_sem,llama,wp_0117,0.04369560956954956
D_sem,llama,wp_0118,-0.038992938995361326
D_sem,llama,wp_0119,-0.04674211621284484
D_sem,llama,wp_0120,0.013498247861862184
D_sem,llama,wp_0121,-0.013317658901214599
D_sem,llama,wp_0122,-0.0316861093044281
D_sem,llama,wp_0123,-0.026151407957077027
D_sem,llama,wp_0124,0.007217563390731807
D_sem,llama,wp_0125,-0.027372987270355215
D_sem,llama,wp_0126,0.027987709045410165
D_sem,llama,wp_0127,-0.026148957014083863
D_sem,llama,wp_0128,0.008285595178604128
D_sem,llama,wp_0129,-0.057982293367385876
D_sem,llama,wp_0130,-0.0032835626602172956
D_sem,llama,wp_0131,-0.030117183923721313
D_sem,llama,wp_0132,-0.010906389951705935
D_sem,llama,wp_0133,-0.010279005765914905
D_sem,llama,wp_0134,-0.02732743263244628
D_sem,llama,wp_0135,-0.06580492377281189
D_sem,llama,wp_0136,-0.00043534517288209564
D_sem,llama,wp_0137,-0.009227473735809325
D_sem,llama,wp_0138,0.020688132047653202
D_sem,llama,wp_0139,-0.05355157732963563
D_sem,llama,wp_0140,-0.023309295177459718
D_sem,llama,wp_0141,-0.008516252040863032
D_sem,llama,wp_0142,0.03777423143386841
D_sem,llama,wp_0143,-0.05857272148132324
D_sem,llama,wp_0144,-0.008858166933059691
D_sem,llama,wp_0145,-0.025458457469940195
D_sem,llama,wp_0146,0.005939918756484983
D_sem,llama,wp_0147,-0.020647236108779915
D_sem,llama,wp_0148,-0.013506300449371345
D_sem,llama,wp_0149,-0.04512271404266357
D_sem,llama,wp_0150,-0.017923771142959587
D_sem,llama,wp_0151,-0.046767489910125734
D_sem,llama,wp_0152,-0.022345907688140876
D_sem,llama,wp_0153,-0.028024352788925167
D_sem,llama,wp_0154,-0.042707519531249995
D_sem,llama,wp_0155,-0.02251849412918091
D_sem,llama,wp_0156,-0.03602293968200684
D_sem,llama,wp_0157,0.017214120626449586
D_sem,llama,wp_0158,-0.08376906633377075
D_sem,llama,wp_0159,-0.0632688295841217
D_sem,llama,wp_0160,-0.039297747611999514
D_sem,llama,wp_0161,-0.07360810160636902
D_sem,llama,wp_0162,0.06621669054031373
D_sem,llama,wp_0163,0.010502469539642345
D_sem,llama,wp_0164,-0.0204057478904724
D_sem,llama,wp_0165,-0.01989075064659119
D_sem,llama,wp_0166,0.018663984537124624
D_sem,llama,wp_0167,-0.018362951278686528
D_sem,llama,wp_0168,-0.04551535248756409
D_sem,llama,wp_0169,-0.0043936431407928436
D_sem,llama,wp_0170,-0.03570735454559326
D_sem,llama,wp_0171,-0.06074770331382752
D_sem,llama,wp_0172,-0.020862289667129514
D_sem,llama,wp_0173,0.03735623955726623
D_sem,llama,wp_0174,0.01969537854194641
D_sem,llama,wp_0175,-0.03264295935630798
D_sem,llama,wp_0176,0.015703902244567858
D_sem,llama,wp_0177,-0.004324847459793099
D_sem,llama,wp_0178,-0.04337242245674133
D_sem,llama,wp_0179,-0.025987670421600335
D_sem,llama,wp_0180,-0.025754755735397334
D_sem,llama,wp_0181,-0.004115207195281989
D_sem,llama,wp_0182,-0.0074708163738250784
D_sem,llama,wp_0183,-0.016218737363815308
D_sem,llama,wp_0184,0.022287230491638194
D_sem,llama,wp_0185,-0.050029193162918095
D_sem,llama,wp_0186,-0.026049780845642086
D_sem,llama,wp_0187,-0.05592657804489135
D_sem,llama,wp_0188,0.03613835692405701
D_sem,llama,wp_0189,-0.015888324975967406
D_sem,llama,wp_0190,-0.025235884189605706
D_sem,llama,wp_0191,-0.003580183982849122
D_sem,llama,wp_0192,-0.05531424999237061
D_sem,llama,wp_0193,-0.06050578951835632
D_sem,llama,wp_0194,0.10851318240165711
D_sem,llama,wp_0195,-0.034523066282272336
D_sem,llama,wp_0196,-0.012414274215698231
D_sem,llama,wp_0197,-0.04923573851585389
D_sem,llama,wp_0198,-0.002952291965484627
D_sem,llama,wp_0199,-0.013530249595642075
D_sem,mistral,wp_0000,-0.03430543422698974
D_sem,mistral,wp_0001,-0.026944491863250736
D_sem,mistral,wp_0002,-0.04396878242492676
D_sem,mistral,wp_0003,-0.04176412940025329
D_sem,mistral,wp_0004,-0.024598579406738274
D_sem,mistral,wp_0005,-0.03270429730415345
D_sem,mistral,wp_0006,-0.02641482830047608
D_sem,mistral,wp_0007,-0.027820739746093753
D_sem,mistral,wp_0008,0.017493698000907894
D_sem,mistral,wp_0009,-0.042792661190032964
D_sem,mistral,wp_0010,-0.029515768289566036
D_sem,mistral,wp_0011,-0.04898733258247375
D_sem,mistral,wp_0012,-0.02296597361564636
D_sem,mistral,wp_0013,-0.02192975878715515
D_sem,mistral,wp_0014,-0.029855415821075437
D_sem,mistral,wp_0015,-0.009358557462692258
D_sem,mistral,wp_0016,-0.025335595011711114
D_sem,mistral,wp_0017,-0.0066693139076232895
D_sem,mistral,wp_0018,0.06797014951705933
D_sem,mistral,wp_0019,-0.033012677431106564
D_sem,mistral,wp_0020,-0.04668789386749267
D_sem,mistral,wp_0021,0.016406948566436763
D_sem,mistral,wp_0022,-0.01982104480266571
D_sem,mistral,wp_0023,0.019255455732345588
D_sem,mistral,wp_0024,-0.045035129785537725
D_sem,mistral,wp_0025,-0.01143272757530212
D_sem,mistral,wp_0026,-0.02945822954177857
D_sem,mistral,wp_0027,0.03558221697807312
D_sem,mistral,wp_0028,-0.022750806808471684
D_sem,mistral,wp_0029,0.0072195816040039025
D_sem,mistral,wp_0030,-0.05536419034004212
D_sem,mistral,wp_0031,-0.020390024185180662
D_sem,mistral,wp_0032,-0.012481324672698978
D_sem,mistral,wp_0033,-0.04205914974212647
D_sem,mistral,wp_0034,0.02088103890419007
D_sem,mistral,wp_0035,0.016873426437377936
D_sem,mistral,wp_0036,-0.020260956287384033
D_sem,mistral,wp_0037,-0.02724116146564486
D_sem,mistral,wp_0038,-0.007924640178680425
D_sem,mistral,wp_0039,-0.011665415763854969
D_sem,mistral,wp_0040,-0.037678407430648805
D_sem,mistral,wp_0041,-0.04043313026428222
D_sem,mistral,wp_0042,-0.04104395627975465
D_sem,mistral,wp_0043,-0.02356029510498047
D_sem,mistral,wp_0044,0.011014636754989626
D_sem,mistral,wp_0045,0.025543137788772596
D_sem,mistral,wp_0046,-0.04707198381423949
D_sem,mistral,wp_0047,-0.020567649602890016
D_sem,mistral,wp_0048,-0.033747669458389286
D_sem,mistral,wp_0049,-0.03274906754493713
D_sem,mistral,wp_0050,-0.03960801720619202
D_sem,mistral,wp_0051,-0.0329574692249298
D_sem,mistral,wp_0052,-0.018032808303833008
D_sem,mistral,wp_0053,-0.022340641021728495
D_sem,mistral,wp_0054,-0.01949777364730835
D_sem,mistral,wp_0055,-0.05582663297653199
D_sem,mistral,wp_0056,-0.0067416679859161445
D_sem,mistral,wp_0057,-0.048744907379150396
D_sem,mistral,wp_0058,-0.02968401551246643
D_sem,mistral,wp_0059,0.055646717548370375
D_sem,mistral,wp_0060,0.02625098705291748
D_sem,mistral,wp_0061,0.02425826072692871
D_sem,mistral,wp_0062,-0.005502542853355411
D_sem,mistral,wp_0063,-0.03433105826377869
D_sem,mistral,wp_0064,-0.05017649888992308
D_sem,mistral,wp_0065,-0.0017004537582397423
D_sem,mistral,wp_0066,0.03382452130317688
D_sem,mistral,wp_0067,-0.05112894177436829
D_sem,mistral,wp_0068,-0.031656296253204354
D_sem,mistral,wp_0069,-0.0325679087638855
D_sem,mistral,wp_0070,-0.07759971141815185
D_sem,mistral,wp_0071,-0.002659317255020141
D_sem,mistral,wp_0072,-0.017367165088653568
D_sem,mistral,wp_0073,-0.025802928209304816
D_sem,mistral,wp_0074,-0.013497103452682499
D_sem,mistral,wp_0075,0.0059985661506652965
D_sem,mistral,wp_0076,-0.02448386311531067
D_sem,mistral,wp_0077,-0.059324703216552734
D_sem,mistral,wp_0078,-0.02933513164520265
D_sem,mistral,wp_0079,-0.030788116455078136
D_sem,mistral,wp_0080,-0.05014325380325317
D_sem,mistral,wp_0081,-0.00459025502204895
D_sem,mistral,wp_0082,-0.04653323531150817
D_sem,mistral,wp_0083,0.00023269891738891268
D_sem,mistral,wp_0084,0.024033389091491702
D_sem,mistral,wp_0085,0.05245807290077209
D_sem,mistral,wp_0086,-0.040170094966888434
D_sem,mistral,wp_0087,-0.04228945851325989
D_sem,mistral,wp_0088,-0.04073236227035522
D_sem,mistral,wp_0089,-0.011881316900253295
D_sem,mistral,wp_0090,-0.014938957691192625
D_sem,mistral,wp_0091,0.018538856506347658
D_sem,mistral,wp_0092,-0.02356095314025879
D_sem,mistral,wp_0093,-0.016594738960266125
D_sem,mistral,wp_0094,-0.042206209897995006
D_sem,mistral,wp_0095,-0.0033613717555999677
D_sem,mistral,wp_0096,-0.006353821754455574
D_sem,mistral,wp_0097,-0.0523640513420105
D_sem,mistral,wp_0098,-0.051138596534729
D_sem,mistral,wp_0099,-0.039263290166854856
D_sem,mistral,wp_0100,-0.04682941198349
D_sem,mistral,wp_0101,-0.01828391075134278
D_sem,mistral,wp_0102,-0.03011961460113526
D_sem,mistral,wp_0103,-0.04629187226295471
D_sem,mistral,wp_0104,-0.017981481552124035
D_sem,mistral,wp_0105,-0.017430020570755007
D_sem,mistral,wp_0106,-0.06456233024597166
D_sem,mistral,wp_0107,-0.03606290221214294
D_sem,mistral,wp_0108,-0.036534333229064936
D_sem,mistral,wp_0109,-0.0342360746860504
D_sem,mistral,wp_0110,-0.005164552927017218
D_sem,mistral,wp_0112,-0.020044426918029802
D_sem,mistral,wp_0113,-0.001234737634658814
D_sem,mistral,wp_0114,-0.041778122186660764
D_sem,mistral,wp_0115,-0.018900662660598762
D_sem,mistral,wp_0116,-0.05644267797470093
D_sem,mistral,wp_0117,0.01715577840805054
D_sem,mistral,wp_0118,-0.02075610876083374
D_sem,mistral,wp_0119,-0.030579053163528443
D_sem,mistral,wp_0120,-0.03180009961128235
D_sem,mistral,wp_0121,-0.013754671812057492
D_sem,mistral,wp_0122,-0.03733169436454774
D_sem,mistral,wp_0123,-0.037202500104904175
D_sem,mistral,wp_0124,-0.0012561261653900092
D_sem,mistral,wp_0125,0.006560194492340093
D_sem,mistral,wp_0126,0.0008131003379821811
D_sem,mistral,wp_0127,-0.02706625580787659
D_sem,mistral,wp_0128,0.020767742395401006
D_sem,mistral,wp_0129,-0.0709477984905243
D_sem,mistral,wp_0130,-0.025642516613006604
D_sem,mistral,wp_0131,0.0066601312160491895
D_sem,mistral,wp_0132,-0.011978811025619512
D_sem,mistral,wp_0133,-0.003629597425460812
D_sem,mistral,wp_0134,-0.04968546628952025
D_sem,mistral,wp_0135,-0.027888849377632134
D_sem,mistral,wp_0136,0.007763226032257075
D_sem,mistral,wp_0137,-0.023780505657196038
D_sem,mistral,wp_0138,0.030802391767501824
D_sem,mistral,wp_0139,-0.03950901865959168
D_sem,mistral,wp_0140,-0.0033219099044799806
D_sem,mistral,wp_0141,-0.005262656211853017
D_sem,mistral,wp_0142,0.01573079347610474
D_sem,mistral,wp_0143,-0.060207824707031246
D_sem,mistral,wp_0144,-0.020072799921035767
D_sem,mistral,wp_0145,-0.011692857742309576
D_sem,mistral,wp_0146,-0.007874444723129273
D_sem,mistral,wp_0147,-0.016729310750961308
D_sem,mistral,wp_0148,-0.025625345706939702
D_sem,mistral,wp_0149,-0.04517495632171631
D_sem,mistral,wp_0150,0.010020381212234497
D_sem,mistral,wp_0151,-0.05338448047637939
D_sem,mistral,wp_0152,-0.011104454994201651
D_sem,mistral,wp_0153,-0.021879726648330686
D_sem,mistral,wp_0154,-0.03227133512496948
D_sem,mistral,wp_0155,-0.005156915187835695
D_sem,mistral,wp_0156,0.0026969385147094737
D_sem,mistral,wp_0157,0.06316206574440003
D_sem,mistral,wp_0158,-0.054298222064971924
D_sem,mistral,wp_0159,-0.035283178091049194
D_sem,mistral,wp_0160,-0.009510660171508792
D_sem,mistral,wp_0161,-0.06453303694725036
D_sem,mistral,wp_0162,0.07971903800964356
D_sem,mistral,wp_0163,0.016064791679382327
D_sem,mistral,wp_0164,-0.026467452049255363
D_sem,mistral,wp_0165,-0.011857742071151728
D_sem,mistral,wp_0166,0.007293773889541616
D_sem,mistral,wp_0167,0.004652807712554929
D_sem,mistral,wp_0168,-0.04089463591575622
D_sem,mistral,wp_0169,-0.012143210172653204
D_sem,mistral,wp_0170,-0.049790437221527095
D_sem,mistral,wp_0171,-0.05563375592231749
D_sem,mistral,wp_0172,-0.010621048212051398
D_sem,mistral,wp_0173,0.05351011633872986
D_sem,mistral,wp_0174,0.00340768218040467
D_sem,mistral,wp_0175,-0.025976265668869014
D_sem,mistral,wp_0176,-0.010622518062591563
D_sem,mistral,wp_0177,-0.004970253705978395
D_sem,mistral,wp_0178,-0.04861366152763367
D_sem,mistral,wp_0179,-0.02986937761306762
D_sem,mistral,wp_0180,-0.013616675138473488
D_sem,mistral,wp_0181,-0.007856962084770203
D_sem,mistral,wp_0182,-0.0012811815738677985
D_sem,mistral,wp_0183,-0.020948625802993774
D_sem,mistral,wp_0184,-0.007360582351684561
D_sem,mistral,wp_0185,-0.03245149731636048
D_sem,mistral,wp_0186,-0.0414960789680481
D_sem,mistral,wp_0187,-0.055786292552947994
D_sem,mistral,wp_0188,0.039934817552566525
D_sem,mistral,wp_0189,-0.022854651212692253
D_sem,mistral,wp_0190,-0.018246169090271
D_sem,mistral,wp_0191,-0.025069944858551026
D_sem,mistral,wp_0192,-0.045320348739624025
D_sem,mistral,wp_0193,-0.013498479127883902
D_sem,mistral,wp_0194,0.018662991523742678
D_sem,mistral,wp_0195,-0.026673449277877813
D_sem,mistral,wp_0196,-0.01832176923751831
D_sem,mistral,wp_0197,-0.03008888125419617
D_sem,mistral,wp_0198,-0.03158485174179078
D_sem,mistral,wp_0199,0.014096031188964853
D_sem,qwen,wp_0000,-0.015402345657348635
D_sem,qwen,wp_0001,-0.023623883724212653
D_sem,qwen,wp_0002,-0.030408499240875242
D_sem,qwen,wp_0003,-0.026675058603286738
D_sem,qwen,wp_0004,-0.020337357521057118
D_sem,qwen,wp_0005,-0.03820531487464906
D_sem,qwen,wp_0006,-0.019088375568389892
D_sem,qwen,wp_0007,-0.021692159175872798
D_sem,qwen,wp_0008,0.010320758819580078
D_sem,qwen,wp_0009,-0.023275384902954107
D_sem,qwen,wp_0010,-0.00456696391105651
D_sem,qwen,wp_0011,-0.0522559916973114
D_sem,qwen,wp_0012,-0.024457349777221686
D_sem,qwen,wp_0013,-0.010934802293777468
D_sem,qwen,wp_0014,-0.0258634614944458
D_sem,qwen,wp_0015,-0.016748334169387813
D_sem,qwen,wp_0016,-0.00935597896575927
D_sem,qwen,wp_0017,-0.011818094253540037
D_sem,qwen,wp_0018,0.03896965026855468
D_sem,qwen,wp_0019,-0.04756495594978332
D_sem,qwen,wp_0020,-0.04159151077270508
D_sem,qwen,wp_0021,0.0004996919631957946
D_sem,qwen,wp_0022,0.013410853147506716
D_sem,qwen,wp_0023,-0.00048528313636780895
D_sem,qwen,wp_0024,-0.02428788781166077
D_sem,qwen,wp_0025,-0.004999884366989127
D_sem,qwen,wp_0026,-0.03736860990524292
D_sem,qwen,wp_0027,0.06092885851860046
D_sem,qwen,wp_0028,-0.04041781425476074
D_sem,qwen,wp_0029,0.017429409027099604
D_sem,qwen,wp_0030,-0.02735671639442444
D_sem,qwen,wp_0031,-0.009390628337860108
D_sem,qwen,wp_0032,-0.010139086246490476
D_sem,qwen,wp_0033,-0.0010606646537780705
D_sem,qwen,wp_0034,0.005108960866928108
D_sem,qwen,wp_0035,0.03063023090362548
D_sem,qwen,wp_0036,-0.027260844707489018
D_sem,qwen,wp_0037,-0.014047523736953749
D_sem,qwen,wp_0038,-0.01821357488632202
D_sem,qwen,wp_0039,0.0002460098266601651
D_sem,qwen,wp_0040,-0.030230494737625124
D_sem,qwen,wp_0041,-0.03987607002258301
D_sem,qwen,wp_0042,-0.052238163948059094
D_sem,qwen,wp_0043,-0.0005221247673034668
D_sem,qwen,wp_0044,0.014896477460861205
D_sem,qwen,wp_0045,0.004744125604629524
D_sem,qwen,wp_0046,-0.05154656171798705
D_sem,qwen,wp_0047,-0.0001725220680236783
D_sem,qwen,wp_0048,-0.024888426065444946
D_sem,qwen,wp_0049,-0.03872212767601013
D_sem,qwen,wp_0050,-0.04530701279640198
D_sem,qwen,wp_0051,-0.005692561864852905
D_sem,qwen,wp_0052,-0.0014553356170654314
D_sem,qwen,wp_0053,-0.02603130102157592
D_sem,qwen,wp_0054,0.014796009063720705
D_sem,qwen,wp_0055,-0.03641798973083497
D_sem,qwen,wp_0056,-0.03398125767707825
D_sem,qwen,wp_0057,-0.060098214149475096
D_sem,qwen,wp_0058,-0.028390687704086304
D_sem,qwen,wp_0059,0.11283814907073975
D_sem,qwen,wp_0060,0.009833421707153322
D_sem,qwen,wp_0061,-0.009415287971496577
D_sem,qwen,wp_0062,0.00814548254013062
D_sem,qwen,wp_0063,-0.022624214887619027
D_sem,qwen,wp_0064,-0.03673193454742431
D_sem,qwen,wp_0065,0.018882899284362792
D_sem,qwen,wp_0066,0.015010513067245485
D_sem,qwen,wp_0067,-0.023245289921760566
D_sem,qwen,wp_0068,-0.033051452636718756
D_sem,qwen,wp_0069,-0.01726546764373779
D_sem,qwen,wp_0070,-0.06489036321640014
D_sem,qwen,wp_0071,0.002795244455337528
D_sem,qwen,wp_0072,-0.018991582393646244
D_sem,qwen,wp_0073,-0.03633711695671082
D_sem,qwen,wp_0074,-0.0024051940441131596
D_sem,qwen,wp_0075,0.011118664741516121
D_sem,qwen,wp_0076,-0.027110246419906614
D_sem,qwen,wp_0077,-0.05431476831436157
D_sem,qwen,wp_0078,-0.04951529264450074
D_sem,qwen,wp_0079,-0.006920008659362797
D_sem,qwen,wp_0080,-0.0237272596359253
D_sem,qwen,wp_0081,0.005436509847640989
D_sem,qwen,wp_0082,-0.008700579404830927
D_sem,qwen,wp_0083,0.012425022125244142
D_sem,qwen,wp_0084,0.01792166471481323
D_sem,qwen,wp_0085,0.034913438558578494
D_sem,qwen,wp_0086,-0.045344083309173576
D_sem,qwen,wp_0087,-0.03464675784111023
D_sem,qwen,wp_0088,-0.02572266101837158
D_sem,qwen,wp_0089,-0.025872939825057985
D_sem,qwen,wp_0090,-0.03251417636871338
D_sem,qwen,wp_0091,0.08132795810699464
D_sem,qwen,wp_0092,-0.010441379547119137
D_sem,qwen,wp_0093,-0.015621056556701674
D_sem,qwen,wp_0094,-0.0479775106906891
D_sem,qwen,wp_0095,0.006270521879196173
D_sem,qwen,wp_0096,-0.028777816295623794
D_sem,qwen,wp_0097,-0.04583160400390625
D_sem,qwen,wp_0098,-0.046873855590820315
D_sem,qwen,wp_0099,-0.050505694150924686
D_sem,qwen,wp_0100,-0.046188647747039804
D_sem,qwen,wp_0101,-0.002123105525970459
D_sem,qwen,wp_0102,-0.012338035106658932
D_sem,qwen,wp_0103,-0.04155344605445862
D_sem,qwen,wp_0104,-0.010422041416168221
D_sem,qwen,wp_0105,-0.04508161425590514
D_sem,qwen,wp_0106,-0.07882325172424316
D_sem,qwen,wp_0107,-0.015033375024795528
D_sem,qwen,wp_0108,-0.03450962066650391
D_sem,qwen,wp_0109,-0.03634474396705627
D_sem,qwen,wp_0110,-0.0023541700839996293
D_sem,qwen,wp_0112,-0.02644989013671875
D_sem,qwen,wp_0113,-0.01443398118019105
D_sem,qwen,wp_0114,-0.03630653262138367
D_sem,qwen,wp_0115,-0.016016489267349242
D_sem,qwen,wp_0116,-0.061593513488769534
D_sem,qwen,wp_0117,0.03542909622192382
D_sem,qwen,wp_0118,-0.0016455292701721136
D_sem,qwen,wp_0119,-0.03726579546928406
D_sem,qwen,wp_0120,-0.022292343378067014
D_sem,qwen,wp_0121,-0.004401733875274658
D_sem,qwen,wp_0122,-0.02777653813362122
D_sem,qwen,wp_0123,-0.012490001916885382
D_sem,qwen,wp_0124,0.032013858556747446
D_sem,qwen,wp_0125,-0.017967553138732908
D_sem,qwen,wp_0126,0.02309171199798584
D_sem,qwen,wp_0127,-0.01868405044078827
D_sem,qwen,wp_0128,-0.002738927602767943
D_sem,qwen,wp_0129,-0.06927366375923158
D_sem,qwen,wp_0130,-0.0020812988281250083
D_sem,qwen,wp_0131,-0.005171376466751107
D_sem,qwen,wp_0132,0.004633821249008185
D_sem,qwen,wp_0133,-0.01396426320075988
D_sem,qwen,wp_0134,-0.03608201980590818
D_sem,qwen,wp_0135,-0.03516900181770325
D_sem,qwen,wp_0136,-0.0023952388763427757
D_sem,qwen,wp_0137,-0.013918499946594231
D_sem,qwen,wp_0138,0.0357711946964264
D_sem,qwen,wp_0139,-0.030145875215530395
D_sem,qwen,wp_0140,-0.004159059524536141
D_sem,qwen,wp_0141,0.017008652687072755
D_sem,qwen,wp_0142,0.052316880226135266
D_sem,qwen,wp_0143,-0.04799334764480591
D_sem,qwen,wp_0144,-0.011722022294998172
D_sem,qwen,wp_0145,-0.013462896347045904
D_sem,qwen,wp_0146,0.00764514565467834
D_sem,qwen,wp_0147,-0.02155481278896333
D_sem,qwen,wp_0148,0.004140281677246088
D_sem,qwen,wp_0149,-0.03956045866012573
D_sem,qwen,wp_0150,0.02832344174385072
D_sem,qwen,wp_0151,-0.0524018907546997
D_sem,qwen,wp_0152,-0.022200965881347644
D_sem,qwen,wp_0153,-0.035306934118270863
D_sem,qwen,wp_0154,-0.027015256881713863
D_sem,qwen,wp_0155,-0.02022430181503296
D_sem,qwen,wp_0156,-0.006087300777435309
D_sem,qwen,wp_0157,0.0137512481212616
D_sem,qwen,wp_0158,-0.08212570667266846
D_sem,qwen,wp_0159,-0.04557343125343322
D_sem,qwen,wp_0160,-0.013024306297302248
D_sem,qwen,wp_0161,-0.08605312466621398
D_sem,qwen,wp_0162,0.08000222921371461
D_sem,qwen,wp_0163,0.033651278018951424
D_sem,qwen,wp_0164,-0.015197746753692624
D_sem,qwen,wp_0165,-0.025750504732131963
D_sem,qwen,wp_0166,0.029715515375137325
D_sem,qwen,wp_0167,0.03080879926681518
D_sem,qwen,wp_0168,-0.01023929715156555
D_sem,qwen,wp_0169,-0.006336532831192019
D_sem,qwen,wp_0170,-0.019169638156890868
D_sem,qwen,wp_0171,-0.02246096730232238
D_sem,qwen,wp_0172,-0.03234796643257141
D_sem,qwen,wp_0173,0.06479739546775817
D_sem,qwen,wp_0174,-0.02384577870368957
D_sem,qwen,wp_0175,-0.022202073335647575
D_sem,qwen,wp_0176,-0.009277112483978273
D_sem,qwen,wp_0177,0.0006431311368942233
D_sem,qwen,wp_0178,-0.04128801703453064
D_sem,qwen,wp_0179,0.010251477360725403
D_sem,qwen,wp_0180,0.009658678770065304
D_sem,qwen,wp_0181,-0.010361053943634036
D_sem,qwen,wp_0182,-0.009716790914535525
D_sem,qwen,wp_0183,-0.013759917020797726
D_sem,qwen,wp_0184,-0.00896172046661376
D_sem,qwen,wp_0185,-0.01350687861442566
D_sem,qwen,wp_0186,-0.01687948942184449
D_sem,qwen,wp_0187,-0.051382498741149904
D_sem,qwen,wp_0188,0.048579918146133425
D_sem,qwen,wp_0189,-0.007953692674636841
D_sem,qwen,wp_0190,-0.019593143463134767
D_sem,qwen,wp_0191,-0.004039244651794433
D_sem,qwen,wp_0192,-0.05574414730072021
D_sem,qwen,wp_0193,-0.019527491331100467
D_sem,qwen,wp_0194,0.005798545479774481
D_sem,qwen,wp_0195,-0.021148139238357545
D_sem,qwen,wp_0196,-0.014361424446105945
D_sem,qwen,wp_0197,-0.018151391744613648
D_sem,qwen,wp_0198,0.008826837539672856
D_sem,qwen,wp_0199,-0.00999943256378174
D_style,gemma,wp_0000,-0.0005847572216431396
D_style,gemma,wp_0001,-0.02610199977484574
D_style,gemma,wp_0002,-0.05852053657170161
D_style,gemma,wp_0003,0.07243250683681293
D_style,gemma,wp_0004,0.14355536425787588
D_style,gemma,wp_0005,0.025993935927129768
D_style,gemma,wp_0006,0.031086945015881495
D_style,gemma,wp_0007,-0.08292185619727806
D_style,gemma,wp_0008,0.04840325172564282
D_style,gemma,wp_0009,-0.059647492735505604
D_style,gemma,wp_0010,0.13423573929859195
D_style,gemma,wp_0011,0.031692656233989286
D_style,gemma,wp_0012,-0.10153741995630047
D_style,gemma,wp_0013,0.060449447883188026
D_style,gemma,wp_0014,-0.03876838352431696
D_style,gemma,wp_0015,-0.04175629847105104
D_style,gemma,wp_0016,0.1914527789736551
D_style,gemma,wp_0017,0.006759985301243915
D_style,gemma,wp_0018,0.07346885218515584
D_style,gemma,wp_0019,-0.05182834605919284
D_style,gemma,wp_0020,0.05762316577456459
D_style,gemma,wp_0021,0.08620936906152166
D_style,gemma,wp_0022,0.22153844018384894
D_style,gemma,wp_0023,0.15452513641790241
D_style,gemma,wp_0024,-0.02778261686585426
D_style,gemma,wp_0025,0.14800532117242432
D_style,gemma,wp_0026,-0.012326892688360385
D_style,gemma,wp_0027,-0.11454896733024547
D_style,gemma,wp_0028,-0.015145794477544484
D_style,gemma,wp_0029,-0.03867343955475623
D_style,gemma,wp_0030,0.07855193328672347
D_style,gemma,wp_0031,0.12203449054728595
D_style,gemma,wp_0032,0.0471823235102076
D_style,gemma,wp_0033,0.039855119327347
D_style,gemma,wp_0034,0.08183826085903975
D_style,gemma,wp_0035,0.07363560488112804
D_style,gemma,wp_0036,-0.04176187226016222
D_style,gemma,wp_0037,-0.020963896460626807
D_style,gemma,wp_0038,-0.07382078105336932
D_style,gemma,wp_0039,-0.07759170928829726
D_style,gemma,wp_0040,-0.06835613410228672
D_style,gemma,wp_0041,-0.015782377188113893
D_style,gemma,wp_0042,0.01776097217090202
D_style,gemma,wp_0043,-0.032918256778199546
D_style,gemma,wp_0044,0.14381585727082333
D_style,gemma,wp_0045,-0.0035887769752287026
D_style,gemma,wp_0046,-0.06632732380794279
D_style,gemma,wp_0047,0.05913165480818354
D_style,gemma,wp_0048,-0.06150360985385328
D_style,gemma,wp_0049,-0.08401070910585692
D_style,gemma,wp_0050,0.227959891060641
D_style,gemma,wp_0051,-0.0551350474383696
D_style,gemma,wp_0052,0.009815979807483088
D_style,gemma,wp_0053,-0.03590087082985178
D_style,gemma,wp_0054,-0.08410389112797394
D_style,gemma,wp_0055,0.10529424969087911
D_style,gemma,wp_0056,0.009612006592447903
D_style,gemma,wp_0057,0.012629902443906877
D_style,gemma,wp_0058,-0.067037543103353
D_style,gemma,wp_0059,0.12996615257787542
D_style,gemma,wp_0060,0.01980546041021297
D_style,gemma,wp_0061,0.1344675035315636
D_style,gemma,wp_0062,0.30947146103304657
D_style,gemma,wp_0063,-0.09607662496032594
D_style,gemma,wp_0064,0.05221606084739212
D_style,gemma,wp_0065,0.11899411769416537
D_style,gemma,wp_0066,0.12955241720196894
D_style,gemma,wp_0067,-0.06034506014395176
D_style,gemma,wp_0068,-0.035655733865930815
D_style,gemma,wp_0069,-0.03978799417557746
D_style,gemma,wp_0070,-0.024772228374755047
D_style,gemma,wp_0071,0.06130821609013541
D_style,gemma,wp_0072,0.1608199348305149
D_style,gemma,wp_0073,0.03119019103638454
D_style,gemma,wp_0074,0.11437644740923163
D_style,gemma,wp_0075,0.1318121463985763
D_style,gemma,wp_0076,0.13178478898015059
D_style,gemma,wp_0077,0.04795441160659706
D_style,gemma,wp_0078,0.06365737303122856
D_style,gemma,wp_0079,-0.12875844849345458
D_style,gemma,wp_0080,-0.06915829485613963
D_style,gemma,wp_0081,-0.00851387427624412
D_style,gemma,wp_0082,0.13513033136869484
D_style,gemma,wp_0083,-0.01846384211633395
D_style,gemma,wp_0084,-0.041464093760023336
D_style,gemma,wp_0085,0.03081451577668628
D_style,gemma,wp_0086,-0.08854724193812205
D_style,gemma,wp_0087,-0.024664837355778145
D_style,gemma,wp_0088,-0.07244225944359821
D_style,gemma,wp_0089,0.05544143784242743
D_style,gemma,wp_0090,-0.05225683312600847
D_style,gemma,wp_0091,0.028243373947391348
D_style,gemma,wp_0092,0.06183092946324529
D_style,gemma,wp_0093,0.02071005932019082
D_style,gemma,wp_0094,0.05909260254759
D_style,gemma,wp_0095,-0.010078359275443444
D_style,gemma,wp_0096,-0.009719167648684884
D_style,gemma,wp_0097,0.052975903129829735
D_style,gemma,wp_0098,0.11826283341786566
D_style,gemma,wp_0099,-0.01355132046853923
D_style,gemma,wp_0100,-0.09127222991257827
D_style,gemma,wp_0101,0.03635248100515531
D_style,gemma,wp_0102,0.0333698338034352
D_style,gemma,wp_0103,0.05049124444326346
D_style,gemma,wp_0104,-0.04109644347653972
D_style,gemma,wp_0105,0.09670217419387776
D_style,gemma,wp_0106,0.010474144722542694
D_style,gemma,wp_0107,0.18365968602252866
D_style,gemma,wp_0108,0.03437259385261168
D_style,gemma,wp_0109,0.008955972003259937
D_style,gemma,wp_0110,-0.08229814037779735
D_style,gemma,wp_0112,0.06516339749871156
D_style,gemma,wp_0113,0.004566859114760758
D_style,gemma,wp_0114,0.1641385582911899
D_style,gemma,wp_0115,-0.010388325371996432
D_style,gemma,wp_0116,0.06376062266893372
D_style,gemma,wp_0117,-0.05332789263185321
D_style,gemma,wp_0118,0.029823718193878017
D_style,gemma,wp_0119,0.023423559014585947
D_style,gemma,wp_0120,-0.11716985356871996
D_style,gemma,wp_0121,0.09289657210622357
D_style,gemma,wp_0122,0.2276635194634244
D_style,gemma,wp_0123,0.2006602236887253
D_style,gemma,wp_0124,0.18934615837302812
D_style,gemma,wp_0125,-0.12704001985703325
D_style,gemma,wp_0126,-0.045781537044743734
D_style,gemma,wp_0127,-0.016330215186688812
D_style,gemma,wp_0128,0.26391929300252465
D_style,gemma,wp_0129,0.022702825632030715
D_style,gemma,wp_0130,0.18081621801330525
D_style,gemma,wp_0131,0.06648743263726298
D_style,gemma,wp_0132,0.01884007272494531
D_style,gemma,wp_0133,0.030681049760173794
D_style,gemma,wp_0134,-0.010018795775672124
D_style,gemma,wp_0135,0.030368493201488732
D_style,gemma,wp_0136,0.0678891116563084
D_style,gemma,wp_0137,-0.03361604274420381
D_style,gemma,wp_0138,-0.07089197162041089
D_style,gemma,wp_0139,0.04744794003467369
D_style,gemma,wp_0140,0.04724659605895555
D_style,gemma,wp_0141,0.10415282335478515
D_style,gemma,wp_0142,-0.05907031916186156
D_style,gemma,wp_0143,0.012172859320196072
D_style,gemma,wp_0144,0.07799532089601094
D_style,gemma,wp_0145,-0.014863802222943501
D_style,gemma,wp_0146,-0.007060521513944535
D_style,gemma,wp_0147,-0.041915142405402825
D_style,gemma,wp_0148,-0.05467426163095355
D_style,gemma,wp_0149,-0.018833929061055514
D_style,gemma,wp_0150,0.1402926867979617
D_style,gemma,wp_0151,-0.11473129971864386
D_style,gemma,wp_0152,-0.07536588895728129
D_style,gemma,wp_0153,-0.13883918237995438
D_style,gemma,wp_0154,0.18069950519106054
D_style,gemma,wp_0155,0.011767326691429825
D_style,gemma,wp_0156,-0.02925993135526477
D_style,gemma,wp_0157,-0.013239884239392152
D_style,gemma,wp_0158,-0.07150825604253983
D_style,gemma,wp_0159,0.09486684200757718
D_style,gemma,wp_0160,0.0074706164469101
D_style,gemma,wp_0161,-0.03831341890067375
D_style,gemma,wp_0162,0.026221530645919793
D_style,gemma,wp_0163,0.30180854478834995
D_style,gemma,wp_0164,0.032361106221233574
D_style,gemma,wp_0165,0.10963867539185412
D_style,gemma,wp_0166,0.16398065917753255
D_style,gemma,wp_0167,0.1376812370762272
D_style,gemma,wp_0168,-0.0793275374555666
D_style,gemma,wp_0169,0.12157015539736796
D_style,gemma,wp_0170,-0.12827435788443914
D_style,gemma,wp_0171,0.002364791828612195
D_style,gemma,wp_0172,-0.03234779444245388
D_style,gemma,wp_0173,0.42400833082877104
D_style,gemma,wp_0174,-0.08385964267791088
D_style,gemma,wp_0175,0.0948092068374972
D_style,gemma,wp_0176,0.005360154019626218
D_style,gemma,wp_0177,0.08753687162177937
D_style,gemma,wp_0178,-0.06311778874431717
D_style,gemma,wp_0179,0.10832224256890036
D_style,gemma,wp_0180,-0.025137884357285523
D_style,gemma,wp_0181,0.09924894058797931
D_style,gemma,wp_0182,0.17574781754546848
D_style,gemma,wp_0183,-0.0012874891906380804
D_style,gemma,wp_0184,-0.02402579488859592
D_style,gemma,wp_0185,-0.022451101551877583
D_style,gemma,wp_0186,-0.11430325866788316
D_style,gemma,wp_0187,-0.08563185581705503
D_style,gemma,wp_0188,-0.030667073789374628
D_style,gemma,wp_0189,0.03578698275108153
D_style,gemma,wp_0190,-0.05177307501311834
D_style,gemma,wp_0191,0.05204897916508611
D_style,gemma,wp_0192,-0.002238801818048297
D_style,gemma,wp_0193,-0.039781128004638455
D_style,gemma,wp_0194,0.12130825796766238
D_style,gemma,wp_0195,0.05102849392033151
D_style,gemma,wp_0196,0.2330715287244208
D_style,gemma,wp_0197,-0.06158814487686935
D_style,gemma,wp_0198,-0.06392757559252074
D_style,gemma,wp_0199,-0.05628371150591507
D_style,llama,wp_0000,-0.08615767728181808
D_style,llama,wp_0001,-0.007350282800786351
D_style,llama,wp_0002,-0.02948345780336572
D_style,llama,wp_0003,-0.010365470669374061
D_style,llama,wp_0004,0.07730763320624165
D_style,llama,wp_0005,-0.08579409015428374
D_style,llama,wp_0006,-0.010502415535132054
D_style,llama,wp_0007,-0.12141965877226149
D_style,llama,wp_0008,0.05716269175027092
D_style,llama,wp_0009,-0.05948369245941436
D_style,llama,wp_0010,0.13493255337313456
D_style,llama,wp_0011,0.04190122464567599
D_style,llama,wp_0012,-0.136936524990042
D_style,llama,wp_0013,0.19704752028277236
D_style,llama,wp_0014,-0.06063639420415361
D_style,llama,wp_0015,-0.09336686825543057
D_style,llama,wp_0016,0.04028298594998394
D_style,llama,wp_0017,0.027680071925560344
D_style,llama,wp_0018,0.11508895948423126
D_style,llama,wp_0019,0.03228823589110781
D_style,llama,wp_0020,0.03453284051317468
D_style,llama,wp_0021,0.08373547574973793
D_style,llama,wp_0022,0.21155839725746609
D_style,llama,wp_0023,0.1366065607154236
D_style,llama,wp_0024,-0.0343407444456348
D_style,llama,wp_0025,0.17469545494638003
D_style,llama,wp_0026,-0.045269050611665376
D_style,llama,wp_0027,-0.06191304109119987
D_style,llama,wp_0028,-0.04975149650498313
D_style,llama,wp_0029,-0.0812160493226669
D_style,llama,wp_0030,0.07418787357583899
D_style,llama,wp_0031,0.11370413746085488
D_style,llama,wp_0032,0.08023904579097496
D_style,llama,wp_0033,0.012759254473409021
D_style,llama,wp_0034,0.01290233065209665
D_style,llama,wp_0035,0.038453047719623476
D_style,llama,wp_0036,-0.06024027274071815
D_style,llama,wp_0037,-0.026215176129946383
D_style,llama,wp_0038,-0.024309154834463408
D_style,llama,wp_0039,-0.1070437315450075
D_style,llama,wp_0040,-0.04424094047222764
D_style,llama,wp_0041,0.004004379680011711
D_style,llama,wp_0042,-0.041365596333738465
D_style,llama,wp_0043,-0.06769904357472264
D_style,llama,wp_0044,0.06354016491562756
D_style,llama,wp_0045,0.013700313244788976
D_style,llama,wp_0046,-0.050728532395485824
D_style,llama,wp_0047,-0.0008396478843864741
D_style,llama,wp_0048,-0.07765381957081555
D_style,llama,wp_0049,-0.05458936788524935
D_style,llama,wp_0050,0.24577268577635847
D_style,llama,wp_0051,-0.0810624088722052
D_style,llama,wp_0052,-0.04822057987180877
D_style,llama,wp_0053,-0.05293633729008873
D_style,llama,wp_0054,0.05810839678989412
D_style,llama,wp_0055,0.02873134416971384
D_style,llama,wp_0056,-0.0026351732046645095
D_style,llama,wp_0057,0.044702435343931424
D_style,llama,wp_0058,-0.05619401229019553
D_style,llama,wp_0059,0.11037906664324786
D_style,llama,wp_0060,0.016661353133839048
D_style,llama,wp_0061,0.11634920209161614
D_style,llama,wp_0062,0.0464228057774092
D_style,llama,wp_0063,-0.13823410612335824
D_style,llama,wp_0064,-0.0066685864453763346
D_style,llama,wp_0065,-0.009226125130297825
D_style,llama,wp_0066,-0.02352230333451813
D_style,llama,wp_0067,-0.041609271721451575
D_style,llama,wp_0068,-0.02002983695902928
D_style,llama,wp_0069,-0.07325848390025065
D_style,llama,wp_0070,0.01809847900004834
D_style,llama,wp_0071,-0.0192278974747558
D_style,llama,wp_0072,0.12144860181927145
D_style,llama,wp_0073,-0.06124856215711386
D_style,llama,wp_0074,0.11774843096372342
D_style,llama,wp_0075,-0.03041995700233028
D_style,llama,wp_0076,0.16160105299344002
D_style,llama,wp_0077,0.09015818302327427
D_style,llama,wp_0078,0.11179622789266866
D_style,llama,wp_0079,-0.032731740027828735
D_style,llama,wp_0080,-0.07799465434333847
D_style,llama,wp_0081,-0.018739100249685885
D_style,llama,wp_0082,0.1970843372960157
D_style,llama,wp_0083,0.01238338865638296
D_style,llama,wp_0084,-0.0748089201292903
D_style,llama,wp_0085,-0.007723971977330335
D_style,llama,wp_0086,-0.10615822974570048
D_style,llama,wp_0087,0.009698805279584416
D_style,llama,wp_0088,-0.06249583440858926
D_style,llama,wp_0089,0.04926406602866164
D_style,llama,wp_0090,-0.06765573719569902
D_style,llama,wp_0091,0.002102549329967546
D_style,llama,wp_0092,0.00924338820239452
D_style,llama,wp_0093,-0.03233949515457331
D_style,llama,wp_0094,-0.02528296522010588
D_style,llama,wp_0095,-0.04372438267129183
D_style,llama,wp_0096,-0.07791624147470162
D_style,llama,wp_0097,-0.04578986188596347
D_style,llama,wp_0098,0.05883026870811011
D_style,llama,wp_0099,0.07434541409592751
D_style,llama,wp_0100,-0.09758728320692209
D_style,llama,wp_0101,-0.00535059136446796
D_style,llama,wp_0102,0.0352449343572443
D_style,llama,wp_0103,0.059336209195539204
D_style,llama,wp_0104,0.020401685528262013
D_style,llama,wp_0105,0.07254440353820465
D_style,llama,wp_0106,-0.013301710556485758
D_style,llama,wp_0107,0.10665127183683135
D_style,llama,wp_0108,0.04333977114085725
D_style,llama,wp_0109,0.026448964608922244
D_style,llama,wp_0110,-0.047279546397384103
D_style,llama,wp_0112,0.070681358674998
D_style,llama,wp_0113,0.02312857817398713
D_style,llama,wp_0114,0.06015469533219671
D_style,llama,wp_0115,-0.04814844962759044
D_style,llama,wp_0116,0.011283162132089918
D_style,llama,wp_0117,-0.047453231372291606
D_style,llama,wp_0118,-0.03769456884248804
D_style,llama,wp_0119,0.005960300657600448
D_style,llama,wp_0120,-0.06904659356575527
D_style,llama,wp_0121,0.046869359252074104
D_style,llama,wp_0122,0.1298754896778463
D_style,llama,wp_0123,0.16145595113873218
D_style,llama,wp_0124,0.18468525797896987
D_style,llama,wp_0125,-0.11605752919803063
D_style,llama,wp_0126,-0.10843566539846983
D_style,llama,wp_0127,0.06225060998954059
D_style,llama,wp_0128,0.3866062797106405
D_style,llama,wp_0129,-0.00826940091448906
D_style,llama,wp_0130,0.10153909199773399
D_style,llama,wp_0131,0.005403296760976206
D_style,llama,wp_0132,-0.030500699943131183
D_style,llama,wp_0133,0.01325984527385865
D_style,llama,wp_0134,-0.04497786704947597
D_style,llama,wp_0135,0.012868922802838583
D_style,llama,wp_0136,0.07678037806932572
D_style,llama,wp_0137,-0.03126538352316084
D_style,llama,wp_0138,-0.12652634225020948
D_style,llama,wp_0139,0.04774218165098841
D_style,llama,wp_0140,0.02641608424426915
D_style,llama,wp_0141,0.19085691295596025
D_style,llama,wp_0142,-0.06785960067681963
D_style,llama,wp_0143,0.000811524332154473
D_style,llama,wp_0144,0.08110611483446556
D_style,llama,wp_0145,0.06689232087893396
D_style,llama,wp_0146,0.07227802832472938
D_style,llama,wp_0147,-0.028113276642525564
D_style,llama,wp_0148,-0.09513342477219701
D_style,llama,wp_0149,-0.08884824707412536
D_style,llama,wp_0150,0.14778921998145172
D_style,llama,wp_0151,-0.12523770616665353
D_style,llama,wp_0152,0.037691589741500164
D_style,llama,wp_0153,-0.051420353778659264
D_style,llama,wp_0154,0.07658696341776099
D_style,llama,wp_0155,-0.03489086315356304
D_style,llama,wp_0156,-0.08689823624809027
D_style,llama,wp_0157,-0.04898759470864604
D_style,llama,wp_0158,-0.11134060584619328
D_style,llama,wp_0159,0.046695026788407264
D_style,llama,wp_0160,-0.04521695767884651
D_style,llama,wp_0161,-0.023667888972361995
D_style,llama,wp_0162,-0.04012276655115911
D_style,llama,wp_0163,0.26482429360948
D_style,llama,wp_0164,0.06357839635191398
D_style,llama,wp_0165,0.07534214091916731
D_style,llama,wp_0166,0.12113910608730442
D_style,llama,wp_0167,0.07259658639966274
D_style,llama,wp_0168,-0.05052547829186756
D_style,llama,wp_0169,0.024950359620733803
D_style,llama,wp_0170,-0.053327531877734105
D_style,llama,wp_0171,-0.03055731528132124
D_style,llama,wp_0172,-0.11449593336428743
D_style,llama,wp_0173,0.29476570000488145
D_style,llama,wp_0174,-0.04011715654800975
D_style,llama,wp_0175,0.006161875472056777
D_style,llama,wp_0176,0.00370494141182498
D_style,llama,wp_0177,0.1391264219075082
D_style,llama,wp_0178,-0.08755384632918424
D_style,llama,wp_0179,0.10035073479071203
D_style,llama,wp_0180,-0.08008993215828705
D_style,llama,wp_0181,0.1769195006717669
D_style,llama,wp_0182,-0.09671980370360249
D_style,llama,wp_0183,-0.07762990694483432
D_style,llama,wp_0184,-0.028682295567760342
D_style,llama,wp_0185,0.0061224347013845385
D_style,llama,wp_0186,-0.08938936832239873
D_style,llama,wp_0187,-0.10000638626302376
D_style,llama,wp_0188,-0.019672653794807003
D_style,llama,wp_0189,0.028835399277761832
D_style,llama,wp_0190,-0.065164241412493
D_style,llama,wp_0191,0.08486926746313003
D_style,llama,wp_0192,-0.059656607684426
D_style,llama,wp_0193,-0.033086979826670096
D_style,llama,wp_0194,0.1728755491927125
D_style,llama,wp_0195,0.0026014069659510307
D_style,llama,wp_0196,0.27923969397002
D_style,llama,wp_0197,-0.11414756706630191
D_style,llama,wp_0198,-0.0808773109427702
D_style,llama,wp_0199,0.009579005754209769
D_style,mistral,wp_0000,0.038092495248291516
D_style,mistral,wp_0001,-0.0037246817152744973
D_style,mistral,wp_0002,-0.016517817001157155
D_style,mistral,wp_0003,0.046273617711699966
D_style,mistral,wp_0004,0.21776547868648205
D_style,mistral,wp_0005,-0.0004422529721399837
D_style,mistral,wp_0006,-0.07047186682471376
D_style,mistral,wp_0007,0.04023099613345678
D_style,mistral,wp_0008,0.1670590080213871
D_style,mistral,wp_0009,-0.09666702220082087
D_style,mistral,wp_0010,0.13723799431245182
D_style,mistral,wp_0011,0.014585848944319241
D_style,mistral,wp_0012,-0.11665524207944736
D_style,mistral,wp_0013,0.15185640295574535
D_style,mistral,wp_0014,-0.044730885726248545
D_style,mistral,wp_0015,-0.050782924098799496
D_style,mistral,wp_0016,0.06061532919028654
D_style,mistral,wp_0017,-0.012756535406216884
D_style,mistral,wp_0018,0.07698588279104049
D_style,mistral,wp_0019,-0.028633961005823622
D_style,mistral,wp_0020,0.05248541876462518
D_style,mistral,wp_0021,0.10913598444009447
D_style,mistral,wp_0022,0.19819295889027774
D_style,mistral,wp_0023,0.21336026326576923
D_style,mistral,wp_0024,-0.04171819837291422
D_style,mistral,wp_0025,0.14251313025192563
D_style,mistral,wp_0026,-0.013404613685986121
D_style,mistral,wp_0027,-0.16011416704141995
D_style,mistral,wp_0028,0.04984332314345685
D_style,mistral,wp_0029,-0.06926487427856079
D_style,mistral,wp_0030,0.07833328512741307
D_style,mistral,wp_0031,0.1533024611077109
D_style,mistral,wp_0032,0.047648515660412
D_style,mistral,wp_0033,0.058763637996195085
D_style,mistral,wp_0034,-0.025013254071908464
D_style,mistral,wp_0035,-0.006089277970689278
D_style,mistral,wp_0036,-0.006484960473379253
D_style,mistral,wp_0037,-0.057471366453139695
D_style,mistral,wp_0038,-0.10632221680039988
D_style,mistral,wp_0039,-0.1463695107919005
D_style,mistral,wp_0040,-0.08343678083003606
D_style,mistral,wp_0041,-0.030069721241725487
D_style,mistral,wp_0042,-0.027083315310805857
D_style,mistral,wp_0043,-0.06479519201153301
D_style,mistral,wp_0044,0.17251259446012107
D_style,mistral,wp_0045,0.20724291884326615
D_style,mistral,wp_0046,-0.06470724370806498
D_style,mistral,wp_0047,0.11026491342292974
D_style,mistral,wp_0048,-0.0796328984957633
D_style,mistral,wp_0049,-0.06449639998055662
D_style,mistral,wp_0050,0.2669249688055503
D_style,mistral,wp_0051,-0.0659808613536002
D_style,mistral,wp_0052,0.09133493535307295
D_style,mistral,wp_0053,0.0005105772861817848
D_style,mistral,wp_0054,0.01010214211422602
D_style,mistral,wp_0055,0.06691574648681856
D_style,mistral,wp_0056,0.05234307990921522
D_style,mistral,wp_0057,-0.033110466951956186
D_style,mistral,wp_0058,0.007471320920167302
D_style,mistral,wp_0059,0.09764663220765474
D_style,mistral,wp_0060,0.12009942440253796
D_style,mistral,wp_0061,0.1705023294004097
D_style,mistral,wp_0062,0.20983621939239666
D_style,mistral,wp_0063,-0.005730100099354196
D_style,mistral,wp_0064,0.04568705340147402
D_style,mistral,wp_0065,0.07213448676679415
D_style,mistral,wp_0066,0.08254529124846519
D_style,mistral,wp_0067,-0.051220810245407124
D_style,mistral,wp_0068,0.007220963432389316
D_style,mistral,wp_0069,-0.002008046097726146
D_style,mistral,wp_0070,-0.0539725559212191
D_style,mistral,wp_0071,0.1193285896414221
D_style,mistral,wp_0072,0.12113240522111406
D_style,mistral,wp_0073,0.04114299119718068
D_style,mistral,wp_0074,0.18450216891991245
D_style,mistral,wp_0075,0.10509601701445608
D_style,mistral,wp_0076,0.22105135325478914
D_style,mistral,wp_0077,0.02367359229672712
D_style,mistral,wp_0078,0.08246519923856373
D_style,mistral,wp_0079,-0.09737582454093849
D_style,mistral,wp_0080,-0.07619554473345895
D_style,mistral,wp_0081,0.0647625765151223
D_style,mistral,wp_0082,-0.06696192232278038
D_style,mistral,wp_0083,0.06226989309720095
D_style,mistral,wp_0084,-0.13768183140193072
D_style,mistral,wp_0085,0.055656453505343706
D_style,mistral,wp_0086,-0.12783630272662763
D_style,mistral,wp_0087,-0.00048042833318772126
D_style,mistral,wp_0088,-0.0389229652919275
D_style,mistral,wp_0089,0.11418018416657927
D_style,mistral,wp_0090,-0.01776312780782993
D_style,mistral,wp_0091,-0.007331899794211627
D_style,mistral,wp_0092,-0.030381780739659768
D_style,mistral,wp_0093,0.047521744267859566
D_style,mistral,wp_0094,0.05209955624728093
D_style,mistral,wp_0095,-0.040941758476837134
D_style,mistral,wp_0096,-0.01708841769736173
D_style,mistral,wp_0097,0.03189015585797786
D_style,mistral,wp_0098,0.05502882640688798
D_style,mistral,wp_0099,0.14838171062719177
D_style,mistral,wp_0100,-0.0541105352586023
D_style,mistral,wp_0101,0.09177959289985763
D_style,mistral,wp_0102,0.10793734658207584
D_style,mistral,wp_0103,0.03237382925531258
D_style,mistral,wp_0104,-0.018967718276901913
D_style,mistral,wp_0105,0.14865170585368984
D_style,mistral,wp_0106,0.043705820706154995
D_style,mistral,wp_0107,0.17133763865103657
D_style,mistral,wp_0108,0.04811547752465577
D_style,mistral,wp_0109,-0.00024601817482308166
D_style,mistral,wp_0110,-0.02675066770965488
D_style,mistral,wp_0112,0.1604953825954683
D_style,mistral,wp_0113,0.014659015036331047
D_style,mistral,wp_0114,0.03218434760183975
D_style,mistral,wp_0115,-0.04090183796909029
D_style,mistral,wp_0116,0.04579201050400765
D_style,mistral,wp_0117,-0.041177251158134476
D_style,mistral,wp_0118,0.017841153848282432
D_style,mistral,wp_0119,0.045834558498239364
D_style,mistral,wp_0120,-0.13286806823808922
D_style,mistral,wp_0121,0.035648042789529745
D_style,mistral,wp_0122,0.19453130582741154
D_style,mistral,wp_0123,0.15006883925020523
D_style,mistral,wp_0124,0.18210039466579833
D_style,mistral,wp_0125,-0.10472584242053329
D_style,mistral,wp_0126,-0.08455349334160803
D_style,mistral,wp_0127,-0.024082297634581827
D_style,mistral,wp_0128,0.4465289119541988
D_style,mistral,wp_0129,-0.08307895997797518
D_style,mistral,wp_0130,0.16752043390310903
D_style,mistral,wp_0131,0.2669463120120633
D_style,mistral,wp_0132,-0.006028812211208601
D_style,mistral,wp_0133,-0.015444083271489323
D_style,mistral,wp_0134,-0.006873052680987102
D_style,mistral,wp_0135,0.1416035644223937
D_style,mistral,wp_0136,0.09351813733334503
D_style,mistral,wp_0137,-0.05355832299932273
D_style,mistral,wp_0138,-0.14641423392501318
D_style,mistral,wp_0139,0.0008957979218942591
D_style,mistral,wp_0140,0.01728973521273842
D_style,mistral,wp_0141,0.3676468404146333
D_style,mistral,wp_0142,-0.07335005855221362
D_style,mistral,wp_0143,-0.0068368910928074175
D_style,mistral,wp_0144,0.09511678274658017
D_style,mistral,wp_0145,0.0501567769929108
D_style,mistral,wp_0146,-0.06558797554771985
D_style,mistral,wp_0147,0.0047049460255254635
D_style,mistral,wp_0148,-0.08363230058187548
D_style,mistral,wp_0149,-0.0654407096523775
D_style,mistral,wp_0150,0.11751956375018473
D_style,mistral,wp_0151,-0.09018925378664687
D_style,mistral,wp_0152,-0.06953231366241272
D_style,mistral,wp_0153,-0.07361369943945381
D_style,mistral,wp_0154,0.19164196409479986
D_style,mistral,wp_0155,0.03766757666283008
D_style,mistral,wp_0156,0.014837874948378437
D_style,mistral,wp_0157,-0.049874801135446845
D_style,mistral,wp_0158,-0.058343349668312616
D_style,mistral,wp_0159,0.10953051289448512
D_style,mistral,wp_0160,0.0074333960570446
D_style,mistral,wp_0161,0.015131181184694541
D_style,mistral,wp_0162,-0.04708060820979258
D_style,mistral,wp_0163,0.2520529970857661
D_style,mistral,wp_0164,0.09827793718588661
D_style,mistral,wp_0165,0.10732883901840722
D_style,mistral,wp_0166,0.21574129920240162
D_style,mistral,wp_0167,0.09217250897697157
D_style,mistral,wp_0168,-0.09708769259276775
D_style,mistral,wp_0169,0.09329759933986873
D_style,mistral,wp_0170,-0.11165080263265847
D_style,mistral,wp_0171,0.0770004448679841
D_style,mistral,wp_0172,0.026572136313918936
D_style,mistral,wp_0173,0.4116007730161382
D_style,mistral,wp_0174,-0.07077075317434037
D_style,mistral,wp_0175,-0.010069929166558073
D_style,mistral,wp_0176,0.06050597165010448
D_style,mistral,wp_0177,0.12993029955364455
D_style,mistral,wp_0178,-0.07339883495973468
D_style,mistral,wp_0179,0.07705955824655038
D_style,mistral,wp_0180,0.031504398010125535
D_style,mistral,wp_0181,0.08778331948317376
D_style,mistral,wp_0182,0.08431745628272605
D_style,mistral,wp_0183,-0.05372800679846475
D_style,mistral,wp_0184,-0.028322639580646725
D_style,mistral,wp_0185,0.0318248397521461
D_style,mistral,wp_0186,-0.18258668787032187
D_style,mistral,wp_0187,-0.11199014956733233
D_style,mistral,wp_0188,0.02969748592678322
D_style,mistral,wp_0189,0.08910414613880696
D_style,mistral,wp_0190,-0.0563428159795913
D_style,mistral,wp_0191,0.12259536268884827
D_style,mistral,wp_0192,0.05011817512908181
D_style,mistral,wp_0193,0.12838699214058807
D_style,mistral,wp_0194,0.00491556519044486
D_style,mistral,wp_0195,0.02532031978429382
D_style,mistral,wp_0196,0.31140367140976644
D_style,mistral,wp_0197,-0.008111847511481385
D_style,mistral,wp_0198,-0.13606245110553647
D_style,mistral,wp_0199,-0.035799157795439095
D_style,qwen,wp_0000,0.018605535977365077
D_style,qwen,wp_0001,-0.0065452021932083885
D_style,qwen,wp_0002,-0.04697483595251847
D_style,qwen,wp_0003,0.08238756762997007
D_style,qwen,wp_0004,0.19945538081410996
D_style,qwen,wp_0005,0.0327050782233591
D_style,qwen,wp_0006,-0.06211049833461253
D_style,qwen,wp_0007,0.04550672063405144
D_style,qwen,wp_0008,-0.00854962767864611
D_style,qwen,wp_0009,-0.10058643799312543
D_style,qwen,wp_0010,0.11102657603379773
D_style,qwen,wp_0011,-0.0230283142874305
D_style,qwen,wp_0012,-0.1401772199223899
D_style,qwen,wp_0013,0.18406399271269241
D_style,qwen,wp_0014,-0.08450951224084075
D_style,qwen,wp_0015,-0.05840161315339134
D_style,qwen,wp_0016,0.054070091905006626
D_style,qwen,wp_0017,0.004704740966366616
D_style,qwen,wp_0018,0.09928126333595334
D_style,qwen,wp_0019,-0.02836055347759709
D_style,qwen,wp_0020,0.03952846569206115
D_style,qwen,wp_0021,0.16438495160723826
D_style,qwen,wp_0022,0.15273728201272202
D_style,qwen,wp_0023,0.19750217786503432
D_style,qwen,wp_0024,-0.09002725900909034
D_style,qwen,wp_0025,0.17196969772859477
D_style,qwen,wp_0026,0.01507065143190479
D_style,qwen,wp_0027,-0.17918925431302923
D_style,qwen,wp_0028,-0.05690539695132879
D_style,qwen,wp_0029,-0.04725848627796975
D_style,qwen,wp_0030,0.08317854319458019
D_style,qwen,wp_0031,0.09152876171476873
D_style,qwen,wp_0032,0.11814581641784758
D_style,qwen,wp_0033,0.03373891406821057
D_style,qwen,wp_0034,0.02225625705028187
D_style,qwen,wp_0035,0.05104458460684275
D_style,qwen,wp_0036,-0.04397161820624117
D_style,qwen,wp_0037,-0.035148468828104275
D_style,qwen,wp_0038,-0.051042523233598314
D_style,qwen,wp_0039,-0.12255945237965378
D_style,qwen,wp_0040,-0.0685163922678604
D_style,qwen,wp_0041,-0.03192043341092092
D_style,qwen,wp_0042,-0.05132892325741928
D_style,qwen,wp_0043,-0.08932078113787817
D_style,qwen,wp_0044,0.06880018831773496
D_style,qwen,wp_0045,0.014694985533730786
D_style,qwen,wp_0046,-0.10865676463318905
D_style,qwen,wp_0047,0.12423089881461076
D_style,qwen,wp_0048,-0.08892792112160484
D_style,qwen,wp_0049,-0.03698416075278416
D_style,qwen,wp_0050,0.2647694659690641
D_style,qwen,wp_0051,-0.06872028937091532
D_style,qwen,wp_0052,-0.008176051805062668
D_style,qwen,wp_0053,-0.08084759729099744
D_style,qwen,wp_0054,-0.07519294467449836
D_style,qwen,wp_0055,0.09942459827681549
D_style,qwen,wp_0056,0.0054961071158582285
D_style,qwen,wp_0057,-0.021520887331417732
D_style,qwen,wp_0058,-0.053886014992519125
D_style,qwen,wp_0059,0.09441419480540282
D_style,qwen,wp_0060,0.12607425185791138
D_style,qwen,wp_0061,0.11127002660469998
D_style,qwen,wp_0062,0.22347562359023598
D_style,qwen,wp_0063,-0.017154020551091165
D_style,qwen,wp_0064,-0.00342365497581843
D_style,qwen,wp_0065,0.31612168994062895
D_style,qwen,wp_0066,-0.006560489305494266
D_style,qwen,wp_0067,0.0360857753288939
D_style,qwen,wp_0068,-0.03481001973946331
D_style,qwen,wp_0069,0.15388686363255763
D_style,qwen,wp_0070,-0.015261781540401665
D_style,qwen,wp_0071,0.06504849114162228
D_style,qwen,wp_0072,0.19253967349031373
D_style,qwen,wp_0073,-0.024652577141589506
D_style,qwen,wp_0074,0.14668341515540456
D_style,qwen,wp_0075,0.17047035631396118
D_style,qwen,wp_0076,0.09497427835938192
D_style,qwen,wp_0077,0.05993656346238909
D_style,qwen,wp_0078,0.055037836019594166
D_style,qwen,wp_0079,-0.053695754830656195
D_style,qwen,wp_0080,-0.058939344388321144
D_style,qwen,wp_0081,-0.04344887327337057
D_style,qwen,wp_0082,0.1660171348319356
D_style,qwen,wp_0083,-0.06084012572114652
D_style,qwen,wp_0084,-0.05119191342636024
D_style,qwen,wp_0085,0.06663097057787193
D_style,qwen,wp_0086,-0.11248576539286088
D_style,qwen,wp_0087,-0.05599555048017494
D_style,qwen,wp_0088,-0.040076066082748184
D_style,qwen,wp_0089,0.036558959753834046
D_style,qwen,wp_0090,-0.118045716266032
D_style,qwen,wp_0091,-0.00014634639803988713
D_style,qwen,wp_0092,0.005939369558849161
D_style,qwen,wp_0093,-0.026448961548056225
D_style,qwen,wp_0094,0.03618073523453834
D_style,qwen,wp_0095,-0.0973997248490264
D_style,qwen,wp_0096,-0.07614021974115906
D_style,qwen,wp_0097,0.009202172251460966
D_style,qwen,wp_0098,0.012505642442680886
D_style,qwen,wp_0099,0.10088926907059996
D_style,qwen,wp_0100,-0.11655916322713293
D_style,qwen,wp_0101,0.10122013516634268
D_style,qwen,wp_0102,-0.03687709206599118
D_style,qwen,wp_0103,-0.01636931476080041
D_style,qwen,wp_0104,0.0038279986416876353
D_style,qwen,wp_0105,0.1582057323354941
D_style,qwen,wp_0106,-0.002681231807757439
D_style,qwen,wp_0107,0.1320695206880546
D_style,qwen,wp_0108,0.020025004690448274
D_style,qwen,wp_0109,-0.0012365412460247805
D_style,qwen,wp_0110,-0.020456508771114674
D_style,qwen,wp_0112,0.031363991572615164
D_style,qwen,wp_0113,0.05594396893733454
D_style,qwen,wp_0114,0.0790822016076697
D_style,qwen,wp_0115,0.015757398943336266
D_style,qwen,wp_0116,0.026741919989322134
D_style,qwen,wp_0117,-0.06784404357014173
D_style,qwen,wp_0118,0.09347818324123562
D_style,qwen,wp_0119,0.05242836335634073
D_style,qwen,wp_0120,-0.12163141320758042
D_style,qwen,wp_0121,0.0453497191914189
D_style,qwen,wp_0122,0.18423367404588115
D_style,qwen,wp_0123,0.19659321276957736
D_style,qwen,wp_0124,0.20306885609128603
D_style,qwen,wp_0125,-0.1462000815205791
D_style,qwen,wp_0126,-0.07751250110398077
D_style,qwen,wp_0127,-0.02116352974469594
D_style,qwen,wp_0128,0.3217015693237175
D_style,qwen,wp_0129,-0.08666006410955163
D_style,qwen,wp_0130,0.16164610046559924
D_style,qwen,wp_0131,0.16221652911786716
D_style,qwen,wp_0132,-0.037222897931250304
D_style,qwen,wp_0133,-0.002473947774501828
D_style,qwen,wp_0134,-0.0586594212206563
D_style,qwen,wp_0135,0.14804571097169883
D_style,qwen,wp_0136,0.05952199904394231
D_style,qwen,wp_0137,-0.04352767947627408
D_style,qwen,wp_0138,-0.16961171195768093
D_style,qwen,wp_0139,0.010440685571778763
D_style,qwen,wp_0140,0.027178010356101068
D_style,qwen,wp_0141,0.24965417030413048
D_style,qwen,wp_0142,-0.12736683463156095
D_style,qwen,wp_0143,-0.025994284832990617
D_style,qwen,wp_0144,0.023941769572869982
D_style,qwen,wp_0145,0.03155785423071413
D_style,qwen,wp_0146,0.009454202592272443
D_style,qwen,wp_0147,-0.05126253377189105
D_style,qwen,wp_0148,-0.11473708802678892
D_style,qwen,wp_0149,-0.03432172937042237
D_style,qwen,wp_0150,0.15848508906095643
D_style,qwen,wp_0151,-0.10079499308296862
D_style,qwen,wp_0152,-0.06321573294022687
D_style,qwen,wp_0153,-0.01280457221997532
D_style,qwen,wp_0154,0.11785493124300568
D_style,qwen,wp_0155,-0.04695410015745945
D_style,qwen,wp_0156,0.019815430657672783
D_style,qwen,wp_0157,-0.05928714599840209
D_style,qwen,wp_0158,-0.10948133597383813
D_style,qwen,wp_0159,0.09435214795483791
D_style,qwen,wp_0160,-0.04608238987068599
D_style,qwen,wp_0161,-0.05011336773987731
D_style,qwen,wp_0162,-0.02789944436214676
D_style,qwen,wp_0163,0.24863272650994667
D_style,qwen,wp_0164,0.09206312485662302
D_style,qwen,wp_0165,0.07617153911709322
D_style,qwen,wp_0166,0.22323914164075598
D_style,qwen,wp_0167,0.22722164279536314
D_style,qwen,wp_0168,-0.01109087958357779
D_style,qwen,wp_0169,0.05963679965798796
D_style,qwen,wp_0170,-0.12838005998397845
D_style,qwen,wp_0171,-0.04641162297710717
D_style,qwen,wp_0172,-0.1424881388686086
D_style,qwen,wp_0173,0.4319379456736758
D_style,qwen,wp_0174,-0.10407183041507573
D_style,qwen,wp_0175,0.06248580060023444
D_style,qwen,wp_0176,-0.013055846088062383
D_style,qwen,wp_0177,0.1357282533736123
D_style,qwen,wp_0178,-0.07831758205651701
D_style,qwen,wp_0179,0.05441194452749758
D_style,qwen,wp_0180,-0.03357214067500286
D_style,qwen,wp_0181,0.04000686247072251
D_style,qwen,wp_0182,0.03250827162578641
D_style,qwen,wp_0183,-0.007083734090692228
D_style,qwen,wp_0184,-0.065071609770742
D_style,qwen,wp_0185,-0.014240025729258133
D_style,qwen,wp_0186,-0.16454957387539837
D_style,qwen,wp_0187,-0.0963639030373516
D_style,qwen,wp_0188,-0.0491648854854975
D_style,qwen,wp_0189,0.07458460523359162
D_style,qwen,wp_0190,-0.07212474794615657
D_style,qwen,wp_0191,0.12563415160348113
D_style,qwen,wp_0192,0.06666125933294871
D_style,qwen,wp_0193,0.09000431935590318
D_style,qwen,wp_0194,0.16855070890029022
D_style,qwen,wp_0195,0.00029476930541880164
D_style,qwen,wp_0196,0.20709809354064976
D_style,qwen,wp_0197,-0.11789622447203471
D_style,qwen,wp_0198,0.03754805050087925
D_style,qwen,wp_0199,0.03544072451229817
D_syn,gemma,wp_0000,0.021787811695878734
D_syn,gemma,wp_0001,0.00274318249802854
D_syn,gemma,wp_0002,-0.008212322935366917
D_syn,gemma,wp_0003,0.06569292344745006
D_syn,gemma,wp_0004,0.06407574548576045
D_syn,gemma,wp_0005,0.003933401272409287
D_syn,gemma,wp_0006,-0.034206370515687964
D_syn,gemma,wp_0007,-0.04676700210477561
D_syn,gemma,wp_0008,-0.029580188309033882
D_syn,gemma,wp_0009,-0.022947147829120162
D_syn,gemma,wp_0010,0.06241863396861012
D_syn,gemma,wp_0011,-0.0006300683858616873
D_syn,gemma,wp_0012,0.0010842492242808754
D_syn,gemma,wp_0013,0.027662828117060768
D_syn,gemma,wp_0014,-0.07716879681472782
D_syn,gemma,wp_0015,-0.02583362324163188
D_syn,gemma,wp_0016,0.006358585004227568
D_syn,gemma,wp_0017,0.020024946115125158
D_syn,gemma,wp_0018,0.00837936199437348
D_syn,gemma,wp_0019,0.009936931139722705
D_syn,gemma,wp_0020,-0.0142594893930011
D_syn,gemma,wp_0021,0.010331108292267677
D_syn,gemma,wp_0022,0.03208462619318945
D_syn,gemma,wp_0023,0.037572615733711186
D_syn,gemma,wp_0024,-0.056798591893339044
D_syn,gemma,wp_0025,-0.004156834150167194
D_syn,gemma,wp_0026,0.05681328213009742
D_syn,gemma,wp_0027,-0.08161379114355907
D_syn,gemma,wp_0028,-0.005216851454659105
D_syn,gemma,wp_0029,0.014603092678628365
D_syn,gemma,wp_0030,-0.05025750121897511
D_syn,gemma,wp_0031,0.027169893183102294
D_syn,gemma,wp_0032,-0.029696466758292784
D_syn,gemma,wp_0033,-0.01062641668983722
D_syn,gemma,wp_0034,0.0015076982031959952
D_syn,gemma,wp_0035,-0.08525862607359344
D_syn,gemma,wp_0036,-0.01847719171099852
D_syn,gemma,wp_0037,-0.0566988897735947
D_syn,gemma,wp_0038,-0.06451987650756696
D_syn,gemma,wp_0039,-0.0645231692217321
D_syn,gemma,wp_0040,0.07991963336168749
D_syn,gemma,wp_0041,-0.03993960002455603
D_syn,gemma,wp_0042,0.016738168407327315
D_syn,gemma,wp_0043,-0.05909751161450667
D_syn,gemma,wp_0044,0.03186394294482034
D_syn,gemma,wp_0045,0.012699019922819393
D_syn,gemma,wp_0046,-0.032887944895990354
D_syn,gemma,wp_0047,-0.03584366225318909
D_syn,gemma,wp_0048,0.0009490888408465514
D_syn,gemma,wp_0049,0.05293777561083637
D_syn,gemma,wp_0050,0.0672697423101842
D_syn,gemma,wp_0051,-0.02892871055537708
D_syn,gemma,wp_0052,-0.02402614055213274
D_syn,gemma,wp_0053,-0.007376835754344668
D_syn,gemma,wp_0054,-0.06798350358722696
D_syn,gemma,wp_0055,-0.02836856746810623
D_syn,gemma,wp_0056,0.04123278250577746
D_syn,gemma,wp_0057,-0.009237934360726374
D_syn,gemma,wp_0058,-0.07043982145613356
D_syn,gemma,wp_0059,0.00478001284765941
D_syn,gemma,wp_0060,-0.02395913138466524
D_syn,gemma,wp_0061,0.04506793763843109
D_syn,gemma,wp_0062,0.006449922050628087
D_syn,gemma,wp_0063,0.020171090242931383
D_syn,gemma,wp_0064,0.09199289525950267
D_syn,gemma,wp_0065,0.06333262080155927
D_syn,gemma,wp_0066,-0.007507151809199741
D_syn,gemma,wp_0067,-0.05385303119654389
D_syn,gemma,wp_0068,-0.04000873983527129
D_syn,gemma,wp_0069,-0.03209025428292199
D_syn,gemma,wp_0070,0.014922728308628525
D_syn,gemma,wp_0071,0.028137203044140087
D_syn,gemma,wp_0072,0.027502976486311392
D_syn,gemma,wp_0073,-0.031087361708431842
D_syn,gemma,wp_0074,0.027850995902225544
D_syn,gemma,wp_0075,0.021409525539737358
D_syn,gemma,wp_0076,-0.029190093669079535
D_syn,gemma,wp_0077,0.027698950284632907
D_syn,gemma,wp_0078,-0.042933879540857964
D_syn,gemma,wp_0079,-0.028465017904982504
D_syn,gemma,wp_0080,-0.025607053962687077
D_syn,gemma,wp_0081,0.06412982389076018
D_syn,gemma,wp_0082,-0.02112653624992658
D_syn,gemma,wp_0083,-0.012070044377741191
D_syn,gemma,wp_0084,-0.05494340155002635
D_syn,gemma,wp_0085,-0.03862169722624943
D_syn,gemma,wp_0086,-0.009112386899434471
D_syn,gemma,wp_0087,-0.036809033335024506
D_syn,gemma,wp_0088,-0.03695334917010343
D_syn,gemma,wp_0089,-0.03375415792860404
D_syn,gemma,wp_0090,-0.04077386837151122
D_syn,gemma,wp_0091,-0.03842540567153405
D_syn,gemma,wp_0092,-0.021340421714451753
D_syn,gemma,wp_0093,-0.039885205918722515
D_syn,gemma,wp_0094,0.04398531394831051
D_syn,gemma,wp_0095,-0.023228225898733957
D_syn,gemma,wp_0096,-0.02262878131408292
D_syn,gemma,wp_0097,-0.01263343588125454
D_syn,gemma,wp_0098,-0.050893077899659786
D_syn,gemma,wp_0099,-0.01682707367224518
D_syn,gemma,wp_0100,-0.015173701006047207
D_syn,gemma,wp_0101,-0.0018654213568028543
D_syn,gemma,wp_0102,-0.003306772642996525
D_syn,gemma,wp_0103,0.03626185281749186
D_syn,gemma,wp_0104,-0.06558989317418093
D_syn,gemma,wp_0105,-0.03309071047133009
D_syn,gemma,wp_0106,0.002467489089447589
D_syn,gemma,wp_0107,-0.01428162205157985
D_syn,gemma,wp_0108,0.023546505752697667
D_syn,gemma,wp_0109,-0.04651001109993906
D_syn,gemma,wp_0110,-0.044526082300756956
D_syn,gemma,wp_0112,0.022383132216011115
D_syn,gemma,wp_0113,-0.0073765983331575465
D_syn,gemma,wp_0114,0.01714378094009411
D_syn,gemma,wp_0115,0.013367707742788998
D_syn,gemma,wp_0116,0.007443460629117199
D_syn,gemma,wp_0117,-0.02996326795432398
D_syn,gemma,wp_0118,-0.016450336097789765
D_syn,gemma,wp_0119,0.03353519576083508
D_syn,gemma,wp_0120,-0.0710765610202689
D_syn,gemma,wp_0121,-0.025251417654955876
D_syn,gemma,wp_0122,0.0727475694189363
D_syn,gemma,wp_0123,-0.00834637047422454
D_syn,gemma,wp_0124,0.17482000274071158
D_syn,gemma,wp_0125,-0.04007745819590138
D_syn,gemma,wp_0126,-0.031978970356055084
D_syn,gemma,wp_0127,-0.03780530830921318
D_syn,gemma,wp_0128,0.01772893166112746
D_syn,gemma,wp_0129,-0.0051121058360892755
D_syn,gemma,wp_0130,0.06195077560416229
D_syn,gemma,wp_0131,-0.05149500701406913
D_syn,gemma,wp_0132,-0.04688611258190811
D_syn,gemma,wp_0133,-0.026482612654457394
D_syn,gemma,wp_0134,-0.0323060349504431
D_syn,gemma,wp_0135,0.03027073878518201
D_syn,gemma,wp_0136,-0.061210889666390746
D_syn,gemma,wp_0137,-0.057769831136597116
D_syn,gemma,wp_0138,0.0002852637970045535
D_syn,gemma,wp_0139,-0.052737871058958684
D_syn,gemma,wp_0140,0.03253955519684717
D_syn,gemma,wp_0141,-0.014803196742881952
D_syn,gemma,wp_0142,-0.04476189480607997
D_syn,gemma,wp_0143,-0.007660572126233045
D_syn,gemma,wp_0144,0.036386603517809805
D_syn,gemma,wp_0145,0.05325217038974972
D_syn,gemma,wp_0146,0.00891400778210683
D_syn,gemma,wp_0147,-0.02185106754728173
D_syn,gemma,wp_0148,-0.05055726439185097
D_syn,gemma,wp_0149,0.010023573609132003
D_syn,gemma,wp_0150,0.03977545695291858
D_syn,gemma,wp_0151,-0.063300417585431
D_syn,gemma,wp_0152,-0.022443086374420405
D_syn,gemma,wp_0153,-0.062481844054529924
D_syn,gemma,wp_0154,0.0327943430110957
D_syn,gemma,wp_0155,-0.015582158569339977
D_syn,gemma,wp_0156,-0.012545655347407703
D_syn,gemma,wp_0157,-0.0886847098737564
D_syn,gemma,wp_0158,0.04573567757986766
D_syn,gemma,wp_0159,-0.003198007789179347
D_syn,gemma,wp_0160,-0.025987165071458013
D_syn,gemma,wp_0161,-0.02299751629357915
D_syn,gemma,wp_0162,-0.060188870550297736
D_syn,gemma,wp_0163,0.02006826203326434
D_syn,gemma,wp_0164,0.012630684517842378
D_syn,gemma,wp_0165,-0.011347102489187872
D_syn,gemma,wp_0166,0.01541246304682382
D_syn,gemma,wp_0167,0.059976929282671086
D_syn,gemma,wp_0168,-0.06432323403229194
D_syn,gemma,wp_0169,-0.0019405454563258483
D_syn,gemma,wp_0170,-0.04487982111376009
D_syn,gemma,wp_0171,0.023462997726331154
D_syn,gemma,wp_0172,-0.03604363679792964
D_syn,gemma,wp_0173,-0.017359600075081083
D_syn,gemma,wp_0174,0.023338672256447347
D_syn,gemma,wp_0175,-0.05786705967444512
D_syn,gemma,wp_0176,-0.02994611500178382
D_syn,gemma,wp_0177,0.0238234227890957
D_syn,gemma,wp_0178,-0.01245190398020804
D_syn,gemma,wp_0179,-0.006194777055668538
D_syn,gemma,wp_0180,-0.009703122122808444
D_syn,gemma,wp_0181,0.06541546122717276
D_syn,gemma,wp_0182,-0.040312846062848365
D_syn,gemma,wp_0183,-0.046001238352146354
D_syn,gemma,wp_0184,0.005045038660625956
D_syn,gemma,wp_0185,-0.012760929770150415
D_syn,gemma,wp_0186,-0.07785921298104286
D_syn,gemma,wp_0187,-0.03415444507518838
D_syn,gemma,wp_0188,-0.028002810617549
D_syn,gemma,wp_0189,-0.00012320294375813833
D_syn,gemma,wp_0190,-0.04717347538014069
D_syn,gemma,wp_0191,0.0033978763198604656
D_syn,gemma,wp_0192,0.029105063419775146
D_syn,gemma,wp_0193,0.01010130475593688
D_syn,gemma,wp_0194,0.06267845497320138
D_syn,gemma,wp_0195,0.012558161646418837
D_syn,gemma,wp_0196,-0.014141888534416714
D_syn,gemma,wp_0197,-0.012171040289395868
D_syn,gemma,wp_0198,-0.03179068497680268
D_syn,gemma,wp_0199,-0.029336381601669244
D_syn,llama,wp_0000,0.006632924690818743
D_syn,llama,wp_0001,0.0004304744180247622
D_syn,llama,wp_0002,-0.027547674834764398
D_syn,llama,wp_0003,0.03126173406214329
D_syn,llama,wp_0004,0.03552617259636301
D_syn,llama,wp_0005,-0.005759669035704407
D_syn,llama,wp_0006,-0.03556422514414942
D_syn,llama,wp_0007,-0.044656271126374984
D_syn,llama,wp_0008,-0.041363319859927354
D_syn,llama,wp_0009,-0.012660855856658004
D_syn,llama,wp_0010,0.036457656688661334
D_syn,llama,wp_0011,-0.02119752387281531
D_syn,llama,wp_0012,-0.006564367378597663
D_syn,llama,wp_0013,0.08531252258930855
D_syn,llama,wp_0014,-0.08504407610609707
D_syn,llama,wp_0015,-0.014206336828033928
D_syn,llama,wp_0016,-0.00013369314008451205
D_syn,llama,wp_0017,0.3172875917209779
D_syn,llama,wp_0018,-0.003698258287679679
D_syn,llama,wp_0019,0.0023180508034539972
D_syn,llama,wp_0020,-0.013343525442803811
D_syn,llama,wp_0021,-0.016483220542236728
D_syn,llama,wp_0022,0.013531434027734112
D_syn,llama,wp_0023,0.011126094456193475
D_syn,llama,wp_0024,-0.05053476380343132
D_syn,llama,wp_0025,-0.012594231157408393
D_syn,llama,wp_0026,0.03898034317341219
D_syn,llama,wp_0027,-0.08458560542498371
D_syn,llama,wp_0028,0.016927688846969036
D_syn,llama,wp_0029,-0.0007580209281190297
D_syn,llama,wp_0030,-0.04872282995412046
D_syn,llama,wp_0031,0.01593190288709148
D_syn,llama,wp_0032,-0.035310451769117165
D_syn,llama,wp_0033,-0.024656063224520703
D_syn,llama,wp_0034,-0.04998892553138297
D_syn,llama,wp_0035,-0.07600646971407503
D_syn,llama,wp_0036,-0.011159897703095062
D_syn,llama,wp_0037,-0.05765680496090192
D_syn,llama,wp_0038,-0.03969464826157695
D_syn,llama,wp_0039,-0.06409547747985912
D_syn,llama,wp_0040,0.03846649340631067
D_syn,llama,wp_0041,-0.013466490635717804
D_syn,llama,wp_0042,-0.004194989637043689
D_syn,llama,wp_0043,-0.07262992237392252
D_syn,llama,wp_0044,0.038453512373536294
D_syn,llama,wp_0045,-0.0032758409857917394
D_syn,llama,wp_0046,-0.0448363882062971
D_syn,llama,wp_0047,-0.03894897043173533
D_syn,llama,wp_0048,-0.009407432661566323
D_syn,llama,wp_0049,0.013014993342847331
D_syn,llama,wp_0050,0.030849872118861026
D_syn,llama,wp_0051,-0.026208999926558046
D_syn,llama,wp_0052,-0.0029546082619197334
D_syn,llama,wp_0053,-0.005947274503688721
D_syn,llama,wp_0054,-0.026415623875709126
D_syn,llama,wp_0055,-0.06957989759550502
D_syn,llama,wp_0056,0.04878218171887311
D_syn,llama,wp_0057,-0.0561429664337173
D_syn,llama,wp_0058,-0.062451362600711956
D_syn,llama,wp_0059,-0.004248285909390509
D_syn,llama,wp_0060,-0.021069044080914534
D_syn,llama,wp_0061,0.050437293818061654
D_syn,llama,wp_0062,-0.017987681056603994
D_syn,llama,wp_0063,0.020505168468235562
D_syn,llama,wp_0064,0.08156691683923957
D_syn,llama,wp_0065,0.025699834958656742
D_syn,llama,wp_0066,-0.036562528849653705
D_syn,llama,wp_0067,-0.07640861901802495
D_syn,llama,wp_0068,-0.030093399017569845
D_syn,llama,wp_0069,-0.04039263183749396
D_syn,llama,wp_0070,-0.004682835452880052
D_syn,llama,wp_0071,-0.000957211323323548
D_syn,llama,wp_0072,-0.012323545672912595
D_syn,llama,wp_0073,-0.05272427920732854
D_syn,llama,wp_0074,0.01413424355416169
D_syn,llama,wp_0075,0.00413381980074673
D_syn,llama,wp_0076,-0.030760141328541858
D_syn,llama,wp_0077,0.009902856841329282
D_syn,llama,wp_0078,-0.03918062318528528
D_syn,llama,wp_0079,-0.048651197237794694
D_syn,llama,wp_0080,-0.027058625904602628
D_syn,llama,wp_0081,0.043737867637444305
D_syn,llama,wp_0082,-0.036967494619020734
D_syn,llama,wp_0083,-0.014853338861005577
D_syn,llama,wp_0084,-0.04897143865664005
D_syn,llama,wp_0085,-0.05143167978409093
D_syn,llama,wp_0086,-0.016578932443076306
D_syn,llama,wp_0087,-0.045554125081643665
D_syn,llama,wp_0088,-0.029304217121343457
D_syn,llama,wp_0089,0.001432407238456751
D_syn,llama,wp_0090,-0.04784515589993403
D_syn,llama,wp_0091,-0.01586948452377678
D_syn,llama,wp_0092,-0.017301364793252817
D_syn,llama,wp_0093,-0.033761196832705134
D_syn,llama,wp_0094,0.03186076553677559
D_syn,llama,wp_0095,-0.019715067126688697
D_syn,llama,wp_0096,-0.04035348297591192
D_syn,llama,wp_0097,-0.011438329643556334
D_syn,llama,wp_0098,-0.039245412659230525
D_syn,llama,wp_0099,0.010907101714116857
D_syn,llama,wp_0100,0.00012253741617898606
D_syn,llama,wp_0101,0.0033860222156910313
D_syn,llama,wp_0102,0.013942233074982662
D_syn,llama,wp_0103,0.04194185263580393
D_syn,llama,wp_0104,-0.05737261740512558
D_syn,llama,wp_0105,-0.04113304087654192
D_syn,llama,wp_0106,-0.036997940972713576
D_syn,llama,wp_0107,-0.02523522710764861
D_syn,llama,wp_0108,0.060729680166613065
D_syn,llama,wp_0109,-0.03410351594024803
D_syn,llama,wp_0110,-0.05669290721364364
D_syn,llama,wp_0112,0.01653138520629436
D_syn,llama,wp_0113,-0.011314057347463685
D_syn,llama,wp_0114,-0.018912131956329792
D_syn,llama,wp_0115,-0.012538294435043723
D_syn,llama,wp_0116,-0.001581001775870411
D_syn,llama,wp_0117,-0.02315324863830085
D_syn,llama,wp_0118,-0.022966654629004806
D_syn,llama,wp_0119,0.016762297819254292
D_syn,llama,wp_0120,-0.0612899418629997
D_syn,llama,wp_0121,-0.025451169226600522
D_syn,llama,wp_0122,0.06049256858666421
D_syn,llama,wp_0123,-0.018151979538705877
D_syn,llama,wp_0124,0.20790143114497214
D_syn,llama,wp_0125,-0.003577037634907976
D_syn,llama,wp_0126,-0.03201147903126987
D_syn,llama,wp_0127,-0.03828416102649561
D_syn,llama,wp_0128,0.012049727229661421
D_syn,llama,wp_0129,-0.05388775847378867
D_syn,llama,wp_0130,0.02321007384625537
D_syn,llama,wp_0131,-0.05674962220549522
D_syn,llama,wp_0132,-0.06379001923581143
D_syn,llama,wp_0133,-0.017174679994303117
D_syn,llama,wp_0134,-0.0208860635003038
D_syn,llama,wp_0135,0.014241723417605257
D_syn,llama,wp_0136,-0.062409049649639156
D_syn,llama,wp_0137,-0.05667120798174401
D_syn,llama,wp_0138,-0.006595003032881269
D_syn,llama,wp_0139,-0.042563550887029004
D_syn,llama,wp_0140,0.026695697460281886
D_syn,llama,wp_0141,-0.025202987451927488
D_syn,llama,wp_0142,-0.049349114774505744
D_syn,llama,wp_0143,-0.017943705431112445
D_syn,llama,wp_0144,0.05825795462953822
D_syn,llama,wp_0145,0.04635939233955603
D_syn,llama,wp_0146,-0.0069578055693889865
D_syn,llama,wp_0147,-0.009294061429124612
D_syn,llama,wp_0148,-0.05261328364522631
D_syn,llama,wp_0149,-0.024554391675178432
D_syn,llama,wp_0150,0.00813857645485207
D_syn,llama,wp_0151,-0.05020653010258266
D_syn,llama,wp_0152,-0.030023170234581842
D_syn,llama,wp_0153,-0.05076117085829459
D_syn,llama,wp_0154,0.0469344907717303
D_syn,llama,wp_0155,-0.04625502142579367
D_syn,llama,wp_0156,-0.014529628081675322
D_syn,llama,wp_0157,-0.0604695294050698
D_syn,llama,wp_0158,0.02413564130805127
D_syn,llama,wp_0159,-0.01372261191405208
D_syn,llama,wp_0160,-0.021344687897267133
D_syn,llama,wp_0161,-0.016333633462143865
D_syn,llama,wp_0162,-0.05893408563251621
D_syn,llama,wp_0163,-0.0010260454310635104
D_syn,llama,wp_0164,-0.006143227451109084
D_syn,llama,wp_0165,-0.02502255942764753
D_syn,llama,wp_0166,0.03731861009199285
D_syn,llama,wp_0167,0.04332187715626794
D_syn,llama,wp_0168,-0.0361400927338415
D_syn,llama,wp_0169,-0.029210059658876623
D_syn,llama,wp_0170,-0.06268102279138256
D_syn,llama,wp_0171,-0.008376754642669664
D_syn,llama,wp_0172,-0.048381054685465184
D_syn,llama,wp_0173,-0.01707367058201816
D_syn,llama,wp_0174,0.0027793417216583627
D_syn,llama,wp_0175,-0.06111530559841829
D_syn,llama,wp_0176,-0.02634347548680723
D_syn,llama,wp_0177,0.00961941626712023
D_syn,llama,wp_0178,-0.024127521567152303
D_syn,llama,wp_0179,0.013407498154087334
D_syn,llama,wp_0180,-0.017045140683370937
D_syn,llama,wp_0181,0.05181814318902016
D_syn,llama,wp_0182,-0.05790868702088795
D_syn,llama,wp_0183,-0.03185168996698951
D_syn,llama,wp_0184,0.0019069934023284274
D_syn,llama,wp_0185,-0.009990504480494915
D_syn,llama,wp_0186,-0.08626553814364987
D_syn,llama,wp_0187,-0.043001621822477396
D_syn,llama,wp_0188,-0.03698000500570035
D_syn,llama,wp_0189,-0.015913545292110736
D_syn,llama,wp_0190,-0.04178484522240501
D_syn,llama,wp_0191,-0.01622669720597898
D_syn,llama,wp_0192,0.013288883371633664
D_syn,llama,wp_0193,0.008649652939241675
D_syn,llama,wp_0194,0.2028352950643831
D_syn,llama,wp_0195,-0.02451833744186075
D_syn,llama,wp_0196,-0.011381460891299483
D_syn,llama,wp_0197,-0.0445869184234836
D_syn,llama,wp_0198,-0.043153954068339745
D_syn,llama,wp_0199,-0.032196888232133354
D_syn,mistral,wp_0000,0.019475051939866782
D_syn,mistral,wp_0001,0.01439878826115873
D_syn,mistral,wp_0002,-0.02313355914068781
D_syn,mistral,wp_0003,0.04882074232545397
D_syn,mistral,wp_0004,0.06816572611165124
D_syn,mistral,wp_0005,-0.027412820044724385
D_syn,mistral,wp_0006,-0.046029365869858556
D_syn,mistral,wp_0007,-0.042669746559177775
D_syn,mistral,wp_0008,-0.048125371086151184
D_syn,mistral,wp_0009,-0.02190962474812842
D_syn,mistral,wp_0010,0.06618079831715357
D_syn,mistral,wp_0011,-0.010035502883064762
D_syn,mistral,wp_0012,-0.01393053044172321
D_syn,mistral,wp_0013,0.0764979236827588
D_syn,mistral,wp_0014,-0.07756237519122991
D_syn,mistral,wp_0015,-0.032821761822695444
D_syn,mistral,wp_0016,-0.007390699192988209
D_syn,mistral,wp_0017,0.003676470718373126
D_syn,mistral,wp_0018,0.017695978425031678
D_syn,mistral,wp_0019,-0.002027515710334382
D_syn,mistral,wp_0020,-0.01953074542592347
D_syn,mistral,wp_0021,-0.008174913018030156
D_syn,mistral,wp_0022,0.04945732958545073
D_syn,mistral,wp_0023,0.05854513886577063
D_syn,mistral,wp_0024,-0.05157300247953902
D_syn,mistral,wp_0025,-0.022269367484252504
D_syn,mistral,wp_0026,0.030832148789992013
D_syn,mistral,wp_0027,-0.05850829739987702
D_syn,mistral,wp_0028,0.02044273941744948
D_syn,mistral,wp_0029,0.0012030171890490605
D_syn,mistral,wp_0030,-0.02430995717481842
D_syn,mistral,wp_0031,0.06984813102453244
D_syn,mistral,wp_0032,-0.016271477088824045
D_syn,mistral,wp_0033,-0.011120014054672656
D_syn,mistral,wp_0034,-0.026363602832127277
D_syn,mistral,wp_0035,-0.07849478580834708
D_syn,mistral,wp_0036,0.01760238098966229
D_syn,mistral,wp_0037,-0.08162279925942177
D_syn,mistral,wp_0038,-0.05054445486667001
D_syn,mistral,wp_0039,-0.035112064043521414
D_syn,mistral,wp_0040,0.02022257963168169
D_syn,mistral,wp_0041,-0.040536616995633476
D_syn,mistral,wp_0042,-0.018197568291635973
D_syn,mistral,wp_0043,-0.05389076016758768
D_syn,mistral,wp_0044,0.05546901674822684
D_syn,mistral,wp_0045,0.019639400408860797
D_syn,mistral,wp_0046,-0.045815215379484665
D_syn,mistral,wp_0047,-0.03844199805120623
D_syn,mistral,wp_0048,0.003944870748781304
D_syn,mistral,wp_0049,0.029179239256086897
D_syn,mistral,wp_0050,0.06959443022175654
D_syn,mistral,wp_0051,0.006460658889729698
D_syn,mistral,wp_0052,0.017291647574715102
D_syn,mistral,wp_0053,-0.012631111915851673
D_syn,mistral,wp_0054,-0.030759236896070165
D_syn,mistral,wp_0055,-0.05547997040257826
D_syn,mistral,wp_0056,0.061296922227505504
D_syn,mistral,wp_0057,-0.04551910469588372
D_syn,mistral,wp_0058,-0.06428720003739653
D_syn,mistral,wp_0059,-0.008743753879639316
D_syn,mistral,wp_0060,-0.040271459202813456
D_syn,mistral,wp_0061,0.0402313778089151
D_syn,mistral,wp_0062,-0.00948977688442551
D_syn,mistral,wp_0063,0.02194589932269153
D_syn,mistral,wp_0064,0.10783920172388028
D_syn,mistral,wp_0065,0.04615919352436689
D_syn,mistral,wp_0066,-0.03729837973757485
D_syn,mistral,wp_0067,-0.0675671046241664
D_syn,mistral,wp_0068,-0.016360252307790896
D_syn,mistral,wp_0069,-0.03364580088557263
D_syn,mistral,wp_0070,-0.010063735096509707
D_syn,mistral,wp_0071,0.03789483290909838
D_syn,mistral,wp_0072,-0.00785033457433112
D_syn,mistral,wp_0073,-0.04567891588374195
D_syn,mistral,wp_0074,0.027849556960415967
D_syn,mistral,wp_0075,0.05216562450622124
D_syn,mistral,wp_0076,0.007820939305716335
D_syn,mistral,wp_0077,0.05254690545922093
D_syn,mistral,wp_0078,-0.03667827089001979
D_syn,mistral,wp_0079,-0.02757388082573122
D_syn,mistral,wp_0080,-0.009782038869119597
D_syn,mistral,wp_0081,0.050512273219950776
D_syn,mistral,wp_0082,-0.044105521794894985
D_syn,mistral,wp_0083,-0.015013471664286442
D_syn,mistral,wp_0084,-0.060269617639093075
D_syn,mistral,wp_0085,-0.026646160365378636
D_syn,mistral,wp_0086,-0.03339200993315619
D_syn,mistral,wp_0087,-0.026795533186491027
D_syn,mistral,wp_0088,-0.03157398334561663
D_syn,mistral,wp_0089,0.01007896490268768
D_syn,mistral,wp_0090,-0.052495693384264144
D_syn,mistral,wp_0091,-0.0549734718364955
D_syn,mistral,wp_0092,-0.010317856841563338
D_syn,mistral,wp_0093,-0.002442229506191884
D_syn,mistral,wp_0094,0.03870183087475847
D_syn,mistral,wp_0095,-0.004360228757467111
D_syn,mistral,wp_0096,-0.03162371495814422
D_syn,mistral,wp_0097,0.0038033161586499887
D_syn,mistral,wp_0098,-0.029876726242971302
D_syn,mistral,wp_0099,0.019411908974326313
D_syn,mistral,wp_0100,0.03664529462895016
D_syn,mistral,wp_0101,-0.0006121659284985037
D_syn,mistral,wp_0102,0.03354281405685081
D_syn,mistral,wp_0103,0.019786737859439102
D_syn,mistral,wp_0104,-0.055836481637701184
D_syn,mistral,wp_0105,-0.03570055359736713
D_syn,mistral,wp_0106,-0.01999408303427998
D_syn,mistral,wp_0107,-0.013349871803118784
D_syn,mistral,wp_0108,0.06855383394004566
D_syn,mistral,wp_0109,-0.055058348849535775
D_syn,mistral,wp_0110,-0.056843079071155225
D_syn,mistral,wp_0112,0.03090156672500203
D_syn,mistral,wp_0113,-9.511634038739115e-06
D_syn,mistral,wp_0114,-0.008596829813619667
D_syn,mistral,wp_0115,0.013817923523362469
D_syn,mistral,wp_0116,0.048916180646279284
D_syn,mistral,wp_0117,-0.010059095560789044
D_syn,mistral,wp_0118,-0.012891324462396598
D_syn,mistral,wp_0119,0.0553476292743333
D_syn,mistral,wp_0120,-0.06271703669571718
D_syn,mistral,wp_0121,-0.0358773899584688
D_syn,mistral,wp_0122,0.06635396056265795
D_syn,mistral,wp_0123,-0.013236319598105045
D_syn,mistral,wp_0124,0.30556086866455945
D_syn,mistral,wp_0125,-0.015325646492007688
D_syn,mistral,wp_0126,-0.02067496084849611
D_syn,mistral,wp_0127,-0.018571911820916564
D_syn,mistral,wp_0128,0.030859998575465362
D_syn,mistral,wp_0129,-0.05815756604273461
D_syn,mistral,wp_0130,0.039496535935221455
D_syn,mistral,wp_0131,-0.0470014641382909
D_syn,mistral,wp_0132,-0.044602223465279485
D_syn,mistral,wp_0133,-0.013525752423716748
D_syn,mistral,wp_0134,-0.001679199957091143
D_syn,mistral,wp_0135,0.012311684972273067
D_syn,mistral,wp_0136,-0.07096356310450723
D_syn,mistral,wp_0137,-0.035194720781646774
D_syn,mistral,wp_0138,0.00715399277570043
D_syn,mistral,wp_0139,-0.05398692112073662
D_syn,mistral,wp_0140,0.025078431715224857
D_syn,mistral,wp_0141,-0.03236548025685091
D_syn,mistral,wp_0142,-0.04379769771883276
D_syn,mistral,wp_0143,0.0016627286366449224
D_syn,mistral,wp_0144,0.056565890272558296
D_syn,mistral,wp_0145,0.06306671804993383
D_syn,mistral,wp_0146,0.016602632684290818
D_syn,mistral,wp_0147,-0.006550861858528112
D_syn,mistral,wp_0148,-0.04790071459481326
D_syn,mistral,wp_0149,7.184204707271768e-05
D_syn,mistral,wp_0150,0.022382553355202693
D_syn,mistral,wp_0151,-0.04276180450114995
D_syn,mistral,wp_0152,-0.005388921200723662
D_syn,mistral,wp_0153,-0.05440586441651372
D_syn,mistral,wp_0154,0.04789038211601523
D_syn,mistral,wp_0155,-0.029107349379032938
D_syn,mistral,wp_0156,0.006464941704887983
D_syn,mistral,wp_0157,-0.06264558974589514
D_syn,mistral,wp_0158,0.06479056301632465
D_syn,mistral,wp_0159,-0.017720477720294937
D_syn,mistral,wp_0160,-0.017912574330208604
D_syn,mistral,wp_0161,-0.009869801453626436
D_syn,mistral,wp_0162,-0.03213623607636682
D_syn,mistral,wp_0163,-0.01935431641819278
D_syn,mistral,wp_0164,0.03470694227494302
D_syn,mistral,wp_0165,0.021454180863301607
D_syn,mistral,wp_0166,0.03630566141951461
D_syn,mistral,wp_0167,0.0525347055820655
D_syn,mistral,wp_0168,-0.04775876937247249
D_syn,mistral,wp_0169,0.016424433405375805
D_syn,mistral,wp_0170,-0.06834326856886411
D_syn,mistral,wp_0171,0.019379752415398133
D_syn,mistral,wp_0172,-0.044424618658771314
D_syn,mistral,wp_0173,-0.0193789941197845
D_syn,mistral,wp_0174,-0.0064253061055637994
D_syn,mistral,wp_0175,-0.05410083638290451
D_syn,mistral,wp_0176,-0.03210585436421044
D_syn,mistral,wp_0177,0.016247657831228852
D_syn,mistral,wp_0178,-0.03423213906872729
D_syn,mistral,wp_0179,0.010067275474954507
D_syn,mistral,wp_0180,0.006633951232080937
D_syn,mistral,wp_0181,0.030103737529967294
D_syn,mistral,wp_0182,-0.04622359123213686
D_syn,mistral,wp_0183,-0.038784478139966175
D_syn,mistral,wp_0184,0.003630714070497426
D_syn,mistral,wp_0185,0.014312575425310236
D_syn,mistral,wp_0186,-0.08736090636922152
D_syn,mistral,wp_0187,-0.04243392147818069
D_syn,mistral,wp_0188,-0.039939662740957935
D_syn,mistral,wp_0189,0.011493663257720499
D_syn,mistral,wp_0190,-0.024030908295994413
D_syn,mistral,wp_0191,-0.008869859797430569
D_syn,mistral,wp_0192,0.008358794578892399
D_syn,mistral,wp_0193,-0.011103992075504032
D_syn,mistral,wp_0194,-0.0003671227915595654
D_syn,mistral,wp_0195,0.0005875114888678091
D_syn,mistral,wp_0196,-0.010976673541133481
D_syn,mistral,wp_0197,-0.021896113733161603
D_syn,mistral,wp_0198,-0.03388907436205245
D_syn,mistral,wp_0199,-0.03136895792220206
D_syn,qwen,wp_0000,0.008323918704182282
D_syn,qwen,wp_0001,-0.007749306334781436
D_syn,qwen,wp_0002,-0.03381542319967646
D_syn,qwen,wp_0003,0.02117864030770672
D_syn,qwen,wp_0004,0.03518989565045742
D_syn,qwen,wp_0005,-0.018715353713021493
D_syn,qwen,wp_0006,-0.022578104479118725
D_syn,qwen,wp_0007,-0.04094060877418389
D_syn,qwen,wp_0008,-0.05937971437439722
D_syn,qwen,wp_0009,-0.037964950851750265
D_syn,qwen,wp_0010,0.020936151691220824
D_syn,qwen,wp_0011,-0.03471496321944604
D_syn,qwen,wp_0012,-0.03126230333778682
D_syn,qwen,wp_0013,0.06782558696575691
D_syn,qwen,wp_0014,-0.08600575339266864
D_syn,qwen,wp_0015,-0.024933320641740687
D_syn,qwen,wp_0016,0.004709835108896021
D_syn,qwen,wp_0017,-0.011328934533545582
D_syn,qwen,wp_0018,0.020354999419024928
D_syn,qwen,wp_0019,0.021435405322724293
D_syn,qwen,wp_0020,-0.043438313797019304
D_syn,qwen,wp_0021,-0.0033653664412849394
D_syn,qwen,wp_0022,-0.006387553545728441
D_syn,qwen,wp_0023,0.016926820548285915
D_syn,qwen,wp_0024,-0.053544481292513456
D_syn,qwen,wp_0025,-0.0066590052093055685
D_syn,qwen,wp_0026,0.013447085398629627
D_syn,qwen,wp_0027,-0.07757212998905948
D_syn,qwen,wp_0028,-0.04268679079721703
D_syn,qwen,wp_0029,-0.01014702997782812
D_syn,qwen,wp_0030,-0.0563818046110222
D_syn,qwen,wp_0031,0.021185944018154518
D_syn,qwen,wp_0032,-0.025978051406340807
D_syn,qwen,wp_0033,-0.024778881669101815
D_syn,qwen,wp_0034,-0.016808966221277276
D_syn,qwen,wp_0035,-0.07163854970288137
D_syn,qwen,wp_0036,-0.017887766835592393
D_syn,qwen,wp_0037,-0.0623904474026258
D_syn,qwen,wp_0038,-0.04049786708460547
D_syn,qwen,wp_0039,-0.04285683459932641
D_syn,qwen,wp_0040,0.0391973412500701
D_syn,qwen,wp_0041,-0.04374376063596706
D_syn,qwen,wp_0042,0.005586602955851732
D_syn,qwen,wp_0043,-0.07803338848351418
D_syn,qwen,wp_0044,0.01607317086582105
D_syn,qwen,wp_0045,-0.0250125454921148
D_syn,qwen,wp_0046,-0.04890699575659983
D_syn,qwen,wp_0047,-0.03371652216098948
D_syn,qwen,wp_0048,0.005226817869797939
D_syn,qwen,wp_0049,0.017249575193326323
D_syn,qwen,wp_0050,0.06208257951682582
D_syn,qwen,wp_0051,-0.04666022268061248
D_syn,qwen,wp_0052,-0.025112681324402086
D_syn,qwen,wp_0053,-0.029943976638840603
D_syn,qwen,wp_0054,-0.06644012853927328
D_syn,qwen,wp_0055,-0.04725988454523228
D_syn,qwen,wp_0056,0.04944692067218498
D_syn,qwen,wp_0057,-0.011877636116239421
D_syn,qwen,wp_0058,-0.08682542344647985
D_syn,qwen,wp_0059,-0.03871102292743274
D_syn,qwen,wp_0060,-0.043950403725544894
D_syn,qwen,wp_0061,0.024871688198894466
D_syn,qwen,wp_0062,0.01633819308187794
D_syn,qwen,wp_0063,-0.011750922454350509
D_syn,qwen,wp_0064,0.08048857917067433
D_syn,qwen,wp_0065,0.012195788141232988
D_syn,qwen,wp_0066,-0.02709550205635991
D_syn,qwen,wp_0067,-0.06879446241438894
D_syn,qwen,wp_0068,-0.05165925098315194
D_syn,qwen,wp_0069,-0.02366390985191109
D_syn,qwen,wp_0070,-0.021759431186336015
D_syn,qwen,wp_0071,0.010513902267052493
D_syn,qwen,wp_0072,-0.003282648632313512
D_syn,qwen,wp_0073,-0.04776681088621422
D_syn,qwen,wp_0074,-0.007416290314509166
D_syn,qwen,wp_0075,0.0032077619184215254
D_syn,qwen,wp_0076,-0.027380648607465204
D_syn,qwen,wp_0077,0.013478144582547397
D_syn,qwen,wp_0078,-0.05616715134827384
D_syn,qwen,wp_0079,-0.053793039823130974
D_syn,qwen,wp_0080,-0.022788743966132886
D_syn,qwen,wp_0081,0.038560830573729846
D_syn,qwen,wp_0082,-0.041116015114307826
D_syn,qwen,wp_0083,-0.03226583837639604
D_syn,qwen,wp_0084,-0.04437551366880017
D_syn,qwen,wp_0085,-0.03902193453379798
D_syn,qwen,wp_0086,-0.037520203519584946
D_syn,qwen,wp_0087,-0.051912155152697
D_syn,qwen,wp_0088,-0.05228425658821053
D_syn,qwen,wp_0089,-0.020942866267161058
D_syn,qwen,wp_0090,-0.06076546360162536
D_syn,qwen,wp_0091,-0.05873084023814522
D_syn,qwen,wp_0092,-0.030878644887170147
D_syn,qwen,wp_0093,-0.046020224191438266
D_syn,qwen,wp_0094,0.03151537445110229
D_syn,qwen,wp_0095,-0.013714964679702346
D_syn,qwen,wp_0096,-0.04817042928698592
D_syn,qwen,wp_0097,-0.024167493363224123
D_syn,qwen,wp_0098,-0.03617063454519906
D_syn,qwen,wp_0099,-0.018574131366514778
D_syn,qwen,wp_0100,-0.011080801488406723
D_syn,qwen,wp_0101,-0.021536601011239033
D_syn,qwen,wp_0102,-0.011316894234991548
D_syn,qwen,wp_0103,-0.004301236452697499
D_syn,qwen,wp_0104,-0.06262004110228789
D_syn,qwen,wp_0105,-0.04265364097682604
D_syn,qwen,wp_0106,-0.018249175479963464
D_syn,qwen,wp_0107,-0.05256682545627298
D_syn,qwen,wp_0108,0.017878692583442213
D_syn,qwen,wp_0109,-0.046313207558051336
D_syn,qwen,wp_0110,-0.04950462910349741
D_syn,qwen,wp_0112,0.027539898989456885
D_syn,qwen,wp_0113,-0.021911166712479085
D_syn,qwen,wp_0114,-0.021531982032586376
D_syn,qwen,wp_0115,-0.0003908130842489588
D_syn,qwen,wp_0116,0.007539113807484121
D_syn,qwen,wp_0117,-0.027928797159387952
D_syn,qwen,wp_0118,-0.013332409221255549
D_syn,qwen,wp_0119,0.02487767325203861
D_syn,qwen,wp_0120,-0.06418647907301782
D_syn,qwen,wp_0121,-0.03286147266778287
D_syn,qwen,wp_0122,0.0337545886302
D_syn,qwen,wp_0123,-0.033614894251925716
D_syn,qwen,wp_0124,0.41968587745353564
D_syn,qwen,wp_0125,-0.013963522854818805
D_syn,qwen,wp_0126,-0.05114606956556256
D_syn,qwen,wp_0127,-0.033438390143744404
D_syn,qwen,wp_0128,0.10332325884084873
D_syn,qwen,wp_0129,-0.06080391842740344
D_syn,qwen,wp_0130,0.04033183221662297
D_syn,qwen,wp_0131,-0.0665792725841037
D_syn,qwen,wp_0132,-0.05114461520126812
D_syn,qwen,wp_0133,-0.026427871064044588
D_syn,qwen,wp_0134,-0.049601644765630414
D_syn,qwen,wp_0135,-0.003920033394050715
D_syn,qwen,wp_0136,-0.08662036970349345
D_syn,qwen,wp_0137,-0.03180398678741514
D_syn,qwen,wp_0138,-0.010444051620709428
D_syn,qwen,wp_0139,-0.0548249294487396
D_syn,qwen,wp_0140,-0.012463715302331457
D_syn,qwen,wp_0141,-0.053360622434657425
D_syn,qwen,wp_0142,-0.052195689080542895
D_syn,qwen,wp_0143,-0.022996823072772277
D_syn,qwen,wp_0144,0.009857399879168626
D_syn,qwen,wp_0145,0.024405963161745918
D_syn,qwen,wp_0146,-0.001998687918722891
D_syn,qwen,wp_0147,-0.03617759924737129
D_syn,qwen,wp_0148,-0.056819959529340734
D_syn,qwen,wp_0149,-0.03577516034073971
D_syn,qwen,wp_0150,0.00671259323441406
D_syn,qwen,wp_0151,-0.047425753768193524
D_syn,qwen,wp_0152,-0.024596284001418455
D_syn,qwen,wp_0153,-0.05737318047505917
D_syn,qwen,wp_0154,0.034288001323027194
D_syn,qwen,wp_0155,-0.0449476424604234
D_syn,qwen,wp_0156,-0.047767244202171065
D_syn,qwen,wp_0157,-0.07215646254105919
D_syn,qwen,wp_0158,0.04418677584063009
D_syn,qwen,wp_0159,-0.018006600541725058
D_syn,qwen,wp_0160,-0.024487591402150566
D_syn,qwen,wp_0161,-0.0267337432340412
D_syn,qwen,wp_0162,-0.06808064440079793
D_syn,qwen,wp_0163,0.0019258320138082542
D_syn,qwen,wp_0164,0.0012237255516597434
D_syn,qwen,wp_0165,-0.018384833165762653
D_syn,qwen,wp_0166,0.08820583216045792
D_syn,qwen,wp_0167,0.024339389115474237
D_syn,qwen,wp_0168,-0.06111235430352733
D_syn,qwen,wp_0169,-0.009552233417426887
D_syn,qwen,wp_0170,-0.06477685844819459
D_syn,qwen,wp_0171,-0.028117922126667094
D_syn,qwen,wp_0172,-0.05288139065763955
D_syn,qwen,wp_0173,-0.02330839851364604
D_syn,qwen,wp_0174,0.004938747985768438
D_syn,qwen,wp_0175,-0.06096434272531853
D_syn,qwen,wp_0176,-0.06584606530453865
D_syn,qwen,wp_0177,0.008249127628054137
D_syn,qwen,wp_0178,-0.01715833285875573
D_syn,qwen,wp_0179,-0.023958739299097465
D_syn,qwen,wp_0180,-0.022656425540864396
D_syn,qwen,wp_0181,0.017013122799234105
D_syn,qwen,wp_0182,-0.04077788695700288
D_syn,qwen,wp_0183,-0.04412306883683055
D_syn,qwen,wp_0184,0.0008306183134054845
D_syn,qwen,wp_0185,-0.006607961604798968
D_syn,qwen,wp_0186,-0.07773914877253937
D_syn,qwen,wp_0187,-0.042462329437514615
D_syn,qwen,wp_0188,-0.0416422910114863
D_syn,qwen,wp_0189,-0.014243713205156761
D_syn,qwen,wp_0190,-0.04278355453143067
D_syn,qwen,wp_0191,-0.008431678333275272
D_syn,qwen,wp_0192,0.014207186884271045
D_syn,qwen,wp_0193,-0.02849304804100613
D_syn,qwen,wp_0194,0.3072818775523948
D_syn,qwen,wp_0195,-0.03221916715061509
D_syn,qwen,wp_0196,-0.04013499178319415
D_syn,qwen,wp_0197,-0.03923545852976283
D_syn,qwen,wp_0198,-0.037909982916615
D_syn,qwen,wp_0199,-0.04438740947848378
