model_key,model,prompt_id,D_sem,D_lex,D_syn,D_disc,D_narr,D_style
gemma,Gemma-2-9B,wp_0000,0.1151467710733413,0.8750044756219022,0.3572345935587126,0.0085012085895995,2.469735220519171,0.322598171220899
gemma,Gemma-2-9B,wp_0001,0.0961104333400726,0.8382459058177917,0.3710598539170895,0.0066237029735275,2.379135166308871,0.3304486044280111
gemma,Gemma-2-9B,wp_0002,0.157814934849739,0.878111236046154,0.352280541140876,0.0061424404160223,2.670587889342282,0.342134181783459
gemma,Gemma-2-9B,wp_0003,0.122868038713932,0.8456197563533528,0.3366056630605712,0.0092247952374413,1.8824061515772352,0.2360706039845909
gemma,Gemma-2-9B,wp_0004,0.0512581653892993,0.8172777215182714,0.3692566077205345,0.005114781265033,2.178226101116386,0.1295457319513023
gemma,Gemma-2-9B,wp_0005,0.1498119086027145,0.8577510329199578,0.3828449627594317,0.0074668596587683,2.135630193686564,0.2960578948710327
gemma,Gemma-2-9B,wp_0006,0.182909607887268,0.8778025781281587,0.3333895232900835,0.0089141711852768,2.173579164078156,0.2853581301828118
gemma,Gemma-2-9B,wp_0007,0.0799855962395668,0.8633370024871182,0.3661971043216284,0.0042800930542719,2.6050485121098106,0.124941963515524
gemma,Gemma-2-9B,wp_0008,0.1199731081724166,0.8842298088756488,0.4268416401930036,0.0157601303312732,2.5053624748965513,0.2492270834226206
gemma,Gemma-2-9B,wp_0009,0.1530084758996963,0.8692402616124941,0.3812587361816203,0.0089287514171945,1.9231232537979728,0.3757164375811048
gemma,Gemma-2-9B,wp_0010,0.1073545441031456,0.8513155513299167,0.3424977613899453,0.0084623091768606,2.1805046855587342,0.3526832460494215
gemma,Gemma-2-9B,wp_0011,0.0707614719867706,0.8454109273537206,0.3479760762002027,0.0046494323642748,2.6614893403334245,0.1575454957297386
gemma,Gemma-2-9B,wp_0012,0.0794040709733963,0.860282236923824,0.3455310030224562,0.0083926672718621,2.146543978302483,0.1090671548185506
gemma,Gemma-2-9B,wp_0013,0.0596542544662952,0.844824871883343,0.3014747119149255,0.0051301814664401,2.2465933673256555,0.1170066415781125
gemma,Gemma-2-9B,wp_0014,0.1781722456216812,0.8751454467469582,0.3809954131920473,0.0051740788169025,2.611951869874062,0.405461990575934
gemma,Gemma-2-9B,wp_0015,0.1254115402698516,0.8393182627441457,0.3463497874683658,0.0058155156622447,2.0179547596364964,0.1791237719070889
gemma,Gemma-2-9B,wp_0016,0.1244102492928505,0.8740142287616639,0.3758662763680162,0.0075317649831187,2.1330511526317357,0.2570966473165119
gemma,Gemma-2-9B,wp_0017,0.154079407453537,0.8584742711754612,0.3568129307302823,0.008777502645404,2.2465812675311896,0.1163972197653173
gemma,Gemma-2-9B,wp_0018,0.2885380685329437,0.902399378638566,0.4320998820331413,0.0185108506204153,2.557883620074042,0.6875252516344645
gemma,Gemma-2-9B,wp_0019,0.1612644493579864,0.8691882552247371,0.3613132065329933,0.0102479554181324,2.2823250163629316,0.2074078529478023
gemma,Gemma-2-9B,wp_0020,0.135858729481697,0.8805313804411506,0.3334343949750239,0.0060752352387325,2.323661958403286,0.2164655103173761
gemma,Gemma-2-9B,wp_0021,0.1081103309988975,0.8432956576913435,0.3500058918243974,0.0077654063331657,2.177922188292862,0.1535057048803791
gemma,Gemma-2-9B,wp_0022,0.1035781055688858,0.8563368265773494,0.3433571216033553,0.0040094101699637,2.306679666952862,0.3799233950224684
gemma,Gemma-2-9B,wp_0023,0.1066488772630691,0.8649668804433667,0.382709988313739,0.0047552833414875,2.7852274708503453,0.3780593417096516
gemma,Gemma-2-9B,wp_0024,0.0831324085593223,0.8724217410101398,0.3389401218447819,0.0047323469518495,2.415052275248587,0.2437864978574747
gemma,Gemma-2-9B,wp_0025,0.1647430807352066,0.8858065430511994,0.3499865923420195,0.0096522000146154,2.1772783536045663,0.2095661678481039
gemma,Gemma-2-9B,wp_0026,0.1162717118859291,0.8668757470481463,0.3393828399063457,0.0034404468529789,2.307940817619169,0.1564540122863447
gemma,Gemma-2-9B,wp_0027,0.1008487939834594,0.854833119686058,0.3535236272881056,0.0060084563199651,2.2648781356171055,0.1794441272386042
gemma,Gemma-2-9B,wp_0028,0.1194061785936355,0.8699170658890079,0.3923769337149421,0.0086535950651615,2.5374138155644017,0.3845112671734233
gemma,Gemma-2-9B,wp_0029,0.0988556593656539,0.8393182706445227,0.3892869020401582,0.0119672990710584,2.2207518926843925,0.3723541319382312
gemma,Gemma-2-9B,wp_0030,0.1381884515285492,0.8571296506136447,0.3654278330478617,0.0102359886400659,2.122207339491036,0.3776830131147839
gemma,Gemma-2-9B,wp_0031,0.1445763409137725,0.891794731209622,0.3737280873913614,0.0069604628749547,2.4553853344213694,0.3721281036093916
gemma,Gemma-2-9B,wp_0032,0.1871618926525116,0.8712043634281917,0.3122640004405244,0.0069424239637367,2.2264169386548267,0.2302037359784107
gemma,Gemma-2-9B,wp_0033,0.0881327614188194,0.862461561062138,0.3785814807500877,0.0037257853639659,2.6024231229473274,0.2440389281503514
gemma,Gemma-2-9B,wp_0034,0.0645957738161087,0.7919595675343469,0.3751439952325563,0.0205170257147124,0.8297283010612346,0.1966057941887812
gemma,Gemma-2-9B,wp_0035,0.1402167230844497,0.8907347467042624,0.3770716794169945,0.007782783176512,2.648965139127737,0.2910998645947392
gemma,Gemma-2-9B,wp_0036,0.0944917351007461,0.8578517006495796,0.335948913560876,0.0055329108806877,2.084073836640917,0.189439377414447
gemma,Gemma-2-9B,wp_0037,0.1932176053524017,0.8906504099455251,0.4135195931106779,0.0114318897390074,2.9209244192660218,0.4089674471545471
gemma,Gemma-2-9B,wp_0038,0.1685914993286132,0.8838216007526519,0.3444514031996089,0.0148579923858205,2.569960876059441,0.3186834173960559
gemma,Gemma-2-9B,wp_0039,0.1759909689426422,0.8654506264617741,0.3377996340145404,0.0064395930427436,2.0377543556818933,0.5012683935754869
gemma,Gemma-2-9B,wp_0040,0.1737804561853408,0.8766825885901465,0.388276272846488,0.0127231310146595,2.8675432048892526,0.2742901199615148
gemma,Gemma-2-9B,wp_0041,0.0666571035981178,0.8551112404995592,0.3139930510199545,0.0046202509955567,1.3215904383015231,0.2462275071245624
gemma,Gemma-2-9B,wp_0042,0.1175372153520584,0.864178381981829,0.3622683139217527,0.0060240260480653,2.3000451016809387,0.406098989391118
gemma,Gemma-2-9B,wp_0043,0.10504100471735,0.8898369546651159,0.3393033981463654,0.0058430593814254,2.9661605066351315,0.2475996487789842
gemma,Gemma-2-9B,wp_0044,0.1570828855037689,0.8592790799265396,0.3125752458224226,0.0146138604930262,1.5368038054984805,0.3180193086548277
gemma,Gemma-2-9B,wp_0045,0.1293289810419082,0.8663247271320703,0.3750360621372229,0.0092304519573889,2.753425824190972,0.2797528452147937
gemma,Gemma-2-9B,wp_0046,0.1179613023996353,0.8543708768081316,0.3666609144259896,0.0065680352372687,1.942871077176315,0.0607270070664329
gemma,Gemma-2-9B,wp_0047,0.0916439369320869,0.8718649794756385,0.3503756996317816,0.0091130235458799,2.078719640359126,0.2442879354857848
gemma,Gemma-2-9B,wp_0048,0.1112587824463844,0.865503869826165,0.3527038357414129,0.0130511471604231,2.0176705448087047,0.4719847507206309
gemma,Gemma-2-9B,wp_0049,0.0862817764282226,0.8443978613679091,0.4028486993117651,0.0169270447717194,1.9464450650667784,0.1042874486045134
gemma,Gemma-2-9B,wp_0050,0.0456566922366619,0.8380736166224603,0.3767035521477715,0.0095991516155192,1.2594942309834154,0.1817303087297074
gemma,Gemma-2-9B,wp_0051,0.1129062622785568,0.8574255915973407,0.2936814527835029,0.0051434298715544,2.147346457367848,0.2443191089990958
gemma,Gemma-2-9B,wp_0052,0.137846902012825,0.894446629015421,0.3379409140219358,0.0076720930767948,2.0505494169251155,0.3242001510405854
gemma,Gemma-2-9B,wp_0053,0.164792314171791,0.8686538733543214,0.3416165065656377,0.0051328361303838,2.7112906286840373,0.2556420276179957
gemma,Gemma-2-9B,wp_0054,0.270224392414093,0.9029142450314114,0.3619304695617701,0.0112056174295412,2.7952226975280987,0.3855641153981305
gemma,Gemma-2-9B,wp_0055,0.0874408259987831,0.853260754941928,0.3286029400040358,0.0083400717599803,2.027612133608523,0.3749634693191416
gemma,Gemma-2-9B,wp_0056,0.1204681992530822,0.8699483367788486,0.3782821962580977,0.00961144067602,2.7359833517712326,0.2549311658956856
gemma,Gemma-2-9B,wp_0057,0.1243140697479248,0.8708484117517736,0.391432489402658,0.0118046250553623,2.9053826247241963,0.3283356658037557
gemma,Gemma-2-9B,wp_0058,0.0739814415574073,0.8628602985267472,0.3180471600223807,0.0114964932536388,2.504820615275473,0.2788314841097517
gemma,Gemma-2-9B,wp_0059,0.153213232755661,0.8938021827821929,0.38168841066608,0.0056832756518853,2.4701316485738394,0.2861959620718095
gemma,Gemma-2-9B,wp_0060,0.1953652203083038,0.8996331832353537,0.3932380976720959,0.0083125708601254,2.561603859542437,0.4407409184922304
gemma,Gemma-2-9B,wp_0061,0.1657490134239196,0.8820130959828824,0.3723400718621567,0.0118407201400706,2.597489514558684,0.2839317238603712
gemma,Gemma-2-9B,wp_0062,0.1098143085837364,0.8487546187975596,0.331490194814734,0.0062831560229602,2.033937026296001,0.1629825886101717
gemma,Gemma-2-9B,wp_0063,0.1583678424358368,0.866967162488096,0.3813704129382051,0.0059009462670964,2.714696148988049,0.2531129247121348
gemma,Gemma-2-9B,wp_0064,0.1808951199054718,0.8789434288816116,0.3599251247429723,0.0037206223288346,2.403566724056953,0.2231533254062651
gemma,Gemma-2-9B,wp_0065,0.0939205735921859,0.846698785364131,0.4232943183487404,0.0078985085241154,1.627070815661649,0.1058785553937582
gemma,Gemma-2-9B,wp_0066,0.1061870008707046,0.8684208322226741,0.4068922570273289,0.0072466589412813,2.112835220383945,0.1432312042284462
gemma,Gemma-2-9B,wp_0067,0.1004066690802574,0.829276063599069,0.3095642599746045,0.0059443431720926,1.7795946372731588,0.1466560325305262
gemma,Gemma-2-9B,wp_0068,0.0784720033407211,0.8550490009145421,0.3456008972999347,0.0113669316699311,2.0055297297075545,0.1639736744936937
gemma,Gemma-2-9B,wp_0069,0.0963623076677322,0.8767019797417269,0.3549215919301929,0.0051336459951572,2.273632249693647,0.2265651638629104
gemma,Gemma-2-9B,wp_0070,0.0964982882142067,0.8702157266405053,0.423748499681175,0.0077914788342565,2.705134317862683,0.1616869345226479
gemma,Gemma-2-9B,wp_0071,0.0922515541315078,0.841898928203262,0.3705092724842413,0.0034507454693025,2.0931199250199564,0.3121665986376137
gemma,Gemma-2-9B,wp_0072,0.2412120848894119,0.9102543528706932,0.393576777002791,0.0160295144854934,2.387142145457322,0.5708485337335861
gemma,Gemma-2-9B,wp_0073,0.1442352086305618,0.8714985821590732,0.3681927862407,0.0080871672231455,2.1971122034038233,0.4046177977574364
gemma,Gemma-2-9B,wp_0074,0.1326553225517273,0.8662681329190736,0.3837642670927337,0.0030500088452067,2.5036046435082353,0.4396449591842499
gemma,Gemma-2-9B,wp_0075,0.116447165608406,0.8715457787066851,0.3359449532846998,0.0081765588906333,2.4838845272951855,0.2257768526633492
gemma,Gemma-2-9B,wp_0076,0.1087250933051109,0.8364279316320425,0.3071682714275582,0.0069485870491638,1.861860128346765,0.3497288445442075
gemma,Gemma-2-9B,wp_0077,0.1676205843687057,0.8798873521958115,0.3754498945364658,0.0083094700412734,2.7930300136137176,0.4050803762531136
gemma,Gemma-2-9B,wp_0078,0.079305961728096,0.8461631910604952,0.3231236942663148,0.005095382933011,1.8270707574766731,0.3516847556061649
gemma,Gemma-2-9B,wp_0079,0.178556352853775,0.8878262538730166,0.3646812644048407,0.0066754585146386,2.7658397192797035,0.3686422990680406
gemma,Gemma-2-9B,wp_0080,0.0850749239325523,0.8602209116004251,0.328114002624383,0.0069493888908685,2.15701526452526,0.225974076150463
gemma,Gemma-2-9B,wp_0081,0.102133110165596,0.854358375012434,0.398524214991747,0.0070602344635946,2.0352748901818813,0.1950647783646274
gemma,Gemma-2-9B,wp_0082,0.1829218566417694,0.8894120776892507,0.383322735775954,0.0100872440134866,2.996875557094993,0.3989143761929741
gemma,Gemma-2-9B,wp_0083,0.0754342302680015,0.8602440294999114,0.3322103678713474,0.0090084543811263,1.9995808917942584,0.3484580761016147
gemma,Gemma-2-9B,wp_0084,0.1834228783845901,0.8866411292131604,0.3831053961625028,0.012503662912435,2.0511066412350023,0.4144031636443608
gemma,Gemma-2-9B,wp_0085,0.1734026372432708,0.8564639071551232,0.3801087654538394,0.008961678926615,2.1651330311527945,0.3531076627510668
gemma,Gemma-2-9B,wp_0086,0.0768245011568069,0.8424499451398599,0.32465773999828,0.0035387832803265,2.555072334041932,0.1773043065862768
gemma,Gemma-2-9B,wp_0087,0.0614516325294971,0.8362238897282076,0.3605990459924854,0.0097399124658832,2.576352472275462,0.1861693378586237
gemma,Gemma-2-9B,wp_0088,0.078652523458004,0.8278844944050997,0.3101352317455749,0.008842652097132,2.440917386258615,0.1191430190557814
gemma,Gemma-2-9B,wp_0089,0.0818690881133079,0.8604803725798844,0.3316166942936303,0.0055321732154976,2.6770620648094825,0.2652756228342369
gemma,Gemma-2-9B,wp_0090,0.0679278522729873,0.8659875226214669,0.4239889758118293,0.0078878852229222,2.268690780441159,0.2677005761812908
gemma,Gemma-2-9B,wp_0091,0.1362370252609253,0.8653435437724626,0.3567074416753634,0.0055549185660608,2.410796605223469,0.1128675497244165
gemma,Gemma-2-9B,wp_0092,0.115834042429924,0.852575443915305,0.3430647186260179,0.0039914085846061,1.8428179136639529,0.2573007776537815
gemma,Gemma-2-9B,wp_0093,0.1805703192949295,0.8991190869989965,0.4107983511798175,0.0061681486633815,2.359073551091437,0.3882009457728097
gemma,Gemma-2-9B,wp_0094,0.1169190183281898,0.8503798660611409,0.3493071803917538,0.0083652574861329,2.265644034494034,0.3194205546113966
gemma,Gemma-2-9B,wp_0095,0.1471699029207229,0.8746004331821601,0.3737159384654925,0.0104229324532116,2.0391011589856904,0.5177833223192143
gemma,Gemma-2-9B,wp_0096,0.1782582104206085,0.8910557114398292,0.3815826974734112,0.0070333428765561,3.265528297805583,0.2783302648844087
gemma,Gemma-2-9B,wp_0097,0.157470017671585,0.8909234226810661,0.3547913041477067,0.0072984577851647,2.326344773495008,0.2399061755515984
gemma,Gemma-2-9B,wp_0098,0.1237151250243187,0.8766111930378594,0.3131547322050613,0.0061586841227492,2.405757401226938,0.3415386412748872
gemma,Gemma-2-9B,wp_0099,0.070135660469532,0.8464777403680941,0.3318819829135557,0.0080709170972441,2.034313030752935,0.1255199383869987
gemma,Gemma-2-9B,wp_0100,0.1019637435674667,0.860079133115733,0.3155522721380253,0.0098734785730031,2.0313351566957323,0.2088485981373199
gemma,Gemma-2-9B,wp_0101,0.0839676111936569,0.8667760789739063,0.355934209416305,0.0059071076885926,1.8500125877855065,0.1938519379236254
gemma,Gemma-2-9B,wp_0102,0.0833312347531318,0.8808877975928182,0.3410229444633298,0.0081849585356279,2.159479672641841,0.2663137693755446
gemma,Gemma-2-9B,wp_0103,0.1475898027420044,0.8992576860383336,0.3832355292991556,0.0088869290139987,2.45309791221419,0.3530978092893555
gemma,Gemma-2-9B,wp_0104,0.1638580709695816,0.8581646862293507,0.3319713767426834,0.0063277241942472,1.9633763289270263,0.2860557983006684
gemma,Gemma-2-9B,wp_0105,0.1361264437437057,0.8536791401692682,0.357515975724365,0.0073470372324068,1.8570769582255593,0.1822256753810769
gemma,Gemma-2-9B,wp_0106,0.0666699856519699,0.866418429848759,0.3522307874908065,0.006467435266013,2.249067792670616,0.1890462947565263
gemma,Gemma-2-9B,wp_0107,0.1448542773723602,0.8777942458451928,0.3480807809505636,0.008162222889597,2.132771923709985,0.2657014922153038
gemma,Gemma-2-9B,wp_0108,0.0854749232530593,0.8562652562455941,0.3325693201136419,0.0104397796079268,1.9800008960239512,0.2461806045483862
gemma,Gemma-2-9B,wp_0109,0.2039283812046051,0.8892317351473578,0.3537290486072507,0.0143401597539781,2.4715485187122668,0.6085587604311556
gemma,Gemma-2-9B,wp_0110,0.1620851904153823,0.8659473718740613,0.337881049075113,0.0067539984715709,2.1661007007008526,0.2859579307876517
gemma,Gemma-2-9B,wp_0111,0.0811176002025604,0.8523416703290481,0.3337263315937465,0.0069618596208205,2.2928865274774877,0.1172364881183853
gemma,Gemma-2-9B,wp_0112,0.167894959449768,0.8775724630107711,0.3757791383837229,0.0142427088925014,2.1061772360160766,0.1916264137001679
gemma,Gemma-2-9B,wp_0113,0.1384653151035308,0.860361613383807,0.3655513669676228,0.0103089294062582,1.871407657718363,0.2067121747887651
gemma,Gemma-2-9B,wp_0114,0.0561749748885631,0.8690652586824787,0.3453974850436771,0.0057602178398153,2.1209544859479696,0.3321447709203736
gemma,Gemma-2-9B,wp_0115,0.1441420614719391,0.8637361391612046,0.3368113111870699,0.0093973527849367,2.0466377766654515,0.2697354779075875
gemma,Gemma-2-9B,wp_0116,0.0797343999147415,0.8708227308162243,0.3769647342559098,0.009804877926683,2.299125302887486,0.3775149651880473
gemma,Gemma-2-9B,wp_0117,0.2422694265842437,0.893649005208793,0.409259079666154,0.0142729394551167,2.195864470133444,0.5541258484653899
gemma,Gemma-2-9B,wp_0118,0.1253837943077087,0.8593904951893349,0.3293378044296717,0.0047768059538147,2.241258046112642,0.238962882787319
gemma,Gemma-2-9B,wp_0119,0.0742789506912231,0.8429183967960243,0.3479692479188867,0.0050577782188071,2.6707017255056775,0.1517129667289273
gemma,Gemma-2-9B,wp_0120,0.1289653331041336,0.8848134303060062,0.3576623664563991,0.0183966512821563,2.7289491451306715,0.3666615197809602
gemma,Gemma-2-9B,wp_0121,0.0924586653709411,0.87344420541544,0.359903007665224,0.006422877821302,1.633718939027323,0.1919060801222687
gemma,Gemma-2-9B,wp_0122,0.0863751843571662,0.8505357609102393,0.3456038747474564,0.005348828571214,2.355027893266071,0.3917472291847488
gemma,Gemma-2-9B,wp_0123,0.0379480645060539,0.8667275764743889,0.3434357517753715,0.0072877154346931,2.5252938213288427,0.1714073339142623
gemma,Gemma-2-9B,wp_0124,0.1270929276943206,0.8748276612618271,0.475216255993923,0.0179323510750665,1.646815793789704,0.7332903874125181
gemma,Gemma-2-9B,wp_0125,0.1683059483766555,0.8700587094513231,0.3333819709732622,0.0071840549783758,2.2219866116069698,0.231214826535274
gemma,Gemma-2-9B,wp_0126,0.2405636310577392,0.898841646994714,0.4021275116951047,0.0081815553361171,2.6130414294488125,0.5908070101652393
gemma,Gemma-2-9B,wp_0127,0.0393475517630577,0.8438634649309161,0.3440232830632911,0.0031107180064472,1.9895329938345625,0.1631882477197584
gemma,Gemma-2-9B,wp_0128,0.230074405670166,0.904103687456118,0.4466844499710297,0.0492150907442022,3.2736747329664495,0.654394206464166
gemma,Gemma-2-9B,wp_0129,0.0632893592119216,0.8296766819828459,0.4196035018773141,0.0309188387171219,1.4736853689899545,0.1936095196714186
gemma,Gemma-2-9B,wp_0130,0.1461656391620636,0.8650036778880036,0.4149607772571307,0.0150007567238773,2.2285736076901945,0.2451402926309402
gemma,Gemma-2-9B,wp_0131,0.1282868385314941,0.8621801943417801,0.3572847483858734,0.0072066110717824,2.1763856125734984,0.1336959915439642
gemma,Gemma-2-9B,wp_0132,0.1990083158016204,0.8809256693286809,0.3848347114194829,0.0072131982866717,2.8754448391612075,0.3082402148109824
gemma,Gemma-2-9B,wp_0133,0.2437124550342559,0.891024628492025,0.3664032763671561,0.0116640635375675,2.7884536130308777,0.4172211877317821
gemma,Gemma-2-9B,wp_0134,0.0950463265180587,0.8575743636911375,0.3489474440353662,0.0083613787542731,2.0166559431549773,0.2519049912422332
gemma,Gemma-2-9B,wp_0135,0.1712536513805389,0.8534965686538755,0.3551603907506485,0.0028286727842375,1.771950454730559,0.1518819674204553
gemma,Gemma-2-9B,wp_0136,0.1597107201814651,0.8700638492044837,0.3685265428582133,0.0086670009429999,1.9041751587563025,0.3303538069677949
gemma,Gemma-2-9B,wp_0137,0.0999531894922256,0.8455191381517574,0.3516615843593959,0.0057464797332199,2.120412420919402,0.3780265507797262
gemma,Gemma-2-9B,wp_0138,0.1557065695524215,0.8982539338662529,0.3846329643815209,0.0097280399868778,2.2804264381918253,0.4565259662338515
gemma,Gemma-2-9B,wp_0139,0.1151378378272056,0.879859225634575,0.354330043398336,0.0102458752068428,1.8239032766421344,0.3575666797473178
gemma,Gemma-2-9B,wp_0140,0.1581228226423263,0.8735593038499075,0.3764520483496402,0.0061535692024657,2.037190188962401,0.1229829410451531
gemma,Gemma-2-9B,wp_0141,0.1862247288227081,0.8848439855523772,0.3854219243682258,0.0088977598747269,2.369520671248508,0.2209824950714328
gemma,Gemma-2-9B,wp_0142,0.1855287998914718,0.9035127423692432,0.3466942239065677,0.0078242929212293,2.559662651703972,0.3393454867518612
gemma,Gemma-2-9B,wp_0143,0.0786988288164138,0.8407978011795672,0.3422685969166791,0.0045157472353558,2.212058987074077,0.1275912187214167
gemma,Gemma-2-9B,wp_0144,0.1023187860846519,0.8627701240772403,0.3289895304506477,0.005045261999459,1.8243024480240453,0.1977090525079765
gemma,Gemma-2-9B,wp_0145,0.0982861444354057,0.8375391093855404,0.3379564465585963,0.0067150317103331,2.4801551144682934,0.2912113453130114
gemma,Gemma-2-9B,wp_0146,0.0815083384513855,0.8553155946981216,0.3808123995490785,0.0066588190527401,2.246940827766075,0.4068937784097489
gemma,Gemma-2-9B,wp_0147,0.1933861225843429,0.8816337354054846,0.3883298768829508,0.0116815282774991,2.3812877357789213,0.252866481097565
gemma,Gemma-2-9B,wp_0148,0.1782073825597763,0.8862240188925077,0.3672076218715762,0.0102106807919612,2.782582984425821,0.3767898041179267
gemma,Gemma-2-9B,wp_0149,0.0742833688855171,0.8561724483233147,0.3537417605158343,0.0074390268643927,2.598947890078735,0.212425198742637
gemma,Gemma-2-9B,wp_0150,0.113106295466423,0.8666290391917879,0.3824178844395432,0.0050525342411915,2.147929243038214,0.2238799020280713
gemma,Gemma-2-9B,wp_0151,0.1377025842666626,0.8697633934195073,0.3652642284582477,0.0071509219059919,2.26791070416992,0.2205423834568934
gemma,Gemma-2-9B,wp_0152,0.1833698153495788,0.8621909302373056,0.4064708094026611,0.0218706975386174,3.646682611655301,0.3592352797140751
gemma,Gemma-2-9B,wp_0153,0.1018476262688636,0.8387238506825897,0.3054563485237228,0.003584568393009,2.3374085723649105,0.1854315598123996
gemma,Gemma-2-9B,wp_0154,0.1548829972743988,0.8630007737477576,0.3375526289473076,0.0106997230922608,2.0534521889018698,0.150952983823556
gemma,Gemma-2-9B,wp_0155,0.0683926939964294,0.8812467773238776,0.3356493215897828,0.007836046254327,2.375578009081271,0.2758095476718621
gemma,Gemma-2-9B,wp_0156,0.2135992497205734,0.8625047387525843,0.335545577617414,0.0067009168268918,2.3916482960659224,0.4509265897576101
gemma,Gemma-2-9B,wp_0157,0.2058612406253814,0.8786234302575471,0.3363333435713785,0.0070291783799522,2.522611706482693,0.5685070538504016
gemma,Gemma-2-9B,wp_0158,0.1366302073001861,0.8809445523534831,0.3660064314819738,0.0036030031927204,2.4631716342179626,0.1670677781949157
gemma,Gemma-2-9B,wp_0159,0.1745975017547607,0.8567868819095084,0.3479666781884078,0.0051113882593669,2.216247791850213,0.2330463997834605
gemma,Gemma-2-9B,wp_0160,0.0470059625804424,0.863826457486342,0.3298245901436897,0.0142194899568281,2.7196636107000645,0.2667604776440012
gemma,Gemma-2-9B,wp_0161,0.1240554675459861,0.874197461972998,0.3492041089019717,0.0100643893846648,2.1677845852756796,0.3411743415602695
gemma,Gemma-2-9B,wp_0162,0.1662086099386215,0.8876775712659313,0.3589761824865484,0.0057917548685487,2.156278577892294,0.2335373720122487
gemma,Gemma-2-9B,wp_0163,0.130550354719162,0.8581741259714896,0.354867105690746,0.0083947158142428,2.7424405658193116,0.1298546991831446
gemma,Gemma-2-9B,wp_0164,0.1210018247365951,0.860674413749452,0.3528107760413317,0.0079574045594386,2.145311475463899,0.2625221740324105
gemma,Gemma-2-9B,wp_0165,0.0954311043024063,0.8561477632084143,0.3460416043210078,0.0083841403024331,2.3091142522619874,0.2084562720711866
gemma,Gemma-2-9B,wp_0166,0.1589681655168533,0.8824305589737585,0.3751841372136903,0.008467936412993,2.3991576794508545,0.4080610092675542
gemma,Gemma-2-9B,wp_0167,0.117364764213562,0.8808573492689709,0.3668507671855878,0.0097545671270081,2.181588732004532,0.2512735061120504
gemma,Gemma-2-9B,wp_0168,0.0719620138406753,0.8426857622524416,0.3673723949498986,0.0051357125068231,2.4035420377229366,0.2041753016304216
gemma,Gemma-2-9B,wp_0169,0.0735231190919876,0.8593683149101775,0.3747833215052853,0.0066272038462423,2.366133511252751,0.2284526438310818
gemma,Gemma-2-9B,wp_0170,0.1177042946219444,0.8797954618531761,0.3916198599709449,0.0076281502491692,2.179955549697339,0.2661239997084828
gemma,Gemma-2-9B,wp_0171,0.0649438053369522,0.8799425932274048,0.3496417356262052,0.0079710783361686,2.5952278120070114,0.2314477586552903
gemma,Gemma-2-9B,wp_0172,0.2460973262786865,0.8889027313425354,0.374081542252865,0.0066977217434855,2.5797767960949907,0.2741109720792507
gemma,Gemma-2-9B,wp_0173,0.1267110258340835,0.8713892310555668,0.4090286673002049,0.013664625359239,2.52883794262287,0.622103409834033
gemma,Gemma-2-9B,wp_0174,0.1179782599210739,0.8681376189818513,0.305184299564157,0.0098777795025636,2.0596465664691244,0.4021281613714856
gemma,Gemma-2-9B,wp_0175,0.1107169240713119,0.8720932863342048,0.3848922794730455,0.0068300306565026,2.0425713995939385,0.2551855116949274
gemma,Gemma-2-9B,wp_0176,0.1886627227067947,0.8754212176271527,0.3814019963964289,0.0084921182652117,2.1886136286336897,0.4163338819384092
gemma,Gemma-2-9B,wp_0177,0.1268019825220108,0.8642861037824467,0.3720937309349341,0.0105260939812562,2.941700290057782,0.4443142756731756
gemma,Gemma-2-9B,wp_0178,0.1210249885916709,0.8598018257662371,0.3595642460440866,0.0061531599865558,2.5502988879948085,0.2292468492174297
gemma,Gemma-2-9B,wp_0179,0.1651228219270706,0.90239813650875,0.3391924059336973,0.0087772484299551,2.5055794545153702,0.5144205453582045
gemma,Gemma-2-9B,wp_0180,0.065793976187706,0.8296078004693413,0.4109790735129636,0.0059491746895235,1.254688472911624,0.1835407183525239
gemma,Gemma-2-9B,wp_0181,0.0895668193697929,0.8676119531385094,0.3830227104881743,0.0070201002085486,1.6578228346736748,0.2177793521446735
gemma,Gemma-2-9B,wp_0182,0.1419946849346161,0.860431408959865,0.3567923433657203,0.0117587632989788,1.9880715839911525,0.3217445587380402
gemma,Gemma-2-9B,wp_0183,0.1184797286987304,0.8994358334641126,0.3458895071471558,0.0080574535176804,2.3976483766632946,0.4710248413397915
gemma,Gemma-2-9B,wp_0184,0.1385111808776855,0.8779310502815463,0.3588530448063661,0.0105445627250609,1.845128009840949,0.3477841200099795
gemma,Gemma-2-9B,wp_0185,0.1899487972259521,0.8875047905853517,0.3505392215479401,0.0052029265324002,2.352406760666456,0.3735195550921806
gemma,Gemma-2-9B,wp_0186,0.2084087133407592,0.8829227750655164,0.3729751918861592,0.0073329925082705,2.3405758640257757,0.3888817135914341
gemma,Gemma-2-9B,wp_0187,0.0814318135380745,0.8630419402268238,0.3442053991837769,0.0061053393328192,2.0862605379143657,0.1867987514384301
gemma,Gemma-2-9B,wp_0188,0.1085332185029983,0.8685371869902048,0.3506853045064321,0.0074908805795351,2.10486437959399,0.2573547835088731
gemma,Gemma-2-9B,wp_0189,0.1287403106689453,0.8859304245279382,0.3700814162538083,0.0130257010065021,2.195814408375573,0.5996358974637916
gemma,Gemma-2-9B,wp_0190,0.0601866357028484,0.8679775088815032,0.3188262838377197,0.003728210822197,2.211378806876794,0.1344485072168765
gemma,Gemma-2-9B,wp_0191,0.2050133645534515,0.8846319402408944,0.3901237640007168,0.0035892430632221,1.745230309300025,0.2976716687397672
gemma,Gemma-2-9B,wp_0192,0.0921448841691017,0.8545804891218716,0.3556493509272588,0.006413343743401,1.6779674295103142,0.2458333895048349
gemma,Gemma-2-9B,wp_0193,0.0844480842351913,0.8447293089902509,0.3542601090861736,0.0106881145302128,2.2874497765584847,0.1185630602377994
gemma,Gemma-2-9B,wp_0194,0.2180722504854202,0.9230190355630598,0.5306813658940064,0.067082978486846,2.6392369442267993,0.8877030907400891
gemma,Gemma-2-9B,wp_0195,0.072355717420578,0.8616752157106047,0.3920481234950482,0.0058957591613613,2.383178213786635,0.1689826215885356
gemma,Gemma-2-9B,wp_0196,0.159075453877449,0.8862500479692065,0.3909827571571933,0.010329590178905,1.8808050728298145,0.5232907913550526
gemma,Gemma-2-9B,wp_0197,0.156229943037033,0.8724274430670291,0.4077137543624272,0.0075781603030603,2.299308961600045,0.3062782948277562
gemma,Gemma-2-9B,wp_0198,0.1211634427309036,0.846957055455475,0.3573516577593997,0.0119977802658822,1.934439731993582,0.2711530343305511
gemma,Gemma-2-9B,wp_0199,0.1375047266483307,0.8748972007649453,0.3672417803598989,0.0077412033908106,2.4032731029032908,0.3489985438006476
llama,Llama-3.1-8B,wp_0000,0.1185097247362136,0.8418024617121256,0.3465574801188715,0.0056062602740284,1.8933683317048828,0.3164947757084471
llama,Llama-3.1-8B,wp_0001,0.1157005578279495,0.8623560094280739,0.3687861580010443,0.0086296341177354,2.6885701109891182,0.3650815826133095
llama,Llama-3.1-8B,wp_0002,0.1681977659463882,0.867820671972704,0.3691293355793995,0.0271685079790843,2.7320592473329786,0.6014491041494175
llama,Llama-3.1-8B,wp_0003,0.0869300365447998,0.8039829929381679,0.3695318873950864,0.008916855911556,2.006641715921157,0.2387596721482146
llama,Llama-3.1-8B,wp_0004,0.0346486642956733,0.781807515370273,0.292151035981441,0.008738442975905,2.6462129066567104,0.1672145585681455
llama,Llama-3.1-8B,wp_0005,0.1360216438770294,0.7974474399481805,0.3439448006692068,0.0101606342545132,1.5883730192509504,0.191870568808462
llama,Llama-3.1-8B,wp_0006,0.1591259539127349,0.8644868460270713,0.294991432661429,0.0177114388351157,2.7004058995294953,0.3661640036730761
llama,Llama-3.1-8B,wp_0007,0.0921177789568901,0.8507597259908941,0.4001778295315743,0.0078880959497158,2.8005427564371344,0.1502538662111984
llama,Llama-3.1-8B,wp_0008,0.1609900295734405,0.8762443114266454,0.3979463692146227,0.0092394721797593,2.4415519237618644,0.2251591092039205
llama,Llama-3.1-8B,wp_0009,0.141821801662445,0.8600861091504326,0.3898739027877749,0.0164080677825802,2.308892810577321,0.4879652578186034
llama,Llama-3.1-8B,wp_0010,0.1156488433480262,0.790317648744637,0.2822171334815251,0.005634328866899,2.221225354633465,0.344770761981111
llama,Llama-3.1-8B,wp_0011,0.0397328659892082,0.8091192859631022,0.3672283504036968,0.0039216375019093,2.637684265033296,0.181329744404687
llama,Llama-3.1-8B,wp_0012,0.0871464684605598,0.8568626136936439,0.3799000119511293,0.0185518806437485,2.533077337431457,0.2505930875700725
llama,Llama-3.1-8B,wp_0013,0.0656111389398574,0.8670330384469676,0.3505023668873743,0.0072085901695059,2.0050012700939117,0.2416230105477751
llama,Llama-3.1-8B,wp_0014,0.1346116065979004,0.8753835307235802,0.360499578222989,0.0061147990387942,2.413840956940803,0.3199166768373186
llama,Llama-3.1-8B,wp_0015,0.114962100982666,0.8257034550900733,0.3827608708285464,0.0089133150878914,1.9196156661985828,0.1765995289286589
llama,Llama-3.1-8B,wp_0016,0.1226901188492775,0.8799409440986578,0.3483754941455059,0.0088617394239702,1.86021998148401,0.3298827946363349
llama,Llama-3.1-8B,wp_0017,0.1789418756961822,0.6776216837165562,0.4936123958887116,,,
llama,Llama-3.1-8B,wp_0018,0.2089440524578094,0.8295581443618347,0.3565576924357881,0.0075123861902321,1.7307401171577976,0.654130298502854
llama,Llama-3.1-8B,wp_0019,0.1280116289854049,0.8574730434827641,0.3714976713935647,0.0080093769530969,2.5769151221326787,0.3087488688802974
llama,Llama-3.1-8B,wp_0020,0.1089969426393508,0.8581439337622243,0.3678660478333452,0.007608873287376,1.960143335444846,0.3175821450673574
llama,Llama-3.1-8B,wp_0021,0.090245634317398,0.8477291323335002,0.3570078058579847,0.0092360492580512,2.1209817159025883,0.5316959161286936
llama,Llama-3.1-8B,wp_0022,0.073020301759243,0.8529000515490065,0.330138962975855,0.0076899675679234,2.00145920699637,0.2507608780125434
llama,Llama-3.1-8B,wp_0023,0.1122665852308273,0.8351114178892605,0.3253568787181576,0.0056398222215006,2.858219506122525,0.2795387969502782
llama,Llama-3.1-8B,wp_0024,0.0833599939942359,0.8561717460333217,0.3583170987015812,0.0082579292339067,2.891989635134835,0.362977038633628
llama,Llama-3.1-8B,wp_0025,0.218905970454216,0.8569013729571386,0.3405674152472012,0.0089519315877494,2.37998505369899,0.3629080661946962
llama,Llama-3.1-8B,wp_0026,0.0937082543969154,0.8589914570093582,0.4048186398885793,0.004675206528446,1.9753588967558495,0.288385260608163
llama,Llama-3.1-8B,wp_0027,0.0859858617186546,0.8366605957857398,0.3697892200369151,0.0123128180672722,2.4649602866265403,0.6168544591794101
llama,Llama-3.1-8B,wp_0028,0.1531384438276291,0.8300811685324175,0.3993819461728078,0.0075903336865361,2.0665277959556527,0.2555039777683656
llama,Llama-3.1-8B,wp_0029,0.0860525816679,0.8304335021498938,0.3406178507994801,0.0054077290123065,2.2619419633570663,0.2582534255974291
llama,Llama-3.1-8B,wp_0030,0.1358638107776641,0.8440630240791475,0.3450932902564548,0.007385259904927,2.1935752609481667,0.3336103145483249
llama,Llama-3.1-8B,wp_0031,0.0625784695148468,0.8634264832230054,0.3492543087294621,0.0152162035502302,2.2526877566399137,0.3783544544746426
llama,Llama-3.1-8B,wp_0032,0.1930805891752243,0.8598123545527244,0.375204683332502,0.0082653731442008,2.647469009405638,0.4861497537452965
llama,Llama-3.1-8B,wp_0033,0.107145570218563,0.8644161460611434,0.3583499581022462,0.0159849522915926,2.362217303488088,0.3421076100342128
llama,Llama-3.1-8B,wp_0034,0.0489644594490528,0.7774429511728467,0.3190249358955408,0.0297049038171494,0.4428420744542491,0.2356510883733024
llama,Llama-3.1-8B,wp_0035,0.1993381977081298,0.8950563019262349,0.3879914020446865,0.0079686160526811,2.700516645083979,0.4708489876055051
llama,Llama-3.1-8B,wp_0036,0.1265749037265777,0.8218329735134631,0.3446347823611718,0.0069917122846093,2.690634698355495,0.1907262509390921
llama,Llama-3.1-8B,wp_0037,0.2323726415634155,0.8833529781153423,0.3710740255463493,0.0329794900860573,2.5853892077051595,0.3997854067929295
llama,Llama-3.1-8B,wp_0038,0.1514341980218887,0.8897164592198836,0.406360220916675,0.0218963430808446,0.780665508757445,0.4812184724008993
llama,Llama-3.1-8B,wp_0039,0.1386982947587967,0.8664839542549494,0.3745868347084241,0.0072460361386556,2.1914891683851523,0.3419381819292609
llama,Llama-3.1-8B,wp_0040,0.2001910954713821,0.872378485172112,0.3587475025188077,0.016137603475387,2.941138020659428,0.2478140193438195
llama,Llama-3.1-8B,wp_0041,0.093452900648117,0.8291544819644778,0.3452743384167996,0.0120700327165125,1.691908583472723,0.2073746247022707
llama,Llama-3.1-8B,wp_0042,0.0980771631002426,0.8392093273068941,0.3349775786208862,0.0079944194588995,2.1496771882184884,0.3262103883705816
llama,Llama-3.1-8B,wp_0043,0.0937919095158577,0.8822312558293717,0.3682182276939743,0.0096681912457957,2.7639409473638654,0.3515882300287565
llama,Llama-3.1-8B,wp_0044,0.1624807715415954,0.8764137316611194,0.347942305274625,0.0044713758224848,2.0955775701374018,0.3635540181981934
llama,Llama-3.1-8B,wp_0045,0.1758441478013992,0.8569012553190414,0.359576034536969,0.0149739978205787,2.8255984114852177,0.4314491963079931
llama,Llama-3.1-8B,wp_0046,0.1061073765158653,0.8533837637413987,0.3350777874680025,0.0074405380576325,1.9753571661795235,0.2874290239919872
llama,Llama-3.1-8B,wp_0047,0.0923918187618255,0.8036363122014839,0.3533845001421167,0.0079766612219021,2.531902799167219,0.170463473382314
llama,Llama-3.1-8B,wp_0048,0.1579712927341461,0.8687674447974458,0.3970415578416982,0.0149946118906218,2.083797618047712,0.4926225121610811
llama,Llama-3.1-8B,wp_0049,0.1053403839468956,0.866161468166529,0.3685047943792088,0.012075832060113,2.6160073776556323,0.305017104889076
llama,Llama-3.1-8B,wp_0050,0.062076561152935,0.8557764383660773,0.3322205194291645,0.0075649737087912,1.790493121358443,0.2273867496662957
llama,Llama-3.1-8B,wp_0051,0.1161459907889366,0.8506639950861178,0.3404226529735237,0.0074875162796622,2.36078135056799,0.3800651325170054
llama,Llama-3.1-8B,wp_0052,0.1294653862714767,0.870282070031562,0.3559235176623915,0.0089604646770496,2.3604218674938457,0.5343778848548971
llama,Llama-3.1-8B,wp_0053,0.1720510423183441,0.8504507624947875,0.4124645986709315,0.0064180221450852,2.193798102837616,0.5204853693648306
llama,Llama-3.1-8B,wp_0054,0.1555183231830597,0.875357322784925,0.3686957061226502,0.0100762735046282,2.1279743844323815,0.1633244725962033
llama,Llama-3.1-8B,wp_0055,0.1066388338804245,0.8420993314088563,0.2948465353479407,0.0058573987097327,1.963276840162584,0.4502551091204154
llama,Llama-3.1-8B,wp_0056,0.0831967592239379,0.8431949145510845,0.3677217346848458,0.011449992131852,2.5345100429232277,0.1963384451078296
llama,Llama-3.1-8B,wp_0057,0.1242750436067581,0.8485284076545128,0.3481165843730476,0.0079391423098916,3.126780470941156,0.247416569792278
llama,Llama-3.1-8B,wp_0058,0.0933416485786438,0.8596156773461889,0.3653778639250818,0.0118372769238142,2.3145604110883538,0.4062751059992067
llama,Llama-3.1-8B,wp_0059,0.1171224266290664,0.8716720924805346,0.3506338242109869,0.0047603989253607,2.145415403104368,0.2346493153378114
llama,Llama-3.1-8B,wp_0060,0.2082085609436035,0.8810598507107434,0.3823150022316925,0.0266329456835429,3.3002297930650166,0.3057789589558528
llama,Llama-3.1-8B,wp_0061,0.1649267375469207,0.8619879404198099,0.364809787255412,0.0103778449243685,2.3827074803655837,0.3588994613730505
llama,Llama-3.1-8B,wp_0062,0.0749182850122451,0.8232960886102809,0.3252096835786191,0.0116504338630727,2.1782165826179085,0.2007247511127914
llama,Llama-3.1-8B,wp_0063,0.0940806865692138,0.8392598759018778,0.3901271679915382,0.0069022269143623,1.9407727349384067,0.1629150152329589
llama,Llama-3.1-8B,wp_0064,0.1461199969053268,0.8671677526397763,0.3696784146288094,0.006301670248579,2.097794917137688,0.2470659033362994
llama,Llama-3.1-8B,wp_0065,0.1443372517824173,0.8282828833879249,0.3453080055540136,0.0073542450365707,2.401069273888516,0.1115834400907756
llama,Llama-3.1-8B,wp_0066,0.0837662369012832,0.8477733321455376,0.3560280979006337,0.0083081464089938,2.19145510256327,0.1942502912260161
llama,Llama-3.1-8B,wp_0067,0.07455874979496,0.7911358167477476,0.3192224756717313,0.0069251321879509,2.2740506110509537,0.1499899813873275
llama,Llama-3.1-8B,wp_0068,0.062264759093523,0.818017546402834,0.3243547057604911,0.0058133233603792,2.1730274204420956,0.2665696121771871
llama,Llama-3.1-8B,wp_0069,0.0768271163105964,0.86820294610486,0.3759528897061887,0.0057536555578826,2.4344740313269946,0.2371941569736469
llama,Llama-3.1-8B,wp_0070,0.0768226683139801,0.8516959281727964,0.3662813278586196,0.0100233954958171,1.6643870701453352,0.2939492833051616
llama,Llama-3.1-8B,wp_0071,0.0787139236927032,0.8217183609872631,0.3290997581535813,0.0037498238590885,2.135217814117362,0.2676907115950515
llama,Llama-3.1-8B,wp_0072,0.2553134560585022,0.8736813616899501,0.340987600786886,0.00968899922106,2.6478304878008982,0.4445818598261007
llama,Llama-3.1-8B,wp_0073,0.1481935232877731,0.8464605921646896,0.3671536095558814,0.0110699587485072,1.854486522769172,0.2770691629755091
llama,Llama-3.1-8B,wp_0074,0.1384063065052032,0.8725206581482527,0.3756475036412041,0.0078049524526175,2.069099638443786,0.6409534866996057
llama,Llama-3.1-8B,wp_0075,0.0901834666728973,0.8318411479337277,0.3315862977379026,0.0107605161172907,1.970019429198008,0.1880753078601165
llama,Llama-3.1-8B,wp_0076,0.1083342805504798,0.8589169360094473,0.3462087056524531,0.0180473988718237,2.2701592826889376,0.4219200114939065
llama,Llama-3.1-8B,wp_0077,0.1830286532640457,0.835621994037045,0.3471995626358305,0.0112327023245648,2.399910284014381,0.3737361183641833
llama,Llama-3.1-8B,wp_0078,0.1040619611740112,0.8527558630303803,0.3960847682564486,0.0047167424340628,2.3452136875177696,0.183045449408311
llama,Llama-3.1-8B,wp_0079,0.1720353215932846,0.8381760536558458,0.3568175828614902,0.0116033352294303,2.855477122802638,0.3685773754034744
llama,Llama-3.1-8B,wp_0080,0.1069542914628982,0.8609347367241169,0.3253605668589118,0.0068111523849973,2.457210707297525,0.2951480787541355
llama,Llama-3.1-8B,wp_0081,0.074351854622364,0.8231847851075557,0.3722603005155255,0.0077063932598598,2.47316597975463,0.2414524746374396
llama,Llama-3.1-8B,wp_0082,0.1673596352338791,0.875568898693075,0.3490186938401762,0.0131434395227573,2.5955402173539004,0.3668032345239787
llama,Llama-3.1-8B,wp_0083,0.0487632676959037,0.8284813877060145,0.3674271399927747,0.008663253138934,2.975933457362621,0.1501068518493674
llama,Llama-3.1-8B,wp_0084,0.2335635423660278,0.8599578858848927,0.3860512256797411,0.0128716777559459,2.167448812641992,0.556859832731803
llama,Llama-3.1-8B,wp_0085,0.1730623841285705,0.8519629419229892,0.3778049339618866,0.015935688732818,2.6275624485067723,0.4982193648669327
llama,Llama-3.1-8B,wp_0086,0.0656002685427665,0.8278218450628266,0.3387332903806143,0.0069716910891724,2.5456464820169753,0.2183267964534925
llama,Llama-3.1-8B,wp_0087,0.0764233395457267,0.8508852619526712,0.3539912175480104,0.0097837769928129,2.5383922537758186,0.3142160725550496
llama,Llama-3.1-8B,wp_0088,0.082439050078392,0.8269235801789778,0.3497193559188244,0.0069566412764308,1.8181446785342648,0.1853829033449971
llama,Llama-3.1-8B,wp_0089,0.0635460689663887,0.8401984278941214,0.382561040614895,0.0068305737511165,1.8691397875877749,0.3298042976546871
llama,Llama-3.1-8B,wp_0090,0.0593553110957145,0.8222793642774106,0.3750226951305352,0.0066289516918544,2.132781784685055,0.3983741975554747
llama,Llama-3.1-8B,wp_0091,0.0904576629400253,0.8689852113028366,0.3779071796856585,0.0060359352871885,2.619404178176789,0.2582322463910131
llama,Llama-3.1-8B,wp_0092,0.0966738313436508,0.8248003240902799,0.3604742370951527,0.0083013140641668,2.2304566088107625,0.2967652112376012
llama,Llama-3.1-8B,wp_0093,0.1337897479534149,0.8643318041264959,0.39635711822732,0.0118037361706816,1.8035543163489132,0.306551065100386
llama,Llama-3.1-8B,wp_0094,0.1328965127468109,0.8641181733988634,0.3673783140373893,0.0085507154750692,2.6258891074217368,0.3952541476733911
llama,Llama-3.1-8B,wp_0095,0.1323399543762207,0.8800463232150326,0.3701166770180567,0.0063229008395987,2.292664720474294,0.3407758417042786
llama,Llama-3.1-8B,wp_0096,0.1203757971525192,0.8588140544174676,0.3983118496093497,0.0185305419055074,2.0436946877393525,0.3204592075523454
llama,Llama-3.1-8B,wp_0097,0.1298112273216247,0.8731702034387085,0.3649439660610021,0.0048277808132309,2.144681354421043,0.1611525639745877
llama,Llama-3.1-8B,wp_0098,0.117135189473629,0.871729260699601,0.3252115952371944,0.0081312360763003,2.403219889143,0.4542275824979387
llama,Llama-3.1-8B,wp_0099,0.1107520833611488,0.8567166659677472,0.4040699929331558,0.0115468647832787,2.2608886457729445,0.3669091569193536
llama,Llama-3.1-8B,wp_0100,0.1070555448532104,0.8523901763108773,0.3718616822967654,0.0127642145875234,2.1884950202822475,0.3141170654606183
llama,Llama-3.1-8B,wp_0101,0.0971055701375007,0.8418621506358989,0.3713684628016775,0.0071148351694002,2.3543419637561476,0.2285373280081627
llama,Llama-3.1-8B,wp_0102,0.1455748826265335,0.883644298081186,0.3953868540923979,0.0149666205265184,2.6315724552090063,0.3325117605010848
llama,Llama-3.1-8B,wp_0103,0.2067945450544357,0.9117837403894444,0.4191444037867861,0.0089463975682754,2.4360644021487845,0.6166549538936322
llama,Llama-3.1-8B,wp_0104,0.1176361292600631,0.8239307548053769,0.3397023013230483,0.0162990341357391,2.4725860989844355,0.1828163235140889
llama,Llama-3.1-8B,wp_0105,0.1162819042801857,0.8297675672788989,0.3576375723347188,0.0073021411390913,2.1147219168574014,0.374413648291888
llama,Llama-3.1-8B,wp_0106,0.0577327795326709,0.8360768834966729,0.3400590402620266,0.0126164646805787,2.6618038140309226,0.2821767730734759
llama,Llama-3.1-8B,wp_0107,0.1257436573505401,0.8691724301364626,0.3169227804779534,0.01256525519413,1.8542414221884873,0.2405381927808827
llama,Llama-3.1-8B,wp_0108,0.0619938001036644,0.8285861233572888,0.3305165680588892,0.0076658162036887,2.049917073237485,0.2997902029549979
llama,Llama-3.1-8B,wp_0109,0.1565855145454406,0.8488702911959509,0.3897931877583495,0.0092896894480898,2.333603708958433,0.517712661245591
llama,Llama-3.1-8B,wp_0110,0.1950366348028183,0.8555589952050158,0.3626806085471143,0.0071607423946992,2.5538726257420112,0.2940948042246599
llama,Llama-3.1-8B,wp_0111,0.0564482733607292,0.8210641107717802,0.3475066227600522,0.0069744892325281,1.5594300047191365,0.1070168534262582
llama,Llama-3.1-8B,wp_0112,0.1508950293064117,0.8513798621555704,0.3581853617703626,0.0111748923028617,2.022488980246778,0.4485905940867926
llama,Llama-3.1-8B,wp_0113,0.1132887825369834,0.8443369131839743,0.3675660866300083,0.0079999513884003,2.4938992695320694,0.2498566297176104
llama,Llama-3.1-8B,wp_0114,0.038517840206623,0.8493050569112391,0.3248711997614493,0.0053746921838041,2.728687881016854,0.2796721804671545
llama,Llama-3.1-8B,wp_0115,0.1048771142959594,0.8249796655931169,0.3392395375590465,0.0144041102788228,2.256193346409412,0.2824491123979197
llama,Llama-3.1-8B,wp_0116,0.0727145075798034,0.8513567503205154,0.3675219915230977,0.0079543886186575,2.323499478270471,0.2276291000605589
llama,Llama-3.1-8B,wp_0117,0.2360866069793701,0.8892152610920687,0.387463756530106,0.0177167879989143,1.7996114766223763,0.4521609965187847
llama,Llama-3.1-8B,wp_0118,0.1396834105253219,0.8549840765164906,0.3615822244929993,0.0048516690331948,2.5089241962023547,0.2836492680729794
llama,Llama-3.1-8B,wp_0119,0.054382961243391,0.8244062532738965,0.3265436322747617,0.0038856352609329,2.173884856596369,0.1858050035584058
llama,Llama-3.1-8B,wp_0120,0.1772824972867965,0.906972043789553,0.3803682576676069,0.021797982419773,2.7434797751560582,0.5824091743352763
llama,Llama-3.1-8B,wp_0121,0.0987241119146347,0.845564057906417,0.3916720670171079,0.005695969258005,1.9757193614943704,0.181585398955797
llama,Llama-3.1-8B,wp_0122,0.1188362836837768,0.8606525645899838,0.3516039583076495,0.0087948113935415,2.2097038703765266,0.4662653275942432
llama,Llama-3.1-8B,wp_0123,0.0666156783699989,0.8429290316449665,0.3324904363693041,0.0105988857585242,2.895408063300275,0.3685270166866055
llama,Llama-3.1-8B,wp_0124,0.211131289601326,0.9015856685701108,0.5504869246588798,0.0220790679228971,1.2655884436928062,0.6903918629373993
llama,Llama-3.1-8B,wp_0125,0.1490836441516876,0.8475575193466837,0.3989745134788722,0.0122483863684107,2.136499465560339,0.3378282686773375
llama,Llama-3.1-8B,wp_0126,0.259507417678833,0.8564656699930813,0.3822411774179522,0.0085542588473481,2.3889214535408207,0.3932924915493189
llama,Llama-3.1-8B,wp_0127,0.0474919453263282,0.8415813331996853,0.343034046012143,0.0088057103082184,2.4933448579386934,0.2753518102185582
llama,Llama-3.1-8B,wp_0128,0.2231156378984451,0.8748580071654057,0.4050257517743343,0.0129087978389171,3.2491073621844917,0.3582716101670697
llama,Llama-3.1-8B,wp_0129,0.0836193412542343,0.8248455240319352,0.3557651453418112,0.0087239163584192,0.5582174014573295,0.1376379554349056
llama,Llama-3.1-8B,wp_0130,0.1576456725597381,0.8448780266061039,0.3819309622010557,0.0096348503700015,2.3465315219961473,0.280630225548386
llama,Llama-3.1-8B,wp_0131,0.1284752786159515,0.8487604330027286,0.3502442957281281,0.0107165443780381,2.0177755274099214,0.341309341676847
llama,Llama-3.1-8B,wp_0132,0.1894898414611816,0.8532380232799172,0.3345092727334474,0.0089697864353581,2.5952098679673443,0.169565556440404
llama,Llama-3.1-8B,wp_0133,0.1972098648548126,0.8725824103050204,0.3711482564207364,0.0098908511902885,3.1054454709331547,0.5359571513467319
llama,Llama-3.1-8B,wp_0134,0.1013533622026443,0.8554167942988237,0.3748165420063519,0.0081938963381882,2.5938690804659656,0.227481480466392
llama,Llama-3.1-8B,wp_0135,0.1591503918170929,0.8377996534318634,0.3579932047792499,0.005628363358414,2.5905349355396936,0.2698052059442869
llama,Llama-3.1-8B,wp_0136,0.1638274937868118,0.8464223149098078,0.4001747892247614,0.0079989040266261,2.423762563369464,0.3988661983023176
llama,Llama-3.1-8B,wp_0137,0.0834321826696395,0.831620383335437,0.3440261168993491,0.007927631544755,2.245940271806373,0.3504381598830781
llama,Llama-3.1-8B,wp_0138,0.1115965098142623,0.8642903223116557,0.3204566107061898,0.0101687776329778,2.384109714071711,0.3189757281603365
llama,Llama-3.1-8B,wp_0139,0.0692400261759758,0.864315917943989,0.3504660355267423,0.0163044166293426,1.9909961165546608,0.4431149440595592
llama,Llama-3.1-8B,wp_0140,0.1128208860754966,0.8236007624721047,0.3579846735791618,0.007177178083172,1.935857081279308,0.3360225349210002
llama,Llama-3.1-8B,wp_0141,0.2128891199827194,0.9051780438503284,0.3896282042467103,0.0120457792255564,2.172404631622096,0.6386066555290366
llama,Llama-3.1-8B,wp_0142,0.1576834619045257,0.8515413474059195,0.3621627139039985,0.0166214941903844,2.0737511850177284,0.6718017568233319
llama,Llama-3.1-8B,wp_0143,0.0730550587177276,0.8225978458374751,0.359223725515003,0.0107852390291105,2.314045602976133,0.2703695603772521
llama,Llama-3.1-8B,wp_0144,0.0897392556071281,0.8453152293975377,0.3483928991939142,0.0183436097749293,2.0849999541396196,0.3332259504701123
llama,Llama-3.1-8B,wp_0145,0.1582258194684982,0.8492083773411963,0.3940844661021671,0.0122593477652936,2.290296331639188,0.5693474209758334
llama,Llama-3.1-8B,wp_0146,0.1006076335906982,0.8419061285925908,0.3536689424590283,0.0172022692301764,1.6165958261676596,0.3695819471811405
llama,Llama-3.1-8B,wp_0147,0.129138559103012,0.8863953424609639,0.3761227757966756,0.0113434337340249,2.419176138611673,0.2719983785809474
llama,Llama-3.1-8B,wp_0148,0.2254885733127594,0.8562249931994621,0.3890811649625904,0.0130746564033681,2.6495765532300792,0.4808135113118691
llama,Llama-3.1-8B,wp_0149,0.0511083304882049,0.8141451545968096,0.3311033364458754,0.0067419538172446,2.3724978290602894,0.2243782388320306
llama,Llama-3.1-8B,wp_0150,0.1351973712444305,0.8778230427555831,0.3588637970064773,0.0102032138339181,2.6239804619785714,0.3169871156539957
llama,Llama-3.1-8B,wp_0151,0.1262396574020385,0.8715280172217262,0.3435092151939787,0.0080684804100883,2.784420242813792,0.3672248290028888
llama,Llama-3.1-8B,wp_0152,0.1624244451522827,0.8429779956018949,0.4001221000268383,0.0226406653233335,3.2562474529441645,0.5541679583849012
llama,Llama-3.1-8B,wp_0153,0.1249000802636146,0.8291417065978157,0.3743342189776413,0.0085311591744751,2.1688415590166352,0.4565866402215758
llama,Llama-3.1-8B,wp_0154,0.1077892035245895,0.8304742430274275,0.3770442716805507,0.0103769020935067,2.1255468500971944,0.4909204731245435
llama,Llama-3.1-8B,wp_0155,0.0466887727379798,0.8633180938897915,0.3016183941272635,0.0070788614123211,1.966317175477861,0.334473461802304
llama,Llama-3.1-8B,wp_0156,0.1493846774101257,0.8195151249221497,0.3387270044761773,0.01575587507026,2.343983888423259,0.3824387125737428
llama,Llama-3.1-8B,wp_0157,0.2069590091705322,0.8479371446044952,0.3973347545748524,0.011937904043982,2.9817628883463545,0.4706198613880836
llama,Llama-3.1-8B,wp_0158,0.1054608821868896,0.8828202811429507,0.3641235455251468,0.0076473858999556,2.285274990483677,0.2915643617570156
llama,Llama-3.1-8B,wp_0159,0.1062948331236839,0.8368902581466198,0.3223015016313997,0.0079663522599808,2.280415562375193,0.2453066873979769
llama,Llama-3.1-8B,wp_0160,0.0735634639859199,0.8510878924788603,0.3638630639226696,0.0133825952106294,2.583010540153398,0.4345251912599675
llama,Llama-3.1-8B,wp_0161,0.1686290204524994,0.8579698591588331,0.3107959686846916,0.0075934041706372,2.2221805798188132,0.3700969818521203
llama,Llama-3.1-8B,wp_0162,0.1373565644025802,0.8825109065508402,0.3568770108810367,0.0082168104834004,2.185333744939497,0.132157200443749
llama,Llama-3.1-8B,wp_0163,0.1304516941308975,0.8649345024293584,0.3564025393145564,0.007677739137899,2.3511603921722695,0.1874525217571445
llama,Llama-3.1-8B,wp_0164,0.1321239173412323,0.8503266580289051,0.324489511673756,0.0057381476374286,2.2374572299726316,0.293230420941867
llama,Llama-3.1-8B,wp_0165,0.1004515141248703,0.8684524572134606,0.3312393916823934,0.0100580506918358,2.745358517750613,0.271351193839251
llama,Llama-3.1-8B,wp_0166,0.2150675505399704,0.8718237854165739,0.3748564466505623,0.0087072232973195,2.1817765406845275,0.456173089423176
llama,Llama-3.1-8B,wp_0167,0.117793396115303,0.8791810322097998,0.3870872168657916,0.0143031202994603,2.12837089845772,0.2309950610856683
llama,Llama-3.1-8B,wp_0168,0.0819100365042686,0.8178232401835747,0.3474096585334959,0.0161411826393494,2.418464338366135,0.1823340823921812
llama,Llama-3.1-8B,wp_0169,0.1683014333248138,0.8668286800836741,0.3861441462887901,0.0099956886854799,2.50549091761962,0.2957035389076576
llama,Llama-3.1-8B,wp_0170,0.0944117754697799,0.861295320987506,0.3934061358890078,0.0062908949395852,2.2569221005897253,0.2765048614815118
llama,Llama-3.1-8B,wp_0171,0.0547331571578979,0.855163967421095,0.3717244548792502,0.0054307797877126,2.567212128924765,0.2924782464804251
llama,Llama-3.1-8B,wp_0172,0.2125662267208099,0.8801864969699512,0.4123658370172293,0.0106426576365481,2.53558691365833,0.2981499269579603
llama,Llama-3.1-8B,wp_0173,0.1101029738783836,0.8381843634357435,0.3636098115582961,0.0092375812551702,1.543806943927923,0.3394329535589728
llama,Llama-3.1-8B,wp_0174,0.1691604405641555,0.8383169608178112,0.3760118082112429,0.0106687538264799,2.1446890678191615,0.4967185471729891
llama,Llama-3.1-8B,wp_0175,0.0681933090090751,0.8607006452805035,0.370861739516035,0.0078580306780847,2.348321708317507,0.3015676296734971
llama,Llama-3.1-8B,wp_0176,0.1735820025205612,0.8650208815434833,0.3763374708090924,0.0106881024947129,3.1980695538266697,0.3185038298295913
llama,Llama-3.1-8B,wp_0177,0.1105269938707351,0.8281843043184576,0.357397022175229,0.0140131661954822,2.666423079575609,0.3956752191493162
llama,Llama-3.1-8B,wp_0178,0.0867458432912826,0.8445376935092886,0.3713069927075219,0.0031934067500695,2.105948320328419,0.1355177994902215
llama,Llama-3.1-8B,wp_0179,0.1213560700416565,0.8917339802942209,0.3669484646777483,0.0136601832078262,2.5440294209470187,0.4375285132270853
llama,Llama-3.1-8B,wp_0180,0.0881777852773666,0.8492403124745346,0.35197119887895,0.013902339207798,1.7634926055469216,0.330026937873679
llama,Llama-3.1-8B,wp_0181,0.0823830291628837,0.8850963207589473,0.3941667151510468,0.0060132091091072,2.435390826524738,0.6569252706208195
llama,Llama-3.1-8B,wp_0182,0.1277542412281036,0.8327335912775211,0.3749521445948852,0.0057379252477987,2.3308165211490857,0.2462074429821456
llama,Llama-3.1-8B,wp_0183,0.1360295116901397,0.883496068287276,0.3799995707771971,0.0064974020844257,2.4978326366738317,0.4552270060425725
llama,Llama-3.1-8B,wp_0184,0.2216736972332,0.8415340767224444,0.3452856719557886,0.0128527367077582,1.9955036921403508,0.5289405678283715
llama,Llama-3.1-8B,wp_0185,0.1266424059867859,0.8770933139085818,0.3889643351095652,0.0061197642302396,2.1311549090196324,0.287507287946205
llama,Llama-3.1-8B,wp_0186,0.2342654466629028,0.8609813422791367,0.3733121121596879,0.0106154371568382,2.213459756835491,0.5562158879932959
llama,Llama-3.1-8B,wp_0187,0.0589702799916267,0.826864206531966,0.295772504805905,0.0106886309464097,2.1105407807852505,0.2859049072075238
llama,Llama-3.1-8B,wp_0188,0.1010653600096702,0.8623901270827817,0.3694061355798653,0.0063653100992614,2.9345564553944863,0.2649688397307634
llama,Llama-3.1-8B,wp_0189,0.1091089993715286,0.8301143672286558,0.3623198487004185,0.0055019946375529,1.8291547188931812,0.3545970226894701
llama,Llama-3.1-8B,wp_0190,0.0553813688457012,0.8438932288713756,0.3234934767776581,0.0031389138042997,2.2676091372322107,0.2557501616450628
llama,Llama-3.1-8B,wp_0191,0.2261265814304351,0.8865808616150961,0.3622729309659539,0.0107929381573537,2.296241070974537,0.4356083483245982
llama,Llama-3.1-8B,wp_0192,0.1354101598262787,0.8321483084642841,0.3603667371263903,0.0095047458882969,2.262958849738111,0.1463959375826288
llama,Llama-3.1-8B,wp_0193,0.0656168088316917,0.8205471806439458,0.3609895682341512,0.0116236455939296,2.279403243411562,0.5398355703900135
llama,Llama-3.1-8B,wp_0194,0.1202731132507324,0.9037037037037036,0.5555555555555556,0.0039572906638578,4.749827982520983,0.8084340022742964
llama,Llama-3.1-8B,wp_0195,0.0697024688124656,0.8621838366103807,0.3213541680889583,0.0104647974392852,2.115684719544056,0.1982478878692674
llama,Llama-3.1-8B,wp_0196,0.1096991077065467,0.8783745202928767,0.3649922959065283,0.0106476400290508,2.591457732688754,0.2955831408160919
llama,Llama-3.1-8B,wp_0197,0.1184116452932357,0.8563425413481303,0.3570527656919733,0.0109984992427698,2.581274492113623,0.290453437756847
llama,Llama-3.1-8B,wp_0198,0.1448707580566406,0.8387250937899342,0.3569185083655073,0.0077472287878248,2.6166600278795467,0.4269510366676197
llama,Llama-3.1-8B,wp_0199,0.1677198112010955,0.8652504192451996,0.38904016189467,0.0091351682305017,2.380413702920206,0.222552958450669
mistral,Mistral-7B-v0.3,wp_0000,0.0750308483839035,0.8471848262713777,0.3329813111140906,0.0096570294774373,1.444997159892385,0.268535983969176
mistral,Mistral-7B-v0.3,wp_0001,0.0867384523153305,0.8327741632910737,0.3890942382850755,0.0173768895937296,2.0061834769250853,0.3766457398112977
mistral,Mistral-7B-v0.3,wp_0002,0.1238548755645752,0.8461587024670495,0.3628951423206984,0.0134134800846274,2.4538657912375057,0.5547942316527974
mistral,Mistral-7B-v0.3,wp_0003,0.0795859396457672,0.8225647135451097,0.3519540228836049,0.0057603201613566,2.621757748311213,0.3578260988718895
mistral,Mistral-7B-v0.3,wp_0004,0.0488378293812274,0.8171213859639421,0.3345291264148966,0.0097903680639176,1.832480023561588,0.2105043371514584
mistral,Mistral-7B-v0.3,wp_0005,0.1522410213947296,0.8442806097501752,0.3488204784595282,0.0138677729779715,2.441590117099829,0.4944118769905175
mistral,Mistral-7B-v0.3,wp_0006,0.1384136825799942,0.868684208902655,0.3244220677139069,0.0099410070670499,1.250080752139694,0.0984257089577763
mistral,Mistral-7B-v0.3,wp_0007,0.0845884159207344,0.8304478798373148,0.3582795339838365,0.0079004558901068,2.492247461498578,0.3042291073095042
mistral,Mistral-7B-v0.3,wp_0008,0.1595535725355148,0.8418806126653458,0.3708903691734371,0.013816466733708,2.1975340547649824,0.37032344127828
mistral,Mistral-7B-v0.3,wp_0009,0.1352920085191726,0.8491253544398395,0.3887238335275921,0.0085013795186462,2.1144651516796653,0.2665046734719025
mistral,Mistral-7B-v0.3,wp_0010,0.1735542565584182,0.8405235085863639,0.3756528365247409,0.0107936730796675,2.072076374038013,0.4752543818734059
mistral,Mistral-7B-v0.3,wp_0011,0.0540205836296081,0.8201654698965308,0.3744122444886521,0.0064342125538014,1.8157980611669209,0.1895823981439613
mistral,Mistral-7B-v0.3,wp_0012,0.0924898311495781,0.8240591227743441,0.3120003641180067,0.0102104412409976,1.5299235906409423,0.1867131281526489
mistral,Mistral-7B-v0.3,wp_0013,0.0492850318551063,0.8629914231204232,0.4093761608742541,0.010332621931518,1.8010837970765308,0.3740980897546085
mistral,Mistral-7B-v0.3,wp_0014,0.104892611503601,0.8334143905175135,0.3494311927872707,0.0078531535399098,2.497960389423017,0.4389828920889281
mistral,Mistral-7B-v0.3,wp_0015,0.1070121750235557,0.8250967012422276,0.3399774313020115,0.006763139140724,2.0753049766390874,0.3311047234065954
mistral,Mistral-7B-v0.3,wp_0016,0.1126540079712867,0.8656950126929036,0.313547653256705,0.0057240097880211,1.6526017876586092,0.3072418351245535
mistral,Mistral-7B-v0.3,wp_0017,0.1195530071854591,0.8456190666040593,0.3433269467368658,0.0045590837738276,2.0696332586096315,0.3263088331286609
mistral,Mistral-7B-v0.3,wp_0018,0.2679712772369385,0.8882780418866977,0.4400128561873696,0.0419575003948812,2.001531980699574,0.7027611724722473
mistral,Mistral-7B-v0.3,wp_0019,0.1186254471540451,0.8457878933296421,0.3645020238465012,0.0053649757543096,2.3421664586324717,0.1412220354305149
mistral,Mistral-7B-v0.3,wp_0020,0.0931426733732223,0.8376372157971274,0.3280864009664175,0.0144826749190575,2.426572249836501,0.311461759918004
mistral,Mistral-7B-v0.3,wp_0021,0.0875966325402259,0.8396462810821514,0.3198119875139634,0.0166660561465421,2.3720193368649993,0.4356708206301201
mistral,Mistral-7B-v0.3,wp_0022,0.0932960212230682,0.8554966684371822,0.3865504817410627,0.0094778932798606,2.7718783106429226,0.4203478636980346
mistral,Mistral-7B-v0.3,wp_0023,0.0804962739348411,0.8556551563853747,0.398618155178267,0.0091062257646362,2.0335537526902288,0.4674659265283134
mistral,Mistral-7B-v0.3,wp_0024,0.0982059687376022,0.851163534150885,0.3549710769900497,0.0106148628154514,1.9671924185869725,0.3076633088180097
mistral,Mistral-7B-v0.3,wp_0025,0.1677578687667846,0.8441018716810292,0.2978109806609254,0.009622539268519,2.3615169904601605,0.2859591695671802
mistral,Mistral-7B-v0.3,wp_0026,0.1006748229265213,0.83893988945819,0.3593353178014099,0.0062813741078919,1.736003394612992,0.2078552245181509
mistral,Mistral-7B-v0.3,wp_0027,0.0856725201010704,0.8333460761606697,0.3544751355325867,0.0152909248196836,2.9056127981974917,0.3219621513143121
mistral,Mistral-7B-v0.3,wp_0028,0.1329901218414306,0.8511315514825062,0.3885607242134554,0.0113735044766862,1.6724145766807588,0.3380341944708587
mistral,Mistral-7B-v0.3,wp_0029,0.0772741511464119,0.8398864151790267,0.3525783827691446,0.0072678019980049,1.8732268129129408,0.2394301959198189
mistral,Mistral-7B-v0.3,wp_0030,0.102747656404972,0.8511357696384894,0.370551073634081,0.0113149345459252,2.2486774608887843,0.2293624654274633
mistral,Mistral-7B-v0.3,wp_0031,0.0983575358986854,0.8438990123226263,0.3770411630838536,0.012658177611839,1.5595958830587278,0.1624923018835999
mistral,Mistral-7B-v0.3,wp_0032,0.1871002614498138,0.8619245641715023,0.3470130108573057,0.0110822932034741,1.6263930793080583,0.3319791502545018
mistral,Mistral-7B-v0.3,wp_0033,0.0895090401172638,0.8483514858224636,0.3812618302125618,0.0088859767367619,1.7715165290401385,0.2360954631953983
mistral,Mistral-7B-v0.3,wp_0034,0.1147711724042892,0.8165020483396341,0.3939529318768443,0.02019127951568,0.8757901827754291,0.2087307508506779
mistral,Mistral-7B-v0.3,wp_0035,0.1488605737686157,0.8824708527174726,0.3805606516504806,0.0088704159260591,2.2299527353342223,0.3754112618745164
mistral,Mistral-7B-v0.3,wp_0036,0.0938507616519928,0.8339028470648401,0.3741146128462955,0.0064474815318291,2.067467346983127,0.3263403863909354
mistral,Mistral-7B-v0.3,wp_0037,0.2005664557218551,0.8718154846660039,0.3608032891877673,0.0115417084592083,2.360153424671076,0.2895742366240405
mistral,Mistral-7B-v0.3,wp_0038,0.1540358513593673,0.8702073373119076,0.3499956732911278,0.0089047544329109,1.7478000838937142,0.2915550096478829
mistral,Mistral-7B-v0.3,wp_0039,0.1687969714403152,0.864688896733054,0.3850584380563446,0.0069339373200279,1.6883372239272731,0.2526294495468591
mistral,Mistral-7B-v0.3,wp_0040,0.2056369334459304,0.8625286096885103,0.3545225963457175,0.0151934703532152,2.478167892807419,0.2054538073400179
mistral,Mistral-7B-v0.3,wp_0041,0.0961928740143776,0.8417784272979547,0.3203917364742299,0.0098338640606217,1.312885730053174,0.4168188422531331
mistral,Mistral-7B-v0.3,wp_0042,0.0924998149275779,0.8055578361218177,0.3094835791976048,0.0060893358332438,1.8429921700847067,0.3092332620246194
mistral,Mistral-7B-v0.3,wp_0043,0.0989456474781036,0.8709319075074348,0.3481030773922805,0.0064709597079611,2.3911244788471926,0.280638863582881
mistral,Mistral-7B-v0.3,wp_0044,0.1229279041290283,0.8442118351512372,0.3498268205048714,0.0104246683545857,1.1387619028169682,0.537302686057164
mistral,Mistral-7B-v0.3,wp_0045,0.1037525981664657,0.8108347393699363,0.3188349512843679,0.0126224088181409,2.1198050206711705,0.1410788338744751
mistral,Mistral-7B-v0.3,wp_0046,0.1244683265686035,0.8494948932416577,0.3363932496194429,0.0082113652468911,2.257975516021708,0.0859786366182748
mistral,Mistral-7B-v0.3,wp_0047,0.0779210031032562,0.8468758411914427,0.3590033882618434,0.0085232075893041,2.42388235751847,0.5787069768304737
mistral,Mistral-7B-v0.3,wp_0048,0.1061142832040786,0.8069007101053142,0.3558030551483646,0.0056781354178675,2.1039980924726787,0.2685025095828673
mistral,Mistral-7B-v0.3,wp_0049,0.0597724728286266,0.8359623465633638,0.3383350699880842,0.0111634662641614,2.5493654080264383,0.2437351381258901
mistral,Mistral-7B-v0.3,wp_0050,0.0337375998497009,0.8252412391165113,0.3348908071905603,0.0133358540414705,1.2784981958134192,0.2042206870909778
mistral,Mistral-7B-v0.3,wp_0051,0.133236363530159,0.8602793370997475,0.3533109675506877,0.0135661038133751,2.3657731577200622,0.3803839267536036
mistral,Mistral-7B-v0.3,wp_0052,0.1131796836853027,0.8663211182430327,0.3745486705625865,0.0177168486249586,2.1638184258508493,0.4566929458320533
mistral,Mistral-7B-v0.3,wp_0053,0.1806414425373077,0.8459426864172548,0.3674752229999395,0.0092040546903235,1.9122912651464283,0.5459681654178448
mistral,Mistral-7B-v0.3,wp_0054,0.2135711908340454,0.8666930993030583,0.3742173239944139,0.0164783143061105,1.421944401864604,0.1997981809955157
mistral,Mistral-7B-v0.3,wp_0055,0.0636078864336013,0.835332825179216,0.3257621087817047,0.0057403936184703,1.8508528029246385,0.2854281440609152
mistral,Mistral-7B-v0.3,wp_0056,0.0969456508755683,0.8427003239761269,0.3874717451647412,0.007417814898265,1.6421685105961223,0.4447255049900495
mistral,Mistral-7B-v0.3,wp_0057,0.1040685921907424,0.8524889366150685,0.3617991616641948,0.0187044151806789,2.5345615186172075,0.2165678339964196
mistral,Mistral-7B-v0.3,wp_0058,0.0788334980607032,0.8454011783184681,0.3244892728757736,0.0127621448236518,2.309860068769936,0.3075665350945769
mistral,Mistral-7B-v0.3,wp_0059,0.1851013600826263,0.8907037565958269,0.3641835088423935,0.0186493833757781,1.1821078545936854,0.2778200540484273
mistral,Mistral-7B-v0.3,wp_0060,0.2340145856142044,0.8706950385266614,0.3460572068701841,0.0134656995951531,2.172564431835131,0.4705718706395275
mistral,Mistral-7B-v0.3,wp_0061,0.1591300517320633,0.8628254354156383,0.362916779022563,0.0100900926704092,2.1540907266136986,0.284235427067233
mistral,Mistral-7B-v0.3,wp_0062,0.1099628806114196,0.8525365571988021,0.3469225266537308,0.0048400540064572,1.8620550727634635,0.2136561653667679
mistral,Mistral-7B-v0.3,wp_0063,0.0625961422920227,0.8100864394777461,0.3276323468250656,0.0142467817067166,1.766789256937725,0.3480854462626176
mistral,Mistral-7B-v0.3,wp_0064,0.1277017146348953,0.8671667898048605,0.3919311878942813,0.0080066244342506,2.390042874301373,0.5857846212693681
mistral,Mistral-7B-v0.3,wp_0065,0.1045383363962173,0.8199376074871182,0.343512426911792,0.0079309132715727,2.039848541166564,0.1607872329988211
mistral,Mistral-7B-v0.3,wp_0066,0.1095495969057083,0.8363328820630637,0.345436640654032,0.0060394121179727,2.038779165789038,0.3600907778439227
mistral,Mistral-7B-v0.3,wp_0067,0.0757233947515487,0.8198431879666105,0.2901609772586491,0.0070859344076463,2.4701119019647715,0.1891799661509262
mistral,Mistral-7B-v0.3,wp_0068,0.050692044198513,0.8119524386208556,0.3304558642533887,0.006690174167222,1.6248082346340147,0.1683461043067988
mistral,Mistral-7B-v0.3,wp_0069,0.077235147356987,0.8523316063891675,0.3583211037658129,0.008710624455644,1.9876583029271515,0.4888193711152838
mistral,Mistral-7B-v0.3,wp_0070,0.058325070887804,0.8593288123239,0.3821278436758893,0.0217846553058058,1.6881944422330435,0.1668436241296662
mistral,Mistral-7B-v0.3,wp_0071,0.0767384767532348,0.837191192183178,0.3629966285237744,0.0077534495073262,2.6009658092668486,0.4912937884734415
mistral,Mistral-7B-v0.3,wp_0072,0.2069261521100998,0.8905621401305723,0.3653552095642732,0.0111322812563458,2.2484478982859626,0.3562461536230598
mistral,Mistral-7B-v0.3,wp_0073,0.1215950101613998,0.8367349341789249,0.3302512722094707,0.0098834655765132,1.6384849463937772,0.331451538939236
mistral,Mistral-7B-v0.3,wp_0074,0.1260735690593719,0.8527596293269873,0.3490186797490503,0.012567942408801,2.127850092076803,0.4835907297271425
mistral,Mistral-7B-v0.3,wp_0075,0.1099764257669448,0.8619735657349421,0.3952888691837408,0.0149152630539424,1.6484793591489104,0.4134104750682824
mistral,Mistral-7B-v0.3,wp_0076,0.0922339931130409,0.841650136214132,0.387638620630517,0.0107925138158188,2.20374715178918,0.4774697563863823
mistral,Mistral-7B-v0.3,wp_0077,0.1774250268936157,0.8694526036008406,0.4268964542743255,0.0097406787437041,2.766016131090937,0.2012201262032937
mistral,Mistral-7B-v0.3,wp_0078,0.1274884045124054,0.8615401124057065,0.3643971021166548,0.0051325175432539,2.057001064768396,0.4045143909931362
mistral,Mistral-7B-v0.3,wp_0079,0.1360361278057098,0.857250887338971,0.4004260093740621,0.009862394180641,2.561036649204671,0.3248818934950189
mistral,Mistral-7B-v0.3,wp_0080,0.0739147290587425,0.8410070094806438,0.3461192704512141,0.0092938494745967,2.82654027539991,0.1542396245326691
mistral,Mistral-7B-v0.3,wp_0081,0.1146670579910278,0.8542031113731412,0.4158661974868692,0.0089794345818444,2.449874861596316,0.5644517545164582
mistral,Mistral-7B-v0.3,wp_0082,0.1267157346010208,0.8329883254042514,0.3023805162892151,0.0110156872597405,1.693864767573801,0.2950086789432139
mistral,Mistral-7B-v0.3,wp_0083,0.0567387267947196,0.8383851230422756,0.3543129305895294,0.0104566613539429,2.537556490368412,0.3008204237576657
mistral,Mistral-7B-v0.3,wp_0084,0.2579111754894256,0.8668427127040623,0.3351698322221602,0.0083637612319938,2.3477920593290365,0.3748329346045841
mistral,Mistral-7B-v0.3,wp_0085,0.1304533779621124,0.8358118217091434,0.3635244380460037,0.0095103537745364,2.3170980637083862,0.1977392212295152
mistral,Mistral-7B-v0.3,wp_0086,0.0530602931976318,0.8257899187129978,0.3187944154924899,0.0064236492734831,1.5570548948606682,0.1096196090268912
mistral,Mistral-7B-v0.3,wp_0087,0.0534665510058403,0.8433684565766331,0.390290865032855,0.0092060752512772,3.144672710168128,0.3472100210930716
mistral,Mistral-7B-v0.3,wp_0088,0.0760867968201637,0.8054002096167008,0.2934769110322398,0.0080359139039204,1.3150814169676903,0.3418229557019295
mistral,Mistral-7B-v0.3,wp_0089,0.0903664380311966,0.858573644580591,0.3821686960651542,0.0101002458958083,2.174181828164934,0.5006223555247771
mistral,Mistral-7B-v0.3,wp_0090,0.0586357712745666,0.8163001839113904,0.3410740895638508,0.0083466759132409,2.5648385139556096,0.2861332624830794
mistral,Mistral-7B-v0.3,wp_0091,0.1365737318992614,0.8409836902590276,0.3256255897690078,0.013852968415738,1.421139714911977,0.3057756141037336
mistral,Mistral-7B-v0.3,wp_0092,0.1241032630205154,0.8413893569453068,0.3531101215069597,0.0149531939767066,2.8017706509801736,0.3171546966702374
mistral,Mistral-7B-v0.3,wp_0093,0.1072621792554855,0.8571460770146342,0.3874147978968907,0.0103857824967282,0.0195886704246271,0.3547127925776783
mistral,Mistral-7B-v0.3,wp_0094,0.1136600002646446,0.8646200517652485,0.3745481133176352,0.0078013069449213,2.204667604041715,0.2746088718981297
mistral,Mistral-7B-v0.3,wp_0095,0.1121514290571212,0.8511864914822992,0.3855011193370093,0.0096948180978261,2.848950493345621,0.4462893487179454
mistral,Mistral-7B-v0.3,wp_0096,0.1922833919525146,0.8740845271182754,0.3827808318794549,0.0123785917494595,1.02888807293965,0.2672365113048609
mistral,Mistral-7B-v0.3,wp_0097,0.1142138242721557,0.8449231970236134,0.3499090285641599,0.0066841634835657,1.8101851181191289,0.3279216293015347
mistral,Mistral-7B-v0.3,wp_0098,0.0770733952522277,0.8370946042543249,0.3277167855941457,0.0103595045359971,1.6327515783451088,0.3076089111677081
mistral,Mistral-7B-v0.3,wp_0099,0.1042317897081375,0.8291844960476343,0.3741960977335368,0.0095107677845578,1.4833371408532463,0.2710953739814999
mistral,Mistral-7B-v0.3,wp_0100,0.0968682914972305,0.85966029273683,0.3909561252040339,0.0052530992185037,1.4297618420703544,0.2448149820355654
mistral,Mistral-7B-v0.3,wp_0101,0.1009969115257263,0.8359294624524903,0.3581358349867328,0.0122324056942782,2.132453273953826,0.4658017011639912
mistral,Mistral-7B-v0.3,wp_0102,0.0735175162553787,0.834458822773877,0.3495273193168408,0.0092165430891667,1.7270542336559067,0.425750256958278
mistral,Mistral-7B-v0.3,wp_0103,0.1014933213591575,0.8673099566865702,0.3602928638813872,0.0168796808031143,2.1438889235600613,0.1941984738353955
mistral,Mistral-7B-v0.3,wp_0104,0.1179976314306259,0.830882431701039,0.3327614407665346,0.0077119053319296,2.244185616451253,0.1068175526687845
mistral,Mistral-7B-v0.3,wp_0105,0.1472733318805694,0.8411930542571289,0.339780844321378,0.0082825601836889,1.638141633681914,0.4066726113160949
mistral,Mistral-7B-v0.3,wp_0106,0.0426156893372535,0.8013920834565207,0.2783744914056538,0.0068679108132748,2.7852297425387165,0.1772839965427009
mistral,Mistral-7B-v0.3,wp_0107,0.0828285068273544,0.8606784916802346,0.3303815101247304,0.0103140790182052,2.6874853951727724,0.3361862390728815
mistral,Mistral-7B-v0.3,wp_0108,0.0582838170230388,0.8318595101825863,0.3916925335719278,0.0092172252351348,2.4542373375107407,0.3203433505624112
mistral,Mistral-7B-v0.3,wp_0109,0.1915576756000518,0.8648390324356597,0.3431287112917195,0.0083160270625024,2.340202068456188,0.4027973028215632
mistral,Mistral-7B-v0.3,wp_0110,0.2182454615831375,0.8570023985894316,0.3510339118915182,0.0090267983198783,2.0255405188827984,0.5314722543426715
mistral,Mistral-7B-v0.3,wp_0111,0.0900651067495346,0.8404093653946403,0.388953185044164,0.0124130260087099,1.7746579851792077,0.4603335417747621
mistral,Mistral-7B-v0.3,wp_0112,0.1080031171441078,0.8254350712959846,0.3642262062162691,0.0143787028050497,1.6329752002049376,0.2604103000860461
mistral,Mistral-7B-v0.3,wp_0113,0.1135963201522827,0.8401378596403953,0.3818482535839189,0.0089255626407092,2.545190890947663,0.2418270368458498
mistral,Mistral-7B-v0.3,wp_0114,0.0386835634708404,0.8400051193358411,0.3164619863872588,0.0066020748233281,2.284824754615987,0.2119744760448572
mistral,Mistral-7B-v0.3,wp_0115,0.1048373356461525,0.8292158855704752,0.3519813300197698,0.0069760013554607,1.9172756676528244,0.286324650110452
mistral,Mistral-7B-v0.3,wp_0116,0.0668470934033393,0.8511982745283564,0.3970476651706611,0.0150543686122698,1.5397194599790376,0.2763032359500161
mistral,Mistral-7B-v0.3,wp_0117,0.2301805913448333,0.9017477290306464,0.359743989440159,0.0174759769452049,1.664178614823901,0.3653339425420197
mistral,Mistral-7B-v0.3,wp_0118,0.086350217461586,0.8310829769037203,0.3657467566728009,0.010968674855071,1.2412663468503513,0.3143139259502234
mistral,Mistral-7B-v0.3,wp_0119,0.060891218483448,0.8073300799874771,0.3704935457056299,0.0068052982657235,2.000441239342577,0.2524295417232815
mistral,Mistral-7B-v0.3,wp_0120,0.0772633478045463,0.8475707269243055,0.3363613529627052,0.0166412661261933,0.9734559147979552,0.2543387172423885
mistral,Mistral-7B-v0.3,wp_0121,0.0642114952206611,0.8140862350391425,0.3001909014495723,0.0054066975636702,1.7506535603600188,0.2011035712703869
mistral,Mistral-7B-v0.3,wp_0122,0.0509513691067695,0.8262067354232803,0.3855973157370542,0.0088726039391035,2.3148329132640058,0.2362934699787214
mistral,Mistral-7B-v0.3,wp_0123,0.0435656085610389,0.8397704603301166,0.3631756620326918,0.0102989117666374,2.2680830706801967,0.2731565300723049
mistral,Mistral-7B-v0.3,wp_0124,0.2336317598819732,0.9772808932019986,0.6039542640858431,0.0679345759207073,2.200275002523155,1.0
mistral,Mistral-7B-v0.3,wp_0125,0.1349667906761169,0.849680063248023,0.3482401867860178,0.0059824120389949,1.8793956131384033,0.2276586471439825
mistral,Mistral-7B-v0.3,wp_0126,0.1773065626621246,0.8582914614818865,0.36533632772916,0.0066912825095104,1.4025783342504312,0.2707406591262107
mistral,Mistral-7B-v0.3,wp_0127,0.0362803861498832,0.8160362063740413,0.3463040087924556,0.009889180196853,1.961007770790009,0.1276019528019258
mistral,Mistral-7B-v0.3,wp_0128,0.109343871474266,0.827495598853141,0.4327503927374521,0.0180182000089025,2.545054986434489,0.2091230796075318
mistral,Mistral-7B-v0.3,wp_0129,0.0797617137432098,0.8322478488637168,0.3750003914615964,0.0122242721766553,1.1873217175641142,0.2710202726265815
mistral,Mistral-7B-v0.3,wp_0130,0.1200709342956543,0.8529671197443939,0.3478682514749904,0.0085362914998028,2.6461011682182627,0.4827205716510071
mistral,Mistral-7B-v0.3,wp_0131,0.1352431327104568,0.8499880666681264,0.3719007599392881,0.008771514730517,2.497133657982045,0.3531450356648544
mistral,Mistral-7B-v0.3,wp_0132,0.1496178060770034,0.8414222363319853,0.3237674056503294,0.0160375469185748,2.233990340326881,0.1801574420940884
mistral,Mistral-7B-v0.3,wp_0133,0.1480808854103088,0.8522060643160119,0.3708959760969245,0.0065396973346455,2.420742008727593,0.278352803318895
mistral,Mistral-7B-v0.3,wp_0134,0.080314889550209,0.8509555931519435,0.32862783559236,0.0105788265672892,1.1774544155892304,0.1410258887728863
mistral,Mistral-7B-v0.3,wp_0135,0.1672316044569015,0.8669150978683332,0.3539364058730479,0.0075732271245492,2.3612254081286435,0.3442129514502861
mistral,Mistral-7B-v0.3,wp_0136,0.1095584407448768,0.8421689812498687,0.3260018608375614,0.0086869421684501,3.114166496860351,0.2219955541649155
mistral,Mistral-7B-v0.3,wp_0137,0.0997564643621444,0.8333903840244424,0.3671193697396515,0.0080119129835087,1.8134962871073568,0.2318327193888015
mistral,Mistral-7B-v0.3,wp_0138,0.1694534718990326,0.8776665969122531,0.348081165223607,0.0085657781596371,2.2526743160812552,0.2657606414717345
mistral,Mistral-7B-v0.3,wp_0139,0.0325132124125957,0.8161660008023119,0.3174215932730469,0.0055532853323372,2.139656329875932,0.1776483411382552
mistral,Mistral-7B-v0.3,wp_0140,0.1092216745018959,0.8195332430885072,0.3424346112898454,0.0104307502292689,1.450265933976982,0.1095138200406625
mistral,Mistral-7B-v0.3,wp_0141,0.1534381955862045,0.8350607834072612,0.3439903733283567,0.0170649726765266,2.1243227339686563,0.3107797483043267
mistral,Mistral-7B-v0.3,wp_0142,0.0891904756426811,0.8726416918122913,0.4418720566393559,0.0589663149412703,1.746671648263244,0.63956011342346
mistral,Mistral-7B-v0.3,wp_0143,0.059295080602169,0.7932151265907309,0.3240859145970143,0.018749011410024,2.3649996400785107,0.2298177561546716
mistral,Mistral-7B-v0.3,wp_0144,0.0782763212919235,0.8434939963093475,0.3488810982656428,0.0058933703707018,1.958682523261643,0.1693945538770952
mistral,Mistral-7B-v0.3,wp_0145,0.1212527006864547,0.8316345535218496,0.344355820090361,0.0109267630388017,2.133625162695305,0.5029074394719039
mistral,Mistral-7B-v0.3,wp_0146,0.0473394393920898,0.8129108469928884,0.392038572899022,0.0071663652975622,1.4092588587890185,0.1997067792852913
mistral,Mistral-7B-v0.3,wp_0147,0.1702922284603119,0.8633263439816705,0.4019027611057458,0.0200641948173823,1.9592174791108523,0.2963930093229346
mistral,Mistral-7B-v0.3,wp_0148,0.2073664218187332,0.8692793577771292,0.3645571069149433,0.0158020942500925,2.0234426272288446,0.5676498600782218
mistral,Mistral-7B-v0.3,wp_0149,0.0407949164509773,0.8017184783046056,0.3337743336122513,0.0105159383113574,2.1227648405733897,0.2236082593976369
mistral,Mistral-7B-v0.3,wp_0150,0.0859181582927703,0.831486146427672,0.3410127388924595,0.0073777947016658,1.73979455883142,0.2981543367474602
mistral,Mistral-7B-v0.3,wp_0151,0.1347291767597198,0.8698954693891077,0.3727216750043839,0.0135800041291266,3.1350403046537427,0.3611328423238352
mistral,Mistral-7B-v0.3,wp_0152,0.1663138568401336,0.8647276645376172,0.4080378970258332,0.0149804006607259,2.1462750850079373,0.6797610660473823
mistral,Mistral-7B-v0.3,wp_0153,0.1391069144010543,0.8373584678428401,0.3775304019353034,0.0079790065022391,1.9070125856464295,0.5457566650903455
mistral,Mistral-7B-v0.3,wp_0154,0.0833993256092071,0.8228117629108473,0.3386057074200421,0.0127198688450186,1.6078099985467795,0.3131720930675801
mistral,Mistral-7B-v0.3,wp_0155,0.037998866289854,0.8419948711157405,0.299993831685076,0.010779674326278,2.1516733954078444,0.2585257822404189
mistral,Mistral-7B-v0.3,wp_0156,0.1069029122591018,0.8197706724837446,0.3704595919938432,0.0112087017535092,2.294264742014641,0.2854351221136106
mistral,Mistral-7B-v0.3,wp_0157,0.152012750506401,0.8232586801527285,0.379104468112882,0.0090575084686158,2.1533682073159155,0.3892680914154338
mistral,Mistral-7B-v0.3,wp_0158,0.1392896324396133,0.8580163105235774,0.3992807232595824,0.0268858897082607,2.4306931785011985,0.3795089780037328
mistral,Mistral-7B-v0.3,wp_0159,0.1423774659633636,0.8539350356395756,0.3458221848551259,0.0217314496178311,1.886582373139435,0.5221438127809535
mistral,Mistral-7B-v0.3,wp_0160,0.0722632929682731,0.8491919933032788,0.3426444606450743,0.0095713491092543,2.982246346453677,0.1758705599365187
mistral,Mistral-7B-v0.3,wp_0161,0.1642656326293945,0.8483992152018743,0.3569600669712776,0.0086958091923947,1.459213408526871,0.4607571884926713
mistral,Mistral-7B-v0.3,wp_0162,0.1650086939334869,0.8868634390734511,0.4222058483955947,0.0087950949581043,1.0346600106512662,0.1301842063233735
mistral,Mistral-7B-v0.3,wp_0163,0.1110082641243934,0.8269832264552035,0.3287161717096974,0.0049607216152008,2.185054042028315,0.1477753160454019
mistral,Mistral-7B-v0.3,wp_0164,0.1220708340406417,0.8524233975984752,0.3501188041916543,0.0114407752065272,1.8403267489413353,0.3411263621897578
mistral,Mistral-7B-v0.3,wp_0165,0.0625926777720451,0.8151154093898447,0.3496126587194054,0.0134680918128011,1.983320467659065,0.1645075172303351
mistral,Mistral-7B-v0.3,wp_0166,0.1816012263298034,0.8711332794956773,0.3885497346775876,0.0122429344008695,1.6246301687403253,0.3745866615738351
mistral,Mistral-7B-v0.3,wp_0167,0.0804022029042244,0.837003916608472,0.3569643554030316,0.0082488266056004,2.096257749732692,0.3247937428718048
mistral,Mistral-7B-v0.3,wp_0168,0.0619452819228172,0.8295323405101728,0.3061775145872901,0.0151036139935821,2.4417152308488452,0.3248428291135219
mistral,Mistral-7B-v0.3,wp_0169,0.1219783201813697,0.8631431176249661,0.3690891056364555,0.0127222944789963,1.8366323095766648,0.3389027763763261
mistral,Mistral-7B-v0.3,wp_0170,0.0575503893196582,0.8425505464171007,0.3324414700091213,0.0063886485480873,1.561013346541798,0.3539981960733253
mistral,Mistral-7B-v0.3,wp_0171,0.0634060055017471,0.8469778332277871,0.3472684471761552,0.0073714575365974,1.579510445962762,0.1506138344684539
mistral,Mistral-7B-v0.3,wp_0172,0.1421155631542205,0.8588015076461083,0.3723346462249508,0.0097029846732643,2.4980646652480747,0.5428981846681932
mistral,Mistral-7B-v0.3,wp_0173,0.1136900633573532,0.831492242467343,0.32703551868845,0.0093556577994196,1.5559282984545122,0.6430887076065159
mistral,Mistral-7B-v0.3,wp_0174,0.1877454221248626,0.8388008221951709,0.3366155036973389,0.0085684973924306,2.040746967032334,0.2468960062264544
mistral,Mistral-7B-v0.3,wp_0175,0.066123753786087,0.842099119798748,0.3783732821822425,0.0063925242474286,2.193207037798387,0.2480268786882589
mistral,Mistral-7B-v0.3,wp_0176,0.1311319172382354,0.8446382615794098,0.285648218733778,0.0158507481151829,1.4830600932335862,0.3013354094557505
mistral,Mistral-7B-v0.3,wp_0177,0.1172316297888755,0.8118129271855874,0.3452644323981837,0.0140913547656479,2.1539067796237954,0.321623806720419
mistral,Mistral-7B-v0.3,wp_0178,0.0660260170698165,0.8364271229459389,0.310046203963464,0.0032222537213825,1.6187202305616155,0.0908139006820017
mistral,Mistral-7B-v0.3,wp_0179,0.0527755245566368,0.8530500426171679,0.3827040503576749,0.0061803682035083,2.104042421158963,0.3602672732283666
mistral,Mistral-7B-v0.3,wp_0180,0.0932684317231178,0.8506640598558673,0.4064679382463323,0.0191430998924844,2.092813507658577,0.4201344082457579
mistral,Mistral-7B-v0.3,wp_0181,0.1204468607902526,0.8338027690902442,0.3608698502498562,0.0111956271290174,2.461851277709006,0.6498426819705918
mistral,Mistral-7B-v0.3,wp_0182,0.1052817851305008,0.8557742640338096,0.3780443009264633,0.0143954879234845,2.684237736346512,0.6532588106055499
mistral,Mistral-7B-v0.3,wp_0183,0.1187285035848617,0.8609040845449092,0.2952028586400517,0.0100202960069274,1.5097018349032734,0.5169322244887855
mistral,Mistral-7B-v0.3,wp_0184,0.1318401545286178,0.8427175002049729,0.3556540670535161,0.0092388740528954,2.213678881553257,0.4566627717542458
mistral,Mistral-7B-v0.3,wp_0185,0.1718058288097381,0.8692566820990442,0.3801945710015409,0.0066975710155492,2.135397232649548,0.3743347763220314
mistral,Mistral-7B-v0.3,wp_0186,0.0877422541379928,0.8163789877015395,0.2902034265726896,0.0074926707922906,2.356150280452169,0.2225212418909723
mistral,Mistral-7B-v0.3,wp_0187,0.040662296116352,0.8203108641169455,0.3030422423619527,0.008141635153712,1.326396011383545,0.1247531169184592
mistral,Mistral-7B-v0.3,wp_0188,0.1134532243013382,0.8616845039864787,0.2956677901748069,0.0077122116180422,1.8871138110519508,0.4031731600396005
mistral,Mistral-7B-v0.3,wp_0189,0.1188410967588424,0.8167998032388558,0.3987688206366341,0.0181342354835221,1.8779066112573293,0.3838035036544767
mistral,Mistral-7B-v0.3,wp_0190,0.051771443337202,0.8385736749310118,0.3665537281200282,0.0123243512429679,2.0549994671260885,0.3733581551706109
mistral,Mistral-7B-v0.3,wp_0191,0.10983507335186,0.856340653227402,0.3755299962771624,0.0142199564714697,1.572091579062026,0.3485297719927994
mistral,Mistral-7B-v0.3,wp_0192,0.0818246379494667,0.8370592633371292,0.3486616270867432,0.0052541327601481,2.379757566521034,0.2967334243059823
mistral,Mistral-7B-v0.3,wp_0193,0.1295218914747238,0.8481610621039323,0.3039972933648295,0.0078375193377571,1.9284970781112123,0.3836849606601557
mistral,Mistral-7B-v0.3,wp_0194,0.1705280542373657,0.8733207189356152,0.384437700433053,0.0203552530290068,1.4863789326377312,0.511264365669426
mistral,Mistral-7B-v0.3,wp_0195,0.0635054409503936,0.8674547718769186,0.354169875067221,0.0099039372568356,2.181043258739061,0.3803501867822966
mistral,Mistral-7B-v0.3,wp_0196,0.0715519040822982,0.8315668708206445,0.2728329347170029,0.0073930613591972,1.960949529375628,0.1578902745638404
mistral,Mistral-7B-v0.3,wp_0197,0.1555803567171096,0.8563154760095533,0.3528399165408172,0.00604308718693,1.8901289545933235,0.1961373617493485
mistral,Mistral-7B-v0.3,wp_0198,0.0949665382504463,0.8233396839000875,0.3464703513180097,0.0138914421812662,2.4900611774017,0.33673103546753
mistral,Mistral-7B-v0.3,wp_0199,0.1365459710359573,0.8462561150838214,0.3848744033788057,0.0081459799131825,2.376074680875484,0.1791769442760502
qwen,Qwen2.5-7B,wp_0000,0.136722058057785,0.8721335967170856,0.3371356376493303,0.0075387561826488,2.2472945305788876,0.4216661359931327
qwen,Qwen2.5-7B,wp_0001,0.104878544807434,0.8532524197464764,0.3829000901445266,0.0086875431654847,2.3238882802485623,0.1781828613978384
qwen,Qwen2.5-7B,wp_0002,0.1601194888353347,0.8613862306676291,0.3568038977123158,0.007632176939521,2.209756362528173,0.4033931448340566
qwen,Qwen2.5-7B,wp_0003,0.0958615913987159,0.8435608838380689,0.3303272051956306,0.003597104859065,2.2729385331817187,0.3403161345960508
qwen,Qwen2.5-7B,wp_0004,0.0535486564040184,0.8372061590436173,0.3506149608978661,0.0059771580264664,2.596071943897017,0.2227732471781789
qwen,Qwen2.5-7B,wp_0005,0.2018058747053146,0.8352617084231075,0.37024880026677,0.0197317179302188,1.9749189777748768,0.5442997265263547
qwen,Qwen2.5-7B,wp_0006,0.1848612576723098,0.8562806552915261,0.3584682200897806,0.0114804587090545,2.1521006777664415,0.1519877457021111
qwen,Qwen2.5-7B,wp_0007,0.1364516466856002,0.8695909117913295,0.359947417178083,0.0105435188355015,2.370031894882192,0.4510985863626088
qwen,Qwen2.5-7B,wp_0008,0.168135792016983,0.8787103236892749,0.3865103177721235,0.0067309224152367,1.9709014836810756,0.4499392572122997
qwen,Qwen2.5-7B,wp_0009,0.132555678486824,0.8387598297802192,0.3469441636504592,0.0125361496832134,2.8881082314547464,0.2644945008271593
qwen,Qwen2.5-7B,wp_0010,0.1920320242643356,0.8604841836098963,0.3431304028593941,0.011783288447967,2.1015756750282137,0.2042849167291398
qwen,Qwen2.5-7B,wp_0011,0.0647898763418197,0.8241897021792912,0.3352202492385798,0.0116082201175996,2.975257009265639,0.1344266252891273
qwen,Qwen2.5-7B,wp_0012,0.0728740766644477,0.8464952852951344,0.333565250714729,0.0158167273288867,2.5155400516070143,0.1539109902311149
qwen,Qwen2.5-7B,wp_0013,0.0779262110590934,0.8516868833095227,0.3370731720827113,0.0087904565151915,1.736466530192103,0.1979547679816059
qwen,Qwen2.5-7B,wp_0014,0.106931522488594,0.8623019938258972,0.3311289909267184,0.0083500388616331,2.4366654478366696,0.2428127647706938
qwen,Qwen2.5-7B,wp_0015,0.104344442486763,0.8636614028573268,0.384440541749116,0.0057329153065512,2.143137216434975,0.3879099749329447
qwen,Qwen2.5-7B,wp_0016,0.1290999203920364,0.8665359658049507,0.3673603439287844,0.0107179897668877,1.962960436263327,0.2797000790551421
qwen,Qwen2.5-7B,wp_0017,0.144795224070549,0.8656749717915672,0.3881874888179361,0.006686240694077,2.1799786265462204,0.6650809161725318
qwen,Qwen2.5-7B,wp_0018,0.2839866280555725,0.8882643088796275,0.426868409177941,0.0701835878863516,2.1806106955785496,0.9638649833090496
qwen,Qwen2.5-7B,wp_0019,0.1008779555559158,0.8619612874668503,0.369783208617209,0.0151454901982518,2.4704014369789498,0.2759593552986846
qwen,Qwen2.5-7B,wp_0020,0.1017536893486976,0.8509704911552548,0.322206022776812,0.0082872034182787,2.227856596498042,0.3408957807069955
qwen,Qwen2.5-7B,wp_0021,0.1150503531098365,0.8509799188386497,0.3475705713058661,0.0081175376915093,2.438386627092973,0.6485698524461321
qwen,Qwen2.5-7B,wp_0022,0.1317229568958282,0.8592551097118324,0.319139098552855,0.0074246209716762,2.8399049411326796,0.3262167285210878
qwen,Qwen2.5-7B,wp_0023,0.0926679745316505,0.8503614692640529,0.34799227627855,0.0152808825091828,1.9956596531456483,0.320780691077435
qwen,Qwen2.5-7B,wp_0024,0.1312423050403595,0.8565146251247882,0.3371831401117657,0.0126322580135121,2.077635784253203,0.2782017428132209
qwen,Qwen2.5-7B,wp_0025,0.2161432206630706,0.8600552779362566,0.3748736322231886,0.0129272202856372,2.7262467508418036,0.369040220958609
qwen,Qwen2.5-7B,wp_0026,0.1199876517057418,0.8661534268725779,0.3663243375957241,0.0066323147155107,2.2810657196585127,0.4878946905974151
qwen,Qwen2.5-7B,wp_0027,0.0966502800583839,0.8735820934321883,0.3398383055013317,0.0069535227166938,2.492972623773268,0.2239885264100399
qwen,Qwen2.5-7B,wp_0028,0.1584618389606475,0.857267251587869,0.3336260765293655,0.0133847605561214,2.9064577389858792,0.3283277727485392
qwen,Qwen2.5-7B,wp_0029,0.1125463619828224,0.8621732197039538,0.3660076071322322,0.0100536977986047,2.532238991675967,0.3578547814055546
qwen,Qwen2.5-7B,wp_0030,0.1579491794109344,0.8581439305008522,0.3303095588439403,0.0059896590108342,1.83860630871992,0.5366112018092963
qwen,Qwen2.5-7B,wp_0031,0.1120980530977249,0.8615504094004486,0.3278198554405157,0.0098494942111732,1.9557949844489797,0.2259134229639668
qwen,Qwen2.5-7B,wp_0032,0.2075055539608001,0.8647551506030908,0.353413918719686,0.0164214841285138,2.352838143082157,0.521519790075774
qwen,Qwen2.5-7B,wp_0033,0.1902387291193008,0.8664233045610171,0.3518425957794394,0.0073239081988724,2.6272638304133453,0.385762457765488
qwen,Qwen2.5-7B,wp_0034,0.0855230763554573,0.8317112606966122,0.4163861455734928,0.0187561323059387,0.4061366431311765,0.1028864096405458
qwen,Qwen2.5-7B,wp_0035,0.1547072827816009,0.8975530493337688,0.3931490812678795,0.0079589355795005,2.101574338969489,0.3470760494703003
qwen,Qwen2.5-7B,wp_0036,0.1202187314629554,0.8447105434966277,0.3523722175687549,0.004213650753813,2.108116324935176,0.3393445036767331
qwen,Qwen2.5-7B,wp_0037,0.2334849834442138,0.8881442473282796,0.4222200042570602,0.0251405577217326,2.3114322283985604,0.4694085021664218
qwen,Qwen2.5-7B,wp_0038,0.1624173372983932,0.8852605460738046,0.3860615116925485,0.0227773268865218,1.597139995132152,0.5021944746199984
qwen,Qwen2.5-7B,wp_0039,0.1721570044755935,0.8665642920774257,0.3595064471384466,0.0122968863238507,2.0266600748273333,0.364282737770778
qwen,Qwen2.5-7B,wp_0040,0.2337370812892913,0.872887189197986,0.3642775376318024,0.0226978563376575,2.0738465230758716,0.2610353766563828
qwen,Qwen2.5-7B,wp_0041,0.0832936689257621,0.849315727093711,0.3346954970727458,0.0076845988722333,1.7511109326784684,0.3874144284973086
qwen,Qwen2.5-7B,wp_0042,0.1015665978193283,0.834104995618033,0.380783214935474,0.0105400624796522,1.8711077417615103,0.2452778005710059
qwen,Qwen2.5-7B,wp_0043,0.0914163142442703,0.8749919821981174,0.2980418971645794,0.005284210743415,1.7176380201798709,0.0952522737503298
qwen,Qwen2.5-7B,wp_0044,0.1691362261772155,0.856212090016359,0.3258113069854069,0.0106795838641602,1.7140458698454168,0.3054418237871021
qwen,Qwen2.5-7B,wp_0045,0.1924590170383453,0.8610635567390335,0.3552637360076548,0.0074390149616834,2.0589841408261473,0.5282390024799222
qwen,Qwen2.5-7B,wp_0046,0.1246798262000083,0.8252109132701069,0.3114939461210076,0.0067029703671793,2.181063695887602,0.1095795276516843
qwen,Qwen2.5-7B,wp_0047,0.1104596406221389,0.8441749420495436,0.3753396255823905,0.0090232319365601,2.57751844006886,0.4984340187944279
qwen,Qwen2.5-7B,wp_0048,0.1323150694370269,0.8747005860099826,0.3820798634071706,0.0127298390375378,2.5540409848942645,0.2918007676312933
qwen,Qwen2.5-7B,wp_0049,0.0832647308707237,0.8691306507732282,0.3543817847753909,0.0092358036201587,2.9255959915490157,0.2561977907433198
qwen,Qwen2.5-7B,wp_0050,0.0504995882511138,0.8301121774710758,0.3215732199464561,0.0050446753302342,0.7926372490280531,0.1172409462305548
qwen,Qwen2.5-7B,wp_0051,0.1908827424049377,0.8580993288860688,0.3406556897957503,0.0096115716423599,2.02364289308202,0.3673778589077905
qwen,Qwen2.5-7B,wp_0052,0.1281081587076187,0.8683698159060986,0.3520514158369578,0.0044173266676446,2.1497570399229744,0.5312639561779035
qwen,Qwen2.5-7B,wp_0053,0.1865146160125732,0.8526935372522747,0.3308210225102891,0.0049982870451436,2.4326755857695397,0.2203200702724871
qwen,Qwen2.5-7B,wp_0054,0.2300809323787689,0.8751357810679826,0.329421268657748,0.0095840416374889,1.821290539530517,0.378009385914912
qwen,Qwen2.5-7B,wp_0055,0.1226121038198471,0.8488754055174332,0.3364897542545719,0.0050072830640822,1.8458764745401823,0.6390655446800028
qwen,Qwen2.5-7B,wp_0056,0.0666663721203804,0.8428293156831577,0.3453849549036466,0.0143343502231853,2.1636254391769323,0.2214149477972318
qwen,Qwen2.5-7B,wp_0057,0.0569357089698314,0.8188296726868154,0.3478549067196289,0.0196084756756492,2.924113595058659,0.3427359385825565
qwen,Qwen2.5-7B,wp_0058,0.0953618884086608,0.8738829394067095,0.3469960163639981,0.0094062736388601,2.1309176436060575,0.2850108746576394
qwen,Qwen2.5-7B,wp_0059,0.1487165987491607,0.882361793204221,0.3344787555426017,0.0069846706433341,1.9323648630846348,0.315886025510864
qwen,Qwen2.5-7B,wp_0060,0.265837699174881,0.8956020157452242,0.4088120074526588,0.0411684124557099,2.623759648164755,0.6387062300436637
qwen,Qwen2.5-7B,wp_0061,0.1711018085479736,0.8734564992231029,0.3459452851818468,0.0134860033137273,2.5991139304391706,0.258372186777155
qwen,Qwen2.5-7B,wp_0062,0.1434990018606186,0.8652869852110323,0.3557557138412275,0.012895208234019,2.3752978587583984,0.2631236630521667
qwen,Qwen2.5-7B,wp_0063,0.1832832992076873,0.8605215878590148,0.3624997645792067,0.0065945360238701,2.1918378481110254,0.6035540181753825
qwen,Qwen2.5-7B,wp_0064,0.1668730229139328,0.866878124137018,0.3528810334127235,0.0088882240147453,2.6958469467699215,0.3623320637208056
qwen,Qwen2.5-7B,wp_0065,0.1389672458171844,0.8341831704644418,0.39296714851943,0.0124606932587502,2.2981616460790435,0.3840751181348166
qwen,Qwen2.5-7B,wp_0066,0.095859982073307,0.8426476930681372,0.3443353799673484,0.0095680983126151,1.3929201788726746,0.3859226928649811
qwen,Qwen2.5-7B,wp_0067,0.1302893310785293,0.8589472644459036,0.3821118906872202,0.0071452037608216,2.421338422500714,0.5225452005123287
qwen,Qwen2.5-7B,wp_0068,0.0735936313867569,0.845693040330555,0.3007960551675407,0.006210542893304,2.0068054587416784,0.2978861843815192
qwen,Qwen2.5-7B,wp_0069,0.1033724546432495,0.8543583049962191,0.3886959832416912,0.0083297596754183,1.9947492157072264,0.4237750687917407
qwen,Qwen2.5-7B,wp_0070,0.0760752260684967,0.8565286786574473,0.3698785135145959,0.0133644108845437,0.9953857300541716,0.2302670234764488
qwen,Qwen2.5-7B,wp_0071,0.1187664493918418,0.8437871144014139,0.3805539762580807,0.0059016407769343,1.7868835100390488,0.3418227400404581
qwen,Qwen2.5-7B,wp_0072,0.2170058190822601,0.889036269404126,0.3448476884592923,0.0113200065718815,2.556005154076572,0.306299276222802
qwen,Qwen2.5-7B,wp_0073,0.17324198782444,0.8644950803551273,0.3586288964708591,0.011998460053999,2.5164592667524643,0.5035782282170012
qwen,Qwen2.5-7B,wp_0074,0.1480355262756347,0.8481130733766411,0.3300068621420848,0.0102431458164957,1.922267428763811,0.5128777041285698
qwen,Qwen2.5-7B,wp_0075,0.1215801388025283,0.8451634944322869,0.3142868420308713,0.0084584749338465,1.576865822801725,0.2667863849622578
qwen,Qwen2.5-7B,wp_0076,0.1083045005798339,0.8292096953601256,0.380860843532382,0.0164005171796,1.7112791663088518,0.4003684322210872
qwen,Qwen2.5-7B,wp_0077,0.2119596302509308,0.867818273379498,0.3715703215329755,0.0074488605009226,2.586906681533178,0.6056151548665872
qwen,Qwen2.5-7B,wp_0078,0.1013688296079635,0.8569163821358072,0.3579164090848432,0.0049264990646296,2.001549126364374,0.2147594048333269
qwen,Qwen2.5-7B,wp_0079,0.1726399958133697,0.857992665094691,0.3443915997028712,0.0084701832617291,2.5865846532008305,0.3111595695072339
qwen,Qwen2.5-7B,wp_0080,0.0976521521806716,0.8762075639045301,0.3439730176236747,0.0085909836816118,2.1724408641469566,0.2809744139237907
qwen,Qwen2.5-7B,wp_0081,0.1102935820817947,0.8424626012433283,0.3581591311494297,0.0067707453516171,2.2784521004648783,0.3302420134913459
qwen,Qwen2.5-7B,wp_0082,0.1316467821598053,0.8677866417956338,0.3117017722621032,0.0076230366718435,1.676597861366949,0.2393961642640956
qwen,Qwen2.5-7B,wp_0083,0.0536188073456287,0.8467528086829692,0.3473255631655948,0.0135895192475453,2.1557255424702344,0.1967176385525613
qwen,Qwen2.5-7B,wp_0084,0.2668925523757934,0.8817241429228904,0.4014748578491472,0.0126146228934229,2.2175978271569,0.668663062912283
qwen,Qwen2.5-7B,wp_0085,0.1604606658220291,0.8687058762126508,0.3800452700717616,0.0082813972744952,2.334546508489815,0.3554196291782578
qwen,Qwen2.5-7B,wp_0086,0.0668223649263382,0.835058742551919,0.321728365414354,0.0032521208206324,2.0208446944716347,0.2643904164549575
qwen,Qwen2.5-7B,wp_0087,0.0571515634655952,0.8521924171400774,0.3397280247566628,0.0056902698025634,2.1929830538634567,0.1796452535196014
qwen,Qwen2.5-7B,wp_0088,0.1057155355811119,0.8459170745109729,0.3547345621552747,0.0101594247314703,1.6217920016767151,0.3872375831867518
qwen,Qwen2.5-7B,wp_0089,0.0860817581415176,0.8329036164870868,0.3549288533883522,0.0070459079279787,1.9094937183617493,0.2501373222361318
qwen,Qwen2.5-7B,wp_0090,0.08826245367527,0.840585625513907,0.3892303057745327,0.012272881635182,2.576516640579976,0.1853879990800013
qwen,Qwen2.5-7B,wp_0091,0.1529956758022308,0.8663932632470847,0.3219963657700447,0.0064879369009521,2.058307363502512,0.0968910350014585
qwen,Qwen2.5-7B,wp_0092,0.1567872017621994,0.8531126474046442,0.3445355625511309,0.0099571974998614,2.286371438950834,0.4316108358898278
qwen,Qwen2.5-7B,wp_0093,0.1406368613243103,0.868886418689194,0.3622069317714428,0.0098611209498441,1.790566338005938,0.4421149129219322
qwen,Qwen2.5-7B,wp_0094,0.1182538717985153,0.8696468336251865,0.3701767920261948,0.0114371081664433,2.657576923981116,0.389246266259084
qwen,Qwen2.5-7B,wp_0095,0.1287619620561599,0.862678976551235,0.3472323176496647,0.009660794277509,2.2805284274992106,0.2952861338255291
qwen,Qwen2.5-7B,wp_0096,0.1838241517543792,0.8692056612014273,0.3904585352786644,0.0102592852250817,1.8459329373431792,0.2503697768544518
qwen,Qwen2.5-7B,wp_0097,0.161522775888443,0.8711797561775475,0.3739429175734121,0.0094720059676439,2.0561580200167584,0.5229550361177739
qwen,Qwen2.5-7B,wp_0098,0.1097874864935875,0.8662797427276459,0.3430137676231237,0.008771320710246,2.041106252021702,0.3354986409891345
qwen,Qwen2.5-7B,wp_0099,0.0931671038269996,0.8632320904484508,0.3481938816167823,0.0069364809032425,2.099326757346945,0.2849737800907312
qwen,Qwen2.5-7B,wp_0100,0.1061833649873733,0.8398248010357422,0.3504349999671782,0.0040509258861633,1.2771273262443958,0.1130510255154389
qwen,Qwen2.5-7B,wp_0101,0.143017441034317,0.8565268274283289,0.3618322081429128,0.0071191338453594,2.1433481774150236,0.35532528336747
qwen,Qwen2.5-7B,wp_0102,0.1491723954677581,0.8648473686140619,0.3504111220300504,0.0074816650649784,2.07033278207999,0.2765092354145269
qwen,Qwen2.5-7B,wp_0103,0.166766420006752,0.8796340688673364,0.3577709983716614,0.0059472711059922,1.9720595276789816,0.2286873800082312
qwen,Qwen2.5-7B,wp_0104,0.1735118925571441,0.8599334298088024,0.3299698134096295,0.007558639717601,2.5504536369114623,0.3956108737167272
qwen,Qwen2.5-7B,wp_0105,0.1191915869712829,0.8561253183822857,0.3689271506661221,0.0132212122179646,2.0543596616745825,0.3791212441955859
qwen,Qwen2.5-7B,wp_0106,0.0581433400511741,0.8506081200630883,0.3563202108349134,0.007537695573166,2.3852329481381185,0.2344637784288524
qwen,Qwen2.5-7B,wp_0107,0.1111155748367309,0.8554417238591805,0.2615098539810191,0.0071509730186975,1.9246815998762112,0.3609331516257898
qwen,Qwen2.5-7B,wp_0108,0.0863658934831619,0.8525349915753047,0.3489547527413314,0.0064118985444906,2.446663171947766,0.2735697756675314
qwen,Qwen2.5-7B,wp_0109,0.1737980097532272,0.8576135902397855,0.3413656509398124,0.0134113618602908,2.060538790519217,0.3561088301309796
qwen,Qwen2.5-7B,wp_0110,0.1790029108524322,0.8647033060989392,0.4154562928961427,0.0054547741624741,2.207850923771419,0.2261011519416771
qwen,Qwen2.5-7B,wp_0111,0.0736157000064849,0.8512987212595963,0.3654284175832623,0.0093258001422315,2.369343997515086,0.2510625926729296
qwen,Qwen2.5-7B,wp_0112,0.1990939080715179,0.8842237997058978,0.4101124344601666,0.0173462837203517,2.2247355138594354,0.4889757065353342
qwen,Qwen2.5-7B,wp_0113,0.121927723288536,0.8522459663314708,0.3733858555308003,0.0111566288729073,2.079195274574547,0.3634966838555062
qwen,Qwen2.5-7B,wp_0114,0.0454550199210643,0.8520360355829959,0.3119615444233921,0.0065875363895316,2.6290727910011915,0.2179383955661563
qwen,Qwen2.5-7B,wp_0115,0.1562726199626922,0.8490077206012557,0.3424529767655871,0.0147350547477677,1.8077100469647305,0.5213857545626054
qwen,Qwen2.5-7B,wp_0116,0.068269170820713,0.8539158485946846,0.3946044946410156,0.009497832559145,2.0233342861065657,0.2429797752884891
qwen,Qwen2.5-7B,wp_0117,0.2171104699373245,0.8808395900736524,0.3551186250026659,0.008566948537982,2.0010517644217236,0.2474486146604115
qwen,Qwen2.5-7B,wp_0118,0.1781595051288604,0.874339431584709,0.3884417848697122,0.0186787512134346,2.178183703944087,0.5139311783691562
qwen,Qwen2.5-7B,wp_0119,0.077479287981987,0.833180380867798,0.3689642087441519,0.0051017402922326,1.4886667270427203,0.2827864480672479
qwen,Qwen2.5-7B,wp_0120,0.1069989800453186,0.8695353241860142,0.3479429911643205,0.0136443877367549,1.7179148294894482,0.4285085564926989
qwen,Qwen2.5-7B,wp_0121,0.0797711983323097,0.8394526222325884,0.3672141499353376,0.0058637346117924,2.5421945226294316,0.2535071036584787
qwen,Qwen2.5-7B,wp_0122,0.1140212044119834,0.8533553293912386,0.3230733801205119,0.0054626069148338,1.846598439817316,0.5970534157629185
qwen,Qwen2.5-7B,wp_0123,0.0584687106311321,0.8398916293768643,0.2974104656166775,0.0093379437871635,2.0889555433616973,0.1752031296994948
qwen,Qwen2.5-7B,wp_0124,0.2781371176242828,0.9831338153372052,0.8072396494060662,0.0489080747862979,2.7009742928840716,
qwen,Qwen2.5-7B,wp_0125,0.1618519574403762,0.863566414126057,0.3847132166800528,0.0148005484467962,1.9425335484976347,0.3239251710170904
qwen,Qwen2.5-7B,wp_0126,0.1309703737497329,0.8558556702201414,0.3267994336423904,0.0087151606329145,1.9521210373043263,0.4296147299772789
qwen,Qwen2.5-7B,wp_0127,0.0508564300835132,0.8464956660622005,0.366331280329788,0.0095531941840616,2.007844330131879,0.1480863783612326
qwen,Qwen2.5-7B,wp_0128,0.2151401937007904,0.8981377005574265,0.6063810376988392,0.0321047417964668,3.8349912968798097,0.6116750395883723
qwen,Qwen2.5-7B,wp_0129,0.077255979180336,0.8153995711827997,0.3775191300432144,0.0161914526892964,0.6150649826404295,0.0393190060710191
qwen,Qwen2.5-7B,wp_0130,0.2115737497806549,0.8455903644438225,0.4007187837941153,0.0064770761838328,2.1396393827493028,0.4448509384529034
qwen,Qwen2.5-7B,wp_0131,0.1588800698518753,0.8481300623924242,0.3520385827837227,0.0061579765502488,2.2571293129596652,0.476850164793179
qwen,Qwen2.5-7B,wp_0132,0.1618216335773468,0.8611833361808351,0.3441679327071911,0.0055386819656645,2.5557081600705533,0.1322533146530321
qwen,Qwen2.5-7B,wp_0133,0.1722972691059112,0.8583578903273356,0.3742902730391547,0.0163779870250187,2.6490636934287393,0.2600296215249367
qwen,Qwen2.5-7B,wp_0134,0.0982842892408371,0.8698130195915776,0.3359781741191484,0.009252815336762,1.6803506907601278,0.2649554946550806
qwen,Qwen2.5-7B,wp_0135,0.1987078636884689,0.8573125369301676,0.3592821243948932,0.0103296660430879,1.9795470044562449,0.6132700419069522
qwen,Qwen2.5-7B,wp_0136,0.1616647541522979,0.8463803356478123,0.3118230857716978,0.0096854442184565,2.202868590591533,0.2557275399379639
qwen,Qwen2.5-7B,wp_0137,0.0912812948226928,0.8304982447699837,0.3832080678727658,0.0097100674502149,2.0722655617089547,0.1882873647176085
qwen,Qwen2.5-7B,wp_0138,0.1039653196930885,0.8577779273235278,0.3373324480484155,0.0085312685936342,2.4619431678578456,0.2743619122292828
qwen,Qwen2.5-7B,wp_0139,0.069302424788475,0.8627869483137193,0.3173137764095695,0.0065121079853981,1.756200858935809,0.2601779428425999
qwen,Qwen2.5-7B,wp_0140,0.1453630626201629,0.8529652197647597,0.3143834397906829,0.0096119757829115,1.791164730155823,0.1950301983754376
qwen,Qwen2.5-7B,wp_0141,0.2109072506427765,0.8737518895031492,0.3332109179596169,0.0080230162817092,2.025413548350797,0.3487937958042394
qwen,Qwen2.5-7B,wp_0142,0.1067705973982811,0.8614255648832225,0.3894158006405668,0.0165794612997966,2.4013880145014994,0.4261093056296976
qwen,Qwen2.5-7B,wp_0143,0.093951404094696,0.8275398861860677,0.3358753827517906,0.0097057396884203,1.9237467449506096,0.3005825596401515
qwen,Qwen2.5-7B,wp_0144,0.086848646402359,0.8639388712529776,0.3484897646417028,0.0053091818042963,1.38656479430395,0.2550136390449904
qwen,Qwen2.5-7B,wp_0145,0.1368072926998138,0.8455110834856947,0.331880528190387,0.0059172434809848,2.090417143044262,0.3020078685618028
qwen,Qwen2.5-7B,wp_0146,0.0739053040742874,0.8383965912523946,0.3533006436249547,0.0125594523037459,1.605796514447146,0.1781258472407168
qwen,Qwen2.5-7B,wp_0147,0.2355851680040359,0.8590084801434443,0.3210207239176346,0.0194749564854243,2.1855152855271314,0.1900717903076175
qwen,Qwen2.5-7B,wp_0148,0.1860971003770828,0.870051046368145,0.3702707409636463,0.0317263422891433,2.6454090385324953,0.2314996012953666
qwen,Qwen2.5-7B,wp_0149,0.0977942496538162,0.8578187380737485,0.3677962075787987,0.0084040909380006,2.0408986801665407,0.3760953125725935
qwen,Qwen2.5-7B,wp_0150,0.1424408555030822,0.8607501457412268,0.3232806783332289,0.0064963322429734,2.3683307428259885,0.3842991882853199
qwen,Qwen2.5-7B,wp_0151,0.124918520450592,0.8802111633041664,0.4103061618965037,0.011806718816243,2.726692729314491,0.4304336882244568
qwen,Qwen2.5-7B,wp_0152,0.1484485566616058,0.8757846421289507,0.4457098554241415,0.0449673349409259,2.9835713401289397,0.4315834613829123
qwen,Qwen2.5-7B,wp_0153,0.1176357269287109,0.8377871675755875,0.3248763495200495,0.0118634125241728,2.0251993298061937,0.348321112369293
qwen,Qwen2.5-7B,wp_0154,0.1237118616700172,0.8516651922295537,0.3467242680959974,0.0056806673513643,1.8900145399655597,0.2625677578129847
qwen,Qwen2.5-7B,wp_0155,0.0487687066197395,0.8572389311269577,0.2966120480023812,0.0096495047226064,2.4352996845301864,0.1577424198546914
qwen,Qwen2.5-7B,wp_0156,0.1659732908010482,0.8479112379142457,0.3367275570694845,0.0068923355570521,1.7991819387112509,0.3941283251732799
qwen,Qwen2.5-7B,wp_0157,0.1803276389837265,0.8628101663310475,0.3341717632542882,0.0166603021543047,2.1410286217945527,0.3201541349063427
qwen,Qwen2.5-7B,wp_0158,0.1197082847356796,0.8732613732599945,0.3452725828105341,0.0084347294966831,2.450519212735226,0.3170725794090197
qwen,Qwen2.5-7B,wp_0159,0.1517085283994674,0.8571889768723426,0.3550352096356506,0.0134706449377003,2.1854349685006556,0.3183673932048879
qwen,Qwen2.5-7B,wp_0160,0.0838699787855148,0.8431205466189654,0.3359425353278708,0.0101975874438203,2.4727537659914107,0.3455797700633037
qwen,Qwen2.5-7B,wp_0161,0.1683180332183838,0.8564827292120123,0.3523931928521212,0.0079911523592318,2.2110945550275756,0.3394345161740011
qwen,Qwen2.5-7B,wp_0162,0.1714697927236557,0.8939230533090511,0.3457691766417606,0.0178462388180443,2.365473818989501,0.2378695522244183
qwen,Qwen2.5-7B,wp_0163,0.175503209233284,0.8619887090007179,0.3502739498224638,0.0129992456652163,2.398070010795991,0.2975893263031368
qwen,Qwen2.5-7B,wp_0164,0.1128610521554946,0.8474808352652445,0.3703159246417457,0.0059323631709741,2.4991032463021683,0.2048911348819588
qwen,Qwen2.5-7B,wp_0165,0.0955409035086631,0.8560363656349328,0.3328093737557178,0.0082527121861566,2.105162216850385,0.2344642039515997
qwen,Qwen2.5-7B,wp_0166,0.314873605966568,0.9339462835669572,0.5304953342511967,0.0432032192288812,1.5857724080336175,0.8797594643400515
qwen,Qwen2.5-7B,wp_0167,0.1497906148433685,0.8743093060536656,0.3255673172502724,0.0099189924148704,1.4097651144415675,0.338908135717275
qwen,Qwen2.5-7B,wp_0168,0.1095657125115394,0.8398269944898995,0.3360088509857171,0.0081611669885757,2.0281723553442577,0.3289309077835034
qwen,Qwen2.5-7B,wp_0169,0.1491007208824157,0.8721431288743252,0.3564315948302231,0.0093238253492349,2.347536704927635,0.3399983941622788
qwen,Qwen2.5-7B,wp_0170,0.1212862953543663,0.8675334120053086,0.3676414458627907,0.0074808954469507,2.1711459210130073,0.5412248975833694
qwen,Qwen2.5-7B,wp_0171,0.0901619344949722,0.8469339137324992,0.3086140746412005,0.0066390017042418,1.280983014262476,0.112905344196923
qwen,Qwen2.5-7B,wp_0172,0.1743807047605514,0.8680093260672515,0.3600018104235041,0.007484163238632,2.426984045409907,0.2905374118034692
qwen,Qwen2.5-7B,wp_0173,0.1326729357242584,0.8505497654337744,0.3674724698314681,0.0124722985325333,1.9413062000376409,0.3368741138526742
qwen,Qwen2.5-7B,wp_0174,0.1628768891096115,0.8551612458027888,0.3495811515664889,0.0161355361080562,1.9648097543923229,0.613966285477421
qwen,Qwen2.5-7B,wp_0175,0.0876123458147049,0.8648459525542351,0.3724431677402928,0.0074772360473241,2.417280487506079,0.320567079295945
qwen,Qwen2.5-7B,wp_0176,0.2165617048740387,0.8658180170033276,0.3271503248456041,0.0093628023992932,1.8835637711900115,0.4545766136389456
qwen,Qwen2.5-7B,wp_0177,0.1542331427335739,0.8417662408686971,0.3831036070655078,0.0084744623247922,2.732493183193583,0.2779940432449233
qwen,Qwen2.5-7B,wp_0178,0.0643916875123977,0.8380655089692401,0.3666465618280876,0.0075909046204996,2.2074526013803863,0.2802484480310757
qwen,Qwen2.5-7B,wp_0179,0.1211195811629295,0.8845797038736428,0.3384727374990175,0.0055189470401638,1.9451809387808243,0.3377725005153031
qwen,Qwen2.5-7B,wp_0180,0.0962246805429458,0.8506587842924092,0.3500440439720121,0.009589581516765,1.0006049647520945,0.3052371772155224
qwen,Qwen2.5-7B,wp_0181,0.0867437869310379,0.8539370676639247,0.3580977890770708,0.0123652008510019,1.9084212989707103,0.2741848814398484
qwen,Qwen2.5-7B,wp_0182,0.1114587932825088,0.843921022564726,0.3779052548683433,0.0125089699117283,2.1964851547569326,0.4337615603328953
qwen,Qwen2.5-7B,wp_0183,0.1215850859880447,0.8650108098839038,0.3603606331206272,0.0081962843699674,1.7425152741023215,0.605046149722991
qwen,Qwen2.5-7B,wp_0184,0.1671184748411178,0.854687308245724,0.3639123185908878,0.0071046628883023,2.1910693403286245,0.3684383247805958
qwen,Qwen2.5-7B,wp_0185,0.1928233206272125,0.8727222675746885,0.3779722929906065,0.0147162904635914,2.5074053325000127,0.3634353227840072
qwen,Qwen2.5-7B,wp_0186,0.1995887011289596,0.8612827380976679,0.3579860607296273,0.0075064636467483,2.8637911718417404,0.327275980666545
qwen,Qwen2.5-7B,wp_0187,0.0669460147619247,0.8430589023332595,0.3277591810065775,0.0087664130285149,1.6790204791914127,0.3302081079841056
qwen,Qwen2.5-7B,wp_0188,0.1269364655017852,0.8678892770926006,0.351087572569357,0.0042878577304775,2.089551838015389,0.3029835021740482
qwen,Qwen2.5-7B,wp_0189,0.1360814273357391,0.8413814836738382,0.3771922196214282,0.0104466517606563,2.2685819469635105,0.3566135772593997
qwen,Qwen2.5-7B,wp_0190,0.0506709814071655,0.8595450081135013,0.3479742591258101,0.0027713307379269,1.5542487188581482,0.2677936429419823
qwen,Qwen2.5-7B,wp_0191,0.2334463596343994,0.8867696276114009,0.3556070583095065,0.0231573400213065,2.4720362411530306,0.4865888075827901
qwen,Qwen2.5-7B,wp_0192,0.1265998780727386,0.8430129492234079,0.3623195219571188,0.0096305303447723,2.3680909073255108,0.3870512655438682
qwen,Qwen2.5-7B,wp_0193,0.1200170740485191,0.852430140679313,0.3369451761510366,0.007765705690945,2.209375277150664,0.3750080606563862
qwen,Qwen2.5-7B,wp_0194,0.2190301865339279,0.9876239579291768,0.7637420520779211,0.0766997137656261,2.597971911019385,0.948992748819236
qwen,Qwen2.5-7B,wp_0195,0.1150327771902084,0.8803531957071709,0.3449777027986384,0.0102945237905933,2.429192022910311,0.3037923260914825
qwen,Qwen2.5-7B,wp_0196,0.1161195859313011,0.8797488480381428,0.3667583445171541,0.005856042364804,2.426762544962604,0.4738178785145485
qwen,Qwen2.5-7B,wp_0197,0.1479186117649078,0.8680272288284693,0.3619459044336119,0.0064299328779527,2.2783342715520014,0.1837123585301744
qwen,Qwen2.5-7B,wp_0198,0.1481615006923675,0.8740336833585081,0.3413495633372836,0.0064131429060178,2.353142465195273,0.3613900136306279
qwen,Qwen2.5-7B,wp_0199,0.1704517155885696,0.8613755423442091,0.3850438571335481,0.0102725930521346,1.9983627695528063,0.3472654041918173
human,Human,wp_0000,0.2428359240293502,0.8931240021970547,0.4091394475343793,0.017367270277813,2.1875157575984545,0.8107784344709625
human,Human,wp_0001,0.2168908566236496,0.8886847654292346,0.4447613045771179,0.0270764306182496,2.421239264131453,0.6308104176303035
human,Human,wp_0002,0.292195200920105,0.9112340499982906,0.4488016494295821,0.0518307945072632,2.8739823714148782,0.8409130327570412
human,Human,wp_0003,0.2348710596561432,0.8505595391057387,0.3819949568289049,0.0050943842753154,2.289322552746509,0.4970803730231338
human,Human,wp_0004,0.1637742221355438,0.8757424516109358,0.3651307309970344,0.007873891165034,2.132823510332974,0.442462133006687
human,Human,wp_0005,0.3431073129177093,0.894454480878645,0.4697807762060806,0.0071237060193444,1.8586657172204248,0.6576847847399835
human,Human,wp_0006,0.2800580561161041,0.9065542600990476,0.5018019016147941,0.1509294183359566,2.4715677187487373,0.6320221583705842
human,Human,wp_0007,0.2454117089509964,0.917499096999815,0.5242124873123484,0.0497155314522225,3.3343064803538054,0.8744852356164197
human,Human,wp_0008,0.2411594837903976,0.8829450402845314,0.4980333163910482,0.0601731041105825,3.352681355806729,0.8864061839025481
human,Human,wp_0009,0.284252405166626,0.918656528514608,0.4994817198057397,0.0818216196929771,3.241945640914438,0.7740411384025914
human,Human,wp_0010,0.2685936391353607,0.8914574516077618,0.3524062511280932,0.012888213381242,2.1202814384459545,0.4689410774196879
human,Human,wp_0011,0.2275243699550628,0.8997131008144384,0.4526623747330287,0.0551409231082602,3.769428913488086,0.6043276122454269
human,Human,wp_0012,0.2120434790849685,0.9038279272315736,0.4359237948358861,0.064816245627007,2.92411454520467,0.8399506744452276
human,Human,wp_0013,0.1508831828832626,0.8910362982217384,0.3727976785520062,0.0122058315928242,1.857273986255273,0.5769047937627167
human,Human,wp_0014,0.2529273927211761,0.9004854347853632,0.5735532391335589,0.2846337380387862,2.5148072484952335,0.9390871191999826
human,Human,wp_0015,0.2166857719421386,0.8858542659045092,0.4549707420529804,0.0245600606157287,2.1099940916129407,0.7613136660063742
human,Human,wp_0016,0.2541883885860443,0.8914024116241412,0.3970576507510978,0.0135709782752829,2.371271786865438,0.5578501540271407
human,Human,wp_0017,0.2474098950624466,0.8763531684544044,0.4589180570538975,0.0399845293151444,2.2842652666742067,0.778826640346338
human,Human,wp_0018,0.2958575189113617,0.8805302385334516,0.4424988285016477,0.0357624394740576,2.0183009421289313,0.8851112933752641
human,Human,wp_0019,0.2475018054246902,0.8879423009677231,0.4210800507498929,0.0250684878497125,2.5722785279738223,0.6061205017005812
human,Human,wp_0020,0.2936484217643738,0.9046601127387468,0.4531342995964601,0.0193234848963968,2.0187578279576215,0.6046571434483354
human,Human,wp_0021,0.1758044809103012,0.8817326691600034,0.4116291208879292,0.0186735221675739,1.9157902388327703,0.6676269685684271
human,Human,wp_0022,0.2288383543491363,0.8685603406076527,0.387390950496374,0.0153217930783631,1.8621566832549952,0.5851017879630456
human,Human,wp_0023,0.2615670561790466,0.895637689249468,0.4469604850672416,0.019593251168252,1.909510002158784,0.5718164690750838
human,Human,wp_0024,0.2520902752876282,0.9043465400438462,0.4955260715901983,0.016898763269102,3.080823696069237,0.9202549399173195
human,Human,wp_0025,0.3394300043582916,0.8871097519837552,0.446823188597778,0.030080467684614,2.5244652249555632,0.8800291338425181
human,Human,wp_0026,0.2549953758716583,0.8719889398035084,0.3964483054025832,0.0282628658785233,2.6000255852688055,0.7887835441616396
human,Human,wp_0027,0.2358461916446685,0.9182925083512858,0.6548894852452611,0.1657953434278665,,1.0
human,Human,wp_0028,0.3567510545253753,0.9089891308868456,0.4702305897534563,0.0357759267876435,2.718983051621029,0.947071928854197
human,Human,wp_0029,0.1787912398576736,0.880507304639413,0.4179825161978991,0.0230271456266675,2.567984691551276,0.8043574106062534
human,Human,wp_0030,0.285530149936676,0.900667792690178,0.4968865989226622,0.0986720594976645,3.4095985567153675,0.798605840711476
human,Human,wp_0031,0.2723497748374939,0.8870430528771986,0.3973773477161483,0.009169933823412,2.51693030234834,0.5076586788747894
human,Human,wp_0032,0.3209904730319977,0.9004053608669104,0.4645276581191545,0.0178797191657503,2.469154705796884,0.5476977128234757
human,Human,wp_0033,0.270326554775238,0.8987574717983057,0.450388324183146,0.0475810644146173,2.884956976256802,0.8824568182081656
human,Human,wp_0034,0.2587946355342865,0.8825401907568923,0.5544003225249231,0.0404151537409504,3.275324431619174,0.8891090615919475
human,Human,wp_0035,0.2600131630897522,0.9312263535191476,0.5956365789590934,0.0615930100927411,3.9411522586052112,0.7419941498643565
human,Human,wp_0036,0.2302983105182647,0.8869857283361606,0.41372620668429,0.0264467418228179,2.00054701013223,0.7408235665125311
human,Human,wp_0037,0.367375910282135,0.9221482622972316,0.553446948878634,0.0536162117014446,3.2363662991506525,0.6899398537985721
human,Human,wp_0038,0.3420595526695251,0.9415452741298104,0.5370529769054699,0.0626666611702009,3.340698245783008,0.9700505089174096
human,Human,wp_0039,0.283160924911499,0.9199554210838388,0.5361557502877242,0.0980584972468289,2.6698412653052106,0.9634604175666222
human,Human,wp_0040,0.3238103687763214,0.9020548819301152,0.3779123070054532,0.0127257851760969,2.3062996220758154,0.6506417177667978
human,Human,wp_0041,0.2459072172641754,0.9078174000229688,0.4535912559638582,0.0415529505654965,2.963669719715221,0.7692433041549003
human,Human,wp_0042,0.2773436605930328,0.9034263487873402,0.4445755417231982,0.0298590986841453,3.0056634470246855,0.8474918746067657
human,Human,wp_0043,0.2429176270961761,0.926047690575533,0.5319115570168117,0.0618077646408576,3.388602267855429,0.6123995274092926
human,Human,wp_0044,0.2352549731731414,0.8729110054067359,0.3636363521073217,0.0065203079996094,1.914595064240699,0.6535688581189119
human,Human,wp_0045,0.2598197162151336,0.8743103392081286,0.4382308581264046,0.0115456670385459,2.410493946817863,0.8864379158026258
human,Human,wp_0046,0.2675725817680359,0.902478613022667,0.5170785387560162,0.0959110807605098,3.493410650552179,0.8300319323488792
human,Human,wp_0047,0.217902272939682,0.8891014240025799,0.4777454952908673,0.0335796953362657,2.5949043366161755,0.8223276934614474
human,Human,wp_0048,0.2354905903339386,0.9077233339751668,0.4301736715369886,0.0116960962421183,1.7776568668900905,0.8401365214876237
human,Human,wp_0049,0.2373847216367721,0.8776373028299387,0.4147282217090292,0.0132111153640198,2.6853042833490472,0.826867159988979
human,Human,wp_0050,0.2783165574073791,0.8935994218598383,0.4134767518659475,0.0497545464901462,2.071992713419163,0.624852548118983
human,Human,wp_0051,0.2613206505775451,0.905480967675346,0.453031743386511,0.0482154908077812,2.8111065360703793,0.901105112364498
human,Human,wp_0052,0.2142388373613357,0.8764456350383742,0.4111926199917043,0.0187680788693266,2.1269675537880284,0.8099578831446268
human,Human,wp_0053,0.3278683722019195,0.9028116588853546,0.4402484760126531,0.0256650237612742,2.141710541879847,0.8605402577436216
human,Human,wp_0054,0.3231467306613922,0.9314893797725372,0.5582128878959994,0.0344223112081999,3.3319395698481253,0.8909753211550049
human,Human,wp_0055,0.2448543012142181,0.9161861919397026,0.4786142369837926,0.042637407092026,2.5676306494803307,0.6943424013667286
human,Human,wp_0056,0.2218727767467498,0.8649182963412321,0.3687430998917472,0.0108339049630526,2.3647894966052325,0.5281483844868359
human,Human,wp_0057,0.3049501776695251,0.9042916849444348,0.5060208975753011,0.0567321296889619,2.90269368579912,0.7110795938666137
human,Human,wp_0058,0.2367785423994064,0.9111355870740764,0.5281298019674628,0.0665901675836421,3.0388120383737967,1.0
human,Human,wp_0059,0.2493801862001419,0.886144869110592,0.4942715671699528,0.0402767581376277,3.290759924256471,0.786867083692196
human,Human,wp_0060,0.3361844420433044,0.9004989806364592,0.530044996176419,0.0511346123356441,2.8486533757653114,0.8776180824886065
human,Human,wp_0061,0.2507354319095611,0.8927590434016806,0.3818992712466127,0.0087370637360641,2.480813480243988,0.5372253465376647
human,Human,wp_0062,0.1998252868652343,0.8812944853379949,0.4349997082782113,0.0158591434453319,2.1307397100390557,0.438477301977577
human,Human,wp_0063,0.3010421991348266,0.893979502561207,0.4251228261019847,0.0211626932874551,1.9904611600184772,1.0
human,Human,wp_0064,0.3087997138500213,0.8820608496027784,0.331902765193573,0.0181309548123124,2.0496760333031685,0.6074898232774657
human,Human,wp_0065,0.2229263484477996,0.8729331773081412,0.4033126178384689,0.0116593565430191,2.0355452845108437,0.3488456711087184
human,Human,wp_0066,0.1916122883558273,0.8983343793887395,0.4845512800115964,0.0533948525107859,2.69326230874133,0.8369221045798916
human,Human,wp_0067,0.2576229870319366,0.913889888265973,0.5247199304381486,0.0483465777263615,2.58374096940461,0.5674702924768307
human,Human,wp_0068,0.2472073584794998,0.9077974927432182,0.451622184039423,0.0426110260788554,2.5685228289440594,0.8274766667479125
human,Human,wp_0069,0.2536619007587433,0.9118647261528618,0.4832619216948733,0.0483716681541031,2.8872627522239616,0.6453008244479886
human,Human,wp_0070,0.2701194584369659,0.9068179915721564,0.4679898983362142,0.021110022818483,3.4495951082776086,0.7874380655528739
human,Human,wp_0071,0.1803555190563202,0.8710679242910702,0.3886708190202457,0.0073783030504391,2.4522549946819288,0.4759343198985927
human,Human,wp_0072,0.3870839476585388,0.8850050038555674,0.441298413704075,0.0253259711743142,2.6231447863831585,0.563236099671926
human,Human,wp_0073,0.3179374635219574,0.9052613979490018,0.4785916980951571,0.0179104443959636,2.6760547216885335,1.0
human,Human,wp_0074,0.2069370299577713,0.874859511672762,0.3900167128802574,0.0095767541163572,1.7808483149021803,0.6063193505268971
human,Human,wp_0075,0.2802934050559997,0.8685052374018694,0.4007788392752169,0.0220347641541549,2.4621586487725846,0.4953403730754613
human,Human,wp_0076,0.2538565993309021,0.8610705629767486,0.4432574308025492,0.0264298823429659,2.6433828107123993,0.5995271545808183
human,Human,wp_0077,0.3586717247962951,0.91102271451525,0.4347103166144371,0.0198203657263919,2.179748343295383,0.8739208939789564
human,Human,wp_0078,0.3050823807716369,0.9053293414768316,0.509821924599134,0.0194836798172476,2.6901464145440173,0.8732800536337296
human,Human,wp_0079,0.3224740028381347,0.9188241254348656,0.5169629755609798,0.1131823837609259,3.090662808101966,1.0
human,Human,wp_0080,0.2778393626213074,0.9098519982550404,0.4524878080642132,0.027038946931399,3.0057803668798373,0.8814397658815605
human,Human,wp_0081,0.2061149179935455,0.8777894619481771,0.3905059676199153,0.0161994682631792,2.535706918279707,0.6184924865596575
human,Human,wp_0082,0.3237245082855224,0.9188315692111642,0.489918213455924,0.0501014711322331,2.794437146518142,0.6043331310767852
human,Human,wp_0083,0.2194155901670456,0.9042497939707754,0.4561442914728933,0.018697819686811,2.5742393780757036,0.7469648558571381
human,Human,wp_0084,0.2771947681903839,0.903037975021994,0.5610363826610817,0.0521980583024521,3.078551886032999,0.964345352853584
human,Human,wp_0085,0.2184074372053146,0.8887656448209034,0.5071362725042919,0.1035293335292852,2.81877476083865,0.8415128328312084
human,Human,wp_0086,0.2601175010204315,0.9155246004138826,0.4724911796985257,0.0317160239963057,2.463570613483904,0.9234717058241452
human,Human,wp_0087,0.1886299401521682,0.8931431418092544,0.4890191344399792,0.0346436358455562,2.9313557836420356,0.4819700590549022
human,Human,wp_0088,0.2389991283416748,0.9092023023527868,0.4785607941364644,0.0309258405200438,2.668251394958133,0.7681904950778872
human,Human,wp_0089,0.2202635705471038,0.9005350979959743,0.4417445519357305,0.0434654394342804,2.7026301744397845,0.7128962638247816
human,Human,wp_0090,0.2128249108791351,0.9052245296116904,0.5296987799127206,0.0309692937719511,2.8579040925741688,0.919267183880111
human,Human,wp_0091,0.2053713798522949,0.8876519030740182,0.4980516466884935,0.091328998343255,3.211352658980135,0.8084937501886063
human,Human,wp_0092,0.2373954355716705,0.8877474200255598,0.4255567585649055,0.0384420394646999,2.428845451665283,0.8004168246209497
human,Human,wp_0093,0.3492621779441833,0.9098353530436046,0.5176723592253074,0.0500314349853672,3.014848166939491,0.9142016263882996
human,Human,wp_0094,0.3084928393363952,0.8912548339290826,0.402506667477552,0.0136083683650433,2.3825984142608134,0.7233367406438057
human,Human,wp_0095,0.2721465229988098,0.9137760359784026,0.4781526916739168,0.0713850242958997,3.1624135325863443,0.8262071264057098
human,Human,wp_0096,0.2736273407936096,0.9105758049071108,0.5055073057938967,0.0544093869157891,3.248614337507627,0.7388562591561388
human,Human,wp_0097,0.323880136013031,0.9029167575163508,0.4544892787007409,0.031871858482452,2.393773529750434,0.6735696707209029
human,Human,wp_0098,0.2694807648658752,0.9050719574397612,0.4694034839144884,0.0499355516454299,3.110624985524563,0.6592845988634513
human,Human,wp_0099,0.244530364871025,0.8695295072673114,0.4444471941619179,0.0295747586501236,2.9317115160882037,0.7157992413286616
human,Human,wp_0100,0.3118609189987182,0.908991378110431,0.4607479941503081,0.0183143527274523,2.5365156773821793,0.8009807806598255
human,Human,wp_0101,0.2887967228889465,0.9039178423786844,0.5033652269609694,0.0603107711752389,2.661005687239539,0.8878216918796822
human,Human,wp_0102,0.2120239287614822,0.9105516381076232,0.4185243166284017,0.0243214079864576,2.3292876359616748,0.6386282338332103
human,Human,wp_0103,0.2896901369094848,0.8907566426151637,0.4140105502118902,0.0224770897013473,1.9648841210243544,0.7882036656688141
human,Human,wp_0104,0.2871319949626922,0.910697927369179,0.5205742806721438,0.0363905205718864,3.3486115396457237,0.9791105787738608
human,Human,wp_0105,0.3540665209293365,0.9011297934352416,0.4972800990248917,0.0330843533004945,1.944868441161359,0.6882565372778044
human,Human,wp_0106,0.2664267122745514,0.9079020112627714,0.4455514977017303,0.066771820136573,2.370166273244368,0.666641907667828
human,Human,wp_0107,0.2151870280504226,0.8910039070147068,0.4348789854953693,0.0251068639814123,2.5375188057596167,0.6430162508665798
human,Human,wp_0108,0.2375460565090179,0.8838576297386694,0.377578269138383,0.0219664407309295,2.4216513153068155,0.6838433516692317
human,Human,wp_0109,0.3125869333744049,0.9172469697591448,0.4920325343551922,0.0185686169303368,2.5651496102362925,0.8698003807319827
human,Human,wp_0110,0.329822838306427,0.9161378889607292,0.5211893520672908,0.1101461486825034,2.9597547117967222,0.9366304789633058
human,Human,wp_0111,0.2187923341989517,0.9033643323598156,0.4825845727527142,0.0296358875149948,2.738903375482568,0.6340704691811432
human,Human,wp_0112,0.3034214079380035,0.8834531148407901,0.4058895377645508,0.0097237868938782,2.0305533605351664,0.5698204866446751
human,Human,wp_0113,0.2099127471446991,0.8843972835727485,0.4286546095166746,0.0310690551690782,2.14549297875204,0.5743422109282631
human,Human,wp_0114,0.1978211849927902,0.8705493822192178,0.4052985065682042,0.0461479155025603,2.625002748594734,0.5249240569886898
human,Human,wp_0115,0.269953578710556,0.8735034181597209,0.4051539069619218,0.0216931755273622,2.2287283588921105,0.7680707333604953
human,Human,wp_0116,0.2567775249481201,0.9037662344949112,0.4308847166825942,0.0149520771473889,2.72598383019043,0.4835988986367029
human,Human,wp_0117,0.3384729325771332,0.9116536971169876,0.5529045901775149,0.091963662594118,3.5924485952110774,0.9653435477514214
human,Human,wp_0118,0.2563613057136535,0.8796113560923514,0.4525992474580301,0.0306619205665969,3.109708831166625,0.7238662173385895
human,Human,wp_0119,0.2311698943376541,0.878098592420724,0.3991167473653118,0.0191310308722269,1.932740916732906,0.7564830838354105
human,Human,wp_0120,0.2247047424316406,0.9103976160941905,0.5537418009522407,0.1587993506546664,3.436689447402328,0.9752568703550796
human,Human,wp_0121,0.1952035427093505,0.9033411682747576,0.4611013603613447,0.0485120170438289,2.252968129536258,0.3620246584636847
human,Human,wp_0122,0.2426026612520218,0.8896981313767093,0.3702274991373041,0.0089593945387538,1.6490298184332466,0.3434141302445401
human,Human,wp_0123,0.1662106066942215,0.8836758330350388,0.4368070016317034,0.0118323594434733,2.112002424141754,0.6157602031190236
human,Human,wp_0124,0.3253516554832458,0.8739976467253243,0.508284168019171,0.0512624553702148,2.866327076052296,0.7983672640966589
human,Human,wp_0125,0.2433544099330902,0.8927920312161017,0.4659434287143245,0.0315625468190103,2.626522873016323,0.9035478564268422
human,Human,wp_0126,0.3105372786521911,0.9068951565778918,0.4655127193014133,0.0225199474046236,2.3606277601046206,0.9242623913270808
human,Human,wp_0127,0.1730445325374603,0.8999991146596964,0.4668960668737586,0.030686595557596,2.540922513160669,0.4851423185271081
human,Human,wp_0128,0.3535732328891754,0.878817136184621,0.4990588865219794,0.0520447182560472,3.461471932332811,0.6051332671401566
human,Human,wp_0129,0.3117492794990539,0.9196302971428852,0.5481435028597209,0.064418985248064,3.604462485690678,0.8260694913819187
human,Human,wp_0130,0.2515471577644348,0.8601624788022868,0.3822487596665881,0.0137204383402,2.3040182641963027,0.6421527578440226
human,Human,wp_0131,0.2595846652984619,0.8836087491676388,0.5345340991987382,0.0752116845520946,2.8077791861172803,0.455698639810318
human,Human,wp_0132,0.2951673865318298,0.908541932967028,0.5131451666370938,0.0456446439029657,2.0783361247024597,0.9665263280500886
human,Human,wp_0133,0.3097826540470123,0.8900554240631822,0.452208704876647,0.0435564490959087,2.7749060588965353,0.8530086093196951
human,Human,wp_0134,0.2679928541183471,0.9085899674674656,0.4770321865713823,0.044510585339204,2.9427316656620026,0.6881413336570816
human,Human,wp_0135,0.3200276494026184,0.881509457021983,0.4136416475870915,0.0217373413374745,2.222183373460395,0.6501991629091438
human,Human,wp_0136,0.3229524493217468,0.9124635151003954,0.5548374394998248,0.0524256979629973,2.99883841581902,0.958445111985601
human,Human,wp_0137,0.2847594320774078,0.8922369997427559,0.4998573309379045,0.0947084385304643,1.85359804715718,0.944571627578374
human,Human,wp_0138,0.2796490788459778,0.911993989851891,0.413858687217115,0.0272728816482923,2.2643500778075025,0.9782524202593466
human,Human,wp_0139,0.227830484509468,0.9099342401409948,0.5035707072707123,0.0575716353347069,2.95471326217552,0.7254478390272243
human,Human,wp_0140,0.2652560770511627,0.884729377121816,0.4125614456272477,0.0150653808286322,2.1567792336717204,0.3629944512914738
human,Human,wp_0141,0.301900714635849,0.8890285797210451,0.4676574204378774,0.0279016422813547,2.3993510209987847,0.4198408951215761
human,Human,wp_0142,0.3130013644695282,0.923205744779176,0.6092671361044675,0.3320314181291176,,1.0
human,Human,wp_0143,0.2458754479885101,0.9003243014569504,0.4312249401916098,0.2658651337789032,2.983390465851368,0.9752660457067496
human,Human,wp_0144,0.1670056879520416,0.8843469598926458,0.3834073443428604,0.008527579740527,2.426819697228532,0.4872865809376085
human,Human,wp_0145,0.3369236588478088,0.8790645393008394,0.3902490184424979,0.0652266470102836,2.129384584479053,0.8835031894477393
human,Human,wp_0146,0.19736909866333,0.8952207623882794,0.4512063369018414,0.049155433958123,2.588466881311365,0.6199288093928315
human,Human,wp_0147,0.3619996905326843,0.9215657456889276,0.4765218495027463,0.0718563222568975,3.2883795582031587,0.809049321661597
human,Human,wp_0148,0.3312083184719085,0.9032731506953884,0.5164328595784426,0.2575743548243987,2.798069661349732,1.0
human,Human,wp_0149,0.2230855673551559,0.9007500592460996,0.4278527520831473,0.030731757223759,1.7157817373319972,0.7651200293235643
human,Human,wp_0150,0.2399359196424484,0.8518436326498167,0.4307248677377526,0.0143405500509452,1.8107704932689692,0.66822061858986
human,Human,wp_0151,0.2893357276916504,0.9163782558846808,0.5350088883798496,0.0567904149896926,3.4263097828024605,1.0
human,Human,wp_0152,0.3365414142608642,0.9221084034455236,0.5618698419121066,0.1311559849227195,3.708960559576218,0.9825224283995292
human,Human,wp_0153,0.2625552713871002,0.904557971326406,0.5121766188859092,0.0513996961621532,2.452569121179003,0.8971162339836967
human,Human,wp_0154,0.2483139932155609,0.8558586752611943,0.3431452853055069,0.0055741004706904,2.095670698111723,0.5342447952027896
human,Human,wp_0155,0.1544724702835083,0.8983594514260004,0.4593727200269329,0.0202030698985867,2.8392444893979176,0.5966978017989347
human,Human,wp_0156,0.261796772480011,0.8763045488673564,0.4559977614822349,0.0873378351081858,2.4774006639468897,0.8630846986371628
human,Human,wp_0157,0.3035313189029693,0.9162383874125096,0.5631425448688011,0.1036267284518639,2.355085391906076,1.0
human,Human,wp_0158,0.331609308719635,0.9075548941351534,0.3885217056761073,0.0158701067025071,2.0369942599168267,0.7506356053914843
human,Human,wp_0159,0.2881049811840057,0.8939649363620582,0.4302894264231612,0.0199019442693872,2.384706261977871,0.4939871727042644
human,Human,wp_0160,0.205191895365715,0.8765559003536106,0.4806305812254366,0.072724631845249,3.788798824077503,0.7542163199457819
human,Human,wp_0161,0.3775480687618255,0.9085171707763688,0.4527863520019535,0.0164493336733842,2.558277314861223,0.8666400608625602
human,Human,wp_0162,0.1431083232164383,0.9023304035509384,0.5218595645562523,0.0748633631008675,3.4968974003938897,0.5083319350567653
human,Human,wp_0163,0.2396554946899414,0.8861431890632954,0.4272219447074403,0.011733496668151,2.069145489017237,0.5291713564792663
human,Human,wp_0164,0.2896178364753723,0.8866520806949734,0.4033275024721553,0.0116603729464872,2.5895013162820764,0.711811444458643
human,Human,wp_0165,0.2482917308807373,0.8817437368826072,0.454577582731137,0.0501768918285679,2.613735770530979,0.7198674980298534
human,Human,wp_0166,0.3368210196495056,0.9072343305122536,0.4858107583176766,0.0374601382158872,2.748728306100028,0.8307994138692609
human,Human,wp_0167,0.2348569333553314,0.8959916243946132,0.3819721654932207,0.0131876232177398,1.9511783362156592,0.2571429208745401
human,Human,wp_0168,0.231388658285141,0.9210467667670162,0.4795964574985165,0.0366559329084399,2.9751820592754967,0.8322354430447779
human,Human,wp_0169,0.2691666185855865,0.8992910061854642,0.4646339062200915,0.0272491021520303,2.921519103579961,0.508887881960278
human,Human,wp_0170,0.241295501589775,0.918060096841222,0.5481741208463353,0.1710457607573023,4.103317404713452,1.0
human,Human,wp_0171,0.2507757544517517,0.9027073254686072,0.4242132091780353,0.0164999797663339,2.514149967479794,0.7183404458173763
human,Human,wp_0172,0.3582216203212738,0.910443931554996,0.5381623627725436,0.043787478452395,3.9561851864244337,0.7897754705627817
human,Human,wp_0173,0.1844723671674728,0.8632000306875429,0.4936280578556452,0.0411048065761336,3.524763930310666,0.469119927105034
human,Human,wp_0174,0.2636375725269317,0.8784516460755617,0.4062625092323969,0.0318821286443889,2.775053578750155,0.9130716992672708
human,Human,wp_0175,0.2347662895917892,0.9206567697343648,0.5669517628650685,0.0571124892159541,2.682654349655391,0.6920632294701798
human,Human,wp_0176,0.2919099032878876,0.9041352472005628,0.4984980735305746,0.1167727080310709,2.3044580210083327,0.9382492349206544
human,Human,wp_0177,0.2958190441131592,0.8940734936354156,0.4378982647125623,0.0414194562887335,2.173390259821113,0.8488253835424779
human,Human,wp_0178,0.2264367043972015,0.9024683004723588,0.4389785793562494,0.0304482232810645,2.5609722697477717,0.8820236895940723
human,Human,wp_0179,0.2369912415742874,0.8916278812252015,0.4187622207473498,0.0356959609862558,2.7601029965362236,0.6480893010716339
human,Human,wp_0180,0.3218945264816284,0.8997102209262048,0.5213114789180827,0.066371449786502,3.710056295914219,1.0
human,Human,wp_0181,0.2101229876279831,0.872765694875803,0.3998064119805682,0.0078892852611385,2.8670238888504262,0.5756219157304538
human,Human,wp_0182,0.2137618958950042,0.9019352727166584,0.5245701381586093,0.0468117953436548,2.678616930505215,0.6777786919190294
human,Human,wp_0183,0.199339672923088,0.8820034273985012,0.4679974064173349,0.0348322298744193,3.3779496284207453,0.931670751950796
human,Human,wp_0184,0.2550245523452759,0.8746762940983173,0.4001010928185671,0.0172273029707804,2.0329167105801447,0.8677285559358587
human,Human,wp_0185,0.3354460597038269,0.8857524254469021,0.4674793208422046,0.0259535450701874,2.8448210880102716,0.832488445217485
human,Human,wp_0186,0.3280958235263824,0.9298207936913075,0.5669534532688051,0.1925015461702119,2.3707075349512383,0.9112961550726312
human,Human,wp_0187,0.2437695562839508,0.8946929547955869,0.4516563352167161,0.0173978838372255,2.1112063101487655,0.997851983879676
human,Human,wp_0188,0.1836493760347366,0.8924889293410405,0.4735128668352805,0.0243102283226936,3.4819451495837677,0.6917906041670199
human,Human,wp_0189,0.274777203798294,0.8878191232225949,0.4635603695042702,0.0333398350244805,2.4412021175179928,0.9052376524104642
human,Human,wp_0190,0.1733212023973465,0.9030637736288838,0.4764085299977089,0.0424157727337867,2.769393220316413,0.8235015636256118
human,Human,wp_0191,0.3126121759414673,0.9193265367093428,0.4833936798042845,0.0425248780755868,3.0485183556641515,0.617897399817697
human,Human,wp_0192,0.2912327945232391,0.8889439142543868,0.4152849817612551,0.0398728663364124,1.4953935704530488,0.4948222529379679
human,Human,wp_0193,0.2640694975852966,0.8643625204954926,0.4114241597508413,0.015779925938288,2.1553186323809457,0.6442684931851324
human,Human,wp_0194,0.3526688814163208,0.9141233299587996,0.5117332910019879,0.0577630014190159,3.517103628869377,1.0
human,Human,wp_0195,0.2093893736600875,0.8885488117854143,0.4295252408731945,0.0175852981754152,2.405146821560225,0.5398776095857312
human,Human,wp_0196,0.2554391026496887,0.890294235959658,0.4555773314969264,0.0142373838658386,2.555253332511666,0.6216347798762709
human,Human,wp_0197,0.2962716221809387,0.900897666085801,0.5056479999208856,0.0410412171452682,3.3456258199923723,1.0
human,Human,wp_0198,0.369097501039505,0.9149184155609532,0.5455138411683761,0.1329226562179729,3.027679449428717,1.0
human,Human,wp_0199,0.3247276842594147,0.9172942882469008,0.5254405990867823,0.1087429461053785,3.619675913949424,0.7739997338326661
