prompt_id,source,story_id,model,Diversity,Perplexity,Coherence,QStarText
0,human,0,Human,0.8763452954745954,16.85478973388672,-2.82421875,75.3679768943728
0,human,1,Human,0.854500011275564,35.61008834838867,-3.462890625,73.28090745468204
0,human,2,Human,0.829607440684354,14.363832473754883,-2.693359375,71.88269306341644
0,human,3,Human,0.8285211378337619,23.06437110900879,-3.15625,71.60600186235479
0,human,4,Human,0.9033196343393177,30.183969497680664,-3.33203125,76.00680481392293
0,human,5,Human,0.9680365296803652,41.07835388183594,-3.662109375,74.46487139908982
1,human,0,Human,0.9254482928027511,16.743715286254883,-2.78125,76.7397896390644
1,human,1,Human,0.8438746438105478,21.85952377319336,-3.041015625,73.12513677696843
1,human,2,Human,0.6935748768227741,18.067562103271484,-2.828125,53.48928558439158
1,human,3,Human,0.8941149990007005,18.781410217285156,-2.880859375,76.17064186417946
1,human,4,Human,0.7713190673906101,11.781463623046875,-2.451171875,65.04641610639302
1,human,5,Human,0.9298481931096034,30.988351821899414,-3.39453125,76.16432284461902
1,human,6,Human,0.8362229673724664,12.866453170776367,-2.521484375,72.49129403176423
1,human,7,Human,0.8650598283415217,16.299274444580078,-2.810546875,74.70240181669871
1,human,8,Human,0.9468487740661511,24.976903915405273,-3.166015625,76.34827658908529
1,human,9,Human,0.8989821492506777,26.131580352783203,-3.27734375,75.94274278128587
2,human,0,Human,0.9367880395127227,19.471498489379883,-2.888671875,76.71643904849718
2,human,1,Human,0.9666666666666667,19.45975112915039,-3.0,75.81696127178581
2,human,2,Human,0.9276007358613731,17.41487693786621,-2.8984375,76.65118473804219
2,human,3,Human,0.9560975609756097,37.39286804199219,-3.49609375,75.44301367000742
2,human,4,Human,0.964,28.17816925048828,-3.25,75.75865805457296
2,human,5,Human,0.9174835232970298,37.092872619628906,-3.466796875,75.90238440409622
2,human,6,Human,0.9121202780389316,17.92367935180664,-2.904296875,76.55084638425281
2,human,7,Human,0.8876434216182257,21.98545265197754,-3.046875,75.83875958845141
2,human,8,Human,0.909314973663752,22.085302352905273,-3.048828125,76.4844217698608
2,human,9,Human,0.961457896941768,19.374975204467773,-2.8828125,76.16293781231523
2,human,10,Human,0.9256218116429445,15.900420188903809,-2.728515625,76.73991132713857
2,human,11,Human,0.7634635680612692,13.200961112976074,-2.451171875,64.06078148078663
3,human,0,Human,0.8399844713099144,15.558256149291992,-2.76171875,72.83543907832838
3,human,1,Human,0.8848782539261728,11.875310897827148,-2.53515625,75.67996316833185
3,human,2,Human,0.846838364696813,14.317936897277832,-2.642578125,73.42091729394535
3,human,3,Human,0.8186560601160675,17.077533721923828,-2.830078125,70.82751769505434
3,human,4,Human,0.7948798644035536,19.237138748168945,-2.912109375,68.16596560889806
4,human,0,Human,0.8170113010247642,10.032402038574219,-2.236328125,70.44704383205823
4,human,1,Human,0.8670215959658989,17.37684440612793,-2.65234375,75.01205275584103
4,human,2,Human,0.8256111739180928,18.30640411376953,-2.853515625,71.56662959849662
4,human,3,Human,0.8934958831007843,17.364763259887695,-2.6640625,76.27741649152608
4,human,4,Human,0.8222699977759657,14.843092918395996,-2.611328125,71.24641203999236
4,human,5,Human,0.8583390383489725,15.12553596496582,-2.564453125,74.36905160322408
4,human,6,Human,0.8619342501695444,29.601266860961914,-3.18359375,74.41411309136839
4,human,7,Human,0.9178825809531204,14.93811321258545,-2.66015625,76.69055483530548
4,human,8,Human,0.9395802329152199,24.714942932128906,-3.162109375,76.46804759006416
4,human,9,Human,0.9219769933862374,30.31450653076172,-3.396484375,76.14422295807834
4,human,10,Human,0.9264129593234471,25.88302993774414,-2.935546875,76.93039559529271
4,human,11,Human,0.8373102572635852,21.239004135131836,-2.953125,72.66678257322923
4,human,12,Human,0.9295370042183868,23.43517303466797,-3.037109375,76.71469155643807
4,human,13,Human,0.8613537204140259,23.797948837280273,-2.9609375,74.61261642566441
4,human,14,Human,0.8856756449705377,19.43810272216797,-2.859375,75.90094860074909
4,human,15,Human,0.7914472194176946,21.094999313354492,-3.060546875,67.61781854381037
4,human,16,Human,0.841307734024998,17.179914474487305,-2.609375,73.14684267664767
4,human,17,Human,0.9608257804632426,25.758699417114258,-3.095703125,76.10922210645104
5,human,0,Human,0.8255572111401179,15.722065925598145,-2.708984375,71.55976169968825
5,human,1,Human,0.9477611940298507,50.29324722290039,-3.9375,73.76678211717527
5,human,2,Human,0.8567927827628562,12.337096214294434,-2.55078125,74.09379101809532
5,human,3,Human,0.7983619977370907,17.062170028686523,-2.82421875,68.57490110794495
5,human,4,Human,0.7186304208259758,18.1599063873291,-2.90234375,57.37047157070486
5,human,5,Human,0.9075801500446145,13.718945503234863,-2.638671875,76.47495600134347
6,human,0,Human,0.5473863249977216,15.534809112548828,-2.73046875,31.512981648827616
6,human,1,Human,0.8231121281464531,36.04110336303711,-3.580078125,70.24395047304802
6,human,2,Human,0.9132989140110379,31.362590789794922,-3.41796875,76.01242817423577
6,human,3,Human,0.9298465829846583,16.123397827148438,-2.78125,76.70414827679289
6,human,4,Human,0.9221347331583551,48.20604705810547,-3.92578125,74.14379467922366
6,human,5,Human,0.9078284611401403,12.339465141296387,-2.53125,76.44482900891899
6,human,6,Human,0.9181650785783076,20.30452537536621,-2.990234375,76.62464982658035
6,human,7,Human,0.8992154401460183,18.936054229736328,-2.970703125,76.22494152242189
6,human,8,Human,0.8474308300395256,30.842918395996094,-3.4375,72.8217018895867
6,human,9,Human,0.8102031600765947,16.421464920043945,-2.8515625,69.8655718609275
6,human,10,Human,0.8697974605882397,18.43339729309082,-2.921875,74.9747596877577
6,human,11,Human,0.9016754310871958,30.466768264770508,-3.404296875,75.80155260928707
7,human,0,Human,0.905090077036393,13.999691009521484,-2.609375,76.45515556455845
7,human,1,Human,0.8841116810034244,18.79062843322754,-2.787109375,75.87730298433446
7,human,2,Human,0.9025091683071358,26.49813461303711,-3.255859375,76.09217455382314
7,human,3,Human,0.9258781990154893,16.21109962463379,-2.7578125,76.73276190072241
7,human,4,Human,0.9335258301424894,33.90582275390625,-3.37890625,76.18257366913711
7,human,5,Human,0.9158652887170944,15.13794994354248,-2.71875,76.63788607829088
7,human,6,Human,0.8365384187686327,10.85826587677002,-2.39453125,72.41292176574115
7,human,7,Human,0.9140286584696231,22.87381935119629,-3.138671875,76.43952613770337
7,human,8,Human,0.9119615675267192,26.628828048706055,-3.31640625,76.1639962836783
7,human,9,Human,0.861018488072874,16.086299896240234,-2.740234375,74.49324290624108
7,human,10,Human,0.9682539682539683,21.013139724731445,-2.98828125,75.83580153205267
7,human,11,Human,0.8604370294414362,30.866554260253906,-3.296875,74.09777693076738
7,human,12,Human,0.9508398601054135,25.719388961791992,-3.162109375,76.28583960475189
7,human,13,Human,0.8828519869253352,34.65011215209961,-3.564453125,74.71258548464984
7,human,14,Human,0.918799638809574,26.540712356567383,-3.28125,76.3215710352881
7,human,15,Human,0.8834777932814427,19.9064998626709,-2.96875,75.68934154693343
7,human,16,Human,0.815923841823314,17.316598892211914,-2.849609375,70.53305965043563
7,human,17,Human,0.9049828850361132,21.099287033081055,-2.99609375,76.4346923198377
7,human,18,Human,0.8358152784055287,19.384462356567383,-2.869140625,72.55810890112903
7,human,19,Human,0.8827014497579069,25.298595428466797,-3.15234375,75.55388303164709
7,human,20,Human,0.9526622463331325,26.43133544921875,-3.19921875,76.18728352976932
7,human,21,Human,0.8617405175940688,21.978313446044922,-3.12109375,74.32827538503683
7,human,22,Human,0.9370028518519595,22.831979751586914,-3.099609375,76.54749128997229
7,human,23,Human,0.9893048128342246,20.870162963867188,-2.94921875,74.78619653417157
7,human,24,Human,0.9171215766904103,40.196903228759766,-3.70703125,75.16358292786886
7,human,25,Human,0.8856925004699718,22.211078643798828,-3.060546875,75.74418072274682
7,human,26,Human,0.8713212762684178,29.818031311035156,-3.3828125,74.57548610234134
7,human,27,Human,0.8949281518412916,29.123428344726562,-3.35546875,75.69921199009563
7,human,28,Human,0.8306151585492452,27.3955020904541,-3.3515625,71.52224152026092
8,human,0,Human,0.9042852189324035,39.687416076660156,-3.583984375,75.30956459389964
8,human,1,Human,0.8686420921672591,14.304136276245117,-2.638671875,74.94523639237569
8,human,2,Human,0.9350620859111052,18.264537811279297,-2.86328125,76.7039077065372
8,human,3,Human,0.9466287636130685,34.94992446899414,-3.474609375,75.7693976406815
8,human,4,Human,0.888774499138052,25.316606521606445,-3.23828125,75.65045408938148
9,human,0,Human,0.7163524028274842,16.65172576904297,-2.794921875,57.054356366568854
9,human,1,Human,0.8001005912872897,18.452495574951172,-2.876953125,68.79282678016745
9,human,2,Human,0.8666642685420002,23.616634368896484,-3.150390625,74.64795824321415
9,human,3,Human,0.9016138219100056,12.15849494934082,-2.29296875,76.31596449994443
9,human,4,Human,0.8417910271157264,26.663602828979492,-3.3984375,72.39662351018622
9,human,5,Human,0.8994993401550296,34.4402961730957,-3.5546875,75.35997739909517
9,human,6,Human,0.9592196179379487,22.349637985229492,-3.1328125,75.99545745013674
10,human,0,Human,0.9433962264150944,17.777141571044922,-2.83984375,76.60203210678765
10,human,1,Human,0.9058135262420778,15.453267097473145,-2.6953125,76.50265394641895
10,human,2,Human,0.8528066053445661,19.722978591918945,-2.853515625,73.986014515353
10,human,3,Human,0.8934257753003554,19.489988327026367,-2.830078125,76.23626876059075
10,human,4,Human,0.8779872599942606,24.30132484436035,-3.087890625,75.41054969710777
10,human,5,Human,0.881002329973407,19.198280334472656,-3.021484375,75.46707896756067
10,human,6,Human,0.8867115828946659,10.162093162536621,-2.265625,75.66625258065784
10,human,7,Human,0.8938872363312768,19.86017417907715,-2.974609375,76.0927928469185
10,human,8,Human,0.8844559567668719,30.940078735351562,-3.359375,75.30097901617546
10,human,9,Human,0.8824188438042974,15.791742324829102,-2.73046875,75.69434069276473
10,human,10,Human,0.8733614929708283,19.8652400970459,-2.984375,75.16010480368618
10,human,11,Human,0.8011023116666409,26.522911071777344,-3.078125,68.91800260681687
10,human,12,Human,0.8284991769733893,11.553414344787598,-2.302734375,71.71656058801346
10,human,13,Human,0.899535438142278,22.87776756286621,-3.02734375,76.31436593989802
10,human,14,Human,0.9395345863700294,13.246363639831543,-2.51953125,76.62582210847332
10,human,15,Human,0.9291339966949124,18.768035888671875,-2.810546875,76.81429866227259
10,human,16,Human,0.9516908212560387,30.23328399658203,-3.41015625,75.8174176161806
10,human,17,Human,0.7114717343724978,23.35822105407715,-3.126953125,56.13342554807869
10,human,18,Human,0.7695177132671616,17.027008056640625,-2.673828125,65.01899350093524
10,human,19,Human,0.8862077487930842,18.88850975036621,-2.734375,76.0196255245357
10,human,20,Human,0.8382631827549661,25.12799644470215,-3.275390625,72.32938680874096
10,human,21,Human,0.8437751344640818,14.904582977294922,-2.458984375,73.28351102607814
10,human,22,Human,0.8400603935767607,23.93646812438965,-3.203125,72.59514861023135
10,human,23,Human,0.8443158479900473,30.141727447509766,-3.431640625,72.57944583922053
11,human,0,Human,0.8072906747921031,28.8410587310791,-3.443359375,68.92025242794145
11,human,1,Human,0.9196627176015474,25.46411895751953,-3.248046875,76.37153208793715
11,human,2,Human,0.9453346298566779,24.250402450561523,-3.154296875,76.37823692847843
11,human,3,Human,0.8981422325689303,46.00626754760742,-3.80859375,74.22289010252649
11,human,4,Human,0.927184574981482,21.944908142089844,-3.021484375,76.68846418327524
11,human,5,Human,0.9114144252642847,21.543237686157227,-3.029296875,76.53060840117091
11,human,6,Human,0.9070557356800988,44.25232696533203,-3.796875,74.57433354994618
12,human,0,Human,0.9382448793702054,82.19374084472656,-4.4296875,68.84249606862025
12,human,1,Human,0.9429667101827676,34.40766525268555,-3.44921875,75.90390457398492
12,human,2,Human,0.9852941176470589,56.92332458496094,-4.0234375,71.45053230018765
12,human,3,Human,0.9451414281511368,31.80914306640625,-3.45703125,75.85463277882694
12,human,4,Human,0.9312304896799143,33.48906707763672,-3.49609375,75.9114822791298
12,human,5,Human,0.9399838076515886,28.840789794921875,-3.341796875,76.1846864847833
13,human,0,Human,0.9416387380099387,32.56499099731445,-3.443359375,75.94717733925751
13,human,1,Human,0.9123190015745294,28.36305809020996,-3.271484375,76.29668937117344
13,human,2,Human,0.8902773112649908,15.583913803100586,-2.69140625,76.04356347732855
13,human,3,Human,0.8597993941137293,26.5037899017334,-3.162109375,74.26058379888494
13,human,4,Human,0.9037616617121917,16.739166259765625,-2.7265625,76.5021762499892
13,human,5,Human,0.945821599508628,21.46665382385254,-2.958984375,76.58084264886557
13,human,6,Human,0.9335721715012135,21.95054817199707,-3.052734375,76.62018259073164
13,human,7,Human,0.8868221240062149,16.044687271118164,-2.783203125,75.85504747740694
14,human,0,Human,0.9652173913043478,41.42243194580078,-3.71484375,74.41139830005665
14,human,1,Human,0.8471827240493192,27.513179779052734,-3.29296875,73.09140420475946
14,human,2,Human,0.7980117012128152,26.31598663330078,-3.173828125,68.383030823684
14,human,3,Human,0.9241803416268106,22.7485294342041,-3.16015625,76.4827886800474
14,human,4,Human,0.9115075884445778,18.320283889770508,-2.7890625,76.68628348651528
14,human,5,Human,0.9534883720930233,49.77609634399414,-3.97265625,73.54442626194427
15,human,0,Human,0.8433592007672083,9.196622848510742,-2.248046875,72.87158068745748
15,human,1,Human,0.9152890706732912,22.98455810546875,-3.095703125,76.53374909466311
15,human,2,Human,0.8322337670632363,15.845961570739746,-2.763671875,72.15793929588139
15,human,3,Human,0.9170674914235943,13.412337303161621,-2.5625,76.64314871941178
15,human,4,Human,0.8663226124708149,13.4851713180542,-2.59765625,74.77728426302853
15,human,5,Human,0.8156639077136161,18.673070907592773,-2.900390625,70.51496942634049
15,human,6,Human,0.7269108551753269,18.60036849975586,-2.951171875,58.610368201907676
15,human,7,Human,0.9064955091829993,11.855957984924316,-2.439453125,76.41016156965514
15,human,8,Human,0.9472477064220184,24.82091522216797,-3.220703125,76.23217915715597
15,human,9,Human,0.8347677674563314,28.095172882080078,-3.302734375,72.024547787088
15,human,10,Human,0.9543447105963557,17.194732666015625,-2.8359375,76.33190466723434
15,human,11,Human,0.9022687609075044,16.180740356445312,-2.80078125,76.3675756443421
15,human,12,Human,0.8566916411521327,14.260757446289062,-2.578125,74.19579838186026
15,human,13,Human,0.8223415007906621,13.740370750427246,-2.626953125,71.17797212373506
15,human,14,Human,0.8804951405944133,20.107126235961914,-3.03125,75.46918478181587
15,human,15,Human,0.9607217300677436,20.607784271240234,-2.892578125,76.23125738671077
16,human,0,Human,0.8550024902019792,38.15244674682617,-3.62109375,72.85264708398932
16,human,1,Human,0.8824048320810328,29.02983283996582,-3.3203125,75.27835069565525
16,human,2,Human,0.7872000674183344,19.441110610961914,-2.921875,67.21526076674465
16,human,3,Human,0.7893550146481757,19.365966796875,-2.939453125,67.45903341149494
16,human,4,Human,0.7768665079339536,18.6574764251709,-2.931640625,65.83260871008832
16,human,5,Human,0.9004857920409788,24.378620147705078,-3.16015625,76.16816149960977
16,human,6,Human,0.9082955145685172,34.16379928588867,-3.5703125,75.53303640516964
16,human,7,Human,0.9296429981388529,26.164209365844727,-3.265625,76.37997862030045
16,human,8,Human,0.843747949850067,8.107145309448242,-2.103515625,72.77245732877472
16,human,9,Human,0.8517557552609036,21.552001953125,-3.078125,73.67702539673762
16,human,10,Human,0.869718740692442,21.992460250854492,-3.080078125,74.8951109469873
16,human,11,Human,0.8424602998651881,20.437854766845703,-3.03515625,72.95913784993338
16,human,12,Human,0.9111587207487206,27.827110290527344,-3.306640625,76.19511532829867
16,human,13,Human,0.8411617828207956,25.99588394165039,-3.3203125,72.50543212918362
16,human,14,Human,0.8803885660394705,20.364686965942383,-3.0390625,75.46327800764786
16,human,15,Human,0.9215237700692609,23.945051193237305,-3.15234375,76.52424790154755
16,human,16,Human,0.77621885219664,24.819311141967773,-3.216796875,65.5213111181281
16,human,17,Human,0.8745968335754704,12.70943546295166,-2.5703125,75.21940976045678
16,human,18,Human,0.9423715223390765,20.215063095092773,-2.998046875,76.53457050544087
16,human,19,Human,0.9257726558407543,27.392301559448242,-3.2734375,76.39125171913643
16,human,20,Human,0.8664872955416543,41.951786041259766,-3.748046875,73.13629445582549
16,human,21,Human,0.9110302258748773,35.77770233154297,-3.490234375,75.77704598057683
16,human,22,Human,0.7972079738073474,21.561628341674805,-3.03125,68.3805354222773
16,human,23,Human,0.9398143318912201,34.38539123535156,-3.43359375,75.98837062513775
16,human,24,Human,0.8335307828791994,22.99224853515625,-3.13671875,72.10737597457046
16,human,25,Human,0.8907509402438831,25.44134521484375,-3.232421875,75.74174550712587
16,human,26,Human,0.9477124183006536,16.301532745361328,-2.7265625,76.54894227080088
16,human,27,Human,0.9381383754863813,16.65774154663086,-2.87890625,76.57308095035555
16,human,28,Human,0.867886832493457,18.382373809814453,-2.95703125,74.81296197125954
16,human,29,Human,0.900981182862204,19.271324157714844,-3.01171875,76.23180340711495
16,human,30,Human,0.9000850944555161,18.51039695739746,-2.96484375,76.23740540702586
16,human,31,Human,0.8237498523848321,10.746021270751953,-2.33984375,71.20026747277673
16,human,32,Human,0.878624087459992,26.466798782348633,-3.201171875,75.29666279156852
16,human,33,Human,0.8879975205602935,25.70604133605957,-3.2265625,75.65251892570396
16,human,34,Human,0.929511446190774,30.38580322265625,-3.39453125,76.16134512939757
16,human,35,Human,0.9036820889053258,31.36817741394043,-3.416015625,75.82973248499322
16,human,36,Human,0.8922992651346145,27.65778350830078,-3.333984375,75.63391864239057
16,human,37,Human,0.8051008564796286,27.449800491333008,-3.287109375,69.00678809722496
16,human,38,Human,0.9337053845210351,20.48497200012207,-3.013671875,76.620023398929
16,human,39,Human,0.9054701995377753,23.9573974609375,-3.140625,76.31597562117783
16,human,40,Human,0.8380543611311636,29.153072357177734,-3.392578125,72.13075206176268
16,human,41,Human,0.862995364235529,34.78972625732422,-3.486328125,73.81686202441263
16,human,42,Human,0.8467481735011992,33.271484375,-3.4921875,72.63352960455605
16,human,43,Human,0.844636401496633,23.071767807006836,-3.1328125,73.08000265155519
16,human,44,Human,0.9310911277699003,22.02116584777832,-3.0703125,76.60790141766057
17,human,0,Human,0.9641255605381166,21.67571258544922,-3.029296875,75.96631729845477
17,human,1,Human,0.8830109044424413,13.439472198486328,-2.623046875,75.65599463126408
17,human,2,Human,0.945054945054945,16.488746643066406,-2.771484375,76.57295089952558
17,human,3,Human,0.7787286264455118,22.395286560058594,-3.158203125,65.88428021246698
17,human,4,Human,0.8311077458531652,16.46875,-2.8046875,72.04898626185403
17,human,5,Human,0.7741831676744608,17.310964584350586,-2.830078125,65.52722956664815
17,human,6,Human,0.8285960559370276,15.006540298461914,-2.697265625,71.82176202778665
17,human,7,Human,0.8292954350484031,23.537307739257812,-3.142578125,71.72007769037975
17,human,8,Human,0.8585639320977185,19.21124267578125,-2.8828125,74.34266756034368
17,human,9,Human,0.8249627225063609,15.873976707458496,-2.744140625,71.48134240926603
17,human,10,Human,0.8548282676843396,18.75202751159668,-2.9140625,74.01842813110353
17,human,11,Human,0.857387861805885,27.551973342895508,-3.37890625,73.66638879614737
18,human,0,Human,0.7295958913035683,13.188864707946777,-2.61328125,59.03583196694709
18,human,1,Human,0.8561321273308716,23.04409408569336,-3.15625,73.91857242973802
18,human,2,Human,0.8633194106044786,26.649507522583008,-3.3046875,74.21402838443831
18,human,3,Human,0.9301470588235294,25.297119140625,-3.263671875,76.36120616456806
18,human,4,Human,0.881467991001056,18.327518463134766,-2.962890625,75.53108080962816
18,human,5,Human,0.7547245873259514,10.345367431640625,-2.388671875,62.643282071248215
18,human,6,Human,0.892200431060146,9.870503425598145,-2.3046875,75.8650362362422
18,human,7,Human,0.7700556144945795,14.762678146362305,-2.74609375,64.90895096594825
18,human,8,Human,0.8576039726877716,8.541460990905762,-2.208984375,73.90435551141259
18,human,9,Human,0.9312492542656007,15.738654136657715,-2.748046875,76.70763537387953
19,human,0,Human,0.7748655591299755,16.281757354736328,-2.81640625,65.57714840294825
19,human,1,Human,0.870270668599402,17.591461181640625,-2.873046875,75.01904264420116
19,human,2,Human,0.9193680522480927,21.12101936340332,-3.08203125,76.52883086939839
19,human,3,Human,0.8854712380534235,25.94287109375,-3.330078125,75.3368703497095
19,human,4,Human,0.8412504495221674,10.27426815032959,-2.404296875,72.7808720033525
19,human,5,Human,0.933856272914667,24.796085357666016,-3.2421875,76.37303834917559
19,human,6,Human,0.9196514261583938,20.032793045043945,-2.990234375,76.62574643297644
20,human,0,Human,0.7769379087595899,18.44791603088379,-3.005859375,65.72989285217068
20,human,1,Human,0.9011768974774923,12.29520034790039,-2.55078125,76.27725339623156
20,human,2,Human,0.9094461433910975,17.016143798828125,-2.99609375,76.33596298775623
20,human,3,Human,0.8575455849876951,18.73838233947754,-2.9375,74.18179318110413
20,human,4,Human,0.8666474900736988,27.354310989379883,-3.3359375,74.36989871160768
20,human,5,Human,0.9229385307346327,25.09273338317871,-3.197265625,76.4817170505796
20,human,6,Human,0.9510864917681627,24.0105037689209,-3.19921875,76.16311545817801
20,human,7,Human,0.8449612847537418,12.286160469055176,-2.501953125,73.20641470283822
20,human,8,Human,0.9231371841841021,15.177858352661133,-2.73828125,76.68301278010046
20,human,9,Human,0.8951907389596881,24.013961791992188,-3.126953125,76.05512229055601
20,human,10,Human,0.8767743071874989,16.72799301147461,-2.830078125,75.3772858721842
20,human,11,Human,0.8221450830387391,16.104520797729492,-2.80078125,71.16126554307337
20,human,12,Human,0.8369185514962156,17.07893180847168,-2.8515625,72.56203997410513
20,human,13,Human,0.8872065694911335,13.324706077575684,-2.599609375,75.84347873939052
20,human,14,Human,0.8605472095165129,17.592147827148438,-2.88671875,74.39403963915672
20,human,15,Human,0.9365594829828648,31.421836853027344,-3.462890625,75.95967605943666
20,human,16,Human,0.8244471658508544,14.456270217895508,-2.646484375,71.42012386278684
20,human,17,Human,0.9781021897810219,17.353363037109375,-2.857421875,75.3711539004159
20,human,18,Human,0.8395216400911162,5.404905319213867,-1.74609375,71.92670197546055
20,human,19,Human,0.8118167260879746,34.274993896484375,-3.525390625,69.22885327837125
21,human,0,Human,0.8217245214762816,16.015581130981445,-2.69921875,71.20170235129568
21,human,1,Human,0.8295470391947363,18.119335174560547,-2.90625,71.8755248177562
21,human,2,Human,0.9127986897136674,23.869022369384766,-3.095703125,76.52851131560709
21,human,3,Human,0.7393533496397978,34.615234375,-3.427734375,59.93535003738164
21,human,4,Human,0.9143702522788859,25.719823837280273,-3.203125,76.40999792788017
22,human,0,Human,0.9169096854012018,16.649534225463867,-2.814453125,76.64821817889325
22,human,1,Human,0.8228686981086816,22.86046028137207,-3.15234375,71.05208333153001
22,human,2,Human,0.9281842818428184,20.76229476928711,-3.033203125,76.62338503129351
22,human,3,Human,0.9416840934082312,32.57408142089844,-3.380859375,76.09535801707837
22,human,4,Human,0.5842676502473368,10.711134910583496,-2.365234375,36.32449432826888
23,human,0,Human,0.8262085546245007,15.931467056274414,-2.755859375,71.59664972511187
23,human,1,Human,0.8710188814666356,9.372124671936035,-2.25,74.82958170948207
23,human,2,Human,0.9171872650472297,25.949440002441406,-3.2734375,76.30880004077737
23,human,3,Human,0.826594669415788,20.198495864868164,-2.96484375,71.6129578563726
23,human,4,Human,0.9062239021289393,31.205049514770508,-3.3984375,75.92957052368486
23,human,5,Human,0.7974294605378562,30.293994903564453,-3.40234375,67.89278716966209
24,human,0,Human,0.8495597383555434,18.375524520874023,-2.876953125,73.64953489870366
24,human,1,Human,0.9295787139689579,38.176822662353516,-3.484375,75.88277311584099
24,human,2,Human,0.8776608551492026,20.08231544494629,-2.994140625,75.38304998699586
24,human,3,Human,0.9599512715090603,37.715816497802734,-3.58984375,75.06561759233945
24,human,4,Human,0.8561641846567386,18.569110870361328,-2.794921875,74.23771578527332
24,human,5,Human,0.9078914065253542,14.979255676269531,-2.736328125,76.4868512682029
24,human,6,Human,0.8389085609690619,18.822446823120117,-2.76171875,72.9138913435371
24,human,7,Human,0.8514079723008917,31.528554916381836,-3.3984375,73.22672421352031
24,human,8,Human,0.9219841639496973,22.989404678344727,-2.73828125,77.04200184870135
24,human,9,Human,0.992,26.920167922973633,-2.951171875,74.80042786404351
24,human,10,Human,0.8092099694222188,22.131872177124023,-3.060546875,69.73868309313299
25,human,0,Human,0.7281702118896651,9.973809242248535,-2.37109375,58.67173332773044
25,human,1,Human,0.9440679156497462,22.059070587158203,-3.16015625,76.31664755485421
25,human,2,Human,0.8352298186691443,15.489079475402832,-2.783203125,72.39331484322659
25,human,3,Human,0.8385276317914628,17.756967544555664,-2.9296875,72.64559981329808
25,human,4,Human,0.9189567925262748,12.572714805603027,-2.56640625,76.6059664919547
25,human,5,Human,0.8256342088404869,16.123537063598633,-2.833984375,71.475489862348
25,human,6,Human,0.7054695040698321,21.654720306396484,-3.12109375,55.135288719984615
25,human,7,Human,0.8275443994379232,15.488764762878418,-2.80859375,71.65161402267178
25,human,8,Human,0.8635670258900224,11.24788761138916,-2.453125,74.50924508217592
25,human,9,Human,0.7018792437404652,13.150543212890625,-2.630859375,54.694550339305785
25,human,10,Human,0.9203633161300893,27.7064266204834,-3.328125,76.25637832054345
25,human,11,Human,0.8782966510226712,14.412269592285156,-2.701171875,75.438670537836
25,human,12,Human,0.8068649945160937,20.24886703491211,-3.033203125,69.44358911051094
26,human,0,Human,0.9399789005858454,17.41018295288086,-2.859375,76.61278286180483
26,human,1,Human,0.8756901372726033,20.88129234313965,-3.037109375,75.25136581812599
26,human,2,Human,0.7852397661161994,22.611539840698242,-3.158203125,66.73247259971875
26,human,3,Human,0.9704918032786886,24.759374618530273,-3.23828125,75.44164398730543
26,human,4,Human,0.8923347632460732,15.824369430541992,-2.755859375,76.0816521791813
26,human,5,Human,0.8344906515478929,22.472944259643555,-3.138671875,72.17312034732689
26,human,6,Human,0.933456434052426,31.667505264282227,-3.43359375,76.0573625597109
26,human,7,Human,0.8974871034970247,18.240034103393555,-2.912109375,76.21630326005887
26,human,8,Human,0.8440692305486248,18.725248336791992,-2.892578125,73.2093958127867
27,human,0,Human,0.9819819819819819,96.30448913574219,-4.3984375,65.96915839399294
27,human,1,Human,0.963302752293578,32.662349700927734,-3.412109375,75.46014750354779
27,human,2,Human,0.976,48.48181915283203,-3.81640625,73.27825773192419
27,human,3,Human,0.9284915720674235,31.584644317626953,-3.357421875,76.25488948674284
27,human,4,Human,0.8780169660903606,30.047239303588867,-3.3984375,74.90052947649153
28,human,0,Human,0.9459459459459459,31.63218116760254,-3.41796875,75.93417551527976
28,human,1,Human,0.8889803084454487,20.090709686279297,-3.0390625,75.82732287216524
28,human,2,Human,0.9026717557251908,17.750185012817383,-2.94140625,76.30025907892934
28,human,3,Human,0.8624175750600489,29.03306770324707,-3.42578125,73.91983643166103
28,human,4,Human,0.8218282192179945,21.350975036621094,-3.111328125,70.96303408329327
29,human,0,Human,0.7775534481318972,16.15963363647461,-2.81640625,65.92641308618673
29,human,1,Human,1.0,22.847896575927734,-3.076171875,73.95571951539495
29,human,2,Human,0.9611111111111111,9.984889030456543,-2.306640625,75.91960617470971
29,human,3,Human,0.9084098480873347,11.251819610595703,-2.439453125,76.40884690504268
29,human,4,Human,0.9390155232211999,15.16360092163086,-2.728515625,76.62767509896587
29,human,5,Human,0.856371272206757,11.328332901000977,-2.384765625,74.03578072425982
29,human,6,Human,0.8891086127230655,26.931482315063477,-3.33203125,75.50412381179679
29,human,7,Human,0.8283186468510001,17.029630661010742,-2.7890625,71.83025405688734
30,human,0,Human,0.9461820083682009,24.268268585205078,-3.1953125,76.28659209324667
30,human,1,Human,0.89260682879268,24.335630416870117,-3.1484375,75.93783487908387
30,human,2,Human,0.8719775788863962,23.87364387512207,-3.078125,75.09276730792045
30,human,3,Human,0.8036690138120796,18.4671630859375,-2.958984375,69.10488183802346
30,human,4,Human,0.9558217824911888,40.448089599609375,-3.78125,74.56247736046862
30,human,5,Human,0.9285714285714286,24.646453857421875,-3.173828125,76.52222816030894
30,human,6,Human,0.8700882534505803,23.54458236694336,-3.15234375,74.84688220935331
30,human,7,Human,0.847443334225191,23.451581954956055,-3.19140625,73.21207146270987
30,human,8,Human,0.8424354149223807,18.029272079467773,-2.841796875,73.0972505816713
31,human,0,Human,0.8359154769425489,20.952932357788086,-3.013671875,72.44596562452139
31,human,1,Human,0.9358401161679851,27.77784538269043,-3.404296875,76.07054888905186
31,human,2,Human,0.9116120556432458,19.14461898803711,-2.921875,76.58015590875843
31,human,3,Human,0.9250477477526833,21.655263900756836,-3.099609375,76.55073794651135
31,human,4,Human,0.8951117621637853,18.521053314208984,-3.001953125,76.03306033081427
31,human,5,Human,0.8878184585681166,28.21522331237793,-3.326171875,75.48858800242336
31,human,6,Human,0.9277236044357767,22.088603973388672,-3.1171875,76.53981170932599
31,human,7,Human,0.9085458405018352,34.01085662841797,-3.533203125,75.6381859624269
31,human,8,Human,0.8680108476908653,23.30519676208496,-3.16796875,74.68773308139583
31,human,9,Human,0.8942796661399259,24.561525344848633,-3.142578125,76.01331503295096
31,human,10,Human,0.8845303391911976,45.90351486206055,-3.83984375,73.62468668144024
31,human,11,Human,0.8154028549674154,28.7749080657959,-3.365234375,69.99015733011187
32,human,0,Human,0.9174202243283193,35.77252960205078,-3.583984375,75.61588372441977
32,human,1,Human,0.9653846153846154,31.81847381591797,-3.48046875,75.21296157080324
32,human,2,Human,0.854613174290517,24.747182846069336,-3.23046875,73.72146781281482
32,human,3,Human,0.8850595735927764,21.621305465698242,-3.0703125,75.67897664369339
32,human,4,Human,0.946236559139785,22.092727661132812,-3.119140625,76.35045606078921
33,human,0,Human,0.8729349987652234,25.63865852355957,-3.24609375,74.88973652933844
33,human,1,Human,0.7680457146878793,13.989678382873535,-2.638671875,64.66699761192241
33,human,2,Human,0.8708362267424624,27.24845314025879,-3.328125,74.6341431144804
33,human,3,Human,0.9177838756401671,29.962854385375977,-3.349609375,76.21672598019636
33,human,4,Human,0.9564465408805032,31.928943634033203,-3.447265625,75.6045713593068
33,human,5,Human,0.8917006807600983,17.8385009765625,-2.837890625,76.08664751661112
34,human,0,Human,0.8046310095490424,20.625253677368164,-3.015625,69.232851790807
34,human,1,Human,0.6310346010081959,8.078198432922363,-2.0546875,43.03966391118448
34,human,2,Human,0.8411843378776968,18.76051902770996,-2.814453125,73.0561486972472
34,human,3,Human,0.7693245395228231,15.124760627746582,-2.71875,64.85335287486821
34,human,4,Human,0.9329039184111647,20.888242721557617,-3.03515625,76.60960838553805
35,human,0,Human,0.7799052641234209,20.216466903686523,-3.052734375,66.12970511648294
35,human,1,Human,0.90831351689612,57.01206970214844,-4.015625,73.00312809954761
35,human,2,Human,0.8749158563031725,11.235149383544922,-2.509765625,75.16245095951678
35,human,3,Human,0.9166374501992032,20.218645095825195,-3.029296875,76.5478530296547
35,human,4,Human,0.911310487734806,37.46065139770508,-3.646484375,75.33080983703577
35,human,5,Human,0.9263616174292473,19.545116424560547,-3.056640625,76.5339876632973
35,human,6,Human,0.8130996002320187,46.16864776611328,-3.919921875,67.82213797327017
35,human,7,Human,0.9608173978252719,52.162750244140625,-3.974609375,73.1451805517143
35,human,8,Human,0.8513484598662598,13.926730155944824,-2.630859375,73.75528038448688
35,human,9,Human,0.9097292258523092,30.394222259521484,-3.470703125,75.81935694030226
35,human,10,Human,0.9785714285714285,52.50919723510742,-4.01953125,72.19650597231919
35,human,11,Human,0.9690265486725663,35.52427291870117,-3.5703125,74.80967855583862
35,human,12,Human,0.9302427911536072,54.55229949951172,-4.0546875,73.25780832137147
35,human,13,Human,0.9174614193704788,17.02495002746582,-2.896484375,76.5830935334834
35,human,14,Human,0.9331431361676832,25.70801544189453,-3.322265625,76.2338674552807
35,human,15,Human,0.919088506870112,20.92767906188965,-3.05859375,76.55636558406623
35,human,16,Human,0.9577713667508114,56.67280197143555,-4.07421875,72.53370863557126
35,human,17,Human,0.8908608227447549,28.434173583984375,-3.388671875,75.46937160931148
35,human,18,Human,0.871476297358522,37.01942825317383,-3.625,73.93054111932086
35,human,19,Human,0.9147520545505432,16.25284767150879,-2.84765625,76.56592355194448
35,human,20,Human,0.9021665743345937,40.45369338989258,-3.740234375,74.78232132944247
35,human,21,Human,0.8899934106000825,19.281307220458984,-3.001953125,75.88578524675967
35,human,22,Human,0.9342747958864659,35.815982818603516,-3.6015625,75.59190436742773
35,human,23,Human,0.9509803921568627,21.57465362548828,-3.15234375,76.16762517023602
35,human,24,Human,0.8810858640886969,26.05904769897461,-3.248046875,75.3147765419863
35,human,25,Human,0.86612973819698,16.565338134765625,-2.826171875,74.76781720716022
35,human,26,Human,0.9483671668137688,53.871028900146484,-4.0390625,73.14164647298944
35,human,27,Human,0.9667774086378738,28.406728744506836,-3.37890625,75.37434874075191
35,human,28,Human,0.9449774497744977,27.60264778137207,-3.369140625,76.02496192282821
35,human,29,Human,0.9819819819819819,34.608306884765625,-3.5859375,74.14222764261942
35,human,30,Human,0.9038125629038601,34.67546844482422,-3.5390625,75.51398861909708
35,human,31,Human,0.9681412592685685,39.55266571044922,-3.68359375,74.44554072066794
35,human,32,Human,0.9327285748388637,40.299015045166016,-3.703125,75.21016404146481
35,human,33,Human,0.9637305699481865,37.352783203125,-3.64453125,74.78564139714656
36,human,0,Human,0.8638298979294541,14.674796104431152,-2.56640625,74.70815978592415
36,human,1,Human,0.8628657448251966,17.81467056274414,-2.865234375,74.58368987319089
36,human,2,Human,0.8832462861791744,11.918959617614746,-2.4375,75.63731849601824
36,human,3,Human,0.9560823940924991,24.302255630493164,-3.177734375,76.07692433873108
36,human,4,Human,0.82614450553569,18.455564498901367,-2.87109375,71.60635342101776
37,human,0,Human,0.926900054416833,30.342121124267578,-3.482421875,75.94924648745817
37,human,1,Human,0.905688622754491,11.504143714904785,-2.455078125,76.3658686902571
37,human,2,Human,0.8003887113549689,13.289011001586914,-2.623046875,68.75636901257361
37,human,3,Human,0.9724770642201835,37.809173583984375,-3.716796875,74.20012210899397
37,human,4,Human,0.9068565424763978,13.481629371643066,-2.642578125,76.44270255162215
37,human,5,Human,0.9579462591149736,40.611392974853516,-3.73046875,74.64796362843127
37,human,6,Human,0.8732935401417451,25.663721084594727,-3.26953125,74.86231087853608
37,human,7,Human,0.8813301194198528,22.278152465820312,-3.130859375,75.4332304122954
37,human,8,Human,0.9439252336448598,30.913673400878906,-3.451171875,75.8874708917741
37,human,9,Human,0.9242694226657163,54.94068908691406,-4.05859375,73.2120660153759
38,human,0,Human,0.9248577141978157,25.595428466796875,-3.28515625,76.32545566550586
38,human,1,Human,0.9826839826839827,76.08251953125,-4.34765625,68.36471045151725
38,human,2,Human,0.9954128440366973,42.93864822387695,-3.748046875,72.63576023431055
38,human,3,Human,0.9035845778891981,29.07257080078125,-3.404296875,75.83660142840459
38,human,4,Human,0.8975581916758388,44.66194152832031,-3.841796875,74.16708588085723
39,human,0,Human,0.9053177534294735,39.6522331237793,-3.7109375,74.97142144773292
39,human,1,Human,0.8888943464576442,20.182662963867188,-3.04296875,75.8219134349744
39,human,2,Human,0.9495398286258331,17.61160659790039,-2.87890625,76.42795738311071
39,human,3,Human,0.9580152671755725,26.804819107055664,-3.302734375,75.83090316770674
39,human,4,Human,0.9277849740932642,36.15751266479492,-3.59765625,75.62314570360319
39,human,5,Human,0.9395931928913459,26.009794235229492,-3.314453125,76.1973697949671
39,human,6,Human,0.7480619962234791,20.32069206237793,-3.025390625,61.7582572604749
39,human,7,Human,0.9675675675675676,50.73286819458008,-3.93359375,73.13109846786593
39,human,8,Human,0.86583604189238,46.08734893798828,-3.859375,72.55855884775937
39,human,9,Human,0.882906717804761,53.21784973144531,-4.03125,72.43356332579516
39,human,10,Human,0.8740960097110675,18.46440315246582,-2.927734375,75.21101271060547
39,human,11,Human,0.7733043913689599,15.904040336608887,-2.798828125,65.36501572238198
39,human,12,Human,0.9323455409561084,27.89555549621582,-3.392578125,76.12484247470245
39,human,13,Human,0.9144725809156464,34.256553649902344,-3.548828125,75.69203055420242
39,human,14,Human,0.9512948443810881,15.6906156539917,-2.705078125,76.44942010393594
39,human,15,Human,0.9314135140222096,35.912071228027344,-3.6171875,75.56355382939344
39,human,16,Human,0.9078748934496099,20.641630172729492,-3.021484375,76.44105688490002
39,human,17,Human,0.8287630668179193,16.252735137939453,-2.79296875,71.82696563352859
39,human,18,Human,0.939366673439178,35.76060485839844,-3.5703125,75.62793332459532
39,human,19,Human,0.943472048451085,24.586227416992188,-3.220703125,76.29616200261937
39,human,20,Human,0.9549051342672363,16.085466384887695,-2.787109375,76.30525061776878
39,human,21,Human,0.9078178791128168,29.446435928344727,-3.392578125,75.96324411372339
40,human,0,Human,0.8347516769827857,32.12446975708008,-3.484375,71.63217989717863
40,human,1,Human,0.8611462334295552,21.96845817565918,-3.064453125,74.38262753560319
40,human,2,Human,0.8291934947346356,13.758881568908691,-2.5859375,71.87233955046433
40,human,3,Human,0.8526739609707541,16.945964813232422,-2.82421875,73.87100682879552
40,human,4,Human,0.917800537601343,27.912334442138672,-3.380859375,76.11908925262127
41,human,0,Human,0.9051639505203221,26.76317596435547,-3.291015625,76.08933613936013
41,human,1,Human,0.9241613290047089,12.95845890045166,-2.5859375,76.6525215967099
41,human,2,Human,0.9791666666666666,30.25242042541504,-3.396484375,74.77838704447332
41,human,3,Human,0.9537599141272587,21.5302734375,-3.03125,76.29504312883932
41,human,4,Human,0.8482989066578306,27.912933349609375,-3.3671875,73.02317595090183
41,human,5,Human,0.8346259864346017,21.528860092163086,-3.1171875,72.18739352021184
41,human,6,Human,0.8127745893787293,27.38319206237793,-3.3046875,69.8200627451212
42,human,0,Human,0.9200777819421887,16.817222595214844,-2.79296875,76.70741271943261
42,human,1,Human,0.7850918655459643,21.429492950439453,-3.1015625,66.76839679456664
42,human,2,Human,0.8378490091011253,19.699119567871094,-3.01953125,72.55471611806786
42,human,3,Human,0.75934544352556,16.94855499267578,-2.841796875,63.455172556979846
42,human,4,Human,0.7293021478061296,9.713050842285156,-2.279296875,58.82065391506692
42,human,5,Human,0.751998356342634,22.607379913330078,-3.173828125,62.171310220413815
42,human,6,Human,0.9302829318940594,71.28765869140625,-4.32421875,70.57733349487125
42,human,7,Human,0.9282171333895471,39.55286407470703,-3.66796875,75.35039444259034
42,human,8,Human,0.9255813953488372,12.619612693786621,-2.568359375,76.64258853398526
42,human,9,Human,0.8400296351394868,18.32998275756836,-2.955078125,72.77098019940391
42,human,10,Human,0.9086326615068275,21.26583480834961,-3.013671875,76.49322984072604
42,human,11,Human,0.8795977556560506,39.83626937866211,-3.669921875,74.16397342543837
42,human,12,Human,0.6686297868761898,13.87767219543457,-2.71484375,49.35518470284598
42,human,13,Human,0.9667029991913084,26.30513572692871,-3.27734375,75.56109412387258
42,human,14,Human,0.8735400559227315,29.578105926513672,-3.45703125,74.51901414898884
42,human,15,Human,0.8710328502255531,21.14560317993164,-3.091796875,74.91882885634531
42,human,16,Human,0.878966162408493,19.948312759399414,-3.048828125,75.36067135803017
42,human,17,Human,0.9306331755942205,40.774864196777344,-3.724609375,75.1403561725459
42,human,18,Human,0.9063958414162023,63.99102783203125,-4.18359375,71.68588752249273
42,human,19,Human,0.7359287113268216,14.889832496643066,-2.720703125,60.02842343679997
42,human,20,Human,0.8705574866498553,25.203296661376953,-3.240234375,74.75584788954089
42,human,21,Human,0.8944608300478527,25.283227920532227,-3.275390625,75.78299900935313
42,human,22,Human,0.8859580038311646,18.45889663696289,-3.001953125,75.68343409115913
42,human,23,Human,0.8946055522519699,23.797855377197266,-3.220703125,75.85538252349515
42,human,24,Human,0.9287866772402855,26.15036392211914,-3.259765625,76.39340732281843
42,human,25,Human,0.8644639131626884,17.76894760131836,-2.87109375,74.6774794465159
42,human,26,Human,0.9564190639759554,21.95109748840332,-3.0703125,76.17387971579788
42,human,27,Human,0.8747740557372469,28.71612548828125,-3.361328125,74.80272186501857
42,human,28,Human,0.9358497682810514,23.310754776000977,-3.119140625,76.54147038380397
42,human,29,Human,0.953307392996109,20.505449295043945,-2.984375,76.33416985111943
42,human,30,Human,0.855947414386628,24.89979362487793,-3.2265625,73.8297594011001
42,human,31,Human,0.8904473982361502,23.115909576416016,-3.15234375,75.81249814464135
42,human,32,Human,0.9783549783549783,17.100839614868164,-2.8359375,75.36825112421691
43,human,0,Human,0.878784761915,18.65999412536621,-2.931640625,75.45903575529708
43,human,1,Human,0.8871114713774597,22.45484161376953,-3.154296875,75.65362900505613
43,human,2,Human,0.9005908003493539,31.743995666503906,-3.49609375,75.5521518237962
43,human,3,Human,0.8981124713456567,18.0688533782959,-2.93359375,76.19963780674007
43,human,4,Human,0.976,22.949016571044922,-3.09765625,75.38552832188037
43,human,5,Human,0.8863778778652506,28.427799224853516,-3.375,75.32251220337604
43,human,6,Human,0.920946997624314,39.79301071166992,-3.697265625,75.23737276098099
43,human,7,Human,0.8994326241134752,22.636493682861328,-3.138671875,76.12034173265576
43,human,8,Human,0.8994084824515883,16.147226333618164,-2.76953125,76.31701087322418
44,human,0,Human,0.8634488124131176,27.785991668701172,-3.20703125,74.44324814547713
44,human,1,Human,0.8691798938521973,26.359315872192383,-3.26953125,74.64418290861656
44,human,2,Human,0.8455804332437574,14.537751197814941,-2.556640625,73.37798781766435
44,human,3,Human,0.8958552105186004,31.223848342895508,-3.478515625,75.45282675624865
44,human,4,Human,0.8883338502278312,17.806528091430664,-2.83203125,75.96198726858073
45,human,0,Human,0.9929078014184397,20.364288330078125,-2.861328125,74.6424596359395
45,human,1,Human,0.7263646922183506,14.956598281860352,-2.6640625,58.61770178072475
45,human,2,Human,0.6945848469630663,11.95277214050293,-2.37109375,53.53466642019776
45,human,3,Human,0.8427310513223623,12.573721885681152,-2.583984375,73.00836602245283
45,human,4,Human,0.9186511610681085,21.803590774536133,-3.1015625,76.51709421857723
45,human,5,Human,0.872983691059215,18.324066162109375,-2.857421875,75.2272922503667
45,human,6,Human,0.8984011191110691,13.152097702026367,-2.591796875,76.23468849540149
45,human,7,Human,0.8892191815742687,12.255631446838379,-2.4921875,75.89912572792575
45,human,8,Human,0.8616011879633058,25.65203094482422,-3.27734375,74.13627822658421
45,human,9,Human,0.7697255369679582,19.726350784301758,-2.96875,64.87557875736726
46,human,0,Human,0.8514034122179416,29.633960723876953,-3.34765625,73.33027556629004
46,human,1,Human,0.7810830997754565,16.903362274169922,-2.748046875,66.49232944277203
46,human,2,Human,0.9113430004065592,19.680286407470703,-2.935546875,76.58281790873515
46,human,3,Human,0.9379908376963351,12.95188045501709,-2.54296875,76.6167392161757
46,human,4,Human,0.9166005338720151,21.718059539794922,-3.056640625,76.5665373896511
46,human,5,Human,0.9714285714285714,19.069984436035156,-2.9375,75.68166061016481
47,human,0,Human,0.8249910989793496,23.135581970214844,-3.125,71.32093225979729
47,human,1,Human,0.8553816164086079,20.5310001373291,-3.013671875,74.00308168423929
47,human,2,Human,0.9075090539913729,13.693717956542969,-2.58984375,76.49911819433153
47,human,3,Human,0.9275788853896091,14.113303184509277,-2.681640625,76.67220305002147
47,human,4,Human,0.8825310921984462,14.764652252197266,-2.712890625,75.65407105244212
47,human,5,Human,0.9271646711782058,6.276016712188721,-1.837890625,75.98415187021146
47,human,6,Human,0.860891068359948,10.44687557220459,-2.353515625,74.28810344509665
47,human,7,Human,0.7792899971447607,13.136995315551758,-2.572265625,66.15449515525624
47,human,8,Human,0.9120792077410207,21.628870010375977,-3.076171875,76.47106649331943
47,human,9,Human,0.8712946962372323,17.643056869506836,-2.94140625,74.99644529873444
47,human,10,Human,0.8817984046410443,12.427571296691895,-2.52734375,75.58036268123043
47,human,11,Human,0.976,33.23588562011719,-3.478515625,74.74690263032116
48,human,0,Human,0.6746970135128029,17.827884674072266,-2.755859375,50.51811314074847
48,human,1,Human,0.9044228915823337,22.73952865600586,-3.01953125,76.449310141994
48,human,2,Human,0.9449138078170336,12.29450511932373,-2.482421875,76.49262258466668
48,human,3,Human,0.7544312478865263,23.40188980102539,-3.166015625,62.56327593230608
48,human,4,Human,0.9320743287404818,25.207212448120117,-3.24609375,76.38692780410219
48,human,5,Human,0.8850320960266519,35.103851318359375,-3.4921875,74.99486805967122
48,human,6,Human,0.7895097152860857,22.572214126586914,-3.017578125,67.50036327714652
48,human,7,Human,0.8778607925980163,18.935007095336914,-2.875,75.4950620562696
48,human,8,Human,0.8763637271118214,24.618064880371094,-3.162109375,75.20767101856137
48,human,9,Human,0.8268767938633225,16.68536949157715,-2.724609375,71.72954426532796
49,human,0,Human,0.8762584323119919,15.721639633178711,-2.763671875,75.35951082689537
49,human,1,Human,0.8627279518411499,10.660223960876465,-2.38671875,74.42335185356923
49,human,2,Human,0.8524506897233293,20.93359375,-3.115234375,73.64239489270099
49,human,3,Human,0.8228316986937676,16.788530349731445,-2.85546875,71.21054487939509
49,human,4,Human,0.8149458604671872,25.135372161865234,-3.2578125,70.10004337805915
49,human,5,Human,0.9186503984974411,23.596115112304688,-3.087890625,76.60303517068509
50,human,0,Human,0.8668650745211968,35.682804107666016,-3.5546875,73.87258329110043
50,human,1,Human,0.9094560520001785,26.21697235107422,-3.22265625,76.30560381082023
50,human,2,Human,0.8851554533192799,19.706932067871094,-3.021484375,75.6787538701912
50,human,3,Human,0.9215847301856003,24.538089752197266,-3.13671875,76.5702325938615
50,human,4,Human,0.9771267661298291,29.79585838317871,-3.447265625,74.75751361311117
50,human,5,Human,0.8778354468504254,23.15374183654785,-3.12890625,75.29676916570303
51,human,0,Human,0.8718360071301248,15.785486221313477,-2.755859375,75.12996064974539
51,human,1,Human,0.9537743944027633,19.942420959472656,-2.97265625,76.31349148240491
51,human,2,Human,0.7996085016475972,13.881186485290527,-2.576171875,68.7262511012599
51,human,3,Human,0.8057392973402601,19.238637924194336,-2.994140625,69.32889623185886
51,human,4,Human,0.9169948391505278,34.68381881713867,-3.53515625,75.75500583033336
51,human,5,Human,0.8545901430549646,20.230501174926758,-3.05078125,73.87636891171913
51,human,6,Human,0.8454249353964842,30.4980411529541,-3.400390625,72.74745129732767
51,human,7,Human,0.8243454298626692,17.364545822143555,-2.904296875,71.33499651999725
51,human,8,Human,0.937144642398874,11.65597152709961,-2.47265625,76.56344779904212
52,human,0,Human,0.8413875343474942,17.752792358398438,-2.919921875,72.90367927365327
52,human,1,Human,0.8781848177207401,26.31536102294922,-3.27734375,75.11902043599099
52,human,2,Human,0.8625597705597704,17.59609031677246,-2.89453125,74.51840118278449
52,human,3,Human,0.8846808787683805,15.221526145935059,-2.650390625,75.8215859293553
52,human,4,Human,0.9589360398518874,22.291318893432617,-3.07421875,76.10150225784867
52,human,5,Human,0.9080978182754309,20.294095993041992,-2.94921875,76.53282028102191
52,human,6,Human,0.8659800927042307,16.24945831298828,-2.70703125,74.84888916705337
52,human,7,Human,0.9330627385011871,28.212223052978516,-3.34765625,76.22885617350798
52,human,8,Human,0.8519065618021333,23.220108032226562,-3.060546875,73.77719207128331
52,human,9,Human,0.8752572882976994,15.790568351745605,-2.72265625,75.34558214220195
53,human,0,Human,0.9430967111690003,16.355276107788086,-2.61328125,76.71576815780139
53,human,1,Human,0.9184505606523956,23.80953025817871,-2.90234375,76.87436913205208
53,human,2,Human,0.8152824313138082,24.823822021484375,-3.1875,70.26525085567417
53,human,3,Human,0.8793374653974191,12.799813270568848,-2.544921875,75.47995464319568
53,human,4,Human,0.857477405606206,16.879375457763672,-2.77734375,74.2611539471058
53,human,5,Human,0.7812440967142229,26.472776412963867,-3.24609375,66.16289711681961
54,human,0,Human,0.9649122807017544,24.960866928100586,-3.22265625,75.70871525740553
54,human,1,Human,0.9349398235627865,27.528125762939453,-3.333984375,76.23462205389501
54,human,2,Human,0.9094085265570809,21.12828254699707,-3.09765625,76.36996873165566
54,human,3,Human,0.9333333333333333,44.04938888549805,-3.80078125,74.76459242331546
54,human,4,Human,0.953099730458221,29.87726593017578,-3.44921875,75.68328488027393
55,human,0,Human,0.8521041631093736,17.187437057495117,-2.826171875,73.83910573582037
55,human,1,Human,0.9168940709501364,18.371700286865234,-2.8671875,76.6802256499116
55,human,2,Human,0.8659005209770643,18.487974166870117,-2.87109375,74.80360263313801
55,human,3,Human,0.9115714363838842,23.59554672241211,-3.099609375,76.49406874184544
55,human,4,Human,0.8441388199641854,13.116571426391602,-2.5390625,73.17970155264909
55,human,5,Human,0.9741379310344828,52.31713104248047,-3.908203125,72.80980289719976
55,human,6,Human,0.7767800364421968,13.015546798706055,-2.509765625,65.84157150343859
56,human,0,Human,0.9076473565702146,29.330768585205078,-3.33203125,76.09615313231411
56,human,1,Human,0.9516277522045367,45.20497131347656,-3.84765625,74.27273624534259
56,human,2,Human,0.8727155886928879,13.999944686889648,-2.65234375,75.15266027398229
56,human,3,Human,0.9093140870211353,28.095842361450195,-3.337890625,76.09865313311461
56,human,4,Human,0.8802988147131627,17.861146926879883,-2.953125,75.46538624962491
56,human,5,Human,0.918915392243854,19.849632263183594,-2.93359375,76.68845182348802
56,human,6,Human,0.8107024679298133,18.699729919433594,-2.900390625,69.98117706323349
56,human,7,Human,0.8492325905978255,24.02879524230957,-3.19921875,73.35604605741973
56,human,8,Human,0.7706264542084188,16.291908264160156,-2.78125,65.04241909482393
56,human,9,Human,0.8473651248992425,20.741844177246094,-3.017578125,73.39872878950915
56,human,10,Human,0.8571886504392865,17.357637405395508,-2.779296875,74.26427980490973
57,human,0,Human,0.966183574879227,34.12587356567383,-3.41015625,75.34823942976479
57,human,1,Human,0.8937759724625016,11.257889747619629,-2.38671875,76.01899603421512
57,human,2,Human,0.981042654028436,29.896255493164062,-3.322265625,74.84328838048559
57,human,3,Human,0.9863013698630136,19.685239791870117,-2.892578125,74.9891214581955
57,human,4,Human,0.9787234042553191,16.382516860961914,-2.615234375,75.48918694166574
57,human,5,Human,0.8999114882616576,15.384537696838379,-2.625,76.39586514990951
57,human,6,Human,0.8505506751211842,29.67300796508789,-3.3984375,73.14908997030355
58,human,0,Human,0.8962242004723817,22.171560287475586,-3.099609375,76.07314932656304
58,human,1,Human,0.8078563073959486,22.75051498413086,-3.138671875,69.47916121046421
58,human,2,Human,0.936257210722769,47.54067611694336,-3.947265625,74.08313756972731
58,human,3,Human,0.87392531440999,31.96942901611328,-3.435546875,74.60713676131913
58,human,4,Human,0.9073324738064622,17.887136459350586,-2.939453125,76.41736010765818
58,human,5,Human,0.9567099567099567,27.897558212280273,-3.265625,75.96984189183996
58,human,6,Human,0.8383224360653289,21.364458084106445,-3.0546875,72.61280365301079
58,human,7,Human,0.8572287411270462,18.545734405517578,-2.96484375,74.11379839076803
58,human,8,Human,0.7171827616416201,16.647188186645508,-2.751953125,57.22325807471907
58,human,9,Human,0.9326923076923077,30.480361938476562,-3.40234375,76.13102421836646
58,human,10,Human,0.8432953387081827,32.73157501220703,-3.34765625,72.70007410476246
58,human,11,Human,0.9447128287707998,20.816762924194336,-3.046875,76.44745097286705
58,human,12,Human,0.9387844254510921,25.3381404876709,-3.203125,76.41810956171825
58,human,13,Human,0.9819819819819819,37.75389099121094,-3.568359375,74.14294015682977
59,human,0,Human,0.9133544213651992,33.68100357055664,-3.4921875,75.82798584317759
59,human,1,Human,0.9203479447381887,29.65239906311035,-3.314453125,76.31318947584245
59,human,2,Human,0.8942223454825382,14.768271446228027,-2.66015625,76.16036368124303
59,human,3,Human,0.9794871794871794,28.388490676879883,-3.228515625,75.10338762951464
59,human,4,Human,0.8696008789583038,27.58521270751953,-3.23046875,74.77278242172258
59,human,5,Human,0.9150429921356174,27.672130584716797,-3.296875,76.27048984966827
60,human,0,Human,0.7509285099139525,19.299528121948242,-2.97265625,62.206264097942736
60,human,1,Human,0.5222980488465477,8.81935977935791,-2.19921875,28.159846614809695
60,human,2,Human,0.7513928882457482,11.862037658691406,-2.455078125,62.257739116292456
60,human,3,Human,0.8932977418656662,23.736074447631836,-3.224609375,75.80077329428364
60,human,4,Human,0.8220009637030136,14.572938919067383,-2.759765625,71.09661358600185
60,human,5,Human,0.9000962090521827,17.994050979614258,-2.90234375,76.2929373906048
60,human,6,Human,0.8235514158530655,24.463499069213867,-3.26953125,70.94485527512299
61,human,0,Human,0.867484575586693,18.34247398376465,-2.875,74.88928426668173
61,human,1,Human,0.910071699134199,22.65236473083496,-3.12109375,76.3999702254268
61,human,2,Human,0.8335580042581473,22.75295639038086,-3.130859375,72.11187472110309
61,human,3,Human,0.9033937198067633,30.606115341186523,-3.40625,75.84192583720801
61,human,4,Human,0.8879328542938513,17.827341079711914,-2.9140625,75.85250401138151
61,human,5,Human,0.8280155032689974,25.996397018432617,-3.259765625,71.4427227813459
62,human,0,Human,0.881116587943108,17.314701080322266,-2.828125,75.6252754960219
62,human,1,Human,0.9168371237336754,14.602387428283691,-2.6640625,76.65728260813158
62,human,2,Human,0.9168586137370883,28.7498779296875,-3.390625,76.09939453624207
62,human,3,Human,0.8767454393316197,14.02617073059082,-2.6796875,75.35194814326672
62,human,4,Human,0.922890103217972,22.512466430664062,-3.06640625,76.62976145520878
62,human,5,Human,0.8751405706939559,15.098092079162598,-2.70703125,75.31183454819154
62,human,6,Human,0.8196191238001477,16.998069763183594,-2.80078125,70.95252796927402
62,human,7,Human,0.8620787561233295,17.59046173095703,-2.845703125,74.54240526929279
63,human,0,Human,0.9198744198744199,45.34143829345703,-3.900390625,74.37240112527454
63,human,1,Human,0.836614097550342,16.63116455078125,-2.904296875,72.44978255980908
63,human,2,Human,0.8707544195838541,16.28209114074707,-2.697265625,75.1436172537805
63,human,3,Human,0.7658500785999646,28.920726776123047,-3.41015625,63.78412292700509
63,human,4,Human,0.9525013513579321,18.56257438659668,-2.96875,76.28883219842716
63,human,5,Human,0.8866741665812305,16.818283081054688,-2.859375,75.81275251829499
63,human,6,Human,0.7591717044860762,28.622488021850586,-3.373046875,62.93385076789829
63,human,7,Human,0.912099464010218,32.25157165527344,-3.4453125,75.92981556053483
64,human,0,Human,0.9020574650632766,15.606051445007324,-2.75,76.37667197510501
64,human,1,Human,0.7708680807245412,14.550951957702637,-2.669921875,65.0651040309804
64,human,2,Human,0.8066563583108007,18.043264389038086,-2.935546875,69.45484750061401
64,human,3,Human,0.8512670715859424,30.1368408203125,-3.435546875,73.1192191854401
64,human,4,Human,0.903026423873673,35.57847595214844,-3.6015625,75.3153273322864
65,human,0,Human,0.8826055232403229,19.13252067565918,-2.87890625,75.72849818168815
65,human,1,Human,0.8431813705974195,28.459442138671875,-3.35546875,72.6445748982621
65,human,2,Human,0.8689643055170896,24.592182159423828,-3.134765625,74.84422518557581
65,human,3,Human,0.9110847634963561,17.221223831176758,-2.7578125,76.65210274415465
65,human,4,Human,0.9243638265996271,20.739036560058594,-2.970703125,76.70915901863741
65,human,5,Human,0.9212113356029568,24.398534774780273,-3.228515625,76.39219975891427
66,human,0,Human,0.8611288779210314,20.904720306396484,-3.013671875,74.41763471331207
66,human,1,Human,0.990909090909091,21.554981231689453,-2.921875,74.74815534931989
66,human,2,Human,0.9323848404065863,17.180849075317383,-2.72265625,76.80220778322892
66,human,3,Human,0.7833344658388647,12.395630836486816,-2.490234375,66.6610092066908
66,human,4,Human,0.9434568102587103,24.212757110595703,-3.10546875,76.49577708350176
66,human,5,Human,0.7930593918867075,10.243476867675781,-2.279296875,67.74581693950863
67,human,0,Human,0.8446540072739281,19.76482582092285,-2.98828125,73.18048003780994
67,human,1,Human,0.9784172661870504,12.795767784118652,-2.490234375,75.3434255332369
67,human,2,Human,0.8153872533219463,15.249412536621094,-2.75390625,70.45648046567477
67,human,3,Human,0.9564051685446342,29.344701766967773,-3.373046875,75.76542722230933
67,human,4,Human,0.8975038067983196,12.185985565185547,-2.36328125,76.2038785594901
67,human,5,Human,0.8776015126459901,25.429702758789062,-3.216796875,75.19025520801662
68,human,0,Human,0.9009814402273244,30.214109420776367,-3.4375,75.70125937244873
68,human,1,Human,0.9380936960276338,18.77732276916504,-2.939453125,76.60692001377505
68,human,2,Human,0.8985419068924656,23.95801544189453,-3.169921875,76.08174277187163
68,human,3,Human,0.8795762622114935,40.52604293823242,-3.7109375,74.0210920613263
68,human,4,Human,0.9017369965394659,23.231487274169922,-3.134765625,76.21139659052469
68,human,5,Human,0.8757939994876899,32.213863372802734,-3.478515625,74.60087554364165
68,human,6,Human,0.8926772264707727,18.262453079223633,-2.826171875,76.15556720644507
68,human,7,Human,0.9507873346257185,26.539794921875,-3.228515625,76.1800786838996
68,human,8,Human,0.8755210111328986,30.587804794311523,-3.36328125,74.85723422794212
69,human,0,Human,0.8546170179034094,24.979822158813477,-3.169921875,73.84388704276705
69,human,1,Human,0.9516797998426598,50.40709686279297,-3.921875,73.72048920628461
69,human,2,Human,0.909732712401675,29.412891387939453,-3.400390625,75.98127941798295
69,human,3,Human,0.9787234042553191,44.20724868774414,-3.7265625,73.64787405836977
69,human,4,Human,0.9201681475941499,16.767473220825195,-2.78515625,76.71287638555602
70,human,0,Human,0.8558063225379318,15.279531478881836,-2.73828125,74.08800389715175
70,human,1,Human,0.9682539682539683,35.721458435058594,-3.525390625,74.95953978225877
70,human,2,Human,0.9326779221228735,32.47809600830078,-3.44140625,76.04383361439525
70,human,3,Human,0.946583761463485,36.210227966308594,-3.578125,75.48299808570547
70,human,4,Human,0.8999653859466944,28.619281768798828,-3.328125,75.90884638527491
70,human,5,Human,0.9658119658119658,27.72833251953125,-3.322265625,75.5292378960774
70,human,6,Human,0.9072087348800671,21.14543914794922,-3.021484375,76.44817787752139
70,human,7,Human,0.9373131353398445,29.45639419555664,-3.373046875,76.15293568960013
70,human,8,Human,0.8339341577346336,15.935905456542969,-2.796875,72.28817914778622
70,human,9,Human,0.9644282862845737,47.646793365478516,-3.873046875,73.65332592757171
70,human,10,Human,0.9757991948851528,35.496036529541016,-3.599609375,74.41841907635717
70,human,11,Human,0.9757085020242915,31.614418029785156,-3.412109375,74.92472336102075
70,human,12,Human,0.9414965504325246,37.83179473876953,-3.62890625,75.40060535540135
70,human,13,Human,0.8307947749011722,17.578426361083984,-2.8359375,72.04640597945921
70,human,14,Human,0.8490814127616056,52.167537689208984,-4.0234375,70.44443029566155
70,human,15,Human,0.9734513274336283,26.777122497558594,-3.3203125,75.18501206146728
70,human,16,Human,0.9082727676218479,27.718107223510742,-3.2578125,76.24300083566489
70,human,17,Human,0.9135833186737252,38.45994186401367,-3.6171875,75.42680222907418
71,human,0,Human,0.899689249362889,14.753483772277832,-2.693359375,76.30765652712262
71,human,1,Human,0.8915001160855937,18.25765609741211,-2.900390625,76.02890299527316
71,human,2,Human,0.8663109159024927,16.840730667114258,-2.767578125,74.85093041526076
71,human,3,Human,0.9121119467940277,27.681856155395508,-3.31640625,76.18696068397217
71,human,4,Human,0.7574429766979708,19.659042358398438,-2.97265625,63.15810616926134
72,human,0,Human,0.9160101142707788,27.54861831665039,-3.33984375,76.18654464773189
72,human,1,Human,0.9538176049803957,41.410762786865234,-3.740234375,74.71296176660412
72,human,2,Human,0.8909630829452655,14.727880477905273,-2.708984375,76.00639969692347
72,human,3,Human,0.9097745648363486,19.60723304748535,-3.04296875,76.39956331343387
72,human,4,Human,0.9116261218961028,20.46912384033203,-3.01953125,76.50490086734692
72,human,5,Human,0.8034552501880166,14.796597480773926,-2.7109375,69.14521003514797
72,human,6,Human,0.8609809554303857,17.893043518066406,-2.88671875,74.43845699058272
73,human,0,Human,0.8185985349225826,15.480986595153809,-2.759765625,70.80163261679138
73,human,1,Human,0.8583344691853668,15.544116020202637,-2.71875,74.29746604125606
73,human,2,Human,0.9004258912779851,12.710249900817871,-2.51171875,76.29823800058148
73,human,3,Human,0.9572649572649573,18.848995208740234,-2.99609375,76.12867374769178
73,human,4,Human,0.8695972435644733,18.512239456176758,-2.9140625,74.97669373915194
73,human,5,Human,0.806217771021491,8.345988273620605,-2.123046875,69.10886464072537
74,human,0,Human,0.877313876424347,20.201562881469727,-3.064453125,75.26403470132003
74,human,1,Human,0.9438098846965842,20.528902053833008,-3.080078125,76.39830044333925
74,human,2,Human,0.8049707166098464,14.972624778747559,-2.720703125,69.32136821689194
74,human,3,Human,0.8009840168059683,24.653095245361328,-3.263671875,68.51511611248434
74,human,4,Human,0.953125,24.63076400756836,-3.212890625,76.10300462577743
74,human,5,Human,0.9698795180722891,35.17821502685547,-3.46875,75.04184333447184
74,human,6,Human,0.8815478571476805,19.564800262451172,-3.0390625,75.48298322161733
74,human,7,Human,0.8684006090550325,33.07429885864258,-3.501953125,74.12470235737435
74,human,8,Human,0.7488827761199974,17.789955139160156,-2.9375,61.88263056884252
74,human,9,Human,0.8802943600610573,23.697223663330078,-3.185546875,75.33330452002875
74,human,10,Human,0.8553370661355365,24.87436294555664,-3.26171875,73.71451869060304
74,human,11,Human,0.8451360116497496,26.537839889526367,-3.263671875,72.96828539679316
74,human,12,Human,0.9177689961175819,20.858840942382812,-3.0546875,76.5475696444918
74,human,13,Human,0.8490692588428068,45.46241760253906,-3.8515625,71.44032868366251
74,human,14,Human,0.8502582166107219,19.511281967163086,-2.95703125,73.65680708784053
74,human,15,Human,0.8842075729170652,19.61795425415039,-2.931640625,75.75834388137145
74,human,16,Human,0.7897864489216895,24.227188110351562,-3.1640625,67.34622176362592
74,human,17,Human,0.8372905881533498,34.84886932373047,-3.626953125,71.46474316953928
74,human,18,Human,0.7396282652537504,16.147119522094727,-2.798828125,60.58634741897894
74,human,19,Human,0.7281316324300461,8.667028427124023,-2.203125,58.54823032029054
74,human,20,Human,0.8721983826482944,51.190513610839844,-3.943359375,72.34085948169307
75,human,0,Human,0.8487206033399166,42.655155181884766,-3.70703125,71.9890234287205
75,human,1,Human,0.9498384347250846,63.125328063964844,-4.171875,71.78146433143014
75,human,2,Human,0.8380304525630742,43.67239761352539,-3.78515625,70.82160031155095
75,human,3,Human,0.973575938923236,35.856685638427734,-3.474609375,74.85129020886947
75,human,4,Human,0.862620882665396,23.324493408203125,-3.140625,74.39958183182655
75,human,5,Human,0.89704014517609,21.37227439880371,-3.01953125,76.19534942416979
75,human,6,Human,0.8823191711699316,31.763036727905273,-3.494140625,74.88267086488202
75,human,7,Human,0.8572569062852341,24.247528076171875,-3.140625,74.0648152546069
75,human,8,Human,0.8781307305044371,62.151756286621094,-4.12890625,71.05469653463324
75,human,9,Human,0.8269240379722527,16.759428024291992,-2.81640625,71.65434445273289
76,human,0,Human,0.9464093409437722,21.017562866210938,-3.01171875,76.47689368449645
76,human,1,Human,0.9192413498815176,22.81016731262207,-3.052734375,76.6384288269313
76,human,2,Human,0.9093879602865402,26.5671329498291,-3.26171875,76.23379806451553
76,human,3,Human,0.8421270024221775,12.6810884475708,-2.4765625,73.0045342058614
76,human,4,Human,0.8014048922890571,15.68016242980957,-2.697265625,68.9696025551226
76,human,5,Human,0.8238063750957734,11.308905601501465,-2.4296875,71.23908884811084
77,human,0,Human,0.8417021616745269,14.33461856842041,-2.69140625,72.96687129347096
77,human,1,Human,0.6960241824049622,7.473210334777832,-2.01171875,53.33014484539071
77,human,2,Human,0.9235968666720503,23.36545181274414,-3.091796875,76.62066935801502
77,human,3,Human,0.8034307960097239,28.109766006469727,-3.38671875,68.60617947033803
77,human,4,Human,0.9720930232558139,27.89940071105957,-3.3359375,75.23477155568018
77,human,5,Human,0.7847777612999587,22.252708435058594,-3.12890625,66.7128813474062
78,human,0,Human,0.9023908820344967,34.61388397216797,-3.431640625,75.75144054783222
78,human,1,Human,0.8870366489789661,18.51462745666504,-2.849609375,75.92542045422361
78,human,2,Human,0.9612403100775194,25.96575927734375,-3.142578125,76.01905306257868
78,human,3,Human,0.8967115903869822,19.921367645263672,-2.916015625,76.26610116921765
78,human,4,Human,0.9519346267244203,19.640920639038086,-2.876953125,76.47021366717618
79,human,0,Human,0.9672131147540983,20.719139099121094,-3.0,75.84990867812927
79,human,1,Human,0.8823895667053433,24.346466064453125,-3.26171875,75.3023291448028
79,human,2,Human,0.9285287081339713,16.77902603149414,-2.8515625,76.67097739913908
79,human,3,Human,0.9421738100876155,26.864458084106445,-3.3359375,76.13283365998056
79,human,4,Human,0.8777840164701478,14.772187232971191,-2.701171875,75.43436205088258
79,human,5,Human,0.8475152214984617,20.069133758544922,-3.017578125,73.38187094248302
79,human,6,Human,0.841764524402116,15.223383903503418,-2.7890625,72.94249530430847
79,human,7,Human,0.8511741003668456,15.674776077270508,-2.783203125,73.7286760440251
80,human,0,Human,0.9186964197334465,29.832984924316406,-3.373046875,76.17083680762336
80,human,1,Human,0.9625695894224078,41.595314025878906,-3.7265625,74.46943725810077
80,human,2,Human,0.7704702011538692,27.13762092590332,-3.1875,64.86197945515896
80,human,3,Human,0.9140333916511465,28.353065490722656,-3.24609375,76.37352533605659
80,human,4,Human,0.9177651961216218,30.402013778686523,-3.275390625,76.38076138697947
81,human,0,Human,0.9054714861560827,27.842985153198242,-3.240234375,76.22141789622562
81,human,1,Human,0.9161957810993918,20.988401412963867,-3.111328125,76.44315999146197
81,human,2,Human,0.8769860810529351,13.787424087524414,-2.658203125,75.36425984138278
81,human,3,Human,0.9214955477603886,14.533727645874023,-2.70703125,76.66158312995992
81,human,4,Human,0.8873696013268354,28.93265151977539,-3.359375,75.4064509914993
81,human,5,Human,0.901871992524166,16.376049041748047,-2.755859375,76.40979650813172
82,human,0,Human,0.9703703703703703,22.077131271362305,-3.171875,75.48668242401725
82,human,1,Human,0.9540816326530612,23.921110153198242,-3.1484375,76.17612572019962
82,human,2,Human,0.9313337757133379,18.803884506225586,-2.947265625,76.65007972332641
82,human,3,Human,0.887524655905171,21.591289520263672,-3.099609375,75.73351198029553
82,human,4,Human,0.8957379307230277,37.102256774902344,-3.59765625,75.09200523870507
82,human,5,Human,0.98125,26.998952865600586,-3.287109375,74.86467908183815
82,human,6,Human,0.7950049424686005,15.20848560333252,-2.740234375,68.14901041059814
82,human,7,Human,0.8741107302736837,14.192426681518555,-2.708984375,75.201001651386
82,human,8,Human,0.8316523752526342,15.518694877624512,-2.740234375,72.1057507264045
82,human,9,Human,0.8827822277847309,20.596521377563477,-3.076171875,75.52660205784387
82,human,10,Human,0.9629362481273929,19.8211669921875,-2.93359375,76.06759965513115
82,human,11,Human,0.8891401416611601,14.146220207214355,-2.720703125,75.89227812806801
82,human,12,Human,0.9047605548073308,12.650863647460938,-2.552734375,76.38984196040737
82,human,13,Human,0.8856789839402927,23.044696807861328,-3.17578125,75.5747715873157
82,human,14,Human,0.824792034697251,29.908395767211914,-3.4140625,70.8514207108669
82,human,15,Human,0.9135616728178847,22.53329086303711,-3.1015625,76.48506034137685
83,human,0,Human,0.8466124661246613,16.09929656982422,-2.787109375,73.39291225961915
83,human,1,Human,0.9168659991142637,32.65523147583008,-3.509765625,75.8304904341231
83,human,2,Human,0.9445394527521477,32.837589263916016,-3.482421875,75.80203523695867
83,human,3,Human,0.9250119419525571,14.544739723205566,-2.662109375,76.70908223666069
83,human,4,Human,0.8254056496662289,16.64353370666504,-2.841796875,71.4732390044476
83,human,5,Human,0.9368939370207118,27.78078842163086,-3.2578125,76.38358448742125
83,human,6,Human,0.9608938547486033,16.779949188232422,-2.775390625,76.16562278205227
83,human,7,Human,0.9235299669655498,18.105770111083984,-2.923828125,76.64763875788812
83,human,8,Human,0.7938888902526738,20.03696632385254,-3.01953125,67.93509814800034
84,human,0,Human,0.9216974246689605,21.72739028930664,-2.916015625,76.8089203708748
84,human,1,Human,0.9431654676258993,17.330480575561523,-2.73828125,76.6798968060115
84,human,2,Human,0.8508130333002875,18.020414352416992,-2.779296875,73.83040751507903
84,human,3,Human,0.8439051688899576,14.508563995361328,-2.6328125,73.20018463474632
84,human,4,Human,0.9031181442030262,11.2920503616333,-2.36328125,76.30076570288217
84,human,5,Human,0.9418941285001087,22.10131072998047,-3.033203125,76.565834785023
84,human,6,Human,0.9726775956284153,27.45876121520996,-3.2421875,75.39809060770494
84,human,7,Human,0.9160254405171515,13.833669662475586,-2.640625,76.6164961471626
84,human,8,Human,0.9734513274336283,25.365907669067383,-3.08203125,75.60742426539619
84,human,9,Human,0.9727272727272728,26.70767593383789,-3.1953125,75.4724510222116
84,human,10,Human,0.9435663627152989,21.421524047851562,-2.982421875,76.58740157613579
84,human,11,Human,0.9818181818181818,36.39834213256836,-3.423828125,74.54688337440297
84,human,12,Human,0.8559384372861135,18.080902099609375,-2.810546875,74.18213402668657
84,human,13,Human,0.8059624754951059,42.89530563354492,-3.666015625,67.9803078190014
85,human,0,Human,0.786838744355324,8.403125762939453,-2.078125,66.77083746377353
85,human,1,Human,0.9628881987577641,19.632394790649414,-2.921875,76.07585650695952
85,human,2,Human,0.69836853440133,20.07066535949707,-2.896484375,54.27144991789607
85,human,3,Human,0.3675733978040766,7.010471820831299,-1.78515625,15.516794743790886
85,human,4,Human,0.8275735540648195,22.723264694213867,-3.126953125,71.55519171829148
85,human,5,Human,0.8377983456765736,21.460813522338867,-2.91015625,72.77388661417605
86,human,0,Human,0.8631482417941525,23.405622482299805,-3.091796875,74.52042246002902
86,human,1,Human,0.901344696942299,48.28350830078125,-3.92578125,73.80401141985861
86,human,2,Human,0.7259887898860206,18.797761917114258,-2.904296875,58.53807933172691
86,human,3,Human,0.6968610042077569,14.76530647277832,-2.578125,54.0230111028089
86,human,4,Human,0.9064625850340136,19.09475326538086,-2.935546875,76.46287491836827
86,human,5,Human,0.8991514360313315,15.739116668701172,-2.68359375,76.3564096177351
86,human,6,Human,0.8646541060900622,32.34125518798828,-3.447265625,74.03256611323042
86,human,7,Human,0.8384708617234009,27.231281280517578,-3.201171875,72.54430247800767
86,human,8,Human,0.9630653380653381,43.447269439697266,-3.66796875,74.5510546238955
86,human,9,Human,0.9055416843909326,25.270771026611328,-3.146484375,76.34478715934506
86,human,10,Human,0.8950882279078528,20.082962036132812,-2.94140625,76.1880781310748
86,human,11,Human,0.9457881567973312,57.85751724243164,-3.892578125,73.35254651220626
86,human,12,Human,0.8999472293614075,46.52411651611328,-3.775390625,74.3515392261281
86,human,13,Human,0.9492663867991188,50.89484786987305,-3.88671875,73.86088044538364
86,human,14,Human,0.9309878552648053,29.44904136657715,-3.3203125,76.31606804432032
86,human,15,Human,0.8926918978879921,23.453763961791992,-3.103515625,75.991559288327
87,human,0,Human,0.8588683419416419,15.166275978088379,-2.73046875,74.3030884056961
87,human,1,Human,0.9119372160264354,22.162904739379883,-2.95703125,76.66607554670348
87,human,2,Human,0.8604342425609038,24.13697052001953,-3.05859375,74.41801221083026
87,human,3,Human,0.761192162496649,17.080768585205078,-2.73046875,63.82782531760716
87,human,4,Human,0.8876022141975138,21.312255859375,-2.89453125,76.02101328237468
88,human,0,Human,0.6164368513188015,3.7738468647003174,-1.341796875,39.67535079788368
88,human,1,Human,0.8699913274354041,19.243419647216797,-2.9453125,74.99439100711169
88,human,2,Human,0.8966378777081992,62.10829544067383,-4.109375,71.88861401344998
88,human,3,Human,0.9116674010291032,22.857431411743164,-3.12109375,76.43433084260104
88,human,4,Human,0.8511196741713676,17.889137268066406,-2.82421875,73.80291395827773
89,human,0,Human,0.9211110026994503,22.47967529296875,-3.056640625,76.63436307367427
89,human,1,Human,0.8890082597201643,44.43204879760742,-3.818359375,73.95277644238641
89,human,2,Human,0.9096445101997486,28.387407302856445,-3.32421875,76.13943560430671
89,human,3,Human,0.8299769542228566,21.90062713623047,-3.076171875,71.84010081357313
89,human,4,Human,0.8633079827851592,28.203594207763672,-3.322265625,74.20404530874515
89,human,5,Human,0.86578319809222,21.110198974609375,-3.013671875,74.72628271257689
89,human,6,Human,0.9286819751787931,30.22454833984375,-3.376953125,76.20252501457304
89,human,7,Human,0.8283649485622676,19.939809799194336,-3.009765625,71.70886879874257
89,human,8,Human,0.9106511337632618,39.535186767578125,-3.705078125,75.09889574225032
89,human,9,Human,0.9270417186616273,26.09000015258789,-3.185546875,76.53874879400549
89,human,10,Human,0.9063389756843766,14.587225914001465,-2.6484375,76.49561976032186
90,human,0,Human,0.931989875389408,15.161598205566406,-2.69921875,76.71043115274645
90,human,1,Human,0.9457881567973312,22.32855796813965,-2.984375,76.57910204277691
90,human,2,Human,0.8075259865540598,14.823410987854004,-2.724609375,69.59816270008
90,human,3,Human,0.7940369325527884,13.526097297668457,-2.6015625,68.02516348931809
90,human,4,Human,0.858991698349174,15.582714080810547,-2.712890625,74.34965548911605
91,human,0,Human,0.7229955873334312,11.832715034484863,-2.4921875,57.98403198311422
91,human,1,Human,0.9344059405940593,28.711162567138672,-3.353515625,76.2140301450147
91,human,2,Human,0.824910756985721,15.579485893249512,-2.71484375,71.48348771105893
91,human,3,Human,0.773702439477053,19.702972412109375,-2.91796875,65.47796680897498
91,human,4,Human,0.8949859846224855,31.290142059326172,-3.3671875,75.69219662900706
91,human,5,Human,0.8430324311528447,14.799239158630371,-2.7265625,73.07911930008447
92,human,0,Human,0.8772135535141315,20.194238662719727,-3.015625,75.33380240210508
92,human,1,Human,0.6549597363201427,12.885860443115234,-2.45703125,47.23103203805917
92,human,2,Human,0.8891083704340728,21.11550521850586,-3.009765625,75.9196019740893
92,human,3,Human,0.8585690970440938,32.82842254638672,-3.5078125,73.47629297408811
92,human,4,Human,0.8746778467490052,26.19939613342285,-3.25,74.9903580093351
92,human,5,Human,0.8892073788848518,29.27928924560547,-3.3359375,75.53702604719228
93,human,0,Human,0.8819095477386935,13.599822044372559,-2.5703125,75.64266803005283
93,human,1,Human,0.9329790464621925,17.54254913330078,-2.859375,76.68643749638686
93,human,2,Human,0.9090920448706836,30.946741104125977,-3.40234375,75.9774727578407
93,human,3,Human,0.9925373134328358,19.78266143798828,-2.9453125,74.53864101012684
93,human,4,Human,0.9533616795110285,28.22612953186035,-3.283203125,76.03437660184537
93,human,5,Human,0.927600498507376,17.734264373779297,-2.923828125,76.63614520553273
93,human,6,Human,0.8521588537704572,26.349870681762695,-3.27734375,73.48535672955222
93,human,7,Human,0.9049813125922482,22.653446197509766,-3.08203125,76.36150127635783
93,human,8,Human,0.8838006966259828,21.58062744140625,-3.099609375,75.57379498977363
93,human,9,Human,0.8752221338737041,30.767805099487305,-3.3671875,74.83363476083778
93,human,10,Human,0.931179902089914,21.418106079101562,-3.033203125,76.64250296208468
93,human,11,Human,0.8310387278465121,16.785663604736328,-2.794921875,72.0692712053798
93,human,12,Human,0.8908463584010933,25.347801208496094,-3.19140625,75.82236998769827
93,human,13,Human,0.8895284673086726,42.48263931274414,-3.6640625,74.52552567180803
94,human,0,Human,0.7424648758887592,21.911849975585938,-3.0078125,61.02420017283376
94,human,1,Human,0.8825783687077713,31.646869659423828,-3.3984375,75.12922838014843
94,human,2,Human,0.8727117121656951,15.28952693939209,-2.736328125,75.16736595540804
94,human,3,Human,0.9477024128247982,26.051599502563477,-3.232421875,76.23128157845666
94,human,4,Human,0.9129914295120426,34.94467544555664,-3.447265625,75.92546487051384
94,human,5,Human,0.9182943664304237,22.75016212463379,-3.056640625,76.62180926174895
95,human,0,Human,0.9421324629402964,27.72488784790039,-3.287109375,76.25540449274376
95,human,1,Human,0.9486230081974764,19.71584129333496,-3.029296875,76.34848115384705
95,human,2,Human,0.9320808414899141,44.79425811767578,-3.775390625,74.815897883234
95,human,3,Human,0.9084869616901052,21.239028930664062,-3.033203125,76.45999720628944
95,human,4,Human,0.9398883090725991,35.58989715576172,-3.580078125,75.59690872300216
95,human,5,Human,0.9673469387755103,24.787845611572266,-3.158203125,75.7288181612021
95,human,6,Human,0.9218467308553514,28.992822647094727,-3.375,76.17989088469476
95,human,7,Human,0.9906542056074766,26.380441665649414,-3.265625,74.34113116886142
95,human,8,Human,0.910598890160934,24.675609588623047,-3.197265625,76.33550501194439
95,human,9,Human,0.9743589743589743,31.755382537841797,-3.4453125,74.91031440358107
95,human,10,Human,0.9695652173913043,44.049766540527344,-3.693359375,74.1904855446857
95,human,11,Human,0.9628235294117646,22.215322494506836,-3.091796875,75.93574633234878
95,human,12,Human,0.9300004976857611,22.197193145751953,-3.15625,76.47115493830107
95,human,13,Human,0.9139631948396889,17.38682746887207,-2.8125,76.65308120739029
95,human,14,Human,0.9311639549436797,18.734621047973633,-2.923828125,76.67784945897782
95,human,15,Human,0.8756382370272403,38.01415252685547,-3.6328125,74.11628671388321
96,human,0,Human,0.9622641509433962,47.178428649902344,-3.84765625,73.84265316267306
96,human,1,Human,0.8437550580747325,12.994353294372559,-2.556640625,73.13307550302692
96,human,2,Human,0.8504250071861119,21.824342727661133,-3.048828125,73.63308108294352
96,human,3,Human,0.9172156509610893,26.893457412719727,-3.28515625,76.30558210604075
96,human,4,Human,0.9682926829268292,52.52351760864258,-3.962890625,72.87272317935647
97,human,0,Human,0.8561140547299244,24.592744827270508,-3.236328125,73.8136631491784
97,human,1,Human,0.927899169686361,19.61100196838379,-3.01171875,76.60579579822729
97,human,2,Human,0.8381786942892661,22.638086318969727,-3.048828125,72.65726687345861
97,human,3,Human,0.8917799587947807,30.61833381652832,-3.40234375,75.49481292286535
97,human,4,Human,0.9528133051159366,42.87262725830078,-3.75390625,74.64241547867034
97,human,5,Human,0.8525653523983414,31.204742431640625,-3.46875,73.14186589371432
97,human,6,Human,0.9471998465669351,30.97516632080078,-3.44140625,75.84983111212513
97,human,7,Human,0.828276252304107,22.085691452026367,-3.046875,71.73176441355304
97,human,8,Human,0.859294745902783,21.693269729614258,-3.08984375,74.2057132800139
98,human,0,Human,0.8650101052574617,17.257097244262695,-2.84765625,74.71184733646088
98,human,1,Human,0.918477074777295,27.40115737915039,-3.298828125,76.29892018739356
98,human,2,Human,0.9169108867904049,31.744184494018555,-3.2578125,76.41469619765142
98,human,3,Human,0.93626093926898,24.336227416992188,-3.107421875,76.58997573812819
98,human,4,Human,0.9131685867860253,20.86644744873047,-2.98046875,76.6019086521505
99,human,0,Human,0.896436375675114,36.85074234008789,-3.5234375,75.31879818565801
99,human,1,Human,0.8935253447691619,17.941495895385742,-2.845703125,76.14868654787756
99,human,2,Human,0.8661831892349188,13.896743774414062,-2.62109375,74.7814342661675
99,human,3,Human,0.8313750396951414,20.368467330932617,-3.048828125,71.95301829756997
99,human,4,Human,0.8587422264567142,33.37087631225586,-3.490234375,73.53174181296332
99,human,5,Human,0.8867245748601681,29.04270362854004,-3.3671875,75.36337828075551
99,human,6,Human,0.8912092158113707,21.998376846313477,-3.12890625,75.8427830022468
99,human,7,Human,0.9605053220553843,29.029903411865234,-3.330078125,75.72688831489995
99,human,8,Human,0.8180444034045287,19.13518524169922,-2.919921875,70.7627752925326
100,human,0,Human,0.8781401975787879,24.784027099609375,-3.19921875,75.2339933329742
100,human,1,Human,0.8714715474100053,35.16571044921875,-3.587890625,74.06067963557037
100,human,2,Human,0.9280138162360738,21.60854148864746,-3.115234375,76.52470737031489
100,human,3,Human,0.8624074525240467,32.47245788574219,-3.4609375,73.85395959132221
100,human,4,Human,0.7855728311278203,23.6961727142334,-3.130859375,66.86007125933635
100,human,5,Human,0.8624115490792023,22.48854637145996,-3.07421875,74.46970958018251
100,human,6,Human,0.8782435290100628,24.983610153198242,-3.240234375,75.1645236835748
100,human,7,Human,0.9429537521815009,18.868867874145508,-2.947265625,76.53430711295621
100,human,8,Human,0.8509987646906588,24.809419631958008,-3.2421875,73.43070838300461
100,human,9,Human,0.8924763676172718,28.59721565246582,-3.337890625,75.64663948298409
100,human,10,Human,0.9202859337101108,27.443098068237305,-3.341796875,76.22081064560092
100,human,11,Human,0.8729418736493217,17.43918800354004,-2.8828125,75.1512250737332
100,human,12,Human,0.9028598395469561,27.792015075683594,-3.328125,75.97338432671746
100,human,13,Human,0.886217506326202,33.411869049072266,-3.439453125,75.18989473008472
100,human,14,Human,0.904803569024864,20.31532859802246,-3.005859375,76.38361202833266
100,human,15,Human,0.8729374453497509,21.859905242919922,-3.16796875,74.92086023005413
100,human,16,Human,0.8476861113214027,27.375469207763672,-3.26171875,73.19396873578876
100,human,17,Human,0.7408408222390344,10.45385456085205,-2.29296875,60.61709036713481
100,human,18,Human,0.8758322111964283,20.48215675354004,-3.0390625,75.23912498389434
100,human,19,Human,0.7700205636220586,51.070159912109375,-3.8984375,62.30369668639193
100,human,20,Human,0.8970176159137649,24.870424270629883,-3.2421875,75.92300404302635
100,human,21,Human,0.9782021257431094,41.23411560058594,-3.70703125,73.85351490713967
100,human,22,Human,0.861672794117647,17.904720306396484,-2.8984375,74.47105937707013
100,human,23,Human,0.919598121340992,48.31630325317383,-3.908203125,74.17867339697632
100,human,24,Human,0.9707317073170731,27.391517639160156,-3.3203125,75.32135401369165
101,human,0,Human,0.8709510059062278,11.730500221252441,-2.494140625,74.98113246930733
101,human,1,Human,0.9370308590492077,11.792702674865723,-2.484375,76.57073188028546
101,human,2,Human,0.9609756097560975,29.29857635498047,-3.404296875,75.54443622231656
101,human,3,Human,0.871644826207492,9.850971221923828,-2.328125,74.91007815107152
101,human,4,Human,0.954337899543379,12.697689056396484,-2.59375,76.25817737344038
101,human,5,Human,0.8412811209494984,17.734167098999023,-2.947265625,72.85838565717047
101,human,6,Human,0.9641255605381166,29.48900604248047,-3.349609375,75.55870424838037
101,human,7,Human,0.9041862115385618,13.813105583190918,-2.57421875,76.4402692170706
102,human,0,Human,0.9671136106443537,20.959226608276367,-3.095703125,75.71474015218136
102,human,1,Human,0.6177933167110083,29.520132064819336,-3.38671875,40.88537492947681
102,human,2,Human,0.9821428571428571,17.29155158996582,-2.890625,75.1135848029774
102,human,3,Human,0.8926019227172648,13.09394645690918,-2.578125,76.04735639407981
102,human,4,Human,0.7762901698731709,29.104665756225586,-3.41015625,65.19874220928065
102,human,5,Human,0.891342429699136,21.61831283569336,-3.07421875,75.9252683380375
102,human,6,Human,0.8817573094985609,34.437538146972656,-3.572265625,74.64275762015859
102,human,7,Human,0.9270792634772851,40.06381607055664,-3.693359375,75.2616614560584
103,human,0,Human,0.9570016983171221,30.900131225585938,-3.330078125,75.85724190247421
103,human,1,Human,0.9474560681609139,42.99156951904297,-3.748046875,74.78183596765611
103,human,2,Human,0.9645964984978764,33.599178314208984,-3.453125,75.30914390256066
103,human,3,Human,0.8318785328040423,19.602190017700195,-2.990234375,72.05356397623385
103,human,4,Human,0.9582071870475188,18.5484561920166,-2.953125,76.14432827878224
103,human,5,Human,0.898235911445753,24.743059158325195,-3.166015625,76.1029941816413
103,human,6,Human,0.9034194693968419,30.688222885131836,-3.333984375,76.00863987828158
103,human,7,Human,0.9513831237691259,62.284610748291016,-4.1015625,72.08458330345888
103,human,8,Human,0.8494275701486417,7.936903476715088,-2.10546875,73.21563273220818
103,human,9,Human,0.9105475466517994,43.33994674682617,-3.677734375,75.04256032744011
103,human,10,Human,0.8464992042836756,21.484342575073242,-3.03125,73.33912576741237
103,human,11,Human,0.7875590134696148,12.674097061157227,-2.537109375,67.19984019720192
103,human,12,Human,0.9151946323544878,15.084424018859863,-2.71484375,76.62966138663089
104,human,0,Human,0.9824561403508771,16.217920303344727,-2.79296875,75.14365935344726
104,human,1,Human,0.9807692307692307,35.607120513916016,-3.51953125,74.37542330294868
104,human,2,Human,0.945,23.329313278198242,-3.125,76.40729937510132
104,human,3,Human,0.8926834494771652,27.395286560058594,-3.3046875,75.70677188413788
104,human,4,Human,0.8160271282705192,23.981430053710938,-3.119140625,70.44265264092566
105,human,0,Human,0.8232198901970169,24.76642608642578,-3.16796875,71.11874339362005
105,human,1,Human,0.8950358661842189,12.01380443572998,-2.455078125,76.10324579509616
105,human,2,Human,0.8059188918332971,12.040437698364258,-2.455078125,69.37834371562349
105,human,3,Human,0.8638332663117044,13.367210388183594,-2.5703125,74.62650302322092
105,human,4,Human,0.9167994795901773,10.746305465698242,-2.359375,76.50918654044585
105,human,5,Human,0.9638655008635578,19.586328506469727,-2.29296875,76.3837862329059
105,human,6,Human,0.8358187699054714,22.96952247619629,-3.150390625,72.28937948845315
106,human,0,Human,0.7617358747625492,13.5208101272583,-2.619140625,63.7754476630746
106,human,1,Human,0.8616308582993877,32.15282440185547,-3.42578125,73.88885837591162
106,human,2,Human,0.825797735419599,16.946224212646484,-2.8125,71.55852895607828
106,human,3,Human,0.9366277020396887,29.88274574279785,-3.59375,75.60552840470677
106,human,4,Human,0.8856670208801514,30.35272789001465,-3.439453125,75.16116911891932
106,human,5,Human,0.906166546784358,20.78636932373047,-3.076171875,76.32585689290113
107,human,0,Human,0.8688130232247878,16.066993713378906,-2.814453125,74.9152279557368
107,human,1,Human,0.8491296113955807,16.81598663330078,-2.728515625,73.68258524448697
107,human,2,Human,0.9031676772174587,20.819089889526367,-2.9609375,76.42867412473016
107,human,3,Human,0.8721080131979169,14.631978034973145,-2.7265625,75.1030024890653
107,human,4,Human,0.9474788538456494,18.490442276000977,-2.9453125,76.43468542359457
107,human,5,Human,0.9001415603483045,19.102420806884766,-2.931640625,76.3112927011974
108,human,0,Human,0.9023117314382242,32.460304260253906,-3.388671875,75.86160147067048
108,human,1,Human,0.8796063226372771,25.810535430908203,-3.23828125,75.25728830915732
108,human,2,Human,0.9230481533426834,36.08566665649414,-3.5703125,75.68992168544084
108,human,3,Human,0.8456134101895026,27.420318603515625,-3.26953125,73.01279065328248
108,human,4,Human,0.7817635550184743,14.601694107055664,-2.6875,66.49800841711145
108,human,5,Human,0.9257163120567375,16.726219177246094,-2.76171875,76.7571855579768
109,human,0,Human,0.8814700280608805,21.419679641723633,-3.048828125,75.54298652485315
109,human,1,Human,0.8382497541789576,20.082311630249023,-2.99609375,72.64118765510753
109,human,2,Human,0.9241168006516747,27.266584396362305,-3.255859375,76.42101736603907
109,human,3,Human,0.9269542286319155,34.14521789550781,-3.5234375,75.84501240761914
109,human,4,Human,0.8067978887563465,26.174055099487305,-3.2109375,69.32634971441233
109,human,5,Human,0.9460682291195367,16.7894344329834,-2.765625,76.57538502943996
109,human,6,Human,0.9428631251495573,23.654834747314453,-3.083984375,76.52405871899515
109,human,7,Human,0.8113889335066885,14.194031715393066,-2.673828125,70.02583358888832
109,human,8,Human,0.8605223790215036,16.233619689941406,-2.71875,74.48572856156787
109,human,9,Human,0.5874998675163541,16.387449264526367,-2.74609375,36.975437827080704
110,human,0,Human,0.9815950920245399,20.57441520690918,-2.94140625,75.23564383853876
110,human,1,Human,0.8760049294573512,34.0242805480957,-3.466796875,74.63587226268373
110,human,2,Human,0.9714285714285714,21.621976852416992,-2.712890625,76.02472914933831
110,human,3,Human,0.8964731413416079,25.50511360168457,-3.21484375,75.97673306654458
110,human,4,Human,0.9073061794357661,15.613852500915527,-2.63671875,76.58336657763111
110,human,5,Human,0.8699773133270671,19.710079193115234,-2.951171875,75.00712541042644
110,human,6,Human,0.8827812713908592,17.894601821899414,-2.880859375,75.6740529136715
111,human,0,Human,0.8545517081861088,24.68779182434082,-3.26171875,73.65234434951658
111,human,1,Human,0.8559047294722545,13.786908149719238,-2.607421875,74.09580811241483
111,human,2,Human,0.8619832984701381,14.615699768066406,-2.740234375,74.47238583699215
111,human,3,Human,0.8619832984701381,14.615699768066406,-2.740234375,74.47238583699215
111,human,4,Human,0.9490126731506042,21.856033325195312,-3.01953125,76.44337924737293
112,human,0,Human,0.938676967648479,28.899234771728516,-3.32421875,76.2406232725441
112,human,1,Human,0.904269460549258,20.931198120117188,-2.990234375,76.41947093707162
112,human,2,Human,0.8377955660355113,15.53139877319336,-2.74609375,72.65733972729684
112,human,3,Human,0.8119024345918441,14.00417423248291,-2.611328125,70.10899387890302
112,human,4,Human,0.9200677209034257,29.779735565185547,-3.4140625,76.0855150599622
112,human,5,Human,0.8386123929534562,19.188678741455078,-2.982421875,72.65190264202668
112,human,6,Human,0.931633531375307,42.640167236328125,-3.7109375,75.10909439691139
112,human,7,Human,0.8660219703757942,21.351816177368164,-3.09765625,74.61839481207983
112,human,8,Human,0.8930463483061649,26.742778778076172,-3.228515625,75.86369219442116
112,human,9,Human,0.9382967873533912,32.448341369628906,-3.5078125,75.82900403479844
112,human,10,Human,0.8341078990543047,32.66554260253906,-3.525390625,71.46791692686452
112,human,11,Human,0.9834710743801653,29.356185913085938,-3.296875,74.75763346468082
112,human,12,Human,0.8606462557347498,23.214282989501953,-3.208984375,74.13848037821953
112,human,13,Human,0.8458963772870074,20.114540100097656,-2.955078125,73.34278500310296
112,human,14,Human,0.9024928049496875,23.816020965576172,-3.1640625,76.19749093783084
112,human,15,Human,0.901023345059162,44.000919342041016,-3.798828125,74.43447300247817
112,human,16,Human,0.8148809528273625,14.055727005004883,-2.67578125,70.39278281289249
112,human,17,Human,0.875905606159786,19.321807861328125,-2.986328125,75.26938191964733
113,human,0,Human,0.8725190140633273,12.292963981628418,-2.486328125,75.10927937766647
113,human,1,Human,0.9194550916813425,24.759475708007812,-3.07421875,76.6673810234337
113,human,2,Human,0.8822452826295077,23.337718963623047,-3.052734375,75.64261913462083
113,human,3,Human,0.8875981846758012,22.063081741333008,-3.048828125,75.83678014051893
113,human,4,Human,0.9169678201102819,13.912104606628418,-2.603515625,76.65319161628963
114,human,0,Human,0.12077294685990339,10.277409553527832,-2.23046875,11.554015051246132
114,human,1,Human,0.9269518772582082,16.09942054748535,-2.71484375,76.76335280989942
114,human,2,Human,0.8762839082561067,20.486543655395508,-2.90625,75.44663938781578
114,human,3,Human,0.8461432356784705,39.86288070678711,-3.69140625,71.92795282834038
114,human,4,Human,0.9021487860931523,46.73979568481445,-3.701171875,74.62430891447094
114,human,5,Human,0.8841717078286546,27.781150817871094,-3.138671875,75.69852275295801
114,human,6,Human,0.9210756846994265,21.83424186706543,-3.0078125,76.68454578162475
114,human,7,Human,0.9339738851933975,25.10504150390625,-3.15234375,76.55175689596558
115,human,0,Human,0.863582861642111,19.706798553466797,-2.998046875,74.54973243424602
115,human,1,Human,0.937552565406097,38.39862823486328,-3.68359375,75.28046308394927
115,human,2,Human,0.8771497960254788,15.578537940979004,-2.775390625,75.38676974522419
115,human,3,Human,0.9406353477209233,14.604402542114258,-2.712890625,76.58608862385876
115,human,4,Human,0.8333437595680234,33.308502197265625,-3.517578125,71.4169104121004
116,human,0,Human,0.897937214950752,22.964948654174805,-3.1328125,76.0979053374666
116,human,1,Human,0.887248467169057,17.785015106201172,-2.919921875,75.81506239948716
116,human,2,Human,0.9211770157553291,33.738948822021484,-3.564453125,75.71926519943956
116,human,3,Human,0.9363139748260917,20.336442947387695,-2.9921875,76.62397866517968
116,human,4,Human,0.9211890770826132,14.813451766967773,-2.673828125,76.70055189588707
117,human,0,Human,0.9311265961924272,26.414003372192383,-3.3203125,76.26490610706142
117,human,1,Human,0.8615293624781292,17.260425567626953,-2.892578125,74.43547579767221
117,human,2,Human,0.9629629629629629,37.308921813964844,-3.703125,74.64428713323697
117,human,3,Human,0.9467540681961935,39.343955993652344,-3.740234375,74.94566702515947
117,human,4,Human,0.8454412084329495,19.933265686035156,-3.001953125,73.23249926824155
118,human,0,Human,0.9116083971216422,19.215282440185547,-2.93359375,76.56841141579447
118,human,1,Human,0.8926801020832755,17.848695755004883,-2.833984375,76.12676839126645
118,human,2,Human,0.8941676530880938,17.638614654541016,-2.857421875,76.14256932434421
118,human,3,Human,0.8935275750431109,31.595029830932617,-3.427734375,75.50122456834497
118,human,4,Human,0.9632107023411371,16.235492706298828,-2.798828125,76.03098558079549
118,human,5,Human,0.8765954556742872,13.376873970031738,-2.541015625,75.37992173226247
118,human,6,Human,0.9442916004701567,17.834444046020508,-2.869140625,76.5571455694973
118,human,7,Human,0.9311926605504587,27.392221450805664,-3.306640625,76.31427822098216
118,human,8,Human,0.8806725659842957,14.275795936584473,-2.640625,75.58814149534598
119,human,0,Human,0.9644165358451072,23.60863494873047,-3.17578125,75.77685372957836
119,human,1,Human,0.8556882028900072,17.999469757080078,-2.89453125,74.06750021182587
119,human,2,Human,0.8630095262221704,25.83623504638672,-3.193359375,74.40038345715023
119,human,3,Human,0.9604335835759155,53.373992919921875,-3.93359375,73.20506803342678
119,human,4,Human,0.8366156241875395,27.784866333007812,-3.22265625,72.3493980939633
119,human,5,Human,0.8870640847299743,21.71068000793457,-3.0234375,75.84033414355319
119,human,6,Human,0.882261256719508,28.86075782775879,-3.23828125,75.44095760735428
119,human,7,Human,0.8908908795458089,31.235754013061523,-3.365234375,75.55132984787159
119,human,8,Human,0.9321038138225186,48.12802505493164,-3.861328125,74.36223442990813
119,human,9,Human,0.8609989393962869,13.796177864074707,-2.609375,74.44800099295485
119,human,10,Human,0.8725319945220552,22.494789123535156,-3.103515625,75.03540830481143
119,human,11,Human,0.9075036809481395,35.06014633178711,-3.501953125,75.68977248742847
119,human,12,Human,0.8520783531608688,17.987138748168945,-2.84375,73.85960616135065
119,human,13,Human,0.9364280872735267,26.437278747558594,-3.19921875,76.47735410786728
119,human,14,Human,0.90847550601133,17.800785064697266,-2.87109375,76.5197444017083
119,human,15,Human,0.8805036862941872,25.41008949279785,-3.171875,75.4182424928219
119,human,16,Human,0.9000662037607716,40.26006317138672,-3.61328125,75.10173977714105
119,human,17,Human,0.9278788719773103,47.26308822631836,-3.876953125,74.37422007586493
119,human,18,Human,0.8063120072653898,39.18958282470703,-3.634765625,68.23532702644648
119,human,19,Human,0.9192338306560083,36.74179458618164,-3.638671875,75.46524277902157
119,human,20,Human,0.935754575802924,24.591983795166016,-3.033203125,76.72158228685755
119,human,21,Human,0.9218950460310208,22.873693466186523,-3.080078125,76.61533211353303
119,human,22,Human,0.8936368988563612,24.09518814086914,-3.193359375,75.88410501163763
119,human,23,Human,0.9368596815552507,24.393604278564453,-3.109375,76.58258535070402
119,human,24,Human,0.8968171509554632,35.470802307128906,-3.560546875,75.25296700571117
119,human,25,Human,0.9474457451915724,34.322052001953125,-3.501953125,75.68877915955647
119,human,26,Human,0.9113134696894635,19.987321853637695,-2.943359375,76.58581501888813
119,human,27,Human,0.8263135208145723,14.577786445617676,-2.65625,71.60455808009868
119,human,28,Human,0.9092304288743622,33.30953598022461,-3.42578125,75.9260371370928
120,human,0,Human,0.8809190688067077,32.11703109741211,-3.513671875,74.76735378522068
120,human,1,Human,0.8803504493519396,3.5880680084228516,-1.361328125,74.04824737524653
120,human,2,Human,0.8860677913646189,43.328922271728516,-3.75390625,74.08268400667923
120,human,3,Human,0.8475914383188045,36.30815887451172,-3.568359375,72.47133149908774
120,human,4,Human,0.8913909579075003,21.01898765563965,-2.9921875,76.02825423755672
120,human,5,Human,0.9477611940298507,15.281509399414062,-2.587890625,76.58092436288517
120,human,6,Human,0.9398062255205112,13.0315523147583,-2.55859375,76.59346256689679
120,human,7,Human,0.9423463450756374,30.542442321777344,-3.3125,76.23224764525013
120,human,8,Human,0.9567158385093169,26.91627311706543,-3.208984375,76.06438138686244
120,human,9,Human,0.9287874048587218,26.290428161621094,-3.236328125,76.4439485547476
120,human,10,Human,0.9387100869675618,20.80793571472168,-2.984375,76.62954846789911
120,human,11,Human,0.9091380311899548,15.578957557678223,-2.732421875,76.54909336438631
120,human,12,Human,0.968503937007874,23.80312728881836,-3.12890625,75.70360490798146
120,human,13,Human,0.9731543624161074,32.245967864990234,-3.408203125,75.05747642159143
120,human,14,Human,0.9209070796460177,22.219013214111328,-2.978515625,76.73979476652198
120,human,15,Human,0.897192971986363,23.116315841674805,-3.033203125,76.24359378269229
120,human,16,Human,0.8695844136750045,21.353683471679688,-3.037109375,74.93059701497108
120,human,17,Human,0.8978788959593508,23.497303009033203,-3.169921875,76.04719118927703
120,human,18,Human,0.8854764328348935,19.60757064819336,-2.98046875,75.74755611304762
120,human,19,Human,0.9184250099861369,26.49867820739746,-3.28515625,76.30908266678321
120,human,20,Human,0.9668008948545862,19.571928024291992,-2.87890625,75.97475036316442
121,human,0,Human,0.7960716279502805,12.102840423583984,-2.521484375,68.2146180969379
121,human,1,Human,0.9484732824427481,26.105031967163086,-3.259765625,76.1608593623758
121,human,2,Human,0.8338197868967001,16.8778018951416,-2.9375,72.16947685371787
121,human,3,Human,0.8294080015146171,26.994428634643555,-3.369140625,71.36054094449837
121,human,4,Human,0.9383295318315266,19.295093536376953,-2.923828125,76.64872034678989
121,human,5,Human,0.8736617862263494,26.9256649017334,-3.30078125,74.84540838630497
121,human,6,Human,0.9692604576819617,20.708452224731445,-3.015625,75.74088228492626
121,human,7,Human,0.8144107628171232,16.19841766357422,-2.8046875,70.35888604255767
121,human,8,Human,0.9421364297461434,14.014825820922852,-2.611328125,76.59597942173806
121,human,9,Human,0.8548842049264425,17.530424118041992,-2.888671875,73.9925966835276
121,human,10,Human,0.9604888698296362,21.542606353759766,-3.0390625,76.07692424530782
121,human,11,Human,0.8752569270738594,19.50106430053711,-2.96875,75.26787804875175
121,human,12,Human,0.9705882352941176,29.977909088134766,-3.38671875,75.21390584135081
121,human,13,Human,0.8823861638846311,15.868157386779785,-2.76953125,75.66334763147599
121,human,14,Human,0.7361644970313489,13.879680633544922,-2.705078125,60.01521972817155
121,human,15,Human,0.8974957282308955,21.015615463256836,-3.078125,76.10367825104962
121,human,16,Human,0.8709975451701113,28.21419334411621,-3.392578125,74.5139574590822
122,human,0,Human,0.8307636810563893,17.088502883911133,-2.833984375,72.02001615997041
122,human,1,Human,0.8282142464182609,58.647315979003906,-4.125,67.72527664350287
122,human,2,Human,0.8823414620139233,18.486413955688477,-2.98828125,75.54421535735263
122,human,3,Human,0.7983399422651113,22.56930923461914,-3.08984375,68.45977955393306
122,human,4,Human,0.8649628011299724,40.495216369628906,-3.78515625,72.97746391600512
122,human,5,Human,0.8799520107759792,14.316899299621582,-2.666015625,75.53959149065676
123,human,0,Human,0.8507823022998163,17.49821662902832,-2.8125,73.76923778626497
123,human,1,Human,0.8536948758030222,18.66271209716797,-2.880859375,73.97134405018896
123,human,2,Human,0.7548439694305467,12.005420684814453,-2.45703125,62.764046417973965
123,human,3,Human,0.8404121965971084,14.400614738464355,-2.60546875,72.91564968067712
123,human,4,Human,0.7110804322505122,19.877017974853516,-2.99609375,56.144915046949365
123,human,5,Human,0.9276007358613731,21.287580490112305,-3.056640625,76.60880548331438
124,human,0,Human,0.9659593280282935,68.29867553710938,-4.26953125,70.35578267059854
124,human,1,Human,0.8688319390570491,15.607669830322266,-2.765625,74.93720827412406
124,human,2,Human,0.8702211842908371,14.994244575500488,-2.75,74.9970489051238
124,human,3,Human,0.9159798994974875,21.182254791259766,-3.091796875,76.48139784478631
124,human,4,Human,0.9038814581694203,33.713218688964844,-3.62109375,75.29866023790692
124,human,5,Human,0.871396778295888,11.067022323608398,-2.38671875,74.98069344121367
125,human,0,Human,0.9088424217575509,25.973140716552734,-3.150390625,76.42416202636475
125,human,1,Human,0.9291528943961914,24.351903915405273,-3.1796875,76.501830802495
125,human,2,Human,0.9407897518285206,35.043540954589844,-3.46484375,75.89220360727535
125,human,3,Human,0.8352473777401352,24.277938842773438,-3.123046875,72.32831306298434
125,human,4,Human,0.8926824485998264,27.250823974609375,-3.27734375,75.76185966122712
125,human,5,Human,0.9587559876021415,18.339115142822266,-2.83203125,76.2613364174976
125,human,6,Human,0.965879455230368,26.010725021362305,-3.123046875,75.88187968235138
125,human,7,Human,0.9098517125510533,33.069129943847656,-3.392578125,76.01714307535957
125,human,8,Human,0.7885322927655973,8.941215515136719,-2.15234375,67.05769293204627
125,human,9,Human,0.8915217279519277,28.686927795410156,-3.326171875,75.63903046368092
125,human,10,Human,0.8863320752029626,13.360245704650879,-2.537109375,75.83768658121929
125,human,11,Human,0.9063530496944541,20.331981658935547,-3.041015625,76.36638746827335
125,human,12,Human,0.9173845341525464,32.8099479675293,-3.474609375,75.92541874552505
125,human,13,Human,0.9430578788892607,27.262956619262695,-3.185546875,76.43464121942152
125,human,14,Human,0.8705515799933483,16.581449508666992,-2.77734375,75.08136040990198
125,human,15,Human,0.7965639785945992,15.947158813476562,-2.716796875,68.39787938806978
125,human,16,Human,0.9073591990935995,19.41135597229004,-2.916015625,76.52137036917102
125,human,17,Human,0.8724833696611113,20.798837661743164,-2.923828125,75.23272294146756
125,human,18,Human,0.9113538722322417,13.723122596740723,-2.619140625,76.55646377560906
125,human,19,Human,0.8912617505382869,22.898204803466797,-3.1640625,75.81436696172864
125,human,20,Human,0.9155174368081006,29.858673095703125,-3.392578125,76.0922157159898
125,human,21,Human,0.7908592298494997,15.882733345031738,-2.697265625,67.71507397180811
125,human,22,Human,0.8421391159256898,12.367731094360352,-2.525390625,72.97020074071605
125,human,23,Human,0.9358784259560178,26.418407440185547,-3.19921875,76.48199660923478
125,human,24,Human,0.9042001766726322,21.628612518310547,-3.111328125,76.256119222251
126,human,0,Human,0.9411890434382295,39.601966857910156,-3.658203125,75.2773258814012
126,human,1,Human,0.7943248838077233,31.260644912719727,-3.455078125,67.39779688986306
126,human,2,Human,0.8720188944080184,18.82955551147461,-2.962890625,75.06746466372758
126,human,3,Human,0.804689001164197,8.451565742492676,-2.115234375,68.93948358743204
126,human,4,Human,0.8979253639059551,24.462997436523438,-3.228515625,75.96659186132146
126,human,5,Human,0.9479339491111886,18.990243911743164,-2.96484375,76.42283001208106
126,human,6,Human,0.8646633339178856,11.941299438476562,-2.484375,74.61849157995174
126,human,7,Human,0.907342462451605,14.436186790466309,-2.66796875,76.49502036258602
126,human,8,Human,0.8355494027096145,24.98436737060547,-3.240234375,72.15677383016158
126,human,9,Human,0.9520582791680922,14.307665824890137,-2.671875,76.37310402255245
126,human,10,Human,0.9753846153846154,23.6899356842041,-3.19921875,75.2583767718643
127,human,0,Human,0.8995442084750801,29.22751235961914,-3.3046875,75.95568192974501
127,human,1,Human,0.9042067442643811,17.982969284057617,-2.869140625,76.43851869736753
127,human,2,Human,0.9575460992907802,42.423221588134766,-3.734375,74.58381734372556
127,human,3,Human,0.9411471787370452,29.208688735961914,-3.33203125,76.19497249684851
127,human,4,Human,0.912378079436903,41.286014556884766,-3.625,75.30374478760643
127,human,5,Human,0.8875503675428349,21.462242126464844,-3.025390625,75.84772080650217
127,human,6,Human,0.8845383149569434,17.0667667388916,-2.8203125,75.77642429404824
128,human,0,Human,0.9682539682539683,14.214615821838379,-2.623046875,75.85158402438658
128,human,1,Human,0.8296386934996798,10.172074317932129,-2.373046875,71.732490713404
128,human,2,Human,0.8554421163752091,16.09478187561035,-2.75390625,74.09476385428947
128,human,3,Human,0.8854537993053782,15.785699844360352,-2.7578125,75.80578462611943
128,human,4,Human,0.9821428571428571,16.67172622680664,-2.8828125,75.08987052991382
128,human,5,Human,1.0,23.434492111206055,-3.10546875,73.92692281717949
129,human,0,Human,0.8792896010437316,38.7769660949707,-3.69921875,74.09184592091935
129,human,1,Human,0.9504132231404959,39.14242172241211,-3.6484375,75.14129969476386
129,human,2,Human,0.851470392842907,27.850786209106445,-3.330078125,73.3500237715616
129,human,3,Human,0.98989898989899,33.16073226928711,-3.431640625,74.08246200123203
129,human,4,Human,0.9490740740740741,19.18036651611328,-2.923828125,76.46075408736354
129,human,5,Human,0.9230139230139229,27.154909133911133,-3.283203125,76.35806277352994
129,human,6,Human,0.829524946747322,22.3617000579834,-3.1015625,71.77243662573997
129,human,7,Human,0.9552238805970149,36.05327606201172,-3.619140625,75.16114376293172
129,human,8,Human,0.955495574665746,27.93606948852539,-3.326171875,75.8777559376807
129,human,9,Human,0.8986136824473244,25.662172317504883,-3.259765625,75.95688085474481
129,human,10,Human,0.8799634347493313,27.161285400390625,-3.291015625,75.19588988057353
130,human,0,Human,0.8655445567462432,13.936186790466309,-2.666015625,74.71616032332956
130,human,1,Human,0.8433560812202806,14.286030769348145,-2.673828125,73.11489514504916
130,human,2,Human,0.584533395159282,10.734969139099121,-2.41796875,36.35999744967328
130,human,3,Human,0.8200612117301247,15.475303649902344,-2.8046875,70.90990622878678
130,human,4,Human,0.9002622077568291,28.545923233032227,-3.375,75.81066360134608
131,human,0,Human,0.8801961590163794,28.56566047668457,-3.400390625,74.98625994562876
131,human,1,Human,0.9318734665020115,28.372373580932617,-3.287109375,76.36939544458959
131,human,2,Human,0.8328427644031793,16.02716827392578,-2.7421875,72.24307755826034
131,human,3,Human,0.8806343836788467,25.631153106689453,-3.255859375,75.26705716145108
131,human,4,Human,0.9256559198471794,16.9283504486084,-2.734375,76.79145818317022
131,human,5,Human,0.9696969696969697,21.969768524169922,-2.984375,75.81742963496534
132,human,0,Human,0.8637448758960786,19.990543365478516,-3.03515625,74.51765107431729
132,human,1,Human,0.8758558686675483,30.782135009765625,-3.3984375,74.79474642746818
132,human,2,Human,0.8822855511190467,36.93716049194336,-3.646484375,74.4277143384321
132,human,3,Human,0.9440605899548232,38.00944137573242,-3.685546875,75.19243641081911
132,human,4,Human,0.7360617519784804,15.63811206817627,-2.732421875,60.08234082826596
132,human,5,Human,0.7669906778916115,21.12839698791504,-3.080078125,64.39403150486316
133,human,0,Human,0.8590915108138489,16.742578506469727,-2.810546875,74.33372149764782
133,human,1,Human,0.8700331492215475,17.62602424621582,-2.876953125,75.00250840764573
133,human,2,Human,0.753926263903283,12.471658706665039,-2.603515625,62.60861426376921
133,human,3,Human,0.9428489849350372,39.670413970947266,-3.67578125,75.1990717394489
133,human,4,Human,0.9468650793650794,21.2294921875,-3.0546875,76.41083785725414
134,human,0,Human,0.9659090909090909,32.24980163574219,-3.431640625,75.3137440392263
134,human,1,Human,0.91765407258365,25.653480529785156,-3.1640625,76.51991534685659
134,human,2,Human,0.8405601346464476,25.06117820739746,-3.26171875,72.55439702750648
134,human,3,Human,0.9306947027416161,28.638216018676758,-3.376953125,76.17988618647904
134,human,4,Human,0.8647886403795579,23.32184410095215,-3.1484375,74.52490308253877
134,human,5,Human,0.9030394553909584,18.82015609741211,-2.890625,76.42585415033926
134,human,6,Human,0.9575471698113207,15.017420768737793,-2.658203125,76.26891128164536
135,human,0,Human,0.8130390182067107,15.358098983764648,-2.76953125,70.19740864766071
135,human,1,Human,0.9468098996973114,26.988069534301758,-3.3125,76.10408788455219
135,human,2,Human,0.8783449895018958,19.61663246154785,-2.953125,75.45362343247277
135,human,3,Human,0.9493641129316627,31.20734977722168,-3.4140625,75.87001185473244
135,human,4,Human,0.7482511482296941,19.634153366088867,-3.0,61.79310853168567
136,human,0,Human,0.9666666666666667,38.57748031616211,-3.71484375,74.4392171477645
136,human,1,Human,0.7020817888215695,16.11671257019043,-2.849609375,54.71905959290186
136,human,2,Human,0.8925807666435925,15.792204856872559,-2.83984375,76.00671929917893
136,human,3,Human,0.8089369930361707,21.439697265625,-3.13671875,69.55419097753746
136,human,4,Human,0.8515780935987041,24.3845272064209,-3.248046875,73.45066010707853
137,human,0,Human,0.9325659918253524,20.39421844482422,-3.0,76.64308294633706
137,human,1,Human,0.8912890762205831,14.372811317443848,-2.669921875,76.02567231228468
137,human,2,Human,0.8045583431052266,20.687040328979492,-2.998046875,69.2528634005035
137,human,3,Human,0.857945968806873,12.356701850891113,-2.517578125,74.18866928947467
137,human,4,Human,0.9552238805970149,46.50600814819336,-3.6015625,74.84665552736195
138,human,0,Human,0.9318034101920903,19.64080238342285,-3.00390625,76.60815301751155
138,human,1,Human,0.8984501992031872,16.71500587463379,-2.87109375,76.21558919331406
138,human,2,Human,0.8958357004885809,21.074474334716797,-3.12109375,75.98141212927145
138,human,3,Human,0.8979915187100983,32.64528274536133,-3.484375,75.50723860166576
138,human,4,Human,0.9155921908762644,28.827363967895508,-3.3359375,76.21036831473076
139,human,0,Human,0.935251798561151,28.480411529541016,-3.318359375,76.28201852110523
139,human,1,Human,0.9246369087275149,37.15168380737305,-3.490234375,75.8883527023597
139,human,2,Human,0.9336970772663694,46.37990188598633,-3.673828125,75.03048264942498
139,human,3,Human,0.9349435965494359,31.16959571838379,-3.322265625,76.30181569869553
139,human,4,Human,0.834175033866379,20.063617706298828,-2.966796875,72.31797803447641
140,human,0,Human,0.8452114796529845,23.583786010742188,-3.166015625,73.08431059064269
140,human,1,Human,0.8940873223156025,10.25694465637207,-2.333984375,75.96099456362401
140,human,2,Human,0.907872992955239,38.31510925292969,-3.71484375,75.04929904200688
140,human,3,Human,0.8057840449485273,17.89388656616211,-2.85546875,69.4450822700067
140,human,4,Human,0.9026249997034502,22.909639358520508,-3.1328125,76.22697163801013
140,human,5,Human,0.8116854366166292,25.504962921142578,-3.255859375,69.76238950421687
141,human,0,Human,0.8511650713298494,22.864452362060547,-3.09375,73.65497630760669
141,human,1,Human,0.7701589970709769,10.765618324279785,-2.42578125,64.82458437726412
141,human,2,Human,0.8894172311968038,30.449155807495117,-3.41015625,75.38580873192798
141,human,3,Human,0.8776919468742127,16.068721771240234,-2.8359375,75.38189553313991
141,human,4,Human,0.8511102790452679,12.219772338867188,-2.513671875,73.68284751140114
142,human,0,Human,0.9039558089807556,22.86216926574707,-3.1171875,76.28555063051904
142,human,1,Human,0.9924242424242424,50.08620834350586,-3.896484375,71.9740773854772
142,human,2,Human,0.9940119760479041,49.39792251586914,-3.8203125,72.1613236303124
142,human,3,Human,0.9757281553398058,71.37388610839844,-4.2578125,69.61761409435387
142,human,4,Human,0.9064690501226037,26.314701080322266,-3.306640625,76.07526255058586
142,human,5,Human,0.9705882352941176,33.24159240722656,-3.53125,74.86441531014228
142,human,6,Human,0.9758064516129032,112.58776092529297,-4.6796875,63.918664812099486
142,human,7,Human,0.9705882352941176,61.768062591552734,-4.1875,71.16063297440812
142,human,8,Human,0.8572746697746697,36.703678131103516,-3.650390625,72.9604928136087
143,human,0,Human,0.8044887182549262,15.683258056640625,-2.765625,69.2692840874016
143,human,1,Human,0.8275499768971516,16.3083438873291,-2.76953125,71.73555390166402
143,human,2,Human,0.8303772627125136,18.76057243347168,-2.84375,72.05750359085296
143,human,3,Human,0.8408694349364404,19.999032974243164,-2.98046875,72.88584486283779
143,human,4,Human,0.7108951969073768,14.655272483825684,-2.646484375,56.203544867971225
143,human,5,Human,0.901161995898838,23.152023315429688,-3.15234375,76.16205348595076
143,human,6,Human,0.8942579404844403,18.70915985107422,-2.78125,76.27693587356815
143,human,7,Human,0.866922590659356,17.877166748046875,-2.841796875,74.86891165254423
143,human,8,Human,0.8724353448185497,14.163833618164062,-2.654296875,75.14579754742041
144,human,0,Human,0.8998254572969627,31.686716079711914,-3.470703125,75.59489091365559
144,human,1,Human,0.9137770536036175,26.198410034179688,-3.20703125,76.40578959803159
144,human,2,Human,0.931893765181831,36.01615905761719,-3.49609375,75.88476665977868
144,human,3,Human,0.9019732682602185,24.434814453125,-3.173828125,76.18484378493504
144,human,4,Human,0.8812811847199656,22.860271453857422,-3.072265625,75.55033154567323
144,human,5,Human,0.9194290408708155,19.1944580078125,-2.955078125,76.63464182024354
144,human,6,Human,0.8488830109219371,29.954618453979492,-3.34375,73.1483160670141
144,human,7,Human,0.930310571310509,18.689058303833008,-2.96484375,76.62471139422482
144,human,8,Human,0.936567721081083,38.503173828125,-3.63671875,75.42322899021579
144,human,9,Human,0.8307622602622583,23.936574935913086,-3.1328125,71.88852116897606
144,human,10,Human,0.9745682888540032,31.5994815826416,-3.46484375,74.8515617963052
144,human,11,Human,0.9249641579375638,36.5013313293457,-3.5,75.87561860806845
144,human,12,Human,0.9056929854286683,32.305885314941406,-3.45703125,75.77877814444601
144,human,13,Human,0.897963065421533,25.415014266967773,-3.26953125,75.91101361416243
144,human,14,Human,0.8604645251228368,33.30473709106445,-3.423828125,73.81390878146576
144,human,15,Human,0.8716891069908146,28.057519912719727,-3.30859375,74.73962259406505
144,human,16,Human,0.8798936908879927,52.213829040527344,-3.873046875,72.90227905637087
144,human,17,Human,0.9474869936826459,28.519153594970703,-3.353515625,76.02612161272135
144,human,18,Human,0.908093763821318,48.211769104003906,-3.880859375,74.11464885249843
144,human,19,Human,0.908387727960622,30.542776107788086,-3.4140625,75.93364211474177
144,human,20,Human,0.8757705115541294,36.995357513427734,-3.568359375,74.32240219777937
144,human,21,Human,0.8925834126657304,25.7847957611084,-3.212890625,75.85598409462153
144,human,22,Human,0.9299661811259771,33.97433090209961,-3.537109375,75.80649800121022
144,human,23,Human,0.9021115331472838,28.228296279907227,-3.3359375,75.94408357958365
144,human,24,Human,0.9553021566553896,42.117889404296875,-3.732421875,74.66886826629408
144,human,25,Human,0.9200651572824231,25.881671905517578,-3.154296875,76.56434490251596
144,human,26,Human,0.9231369980208991,32.48862838745117,-3.419921875,76.10210050898512
144,human,27,Human,0.8641230650359267,18.74224281311035,-2.83203125,74.7468441172805
144,human,28,Human,0.9103642911899857,38.311279296875,-3.595703125,75.43895920144952
144,human,29,Human,0.885911993296825,16.1519832611084,-2.759765625,75.84417035917598
144,human,30,Human,0.9427442972675246,13.947023391723633,-2.716796875,76.51170094684743
145,human,0,Human,0.8924575346543542,16.731658935546875,-2.75390625,76.13783182815719
145,human,1,Human,0.8569627350837045,21.278594970703125,-3.076171875,74.04969565143463
145,human,2,Human,0.8836767245723438,28.206478118896484,-3.333984375,75.2944214866113
145,human,3,Human,0.9102455205513624,27.26984214782715,-3.26171875,76.26368066535989
145,human,4,Human,0.8795658865165384,58.0526237487793,-4.05859375,71.77140000706686
145,human,5,Human,0.8409611937480047,23.782371520996094,-3.16015625,72.74760956764732
146,human,0,Human,0.959643316786174,29.717613220214844,-3.35546875,75.70706793091487
146,human,1,Human,0.9116384341468328,16.0922908782959,-2.740234375,76.61535489804251
146,human,2,Human,0.8598111771790634,23.33780288696289,-3.150390625,74.1953634364182
146,human,3,Human,0.8659146450015376,15.855606079101562,-2.74609375,74.79114932962841
146,human,4,Human,0.9315358067299396,24.875328063964844,-3.197265625,76.47612707221602
146,human,5,Human,0.9048510629363105,25.084659576416016,-3.123046875,76.36527360621159
147,human,0,Human,0.9354838709677419,12.398707389831543,-2.546875,76.60400406491702
147,human,1,Human,0.8665148853145552,37.554080963134766,-3.673828125,73.48656569214882
147,human,2,Human,0.9444297474362366,53.19758987426758,-4.0,73.4079702270177
147,human,3,Human,0.9084528496437945,34.80607986450195,-3.583984375,75.49350649392908
147,human,4,Human,0.7196767344702418,18.313920974731445,-2.87890625,57.56879842164794
147,human,5,Human,0.9733924611973392,18.962064743041992,-3.0,75.50041886023836
147,human,6,Human,0.9824561403508771,22.681716918945312,-3.09765625,75.0365691382983
147,human,7,Human,0.9250496643733923,14.659658432006836,-2.7265625,76.66848247529444
147,human,8,Human,0.8917367134102218,23.57451057434082,-3.1484375,75.88276980067664
147,human,9,Human,1.0,40.97597122192383,-3.75390625,72.3705567085817
147,human,10,Human,0.8975938557160217,23.195486068725586,-3.1796875,76.01042080340578
147,human,11,Human,0.9483212851405622,22.93606185913086,-3.197265625,76.19585220146942
147,human,12,Human,0.9246774439918819,19.03219985961914,-2.9609375,76.64762426393702
147,human,13,Human,0.9497203307392996,21.603473663330078,-3.08984375,76.30680744129393
147,human,14,Human,0.9167598632669314,17.032123565673828,-2.8515625,76.62785160022237
147,human,15,Human,0.893103391328043,49.77508544921875,-3.912109375,73.49877449084993
147,human,16,Human,0.8437002782458752,21.30038070678711,-3.064453125,73.05214984725585
147,human,17,Human,0.925796335743685,23.81180191040039,-3.166015625,76.51130632284462
148,human,0,Human,0.821781139787093,24.991146087646484,-3.2421875,70.83762982953708
148,human,1,Human,0.8314060325472594,12.228659629821777,-2.4921875,72.01964698638847
148,human,2,Human,0.9770992366412213,31.087736129760742,-3.46484375,74.72477892566177
148,human,3,Human,0.9627105974354551,28.3502197265625,-3.38671875,75.5114502167678
148,human,4,Human,0.9465459890152395,24.182069778442383,-3.193359375,76.28052534202038
149,human,0,Human,0.9929577464788732,53.236061096191406,-3.939453125,71.56829343923103
149,human,1,Human,0.8894856453008214,11.495365142822266,-2.419921875,75.87410745990606
149,human,2,Human,0.7371894895045892,13.951818466186523,-2.6328125,60.22304316827364
149,human,3,Human,0.8601447234733958,10.498138427734375,-2.357421875,74.24145881587455
149,human,4,Human,0.884620433795473,13.539274215698242,-2.529296875,75.7783197376449
150,human,0,Human,0.7937507014826232,16.514991760253906,-2.78515625,68.03034166770937
150,human,1,Human,0.8991337301869291,18.185972213745117,-2.87890625,76.30289438488866
150,human,2,Human,0.8857771935974353,19.452926635742188,-2.953125,75.79083896283389
150,human,3,Human,0.8865003634641707,15.3055419921875,-2.732421875,75.84444389324959
150,human,4,Human,0.9438036327572775,20.623300552368164,-3.01953125,76.4970373906397
150,human,5,Human,0.8564045865021158,12.649663925170898,-2.5078125,74.10242111393046
150,human,6,Human,0.9013826549037817,18.82819175720215,-2.958984375,76.29632166492371
150,human,7,Human,0.914794016556131,20.049978256225586,-2.98046875,76.58957172697961
151,human,0,Human,0.9629629629629629,27.28023910522461,-3.333984375,75.60360462804154
151,human,1,Human,0.8748241816766581,14.75550651550293,-2.75390625,75.23631925283047
151,human,2,Human,0.6615300350751535,9.667134284973145,-2.30078125,48.07061238760012
151,human,3,Human,0.9141093591118664,18.64055633544922,-2.89453125,76.6272975869027
151,human,4,Human,0.8989487831805308,43.58576202392578,-3.80078125,74.38823140582574
152,human,0,Human,0.9209032258064517,14.853963851928711,-2.6953125,76.6857251208678
152,human,1,Human,0.9525779578971068,23.040956497192383,-3.1328125,76.2155569154976
152,human,2,Human,0.9514439622923837,31.674503326416016,-3.482421875,75.65386716194614
152,human,3,Human,0.9846153846153847,17.445608139038086,-2.8828125,74.99090234742359
152,human,4,Human,0.9396503102086858,10.017559051513672,-2.310546875,76.43370452447265
152,human,5,Human,0.9733333333333334,24.333797454833984,-3.208984375,75.35764965816068
152,human,6,Human,0.8821277958682539,17.92350959777832,-2.9453125,75.5652831293767
152,human,7,Human,0.7416294445557506,14.5289945602417,-2.71875,60.86214009332781
152,human,8,Human,0.9858156028368794,28.854839324951172,-3.333984375,74.535396257253
152,human,9,Human,1.0,54.88603973388672,-4.015625,70.6914322810855
152,human,10,Human,0.9910714285714286,19.78429412841797,-3.072265625,74.44701610725565
152,human,11,Human,0.9213021491782554,28.304214477539062,-3.412109375,76.08009643724729
153,human,0,Human,0.9833333333333333,29.455791473388672,-3.3984375,74.5389050614379
153,human,1,Human,0.8412470154113306,27.367990493774414,-3.29296875,72.60066734501633
153,human,2,Human,0.8235522023499074,17.329381942749023,-2.8828125,71.28004285872044
153,human,3,Human,0.9360829417099514,9.898787498474121,-2.314453125,76.46480123951004
153,human,4,Human,0.8561568298775225,17.30217933654785,-2.85546875,74.11045943683266
154,human,0,Human,0.951417004048583,11.777094841003418,-2.48828125,76.31639997578671
154,human,1,Human,0.8873313460344424,15.696059226989746,-2.75,75.88647783448248
154,human,2,Human,0.8310229914142033,15.758550643920898,-2.724609375,72.0735461759876
154,human,3,Human,0.8490467003440351,15.049464225769043,-2.62890625,73.64695188230795
154,human,4,Human,0.8646365071297066,17.209054946899414,-2.84375,74.6899577555144
155,human,0,Human,0.8790926958531132,29.40542221069336,-3.41796875,74.90139800128593
155,human,1,Human,0.8801351701627226,33.154266357421875,-3.34765625,75.13048449761155
155,human,2,Human,0.973568281938326,25.16575050354004,-3.181640625,75.42199000476445
155,human,3,Human,0.9432034744929688,23.785547256469727,-3.138671875,76.42935707835245
155,human,4,Human,0.938175581348969,25.021398544311523,-3.2109375,76.4016875024226
155,human,5,Human,0.8687322750021099,24.522123336791992,-3.208984375,74.69145112358403
155,human,6,Human,0.8098851113935899,31.00397491455078,-3.396484375,69.34138359302712
155,human,7,Human,0.8776691299297805,16.56791877746582,-2.7890625,75.45555065384261
155,human,8,Human,0.9025173538343045,59.41014862060547,-4.0234375,72.62490412394186
155,human,9,Human,0.8181181948467879,17.36267852783203,-2.826171875,70.79071213174319
155,human,10,Human,0.9641025641025641,20.925189971923828,-3.0078125,75.96927539998467
155,human,11,Human,0.8975802731968558,47.932952880859375,-3.814453125,74.07896042827477
155,human,12,Human,0.8606088228653512,29.954431533813477,-3.40234375,73.86574861844464
155,human,13,Human,0.8986158572365469,13.234930038452148,-2.51953125,76.27714743782875
155,human,14,Human,0.9638009049773756,22.135766983032227,-3.08203125,75.91280246664013
156,human,0,Human,0.8258032337562977,34.43977737426758,-3.505859375,70.7256102742812
156,human,1,Human,0.8706424173629815,11.995540618896484,-2.453125,74.99121122137574
156,human,2,Human,0.9410290287677862,56.2177734375,-4.0234375,73.13399012048119
156,human,3,Human,0.7867320675892424,12.084547996520996,-2.47265625,67.07749443849522
156,human,4,Human,0.711026592666559,23.235685348510742,-3.20703125,55.91243989032506
156,human,5,Human,0.8954395737209371,21.325254440307617,-3.09765625,76.01842744916591
156,human,6,Human,0.7395495739366914,15.362775802612305,-2.7890625,60.539614860983235
156,human,7,Human,0.9211313970283985,27.84547233581543,-3.3359375,76.24674605064547
156,human,8,Human,0.9181034482758621,12.184257507324219,-2.474609375,76.6048950752473
156,human,9,Human,0.8222006648026592,11.274718284606934,-2.486328125,71.06376325094558
156,human,10,Human,0.8206011900750977,21.05623435974121,-3.08203125,70.87549162766022
156,human,11,Human,0.881063463849372,11.108026504516602,-2.400390625,75.48648432079135
156,human,12,Human,0.9047817047817047,16.796602249145508,-2.83203125,76.43118555703393
157,human,0,Human,0.8389681627936662,14.080588340759277,-2.466796875,72.82497663811101
157,human,1,Human,0.7929472664076838,19.05859375,-2.810546875,68.03679433891122
157,human,2,Human,0.7683871826478469,13.814451217651367,-2.564453125,64.74214342203697
157,human,3,Human,0.9433962264150944,69.00032806396484,-4.18359375,71.2327130827864
157,human,4,Human,0.9061367329083865,19.19643211364746,-2.8359375,76.57809292448741
157,human,5,Human,0.7406532530327307,15.998676300048828,-2.662109375,60.84326020443474
157,human,6,Human,0.8798826421086118,17.087921142578125,-2.763671875,75.61681793877618
157,human,7,Human,0.8189852978316323,23.432708740234375,-3.046875,70.85295850948418
158,human,0,Human,0.9661458333333334,21.1663818359375,-3.08203125,75.78473397122251
158,human,1,Human,0.9167552396020072,12.522154808044434,-2.60546875,76.56186186166488
158,human,2,Human,0.9490212016527806,33.66781234741211,-3.578125,75.45704885767219
158,human,3,Human,0.8451399743085317,52.891841888427734,-3.955078125,70.31071027172877
158,human,4,Human,0.8658032622158087,19.511077880859375,-3.01953125,74.64997201241786
158,human,5,Human,0.8898669002754611,13.17974853515625,-2.59765625,75.9414469114285
159,human,0,Human,0.7455150194768543,25.901195526123047,-3.251953125,61.1722152536306
159,human,1,Human,0.9098223642172524,30.442806243896484,-3.42578125,75.93187203901901
159,human,2,Human,0.8852021109752746,20.653322219848633,-2.943359375,75.83175856342692
159,human,3,Human,0.8739659810642677,29.884239196777344,-3.341796875,74.81659236337715
159,human,4,Human,0.9308254833019333,25.935392379760742,-3.234375,76.4341983799957
159,human,5,Human,0.9093352097845722,22.876863479614258,-3.072265625,76.47604948168683
159,human,6,Human,0.9658475733182695,56.23914337158203,-3.986328125,72.59181112256678
159,human,7,Human,0.8003557099142337,12.37163257598877,-2.61328125,68.69906736922685
159,human,8,Human,0.7041315913690819,13.219329833984375,-2.548828125,55.09757479353082
159,human,9,Human,0.8629325179273517,14.981955528259277,-2.59375,74.65523166624075
160,human,0,Human,0.8566324363020836,16.965118408203125,-2.71875,74.25656139031383
160,human,1,Human,0.9451971688574318,22.545543670654297,-3.068359375,76.47138517851398
160,human,2,Human,0.9221347331583551,21.440147399902344,-2.947265625,76.75993959939743
160,human,3,Human,0.8998353020396329,21.897890090942383,-3.0,76.32781339853113
160,human,4,Human,0.9539297685618515,18.123727798461914,-2.81640625,76.4112851996641
160,human,5,Human,0.9732620320855615,21.62489891052246,-3.017578125,75.59549457743216
160,human,6,Human,0.7911252404909617,22.45421600341797,-3.048828125,67.64865966171567
160,human,7,Human,0.9776785714285714,22.16236114501953,-3.03125,75.37906582007923
161,human,0,Human,0.9024696979288918,19.65155792236328,-2.95703125,76.36571360772328
161,human,1,Human,0.9091888916327119,15.893794059753418,-2.7578125,76.546208711983
161,human,2,Human,0.9155731135109252,30.408052444458008,-3.484375,75.87372341424539
161,human,3,Human,0.7313736162241851,19.31464195251465,-2.9921875,59.26979166056273
161,human,4,Human,0.8266292709569232,19.788694381713867,-3.001953125,71.5460047457881
161,human,5,Human,0.8732916289592304,24.368846893310547,-3.171875,75.0180642407242
161,human,6,Human,0.9453551912568307,18.13299560546875,-2.916015625,76.49676427156756
162,human,0,Human,0.9041599305176288,46.12437438964844,-3.7734375,74.48916303044435
162,human,1,Human,0.9578313253012049,41.20608901977539,-3.71875,74.66689679921744
162,human,2,Human,0.889140265909813,34.61295700073242,-3.521484375,75.0939103355357
162,human,3,Human,0.8253851206114163,15.058443069458008,-2.70703125,71.50612469716691
162,human,4,Human,0.8729320471612234,25.146005630493164,-3.23046875,74.9080155797403
163,human,0,Human,0.7802400463745343,32.248165130615234,-3.484375,65.5549121082314
163,human,1,Human,0.7367755892920971,14.479702949523926,-2.6015625,60.210477775441184
163,human,2,Human,0.9141030072589007,26.148387908935547,-3.259765625,76.30441024924565
163,human,3,Human,0.9548186441390324,23.629396438598633,-3.146484375,76.14977302999951
163,human,4,Human,0.8369160328757896,23.43370246887207,-3.220703125,72.27071598688288
163,human,5,Human,0.9218471305486976,16.59951400756836,-2.85546875,76.64246718120094
163,human,6,Human,0.929973882898264,30.538408279418945,-3.416015625,76.11040037534657
163,human,7,Human,0.7900471807815578,14.413039207458496,-2.673828125,67.54570438565895
163,human,8,Human,0.9919354838709677,25.547521591186523,-3.28125,74.20672436157437
163,human,9,Human,0.9636363636363636,22.269184112548828,-3.16796875,75.77454323217393
163,human,10,Human,0.9280074165105793,26.4683780670166,-3.29296875,76.33234193198136
163,human,11,Human,0.8404587338990618,22.18077850341797,-3.033203125,72.86210452135026
163,human,12,Human,0.8959418985128375,19.78123664855957,-2.96484375,76.1713858873948
163,human,13,Human,0.9218767665347654,28.688446044921875,-3.361328125,76.20726999863327
163,human,14,Human,0.8789397390764133,19.704505920410156,-2.943359375,75.5001402813508
163,human,15,Human,0.880270895322104,20.380327224731445,-3.029296875,75.47319831562899
163,human,16,Human,0.9046500164703748,28.653011322021484,-3.314453125,76.06031187563262
163,human,17,Human,0.8017890570063712,19.023664474487305,-2.892578125,68.99897436420088
163,human,18,Human,0.9105319223459466,14.617815017700195,-2.72265625,76.52612314725687
164,human,0,Human,0.8943055930197767,15.357897758483887,-2.740234375,76.13754613928303
164,human,1,Human,0.9223252436380476,21.054847717285156,-3.00390625,76.66677781427093
164,human,2,Human,0.9047651158729418,34.49968338012695,-3.462890625,75.7339397844322
164,human,3,Human,0.9207728962664292,29.055925369262695,-3.373046875,76.17852192862858
164,human,4,Human,0.7896386690015609,16.33960723876953,-2.791015625,67.50934070744172
164,human,5,Human,0.878460343079339,14.490381240844727,-2.658203125,75.48182588834484
164,human,6,Human,0.8983369669326268,23.530784606933594,-3.11328125,76.16269153716196
164,human,7,Human,0.9492678725236865,25.208080291748047,-3.208984375,76.22170855073857
164,human,8,Human,0.9760479041916168,23.823760986328125,-3.171875,75.28129916970462
164,human,9,Human,0.8518910717390275,19.424175262451172,-2.986328125,73.73655282514625
164,human,10,Human,0.9388475602067835,21.22621726989746,-3.046875,76.55225773287135
164,human,11,Human,0.8714054617041478,12.365440368652344,-2.556640625,75.02658922640755
164,human,12,Human,0.8789755402962448,15.46876335144043,-2.775390625,75.47240187631685
164,human,13,Human,0.9531298557158712,47.117431640625,-3.787109375,74.3236738549352
164,human,14,Human,0.844376891418534,22.25571632385254,-3.076171875,73.12561270614063
164,human,15,Human,0.8482619832275785,15.053772926330566,-2.7578125,73.49095130537904
164,human,16,Human,0.909766197551699,19.247222900390625,-2.939453125,76.53056819719666
164,human,17,Human,0.8893542465926058,20.234533309936523,-3.041015625,75.84525351446071
164,human,18,Human,0.8911680079183035,21.098844528198242,-3.03125,75.9656341365104
164,human,19,Human,0.8307488428188029,24.415231704711914,-3.20703125,71.76506147831029
164,human,20,Human,0.9212817457362031,18.08307456970215,-2.91015625,76.65226084110526
164,human,21,Human,0.8361770916410001,32.666351318359375,-3.49609375,71.73028491873116
164,human,22,Human,0.8289190699740365,38.70982360839844,-3.662109375,70.52845579925157
165,human,0,Human,0.8265718661673508,18.922880172729492,-2.888671875,71.6499858408898
165,human,1,Human,0.8464448178855248,19.937149047851562,-2.958984375,73.37386597821533
165,human,2,Human,0.926193207561721,23.511219024658203,-3.0859375,76.64155603881267
165,human,3,Human,0.835948009148571,15.635581970214844,-2.79296875,72.45683686479258
165,human,4,Human,0.8588772845953003,10.714960098266602,-2.400390625,74.16798907914546
166,human,0,Human,0.8418409402557154,12.724112510681152,-2.6171875,72.92591984794673
166,human,1,Human,0.9391016680644861,21.713783264160156,-3.115234375,76.45652426305074
166,human,2,Human,0.8631832565653647,14.66171646118164,-2.73046875,74.5616599988271
166,human,3,Human,0.89097605893186,35.79409408569336,-3.66015625,74.76967687233174
166,human,4,Human,0.8816748768472906,26.164234161376953,-3.2890625,75.2602274508739
167,human,0,Human,0.9053275040076141,22.377155303955078,-2.9609375,76.54082059322707
167,human,1,Human,0.9221514364551209,30.22454833984375,-3.240234375,76.48449986048769
167,human,2,Human,0.8147690999726115,12.48387336730957,-2.4921875,70.37151420755696
167,human,3,Human,0.8819907929050484,27.303058624267578,-3.30859375,75.2572947330363
167,human,4,Human,0.876266015351324,33.30613708496094,-3.337890625,74.9574818971821
167,human,5,Human,0.8281355330182754,38.64706039428711,-3.62109375,70.57195031780687
168,human,0,Human,0.8741615263059119,20.572555541992188,-2.96875,75.25618583975428
168,human,1,Human,0.9407613344739092,25.624866485595703,-3.2109375,76.38479569896144
168,human,2,Human,0.8632429617149168,23.383445739746094,-3.130859375,74.45918347215076
168,human,3,Human,0.9066344649616843,16.141786575317383,-2.783203125,76.48559232171682
168,human,4,Human,0.7569919325497617,12.728114128112793,-2.482421875,63.11201399834706
168,human,5,Human,0.9159755953086126,43.57600021362305,-3.78125,74.79938706568296
168,human,6,Human,0.8207999381540437,12.075087547302246,-2.443359375,70.98523686111962
168,human,7,Human,0.8652133516143627,9.918076515197754,-2.2734375,74.52447123964136
168,human,8,Human,0.9183427515680225,26.82265281677246,-3.212890625,76.4613222621472
169,human,0,Human,0.8401914826939804,18.885438919067383,-2.947265625,72.8221463403161
169,human,1,Human,0.9399532942462486,34.80898666381836,-3.51953125,75.76639250070612
169,human,2,Human,0.9077361307559328,31.32674217224121,-3.517578125,75.6665190296359
169,human,3,Human,0.9245664053219292,21.836349487304688,-3.072265625,76.60150114752648
169,human,4,Human,0.9520570533432271,20.220033645629883,-3.03515625,76.28004949024414
170,human,0,Human,0.9746039523109588,47.66891860961914,-3.888671875,73.16225127198551
170,human,1,Human,0.9882352941176471,18.33854103088379,-2.8203125,74.88942647421837
170,human,2,Human,0.9321123321123321,15.567570686340332,-2.74609375,76.69563012787329
170,human,3,Human,0.9937888198757764,39.94646072387695,-3.615234375,73.23958287694056
170,human,4,Human,0.9354435831180017,11.270127296447754,-2.33984375,76.56725993637707
170,human,5,Human,0.9414991219672413,23.457834243774414,-3.1328125,76.45577254490897
170,human,6,Human,0.9696969696969697,34.669830322265625,-3.458984375,75.07922146634621
170,human,7,Human,0.9418931315216145,29.706703186035156,-3.341796875,76.16778302787252
170,human,8,Human,0.8785582799250985,16.587337493896484,-2.80859375,75.48222397670958
170,human,9,Human,0.9571214392803599,40.994956970214844,-3.7578125,74.57782201246744
170,human,10,Human,1.0,52.483497619628906,-3.951171875,71.101390250004
171,human,0,Human,0.9056451016921295,44.138938903808594,-3.75,74.6938807447807
171,human,1,Human,0.7616124982563817,13.291768074035645,-2.576171875,63.76609408381901
171,human,2,Human,0.9141214534852398,31.175512313842773,-3.44921875,75.94737225796717
171,human,3,Human,0.9464116543033337,20.51188087463379,-3.048828125,76.39948543628357
171,human,4,Human,0.933710889145797,18.57861328125,-2.951171875,76.6211105398988
171,human,5,Human,0.9559576647319905,29.624494552612305,-3.404296875,75.70894051077195
171,human,6,Human,0.8961110891619366,22.675548553466797,-3.130859375,76.03414234934237
171,human,7,Human,0.8383643045166671,27.951839447021484,-3.41015625,72.09912266621807
171,human,8,Human,0.9333251805976538,32.473506927490234,-3.494140625,75.90813898607023
171,human,9,Human,0.9190730944559687,25.657909393310547,-3.251953125,76.36368703072347
171,human,10,Human,0.9510135135135135,44.2225341796875,-3.80859375,74.45951222841664
171,human,11,Human,0.8000621542003519,17.72704315185547,-2.814453125,68.8200348062791
171,human,12,Human,0.8456387977973824,15.933724403381348,-2.814453125,73.27838662390765
171,human,13,Human,0.9178151583068298,32.17515563964844,-3.4140625,76.07851380364777
171,human,14,Human,0.891504617893024,35.97352600097656,-3.5859375,74.995721420619
171,human,15,Human,0.9943502824858758,40.432064056396484,-3.673828125,73.019930459054
172,human,0,Human,0.8912894765907547,40.41180419921875,-3.703125,74.551599476969
172,human,1,Human,0.9010993178702815,15.774398803710938,-2.712890625,76.39126699488322
172,human,2,Human,0.9136997349925107,27.887157440185547,-3.341796875,76.15831175891873
172,human,3,Human,0.9548387096774194,22.568452835083008,-3.138671875,76.12714685082923
172,human,4,Human,0.8555301569913546,14.787065505981445,-2.76953125,74.0119925435407
172,human,5,Human,0.9200053007177348,37.36909103393555,-3.64453125,75.44311818254323
172,human,6,Human,0.8920206676733146,20.366943359375,-3.037109375,75.957532322419
172,human,7,Human,0.9126262610802102,15.308100700378418,-2.744140625,76.58305345232192
172,human,8,Human,0.9593023255813954,23.514989852905273,-3.166015625,75.97331540877188
172,human,9,Human,0.8913470839704184,21.04962921142578,-3.087890625,75.88045950163664
172,human,10,Human,0.9451476793248945,15.320612907409668,-2.748046875,76.52639185024456
172,human,11,Human,0.9112796571064917,16.467971801757812,-2.830078125,76.5451544150794
172,human,12,Human,0.911800458179438,18.839618682861328,-2.93359375,76.5538312530672
172,human,13,Human,0.86906881065613,18.339595794677734,-2.9296875,74.91737933099749
172,human,14,Human,0.8706215387997966,16.13874053955078,-2.796875,75.04250229203629
172,human,15,Human,0.8027436023622048,90.0528564453125,-4.50390625,60.104420768587
172,human,16,Human,0.9385783298826776,19.611682891845703,-3.00390625,76.55121083089186
173,human,0,Human,0.9374253642225937,10.529648780822754,-2.263671875,76.48911818540641
173,human,1,Human,0.9732142857142857,14.508118629455566,-2.423828125,75.72052802825006
173,human,2,Human,0.9673202614379085,22.56733512878418,-3.083984375,75.78738541813412
173,human,3,Human,0.9314842578710646,28.462631225585938,-3.212890625,76.52271164425865
173,human,4,Human,0.8536190772323716,11.574908256530762,-2.404296875,73.85148037676255
173,human,5,Human,0.8941946430735668,13.83747386932373,-2.501953125,76.17952145277776
173,human,6,Human,0.8961879980260138,17.642045974731445,-2.80859375,76.26135814951219
173,human,7,Human,0.9476744186046512,18.719820022583008,-2.814453125,76.59432827781555
173,human,8,Human,0.8870748563872932,15.287238121032715,-2.6875,75.90205543914968
173,human,9,Human,0.9663008301674405,22.196990966796875,-3.029296875,75.90151793164006
173,human,10,Human,0.9384316770186336,11.843278884887695,-2.421875,76.57165752173734
173,human,11,Human,0.9222507708119219,18.839622497558594,-2.708984375,76.89656301806627
173,human,12,Human,0.9061603847955488,21.220054626464844,-2.94921875,76.5308924577843
173,human,13,Human,0.9113870267208007,19.533296585083008,-2.96484375,76.5379050630477
174,human,0,Human,0.908448362349293,25.946395874023438,-3.189453125,76.34398360121568
174,human,1,Human,0.8978254594724243,21.793123245239258,-2.98046875,76.2924981758066
174,human,2,Human,0.8219480651472661,17.343332290649414,-2.783203125,71.22505819091077
174,human,3,Human,0.9069163661010168,19.116384506225586,-2.87890625,76.5432586352079
174,human,4,Human,0.7849385160263156,16.406246185302734,-2.78125,66.93086616844626
174,human,5,Human,0.8964530514424377,16.327285766601562,-2.763671875,76.24257405280413
175,human,0,Human,0.9672359707215058,22.421550750732422,-2.98046875,75.94316228989418
175,human,1,Human,0.9429037520391517,22.436918258666992,-3.072265625,76.50100605030156
175,human,2,Human,0.887971515242202,19.87936019897461,-3.048828125,75.7625702845938
175,human,3,Human,0.8025729940455336,25.43882179260254,-3.185546875,68.87465255769365
175,human,4,Human,0.9119013161895181,68.94898986816406,-4.24609375,71.01901924824402
175,human,5,Human,0.7939089386325567,23.627492904663086,-3.21875,67.7309089691938
175,human,6,Human,0.9087363473900291,23.50079345703125,-3.041015625,76.53501501220552
176,human,0,Human,0.8480355959740918,11.129443168640137,-2.421875,73.39331778545485
176,human,1,Human,0.9232017397122784,26.600196838378906,-3.267578125,76.37998429920815
176,human,2,Human,0.9239734299516907,19.72787094116211,-3.02734375,76.58227658768233
176,human,3,Human,0.8132251191817897,12.669583320617676,-2.52734375,70.20654577065265
176,human,4,Human,0.8322339134495947,22.065202713012695,-3.078125,72.05423706677881
176,human,5,Human,0.9253041164067027,14.375415802001953,-2.705078125,76.66889670447236
176,human,6,Human,0.8288621889997978,13.857675552368164,-2.6171875,71.83037309461446
176,human,7,Human,0.9406425702811245,31.562068939208984,-3.455078125,75.93158642548764
176,human,8,Human,0.9290076995538059,21.32207679748535,-3.0859375,76.56141804808023
176,human,9,Human,0.9551282051282052,26.15043830871582,-3.294921875,75.92022119474282
176,human,10,Human,0.9264462809917354,25.25566291809082,-3.22265625,76.44640572240077
176,human,11,Human,0.990990990990991,25.52863311767578,-3.259765625,74.31137149995573
176,human,12,Human,0.9457132298595713,63.392459869384766,-4.16796875,71.85557954211872
176,human,13,Human,0.9204372708575516,17.458003997802734,-2.908203125,76.61725075023206
176,human,14,Human,0.8716552752892792,18.894248962402344,-2.966796875,75.04468499432181
176,human,15,Human,0.8993016921426862,17.919065475463867,-2.888671875,76.28293801592335
176,human,16,Human,0.864027144224564,31.358455657958984,-3.470703125,73.93263237723428
177,human,0,Human,0.8471987466527406,15.728713989257812,-2.798828125,73.40758945818828
177,human,1,Human,0.8889413212023412,17.275724411010742,-2.802734375,75.98871306718121
177,human,2,Human,0.8967082046846716,44.928863525390625,-3.80859375,74.23331331533855
177,human,3,Human,0.8353880735130876,15.859405517578125,-2.802734375,72.40977136595133
177,human,4,Human,0.9075155763239876,14.548922538757324,-2.744140625,76.44711300755733
178,human,0,Human,0.8406215092686055,11.375811576843262,-2.4453125,72.797440209468
178,human,1,Human,0.8961710207095391,17.904958724975586,-2.796875,76.28574960174713
178,human,2,Human,0.8040739748056822,36.902042388916016,-3.490234375,68.42117828862993
178,human,3,Human,0.8637996157896276,16.021930694580078,-2.708984375,74.6970522791805
178,human,4,Human,0.7599428361225494,15.26938247680664,-2.6796875,63.59038266387056
178,human,5,Human,0.7455565577609935,22.316328048706055,-3.078125,61.38744300972579
178,human,6,Human,0.8889594588390137,19.741674423217773,-2.947265625,75.94239661827889
178,human,7,Human,0.8057300012325896,21.22996711730957,-2.98828125,69.4224159710922
178,human,8,Human,0.9460251046025104,28.24872398376465,-3.32421875,76.11661274420975
178,human,9,Human,0.8925122765735357,16.436466217041016,-2.703125,76.16520115683001
179,human,0,Human,0.8988710018121784,32.887184143066406,-3.470703125,75.5675402520961
179,human,1,Human,0.8747488148385449,30.954805374145508,-3.439453125,74.63867895211723
179,human,2,Human,0.9842210929167451,34.314327239990234,-3.4609375,74.34543635839901
179,human,3,Human,0.9749223787914975,45.795536041259766,-3.751953125,73.68415462419289
179,human,4,Human,0.8976745433982972,41.081214904785156,-3.62109375,74.98283369601272
179,human,5,Human,0.8200889086192157,33.8993034362793,-3.521484375,70.11617193308136
179,human,6,Human,0.9354488778054862,36.91299819946289,-3.525390625,75.77085140585471
179,human,7,Human,0.8909030696123931,34.9533576965332,-3.5625,75.0494963292884
179,human,8,Human,0.8792220897165397,23.41046142578125,-3.19921875,75.24597004192505
179,human,9,Human,0.809542624454842,12.672842979431152,-2.587890625,69.77852835381971
179,human,10,Human,0.8991143193569856,46.849979400634766,-3.869140625,74.01198366954898
179,human,11,Human,0.9509429963975419,44.210819244384766,-3.80078125,74.4863545863913
179,human,12,Human,0.8617396818737576,20.3005313873291,-2.962890625,74.50484484273866
180,human,0,Human,0.8916829819684366,14.547969818115234,-2.73046875,76.0052601046815
180,human,1,Human,0.9538461538461539,33.00493621826172,-3.484375,75.58604869973101
180,human,2,Human,0.8839557313658386,27.099105834960938,-3.3203125,75.31727650460797
180,human,3,Human,0.8688081545180805,22.53890609741211,-3.162109375,74.71968508422974
180,human,4,Human,0.9540311921755221,23.481952667236328,-3.18359375,76.09912571714803
181,human,0,Human,0.9339584586267486,36.009361267089844,-3.619140625,75.54240993077502
181,human,1,Human,0.8676707329775492,19.854143142700195,-2.95703125,74.86877744602813
181,human,2,Human,0.8844396076447568,17.21848487854004,-2.88671875,75.70669943293906
181,human,3,Human,0.9163096486030718,40.12111282348633,-3.65234375,75.3168167624227
181,human,4,Human,0.8514419422117518,20.481449127197266,-3.01171875,73.71268185834208
182,human,0,Human,0.903310520064643,27.959163665771484,-3.328125,75.98750402429668
182,human,1,Human,0.9455058117735282,35.15825653076172,-3.474609375,75.78901825419368
182,human,2,Human,0.872480064709896,27.496326446533203,-3.265625,74.86493641099757
182,human,3,Human,0.8463890232510053,21.304224014282227,-3.005859375,73.36099740103619
182,human,4,Human,0.8187889801938475,16.75832176208496,-2.791015625,70.86352121244933
182,human,5,Human,0.8546363914598193,26.44464683532715,-3.240234375,73.74645713901533
182,human,6,Human,0.9386368765515685,15.976381301879883,-2.7578125,76.65375561816371
182,human,7,Human,0.8869938688493977,17.548368453979492,-2.83203125,75.89415841398548
183,human,0,Human,0.9231510464884549,24.84784507751465,-3.17578125,76.51631633188913
183,human,1,Human,0.9411220358588779,24.954601287841797,-3.037109375,76.66368867620903
183,human,2,Human,0.9084748104298732,18.861968994140625,-2.7890625,76.65810533050993
183,human,3,Human,0.9211750252292572,14.619759559631348,-2.48828125,76.77864705417868
183,human,4,Human,0.9146461358892056,11.62792682647705,-2.294921875,76.53967306592482
183,human,5,Human,0.9595588235294118,20.578763961791992,-2.83203125,76.33743837624355
183,human,6,Human,0.9720670391061452,20.629871368408203,-2.861328125,75.81448571917791
184,human,0,Human,0.9207949868841444,16.8106632232666,-2.85546875,76.64735004974585
184,human,1,Human,0.9161271911155825,24.40751838684082,-3.224609375,76.35470216524428
184,human,2,Human,0.9169233978370398,11.189959526062012,-2.390625,76.53976147814069
184,human,3,Human,0.8713706153224018,16.232051849365234,-2.8046875,75.08289637139137
184,human,4,Human,0.8678784074218723,13.642724990844727,-2.58203125,74.88991792569345
184,human,5,Human,0.8017112411994914,25.715028762817383,-3.2578125,68.6401245502577
185,human,0,Human,0.8338758797419387,16.982070922851562,-2.8984375,72.22919035331611
185,human,1,Human,0.8225965400765154,12.34581470489502,-2.564453125,71.1469548543547
185,human,2,Human,0.8799113216103189,14.115090370178223,-2.67578125,75.5186732109448
185,human,3,Human,0.8417299000304362,15.406020164489746,-2.736328125,72.99730742163663
185,human,4,Human,0.9350202786104743,19.825138092041016,-3.0234375,76.56705862799014
185,human,5,Human,0.7691092655394336,12.246305465698242,-2.560546875,64.74246744205489
185,human,6,Human,0.9820359281437125,37.490116119384766,-3.673828125,73.8489931486977
185,human,7,Human,0.9004724274370355,23.824737548828125,-3.197265625,76.08185346025193
185,human,8,Human,0.7920332531136749,12.70737075805664,-2.546875,67.75397505540732
185,human,9,Human,0.8610123041968671,15.164472579956055,-2.712890625,74.46249215506488
185,human,10,Human,0.843219806459721,17.814414978027344,-2.90625,73.07757887823517
186,human,0,Human,0.9901960784313726,26.891706466674805,-3.30859375,74.29052605605125
186,human,1,Human,0.910814615811839,45.99722671508789,-3.8203125,74.48563562908832
186,human,2,Human,0.8915881817915089,14.754229545593262,-2.755859375,75.99250123810975
186,human,3,Human,0.9091920743653578,35.15483856201172,-3.599609375,75.46104533835374
186,human,4,Human,0.8773615113672751,21.19101905822754,-3.109375,75.23375948761618
186,human,5,Human,0.9826086956521739,63.87826156616211,-4.07421875,70.7523000576203
187,human,0,Human,0.9688715953307393,45.002288818359375,-3.8515625,73.68650081619417
187,human,1,Human,0.9264203121033078,23.579416275024414,-3.185546875,76.46843828612734
187,human,2,Human,0.9082983245034584,34.35514450073242,-3.45703125,75.8256692223592
187,human,3,Human,0.967741935483871,34.797325134277344,-3.47265625,75.12666089361828
187,human,4,Human,0.8731063607433645,13.320151329040527,-2.67578125,75.1163574459344
187,human,5,Human,0.9457132298595713,34.372528076171875,-3.541015625,75.62094013175015
187,human,6,Human,0.9136095826096265,22.974653244018555,-2.9921875,76.67143191645376
187,human,7,Human,0.8953030181599233,39.3630485534668,-3.64453125,74.89388955924638
187,human,8,Human,0.9797297297297297,36.94043731689453,-3.564453125,74.29144651575841
187,human,9,Human,0.8836889172342054,39.33753967285156,-3.595703125,74.57983443653609
187,human,10,Human,0.8541540143666304,19.83871078491211,-2.84375,74.1013768319473
187,human,11,Human,0.867537277497777,19.805856704711914,-2.9140625,74.91424966473227
187,human,12,Human,0.8803001773775413,35.045021057128906,-3.482421875,74.8037121969406
188,human,0,Human,0.8835133338425623,18.57502555847168,-2.9765625,75.61833515428546
188,human,1,Human,0.9360532581197732,36.69575881958008,-3.580078125,75.6230147643767
188,human,2,Human,0.9323163138231632,25.21233367919922,-3.20703125,76.46280597424656
188,human,3,Human,0.9644058295964125,31.755191802978516,-3.451171875,75.32366986827391
188,human,4,Human,0.9061231427600136,28.324222564697266,-3.314453125,76.08892909241686
188,human,5,Human,0.9429260076478136,38.44694137573242,-3.642578125,75.3257277336968
188,human,6,Human,0.8804928860286872,19.925491333007812,-2.869140625,75.67679649953219
189,human,0,Human,0.8416341583590901,27.238624572753906,-3.287109375,72.64337617195147
189,human,1,Human,0.8291001686415975,11.16202163696289,-2.341796875,71.75008083475416
189,human,2,Human,0.9724137931034482,20.389375686645508,-2.890625,75.75449145920027
189,human,3,Human,0.8202158181078654,25.09700584411621,-3.173828125,70.8129949020822
189,human,4,Human,0.7756486266893623,13.841099739074707,-2.681640625,65.6548707038959
189,human,5,Human,0.9113722473598239,16.15504264831543,-2.744140625,76.61117661774114
190,human,0,Human,0.968944099378882,30.91649627685547,-3.392578125,75.27833746963954
190,human,1,Human,0.8681525072822845,15.262357711791992,-2.63671875,74.97394031438365
190,human,2,Human,0.9326923076923077,21.549392700195312,-2.998046875,76.69249773623255
190,human,3,Human,0.9224017120498021,33.5586051940918,-3.572265625,75.70601736841759
190,human,4,Human,0.8660464062101595,28.228330612182617,-3.328125,74.36506794970279
190,human,5,Human,0.9058985625977508,35.356693267822266,-3.521484375,75.6015866944484
191,human,0,Human,0.9173789173789174,21.82124137878418,-3.01953125,76.63580580207974
191,human,1,Human,0.9094677363699103,15.257624626159668,-2.7421875,76.52858485980093
191,human,2,Human,0.9063621905704623,22.112773895263672,-3.115234375,76.31713146311147
191,human,3,Human,0.8990967924347532,32.127471923828125,-3.46484375,75.58930134627941
191,human,4,Human,0.8642657413446461,18.678667068481445,-2.931640625,74.63624580529066
191,human,5,Human,0.9233195436791887,17.789506912231445,-2.87109375,76.69455211583681
191,human,6,Human,0.874657950190354,16.8281192779541,-2.7890625,75.31236160030996
191,human,7,Human,0.8875297805309962,29.034692764282227,-3.33984375,75.45818662183584
191,human,8,Human,0.9038094700603873,13.139907836914062,-2.505859375,76.41580503840737
191,human,9,Human,0.7929833309038145,15.96237850189209,-2.826171875,67.86547680291727
191,human,10,Human,0.8886216612792586,22.2172908782959,-3.107421875,75.78831587877785
192,human,0,Human,0.8142988707313139,15.825203895568848,-2.771484375,70.35769817885102
192,human,1,Human,0.7466514722940112,20.7407169342041,-3.0546875,61.52428809875445
192,human,2,Human,0.6505394927286015,55.63529968261719,-4.0390625,43.05567727227934
192,human,3,Human,0.8652242108174311,12.265774726867676,-2.41015625,74.68951003166806
192,human,4,Human,0.8324176988116303,19.336091995239258,-2.888671875,72.22395847335301
193,human,0,Human,0.8519018251701301,27.164627075195312,-3.267578125,73.50340210541728
193,human,1,Human,0.8566228796105416,13.955974578857422,-2.63671875,74.14059506809478
193,human,2,Human,0.796219144126118,21.744182586669922,-3.068359375,68.21125450818883
193,human,3,Human,0.9343907714491709,26.527503967285156,-3.267578125,76.36076202883162
193,human,4,Human,0.7768196526551092,17.474836349487305,-2.845703125,65.86931802781385
193,human,5,Human,0.9429223744292238,24.87267303466797,-3.275390625,76.2028850953214
193,human,6,Human,0.8139097823695101,11.884635925292969,-2.408203125,70.25673981857969
193,human,7,Human,0.8584912779728906,17.66990852355957,-2.935546875,74.19722555879018
193,human,8,Human,0.7996550621566366,17.156129837036133,-2.853515625,68.70121211822656
193,human,9,Human,0.86711104134372,12.39856243133545,-2.560546875,74.77390964796817
193,human,10,Human,0.8131416379853721,20.581092834472656,-2.955078125,70.26163915619455
193,human,11,Human,0.8498749605637738,25.447860717773438,-3.115234375,73.59800547875125
193,human,12,Human,0.8823247304071574,17.819469451904297,-2.826171875,75.7097319230744
193,human,13,Human,0.697695064725465,9.83224868774414,-2.32421875,53.884296905485485
193,human,14,Human,0.8717655069174494,16.882884979248047,-2.76171875,75.18115190364793
193,human,15,Human,0.8190547719027913,15.277527809143066,-2.748046875,70.84736761130098
194,human,0,Human,0.9574468085106383,21.94791030883789,-3.21875,75.87779901596308
194,human,1,Human,0.7684270788607412,15.239559173583984,-2.705078125,64.74819100235733
194,human,2,Human,0.7715411655162088,10.742081642150879,-2.419921875,65.0109455075921
194,human,3,Human,0.9646909827760891,26.608095169067383,-3.291015625,75.61819368187155
194,human,4,Human,0.8354522670312144,13.099907875061035,-2.580078125,72.41284875027361
194,human,5,Human,0.9347094167616286,30.01945686340332,-3.439453125,76.02479565366947
194,human,6,Human,0.875946852955277,15.876592636108398,-2.875,75.23779195533639
194,human,7,Human,0.8496702361995107,14.512041091918945,-2.654296875,73.64779967522391
194,human,8,Human,0.9010674043962312,18.965322494506836,-3.001953125,76.23411362417538
194,human,9,Human,0.8834862385321101,22.606155395507812,-3.0546875,75.67100171870996
194,human,10,Human,0.8568008776881683,30.092283248901367,-3.498046875,73.36852409653133
194,human,11,Human,0.9945945945945946,9.518352508544922,-2.310546875,74.17356111209577
194,human,12,Human,0.9415325452214784,16.749557495117188,-2.865234375,76.54955644733862
194,human,13,Human,0.8900361535914534,13.035971641540527,-2.658203125,75.90324802061382
194,human,14,Human,0.7768806337335776,10.749665260314941,-2.4140625,65.72542304535361
194,human,15,Human,0.6562955760816723,23.023399353027344,-3.1484375,47.26450287246991
194,human,16,Human,0.8785229505036136,56.873046875,-4.08203125,71.74271038652219
194,human,17,Human,0.8363505537396769,19.242509841918945,-3.00390625,72.42434236565747
195,human,0,Human,0.8594656412294913,25.01344108581543,-3.18359375,74.16148275934903
195,human,1,Human,0.8417354671731437,14.983294486999512,-2.728515625,72.97963728099603
195,human,2,Human,0.8926467002803489,21.33879852294922,-3.0859375,75.9426044226959
195,human,3,Human,0.9090428735984445,19.460535049438477,-3.005859375,76.43513388303819
195,human,4,Human,0.8234141391165894,31.339740753173828,-3.447265625,70.64359667620283
195,human,5,Human,0.9498135273683393,21.84145164489746,-3.0859375,76.32025601043316
195,human,6,Human,0.9079856180913917,17.026500701904297,-2.80078125,76.54469697658352
196,human,0,Human,0.8898587554777703,20.50787925720215,-3.0078125,75.92648921359367
196,human,1,Human,0.9011889621779853,23.066246032714844,-3.025390625,76.36984217686556
196,human,2,Human,0.8318525646768091,22.210521697998047,-2.998046875,72.14724632313052
196,human,3,Human,0.8735276792000114,21.52971839904785,-3.017578125,75.19071481469007
196,human,4,Human,0.762014535007879,19.03013801574707,-2.93359375,63.82618061214773
196,human,5,Human,0.9585253456221198,27.772953033447266,-3.203125,76.03532262011012
197,human,0,Human,0.9733333333333334,64.99384307861328,-4.16796875,70.77370022866162
197,human,1,Human,0.9668352663098723,22.756574630737305,-3.107421875,75.77468033441244
197,human,2,Human,0.9072890025575449,26.239416122436523,-3.294921875,76.115946992616
197,human,3,Human,0.9613947176114417,25.047117233276367,-3.130859375,76.01091142938826
197,human,4,Human,0.8815433212697595,25.89181137084961,-3.265625,75.29650280266007
197,human,5,Human,0.9551083912457214,20.553354263305664,-2.990234375,76.27790694082668
197,human,6,Human,0.9669087136929461,19.789793014526367,-3.00390625,75.81643602466262
198,human,0,Human,0.8831884817975777,23.862613677978516,-3.16015625,75.52059134383973
198,human,1,Human,0.9876543209876543,15.879746437072754,-2.724609375,74.8828390443969
198,human,2,Human,0.9541984732824428,14.615225791931152,-2.599609375,76.37826427305359
198,human,3,Human,0.9841269841269841,26.887975692749023,-3.28515625,74.70560547819359
198,human,4,Human,0.9101836155471222,22.267255783081055,-3.087890625,76.44420252085054
199,human,0,Human,0.9252182539682541,23.8073787689209,-3.19921875,76.4480027936379
199,human,1,Human,0.791253980850691,20.77164649963379,-2.9921875,67.68384652786173
199,human,2,Human,0.8816696116968286,29.949363708496094,-3.40234375,75.06790124137515
199,human,3,Human,0.872208718198023,14.642940521240234,-2.701171875,75.12917391165998
199,human,4,Human,0.8532383646177184,19.518205642700195,-2.970703125,73.86330490769899
199,human,5,Human,0.790328640657588,17.842350006103516,-2.9140625,67.53868197936826
0,llama,0,Llama-3.1-8B,0.8779099069453861,7.994869232177734,-2.033203125,75.00939301590117
0,llama,1,Llama-3.1-8B,0.8232952001669304,11.94615650177002,-2.412109375,71.23327321230704
0,llama,2,Llama-3.1-8B,0.8276494015573255,8.215359687805176,-2.09375,71.3330604246732
0,llama,3,Llama-3.1-8B,0.8519753744267037,9.510608673095703,-2.24609375,73.57561595759304
0,llama,4,Llama-3.1-8B,0.833279036143567,9.885610580444336,-2.265625,72.04370683188952
1,llama,0,Llama-3.1-8B,0.860075113085201,8.450116157531738,-2.091796875,74.02076398757552
1,llama,1,Llama-3.1-8B,0.8420961748168544,8.75839614868164,-2.0625,72.66147932981968
1,llama,2,Llama-3.1-8B,0.8639506859473488,7.210104942321777,-1.90625,74.05899382506244
1,llama,3,Llama-3.1-8B,0.8365792967489583,9.671210289001465,-2.16015625,72.29654627819666
1,llama,4,Llama-3.1-8B,0.7813588294551251,8.093618392944336,-1.9921875,65.9952839327996
2,llama,0,Llama-3.1-8B,0.9314798537669565,7.615722179412842,-1.9306640625,76.15709488770207
2,llama,1,Llama-3.1-8B,0.906064577492438,7.916866302490234,-2.0625,76.04405076126694
2,llama,2,Llama-3.1-8B,0.8807979506752919,9.94871997833252,-2.26953125,75.38760531778212
2,llama,3,Llama-3.1-8B,0.8414229904306141,7.728114128112793,-1.9736328125,72.4714199463849
2,llama,4,Llama-3.1-8B,0.9421359591725272,11.718880653381348,-2.42578125,76.51286695000795
3,llama,0,Llama-3.1-8B,0.8576557455991726,5.686126232147217,-1.71875,73.33892421895693
3,llama,1,Llama-3.1-8B,0.8933788504287076,6.314228534698486,-1.8359375,75.39018710071127
3,llama,2,Llama-3.1-8B,0.8102359608884175,6.228474140167236,-1.8232421875,69.18355565770162
3,llama,3,Llama-3.1-8B,0.8837928869787768,7.065881729125977,-1.935546875,75.15121561062773
3,llama,4,Llama-3.1-8B,0.7855185985491587,7.0255303382873535,-1.921875,66.39578619676958
4,llama,0,Llama-3.1-8B,0.5912398483983816,6.815603256225586,-1.8662109375,36.81137895258177
4,llama,1,Llama-3.1-8B,0.8831560580454103,8.551733016967773,-2.03125,75.30088343123798
4,llama,2,Llama-3.1-8B,0.7378223882672824,6.950064182281494,-1.83203125,59.65477654158237
4,llama,3,Llama-3.1-8B,0.8768575709393346,7.582531929016113,-1.9541015625,74.87104541712368
4,llama,4,Llama-3.1-8B,0.8660593217966734,6.958461761474609,-1.876953125,74.14796660155554
5,llama,0,Llama-3.1-8B,0.8046266460528604,5.942155838012695,-1.77734375,68.48728721976998
5,llama,1,Llama-3.1-8B,0.7743541566537305,5.558145999908447,-1.716796875,64.63244400720636
5,llama,2,Llama-3.1-8B,0.7664960091582663,5.503057956695557,-1.6865234375,63.52858747262436
5,llama,3,Llama-3.1-8B,0.7450022637815983,6.648527145385742,-1.9013671875,60.76074704532491
5,llama,4,Llama-3.1-8B,0.8277369659468706,6.58359432220459,-1.8759765625,71.06710865455639
6,llama,0,Llama-3.1-8B,0.8871218812644129,10.5250825881958,-2.322265625,75.71582324283904
6,llama,1,Llama-3.1-8B,0.8244985349705588,11.594345092773438,-2.4375,71.32581216006066
6,llama,2,Llama-3.1-8B,0.8349764452909237,9.640373229980469,-2.275390625,72.18235043569295
6,llama,3,Llama-3.1-8B,0.8120173166916552,7.76024866104126,-2.04296875,69.66620457205698
6,llama,4,Llama-3.1-8B,0.907957244655582,10.70897388458252,-2.412109375,76.36660309809014
7,llama,0,Llama-3.1-8B,0.9026210134403413,11.602660179138184,-2.326171875,76.30833772949693
7,llama,1,Llama-3.1-8B,0.8804264063704085,12.166552543640137,-2.4609375,75.5177110323752
7,llama,2,Llama-3.1-8B,0.9049433211289596,13.689692497253418,-2.59765625,76.43887880094253
7,llama,3,Llama-3.1-8B,0.8870826026947232,10.228734016418457,-2.23828125,75.6806532082431
7,llama,4,Llama-3.1-8B,0.9005619558783899,9.89395809173584,-2.25,76.12498015225967
8,llama,0,Llama-3.1-8B,0.7954886781578216,6.8028106689453125,-1.8994140625,67.59432153233122
8,llama,1,Llama-3.1-8B,0.8872255366975016,14.23564624786377,-2.6171875,75.89107504576147
8,llama,2,Llama-3.1-8B,0.8583044228821959,8.076986312866211,-2.0390625,73.84237159270431
8,llama,3,Llama-3.1-8B,0.8596038726029326,8.58909797668457,-2.041015625,73.97092316704202
8,llama,4,Llama-3.1-8B,0.881646757501774,13.269621849060059,-2.544921875,75.62061711143707
9,llama,0,Llama-3.1-8B,0.816385027308721,7.018607139587402,-1.9658203125,70.02656418810238
9,llama,1,Llama-3.1-8B,0.8165613505611619,14.281594276428223,-2.60546875,70.62782297825115
9,llama,2,Llama-3.1-8B,0.8617876562895347,11.938973426818848,-2.40234375,74.44720736686318
9,llama,3,Llama-3.1-8B,0.8499610800738993,9.369357109069824,-2.150390625,73.38222155618477
9,llama,4,Llama-3.1-8B,0.8745061043285238,7.924818992614746,-1.962890625,74.77941431964179
10,llama,0,Llama-3.1-8B,0.7945742695821453,7.052258014678955,-1.8076171875,67.4204695058396
10,llama,1,Llama-3.1-8B,0.7781149827234503,6.016458034515381,-1.65625,65.09819516225816
10,llama,2,Llama-3.1-8B,0.7797206265612178,6.6977081298828125,-1.8916015625,65.59958104685799
10,llama,3,Llama-3.1-8B,0.7725565129838571,6.527429103851318,-1.748046875,64.50110371817242
10,llama,4,Llama-3.1-8B,0.8121763641425389,5.888097763061523,-1.623046875,69.15249455177273
11,llama,0,Llama-3.1-8B,0.7274576583884025,9.241098403930664,-2.166015625,58.474287555167145
11,llama,1,Llama-3.1-8B,0.7563075836952334,7.61562967300415,-1.9677734375,62.526589409558404
11,llama,2,Llama-3.1-8B,0.8374539639936261,10.217010498046875,-2.310546875,72.44877311580703
11,llama,3,Llama-3.1-8B,0.8753778601376184,11.035862922668457,-2.3203125,75.19695390216378
11,llama,4,Llama-3.1-8B,0.8929546257610889,11.300423622131348,-2.37890625,75.99357388775243
12,llama,0,Llama-3.1-8B,0.8672656642625266,9.268267631530762,-2.125,74.55892485937508
12,llama,1,Llama-3.1-8B,0.8501860607110737,10.20761489868164,-2.2578125,73.49155351731984
12,llama,2,Llama-3.1-8B,0.9084655852668095,11.925085067749023,-2.390625,76.46121753454304
12,llama,3,Llama-3.1-8B,0.9085272676687834,10.074676513671875,-2.119140625,76.28127582161324
12,llama,4,Llama-3.1-8B,0.8741884139694607,9.973248481750488,-2.189453125,75.03271605823355
13,llama,0,Llama-3.1-8B,0.8852550655360868,14.363075256347656,-2.529296875,75.85654481135852
13,llama,1,Llama-3.1-8B,0.8623567079745849,16.598243713378906,-2.658203125,74.67140992712716
13,llama,2,Llama-3.1-8B,0.8520462881273846,16.0672664642334,-2.666015625,73.91126846775138
13,llama,3,Llama-3.1-8B,0.82047717673146,13.527007102966309,-2.572265625,71.00418917184842
13,llama,4,Llama-3.1-8B,0.9648760330578512,31.409358978271484,-3.328125,75.59173082013493
14,llama,0,Llama-3.1-8B,0.9445913111921016,13.482358932495117,-2.494140625,76.57134873218237
14,llama,1,Llama-3.1-8B,0.8326057487704231,9.315498352050781,-2.087890625,71.87845966514328
14,llama,2,Llama-3.1-8B,0.9030273928751086,14.452194213867188,-2.515625,76.47441750978538
14,llama,3,Llama-3.1-8B,0.85782046207886,9.789905548095703,-2.134765625,73.9832433166877
14,llama,4,Llama-3.1-8B,0.9002505504647504,10.827127456665039,-2.310546875,76.1909019137504
15,llama,0,Llama-3.1-8B,0.8599037384039957,7.310503959655762,-1.9912109375,73.86355234830425
15,llama,1,Llama-3.1-8B,0.8882507014485851,7.139559268951416,-1.9658203125,75.36860787691205
15,llama,2,Llama-3.1-8B,0.8021396097938881,7.885300636291504,-2.033203125,68.55976458220739
15,llama,3,Llama-3.1-8B,0.8705531487108181,7.8566508293151855,-2.00390625,74.58232698168122
15,llama,4,Llama-3.1-8B,0.7982001816318848,9.298223495483398,-2.251953125,68.29242532974439
16,llama,0,Llama-3.1-8B,0.8778514719637868,9.641786575317383,-2.232421875,75.21326586321688
16,llama,1,Llama-3.1-8B,0.8984578071651953,7.528861045837402,-1.9873046875,75.77073200641158
16,llama,2,Llama-3.1-8B,0.8752419108131588,9.763666152954102,-2.19140625,75.07496377144042
16,llama,3,Llama-3.1-8B,0.8636035928725584,9.358780860900879,-2.162109375,74.35150605321981
16,llama,4,Llama-3.1-8B,0.9270207314873263,16.405099868774414,-2.75390625,76.74786238361524
17,llama,0,Llama-3.1-8B,1.0,28.579011917114258,-3.224609375,73.8305809343196
17,llama,1,Llama-3.1-8B,1.0,35.684635162353516,-3.345703125,73.58119676231557
17,llama,2,Llama-3.1-8B,1.0,30.280641555786133,-3.52734375,73.15292198585942
17,llama,3,Llama-3.1-8B,1.0,39.086830139160156,-3.587890625,72.90957936876258
17,llama,4,Llama-3.1-8B,0.7407165004125437,6.1613287925720215,-1.7548828125,59.950310333100305
18,llama,0,Llama-3.1-8B,0.7781958501505848,4.76193380355835,-1.599609375,64.94082603039391
18,llama,1,Llama-3.1-8B,0.8730434063613839,5.094920635223389,-1.66015625,74.19034622340568
18,llama,2,Llama-3.1-8B,0.9136177903504636,5.384345054626465,-1.7216796875,75.70007540520172
18,llama,3,Llama-3.1-8B,0.7588806933835278,6.877867698669434,-1.962890625,62.8322624635463
18,llama,4,Llama-3.1-8B,0.8087552058143985,5.78631591796875,-1.7802734375,68.94312423433477
19,llama,0,Llama-3.1-8B,0.8485420087038605,8.458242416381836,-2.1484375,73.20456851651973
19,llama,1,Llama-3.1-8B,0.8908707774693274,12.182265281677246,-2.47265625,75.96287105657926
19,llama,2,Llama-3.1-8B,0.8990601178101179,10.837621688842773,-2.37890625,76.15915644400022
19,llama,3,Llama-3.1-8B,0.890383196754816,7.5353312492370605,-2.048828125,75.53648088346708
19,llama,4,Llama-3.1-8B,0.933917168399927,10.827101707458496,-2.3671875,76.54877853870688
20,llama,0,Llama-3.1-8B,0.9256049480291516,6.526670932769775,-1.8974609375,76.05454895801236
20,llama,1,Llama-3.1-8B,0.8567516289559833,5.372744560241699,-1.640625,73.1613679499853
20,llama,2,Llama-3.1-8B,0.8693870954760927,10.135188102722168,-2.265625,74.79239118722455
20,llama,3,Llama-3.1-8B,0.8829440659094897,8.687525749206543,-2.177734375,75.37226573571904
20,llama,4,Llama-3.1-8B,0.8679373377977977,6.904182434082031,-1.845703125,74.230838272418
21,llama,0,Llama-3.1-8B,0.7902096686744688,7.991387367248535,-2.009765625,67.12119030862412
21,llama,1,Llama-3.1-8B,0.8507847799958133,10.48907470703125,-2.25390625,73.55634137231716
21,llama,2,Llama-3.1-8B,0.7896992597120531,7.85743522644043,-2.00390625,67.0439332705235
21,llama,3,Llama-3.1-8B,0.757080558416899,6.940286636352539,-1.8798828125,62.51566438938913
21,llama,4,Llama-3.1-8B,0.7723076007066598,6.9352335929870605,-1.892578125,64.63609400440046
22,llama,0,Llama-3.1-8B,0.8763246373545346,9.951075553894043,-2.169921875,75.13781300350529
22,llama,1,Llama-3.1-8B,0.9009413286811896,12.246821403503418,-2.45703125,76.29705583266245
22,llama,2,Llama-3.1-8B,0.9151079661035387,7.229983806610107,-1.908203125,76.04210292146546
22,llama,3,Llama-3.1-8B,0.9213871235147831,13.041952133178711,-2.486328125,76.68309100147596
22,llama,4,Llama-3.1-8B,0.8878170534268753,10.499665260314941,-2.296875,75.74013662470877
23,llama,0,Llama-3.1-8B,0.8651356670230735,6.501212120056152,-1.8720703125,74.05069340286806
23,llama,1,Llama-3.1-8B,0.8383701266054207,8.376701354980469,-2.1171875,72.34186069889482
23,llama,2,Llama-3.1-8B,0.8438588192563657,5.781060218811035,-1.7763671875,72.35405570293011
23,llama,3,Llama-3.1-8B,0.8661678163375958,8.90861701965332,-2.19921875,74.49355806001981
23,llama,4,Llama-3.1-8B,0.8748452173425152,8.019044876098633,-2.068359375,74.87223376479575
24,llama,0,Llama-3.1-8B,0.9633867276887872,13.679220199584961,-2.501953125,76.06418930953015
24,llama,1,Llama-3.1-8B,0.8351969527246144,8.174992561340332,-1.9580078125,71.949460962699
24,llama,2,Llama-3.1-8B,0.9155060006123836,8.190494537353516,-1.97265625,76.16883110592111
24,llama,3,Llama-3.1-8B,0.8673745936435348,7.793337345123291,-1.8818359375,74.2964483522374
24,llama,4,Llama-3.1-8B,0.8503778590918808,7.9015302658081055,-1.9384765625,73.18124371293139
25,llama,0,Llama-3.1-8B,0.8804042908972598,7.2027153968811035,-1.99609375,75.04848486878183
25,llama,1,Llama-3.1-8B,0.9216257312955851,9.779153823852539,-2.29296875,76.47766950734359
25,llama,2,Llama-3.1-8B,0.8486515217170635,5.821779251098633,-1.802734375,72.7688053426366
25,llama,3,Llama-3.1-8B,0.8862736737376968,8.177560806274414,-2.1484375,75.46936615686585
25,llama,4,Llama-3.1-8B,0.8679087731713651,6.210694789886475,-1.861328125,74.1893811074465
26,llama,0,Llama-3.1-8B,0.9122362869198313,10.338372230529785,-2.32421875,76.4193124802477
26,llama,1,Llama-3.1-8B,0.8473630301268186,10.46728229522705,-2.2890625,73.29435246344478
26,llama,2,Llama-3.1-8B,0.8871785540111763,9.393900871276855,-2.232421875,75.62375405163426
26,llama,3,Llama-3.1-8B,0.8689961590762698,8.712505340576172,-2.138671875,74.62825172615055
26,llama,4,Llama-3.1-8B,0.9029626385063041,8.958048820495605,-2.1328125,76.08296314446517
27,llama,0,Llama-3.1-8B,0.8171441899659916,6.954458236694336,-1.923828125,70.06959905387588
27,llama,1,Llama-3.1-8B,0.8732969438084552,10.458117485046387,-2.28125,75.04023664559124
27,llama,2,Llama-3.1-8B,0.8423168532209877,12.098092079162598,-2.421875,72.99307351633048
27,llama,3,Llama-3.1-8B,0.8935015998217571,7.145590305328369,-1.8837890625,75.5013117604655
27,llama,4,Llama-3.1-8B,0.8769354397354794,7.034698009490967,-1.9140625,74.80226255449847
28,llama,0,Llama-3.1-8B,0.7953773974432132,8.647594451904297,-2.16015625,67.88001670659963
28,llama,1,Llama-3.1-8B,0.8466336475905575,12.273506164550781,-2.51171875,73.33762179063014
28,llama,2,Llama-3.1-8B,0.8695044822086564,12.818824768066406,-2.517578125,74.961191132371
28,llama,3,Llama-3.1-8B,0.835193337508542,7.335565567016602,-1.9775390625,71.89994597832187
28,llama,4,Llama-3.1-8B,0.8213150891392258,9.031027793884277,-2.21484375,70.81385056381909
29,llama,0,Llama-3.1-8B,0.7787338156446817,7.8981194496154785,-2.021484375,65.65798545859596
29,llama,1,Llama-3.1-8B,0.8934438635497827,8.39212417602539,-2.056640625,75.71685628060465
29,llama,2,Llama-3.1-8B,0.8751509591395823,7.364144802093506,-1.9716796875,74.77789758543454
29,llama,3,Llama-3.1-8B,0.8809734194370672,7.527098178863525,-1.986328125,75.09368481421198
29,llama,4,Llama-3.1-8B,0.8481215131522009,7.1293840408325195,-1.9345703125,72.9443394886124
30,llama,0,Llama-3.1-8B,0.9023667123679991,13.63718318939209,-2.568359375,76.38681885248705
30,llama,1,Llama-3.1-8B,0.8591647949305368,7.430219650268555,-2.017578125,73.83965405798725
30,llama,2,Llama-3.1-8B,0.900839851065852,7.852296829223633,-2.046875,75.90127662630518
30,llama,3,Llama-3.1-8B,0.8596549485939787,6.567477226257324,-1.8662109375,73.69161887076615
30,llama,4,Llama-3.1-8B,0.8530481829776689,8.060484886169434,-2.037109375,73.4624735966829
31,llama,0,Llama-3.1-8B,0.8249568608641531,9.676279067993164,-2.2578125,71.23515100738007
31,llama,1,Llama-3.1-8B,0.8027778244172399,8.283617973327637,-2.083984375,68.69217007001235
31,llama,2,Llama-3.1-8B,0.8435245063203365,9.961427688598633,-2.265625,72.94362596641153
31,llama,3,Llama-3.1-8B,0.8991845091402111,7.8311567306518555,-2.025390625,75.8399610192552
31,llama,4,Llama-3.1-8B,0.8418780919644677,11.751771926879883,-2.427734375,72.93231755125291
32,llama,0,Llama-3.1-8B,0.9128495956531727,8.774593353271484,-2.154296875,76.27706117105758
32,llama,1,Llama-3.1-8B,0.9138557840834175,9.285429954528809,-2.22265625,76.35141366981432
32,llama,2,Llama-3.1-8B,0.8908426773309626,8.115873336791992,-2.0625,75.60534656321553
32,llama,3,Llama-3.1-8B,0.8394069823404526,5.738301753997803,-1.7177734375,71.91286243678643
32,llama,4,Llama-3.1-8B,0.8980189052008535,10.331327438354492,-2.31640625,76.09195651848121
33,llama,0,Llama-3.1-8B,0.8762762861062328,6.216673374176025,-1.8212890625,74.62330178062469
33,llama,1,Llama-3.1-8B,0.8773806588535101,9.263713836669922,-2.18359375,75.14781493933546
33,llama,2,Llama-3.1-8B,0.8494560278794311,8.082319259643555,-2.037109375,73.19150073994413
33,llama,3,Llama-3.1-8B,0.8861692327937887,9.39588451385498,-2.177734375,75.56539231838758
33,llama,4,Llama-3.1-8B,0.8593118324012246,8.113487243652344,-2.05859375,73.92591835857871
34,llama,0,Llama-3.1-8B,0.7787413271297384,6.378622531890869,-1.7763671875,65.33985247575133
34,llama,1,Llama-3.1-8B,0.6973517023152546,4.327736854553223,-1.421875,52.661578732051815
34,llama,2,Llama-3.1-8B,0.6921766002079991,4.663655757904053,-1.51171875,51.98603646786831
34,llama,3,Llama-3.1-8B,0.5442692564944772,4.479173183441162,-1.4716796875,29.815775844636605
34,llama,4,Llama-3.1-8B,0.6515284477281448,5.40280294418335,-1.642578125,45.69429938641399
35,llama,0,Llama-3.1-8B,0.9813278008298755,19.625431060791016,-3.0,75.12800523595234
35,llama,1,Llama-3.1-8B,0.803510344244281,9.513105392456055,-2.287109375,68.93438810768815
35,llama,2,Llama-3.1-8B,0.793534769719578,6.243290424346924,-1.888671875,67.30514887717968
35,llama,3,Llama-3.1-8B,0.9121003243744208,12.693124771118164,-2.548828125,76.537681877091
35,llama,4,Llama-3.1-8B,0.8081721371227063,9.463118553161621,-2.25,69.45237342004704
36,llama,0,Llama-3.1-8B,0.8218449487423766,6.558048725128174,-1.7783203125,70.3917203543648
36,llama,1,Llama-3.1-8B,0.8499493887293218,6.713652610778809,-1.8564453125,72.98947256033279
36,llama,2,Llama-3.1-8B,0.842453692213278,5.904613971710205,-1.6748046875,72.13725074952876
36,llama,3,Llama-3.1-8B,0.9023362418424409,7.311642169952393,-1.9169921875,75.80966510020495
36,llama,4,Llama-3.1-8B,0.9309203355019334,9.404946327209473,-2.099609375,76.39977838914851
37,llama,0,Llama-3.1-8B,0.8043890768088442,5.293023109436035,-1.701171875,68.3278500682978
37,llama,1,Llama-3.1-8B,0.863751319308437,7.139127731323242,-2.017578125,74.12202589968366
37,llama,2,Llama-3.1-8B,0.9004190267978404,9.684096336364746,-2.28515625,76.11231325078377
37,llama,3,Llama-3.1-8B,0.7157338407060938,5.052918910980225,-1.6611328125,55.93654335570571
37,llama,4,Llama-3.1-8B,0.8341360885604562,5.141446113586426,-1.654296875,71.32589290460587
38,llama,0,Llama-3.1-8B,0.9285479853233245,11.016420364379883,-2.439453125,76.57672869306616
38,llama,1,Llama-3.1-8B,0.8815816983696864,10.535054206848145,-2.388671875,75.47230269847682
38,llama,2,Llama-3.1-8B,0.882887521463425,8.121312141418457,-2.109375,75.29940465139394
38,llama,3,Llama-3.1-8B,0.808104104142614,10.116191864013672,-2.359375,69.50264518963252
38,llama,4,Llama-3.1-8B,0.7820258979549575,12.448674201965332,-2.54296875,66.47813368827778
39,llama,0,Llama-3.1-8B,0.8562204296551466,8.500596046447754,-2.138671875,73.77838300356657
39,llama,1,Llama-3.1-8B,0.8511504365042217,9.235844612121582,-2.232421875,73.49023349091212
39,llama,2,Llama-3.1-8B,0.9315973887350525,14.248308181762695,-2.630859375,76.70384478907046
39,llama,3,Llama-3.1-8B,0.8969074010425616,12.167940139770508,-2.4453125,76.17589413659522
39,llama,4,Llama-3.1-8B,0.7965255015068412,10.892949104309082,-2.365234375,68.21615549241304
40,llama,0,Llama-3.1-8B,0.816409314437302,10.019092559814453,-2.294921875,70.39344291677065
40,llama,1,Llama-3.1-8B,0.8436884905209888,10.919255256652832,-2.41796875,73.02836950894147
40,llama,2,Llama-3.1-8B,0.796222893039177,7.400092601776123,-1.99609375,67.80115702673217
40,llama,3,Llama-3.1-8B,0.8291562344115728,6.607491970062256,-1.890625,71.21738211770304
40,llama,4,Llama-3.1-8B,0.8457302003975752,7.020453929901123,-1.935546875,72.74590381343816
41,llama,0,Llama-3.1-8B,0.8083160473964872,8.129441261291504,-2.080078125,69.3071882241193
41,llama,1,Llama-3.1-8B,0.8313556931065839,8.837813377380371,-2.13671875,71.7507128697313
41,llama,2,Llama-3.1-8B,0.8246097023272205,6.984663009643555,-1.8876953125,70.80282421780426
41,llama,3,Llama-3.1-8B,0.7852289477390902,7.607709884643555,-1.9892578125,66.45325327157029
41,llama,4,Llama-3.1-8B,0.8228714293870248,7.631584644317627,-1.9814453125,70.75158109117298
42,llama,0,Llama-3.1-8B,0.866650341883382,7.760359287261963,-2.021484375,74.3538905243903
42,llama,1,Llama-3.1-8B,0.839083815166158,6.384475231170654,-1.8623046875,72.07880486621403
42,llama,2,Llama-3.1-8B,0.8864278207780142,9.729801177978516,-2.263671875,75.62335238690905
42,llama,3,Llama-3.1-8B,0.7794152857470497,7.772797107696533,-2.064453125,65.76322884919733
42,llama,4,Llama-3.1-8B,0.8711151332774425,7.783805847167969,-2.04296875,74.633636846448
43,llama,0,Llama-3.1-8B,0.8793797391454752,10.586846351623535,-2.2890625,75.3668842965479
43,llama,1,Llama-3.1-8B,0.8518027244925208,9.269301414489746,-2.16796875,73.5221555657912
43,llama,2,Llama-3.1-8B,0.9661733615221987,11.333627700805664,-2.353515625,75.8269328627986
43,llama,3,Llama-3.1-8B,0.9419956062646163,9.609837532043457,-2.234375,76.35895723283562
43,llama,4,Llama-3.1-8B,0.8813901918469504,8.188602447509766,-2.08203125,75.221384824205
44,llama,0,Llama-3.1-8B,0.8817992623578906,7.813605785369873,-1.96875,75.14179422349471
44,llama,1,Llama-3.1-8B,0.8976568908719224,7.245328903198242,-1.892578125,75.65244961030919
44,llama,2,Llama-3.1-8B,0.9388693900438204,12.73342227935791,-2.490234375,76.6105150255727
44,llama,3,Llama-3.1-8B,0.8877106266527274,8.22724723815918,-2.005859375,75.4565542475647
44,llama,4,Llama-3.1-8B,0.93862721522296,7.488900661468506,-1.9755859375,76.12327071819394
45,llama,0,Llama-3.1-8B,0.8433388591666039,5.198240756988525,-1.654296875,72.1312839230337
45,llama,1,Llama-3.1-8B,0.8748012267151295,8.291194915771484,-2.142578125,74.92607997754074
45,llama,2,Llama-3.1-8B,0.8299811568460866,8.998822212219238,-2.216796875,71.66162642627366
45,llama,3,Llama-3.1-8B,0.9080423026718879,9.316007614135742,-2.2421875,76.25992785983851
45,llama,4,Llama-3.1-8B,0.8784373521586465,10.221508026123047,-2.34375,75.29907217946773
46,llama,0,Llama-3.1-8B,0.8892412861382734,8.774280548095703,-2.126953125,75.62506707507131
46,llama,1,Llama-3.1-8B,0.7897138332327304,8.152997016906738,-2.068359375,67.10692733053482
46,llama,2,Llama-3.1-8B,0.8312136920726941,12.317561149597168,-2.490234375,72.00807979390065
46,llama,3,Llama-3.1-8B,0.7748450914013223,9.350421905517578,-2.236328125,65.34556438622492
46,llama,4,Llama-3.1-8B,0.8768575709393346,12.043036460876465,-2.43359375,75.3371557289314
47,llama,0,Llama-3.1-8B,0.8143008260947067,5.590902328491211,-1.7294921875,69.47980441827126
47,llama,1,Llama-3.1-8B,0.8368019280482175,5.0030293464660645,-1.63671875,71.53354588630556
47,llama,2,Llama-3.1-8B,0.876636767856611,6.567012310028076,-1.8876953125,74.72894907453495
47,llama,3,Llama-3.1-8B,0.8956102087893923,6.289773941040039,-1.8408203125,75.46831726895027
47,llama,4,Llama-3.1-8B,0.8593338994067206,6.456883430480957,-1.8955078125,73.68626807037977
48,llama,0,Llama-3.1-8B,0.8914752439243826,12.527530670166016,-2.494140625,76.0021896896361
48,llama,1,Llama-3.1-8B,0.8721323408096121,10.482366561889648,-2.28125,74.97718233331753
48,llama,2,Llama-3.1-8B,0.8677828103009646,10.726752281188965,-2.265625,74.73810588869017
48,llama,3,Llama-3.1-8B,0.9073631382741434,6.775320053100586,-1.8017578125,75.78276389568636
48,llama,4,Llama-3.1-8B,0.8990575291622482,7.940469741821289,-1.9892578125,75.8208061141763
49,llama,0,Llama-3.1-8B,0.857525673475811,9.611847877502441,-2.111328125,73.93930065984352
49,llama,1,Llama-3.1-8B,0.9463519313304721,12.161280632019043,-2.36328125,76.47322486714124
49,llama,2,Llama-3.1-8B,0.9242865882183597,9.838692665100098,-2.171875,76.46407077966667
49,llama,3,Llama-3.1-8B,0.7865580529567534,7.401737213134766,-1.8857421875,66.52639142280013
49,llama,4,Llama-3.1-8B,0.9134298491621557,14.526982307434082,-2.50390625,76.68823178661731
50,llama,0,Llama-3.1-8B,0.929806222111274,15.977140426635742,-2.71875,76.75017480669734
50,llama,1,Llama-3.1-8B,0.9043282515999164,11.790657997131348,-2.28515625,76.3588489029071
50,llama,2,Llama-3.1-8B,0.9004589728146871,13.535391807556152,-2.435546875,76.37046347925141
50,llama,3,Llama-3.1-8B,0.9115162514436561,17.178409576416016,-2.71875,76.68975593948743
50,llama,4,Llama-3.1-8B,0.8986570022544909,16.612913131713867,-2.685546875,76.38895317881955
51,llama,0,Llama-3.1-8B,0.8687626025957796,8.129828453063965,-2.03515625,74.51775395623392
51,llama,1,Llama-3.1-8B,0.866944880164952,7.917706489562988,-1.9970703125,74.36787434714962
51,llama,2,Llama-3.1-8B,0.8660071267816953,8.611650466918945,-2.126953125,74.43447207398968
51,llama,3,Llama-3.1-8B,0.9295063392525739,7.570127964019775,-2.029296875,76.22930427225657
51,llama,4,Llama-3.1-8B,0.900197029788664,8.895096778869629,-2.150390625,76.01212929784373
52,llama,0,Llama-3.1-8B,0.8473421545597004,6.308156490325928,-1.75,72.65039150815954
52,llama,1,Llama-3.1-8B,0.9113795570026145,9.731202125549316,-2.123046875,76.30993548807632
52,llama,2,Llama-3.1-8B,0.9262492530107133,11.905341148376465,-2.38671875,76.64332950838957
52,llama,3,Llama-3.1-8B,0.9301172626377252,11.459135055541992,-2.314453125,76.60900491437287
52,llama,4,Llama-3.1-8B,0.8919836449886027,9.849802017211914,-2.2421875,75.8453128643096
53,llama,0,Llama-3.1-8B,0.7560267451108915,6.655066013336182,-1.9423828125,62.39417106923191
53,llama,1,Llama-3.1-8B,0.8393392515288804,7.063546657562256,-1.9267578125,72.20737638088254
53,llama,2,Llama-3.1-8B,0.7354770066742121,6.6354804039001465,-1.9443359375,59.37264127553957
53,llama,3,Llama-3.1-8B,0.8570080385662803,5.967912197113037,-1.8115234375,73.41085216993864
53,llama,4,Llama-3.1-8B,0.7952288755209271,5.846634864807129,-1.7763671875,67.3749401335685
54,llama,0,Llama-3.1-8B,0.8502914697746341,11.648052215576172,-2.455078125,73.59818522680571
54,llama,1,Llama-3.1-8B,0.8735889691028643,13.512726783752441,-2.609375,75.19618540728312
54,llama,2,Llama-3.1-8B,0.8671801434193688,7.957842826843262,-2.091796875,74.44126095992449
54,llama,3,Llama-3.1-8B,0.8565660853012297,12.351836204528809,-2.486328125,74.10092455126714
54,llama,4,Llama-3.1-8B,0.8728793982590078,10.485114097595215,-2.3671875,75.02459026787002
55,llama,0,Llama-3.1-8B,0.7990716730629603,6.869386672973633,-1.8046875,67.94146670787512
55,llama,1,Llama-3.1-8B,0.8354506119500128,7.346461296081543,-1.876953125,71.84489345029915
55,llama,2,Llama-3.1-8B,0.8694771355357289,8.952189445495605,-2.099609375,74.65623836934392
55,llama,3,Llama-3.1-8B,0.873159353186713,7.970897674560547,-1.9404296875,74.69268831557577
55,llama,4,Llama-3.1-8B,0.863080846250836,8.78024673461914,-2.072265625,74.2340828623739
56,llama,0,Llama-3.1-8B,0.8336045331649128,9.084643363952637,-2.197265625,71.99895044863872
56,llama,1,Llama-3.1-8B,0.9284071856287425,10.480690002441406,-2.341796875,76.5468986583888
56,llama,2,Llama-3.1-8B,0.9244882793053442,11.71613597869873,-2.4375,76.62127845683372
56,llama,3,Llama-3.1-8B,0.8795103345456459,9.731002807617188,-2.23046875,75.30166061685365
56,llama,4,Llama-3.1-8B,0.8318270864201126,7.818170547485352,-2.025390625,71.6602330519868
57,llama,0,Llama-3.1-8B,0.8090448376296551,10.132244110107422,-2.185546875,69.57944671197127
57,llama,1,Llama-3.1-8B,0.8494912150305931,8.75119686126709,-2.10546875,73.28101014448305
57,llama,2,Llama-3.1-8B,0.8090088451970602,10.239182472229004,-2.259765625,69.60266511581567
57,llama,3,Llama-3.1-8B,0.8255826221259466,6.521800518035889,-1.8349609375,70.8160778184512
57,llama,4,Llama-3.1-8B,0.8673637600624835,10.280989646911621,-2.30078125,74.68681165601198
58,llama,0,Llama-3.1-8B,0.7908357530237509,8.248974800109863,-2.1171875,67.27785561940411
58,llama,1,Llama-3.1-8B,0.8539418011639223,6.843350887298584,-1.94140625,73.37047739489024
58,llama,2,Llama-3.1-8B,0.856952211489578,6.842344284057617,-1.9736328125,73.61101343002139
58,llama,3,Llama-3.1-8B,0.8736968825864194,10.379508018493652,-2.28125,75.05667137476038
58,llama,4,Llama-3.1-8B,0.8972829973873571,10.666302680969238,-2.294921875,76.0905762416836
59,llama,0,Llama-3.1-8B,0.9112949861936063,11.572698593139648,-2.470703125,76.47622425427365
59,llama,1,Llama-3.1-8B,0.7706233367834934,7.718831539154053,-2.029296875,64.56821466135852
59,llama,2,Llama-3.1-8B,0.80406023510094,7.931650638580322,-2.0546875,68.79732774232745
59,llama,3,Llama-3.1-8B,0.8092125652346731,8.671051979064941,-2.158203125,69.4828383638952
59,llama,4,Llama-3.1-8B,0.8538281462693164,9.327817916870117,-2.21875,73.69351508145324
60,llama,0,Llama-3.1-8B,0.892460773057788,8.3871431350708,-2.126953125,75.71740052412555
60,llama,1,Llama-3.1-8B,0.9384008780388773,6.979917049407959,-1.9853515625,76.09388186421529
60,llama,2,Llama-3.1-8B,0.9585790939624805,8.619705200195312,-2.16796875,75.87288811917101
60,llama,3,Llama-3.1-8B,0.8872336684048276,8.59465503692627,-2.166015625,75.54715029734255
60,llama,4,Llama-3.1-8B,0.8718918733801355,6.846198558807373,-1.9462890625,74.5409424611348
61,llama,0,Llama-3.1-8B,0.8579834931697803,7.623798847198486,-2.0234375,73.77638403994662
61,llama,1,Llama-3.1-8B,0.8795503448236591,7.793060779571533,-2.04296875,75.08162740474431
61,llama,2,Llama-3.1-8B,0.8793082066826426,9.883928298950195,-2.26953125,75.31093887877168
61,llama,3,Llama-3.1-8B,0.8067955060283575,6.984634876251221,-1.94921875,68.96611900495965
61,llama,4,Llama-3.1-8B,0.8622072597216963,9.900880813598633,-2.2734375,74.33004453278583
62,llama,0,Llama-3.1-8B,0.8699473826227738,8.356536865234375,-2.130859375,74.65447709672806
62,llama,1,Llama-3.1-8B,0.8234341008371188,7.602130889892578,-2.0078125,70.82349194450208
62,llama,2,Llama-3.1-8B,0.8326785988042312,10.608638763427734,-2.38671875,72.04657622331386
62,llama,3,Llama-3.1-8B,0.8936311176570007,7.446750164031982,-2.033203125,75.63857480796304
62,llama,4,Llama-3.1-8B,0.8764446586045231,8.38157844543457,-2.13671875,75.01700828845549
63,llama,0,Llama-3.1-8B,0.832054677507999,7.550359725952148,-1.935546875,71.59829178178802
63,llama,1,Llama-3.1-8B,0.7994472580462498,7.834038734436035,-1.986328125,68.21073965631274
63,llama,2,Llama-3.1-8B,0.8691347322381483,7.335995197296143,-1.9296875,74.40651482128364
63,llama,3,Llama-3.1-8B,0.8004347900210099,11.049643516540527,-2.28515625,68.68505520646637
63,llama,4,Llama-3.1-8B,0.806992521779354,9.184135437011719,-2.185546875,69.28237306471445
64,llama,0,Llama-3.1-8B,0.8865774233181071,7.980192184448242,-2.07421875,75.43226013386368
64,llama,1,Llama-3.1-8B,0.8900901330677743,7.528818130493164,-1.958984375,75.46546320614162
64,llama,2,Llama-3.1-8B,0.9428689297501178,15.424062728881836,-2.72265625,76.59293682187773
64,llama,3,Llama-3.1-8B,0.8548827133665897,8.262959480285645,-2.080078125,73.63659682806676
64,llama,4,Llama-3.1-8B,0.8727239436822682,9.331719398498535,-2.197265625,74.90896696241818
65,llama,0,Llama-3.1-8B,0.9023703821151102,7.925478458404541,-2.009765625,75.92447318207961
65,llama,1,Llama-3.1-8B,0.7973392250816809,8.070474624633789,-1.9775390625,67.97246851981348
65,llama,2,Llama-3.1-8B,0.8201191568157485,9.491837501525879,-2.20703125,70.72295461863996
65,llama,3,Llama-3.1-8B,0.8474817510827353,8.997479438781738,-2.162109375,73.16597438185141
65,llama,4,Llama-3.1-8B,0.8292946918544369,6.99664831161499,-1.900390625,71.26873421376118
66,llama,0,Llama-3.1-8B,0.7583477152913345,11.278559684753418,-2.380859375,63.22459716954256
66,llama,1,Llama-3.1-8B,0.8104058332449183,11.378018379211426,-2.349609375,69.84489877783732
66,llama,2,Llama-3.1-8B,0.8043193531552202,9.319552421569824,-2.166015625,68.98205797281035
66,llama,3,Llama-3.1-8B,0.8935731864128997,15.01443862915039,-2.62890625,76.17203543746943
66,llama,4,Llama-3.1-8B,0.8107786254892106,10.165322303771973,-2.232421875,69.78669260761356
67,llama,0,Llama-3.1-8B,0.6643096302489734,5.026707649230957,-1.5673828125,47.6148711486475
67,llama,1,Llama-3.1-8B,0.8706896994170643,7.706109046936035,-2.033203125,74.59749130140347
67,llama,2,Llama-3.1-8B,0.7756667239937612,5.442638397216797,-1.6591796875,64.73294976636093
67,llama,3,Llama-3.1-8B,0.8201305598278514,5.5121870040893555,-1.6748046875,70.02346578129328
67,llama,4,Llama-3.1-8B,0.8875749936869638,6.1029157638549805,-1.7529296875,75.07173363209314
68,llama,0,Llama-3.1-8B,0.9011650917726216,10.181107521057129,-2.287109375,76.16830826827079
68,llama,1,Llama-3.1-8B,0.8399076841315815,8.96107292175293,-2.169921875,72.54000228470696
68,llama,2,Llama-3.1-8B,0.848172577791253,9.407167434692383,-2.16796875,73.25244368254029
68,llama,3,Llama-3.1-8B,0.8902321250188087,11.01789379119873,-2.408203125,75.87182946430738
68,llama,4,Llama-3.1-8B,0.8733418439316143,7.894290447235107,-2.021484375,74.75363205045237
69,llama,0,Llama-3.1-8B,0.9045063193061906,11.794471740722656,-2.359375,76.36839768798112
69,llama,1,Llama-3.1-8B,0.8857878542123213,9.919076919555664,-2.28515625,75.61326643796018
69,llama,2,Llama-3.1-8B,0.9453206497441757,20.03095817565918,-2.89453125,76.61274942705798
69,llama,3,Llama-3.1-8B,0.9431299599337902,9.950183868408203,-2.158203125,76.34121966461316
69,llama,4,Llama-3.1-8B,0.882761386168884,8.765918731689453,-2.115234375,75.34413564881999
70,llama,0,Llama-3.1-8B,0.9439617918624696,12.64842414855957,-2.431640625,76.54335865436826
70,llama,1,Llama-3.1-8B,0.9473130252622541,12.456830024719238,-2.4453125,76.46490540328624
70,llama,2,Llama-3.1-8B,0.8650607425505065,8.077794075012207,-1.9580078125,74.23536447399705
70,llama,3,Llama-3.1-8B,0.8502385623073339,9.387320518493652,-2.12109375,73.39230190784151
70,llama,4,Llama-3.1-8B,0.8619143993973618,10.713581085205078,-2.267578125,74.36675776703518
71,llama,0,Llama-3.1-8B,0.8707914011864907,7.313342571258545,-1.9697265625,74.53135777551785
71,llama,1,Llama-3.1-8B,0.8758721014049472,9.846415519714355,-2.265625,75.13298434546182
71,llama,2,Llama-3.1-8B,0.8524531801006188,7.067926406860352,-1.927734375,73.26682940263282
71,llama,3,Llama-3.1-8B,0.848762907341554,9.46188735961914,-2.212890625,73.31736219562457
71,llama,4,Llama-3.1-8B,0.8757522961408268,7.494620323181152,-1.9951171875,74.83592404213577
72,llama,0,Llama-3.1-8B,0.9051255881298512,8.106246948242188,-2.12109375,76.06690916115662
72,llama,1,Llama-3.1-8B,0.7345465631482205,7.260737419128418,-1.994140625,59.315950426989204
72,llama,2,Llama-3.1-8B,0.7732326800419526,7.837738990783691,-2.076171875,64.95605754987828
72,llama,3,Llama-3.1-8B,0.8393790449432484,8.212668418884277,-2.130859375,72.42351773664001
72,llama,4,Llama-3.1-8B,0.8709616061450642,7.763396263122559,-2.080078125,74.64416498714647
73,llama,0,Llama-3.1-8B,0.8363008011808369,6.496098518371582,-1.8359375,71.81884962042356
73,llama,1,Llama-3.1-8B,0.8850103683223066,6.1067891120910645,-1.76953125,74.98108785373529
73,llama,2,Llama-3.1-8B,0.8484891044604056,6.245889186859131,-1.8388671875,72.82362791914429
73,llama,3,Llama-3.1-8B,0.7573421352755282,6.03532075881958,-1.8134765625,62.42213564151362
73,llama,4,Llama-3.1-8B,0.9355365358927422,6.826517581939697,-1.9306640625,76.0705844790021
74,llama,0,Llama-3.1-8B,0.7982663268236727,8.122307777404785,-2.095703125,68.1580391751353
74,llama,1,Llama-3.1-8B,0.8208047598073593,10.049710273742676,-2.31640625,70.85347045308828
74,llama,2,Llama-3.1-8B,0.9279228221307035,8.10313606262207,-2.07421875,76.29776554421426
74,llama,3,Llama-3.1-8B,0.88125088500354,11.114142417907715,-2.419921875,75.49356200831946
74,llama,4,Llama-3.1-8B,0.7805589711766069,8.302512168884277,-2.05859375,65.94856346587041
75,llama,0,Llama-3.1-8B,0.8342380623876752,8.561573028564453,-1.974609375,71.90337324358396
75,llama,1,Llama-3.1-8B,0.831110831224926,8.906381607055664,-1.857421875,71.5461658138296
75,llama,2,Llama-3.1-8B,0.8743582844952488,7.817377090454102,-1.9560546875,74.75834955410966
75,llama,3,Llama-3.1-8B,0.8331925450801648,7.909003257751465,-1.9990234375,71.776123262652
75,llama,4,Llama-3.1-8B,0.8531952672457107,7.324620723724365,-1.9365234375,73.348538128359
76,llama,0,Llama-3.1-8B,0.8309169664630465,9.11757755279541,-2.083984375,71.70504652960285
76,llama,1,Llama-3.1-8B,0.7463547064060835,6.129476547241211,-1.677734375,60.69792172149001
76,llama,2,Llama-3.1-8B,0.7100554264282595,4.755984783172607,-1.5166015625,54.84097148668313
76,llama,3,Llama-3.1-8B,0.7687983562950074,8.921271324157715,-2.134765625,64.4646761611079
76,llama,4,Llama-3.1-8B,0.6944637326543883,8.920820236206055,-2.14453125,53.25946679423832
77,llama,0,Llama-3.1-8B,0.8101539121179946,5.946361064910889,-1.8037109375,69.13368052812793
77,llama,1,Llama-3.1-8B,0.7704605106750404,5.704558372497559,-1.744140625,64.14943005617165
77,llama,2,Llama-3.1-8B,0.8160113038577361,6.493082046508789,-1.8681640625,69.8682214091922
77,llama,3,Llama-3.1-8B,0.8154399224330996,5.0452656745910645,-1.642578125,69.4593623047828
77,llama,4,Llama-3.1-8B,0.7788346317658682,6.307627201080322,-1.8193359375,65.38869222530546
78,llama,0,Llama-3.1-8B,0.904412557827928,10.227866172790527,-2.25,76.24744299002204
78,llama,1,Llama-3.1-8B,0.9376081082344582,8.514969825744629,-1.984375,76.21773261804601
78,llama,2,Llama-3.1-8B,0.8178377534224089,7.71467924118042,-1.9169921875,70.19455871312795
78,llama,3,Llama-3.1-8B,0.8786881672846037,11.300253868103027,-2.318359375,75.38486353467768
78,llama,4,Llama-3.1-8B,0.9094039597132225,10.2127046585083,-2.22265625,76.34526740858293
79,llama,0,Llama-3.1-8B,0.9128630705394191,10.039523124694824,-2.23828125,76.39492082979842
79,llama,1,Llama-3.1-8B,0.8840712141997609,6.093341827392578,-1.771484375,74.94079372118544
79,llama,2,Llama-3.1-8B,0.7952572130712265,7.362265586853027,-1.982421875,67.67270366367163
79,llama,3,Llama-3.1-8B,0.8851255009746452,7.820290565490723,-2.044921875,75.34185359259833
79,llama,4,Llama-3.1-8B,0.8952261184429577,8.610187530517578,-2.1015625,75.817446736691
80,llama,0,Llama-3.1-8B,0.8787324070006584,6.507575511932373,-1.87890625,74.82311104657481
80,llama,1,Llama-3.1-8B,0.8786662593751761,8.574529647827148,-2.150390625,75.14990736538955
80,llama,2,Llama-3.1-8B,0.7883238666809561,8.800386428833008,-2.171875,67.02873621274118
80,llama,3,Llama-3.1-8B,0.8635475445379797,9.077622413635254,-2.1953125,74.33911247214905
80,llama,4,Llama-3.1-8B,0.9095687186715802,10.777969360351562,-2.3828125,76.40485071038046
81,llama,0,Llama-3.1-8B,0.8893396582475166,8.55012035369873,-2.1328125,75.61499452779384
81,llama,1,Llama-3.1-8B,0.9060993696700037,6.756744384765625,-1.912109375,75.85307593296928
81,llama,2,Llama-3.1-8B,0.8575074838236375,7.290956497192383,-1.9580078125,73.67316883732124
81,llama,3,Llama-3.1-8B,0.875999668604892,6.4795942306518555,-1.8369140625,74.6439692799035
81,llama,4,Llama-3.1-8B,0.8188173148260869,9.745743751525879,-2.232421875,70.61393842176368
82,llama,0,Llama-3.1-8B,0.923789220749727,8.372127532958984,-2.0546875,76.30081321187079
82,llama,1,Llama-3.1-8B,0.9111835060364473,10.822286605834961,-2.380859375,76.43633721673295
82,llama,2,Llama-3.1-8B,0.9613636363636363,13.341451644897461,-2.552734375,76.09740288649891
82,llama,3,Llama-3.1-8B,0.8776794766571718,8.781441688537598,-2.1484375,75.1147676282736
82,llama,4,Llama-3.1-8B,0.8589325294896987,8.55483627319336,-2.109375,73.95918557824957
83,llama,0,Llama-3.1-8B,0.7957109015703406,9.020365715026855,-2.126953125,67.93373566965289
83,llama,1,Llama-3.1-8B,0.8515982896755522,11.277822494506836,-2.30859375,73.68067833682385
83,llama,2,Llama-3.1-8B,0.9021562429442311,10.31446361541748,-2.232421875,76.19340815490708
83,llama,3,Llama-3.1-8B,0.8660261077198003,10.036519050598145,-2.208984375,74.56883973232674
83,llama,4,Llama-3.1-8B,0.8861202830337922,8.45158863067627,-2.01171875,75.41100200071155
84,llama,0,Llama-3.1-8B,0.8173628437236441,6.485523700714111,-1.83984375,69.98430721858632
84,llama,1,Llama-3.1-8B,0.8577707110793429,6.362159729003906,-1.7587890625,73.44258937382195
84,llama,2,Llama-3.1-8B,0.8650286551689287,7.51022481918335,-1.95703125,74.18988570069192
84,llama,3,Llama-3.1-8B,0.7849731389737351,6.374058246612549,-1.8125,66.17997461581666
84,llama,4,Llama-3.1-8B,0.9054038336975245,6.618385314941406,-1.869140625,75.79061111228904
85,llama,0,Llama-3.1-8B,0.7599629175513621,7.582902908325195,-1.9453125,63.02584489010521
85,llama,1,Llama-3.1-8B,0.7966546654665466,6.362484931945801,-1.8896484375,67.69205256483076
85,llama,2,Llama-3.1-8B,0.7676605014015377,8.375324249267578,-2.0078125,64.19974332010311
85,llama,3,Llama-3.1-8B,0.7903376136430211,7.64643669128418,-1.9765625,67.08855046146564
85,llama,4,Llama-3.1-8B,0.8257066946168413,6.032968997955322,-1.7314453125,70.68643583254425
86,llama,0,Llama-3.1-8B,0.8312660914547131,7.918361663818359,-1.8779296875,71.50549242229218
86,llama,1,Llama-3.1-8B,0.8297510849484686,10.765336036682129,-2.0859375,71.71311933967927
86,llama,2,Llama-3.1-8B,0.8947235304803409,10.390316009521484,-2.123046875,75.93873202627523
86,llama,3,Llama-3.1-8B,0.8261143597708217,10.376143455505371,-2.0078125,71.29041056402852
86,llama,4,Llama-3.1-8B,0.8557827294016922,9.1934175491333,-1.97265625,73.70303742851628
87,llama,0,Llama-3.1-8B,0.8503759276565995,12.710518836975098,-2.388671875,73.6837564201092
87,llama,1,Llama-3.1-8B,0.9043103814008739,12.737565040588379,-2.423828125,76.42088733738825
87,llama,2,Llama-3.1-8B,0.8728199952250073,10.549189567565918,-2.236328125,75.01146607394335
87,llama,3,Llama-3.1-8B,0.8459503392159425,12.756133079528809,-2.384765625,73.33869354599867
87,llama,4,Llama-3.1-8B,0.882837623095977,10.302457809448242,-2.216796875,75.49575307007224
88,llama,0,Llama-3.1-8B,0.8666002418864638,9.331586837768555,-2.18359375,74.5459019350998
88,llama,1,Llama-3.1-8B,0.8956901274756628,10.175630569458008,-2.275390625,76.00280120665708
88,llama,2,Llama-3.1-8B,0.8854323679989284,8.942328453063965,-2.1796875,75.50174227688899
88,llama,3,Llama-3.1-8B,0.8392703921605656,8.77225112915039,-2.134765625,72.45718604102174
88,llama,4,Llama-3.1-8B,0.8244393884326269,10.771757125854492,-2.3984375,71.26891911458362
89,llama,0,Llama-3.1-8B,0.8064717891610987,12.670713424682617,-2.501953125,69.46997217608838
89,llama,1,Llama-3.1-8B,0.8186689196161459,10.51848030090332,-2.31640625,70.66684496758694
89,llama,2,Llama-3.1-8B,0.8443821308300886,10.120743751525879,-2.2421875,73.02081509314097
89,llama,3,Llama-3.1-8B,0.8782848730217151,9.115901947021484,-2.181640625,75.18215639251886
89,llama,4,Llama-3.1-8B,0.8656919588361196,9.191484451293945,-2.162109375,74.47176099976234
90,llama,0,Llama-3.1-8B,0.7550415635041581,8.106857299804688,-1.9775390625,62.38951833605358
90,llama,1,Llama-3.1-8B,0.797167277411715,7.2237467765808105,-1.921875,67.84620794224794
90,llama,2,Llama-3.1-8B,0.8092970586415421,10.349618911743164,-2.275390625,69.64514720186463
90,llama,3,Llama-3.1-8B,0.8672849085535052,9.867599487304688,-2.18359375,74.62620471771763
90,llama,4,Llama-3.1-8B,0.7482165076989282,9.906437873840332,-2.212890625,61.65067193944963
91,llama,0,Llama-3.1-8B,0.8987556209037053,10.77623176574707,-2.369140625,76.14634724857606
91,llama,1,Llama-3.1-8B,0.9312855577013414,14.08978271484375,-2.62109375,76.70123514765645
91,llama,2,Llama-3.1-8B,0.8774142688214427,14.772642135620117,-2.666015625,75.44068083864524
91,llama,3,Llama-3.1-8B,0.9264207904826747,12.341056823730469,-2.47265625,76.65900298554388
91,llama,4,Llama-3.1-8B,0.86544762380254,8.501139640808105,-2.123046875,74.38967942617398
92,llama,0,Llama-3.1-8B,0.8513494533521198,7.671528339385986,-1.9921875,73.27692464807735
92,llama,1,Llama-3.1-8B,0.8733953215932841,5.783397674560547,-1.7578125,74.37206673150428
92,llama,2,Llama-3.1-8B,0.8344964106189177,8.955731391906738,-2.1484375,72.05319230434596
92,llama,3,Llama-3.1-8B,0.8766341509244362,8.06116771697998,-2.056640625,74.96297886087837
92,llama,4,Llama-3.1-8B,0.8790186128736439,8.156785011291504,-2.076171875,75.10153178348159
93,llama,0,Llama-3.1-8B,0.9225450901803608,8.791006088256836,-2.10546875,76.35326902831109
93,llama,1,Llama-3.1-8B,0.9581335692171606,13.836612701416016,-2.55078125,76.23687051319828
93,llama,2,Llama-3.1-8B,0.9352584057445774,14.154343605041504,-2.666015625,76.65248520125432
93,llama,3,Llama-3.1-8B,0.9205862758161225,7.900386810302734,-2.041015625,76.2406605691605
94,llama,0,Llama-3.1-8B,0.8882638378186859,9.682133674621582,-2.060546875,75.61853687957333
94,llama,1,Llama-3.1-8B,0.9336506055331284,9.116914749145508,-2.0703125,76.34948440670276
94,llama,2,Llama-3.1-8B,0.8653402556047652,9.955230712890625,-2.123046875,74.48827561137973
94,llama,3,Llama-3.1-8B,0.8984392954599308,8.512164115905762,-1.9638671875,75.8271961877484
94,llama,4,Llama-3.1-8B,0.9124461441642058,9.372062683105469,-2.06640625,76.27267794033358
95,llama,0,Llama-3.1-8B,0.9080427419276571,12.245619773864746,-2.40234375,76.47306787125135
95,llama,1,Llama-3.1-8B,0.8653006599289308,8.784993171691895,-2.123046875,74.4013687283271
95,llama,2,Llama-3.1-8B,0.8996683140251753,10.419194221496582,-2.306640625,76.14573785143784
95,llama,3,Llama-3.1-8B,0.8673026499974412,16.89812469482422,-2.736328125,74.94198632657658
95,llama,4,Llama-3.1-8B,0.8738747503241624,10.101417541503906,-2.26171875,75.04350426820794
96,llama,0,Llama-3.1-8B,0.9054943610258145,9.377111434936523,-2.236328125,76.20878694032018
96,llama,1,Llama-3.1-8B,0.8466330524658038,9.26596450805664,-2.220703125,73.13688794277073
96,llama,2,Llama-3.1-8B,0.8734972847743085,11.151897430419922,-2.400390625,75.10275474738056
96,llama,3,Llama-3.1-8B,0.747369557006421,7.400399684906006,-1.998046875,61.23883161534823
96,llama,4,Llama-3.1-8B,0.8072065822946778,7.340112686157227,-1.970703125,69.0552922000401
97,llama,0,Llama-3.1-8B,0.870409356126833,11.27375316619873,-2.412109375,74.93586772428215
97,llama,1,Llama-3.1-8B,0.9141713875267378,15.565446853637695,-2.7734375,76.59417233184625
97,llama,2,Llama-3.1-8B,0.888158071277576,10.34134578704834,-2.2421875,75.73335262144255
97,llama,3,Llama-3.1-8B,0.8558004208995466,10.623797416687012,-2.353515625,73.94748453409979
97,llama,4,Llama-3.1-8B,0.9372862536087052,9.744586944580078,-2.2734375,76.43693461869994
98,llama,0,Llama-3.1-8B,0.8938661868483884,10.052125930786133,-2.0703125,75.85940470848301
98,llama,1,Llama-3.1-8B,0.8785897412509596,12.33970832824707,-2.23828125,75.43677328516972
98,llama,2,Llama-3.1-8B,0.8477070308281233,8.166641235351562,-1.8759765625,72.94193259859055
98,llama,3,Llama-3.1-8B,0.8757238849505954,10.376136779785156,-2.099609375,75.10604038927005
98,llama,4,Llama-3.1-8B,0.9140496129661065,11.584654808044434,-2.248046875,76.52078440932557
99,llama,0,Llama-3.1-8B,0.8255279862053372,7.960361003875732,-1.9716796875,71.03302678436582
99,llama,1,Llama-3.1-8B,0.8921747976775485,8.693225860595703,-2.091796875,75.71292496578344
99,llama,2,Llama-3.1-8B,0.7070554233777266,10.60410213470459,-2.28125,55.420178062264924
99,llama,3,Llama-3.1-8B,0.884489892817172,8.669683456420898,-2.060546875,75.38635287131497
99,llama,4,Llama-3.1-8B,0.8621393768421914,9.157158851623535,-2.11328125,74.22087385346809
100,llama,0,Llama-3.1-8B,0.8617439692398033,10.038440704345703,-2.291015625,74.31187162292625
100,llama,1,Llama-3.1-8B,0.8499685585358042,13.045628547668457,-2.599609375,73.61209419638409
100,llama,2,Llama-3.1-8B,0.8809285180496197,10.206604957580566,-2.349609375,75.41955904308168
100,llama,3,Llama-3.1-8B,0.8147462301052516,9.83619499206543,-2.208984375,70.18624257924435
100,llama,4,Llama-3.1-8B,0.7687269002926411,10.457320213317871,-2.345703125,64.61311356541083
101,llama,0,Llama-3.1-8B,0.913814886926192,8.44847583770752,-2.14453125,76.26305967702164
101,llama,1,Llama-3.1-8B,0.8449284002484782,8.636987686157227,-2.15234375,72.93033095910786
101,llama,2,Llama-3.1-8B,0.7149230345724344,6.474013805389404,-1.8720703125,56.137559898453986
101,llama,3,Llama-3.1-8B,0.8699114067479528,8.907712936401367,-2.185546875,74.71415866759817
101,llama,4,Llama-3.1-8B,0.7561033654277266,9.58751392364502,-2.263671875,62.77929023393306
102,llama,0,Llama-3.1-8B,0.8863963460531995,11.331552505493164,-2.4453125,75.7338818173501
102,llama,1,Llama-3.1-8B,0.801337597404511,8.755537033081055,-2.177734375,68.60100016042355
102,llama,2,Llama-3.1-8B,0.8533043107618185,9.003174781799316,-2.20703125,73.62798132601209
102,llama,3,Llama-3.1-8B,0.8788431066704854,14.002832412719727,-2.638671875,75.48366515135277
102,llama,4,Llama-3.1-8B,0.868730327916985,7.386882781982422,-2.001953125,74.43872487330016
103,llama,0,Llama-3.1-8B,0.867610367563211,13.20676326751709,-2.470703125,74.88669091337627
103,llama,1,Llama-3.1-8B,0.9973118279569892,36.69562530517578,-3.548828125,73.25761229650695
103,llama,2,Llama-3.1-8B,0.896026233040007,12.81025505065918,-2.416015625,76.19422207856202
103,llama,3,Llama-3.1-8B,0.9236869049953161,13.511341094970703,-2.4765625,76.72664449096933
103,llama,4,Llama-3.1-8B,0.9321357285429142,8.961406707763672,-2.087890625,76.35632407161845
104,llama,0,Llama-3.1-8B,0.8107374854272292,7.9049973487854,-2.029296875,69.52903467878207
104,llama,1,Llama-3.1-8B,0.9116399022386157,8.928367614746094,-2.146484375,76.26630259419444
104,llama,2,Llama-3.1-8B,0.8016639286277278,6.646281719207764,-1.84375,68.26481000835173
104,llama,3,Llama-3.1-8B,0.8197768376217537,6.548011302947998,-1.857421875,70.25543746398222
104,llama,4,Llama-3.1-8B,0.82914521418972,7.072145462036133,-1.91015625,71.26832480436585
105,llama,0,Llama-3.1-8B,0.8292846678882332,8.556746482849121,-2.1640625,71.54595014575419
105,llama,1,Llama-3.1-8B,0.8694372989448115,12.108661651611328,-2.5078125,74.91421137305323
105,llama,2,Llama-3.1-8B,0.8901604049153908,11.194535255432129,-2.35546875,75.8839927396398
105,llama,3,Llama-3.1-8B,0.8108054354132347,8.354228019714355,-2.052734375,69.58402784265546
105,llama,4,Llama-3.1-8B,0.8021213877426365,9.166838645935059,-2.19921875,68.72921676820019
106,llama,0,Llama-3.1-8B,0.8519352509447297,9.888114929199219,-2.248046875,73.59999699511795
106,llama,1,Llama-3.1-8B,0.8590422790940544,7.907136917114258,-1.966796875,73.83272229562093
106,llama,2,Llama-3.1-8B,0.8348214958166874,8.300605773925781,-2.02734375,71.97203779194103
106,llama,3,Llama-3.1-8B,0.8840836746396533,9.263846397399902,-2.15625,75.45754535928202
106,llama,4,Llama-3.1-8B,0.887210533568315,10.090614318847656,-2.25390625,75.67963991676993
107,llama,0,Llama-3.1-8B,0.9245140886494552,9.967940330505371,-2.255859375,76.49761540465143
107,llama,1,Llama-3.1-8B,0.8807365271951553,10.019270896911621,-2.21484375,75.37723512657485
107,llama,2,Llama-3.1-8B,0.9063724919803389,9.507617950439453,-2.185546875,76.22299751490281
107,llama,3,Llama-3.1-8B,0.8775464366702691,9.704914093017578,-2.185546875,75.18864524399896
107,llama,4,Llama-3.1-8B,0.8813401145138491,11.09532356262207,-2.30078125,75.49763194256329
108,llama,0,Llama-3.1-8B,0.8530939741974337,9.38780403137207,-2.205078125,73.63970267413947
108,llama,1,Llama-3.1-8B,0.8900814569224946,14.268847465515137,-2.576171875,76.02788906801831
108,llama,2,Llama-3.1-8B,0.9072259669077171,8.192878723144531,-2.0546875,76.08511146638367
108,llama,3,Llama-3.1-8B,0.8733449524427149,7.821465015411377,-2.033203125,74.75560658676338
108,llama,4,Llama-3.1-8B,0.8657625839913461,7.50490140914917,-1.9853515625,74.25572820520308
109,llama,0,Llama-3.1-8B,0.8492448417852229,6.843930244445801,-1.9326171875,73.00877044507824
109,llama,1,Llama-3.1-8B,0.7244837681607111,6.204371929168701,-1.8056640625,57.541288861719835
109,llama,2,Llama-3.1-8B,0.8353304239432658,7.498233795166016,-1.9921875,71.93479877855192
109,llama,3,Llama-3.1-8B,0.8155014213461663,6.554627418518066,-1.8388671875,69.79264704663865
109,llama,4,Llama-3.1-8B,0.81057594085149,6.5930094718933105,-1.845703125,69.27015283325935
110,llama,0,Llama-3.1-8B,0.8507979965656189,8.811125755310059,-2.056640625,73.36014288154172
110,llama,1,Llama-3.1-8B,0.8736611404605501,8.074397087097168,-1.9775390625,74.75527274789756
110,llama,2,Llama-3.1-8B,0.8499819850712712,6.894984245300293,-1.857421875,73.00684558106228
110,llama,3,Llama-3.1-8B,0.8205051459703397,7.933342933654785,-1.9697265625,70.52645720988825
110,llama,4,Llama-3.1-8B,0.8636307185228741,7.251289367675781,-1.9697265625,74.09040449381766
111,llama,0,Llama-3.1-8B,0.7859694888387958,8.048907279968262,-2.017578125,66.59914570298592
111,llama,1,Llama-3.1-8B,0.889425605283444,6.614100933074951,-1.884765625,75.3107011288164
111,llama,2,Llama-3.1-8B,0.8463133075268078,7.842402935028076,-2.041015625,72.92776290595455
111,llama,3,Llama-3.1-8B,0.861285573499968,6.679623126983643,-1.9130859375,73.84971811192324
111,llama,4,Llama-3.1-8B,0.8697129400249833,8.259721755981445,-2.15625,74.6441176506321
112,llama,0,Llama-3.1-8B,0.8736231918680942,8.807674407958984,-2.14453125,74.90124794618151
112,llama,1,Llama-3.1-8B,0.8504729351247448,8.565573692321777,-1.9755859375,73.26536451880239
112,llama,2,Llama-3.1-8B,0.9182605512471121,12.07862663269043,-2.4765625,76.59891951933324
112,llama,3,Llama-3.1-8B,0.8382595579843726,8.266831398010254,-2.0546875,72.29161704864435
112,llama,4,Llama-3.1-8B,0.8647563205925871,7.212208271026611,-1.9833984375,74.16890525365943
113,llama,0,Llama-3.1-8B,0.940561452960312,13.45242691040039,-2.412109375,76.65004495643527
113,llama,1,Llama-3.1-8B,0.8871544809279244,9.748023986816406,-2.154296875,75.62306893766011
113,llama,2,Llama-3.1-8B,0.90374553125256,11.708636283874512,-2.375,76.34404419382282
113,llama,3,Llama-3.1-8B,0.87451209275179,11.291234970092773,-2.33203125,75.16884390014917
113,llama,4,Llama-3.1-8B,0.9128398173809493,10.414751052856445,-2.21484375,76.41491368418357
114,llama,0,Llama-3.1-8B,0.8931161731546194,8.830859184265137,-2.01953125,75.71533100309438
114,llama,1,Llama-3.1-8B,0.9498385711323716,12.49232292175293,-2.365234375,76.41985761765041
114,llama,2,Llama-3.1-8B,0.9093226681997335,10.489500045776367,-2.150390625,76.33899777341259
114,llama,3,Llama-3.1-8B,0.8928789331473895,12.32790470123291,-2.365234375,76.05989206025448
114,llama,4,Llama-3.1-8B,0.8395059539120981,8.687384605407715,-1.9921875,72.39182483542825
115,llama,0,Llama-3.1-8B,0.8892390782951658,9.308540344238281,-2.142578125,75.67061870507517
115,llama,1,Llama-3.1-8B,0.8512125302237681,6.306908130645752,-1.7744140625,72.9761328315815
115,llama,2,Llama-3.1-8B,0.868942972122961,6.186728477478027,-1.7734375,74.16557418502977
115,llama,3,Llama-3.1-8B,0.9090991691420814,7.9070539474487305,-2.015625,76.07713464726895
115,llama,4,Llama-3.1-8B,0.8889593004618471,8.71766471862793,-2.103515625,75.59889390034974
116,llama,0,Llama-3.1-8B,0.8834683084894686,8.866064071655273,-2.1328125,75.39143457982827
116,llama,1,Llama-3.1-8B,0.9251010959385806,9.676009178161621,-2.234375,76.47357070269567
116,llama,2,Llama-3.1-8B,0.9071624647319148,9.59996223449707,-2.232421875,76.26009313361537
116,llama,3,Llama-3.1-8B,0.8142047045856309,11.883697509765625,-2.43359375,70.2848531826795
116,llama,4,Llama-3.1-8B,0.8166717964572227,8.812993049621582,-2.142578125,70.29275213524751
117,llama,0,Llama-3.1-8B,0.8131016196839439,10.73808479309082,-2.376953125,70.09431889298864
117,llama,1,Llama-3.1-8B,0.8126914608529867,9.695989608764648,-2.296875,69.9736052580609
117,llama,2,Llama-3.1-8B,0.790998642813432,9.178825378417969,-2.208984375,67.40100720017683
117,llama,3,Llama-3.1-8B,0.7890882085327828,6.372185707092285,-1.8505859375,66.73378819052917
117,llama,4,Llama-3.1-8B,0.8847897143775549,10.025177955627441,-2.31640625,75.58120729105072
118,llama,0,Llama-3.1-8B,0.9131913703884484,8.783594131469727,-2.11328125,76.26504403157465
118,llama,1,Llama-3.1-8B,0.854797551637762,8.496031761169434,-2.091796875,73.65378008950903
118,llama,2,Llama-3.1-8B,0.8731976876617428,8.579936981201172,-2.076171875,74.82866928537989
118,llama,3,Llama-3.1-8B,0.8477082678700065,7.004670143127441,-1.873046875,72.85153805097296
118,llama,4,Llama-3.1-8B,0.9115210434933148,9.179739952087402,-2.15625,76.2865738955538
119,llama,0,Llama-3.1-8B,0.8646125583013028,16.692556381225586,-2.599609375,74.85653437953518
119,llama,1,Llama-3.1-8B,0.8302550905137411,12.637081146240234,-2.3359375,71.95738730035451
119,llama,2,Llama-3.1-8B,0.8970557358991263,9.564356803894043,-2.080078125,75.93474836126792
119,llama,3,Llama-3.1-8B,0.8846655779724515,11.04792308807373,-2.20703125,75.62633531633008
119,llama,4,Llama-3.1-8B,0.8076612402851594,11.285453796386719,-2.181640625,69.50376497058409
120,llama,0,Llama-3.1-8B,0.9450985268421018,12.469179153442383,-2.53515625,76.48357954242417
120,llama,1,Llama-3.1-8B,0.8287496475973047,9.215200424194336,-2.19921875,71.55521154199003
120,llama,2,Llama-3.1-8B,0.902290372786552,16.902729034423828,-2.861328125,76.34368236633138
120,llama,3,Llama-3.1-8B,0.9275728894691035,13.253551483154297,-2.591796875,76.67335207478574
120,llama,4,Llama-3.1-8B,0.7706258301026151,8.363337516784668,-2.09765625,64.65494210425223
121,llama,0,Llama-3.1-8B,0.9158125065907412,8.529143333435059,-2.119140625,76.2838073863584
121,llama,1,Llama-3.1-8B,0.8544156776351749,8.978896141052246,-2.146484375,73.68654575809701
121,llama,2,Llama-3.1-8B,0.8181815561493987,7.348212242126465,-1.9619140625,70.2370240527263
121,llama,3,Llama-3.1-8B,0.8837364190669349,6.825109004974365,-1.927734375,75.12409404691921
121,llama,4,Llama-3.1-8B,0.8696512839176589,9.716296195983887,-2.20703125,74.76417472206548
122,llama,0,Llama-3.1-8B,0.867090317569317,8.232784271240234,-2.0546875,74.4362373656234
122,llama,1,Llama-3.1-8B,0.884208041014571,8.506954193115234,-2.15625,75.40769237874808
122,llama,2,Llama-3.1-8B,0.8296429642964295,9.104196548461914,-2.181640625,71.6263906723255
122,llama,3,Llama-3.1-8B,0.9029403166222238,7.726616859436035,-2.037109375,75.94121054541472
122,llama,4,Llama-3.1-8B,0.8721460884982171,12.727837562561035,-2.537109375,75.09993387532819
123,llama,0,Llama-3.1-8B,0.8820837682639976,9.602071762084961,-2.130859375,75.38066379448863
123,llama,1,Llama-3.1-8B,0.9125248257986333,8.881936073303223,-2.146484375,76.27686611121774
123,llama,2,Llama-3.1-8B,0.8963387213100844,7.289576530456543,-2.00390625,75.6982830288299
123,llama,3,Llama-3.1-8B,0.870652375440337,7.260879993438721,-1.8759765625,74.44503900029943
123,llama,4,Llama-3.1-8B,0.9029841476116308,8.29156494140625,-2.04296875,75.988131865411
124,llama,0,Llama-3.1-8B,0.7222781439750625,7.349330425262451,-2.015625,57.45896421615822
124,llama,1,Llama-3.1-8B,0.7441546608475099,9.95006275177002,-2.3046875,61.074722514708434
124,llama,2,Llama-3.1-8B,0.8151435558373336,13.44810962677002,-2.609375,70.42429422804607
124,llama,3,Llama-3.1-8B,0.7720525399588543,7.730108261108398,-2.05859375,64.77958891137412
124,llama,4,Llama-3.1-8B,0.6276163601972153,6.669217586517334,-1.88671875,42.28104866927458
125,llama,0,Llama-3.1-8B,0.8246228004859505,8.322199821472168,-2.0546875,71.02438476831612
125,llama,1,Llama-3.1-8B,0.8844136387489976,9.041142463684082,-2.146484375,75.45205257947033
125,llama,2,Llama-3.1-8B,0.842368875462726,7.044102668762207,-1.970703125,72.49701454689324
125,llama,3,Llama-3.1-8B,0.7871196326112949,7.412688255310059,-1.98046875,66.67159521702449
125,llama,4,Llama-3.1-8B,0.8179462560955161,6.495572566986084,-1.859375,70.0636953593561
126,llama,0,Llama-3.1-8B,0.8382431364156497,6.293155193328857,-1.853515625,71.99061029615916
126,llama,1,Llama-3.1-8B,0.8380533903151052,6.646461486816406,-1.8916015625,72.03463970290376
126,llama,2,Llama-3.1-8B,0.8129003659873976,6.236802577972412,-1.87109375,69.51831760738182
126,llama,3,Llama-3.1-8B,0.7672309361705262,6.557409286499023,-1.90625,63.927873519303446
126,llama,4,Llama-3.1-8B,0.8923530102802929,5.563323497772217,-1.7578125,75.21797067078812
127,llama,0,Llama-3.1-8B,0.8316047603551672,9.100956916809082,-2.044921875,71.74633850285818
127,llama,1,Llama-3.1-8B,0.8361402736915414,11.929553031921387,-2.37109375,72.45126604102768
127,llama,2,Llama-3.1-8B,0.8188527639513118,10.678374290466309,-2.240234375,70.68508219034753
127,llama,3,Llama-3.1-8B,0.839056870484857,10.310758590698242,-2.150390625,72.55561661576347
127,llama,4,Llama-3.1-8B,0.8176711726407466,9.322549819946289,-2.095703125,70.41303875327169
128,llama,0,Llama-3.1-8B,0.8838514185150226,9.40665340423584,-2.234375,75.48233099133377
128,llama,1,Llama-3.1-8B,0.9089900110987791,7.0484938621521,-1.9833984375,75.98837602052816
128,llama,2,Llama-3.1-8B,0.83721579384824,6.470113277435303,-1.8994140625,71.95378991822538
128,llama,3,Llama-3.1-8B,0.913528799095723,13.659907341003418,-2.625,76.58266963335869
128,llama,4,Llama-3.1-8B,0.9366967618604772,6.925707817077637,-1.9658203125,76.09403993920084
129,llama,0,Llama-3.1-8B,0.8449445070021139,10.345510482788086,-2.31640625,73.09410078358215
129,llama,1,Llama-3.1-8B,0.7836822990730307,10.171165466308594,-2.27734375,66.56708737611554
129,llama,2,Llama-3.1-8B,0.8451331212139173,10.049620628356934,-2.28515625,73.08515195756155
129,llama,3,Llama-3.1-8B,0.8497879313668788,11.544145584106445,-2.44921875,73.55361111264345
129,llama,4,Llama-3.1-8B,0.9177228379274416,11.282760620117188,-2.3984375,76.55371823877474
130,llama,0,Llama-3.1-8B,0.7936795954607117,8.10256576538086,-2.107421875,67.61111075868179
130,llama,1,Llama-3.1-8B,0.7233082335770056,6.39825439453125,-1.87109375,57.435284770422705
130,llama,2,Llama-3.1-8B,0.8555049996587848,9.593657493591309,-2.2421875,73.84051055416909
130,llama,3,Llama-3.1-8B,0.8103495132207954,7.463340759277344,-2.013671875,69.44321196297334
130,llama,4,Llama-3.1-8B,0.812515234754332,7.6223835945129395,-2.02734375,69.70034747977468
131,llama,0,Llama-3.1-8B,0.9105245328983247,9.268773078918457,-2.197265625,76.29067950079744
131,llama,1,Llama-3.1-8B,0.7909528614539304,7.930243492126465,-2.017578125,67.2135978814676
131,llama,2,Llama-3.1-8B,0.8438802909306247,8.695385932922363,-2.140625,72.84382637313566
131,llama,3,Llama-3.1-8B,0.8875028575495381,8.539880752563477,-2.072265625,75.51114922528897
131,llama,4,Llama-3.1-8B,0.8416651510317746,7.670158863067627,-2.041015625,72.53165607852395
132,llama,0,Llama-3.1-8B,0.8686077792890642,7.645242691040039,-2.00390625,74.45231515628834
132,llama,1,Llama-3.1-8B,0.8868962118239857,7.84121036529541,-2.056640625,75.42536175513034
132,llama,2,Llama-3.1-8B,0.8701282763737024,8.584708213806152,-2.125,74.67928784654963
132,llama,3,Llama-3.1-8B,0.9020241945143131,8.277274131774902,-2.1484375,76.0152730153297
132,llama,4,Llama-3.1-8B,0.895558867362146,7.3596014976501465,-1.9892578125,75.66851365266128
133,llama,0,Llama-3.1-8B,0.8970962130335876,7.492274284362793,-2.01171875,75.74273783334475
133,llama,1,Llama-3.1-8B,0.9039304979091389,10.66185188293457,-2.380859375,76.27690830515189
133,llama,2,Llama-3.1-8B,0.8658255388825336,8.56118106842041,-2.103515625,74.40853281343536
133,llama,3,Llama-3.1-8B,0.8311958012242451,6.349540710449219,-1.8671875,71.36951136210904
133,llama,4,Llama-3.1-8B,0.8021975020022244,8.259479522705078,-2.119140625,68.64049889877937
134,llama,0,Llama-3.1-8B,0.8020745824188531,7.506526470184326,-1.9873046875,68.49379611889913
134,llama,1,Llama-3.1-8B,0.9107520350471211,9.476675033569336,-2.2265625,76.31798644233011
134,llama,2,Llama-3.1-8B,0.8459100249410343,7.575850009918213,-1.98046875,72.8358655789897
134,llama,3,Llama-3.1-8B,0.8549092901626995,8.334144592285156,-2.05859375,73.63203690002638
134,llama,4,Llama-3.1-8B,0.8581835811305049,7.402960300445557,-1.9501953125,73.7230843183163
135,llama,0,Llama-3.1-8B,0.8883325374980491,5.5735063552856445,-1.7119140625,75.01672517810704
135,llama,1,Llama-3.1-8B,0.7818896280225859,5.971615314483643,-1.759765625,65.70054081029981
135,llama,2,Llama-3.1-8B,0.8456200937914161,8.506537437438965,-2.142578125,72.97295290128035
135,llama,3,Llama-3.1-8B,0.8517042501052007,8.395307540893555,-2.0859375,73.41422799759268
135,llama,4,Llama-3.1-8B,0.8522456848997546,5.725379943847656,-1.7333984375,72.9656778455198
136,llama,0,Llama-3.1-8B,0.8048119341471943,7.740893840789795,-2.06640625,68.87550322140706
136,llama,1,Llama-3.1-8B,0.8436542599499771,9.37373161315918,-2.2578125,72.91085538412315
136,llama,2,Llama-3.1-8B,0.8035319533340314,8.475043296813965,-2.1484375,68.82317959788989
136,llama,3,Llama-3.1-8B,0.8330490228379458,8.359477996826172,-2.107421875,71.85898995736885
136,llama,4,Llama-3.1-8B,0.8435249824213709,8.869974136352539,-2.171875,72.83947524927103
137,llama,0,Llama-3.1-8B,0.8799621674838797,9.315498352050781,-2.2265625,75.29282345971298
137,llama,1,Llama-3.1-8B,0.8459676173378567,9.014692306518555,-2.095703125,73.01681681679356
137,llama,2,Llama-3.1-8B,0.8697512923368402,9.993486404418945,-2.181640625,74.78162822751828
137,llama,3,Llama-3.1-8B,0.8857567880360325,10.926770210266113,-2.298828125,75.68413231670264
137,llama,4,Llama-3.1-8B,0.8398036765088788,7.96874475479126,-1.978515625,72.3546747537485
138,llama,0,Llama-3.1-8B,0.9097494371716834,10.86382007598877,-2.375,76.41444921030507
138,llama,1,Llama-3.1-8B,0.8027451330417622,6.572696208953857,-1.876953125,68.41394039881285
138,llama,2,Llama-3.1-8B,0.7812889953121311,8.160202980041504,-2.037109375,66.02008032328338
138,llama,3,Llama-3.1-8B,0.8124995781703033,8.716733932495117,-2.15625,69.84569578685179
138,llama,4,Llama-3.1-8B,0.8180828556374108,7.127824783325195,-1.958984375,70.20778253733464
139,llama,0,Llama-3.1-8B,0.8689602071104962,10.38510799407959,-2.201171875,74.76898739949318
139,llama,1,Llama-3.1-8B,0.900101485849611,11.185441017150879,-2.291015625,76.20911109821449
139,llama,2,Llama-3.1-8B,0.9022178825498675,13.132695198059082,-2.359375,76.39889667473828
139,llama,3,Llama-3.1-8B,0.9115024545557778,11.64072036743164,-2.435546875,76.49137711831956
139,llama,4,Llama-3.1-8B,0.8953493033893047,10.167176246643066,-2.138671875,75.95074607707906
140,llama,0,Llama-3.1-8B,0.8766013210192094,6.919572353363037,-1.9267578125,74.78628900986084
140,llama,1,Llama-3.1-8B,0.880312838552753,8.096078872680664,-2.111328125,75.17785585525868
140,llama,2,Llama-3.1-8B,0.8508400409065205,5.672717094421387,-1.6708984375,72.78577009582833
140,llama,3,Llama-3.1-8B,0.90354492714517,6.425191402435303,-1.869140625,75.7316838124852
140,llama,4,Llama-3.1-8B,0.8175456360112973,4.997469902038574,-1.5732421875,69.59220252723723
141,llama,0,Llama-3.1-8B,0.8771300025648329,12.089325904846191,-2.544921875,75.32286134802598
141,llama,1,Llama-3.1-8B,0.8602562820464064,7.245239734649658,-2.05078125,73.92007826299147
141,llama,2,Llama-3.1-8B,0.9081774209563257,14.25467586517334,-2.662109375,76.50488812842441
141,llama,3,Llama-3.1-8B,0.9339857341684064,12.182619094848633,-2.552734375,76.59900383575723
141,llama,4,Llama-3.1-8B,0.873772239479697,7.894404888153076,-2.126953125,74.83407478898921
142,llama,0,Llama-3.1-8B,0.8392695560199706,6.172818660736084,-1.6552734375,71.86443734697022
142,llama,1,Llama-3.1-8B,0.89902630729839,6.723825931549072,-1.7646484375,75.5336500704695
142,llama,2,Llama-3.1-8B,0.7999340042897212,9.759798049926758,-2.255859375,68.53108576602588
142,llama,3,Llama-3.1-8B,0.8672637918522145,7.4666900634765625,-1.919921875,74.29653099024144
142,llama,4,Llama-3.1-8B,0.8470757835625611,7.416414737701416,-1.8740234375,72.83363074866062
143,llama,0,Llama-3.1-8B,0.8401821241999372,7.598380088806152,-1.9873046875,72.36542099581024
143,llama,1,Llama-3.1-8B,0.9109637132744381,7.711645126342773,-2.013671875,76.09453788054238
143,llama,2,Llama-3.1-8B,0.8801024857312068,8.538596153259277,-2.119140625,75.20422673102415
143,llama,3,Llama-3.1-8B,0.8423955128929489,5.475473403930664,-1.7158203125,72.14438100442584
143,llama,4,Llama-3.1-8B,0.8488464463975393,7.016861915588379,-1.916015625,72.97790719174283
144,llama,0,Llama-3.1-8B,0.8895471149917115,8.477927207946777,-2.16796875,75.63187367065096
144,llama,1,Llama-3.1-8B,0.9153907974197577,8.217692375183105,-2.046875,76.21773667967734
144,llama,2,Llama-3.1-8B,0.937587283711383,10.523988723754883,-2.240234375,76.48211875235742
144,llama,3,Llama-3.1-8B,0.8594005353370796,7.193559169769287,-1.8955078125,73.74761937858042
144,llama,4,Llama-3.1-8B,0.9036410625642503,11.630938529968262,-2.453125,76.32681919356939
145,llama,0,Llama-3.1-8B,0.874210454135618,8.871424674987793,-2.080078125,74.90749251298755
145,llama,1,Llama-3.1-8B,0.9441042084168336,11.030157089233398,-2.306640625,76.43651369487516
145,llama,2,Llama-3.1-8B,0.8416796415009128,7.283860206604004,-1.921875,72.42044614617494
145,llama,3,Llama-3.1-8B,0.9435146443514645,10.955102920532227,-2.2890625,76.4393842012079
145,llama,4,Llama-3.1-8B,0.8579455725106714,5.593682765960693,-1.6708984375,73.29822551029345
146,llama,0,Llama-3.1-8B,0.8572898622443834,11.345661163330078,-2.310546875,74.10070386985724
146,llama,1,Llama-3.1-8B,0.8882586238701347,12.49477481842041,-2.4296875,75.89042394730724
146,llama,2,Llama-3.1-8B,0.7922317690579821,16.132070541381836,-2.662109375,67.92275366090692
146,llama,3,Llama-3.1-8B,0.811832822271048,14.18416690826416,-2.626953125,70.10354091029537
146,llama,4,Llama-3.1-8B,0.8983234337497372,11.942885398864746,-2.37109375,76.2125090858279
147,llama,0,Llama-3.1-8B,0.8339712815963254,8.436238288879395,-2.140625,71.96403378823058
147,llama,1,Llama-3.1-8B,0.8654218616874466,14.356341361999512,-2.65234375,74.74307934575961
147,llama,2,Llama-3.1-8B,0.8338771216992962,12.56491470336914,-2.54296875,72.25216236423111
147,llama,3,Llama-3.1-8B,0.9069458942240779,10.8118257522583,-2.37890625,76.35564396236525
147,llama,4,Llama-3.1-8B,0.9311926047558232,12.166657447814941,-2.490234375,76.63531984557834
148,llama,0,Llama-3.1-8B,0.8393943814126981,8.025944709777832,-2.099609375,72.39633031390173
148,llama,1,Llama-3.1-8B,0.8396365481478566,7.5073065757751465,-2.048828125,72.35076624800288
148,llama,2,Llama-3.1-8B,0.783080137447282,6.231028079986572,-1.841796875,65.95430168530875
148,llama,3,Llama-3.1-8B,0.7674025390073788,7.14357852935791,-1.982421875,64.05438197282504
148,llama,4,Llama-3.1-8B,0.8237929161964923,9.104907035827637,-2.23828125,71.07440567692959
149,llama,0,Llama-3.1-8B,0.7950051590427479,5.872305870056152,-1.7158203125,67.28620280121879
149,llama,1,Llama-3.1-8B,0.8103490376447514,7.944991588592529,-2.021484375,69.48449217666257
149,llama,2,Llama-3.1-8B,0.782363123609194,6.142449855804443,-1.7744140625,65.79002764016485
149,llama,3,Llama-3.1-8B,0.8621681401647026,8.131526947021484,-2.0703125,74.1254052078114
149,llama,4,Llama-3.1-8B,0.8482656045174951,10.413064956665039,-2.3203125,73.36512590058977
150,llama,0,Llama-3.1-8B,0.9281992710846466,10.660638809204102,-2.36328125,76.55978619606981
150,llama,1,Llama-3.1-8B,0.9481657232878371,11.408594131469727,-2.36328125,76.38548793850755
150,llama,2,Llama-3.1-8B,0.9177393711084121,11.49111270904541,-2.36328125,76.5698033090704
150,llama,3,Llama-3.1-8B,0.941693879121725,12.655623435974121,-2.4921875,76.56686688037267
150,llama,4,Llama-3.1-8B,0.8651485444601799,8.127326965332031,-2.025390625,74.29048374233139
151,llama,0,Llama-3.1-8B,0.7003712262597344,6.296817779541016,-1.8447265625,53.80148788063679
151,llama,1,Llama-3.1-8B,0.8487275568391633,9.001715660095215,-2.18359375,73.27212217191328
151,llama,2,Llama-3.1-8B,0.8454595986483773,6.582005500793457,-1.8466796875,72.61530240378644
151,llama,3,Llama-3.1-8B,0.7740340214626273,8.329512596130371,-2.1171875,65.12060561912823
151,llama,4,Llama-3.1-8B,0.8798588424453377,7.856099605560303,-2.087890625,75.12633342931086
152,llama,0,Llama-3.1-8B,0.8610651374658166,11.015480995178223,-2.404296875,74.3366758621919
152,llama,1,Llama-3.1-8B,0.8750442133272759,6.581272602081299,-1.9033203125,74.6594526186634
152,llama,2,Llama-3.1-8B,0.8253418937035022,9.874127388000488,-2.30859375,71.29462069853304
152,llama,3,Llama-3.1-8B,0.8483470490055641,7.6208062171936035,-2.068359375,73.08830951158116
152,llama,4,Llama-3.1-8B,0.9032058939966212,7.902743339538574,-2.060546875,75.97481360389737
153,llama,0,Llama-3.1-8B,0.8665043534668867,7.198690414428711,-1.970703125,74.26806225250733
153,llama,1,Llama-3.1-8B,0.8491062143123442,6.3588433265686035,-1.8671875,72.90615560987058
153,llama,2,Llama-3.1-8B,0.840003873308767,6.3897809982299805,-1.8564453125,72.15343031354425
153,llama,3,Llama-3.1-8B,0.8729979435456345,7.966109752655029,-2.046875,74.75552654627471
153,llama,4,Llama-3.1-8B,0.8461435195339537,5.513238430023193,-1.6982421875,72.43595821001045
154,llama,0,Llama-3.1-8B,0.8809508180600739,10.880077362060547,-2.275390625,75.46096669645353
154,llama,1,Llama-3.1-8B,0.9038891659257952,8.317113876342773,-2.0390625,76.01004905757678
154,llama,2,Llama-3.1-8B,0.916409674492757,6.48878288269043,-1.8095703125,75.91266031644119
154,llama,3,Llama-3.1-8B,0.8837990135786206,7.347114562988281,-1.904296875,75.14804555938977
154,llama,4,Llama-3.1-8B,0.9105262070959482,6.748193740844727,-1.8837890625,75.91593023833866
155,llama,0,Llama-3.1-8B,0.8375497980964057,6.16405725479126,-1.7509765625,71.81976678489919
155,llama,1,Llama-3.1-8B,0.8884692554363047,5.975827693939209,-1.7490234375,75.09380624722476
155,llama,2,Llama-3.1-8B,0.9237726230874757,9.880756378173828,-2.216796875,76.47968059666111
155,llama,3,Llama-3.1-8B,0.8781417992583926,7.556063175201416,-2.01953125,74.97950480127838
155,llama,4,Llama-3.1-8B,0.9441255863930602,9.140962600708008,-2.18359375,76.27551900659111
156,llama,0,Llama-3.1-8B,0.9014147525045844,6.61676025390625,-1.8408203125,75.66642645299602
156,llama,1,Llama-3.1-8B,0.7681652379213663,6.029263019561768,-1.80859375,63.927476666320054
156,llama,2,Llama-3.1-8B,0.8490409844824105,7.159209728240967,-1.8857421875,72.97893069265392
156,llama,3,Llama-3.1-8B,0.914123530416686,9.370453834533691,-2.1953125,76.35327477930947
156,llama,4,Llama-3.1-8B,0.8666636326882438,6.952190399169922,-1.9169921875,74.21817364548531
157,llama,0,Llama-3.1-8B,0.8658060863796164,7.1108245849609375,-1.9580078125,74.20886919774722
157,llama,1,Llama-3.1-8B,0.8172416232490893,6.312154769897461,-1.86328125,69.97927811196146
157,llama,2,Llama-3.1-8B,0.8581769357059928,7.6648688316345215,-2.015625,73.78799211830422
157,llama,3,Llama-3.1-8B,0.8258523521963156,6.902765274047852,-1.9033203125,70.93185122307173
157,llama,4,Llama-3.1-8B,0.7798622176157254,6.136650562286377,-1.7998046875,65.49074281951815
158,llama,0,Llama-3.1-8B,0.830180841247195,12.276576042175293,-2.521484375,71.89850866417741
158,llama,1,Llama-3.1-8B,0.9039697911557945,12.401193618774414,-2.53515625,76.36187524719207
158,llama,2,Llama-3.1-8B,0.8355864642123408,8.449609756469727,-2.1171875,72.10075472942111
158,llama,3,Llama-3.1-8B,0.853684382040144,14.394508361816406,-2.63671875,73.95482131108459
158,llama,4,Llama-3.1-8B,0.8272342751062365,12.026036262512207,-2.466796875,71.61645551889872
159,llama,0,Llama-3.1-8B,0.872742246935092,6.771683216094971,-1.80078125,74.45641285510736
159,llama,1,Llama-3.1-8B,0.8362305118937773,7.968475341796875,-2.013671875,72.06512861328869
159,llama,2,Llama-3.1-8B,0.7913751419281027,6.0536885261535645,-1.7431640625,66.88689438475791
159,llama,3,Llama-3.1-8B,0.8487229645937151,8.391081809997559,-2.005859375,73.1376914137765
159,llama,4,Llama-3.1-8B,0.9266553552202965,8.539518356323242,-2.068359375,76.32700195521731
160,llama,0,Llama-3.1-8B,0.8505827530791862,7.766737937927246,-1.9990234375,73.23033468944467
160,llama,1,Llama-3.1-8B,0.9088153180459988,10.513092041015625,-2.30859375,76.37079569177385
160,llama,2,Llama-3.1-8B,0.7693647177748825,7.18514347076416,-1.9140625,64.27441541366433
160,llama,3,Llama-3.1-8B,0.7717682371148197,10.321386337280273,-2.248046875,65.00478457854899
160,llama,4,Llama-3.1-8B,0.8209636198555941,7.877169609069824,-2.005859375,70.59385182466576
161,llama,0,Llama-3.1-8B,0.8784297891098756,7.482449054718018,-2.01953125,74.98835892113462
161,llama,1,Llama-3.1-8B,0.8902742146025495,7.800623893737793,-2.021484375,75.53575515475174
161,llama,2,Llama-3.1-8B,0.8589987890980664,6.983957290649414,-1.9482421875,73.74592905202475
161,llama,3,Llama-3.1-8B,0.7673263814975471,6.95676326751709,-1.9443359375,64.0018765817815
161,llama,4,Llama-3.1-8B,0.8796147350062852,7.3560261726379395,-2.00390625,75.02716258341556
162,llama,0,Llama-3.1-8B,0.7084986866154034,8.19487476348877,-2.08203125,55.406414046278755
162,llama,1,Llama-3.1-8B,0.839956104361181,6.646758079528809,-1.8984375,72.20554568152971
162,llama,2,Llama-3.1-8B,0.8415968958651691,10.03886890411377,-2.294921875,72.79225942723936
162,llama,3,Llama-3.1-8B,0.7695828532134029,9.21154499053955,-2.2265625,64.6244065159214
162,llama,4,Llama-3.1-8B,0.7409928002275188,6.8395280838012695,-1.9169921875,60.19404198057887
163,llama,0,Llama-3.1-8B,0.9356423777564717,13.295424461364746,-2.55859375,76.65531265926928
163,llama,1,Llama-3.1-8B,0.8943842210307987,8.480887413024902,-2.150390625,75.80147714680105
163,llama,2,Llama-3.1-8B,0.8686606418657946,9.749232292175293,-2.234375,74.71538813068739
163,llama,3,Llama-3.1-8B,0.8158653885727115,8.86008071899414,-2.197265625,70.23111866050658
163,llama,4,Llama-3.1-8B,0.8173022888861117,5.956752777099609,-1.75390625,69.85223646222674
164,llama,0,Llama-3.1-8B,0.8116525661059255,7.654850006103516,-2.05859375,69.62761381116448
164,llama,1,Llama-3.1-8B,0.8730065375167039,8.28743839263916,-2.060546875,74.78786075990841
164,llama,2,Llama-3.1-8B,0.8850273614352276,7.417647361755371,-1.9365234375,75.23318099073907
164,llama,3,Llama-3.1-8B,0.9049345765703543,7.896707057952881,-2.02734375,75.99625725256465
164,llama,4,Llama-3.1-8B,0.8692219877929319,8.832842826843262,-2.109375,74.637234584702
165,llama,0,Llama-3.1-8B,0.8710050016634596,13.90443229675293,-2.521484375,75.1151757308228
165,llama,1,Llama-3.1-8B,0.9098302687411599,10.76833724975586,-2.302734375,76.40682004235612
165,llama,2,Llama-3.1-8B,0.9242907425488952,10.65269660949707,-2.318359375,76.55366161757846
165,llama,3,Llama-3.1-8B,0.873686075540685,13.665095329284668,-2.599609375,75.21622273498367
165,llama,4,Llama-3.1-8B,0.9359473489061921,10.454363822937012,-2.291015625,76.5026284240434
166,llama,0,Llama-3.1-8B,0.8764541765733108,5.593726634979248,-1.76171875,74.52455364265194
166,llama,1,Llama-3.1-8B,0.9009009009009009,11.889872550964355,-2.533203125,76.2499471169874
166,llama,2,Llama-3.1-8B,0.8035243248575528,5.56767463684082,-1.76171875,68.31548746064381
166,llama,3,Llama-3.1-8B,0.8648517936774965,8.822385787963867,-2.23828125,74.41558210834512
166,llama,4,Llama-3.1-8B,0.7868873839387912,7.84567403793335,-2.0546875,66.72238128687789
167,llama,0,Llama-3.1-8B,0.9111027002548989,13.120624542236328,-2.390625,76.58681340605285
167,llama,1,Llama-3.1-8B,0.8996288441145281,12.91915512084961,-2.359375,76.31464472227435
167,llama,2,Llama-3.1-8B,0.9059270947248762,14.274040222167969,-2.43359375,76.55267719129965
167,llama,3,Llama-3.1-8B,0.9371648595658234,14.17535400390625,-2.501953125,76.71644258600628
167,llama,4,Llama-3.1-8B,0.8909775363545935,12.507068634033203,-2.3203125,76.00106042740067
168,llama,0,Llama-3.1-8B,0.8383261089181793,8.279921531677246,-2.095703125,72.32046868353827
168,llama,1,Llama-3.1-8B,0.7591097701337907,6.687859535217285,-1.8515625,62.75902117190677
168,llama,2,Llama-3.1-8B,0.8752408035682708,9.634380340576172,-2.228515625,75.07641934699261
168,llama,3,Llama-3.1-8B,0.8210766850603513,6.745975494384766,-1.873046875,70.41744509484728
168,llama,4,Llama-3.1-8B,0.8282690664540732,7.791336536407471,-2.01953125,71.31856529724621
169,llama,0,Llama-3.1-8B,0.8439109887892766,8.754197120666504,-2.11328125,72.83851322374215
169,llama,1,Llama-3.1-8B,0.9108243122407305,8.334327697753906,-2.095703125,76.18583090055006
169,llama,2,Llama-3.1-8B,0.8974663753075862,9.054423332214355,-2.18359375,75.95572609396413
169,llama,3,Llama-3.1-8B,0.918775548413268,8.92051887512207,-2.146484375,76.35516099452609
169,llama,4,Llama-3.1-8B,0.8872413347762111,10.813095092773438,-2.37109375,75.74164214908077
170,llama,0,Llama-3.1-8B,0.8906507712265115,7.608819961547852,-1.873046875,75.42378621461901
170,llama,1,Llama-3.1-8B,0.9122074989838473,9.369741439819336,-2.154296875,76.31053498614331
170,llama,2,Llama-3.1-8B,0.9244664557175077,14.655999183654785,-2.50390625,76.79141966108544
170,llama,3,Llama-3.1-8B,0.83911613426391,9.316937446594238,-2.083984375,72.45927377114954
170,llama,4,Llama-3.1-8B,0.8719735152558066,10.296085357666016,-2.24609375,74.94869535634656
171,llama,0,Llama-3.1-8B,0.7941605451853607,7.148040294647217,-1.9287109375,67.48385196892936
171,llama,1,Llama-3.1-8B,0.9097077913079878,10.592387199401855,-2.349609375,76.3952393563547
171,llama,2,Llama-3.1-8B,0.8376137987837204,7.610550880432129,-2.009765625,72.15820969874387
171,llama,3,Llama-3.1-8B,0.8936402957065893,9.962592124938965,-2.275390625,75.91871414308575
171,llama,4,Llama-3.1-8B,0.9297878851075725,13.660131454467773,-2.603515625,76.68952962531392
172,llama,0,Llama-3.1-8B,0.8468532510734743,6.858713150024414,-1.984375,72.85954805436444
172,llama,1,Llama-3.1-8B,0.6700857494005488,6.615930080413818,-1.8505859375,48.97818571484608
172,llama,2,Llama-3.1-8B,0.8633188407047327,7.338730335235596,-2.01953125,74.11063803779766
172,llama,3,Llama-3.1-8B,0.8999169320227053,11.992240905761719,-2.48828125,76.2441157812583
172,llama,4,Llama-3.1-8B,0.9009903321871893,7.453441143035889,-2.021484375,75.85977077333435
173,llama,0,Llama-3.1-8B,0.8813085796683489,7.666560649871826,-2.0,75.1293710360063
173,llama,1,Llama-3.1-8B,0.8160479695342582,5.245283126831055,-1.6220703125,69.51516655602055
173,llama,2,Llama-3.1-8B,0.8432146011186341,6.909485816955566,-1.9248046875,72.52270583874078
173,llama,3,Llama-3.1-8B,0.791985401805357,7.416290760040283,-1.984375,67.27984194867376
173,llama,4,Llama-3.1-8B,0.8719105141097465,10.623485565185547,-2.33984375,74.97991959133442
174,llama,0,Llama-3.1-8B,0.7810465183587,6.850762367248535,-1.83984375,65.73818995195711
174,llama,1,Llama-3.1-8B,0.6936153891544227,5.547685623168945,-1.654296875,52.46582543291977
174,llama,2,Llama-3.1-8B,0.7871815324617344,6.448185920715332,-1.7763671875,66.42967086306206
174,llama,3,Llama-3.1-8B,0.7403350115113442,5.420764446258545,-1.6572265625,59.727015300541616
174,llama,4,Llama-3.1-8B,0.8439342580291751,8.825150489807129,-2.193359375,72.87736499839843
175,llama,0,Llama-3.1-8B,0.8558553348840737,10.295693397521973,-2.259765625,73.91916385494521
175,llama,1,Llama-3.1-8B,0.8965191609767129,9.451467514038086,-2.189453125,75.95677555271754
175,llama,2,Llama-3.1-8B,0.92448799150946,11.440816879272461,-2.43359375,76.60340664217017
175,llama,3,Llama-3.1-8B,0.8879474627371162,10.463458061218262,-2.27734375,75.74018073723948
175,llama,4,Llama-3.1-8B,0.8619598640197945,10.415726661682129,-2.255859375,74.34681367013624
176,llama,0,Llama-3.1-8B,0.860310369241477,7.639448642730713,-2.03125,73.94200409105832
176,llama,1,Llama-3.1-8B,0.8573814601562508,6.279809951782227,-1.84375,73.49180909551995
176,llama,2,Llama-3.1-8B,0.8900856532568816,8.455719947814941,-2.126953125,75.63431145037717
176,llama,3,Llama-3.1-8B,0.9009853572653518,7.996053218841553,-2.064453125,75.92609461809846
176,llama,4,Llama-3.1-8B,0.8950136317979623,11.025303840637207,-2.421875,76.04160670949909
177,llama,0,Llama-3.1-8B,0.8139982634924832,5.7526679039001465,-1.755859375,69.48807719530849
177,llama,1,Llama-3.1-8B,0.7787344423219122,5.854820728302002,-1.767578125,65.28896971168832
177,llama,2,Llama-3.1-8B,0.8195091252359975,7.260921001434326,-2.009765625,70.40081635180303
177,llama,3,Llama-3.1-8B,0.8488017942618601,6.472674369812012,-1.8779296875,72.90063495294227
177,llama,4,Llama-3.1-8B,0.7897865012622675,8.726621627807617,-2.134765625,67.19101840927803
178,llama,0,Llama-3.1-8B,0.8374515023400665,8.775581359863281,-2.119140625,72.29157504998201
178,llama,1,Llama-3.1-8B,0.8276424875974311,9.1915283203125,-2.15625,71.43217628388099
178,llama,2,Llama-3.1-8B,0.8644606676781305,8.002095222473145,-2.02734375,74.23884134185145
178,llama,3,Llama-3.1-8B,0.8534931311474899,10.338310241699219,-2.2734375,73.75276610699046
178,llama,4,Llama-3.1-8B,0.9057387937718212,9.31562328338623,-2.17578125,76.19184651220414
179,llama,0,Llama-3.1-8B,0.8540968230042635,11.926508903503418,-2.400390625,73.91048177052313
179,llama,1,Llama-3.1-8B,0.9308792963488283,14.262389183044434,-2.630859375,76.70765258808349
179,llama,2,Llama-3.1-8B,0.8613892904142876,9.467825889587402,-2.158203125,74.21299432731053
179,llama,3,Llama-3.1-8B,0.9072862546240492,19.24443244934082,-2.830078125,76.61103299117968
179,llama,4,Llama-3.1-8B,0.8223468935672158,9.020458221435547,-2.130859375,70.88720421788156
180,llama,0,Llama-3.1-8B,0.7453468853805915,8.012261390686035,-2.05078125,61.02089728904324
180,llama,1,Llama-3.1-8B,0.7087326466636811,11.028356552124023,-2.33984375,55.71971427570015
180,llama,2,Llama-3.1-8B,0.7683116087680402,8.817219734191895,-2.146484375,64.39547399528855
180,llama,3,Llama-3.1-8B,0.7036426911477405,9.989420890808105,-2.283203125,54.83696074731996
180,llama,4,Llama-3.1-8B,0.8106426731719895,11.130047798156738,-2.3359375,69.85368113265216
181,llama,0,Llama-3.1-8B,0.8812612161428988,10.939733505249023,-2.283203125,75.4809707847921
181,llama,1,Llama-3.1-8B,0.9800860889913641,19.115501403808594,-2.91015625,75.29221358701093
181,llama,2,Llama-3.1-8B,0.8772059744307881,11.902034759521484,-2.28515625,75.34687346491985
181,llama,3,Llama-3.1-8B,0.8737145895821046,14.924745559692383,-2.642578125,75.26946600820655
181,llama,4,Llama-3.1-8B,0.8533471325390786,9.178032875061035,-2.193359375,73.63964966524253
182,llama,0,Llama-3.1-8B,0.8456026139858843,14.39889907836914,-2.611328125,73.34468953305517
182,llama,1,Llama-3.1-8B,0.8928055365427029,7.323936939239502,-1.984375,75.56835296739422
182,llama,2,Llama-3.1-8B,0.7129252771911669,6.855996608734131,-1.9169921875,55.89158502172714
182,llama,3,Llama-3.1-8B,0.8590280963594485,8.62568473815918,-2.130859375,73.98080686089256
182,llama,4,Llama-3.1-8B,0.822372211520139,6.952992916107178,-1.927734375,70.60981224014816
183,llama,0,Llama-3.1-8B,0.7596903715862823,8.581957817077637,-1.990234375,63.09445909534914
183,llama,1,Llama-3.1-8B,0.773592210008395,8.198912620544434,-1.98046875,64.97204454155761
183,llama,2,Llama-3.1-8B,0.8780743738931891,7.915783405303955,-1.947265625,74.95302714741973
183,llama,3,Llama-3.1-8B,0.8653499718232368,6.985863208770752,-1.837890625,74.07090903040866
183,llama,4,Llama-3.1-8B,0.9024273994795772,7.5545973777771,-1.91796875,75.83125858774763
184,llama,0,Llama-3.1-8B,0.7614897398880108,5.844595909118652,-1.763671875,62.943261902598245
184,llama,1,Llama-3.1-8B,0.7999763774877459,6.777191638946533,-1.931640625,68.1522327180296
184,llama,2,Llama-3.1-8B,0.8290661500117635,11.000411033630371,-2.396484375,71.73428843096661
184,llama,3,Llama-3.1-8B,0.8916533282708059,6.9846649169921875,-1.990234375,75.50477802118438
184,llama,4,Llama-3.1-8B,0.9226971042676496,9.554393768310547,-2.244140625,76.45870164160307
185,llama,0,Llama-3.1-8B,0.8843769003207126,11.978490829467773,-2.474609375,75.68394070419502
185,llama,1,Llama-3.1-8B,0.853377856651254,9.09548568725586,-2.17578125,73.62998408713527
185,llama,2,Llama-3.1-8B,0.8894037066434776,8.648645401000977,-2.146484375,75.63052494618947
185,llama,3,Llama-3.1-8B,0.9550707954414642,15.062063217163086,-2.75,76.27576078115935
185,llama,4,Llama-3.1-8B,0.8314861345881492,9.519659042358398,-2.28515625,71.85494399391106
186,llama,0,Llama-3.1-8B,0.9121901675093165,9.922688484191895,-2.271484375,76.38307141107305
186,llama,1,Llama-3.1-8B,0.9685121067160918,17.262170791625977,-2.81640625,75.85935345501618
186,llama,2,Llama-3.1-8B,0.9107584902249513,8.486988067626953,-2.142578125,76.2175379574755
186,llama,3,Llama-3.1-8B,0.871511444595574,7.464173316955566,-1.986328125,74.59564440896135
186,llama,4,Llama-3.1-8B,0.7435491805773264,6.023253440856934,-1.7822265625,60.38815828671541
187,llama,0,Llama-3.1-8B,0.8744209991084168,7.320182800292969,-1.810546875,74.59986299691562
187,llama,1,Llama-3.1-8B,0.8918833892617449,8.897368431091309,-2.1171875,75.72963150509206
187,llama,2,Llama-3.1-8B,0.8025396762208247,9.373392105102539,-2.15625,68.77752220941231
187,llama,3,Llama-3.1-8B,0.8719802020640222,9.977795600891113,-2.08984375,74.86910432313246
187,llama,4,Llama-3.1-8B,0.8800647174390385,8.623316764831543,-2.15625,75.22443153909795
188,llama,0,Llama-3.1-8B,0.9268999966475577,14.483697891235352,-2.693359375,76.68613822088071
188,llama,1,Llama-3.1-8B,0.8189389231157226,11.88559341430664,-2.453125,70.77969320548523
188,llama,2,Llama-3.1-8B,0.8715850548538703,9.572188377380371,-2.234375,74.8726721882001
188,llama,3,Llama-3.1-8B,0.9051331953642157,10.645591735839844,-2.37890625,76.3042266577991
188,llama,4,Llama-3.1-8B,0.9340469613259669,15.44245719909668,-2.69140625,76.72020437486444
189,llama,0,Llama-3.1-8B,0.8197334578003663,7.5304460525512695,-1.9912109375,70.432024428849
189,llama,1,Llama-3.1-8B,0.8231652513077395,6.596470355987549,-1.8271484375,70.57506358911583
189,llama,2,Llama-3.1-8B,0.8296693869173,7.276354789733887,-2.009765625,71.40673726205284
189,llama,3,Llama-3.1-8B,0.8354979663279313,8.448517799377441,-2.1171875,72.09272780337203
189,llama,4,Llama-3.1-8B,0.8422589827801921,8.636128425598145,-2.048828125,72.6583470991244
190,llama,0,Llama-3.1-8B,0.9026826532842778,7.102061748504639,-1.845703125,75.741405633984
190,llama,1,Llama-3.1-8B,0.8435962647421719,10.104382514953613,-2.189453125,72.94019840781809
190,llama,2,Llama-3.1-8B,0.8636283362078359,11.186120986938477,-2.291015625,74.51453905992938
190,llama,3,Llama-3.1-8B,0.9033401632679612,10.13399887084961,-2.201171875,76.20215112588433
190,llama,4,Llama-3.1-8B,0.8373804120587661,9.426406860351562,-2.111328125,72.32898079355549
191,llama,0,Llama-3.1-8B,0.7945259841235472,7.706721305847168,-1.958984375,67.59362057781881
191,llama,1,Llama-3.1-8B,0.8468100233307049,7.946731090545654,-2.03515625,72.97187130068461
191,llama,2,Llama-3.1-8B,0.8141513045052897,10.936902046203613,-2.3125,70.21942023901786
191,llama,3,Llama-3.1-8B,0.8927183499182852,9.245649337768555,-2.17578125,75.80906508748832
191,llama,4,Llama-3.1-8B,0.8699413406533387,8.190770149230957,-2.064453125,74.60874219962777
192,llama,0,Llama-3.1-8B,0.7743304394848227,8.190328598022461,-2.10546875,65.14430361034158
192,llama,1,Llama-3.1-8B,0.7827435468583496,8.379721641540527,-2.06640625,66.24110145511528
192,llama,2,Llama-3.1-8B,0.8859979137525243,12.547769546508789,-2.49609375,75.78556721898818
192,llama,3,Llama-3.1-8B,0.7928434521694964,5.717196464538574,-1.7578125,67.05595808334934
192,llama,4,Llama-3.1-8B,0.8849579711722915,8.864952087402344,-2.19921875,75.48199117844385
193,llama,0,Llama-3.1-8B,0.7553561740009574,8.282183647155762,-1.96875,62.441362700146406
193,llama,1,Llama-3.1-8B,0.9443254343297914,10.774919509887695,-2.220703125,76.39914962396917
193,llama,2,Llama-3.1-8B,0.8548617770041701,8.6621675491333,-2.060546875,73.65394317352099
193,llama,3,Llama-3.1-8B,0.8612195663833788,10.09955883026123,-2.142578125,74.2404442208702
193,llama,4,Llama-3.1-8B,0.8347499375830468,9.014056205749512,-2.0703125,72.04317390097914
194,llama,0,Llama-3.1-8B,0.0022996838417027638,2.115044593811035,-0.72900390625,8.888626060558591
194,llama,1,Llama-3.1-8B,0.0014435668590137216,1.9425913095474243,-0.66015625,8.752942932671704
195,llama,0,Llama-3.1-8B,0.9167792642776943,10.41773509979248,-2.25390625,76.4756063377146
195,llama,1,Llama-3.1-8B,0.9028368682693982,8.068855285644531,-2.0703125,75.98340935856773
195,llama,2,Llama-3.1-8B,0.8840169731258839,10.77271556854248,-2.26171875,75.59206598037689
195,llama,3,Llama-3.1-8B,0.8599718659594882,7.03585147857666,-1.982421875,73.84111366580107
195,llama,4,Llama-3.1-8B,0.8907537146653701,10.076740264892578,-2.296875,75.82537130469086
196,llama,0,Llama-3.1-8B,0.884126646267549,11.002983093261719,-2.29296875,75.61774074131148
196,llama,1,Llama-3.1-8B,0.9102398477607311,8.6765718460083,-2.06640625,76.18551511880334
196,llama,2,Llama-3.1-8B,0.9179261482295067,9.568592071533203,-2.1875,76.40942679056553
196,llama,3,Llama-3.1-8B,0.9193669553323631,11.880603790283203,-2.30859375,76.60842825798709
196,llama,4,Llama-3.1-8B,0.9054497052135212,10.962702751159668,-2.314453125,76.33212363265262
197,llama,0,Llama-3.1-8B,0.7823908499070018,7.951074123382568,-2.025390625,66.13956633098296
197,llama,1,Llama-3.1-8B,0.8190030449655004,7.599878311157227,-1.9521484375,70.334091091164
197,llama,2,Llama-3.1-8B,0.8899293707813595,8.046356201171875,-2.01171875,75.53474330996062
197,llama,3,Llama-3.1-8B,0.8581708178775955,10.0274019241333,-2.333984375,74.07254783123405
197,llama,4,Llama-3.1-8B,0.8555793235569529,10.59424114227295,-2.361328125,73.92953019914032
198,llama,0,Llama-3.1-8B,0.8915295551492992,7.706555366516113,-1.9609375,75.5344490075499
198,llama,1,Llama-3.1-8B,0.9091966557615413,6.661357402801514,-1.8759765625,75.87847051284962
198,llama,2,Llama-3.1-8B,0.9001126564506258,9.614187240600586,-2.205078125,76.08099762599709
198,llama,3,Llama-3.1-8B,0.8953419772692405,7.694422245025635,-1.98046875,75.6806761302906
198,llama,4,Llama-3.1-8B,0.8873424006906742,9.516151428222656,-2.23828125,75.64071003476589
199,llama,0,Llama-3.1-8B,0.8347799510153275,8.355648040771484,-2.107421875,72.0165222980945
199,llama,1,Llama-3.1-8B,0.8870986991685613,9.582602500915527,-2.25,75.63805821312748
199,llama,2,Llama-3.1-8B,0.8381809750786439,7.135880947113037,-1.89453125,72.08594790655937
199,llama,3,Llama-3.1-8B,0.8083728957060972,9.082436561584473,-2.177734375,69.42683258855119
199,llama,4,Llama-3.1-8B,0.796674128557723,7.5371551513671875,-1.9794921875,67.85422805835658
0,mistral,0,Mistral-7B-v0.3,0.7927936939820742,11.54729175567627,-1.9892578125,67.67902309517054
0,mistral,1,Mistral-7B-v0.3,0.8324450286311372,9.470531463623047,-2.02734375,71.84036729077529
0,mistral,2,Mistral-7B-v0.3,0.7917175851743471,10.700390815734863,-2.28515625,67.61412255646027
0,mistral,3,Mistral-7B-v0.3,0.7939796401502186,14.00487232208252,-2.3125,68.10990451323032
0,mistral,4,Mistral-7B-v0.3,0.7965370860393682,17.988277435302734,-2.642578125,68.55550635995164
1,mistral,0,Mistral-7B-v0.3,0.7666700579471376,8.401721954345703,-2.060546875,64.09777763935529
1,mistral,1,Mistral-7B-v0.3,0.7044932250241014,6.278596878051758,-1.703125,54.31104392691215
1,mistral,2,Mistral-7B-v0.3,0.668340766566716,8.1476411819458,-2.04296875,48.95935629741242
1,mistral,3,Mistral-7B-v0.3,0.8687571169586077,9.269796371459961,-2.1953125,74.67572417607605
1,mistral,4,Mistral-7B-v0.3,0.8966354081062685,9.566584587097168,-2.216796875,75.97701657468814
2,mistral,0,Mistral-7B-v0.3,0.8494168469816177,8.63413143157959,-2.068359375,73.24744725651746
2,mistral,1,Mistral-7B-v0.3,0.792259709228078,7.169908046722412,-1.8798828125,67.21343956411985
2,mistral,2,Mistral-7B-v0.3,0.8108592010418422,8.6344575881958,-2.10546875,69.63863590351433
2,mistral,3,Mistral-7B-v0.3,0.7081319515141902,8.97852611541748,-2.103515625,55.417205232749176
2,mistral,4,Mistral-7B-v0.3,0.9161948615042822,12.381043434143066,-2.509765625,76.58761349113138
3,mistral,0,Mistral-7B-v0.3,0.770123844871989,8.207571983337402,-2.037109375,64.54186256200843
3,mistral,1,Mistral-7B-v0.3,0.8116600705600405,8.588855743408203,-2.103515625,69.72186208644261
3,mistral,2,Mistral-7B-v0.3,0.9133119769216579,8.350910186767578,-2.080078125,76.21828313277271
3,mistral,3,Mistral-7B-v0.3,0.8188305909193155,5.662490367889404,-1.734375,69.96749720622294
3,mistral,4,Mistral-7B-v0.3,0.7761438846278343,6.721642971038818,-1.9736328125,65.19497600265615
4,mistral,0,Mistral-7B-v0.3,0.8045220111029117,7.396548748016357,-1.9248046875,68.72093030105401
4,mistral,1,Mistral-7B-v0.3,0.7667406428364765,8.864277839660645,-2.078125,64.15119703623174
4,mistral,2,Mistral-7B-v0.3,0.8450206278818365,8.263108253479004,-1.9990234375,72.82800719308601
4,mistral,3,Mistral-7B-v0.3,0.7518853627603285,9.158220291137695,-2.20703125,62.12863380645852
4,mistral,4,Mistral-7B-v0.3,0.783151912801397,10.248437881469727,-2.25,66.49944442216221
5,mistral,0,Mistral-7B-v0.3,0.7059386322647561,7.423119068145752,-2.05078125,54.92646241072956
5,mistral,1,Mistral-7B-v0.3,0.8334480975425217,7.139688491821289,-2.0390625,71.76666327874608
5,mistral,2,Mistral-7B-v0.3,0.7351774430157418,7.743686676025391,-2.080078125,59.49980626368577
5,mistral,3,Mistral-7B-v0.3,0.8074759607383618,8.758821487426758,-2.15234375,69.29341888440287
5,mistral,4,Mistral-7B-v0.3,0.8617674978167075,7.696998119354248,-2.087890625,74.07570728517271
6,mistral,0,Mistral-7B-v0.3,0.8341121504663512,7.357730388641357,-1.9814453125,71.80647560031127
6,mistral,1,Mistral-7B-v0.3,0.8070458443475076,12.96068286895752,-2.58203125,69.52152614264001
6,mistral,2,Mistral-7B-v0.3,0.6815043713348797,6.467752933502197,-1.8564453125,50.806579209659645
6,mistral,3,Mistral-7B-v0.3,0.7165694895206761,8.186296463012695,-2.1171875,56.690467974444545
6,mistral,4,Mistral-7B-v0.3,0.703646179787448,8.764969825744629,-2.1484375,54.71176094481507
7,mistral,0,Mistral-7B-v0.3,0.8442162937814908,7.939784049987793,-2.033203125,72.75988354387421
7,mistral,1,Mistral-7B-v0.3,0.7599381750325146,10.014037132263184,-2.19140625,63.33517672197437
7,mistral,2,Mistral-7B-v0.3,0.7877707534029712,6.663055896759033,-1.85546875,66.59594472447958
7,mistral,3,Mistral-7B-v0.3,0.8458057650929877,10.616312026977539,-2.3125,73.18259241272162
7,mistral,4,Mistral-7B-v0.3,0.7307212356683195,9.574824333190918,-2.21875,59.01438644146878
8,mistral,0,Mistral-7B-v0.3,0.5018450777023686,7.027592182159424,-1.81640625,25.520738528482152
8,mistral,1,Mistral-7B-v0.3,0.7876808963939083,9.663066864013672,-2.20703125,67.02216508584593
8,mistral,2,Mistral-7B-v0.3,0.7264197873746678,8.782670974731445,-2.041015625,58.22068866885882
8,mistral,3,Mistral-7B-v0.3,0.6185370547599897,9.155998229980469,-2.13671875,41.23049601890743
9,mistral,0,Mistral-7B-v0.3,0.666938114391177,11.523024559020996,-2.392578125,49.06847950143411
9,mistral,1,Mistral-7B-v0.3,0.7480269901202145,7.503416538238525,-1.9208984375,61.2862403769211
9,mistral,2,Mistral-7B-v0.3,0.7095036690796064,9.282685279846191,-2.140625,55.67253195475012
9,mistral,3,Mistral-7B-v0.3,0.8138424036174283,8.68477725982666,-2.111328125,69.968759417561
9,mistral,4,Mistral-7B-v0.3,0.8446674249810422,11.473241806030273,-2.388671875,73.14953438940762
10,mistral,0,Mistral-7B-v0.3,0.6441367628898554,6.979518890380859,-1.859375,44.870592513259794
10,mistral,1,Mistral-7B-v0.3,0.8794068696704688,6.392691612243652,-1.78125,74.75624226726181
10,mistral,2,Mistral-7B-v0.3,0.8335153080525445,7.776812553405762,-1.890625,71.71364948343152
10,mistral,3,Mistral-7B-v0.3,0.7836688102468012,9.436569213867188,-2.208984375,66.49761909491846
10,mistral,4,Mistral-7B-v0.3,0.7459389675531947,8.261285781860352,-2.013671875,61.10388979507118
11,mistral,0,Mistral-7B-v0.3,0.5895419810888674,10.026519775390625,-2.30859375,37.02849712279491
11,mistral,1,Mistral-7B-v0.3,0.5675535710887396,7.868595123291016,-2.04296875,33.70332333786093
11,mistral,2,Mistral-7B-v0.3,0.8111996176699853,9.648696899414062,-2.2109375,69.79036440751986
11,mistral,3,Mistral-7B-v0.3,0.7137424524496879,8.048855781555176,-2.01953125,56.184143239568684
11,mistral,4,Mistral-7B-v0.3,0.5740465438327639,9.835844993591309,-2.2421875,34.81822571535597
12,mistral,0,Mistral-7B-v0.3,0.6293410941796628,7.998411655426025,-2.025390625,42.752556282487866
12,mistral,1,Mistral-7B-v0.3,0.7878577341842455,9.236210823059082,-2.052734375,66.94597038333883
12,mistral,2,Mistral-7B-v0.3,0.7265818068981482,8.618223190307617,-2.005859375,58.211425525925634
12,mistral,3,Mistral-7B-v0.3,0.786647312311196,9.864503860473633,-2.154296875,66.88818536388683
13,mistral,0,Mistral-7B-v0.3,0.8752251899302743,14.626484870910645,-2.640625,75.33438245290645
13,mistral,1,Mistral-7B-v0.3,0.7123666368281515,11.63951301574707,-2.345703125,56.33341561496023
13,mistral,2,Mistral-7B-v0.3,0.8468067689589719,16.18834114074707,-2.666015625,73.51168736952216
13,mistral,3,Mistral-7B-v0.3,0.8752656209076077,16.40126609802246,-2.728515625,75.37528501559106
13,mistral,4,Mistral-7B-v0.3,0.8472534665681514,9.56801700592041,-2.107421875,73.16556515021949
14,mistral,0,Mistral-7B-v0.3,0.734746036115975,9.645662307739258,-2.15234375,59.60801748921768
14,mistral,1,Mistral-7B-v0.3,0.709237179773475,7.567923069000244,-1.955078125,55.39515096820524
14,mistral,2,Mistral-7B-v0.3,0.8297120601217153,9.740141868591309,-2.18359375,71.6794155721604
14,mistral,3,Mistral-7B-v0.3,0.6396245879238578,9.494128227233887,-2.201171875,44.55409365800979
14,mistral,4,Mistral-7B-v0.3,0.7937302177243405,12.226096153259277,-2.30859375,67.96617536626265
15,mistral,0,Mistral-7B-v0.3,0.8459066031931086,7.600492477416992,-2.025390625,72.8672106396043
15,mistral,1,Mistral-7B-v0.3,0.8329502189942339,7.8281779289245605,-2.080078125,71.79639949896068
15,mistral,2,Mistral-7B-v0.3,0.7928724313390358,6.546462059020996,-1.90234375,67.25936369861823
15,mistral,3,Mistral-7B-v0.3,0.7317435480011389,9.919734001159668,-2.255859375,59.203442576908145
15,mistral,4,Mistral-7B-v0.3,0.7978953538782231,5.046719551086426,-1.5693359375,67.39343393353694
16,mistral,0,Mistral-7B-v0.3,0.8776843247530128,7.7127814292907715,-1.99609375,74.95291979237396
16,mistral,1,Mistral-7B-v0.3,0.9106497289632696,11.369132995605469,-2.39453125,76.46376847542382
16,mistral,2,Mistral-7B-v0.3,0.8688421959833345,10.379751205444336,-2.26171875,74.77664908250551
16,mistral,3,Mistral-7B-v0.3,0.8373062821548423,12.154457092285156,-2.427734375,72.5645487153254
17,mistral,0,Mistral-7B-v0.3,0.7983659981646157,9.295029640197754,-2.177734375,68.29106435836951
17,mistral,1,Mistral-7B-v0.3,0.7190821804765776,11.10269832611084,-2.310546875,57.34506263484705
17,mistral,2,Mistral-7B-v0.3,0.5994060021232569,8.628820419311523,-2.12109375,38.31174028086941
17,mistral,3,Mistral-7B-v0.3,0.8503569298764856,8.818460464477539,-2.11328125,73.35641623211926
17,mistral,4,Mistral-7B-v0.3,0.8491473435596256,8.754032135009766,-2.06640625,73.23425083881877
18,mistral,0,Mistral-7B-v0.3,0.8808175132198637,5.698366641998291,-1.740234375,74.72755105541262
18,mistral,1,Mistral-7B-v0.3,0.92253943142049,5.954730033874512,-1.76953125,75.880847581517
18,mistral,2,Mistral-7B-v0.3,0.8118631342978554,6.291451930999756,-1.8212890625,69.3647329931228
18,mistral,3,Mistral-7B-v0.3,0.8563323817116777,7.539234161376953,-2.01171875,73.646199401842
18,mistral,4,Mistral-7B-v0.3,0.8953828036966833,5.289565086364746,-1.65234375,75.18395686426794
19,mistral,0,Mistral-7B-v0.3,0.8827554119424522,8.67668342590332,-2.1015625,75.33076172627119
19,mistral,1,Mistral-7B-v0.3,0.8277393501620766,8.035295486450195,-1.9990234375,71.27259725871883
19,mistral,2,Mistral-7B-v0.3,0.8535213029546234,9.573829650878906,-2.22265625,73.6896691027448
19,mistral,3,Mistral-7B-v0.3,0.7986778957139593,8.261466979980469,-2.115234375,68.22662511747066
19,mistral,4,Mistral-7B-v0.3,0.8769812407126392,8.017534255981445,-2.09765625,74.99953658785522
20,mistral,0,Mistral-7B-v0.3,0.8598811204559483,7.5856804847717285,-1.9140625,73.82542679164607
20,mistral,1,Mistral-7B-v0.3,0.8818028682994924,8.064593315124512,-2.056640625,75.21753735521969
20,mistral,2,Mistral-7B-v0.3,0.7913933352797996,7.115885257720947,-1.884765625,67.10698702036217
20,mistral,3,Mistral-7B-v0.3,0.8509316322984944,7.2471184730529785,-1.951171875,73.18364731702631
20,mistral,4,Mistral-7B-v0.3,0.8489217849649733,7.123410224914551,-1.9248046875,72.99895952892165
21,mistral,0,Mistral-7B-v0.3,0.6988375608623757,7.65924596786499,-1.982421875,53.77311311558574
21,mistral,1,Mistral-7B-v0.3,0.9103614246958958,11.74820613861084,-2.359375,76.48579588474787
21,mistral,2,Mistral-7B-v0.3,0.799314673599704,7.771053791046143,-2.017578125,68.21112502105545
21,mistral,3,Mistral-7B-v0.3,0.7995852563925631,7.968649864196777,-1.9892578125,68.23911400514552
21,mistral,4,Mistral-7B-v0.3,0.7368693978297923,9.817087173461914,-2.25390625,59.97111183233051
22,mistral,0,Mistral-7B-v0.3,0.8254940687148,9.170279502868652,-2.16796875,71.22605563279565
22,mistral,1,Mistral-7B-v0.3,0.7811522032961152,7.322362899780273,-1.935546875,65.8691401067408
22,mistral,2,Mistral-7B-v0.3,0.885071029318446,9.882757186889648,-2.2421875,75.57188441682374
22,mistral,3,Mistral-7B-v0.3,0.873656693451789,7.128094673156738,-1.9091796875,74.63146122200843
23,mistral,0,Mistral-7B-v0.3,0.8802219543975899,9.3978271484375,-2.2421875,75.31511626326495
23,mistral,1,Mistral-7B-v0.3,0.7775294825533446,6.507317543029785,-1.9111328125,65.31379024291188
23,mistral,2,Mistral-7B-v0.3,0.7985134527509211,6.995042324066162,-1.95703125,68.01572387668492
23,mistral,3,Mistral-7B-v0.3,0.8061293833225898,9.159783363342285,-2.248046875,69.2005564514697
23,mistral,4,Mistral-7B-v0.3,0.7762543781183715,8.252995491027832,-2.138671875,65.41987195728873
24,mistral,0,Mistral-7B-v0.3,0.8227307374706219,14.686861991882324,-2.53515625,71.31893991059187
24,mistral,1,Mistral-7B-v0.3,0.8898658013683359,7.2339253425598145,-1.8369140625,75.33291198551441
24,mistral,2,Mistral-7B-v0.3,0.8248903833887353,7.807143688201904,-1.8984375,70.90211895735308
24,mistral,3,Mistral-7B-v0.3,0.8530514268914222,9.710865020751953,-2.099609375,73.61777407524806
24,mistral,4,Mistral-7B-v0.3,0.8019102524025937,8.799635887145996,-2.029296875,68.59862818120831
25,mistral,0,Mistral-7B-v0.3,0.8516693748453664,7.11131477355957,-1.982421875,73.25179476505251
25,mistral,1,Mistral-7B-v0.3,0.8639551192145862,7.416598796844482,-2.00390625,74.14738251425185
25,mistral,2,Mistral-7B-v0.3,0.877907208096789,7.895543575286865,-2.09375,75.0356136881845
25,mistral,3,Mistral-7B-v0.3,0.8377210463669693,9.045004844665527,-2.232421875,72.37510315152547
25,mistral,4,Mistral-7B-v0.3,0.8057321887947001,7.340486526489258,-2.052734375,68.94206269447332
26,mistral,0,Mistral-7B-v0.3,0.7879342630872682,5.9096174240112305,-1.7880859375,66.4938787252623
26,mistral,1,Mistral-7B-v0.3,0.7962723122450592,8.013683319091797,-2.0,67.85601096714129
26,mistral,2,Mistral-7B-v0.3,0.834837946291557,7.538368225097656,-2.0234375,71.91387493362046
26,mistral,3,Mistral-7B-v0.3,0.8062974390120529,9.707402229309082,-2.232421875,69.25537042361205
26,mistral,4,Mistral-7B-v0.3,0.7528485907478725,9.066286087036133,-2.236328125,62.26887040180911
27,mistral,0,Mistral-7B-v0.3,0.8146850871224447,9.48343276977539,-2.1953125,70.150317576061
27,mistral,1,Mistral-7B-v0.3,0.696694960288823,8.864084243774414,-2.115234375,53.59865628420828
27,mistral,2,Mistral-7B-v0.3,0.8887889283732926,7.320981979370117,-1.9560546875,75.39679055502228
27,mistral,3,Mistral-7B-v0.3,0.8718762920697926,7.983094215393066,-2.0078125,74.66987864144204
27,mistral,4,Mistral-7B-v0.3,0.7352743867854733,6.790613174438477,-1.9052734375,59.323193781097515
28,mistral,0,Mistral-7B-v0.3,0.6782102894214768,8.621240615844727,-2.134765625,50.62723267153775
28,mistral,1,Mistral-7B-v0.3,0.7128917720983584,6.384334564208984,-1.861328125,55.80271632305266
28,mistral,2,Mistral-7B-v0.3,0.7062176086823974,10.898019790649414,-2.388671875,55.31257410539111
28,mistral,3,Mistral-7B-v0.3,0.8317288570705428,11.045341491699219,-2.384765625,71.9888585706705
28,mistral,4,Mistral-7B-v0.3,0.8211098315007271,9.069535255432129,-2.208984375,70.79412045873067
29,mistral,0,Mistral-7B-v0.3,0.7482669289133618,6.960880279541016,-1.923828125,61.282214037624435
29,mistral,1,Mistral-7B-v0.3,0.8884048464537623,8.114400863647461,-1.990234375,75.4656859001845
29,mistral,2,Mistral-7B-v0.3,0.8670153883943246,8.616681098937988,-2.076171875,74.47202247471654
29,mistral,3,Mistral-7B-v0.3,0.8533711227941124,6.8608078956604,-1.908203125,73.30353894781071
29,mistral,4,Mistral-7B-v0.3,0.8520739221158221,8.220666885375977,-2.03515625,73.40047371944634
30,mistral,0,Mistral-7B-v0.3,0.8592956610572544,10.282065391540527,-2.283203125,74.16319831116884
30,mistral,1,Mistral-7B-v0.3,0.8187563198803365,9.311570167541504,-2.1796875,70.56077302376468
30,mistral,2,Mistral-7B-v0.3,0.8677071246014075,10.503108978271484,-2.34765625,74.72618898295858
30,mistral,3,Mistral-7B-v0.3,0.8709546576002574,9.917638778686523,-2.2890625,74.87173985105646
30,mistral,4,Mistral-7B-v0.3,0.8454432056029832,10.164168357849121,-2.275390625,73.11694643041461
31,mistral,0,Mistral-7B-v0.3,0.8278335340559347,10.031988143920898,-2.283203125,71.54511557603597
31,mistral,1,Mistral-7B-v0.3,0.8561567376155127,11.560253143310547,-2.427734375,74.03167021131836
31,mistral,2,Mistral-7B-v0.3,0.8011647598199166,9.653213500976562,-2.197265625,68.65242098354281
31,mistral,3,Mistral-7B-v0.3,0.8105696131584292,10.964158058166504,-2.365234375,69.83461687761077
31,mistral,4,Mistral-7B-v0.3,0.8754564059738945,9.101781845092773,-2.17578125,75.03335939552751
32,mistral,0,Mistral-7B-v0.3,0.8420330975733957,8.01085090637207,-2.060546875,72.59964571092557
32,mistral,1,Mistral-7B-v0.3,0.7997190687602883,8.177145957946777,-2.029296875,68.2965412671238
32,mistral,2,Mistral-7B-v0.3,0.7601035527976167,9.78997802734375,-2.234375,63.354776440394204
32,mistral,3,Mistral-7B-v0.3,0.8450858735359295,7.125473976135254,-1.876953125,72.65366060425637
32,mistral,4,Mistral-7B-v0.3,0.8037933048994592,7.053150177001953,-1.8955078125,68.58744707456573
33,mistral,0,Mistral-7B-v0.3,0.8213206287139386,11.827682495117188,-2.421875,71.02522414298161
33,mistral,1,Mistral-7B-v0.3,0.8060168163462117,10.83166217803955,-2.291015625,69.31367808071155
33,mistral,2,Mistral-7B-v0.3,0.9306222453147955,11.047459602355957,-2.3203125,76.57984034926864
33,mistral,3,Mistral-7B-v0.3,0.8746486805558781,8.628429412841797,-2.109375,74.92802196561902
33,mistral,4,Mistral-7B-v0.3,0.8268715688246122,10.037210464477539,-2.298828125,71.45455935571367
34,mistral,0,Mistral-7B-v0.3,0.7712431630046671,6.5639142990112305,-1.85546875,64.43155795159568
34,mistral,1,Mistral-7B-v0.3,0.7001124268535766,6.173867702484131,-1.7607421875,53.66892375046858
34,mistral,2,Mistral-7B-v0.3,0.7333933011830307,7.420374393463135,-1.9287109375,59.105695965138736
34,mistral,3,Mistral-7B-v0.3,0.7402948694653156,5.519876956939697,-1.689453125,59.76589688199495
34,mistral,4,Mistral-7B-v0.3,0.7269713847709479,6.404565334320068,-1.8388671875,57.97108795637028
35,mistral,0,Mistral-7B-v0.3,0.8144145114305171,7.999715805053711,-2.103515625,69.97544375092849
35,mistral,1,Mistral-7B-v0.3,0.895059693774883,11.0850191116333,-2.412109375,76.0484704818625
35,mistral,2,Mistral-7B-v0.3,0.7638162016800132,8.311144828796387,-2.146484375,63.738096621259544
35,mistral,3,Mistral-7B-v0.3,0.8396560904860413,8.814197540283203,-2.201171875,72.51809571730493
35,mistral,4,Mistral-7B-v0.3,0.8991698458369796,12.57011890411377,-2.533203125,76.24585670789016
36,mistral,0,Mistral-7B-v0.3,0.8731230934185991,6.630862236022949,-1.84375,74.50726108493066
36,mistral,1,Mistral-7B-v0.3,0.8434094465784606,8.186336517333984,-2.015625,72.70068231277124
36,mistral,2,Mistral-7B-v0.3,0.8531836688317181,6.43409538269043,-1.7919921875,73.15153723214989
36,mistral,3,Mistral-7B-v0.3,0.8601747757305725,8.455129623413086,-2.083984375,74.02385208299559
36,mistral,4,Mistral-7B-v0.3,0.7636616219500298,6.801384925842285,-1.8896484375,63.43950167931344
37,mistral,0,Mistral-7B-v0.3,0.6932711707070258,6.711306571960449,-1.9091796875,52.7569016233766
37,mistral,1,Mistral-7B-v0.3,0.7420215201782895,6.124802112579346,-1.859375,60.24272244201302
37,mistral,2,Mistral-7B-v0.3,0.8182134063011144,6.610381603240967,-1.91015625,70.14369668945073
37,mistral,3,Mistral-7B-v0.3,0.9102471455412631,6.292828559875488,-1.8818359375,75.87401240777483
38,mistral,0,Mistral-7B-v0.3,0.48968483063096885,8.17098331451416,-2.125,24.580774518516527
38,mistral,1,Mistral-7B-v0.3,0.8521122711493611,10.589839935302734,-2.3828125,73.673642409696
38,mistral,2,Mistral-7B-v0.3,0.842332918285399,9.696327209472656,-2.2734375,72.82677698238219
38,mistral,3,Mistral-7B-v0.3,0.8602418726221881,8.037178993225098,-2.095703125,74.00328089518315
39,mistral,0,Mistral-7B-v0.3,0.7080916755911806,9.58387565612793,-2.271484375,55.510278463920756
39,mistral,1,Mistral-7B-v0.3,0.8116580896200375,8.838340759277344,-2.13671875,69.75516882059406
39,mistral,2,Mistral-7B-v0.3,0.8516861204722476,8.549921989440918,-2.130859375,73.44579543982614
39,mistral,3,Mistral-7B-v0.3,0.6709583432371792,5.878042697906494,-1.755859375,48.96853630470158
40,mistral,0,Mistral-7B-v0.3,0.8565010570824525,8.417952537536621,-2.091796875,73.77039041516149
40,mistral,1,Mistral-7B-v0.3,0.8561895095247445,9.205734252929688,-2.2109375,73.85354219576605
40,mistral,2,Mistral-7B-v0.3,0.8306728069473018,7.896612644195557,-2.060546875,71.57918487293949
40,mistral,3,Mistral-7B-v0.3,0.6069502540922261,7.034640312194824,-1.9580078125,39.21433220876707
40,mistral,4,Mistral-7B-v0.3,0.8400617138266964,9.86253833770752,-2.27734375,72.64645677267474
41,mistral,0,Mistral-7B-v0.3,0.8536070041398875,7.305448532104492,-1.923828125,73.36759126636333
41,mistral,1,Mistral-7B-v0.3,0.8247972759422274,8.971064567565918,-2.111328125,71.11907525795148
41,mistral,2,Mistral-7B-v0.3,0.8329379723302025,7.852023124694824,-2.01953125,71.76181498284348
41,mistral,3,Mistral-7B-v0.3,0.7414162386855465,6.92319393157959,-1.861328125,60.216448974626346
41,mistral,4,Mistral-7B-v0.3,0.9447666924465068,7.443118572235107,-1.990234375,76.03829010417344
42,mistral,0,Mistral-7B-v0.3,0.8427562204560801,5.429926872253418,-1.69140625,72.14386107507289
42,mistral,1,Mistral-7B-v0.3,0.6227801072001362,4.606520175933838,-1.541015625,40.993883180336525
42,mistral,2,Mistral-7B-v0.3,0.7395040334859332,6.297048568725586,-1.837890625,59.86151689102732
42,mistral,3,Mistral-7B-v0.3,0.6696851127408525,5.745278835296631,-1.7373046875,48.734032610214484
42,mistral,4,Mistral-7B-v0.3,0.8814023169199187,5.942054271697998,-1.77734375,74.81287495001638
43,mistral,0,Mistral-7B-v0.3,0.7865114046539453,6.774972438812256,-1.88671875,66.4733081001078
43,mistral,1,Mistral-7B-v0.3,0.8890357828188964,10.144887924194336,-2.283203125,75.76218851471245
43,mistral,2,Mistral-7B-v0.3,0.8786741670563569,8.187134742736816,-2.083984375,75.09085547279047
43,mistral,3,Mistral-7B-v0.3,0.8375425739952499,8.395586013793945,-2.06640625,72.24486042497928
43,mistral,4,Mistral-7B-v0.3,0.8558243309526372,6.027459621429443,-1.71484375,73.23182889951924
44,mistral,0,Mistral-7B-v0.3,0.769436926179483,7.8697662353515625,-2.005859375,64.4034495551409
44,mistral,1,Mistral-7B-v0.3,0.8837227602185893,10.696442604064941,-2.302734375,75.57977742441679
44,mistral,2,Mistral-7B-v0.3,0.9392493186779123,6.851860046386719,-1.88671875,75.9977551430044
44,mistral,3,Mistral-7B-v0.3,0.8223740516573187,7.766984462738037,-2.0078125,70.729652852925
44,mistral,4,Mistral-7B-v0.3,0.7817807359509905,9.652544021606445,-2.16796875,66.25668206316887
45,mistral,0,Mistral-7B-v0.3,0.5060231795167932,5.8411865234375,-1.77734375,25.834736684751917
45,mistral,1,Mistral-7B-v0.3,0.8843946749835421,8.537833213806152,-2.171875,75.42409537411277
45,mistral,2,Mistral-7B-v0.3,0.7923157912768457,6.861758708953857,-1.931640625,67.23910288272207
45,mistral,3,Mistral-7B-v0.3,0.7261496371201179,6.531787395477295,-1.861328125,57.87505257639062
45,mistral,4,Mistral-7B-v0.3,0.820302691176734,8.400303840637207,-2.15234375,70.64306549150442
46,mistral,0,Mistral-7B-v0.3,0.866176856707427,9.59749698638916,-2.23046875,74.55274832991438
46,mistral,1,Mistral-7B-v0.3,0.8562378691552218,8.960341453552246,-2.14453125,73.81584935860612
46,mistral,2,Mistral-7B-v0.3,0.6816430815266957,9.208908081054688,-2.169921875,51.23565985190965
46,mistral,3,Mistral-7B-v0.3,0.7400037694747063,8.040343284606934,-2.072265625,60.242606761332716
46,mistral,4,Mistral-7B-v0.3,0.7414283080233584,9.563072204589844,-2.21875,60.62661283266695
47,mistral,0,Mistral-7B-v0.3,0.8806597658108746,8.029620170593262,-2.0390625,75.15066400656752
47,mistral,1,Mistral-7B-v0.3,0.9045005549389566,6.506831169128418,-1.8681640625,75.76020059454098
47,mistral,2,Mistral-7B-v0.3,0.8519359553104457,6.757606029510498,-1.9169921875,73.1956174308386
47,mistral,3,Mistral-7B-v0.3,0.8777956568145309,5.945794582366943,-1.7587890625,74.61809547388461
48,mistral,0,Mistral-7B-v0.3,0.7123637748848918,10.607818603515625,-2.19921875,56.237972958432195
48,mistral,1,Mistral-7B-v0.3,0.8674710052413316,7.0804548263549805,-1.8876953125,74.25313838756189
48,mistral,2,Mistral-7B-v0.3,0.8380220922930951,11.245686531066895,-2.22265625,72.55412185954958
48,mistral,3,Mistral-7B-v0.3,0.6826095678911457,10.427665710449219,-1.9970703125,51.387442772587015
48,mistral,4,Mistral-7B-v0.3,0.7322347514641656,9.657051086425781,-2.173828125,59.236411021562816
49,mistral,0,Mistral-7B-v0.3,0.8909796076375781,11.112747192382812,-2.216796875,75.8899428348495
49,mistral,1,Mistral-7B-v0.3,0.8460229916733446,9.74530029296875,-2.12109375,73.086129970076
49,mistral,2,Mistral-7B-v0.3,0.8821097504172853,10.606916427612305,-2.15234375,75.461773583519
49,mistral,3,Mistral-7B-v0.3,0.8315736914313453,9.915867805480957,-2.109375,71.83643612178199
49,mistral,4,Mistral-7B-v0.3,0.9015929133183355,10.752236366271973,-2.216796875,76.20498976778605
50,mistral,0,Mistral-7B-v0.3,0.8985632048819581,9.586653709411621,-2.162109375,76.01963388738547
50,mistral,1,Mistral-7B-v0.3,0.8994903034814007,12.214223861694336,-2.36328125,76.2648684262554
50,mistral,2,Mistral-7B-v0.3,0.9191702263850244,12.548766136169434,-2.41796875,76.64902622052597
50,mistral,3,Mistral-7B-v0.3,0.7978297231924231,8.996752738952637,-2.13671875,68.18976748337772
50,mistral,4,Mistral-7B-v0.3,0.7905254866402694,8.953399658203125,-2.05078125,67.25673970670366
51,mistral,0,Mistral-7B-v0.3,0.9091995841995842,9.186598777770996,-2.115234375,76.22872813600972
51,mistral,1,Mistral-7B-v0.3,0.8379664335459704,10.1829252243042,-2.18359375,72.46383106059659
51,mistral,2,Mistral-7B-v0.3,0.8342040231902735,7.930124282836914,-2.0625,71.9091567225835
51,mistral,3,Mistral-7B-v0.3,0.8264309285432907,7.56240177154541,-2.013671875,71.11986146141255
51,mistral,4,Mistral-7B-v0.3,0.8823760575001327,11.700956344604492,-2.41796875,75.5859868605364
52,mistral,0,Mistral-7B-v0.3,0.8828579634398829,8.724270820617676,-2.0546875,75.3139727695445
52,mistral,1,Mistral-7B-v0.3,0.9418593478393794,12.088666915893555,-2.439453125,76.53948879188665
52,mistral,2,Mistral-7B-v0.3,0.9009133611691023,7.244429588317871,-1.9013671875,75.75401563985353
52,mistral,3,Mistral-7B-v0.3,0.9071905549264562,7.5642991065979,-1.9248046875,75.94834436485897
52,mistral,4,Mistral-7B-v0.3,0.8297172796332931,11.694430351257324,-2.419921875,71.84063764544824
53,mistral,0,Mistral-7B-v0.3,0.7136810611061057,6.839270114898682,-1.85546875,55.95656296142586
53,mistral,1,Mistral-7B-v0.3,0.6751592284528954,7.526857852935791,-1.931640625,49.93142851614157
53,mistral,2,Mistral-7B-v0.3,0.6947159994697772,7.186185359954834,-1.990234375,53.08509460905568
53,mistral,3,Mistral-7B-v0.3,0.8359373503402588,7.419182777404785,-1.921875,71.93134438520572
53,mistral,4,Mistral-7B-v0.3,0.5858311324282037,6.98050594329834,-1.8505859375,36.033614155866246
54,mistral,0,Mistral-7B-v0.3,0.7954168311486698,9.529744148254395,-2.23046875,67.97125286728945
54,mistral,1,Mistral-7B-v0.3,0.8280681091433136,9.543097496032715,-2.23828125,71.52424101217916
54,mistral,2,Mistral-7B-v0.3,0.8880187603711502,8.41641902923584,-2.13671875,75.55429116823755
54,mistral,3,Mistral-7B-v0.3,0.7278425263013643,6.888865947723389,-1.9189453125,58.21117503072398
54,mistral,4,Mistral-7B-v0.3,0.8462166537819457,10.408703804016113,-2.34765625,73.20310601242662
55,mistral,0,Mistral-7B-v0.3,0.8305906729333932,6.2898969650268555,-1.732421875,71.17643155984877
55,mistral,1,Mistral-7B-v0.3,0.8703927511956495,9.999397277832031,-2.1484375,74.80691656536351
55,mistral,2,Mistral-7B-v0.3,0.7295965199848695,8.224590301513672,-1.998046875,58.63892192337914
55,mistral,3,Mistral-7B-v0.3,0.846096491962661,9.007176399230957,-2.05859375,73.00682573366866
55,mistral,4,Mistral-7B-v0.3,0.8204317590875821,7.720341205596924,-1.857421875,70.41228194192033
56,mistral,0,Mistral-7B-v0.3,0.6191124954845566,9.424962043762207,-2.2265625,41.368803252916116
56,mistral,1,Mistral-7B-v0.3,0.6628259930693511,8.192652702331543,-2.009765625,48.05732938012419
56,mistral,2,Mistral-7B-v0.3,0.595912273476112,10.533838272094727,-2.375,37.98995611555054
56,mistral,3,Mistral-7B-v0.3,0.7688123542869958,12.559783935546875,-2.52734375,64.73573515764772
56,mistral,4,Mistral-7B-v0.3,0.7476997825440213,10.089449882507324,-2.333984375,61.60812593372771
57,mistral,0,Mistral-7B-v0.3,0.6337543586531289,10.09947681427002,-2.240234375,43.68648659139536
57,mistral,1,Mistral-7B-v0.3,0.6642973319156426,10.786932945251465,-2.2890625,48.59142428651449
57,mistral,2,Mistral-7B-v0.3,0.5221920186485286,5.829346179962158,-1.7314453125,27.58610484572377
57,mistral,3,Mistral-7B-v0.3,0.4384177390413577,6.6043009757995605,-1.802734375,19.758603803427246
57,mistral,4,Mistral-7B-v0.3,0.7305201578244062,9.419694900512695,-2.173828125,58.958397082015786
58,mistral,0,Mistral-7B-v0.3,0.7996274884294453,7.343369483947754,-1.98828125,68.19616798551726
58,mistral,1,Mistral-7B-v0.3,0.8436119543631382,8.858299255371094,-2.083984375,72.80689878146238
58,mistral,2,Mistral-7B-v0.3,0.7051175259316066,8.456000328063965,-2.10546875,54.9030770963306
58,mistral,3,Mistral-7B-v0.3,0.8100688526670131,7.981769561767578,-1.9072265625,69.3734802891433
58,mistral,4,Mistral-7B-v0.3,0.7428052138002238,11.726446151733398,-2.322265625,60.99898096473396
59,mistral,0,Mistral-7B-v0.3,0.771256943816006,6.713081359863281,-1.8720703125,64.4596557799534
59,mistral,1,Mistral-7B-v0.3,0.6605019622772493,7.346401214599609,-1.962890625,47.58893725534129
59,mistral,2,Mistral-7B-v0.3,0.45023044672781976,8.48894214630127,-2.083984375,21.033935270982703
59,mistral,3,Mistral-7B-v0.3,0.7446349454150905,7.537610054016113,-1.9794921875,60.83443364339876
59,mistral,4,Mistral-7B-v0.3,0.7481302980959307,7.477674961090088,-1.9560546875,61.32639989646594
60,mistral,0,Mistral-7B-v0.3,0.7019084404819383,6.255144119262695,-1.8408203125,54.039032415230686
60,mistral,1,Mistral-7B-v0.3,0.45988078653549225,7.569016456604004,-2.013671875,21.72374823955823
60,mistral,2,Mistral-7B-v0.3,0.7347804928042738,7.568648338317871,-2.03515625,59.40107405044231
60,mistral,3,Mistral-7B-v0.3,0.7301107990995037,5.748569488525391,-1.7880859375,58.35150103645911
60,mistral,4,Mistral-7B-v0.3,0.5579136044802782,5.920282363891602,-1.7919921875,32.066141055896686
61,mistral,0,Mistral-7B-v0.3,0.7716672780910125,10.216684341430664,-2.3203125,64.99427044964622
61,mistral,1,Mistral-7B-v0.3,0.8242752390071951,7.867997169494629,-2.04296875,70.94918676810748
61,mistral,2,Mistral-7B-v0.3,0.7231735457671528,7.016917705535889,-1.900390625,57.48722947389124
61,mistral,3,Mistral-7B-v0.3,0.83876909919882,9.676892280578613,-2.2578125,72.51800280629452
61,mistral,4,Mistral-7B-v0.3,0.7206354081083378,9.650680541992188,-2.26953125,57.47936173781268
62,mistral,0,Mistral-7B-v0.3,0.6942669208913346,8.3247652053833,-2.095703125,53.16177530380209
62,mistral,1,Mistral-7B-v0.3,0.7443640891359571,7.362123489379883,-1.927734375,60.74262345728255
62,mistral,2,Mistral-7B-v0.3,0.8597639916540277,7.014210224151611,-1.8544921875,73.7230840156885
62,mistral,3,Mistral-7B-v0.3,0.8155433398338213,7.4028472900390625,-1.8720703125,69.89203216382356
63,mistral,0,Mistral-7B-v0.3,0.6328542540550208,9.395307540893555,-2.169921875,43.474550692094006
63,mistral,1,Mistral-7B-v0.3,0.7540818290388087,7.132040500640869,-1.86328125,62.08714448977548
63,mistral,2,Mistral-7B-v0.3,0.8103362200029275,8.49821949005127,-2.09375,69.56536744003951
63,mistral,3,Mistral-7B-v0.3,0.8644951906723511,7.445580005645752,-2.0078125,74.18660025493702
63,mistral,4,Mistral-7B-v0.3,0.8241504564498111,8.756414413452148,-2.109375,71.03840079830317
64,mistral,0,Mistral-7B-v0.3,0.8220834892044154,9.490389823913574,-2.21484375,70.92488134961398
64,mistral,1,Mistral-7B-v0.3,0.8852425307176717,12.285245895385742,-2.52734375,75.72576918098157
64,mistral,2,Mistral-7B-v0.3,0.8664272141810304,6.321733474731445,-1.8828125,74.1264604013002
64,mistral,3,Mistral-7B-v0.3,0.8663669346763769,7.846545696258545,-2.064453125,74.36845089479336
64,mistral,4,Mistral-7B-v0.3,0.810477270182454,5.3524675369262695,-1.6416015625,68.94669250011447
65,mistral,0,Mistral-7B-v0.3,0.698929983514295,11.705571174621582,-2.462890625,54.199620952225324
65,mistral,1,Mistral-7B-v0.3,0.7432664037570464,9.948319435119629,-2.30859375,60.943591112004974
65,mistral,2,Mistral-7B-v0.3,0.6637150728349848,9.185094833374023,-2.181640625,48.35878091058142
65,mistral,3,Mistral-7B-v0.3,0.7400722662350568,8.793245315551758,-2.109375,60.327542203095
65,mistral,4,Mistral-7B-v0.3,0.8496272538652426,10.157761573791504,-2.271484375,73.44746084952027
66,mistral,0,Mistral-7B-v0.3,0.6877025198438611,9.622002601623535,-2.1953125,52.246521924632276
66,mistral,1,Mistral-7B-v0.3,0.6614496626008547,11.460173606872559,-2.33203125,48.184980422079754
66,mistral,2,Mistral-7B-v0.3,0.8163754895372191,11.744389533996582,-2.390625,70.51121165513494
66,mistral,3,Mistral-7B-v0.3,0.7008367456035982,9.487242698669434,-2.1953125,54.33501056461911
66,mistral,4,Mistral-7B-v0.3,0.8404215124569508,11.254867553710938,-2.373046875,72.78014329103682
67,mistral,0,Mistral-7B-v0.3,0.863161515305956,6.714925765991211,-1.859375,73.93000287134043
67,mistral,1,Mistral-7B-v0.3,0.7019467701662728,7.010824203491211,-1.9052734375,54.15973218599845
67,mistral,2,Mistral-7B-v0.3,0.6818264655298192,8.028136253356934,-2.033203125,51.11111003564974
67,mistral,3,Mistral-7B-v0.3,0.8381706401084239,6.7421770095825195,-1.853515625,72.0191322664918
67,mistral,4,Mistral-7B-v0.3,0.8224156606553374,6.623851299285889,-1.8251953125,70.50012179687359
68,mistral,0,Mistral-7B-v0.3,0.7971827874699888,12.043170928955078,-2.453125,68.36267127516078
68,mistral,1,Mistral-7B-v0.3,0.8110061651960591,10.848714828491211,-2.306640625,69.87215689630696
68,mistral,2,Mistral-7B-v0.3,0.821435020125542,7.196437835693359,-1.9150390625,70.52365340387284
68,mistral,3,Mistral-7B-v0.3,0.8092766330781265,9.444886207580566,-2.18359375,69.55550097116753
68,mistral,4,Mistral-7B-v0.3,0.7381912577091313,7.688885688781738,-1.9677734375,59.87883066231811
69,mistral,0,Mistral-7B-v0.3,0.851821108633693,14.370594024658203,-2.603515625,73.83345298327349
69,mistral,1,Mistral-7B-v0.3,0.8272966065661339,10.867884635925293,-2.32421875,71.55602471762859
69,mistral,2,Mistral-7B-v0.3,0.8754221877557625,12.335687637329102,-2.4140625,75.28419823213828
69,mistral,3,Mistral-7B-v0.3,0.7443345828187331,11.186409950256348,-2.384765625,61.18911807404665
69,mistral,4,Mistral-7B-v0.3,0.755704416998116,10.381503105163574,-2.267578125,62.77926529410791
70,mistral,0,Mistral-7B-v0.3,0.7861334165336661,11.708114624023438,-2.314453125,66.98927346368885
70,mistral,1,Mistral-7B-v0.3,0.8467174150657113,8.536482810974121,-2.037109375,73.0095466102897
70,mistral,2,Mistral-7B-v0.3,0.8795000780647133,7.675021171569824,-1.9228515625,74.98676483511016
70,mistral,3,Mistral-7B-v0.3,0.8798580578927401,14.744661331176758,-2.6015625,75.59938024283802
70,mistral,4,Mistral-7B-v0.3,0.8289640634507488,8.756930351257324,-2.091796875,71.49815412504073
71,mistral,0,Mistral-7B-v0.3,0.8421922740032141,10.633662223815918,-2.3515625,72.88788550663432
71,mistral,1,Mistral-7B-v0.3,0.8093366995608497,9.79687786102295,-2.263671875,69.60844628892207
71,mistral,2,Mistral-7B-v0.3,0.6813686454419374,8.065848350524902,-2.060546875,51.05646454097487
71,mistral,3,Mistral-7B-v0.3,0.8428624390609887,9.412701606750488,-2.19921875,72.83300225310931
71,mistral,4,Mistral-7B-v0.3,0.7550879369639981,7.694796085357666,-2.0078125,62.38579061283092
72,mistral,0,Mistral-7B-v0.3,0.8447940835398323,10.475386619567871,-2.337890625,73.09216067561952
72,mistral,1,Mistral-7B-v0.3,0.7462391364307938,9.145390510559082,-2.193359375,61.30032407755142
72,mistral,2,Mistral-7B-v0.3,0.707369026721694,8.097480773925781,-2.12109375,55.23993874770068
72,mistral,3,Mistral-7B-v0.3,0.7664287614524389,8.049077987670898,-2.11328125,64.0655610053227
72,mistral,4,Mistral-7B-v0.3,0.7848047907578839,9.097583770751953,-2.220703125,66.62146448654487
73,mistral,0,Mistral-7B-v0.3,0.8223111238023805,7.281772613525391,-2.021484375,70.69531812218513
73,mistral,1,Mistral-7B-v0.3,0.8360558199008189,6.443854808807373,-1.89453125,71.84461247203221
73,mistral,2,Mistral-7B-v0.3,0.8254632132042614,6.835745334625244,-1.9296875,70.90971566154893
73,mistral,3,Mistral-7B-v0.3,0.845047275198518,7.762343406677246,-2.05078125,72.82503866472145
73,mistral,4,Mistral-7B-v0.3,0.7449078439223487,7.832368850708008,-2.078125,60.95791433645459
74,mistral,0,Mistral-7B-v0.3,0.7988518952987871,8.741297721862793,-2.08203125,68.2661995442814
74,mistral,1,Mistral-7B-v0.3,0.7524973563190124,8.557717323303223,-2.12109375,62.14076345852932
74,mistral,2,Mistral-7B-v0.3,0.8292822477013472,6.972440242767334,-1.935546875,71.29384671414176
74,mistral,3,Mistral-7B-v0.3,0.8555115453451868,11.980695724487305,-2.443359375,74.01092208440508
74,mistral,4,Mistral-7B-v0.3,0.866362074351765,12.278923988342285,-2.455078125,74.75405033330087
75,mistral,0,Mistral-7B-v0.3,0.7794938653356666,12.70287036895752,-2.4296875,66.19713039082512
75,mistral,1,Mistral-7B-v0.3,0.8733813926941796,8.656584739685059,-2.12109375,74.86671422485006
75,mistral,2,Mistral-7B-v0.3,0.8750276739881205,7.439599990844727,-1.943359375,74.756180167353
75,mistral,3,Mistral-7B-v0.3,0.8712984644622224,9.182896614074707,-2.119140625,74.78771995029669
75,mistral,4,Mistral-7B-v0.3,0.9126107372803407,10.133161544799805,-2.21484375,76.39168096166259
76,mistral,0,Mistral-7B-v0.3,0.8036083676655944,6.84096622467041,-1.7939453125,68.45722866808529
76,mistral,1,Mistral-7B-v0.3,0.663109696297293,6.926612377166748,-1.779296875,47.8145358974969
76,mistral,2,Mistral-7B-v0.3,0.8348525893106404,6.136190891265869,-1.7421875,71.56768269034914
76,mistral,3,Mistral-7B-v0.3,0.8225783508208077,8.205093383789062,-1.984375,70.76723928236596
76,mistral,4,Mistral-7B-v0.3,0.8448964183415075,8.748319625854492,-2.03125,72.87442186727421
77,mistral,0,Mistral-7B-v0.3,0.769177760737346,8.722675323486328,-2.16796875,64.51516300772069
77,mistral,1,Mistral-7B-v0.3,0.7462311960348103,7.692092418670654,-2.07421875,61.14005513640512
77,mistral,2,Mistral-7B-v0.3,0.7539178217270638,8.052334785461426,-2.046875,62.26905253716097
77,mistral,3,Mistral-7B-v0.3,0.7011853338798446,6.519822120666504,-1.85546875,53.958030129114945
77,mistral,4,Mistral-7B-v0.3,0.7744389548298767,6.86982536315918,-1.9208984375,64.93993326118503
78,mistral,0,Mistral-7B-v0.3,0.8758822263941789,8.091043472290039,-2.033203125,74.912170971577
78,mistral,1,Mistral-7B-v0.3,0.8595384452743776,9.194112777709961,-2.166015625,74.07154826665013
78,mistral,2,Mistral-7B-v0.3,0.7482230675854243,13.231134414672852,-2.453125,61.88591206919614
78,mistral,3,Mistral-7B-v0.3,0.8936123570874507,7.363688945770264,-1.9375,75.56543883427112
78,mistral,4,Mistral-7B-v0.3,0.8172383117524957,8.51638126373291,-2.052734375,70.28567932432756
79,mistral,0,Mistral-7B-v0.3,0.8478834838399051,8.845634460449219,-2.119140625,73.16862526950601
79,mistral,1,Mistral-7B-v0.3,0.8188276282896678,10.015655517578125,-2.244140625,70.63694403543168
79,mistral,2,Mistral-7B-v0.3,0.844073010829319,7.383767127990723,-1.970703125,72.66458923528927
79,mistral,3,Mistral-7B-v0.3,0.8675970959207954,7.817033767700195,-1.9970703125,74.4000062899344
79,mistral,4,Mistral-7B-v0.3,0.8459680371457421,9.28268051147461,-2.166015625,73.06707990028644
80,mistral,0,Mistral-7B-v0.3,0.8671259833873043,13.212066650390625,-2.55859375,74.8280025513308
80,mistral,1,Mistral-7B-v0.3,0.8176362763090992,8.3687105178833,-2.103515625,70.34341478072065
80,mistral,2,Mistral-7B-v0.3,0.797167277411715,8.005322456359863,-2.09765625,68.01948381628318
80,mistral,3,Mistral-7B-v0.3,0.8072398707553949,8.337489128112793,-2.103515625,69.21419159299388
81,mistral,0,Mistral-7B-v0.3,0.7816447134140704,8.324213981628418,-2.140625,66.1314366606895
81,mistral,1,Mistral-7B-v0.3,0.7675890197760744,8.330586433410645,-2.04296875,64.20857197397267
81,mistral,2,Mistral-7B-v0.3,0.8340960094336605,10.753320693969727,-2.216796875,72.16798747227048
81,mistral,3,Mistral-7B-v0.3,0.7902991813866149,7.95407772064209,-2.03515625,67.14546930999295
81,mistral,4,Mistral-7B-v0.3,0.6787005359927156,9.01681137084961,-2.158203125,50.74458142204816
82,mistral,0,Mistral-7B-v0.3,0.8253508210890234,7.56231164932251,-1.962890625,70.97928580128391
82,mistral,1,Mistral-7B-v0.3,0.8863944985866234,6.416018009185791,-1.818359375,75.1125647963133
82,mistral,2,Mistral-7B-v0.3,0.9037643190572763,8.953271865844727,-2.1328125,76.10247549384994
82,mistral,3,Mistral-7B-v0.3,0.9132014894844973,7.254316806793213,-1.9384765625,76.04197118575941
82,mistral,4,Mistral-7B-v0.3,0.7842320572221205,5.884827136993408,-1.7548828125,65.98949707014036
83,mistral,0,Mistral-7B-v0.3,0.8681972086645479,10.184247016906738,-2.236328125,74.71900213922316
83,mistral,1,Mistral-7B-v0.3,0.8879215267815033,10.351977348327637,-2.224609375,75.72024292607925
83,mistral,2,Mistral-7B-v0.3,0.759196626375345,8.837569236755371,-2.060546875,63.087423574916855
83,mistral,3,Mistral-7B-v0.3,0.9101436124043241,11.003820419311523,-2.357421875,76.43153564914968
83,mistral,4,Mistral-7B-v0.3,0.834320532781747,11.587629318237305,-2.326171875,72.26386643015577
84,mistral,0,Mistral-7B-v0.3,0.8734151429861621,7.350681781768799,-1.935546875,74.65615246708798
84,mistral,1,Mistral-7B-v0.3,0.7614955151835269,7.606618404388428,-1.9228515625,63.225672309839865
84,mistral,2,Mistral-7B-v0.3,0.7672073479983084,4.859860420227051,-1.4970703125,63.33929844846935
84,mistral,3,Mistral-7B-v0.3,0.8088300495711984,6.348936080932617,-1.7802734375,68.99556838604303
84,mistral,4,Mistral-7B-v0.3,0.7620670394743082,5.460970878601074,-1.6796875,62.902615814063516
85,mistral,0,Mistral-7B-v0.3,0.8540756369174979,8.59230899810791,-2.15625,73.63722579606284
85,mistral,1,Mistral-7B-v0.3,0.8344452678655173,8.278715133666992,-2.05859375,71.95490619786227
85,mistral,2,Mistral-7B-v0.3,0.8046749925754235,9.896737098693848,-2.212890625,69.07945456468997
85,mistral,3,Mistral-7B-v0.3,0.7867556973298881,7.435085773468018,-1.9423828125,66.59957701942578
85,mistral,4,Mistral-7B-v0.3,0.7938824345945925,8.186980247497559,-1.9990234375,67.57965925858394
86,mistral,0,Mistral-7B-v0.3,0.8897124578968318,9.655333518981934,-1.947265625,75.59895300357323
86,mistral,1,Mistral-7B-v0.3,0.8766677502013639,9.466773986816406,-2.005859375,75.03667160240708
86,mistral,2,Mistral-7B-v0.3,0.871504288544492,10.925148010253906,-2.017578125,74.86676291638432
86,mistral,3,Mistral-7B-v0.3,0.8625212596024736,14.551881790161133,-2.53125,74.63050612010817
86,mistral,4,Mistral-7B-v0.3,0.8338630620234649,10.537233352661133,-1.9521484375,71.99463537200224
87,mistral,0,Mistral-7B-v0.3,0.8988599252290935,15.640327453613281,-2.4453125,76.4488378505584
87,mistral,1,Mistral-7B-v0.3,0.763106577936294,7.126636505126953,-1.8408203125,63.3441145818457
87,mistral,2,Mistral-7B-v0.3,0.873484689896664,14.377311706542969,-2.52734375,75.28089597764728
87,mistral,3,Mistral-7B-v0.3,0.8720083239924286,12.81784725189209,-2.326171875,75.13162711329988
87,mistral,4,Mistral-7B-v0.3,0.9056538083401922,12.598841667175293,-2.4296875,76.44209508945768
88,mistral,0,Mistral-7B-v0.3,0.587457924560787,8.235906600952148,-2.103515625,36.53867512793335
88,mistral,1,Mistral-7B-v0.3,0.6785040744832178,11.339155197143555,-2.369140625,50.915266389064556
88,mistral,2,Mistral-7B-v0.3,0.532415524202512,11.252568244934082,-2.39453125,29.54518890431934
88,mistral,3,Mistral-7B-v0.3,0.6870093732364964,6.362181186676025,-1.8134765625,51.642074619456245
88,mistral,4,Mistral-7B-v0.3,0.6049642548976883,9.224586486816406,-2.228515625,39.21706800707789
89,mistral,0,Mistral-7B-v0.3,0.8679797244312023,10.514839172363281,-2.359375,74.74350632405658
89,mistral,1,Mistral-7B-v0.3,0.7914433995165243,7.483530044555664,-1.9873046875,67.2203075459865
89,mistral,2,Mistral-7B-v0.3,0.7932372551801257,10.293622970581055,-2.259765625,67.76765021580437
89,mistral,3,Mistral-7B-v0.3,0.7416669810122549,9.10266399383545,-2.19921875,60.62316449049668
89,mistral,4,Mistral-7B-v0.3,0.8544820694249811,13.571305274963379,-2.6015625,73.98273137930983
90,mistral,0,Mistral-7B-v0.3,0.8408596365894127,10.164992332458496,-2.251953125,72.73145367438136
90,mistral,1,Mistral-7B-v0.3,0.8398566375349336,11.528463363647461,-2.375,72.75011776804097
90,mistral,2,Mistral-7B-v0.3,0.6998935617218248,8.412455558776855,-2.068359375,54.05123280012399
90,mistral,3,Mistral-7B-v0.3,0.786948743874932,10.208700180053711,-2.232421875,66.97564404993496
90,mistral,4,Mistral-7B-v0.3,0.6489541063928158,8.463598251342773,-2.08984375,45.90929542644663
91,mistral,0,Mistral-7B-v0.3,0.8830130286294935,9.326576232910156,-2.16796875,75.41846909849983
91,mistral,1,Mistral-7B-v0.3,0.8109992400877293,7.840524196624756,-2.0078125,69.53921080507318
91,mistral,2,Mistral-7B-v0.3,0.8082333853626454,7.663110733032227,-2.01171875,69.22268795120057
91,mistral,3,Mistral-7B-v0.3,0.8618889835269952,7.604019641876221,-1.9921875,74.0193941938756
91,mistral,4,Mistral-7B-v0.3,0.8219884213696753,8.917119979858398,-2.15234375,70.85249233475287
92,mistral,0,Mistral-7B-v0.3,0.8460116285810998,8.225834846496582,-2.064453125,72.94570496559413
92,mistral,1,Mistral-7B-v0.3,0.7503704020535613,5.394147872924805,-1.6669921875,61.214141234762565
92,mistral,2,Mistral-7B-v0.3,0.830593174588799,7.041712760925293,-1.966796875,71.44643907744855
92,mistral,3,Mistral-7B-v0.3,0.8897916931940216,10.117834091186523,-2.251953125,75.78420614509088
92,mistral,4,Mistral-7B-v0.3,0.3918210143194022,7.765806674957275,-1.986328125,16.97326960028626
93,mistral,0,Mistral-7B-v0.3,0.9016574891654918,15.926709175109863,-2.763671875,76.3722460514676
93,mistral,1,Mistral-7B-v0.3,0.8907659917377747,14.51907730102539,-2.62890625,76.04100026278674
93,mistral,2,Mistral-7B-v0.3,0.8047276756995316,11.631290435791016,-2.423828125,69.22112831315027
93,mistral,3,Mistral-7B-v0.3,0.7965191911890334,13.185591697692871,-2.568359375,68.31950687057281
93,mistral,4,Mistral-7B-v0.3,0.8747303446602426,17.779287338256836,-2.876953125,75.27299109837496
94,mistral,0,Mistral-7B-v0.3,0.8622942552449062,11.12407398223877,-2.236328125,74.41346948118539
94,mistral,1,Mistral-7B-v0.3,0.8325836533012182,11.669182777404785,-2.123046875,72.05750818208509
94,mistral,2,Mistral-7B-v0.3,0.8991028212946809,12.182891845703125,-2.337890625,76.25131280614383
94,mistral,3,Mistral-7B-v0.3,0.8878245873367825,10.50068187713623,-2.232421875,75.7286883945265
94,mistral,4,Mistral-7B-v0.3,0.7436359202220104,9.53564453125,-1.9765625,60.83226585982491
95,mistral,0,Mistral-7B-v0.3,0.8167545319183853,8.134621620178223,-2.01953125,70.18644523656117
95,mistral,1,Mistral-7B-v0.3,0.8848693793759649,10.815213203430176,-2.27734375,75.63522614012277
95,mistral,2,Mistral-7B-v0.3,0.7692770713482344,8.94048023223877,-2.068359375,64.49877978394973
95,mistral,3,Mistral-7B-v0.3,0.8065115212431495,11.36760425567627,-2.349609375,69.4104573285652
95,mistral,4,Mistral-7B-v0.3,0.664730820835089,7.924849033355713,-1.9228515625,48.27987252504069
96,mistral,0,Mistral-7B-v0.3,0.7661823534814421,8.147470474243164,-2.09375,64.02943522208008
96,mistral,1,Mistral-7B-v0.3,0.7772504573293815,9.09113883972168,-2.197265625,65.63479276850194
96,mistral,2,Mistral-7B-v0.3,0.7278798451725453,12.633137702941895,-2.4765625,58.79278208136696
96,mistral,3,Mistral-7B-v0.3,0.5062145892314438,9.875443458557129,-2.287109375,26.46414069129182
96,mistral,4,Mistral-7B-v0.3,0.8321566031245335,10.597508430480957,-2.34375,71.99837673374701
97,mistral,0,Mistral-7B-v0.3,0.9023107903704919,14.533339500427246,-2.662109375,76.38771359218569
97,mistral,1,Mistral-7B-v0.3,0.8087296745205355,8.699481010437012,-1.947265625,69.31000909001247
97,mistral,2,Mistral-7B-v0.3,0.7989295645508208,12.65722942352295,-2.37890625,68.61960201614083
97,mistral,3,Mistral-7B-v0.3,0.7493582321248935,13.978732109069824,-2.59375,62.04805716521115
97,mistral,4,Mistral-7B-v0.3,0.8383942884628476,11.556632041931152,-2.31640625,72.62401226182668
98,mistral,0,Mistral-7B-v0.3,0.8043900222485834,14.652676582336426,-2.4140625,69.37557548396387
98,mistral,1,Mistral-7B-v0.3,0.8031256475812196,8.37726879119873,-1.875,68.59309459902839
98,mistral,2,Mistral-7B-v0.3,0.8416726571116812,9.744101524353027,-2.078125,72.70567746157913
98,mistral,3,Mistral-7B-v0.3,0.8479377667553804,12.394265174865723,-2.2421875,73.46158868570727
98,mistral,4,Mistral-7B-v0.3,0.84444447045627,8.329490661621094,-1.9189453125,72.7269830013125
99,mistral,0,Mistral-7B-v0.3,0.807787600378868,8.79458236694336,-2.0078125,69.25458715064626
99,mistral,1,Mistral-7B-v0.3,0.7746172242190592,8.571674346923828,-2.0078125,65.1551825563873
99,mistral,2,Mistral-7B-v0.3,0.6996159326146534,8.44304084777832,-1.998046875,53.966362877664416
99,mistral,3,Mistral-7B-v0.3,0.7755055026163923,8.793089866638184,-2.064453125,65.32401919725802
99,mistral,4,Mistral-7B-v0.3,0.8191241265360917,10.107187271118164,-2.234375,70.67178786422987
100,mistral,0,Mistral-7B-v0.3,0.6711064276892141,10.606986999511719,-2.39453125,49.674959863056614
100,mistral,1,Mistral-7B-v0.3,0.6956257182046478,9.513326644897461,-2.20703125,53.51013310438241
100,mistral,2,Mistral-7B-v0.3,0.6465769459593774,9.277400016784668,-2.23828125,45.64725313906063
100,mistral,3,Mistral-7B-v0.3,0.7617405628985586,11.719654083251953,-2.431640625,63.72709953568664
100,mistral,4,Mistral-7B-v0.3,0.6904624988140808,10.734291076660156,-2.38671875,52.79194031065853
101,mistral,0,Mistral-7B-v0.3,0.8065409817024091,7.904141902923584,-2.041015625,69.06925851827936
101,mistral,1,Mistral-7B-v0.3,0.4072751562061554,6.803529739379883,-1.892578125,17.73023850110114
101,mistral,2,Mistral-7B-v0.3,0.5598913161258166,7.757269859313965,-2.068359375,32.68342283921824
101,mistral,3,Mistral-7B-v0.3,0.7298188744968735,11.128827095031738,-2.361328125,59.00446115654218
101,mistral,4,Mistral-7B-v0.3,0.6152418610049772,8.575416564941406,-2.181640625,40.70295951880679
102,mistral,0,Mistral-7B-v0.3,0.7324815649546688,9.988091468811035,-2.318359375,59.329139968879836
102,mistral,1,Mistral-7B-v0.3,0.8820364984957155,11.2357759475708,-2.423828125,75.53808356904875
102,mistral,2,Mistral-7B-v0.3,0.834602943072413,10.287149429321289,-2.34375,72.20085068627924
102,mistral,3,Mistral-7B-v0.3,0.8325834433717512,7.272904872894287,-1.98828125,71.6646333670486
102,mistral,4,Mistral-7B-v0.3,0.8206772622577234,6.252443313598633,-1.8271484375,70.2968797745854
103,mistral,0,Mistral-7B-v0.3,0.8234121585771927,10.374282836914062,-2.228515625,71.12463759138001
103,mistral,1,Mistral-7B-v0.3,0.832835886572287,11.47960376739502,-2.3515625,72.12168786692716
103,mistral,2,Mistral-7B-v0.3,0.7745401451624836,7.427778720855713,-1.9091796875,64.98668282667485
103,mistral,3,Mistral-7B-v0.3,0.8544906131883091,10.852173805236816,-2.220703125,73.85018089493443
103,mistral,4,Mistral-7B-v0.3,0.9167227250489236,10.78300666809082,-2.2578125,76.5011577059454
104,mistral,0,Mistral-7B-v0.3,0.8340418730455137,8.743809700012207,-2.1484375,71.99637007500725
104,mistral,1,Mistral-7B-v0.3,0.8489699044045171,7.321166515350342,-1.93359375,73.02469857487536
104,mistral,2,Mistral-7B-v0.3,0.8317236922323009,8.44644546508789,-2.10546875,71.74194486837894
104,mistral,3,Mistral-7B-v0.3,0.8374567514075734,7.825289249420166,-2.0390625,72.17892007614203
104,mistral,4,Mistral-7B-v0.3,0.8667384935140815,7.79594087600708,-2.04296875,74.37514902140909
105,mistral,0,Mistral-7B-v0.3,0.8340349817325773,8.982637405395508,-2.166015625,72.02006490788173
105,mistral,1,Mistral-7B-v0.3,0.8105301213990769,10.215524673461914,-2.359375,69.77831381321118
105,mistral,2,Mistral-7B-v0.3,0.8760113757094911,8.588384628295898,-2.103515625,74.9945175306618
105,mistral,3,Mistral-7B-v0.3,0.8592171625412421,11.740192413330078,-2.423828125,74.25838635602261
105,mistral,4,Mistral-7B-v0.3,0.8322201301892925,9.429248809814453,-2.216796875,71.90226650838498
106,mistral,0,Mistral-7B-v0.3,0.8534463554950895,9.441158294677734,-2.099609375,73.62768106140359
106,mistral,1,Mistral-7B-v0.3,0.9111330380198602,9.875455856323242,-2.2265625,76.35295973983166
106,mistral,2,Mistral-7B-v0.3,0.6871932770382627,11.286971092224121,-2.34765625,52.306875703756575
106,mistral,3,Mistral-7B-v0.3,0.8238132381612101,8.54645824432373,-2.02734375,70.94433644296045
106,mistral,4,Mistral-7B-v0.3,0.8198346970668732,12.06415843963623,-2.404296875,70.8912737390481
107,mistral,0,Mistral-7B-v0.3,0.8465634857437296,9.477092742919922,-2.16015625,73.12675895346818
107,mistral,1,Mistral-7B-v0.3,0.8561438137454359,9.590813636779785,-2.208984375,73.8774747988792
107,mistral,2,Mistral-7B-v0.3,0.9024363191913346,10.249774932861328,-2.23046875,76.19562784495973
107,mistral,3,Mistral-7B-v0.3,0.8777559948596326,9.59622859954834,-2.142578125,75.17532762514169
107,mistral,4,Mistral-7B-v0.3,0.8522455804944148,7.205646514892578,-1.916015625,73.25250943455495
108,mistral,0,Mistral-7B-v0.3,0.7732271507095595,9.675522804260254,-2.171875,65.13325297794613
108,mistral,1,Mistral-7B-v0.3,0.8040834997332054,10.857887268066406,-2.349609375,69.09960628224277
108,mistral,2,Mistral-7B-v0.3,0.8862959157462112,8.326611518859863,-2.103515625,75.46132885985217
108,mistral,3,Mistral-7B-v0.3,0.8396052257881284,10.381741523742676,-2.302734375,72.6471729686434
108,mistral,4,Mistral-7B-v0.3,0.9190219643597182,8.871940612792969,-2.119140625,76.34187917652665
109,mistral,0,Mistral-7B-v0.3,0.6332751653022756,6.8030781745910645,-1.95703125,43.22828369295572
109,mistral,1,Mistral-7B-v0.3,0.8474747863153963,6.585823059082031,-1.8583984375,72.78781591026276
109,mistral,2,Mistral-7B-v0.3,0.7822159501802074,7.2589430809021,-2.017578125,66.05972803099836
109,mistral,3,Mistral-7B-v0.3,0.7560528262806216,7.153158664703369,-1.9580078125,62.44793546027143
109,mistral,4,Mistral-7B-v0.3,0.8150420326703995,7.013469219207764,-1.9189453125,69.84820643755535
110,mistral,0,Mistral-7B-v0.3,0.8603850631161555,8.946727752685547,-2.056640625,74.05924887393988
110,mistral,1,Mistral-7B-v0.3,0.8388726812115446,6.6455512046813965,-1.806640625,72.0290904192563
110,mistral,2,Mistral-7B-v0.3,0.8993904658126378,7.766510009765625,-1.9892578125,75.81738964456459
110,mistral,3,Mistral-7B-v0.3,0.7881730275709679,6.3302130699157715,-1.8681640625,66.63179952306162
110,mistral,4,Mistral-7B-v0.3,0.8614855203480882,6.960762023925781,-1.796875,73.78044642476661
111,mistral,0,Mistral-7B-v0.3,0.7310841899101695,10.725347518920898,-2.322265625,59.168541318202806
111,mistral,1,Mistral-7B-v0.3,0.7660351006549324,6.942924499511719,-1.90625,63.79305519238964
111,mistral,2,Mistral-7B-v0.3,0.7352816184095521,8.83810806274414,-2.17578125,59.63925897352023
111,mistral,3,Mistral-7B-v0.3,0.8442768765651208,9.178776741027832,-2.205078125,72.93498975373052
111,mistral,4,Mistral-7B-v0.3,0.7763100222177444,6.852489948272705,-1.927734375,65.19271974407467
112,mistral,0,Mistral-7B-v0.3,0.8146725093781007,8.521232604980469,-2.115234375,70.04738870336728
112,mistral,1,Mistral-7B-v0.3,0.8265655412168222,8.638073921203613,-2.119140625,71.27163362425468
112,mistral,2,Mistral-7B-v0.3,0.7583257855500591,10.463737487792969,-2.2734375,63.15909947202825
112,mistral,3,Mistral-7B-v0.3,0.8269606498641936,7.727946758270264,-1.931640625,71.12541279556339
112,mistral,4,Mistral-7B-v0.3,0.783389857672848,11.20932674407959,-2.318359375,66.60637274611908
113,mistral,0,Mistral-7B-v0.3,0.8431001905801299,8.401851654052734,-2.048828125,72.71135179222765
113,mistral,1,Mistral-7B-v0.3,0.8945291174039796,8.267547607421875,-2.02734375,75.72744625468358
113,mistral,2,Mistral-7B-v0.3,0.8886577839067648,10.069628715515137,-2.2109375,75.72617249469839
113,mistral,3,Mistral-7B-v0.3,0.8708308968964742,10.742539405822754,-2.30859375,74.9247180421471
113,mistral,4,Mistral-7B-v0.3,0.827258633769832,9.020676612854004,-2.08203125,71.34862205929828
114,mistral,0,Mistral-7B-v0.3,0.8496142501099262,10.722463607788086,-2.248046875,73.48137032511886
114,mistral,1,Mistral-7B-v0.3,0.9316951519810742,9.747184753417969,-2.10546875,76.42394565840853
114,mistral,2,Mistral-7B-v0.3,0.8528928902422879,9.889100074768066,-2.0859375,73.61176222471146
114,mistral,3,Mistral-7B-v0.3,0.9185047925059608,12.554464340209961,-2.291015625,76.64326842425642
114,mistral,4,Mistral-7B-v0.3,0.8886142151347581,8.391643524169922,-1.9892578125,75.49400407066818
115,mistral,0,Mistral-7B-v0.3,0.846166453168563,8.65809154510498,-2.10546875,73.01153062899361
115,mistral,1,Mistral-7B-v0.3,0.8294118544748196,7.654502868652344,-2.00390625,71.40717711915501
115,mistral,2,Mistral-7B-v0.3,0.8697383951624221,8.682846069335938,-2.205078125,74.69377025115902
115,mistral,3,Mistral-7B-v0.3,0.8713544557666711,6.824385166168213,-1.9169921875,74.48598381219087
115,mistral,4,Mistral-7B-v0.3,0.6643323637884769,7.45599889755249,-1.9931640625,48.23236154263886
116,mistral,0,Mistral-7B-v0.3,0.8451693539034187,13.309237480163574,-2.537109375,73.27699465821895
116,mistral,1,Mistral-7B-v0.3,0.8511977091840309,9.842270851135254,-2.24609375,73.54055058730583
116,mistral,2,Mistral-7B-v0.3,0.7921504500839114,11.338614463806152,-2.38671875,67.71516368993593
116,mistral,3,Mistral-7B-v0.3,0.7426260400214636,9.768439292907715,-2.171875,60.804353468381265
116,mistral,4,Mistral-7B-v0.3,0.5286866048186633,8.292766571044922,-2.013671875,28.77775940006756
117,mistral,0,Mistral-7B-v0.3,0.7292875049679409,11.045184135437012,-2.373046875,58.917292850677676
117,mistral,1,Mistral-7B-v0.3,0.8667030668238115,11.267804145812988,-2.400390625,74.71568978105982
117,mistral,2,Mistral-7B-v0.3,0.7684015920202442,14.22708511352539,-2.63671875,64.73136703075612
117,mistral,3,Mistral-7B-v0.3,0.9104089768197254,13.528468132019043,-2.578125,76.54966253607557
117,mistral,4,Mistral-7B-v0.3,0.8385438658890678,11.578322410583496,-2.41796875,72.6361289388572
118,mistral,0,Mistral-7B-v0.3,0.822739854644348,7.809750080108643,-2.021484375,70.77843998078706
118,mistral,1,Mistral-7B-v0.3,0.8472129146504436,9.912102699279785,-2.28125,73.24221960800995
118,mistral,2,Mistral-7B-v0.3,0.896768837975525,9.100373268127441,-2.150390625,75.92500289570911
118,mistral,3,Mistral-7B-v0.3,0.8296214221360786,8.662954330444336,-2.1171875,71.56606213253384
118,mistral,4,Mistral-7B-v0.3,0.848714465254101,10.156731605529785,-2.244140625,73.37100100151396
119,mistral,0,Mistral-7B-v0.3,0.7655975744342493,8.939624786376953,-2.015625,63.962398355268725
119,mistral,1,Mistral-7B-v0.3,0.8318888258748699,10.444196701049805,-2.224609375,71.94564534264957
119,mistral,2,Mistral-7B-v0.3,0.7800521492975143,9.64272689819336,-2.05859375,65.98041710101997
119,mistral,3,Mistral-7B-v0.3,0.9189840435344033,12.390731811523438,-2.296875,76.63758570917447
119,mistral,4,Mistral-7B-v0.3,0.6941253199362306,12.918554306030273,-2.298828125,53.52116025432206
120,mistral,0,Mistral-7B-v0.3,0.8771795995583936,11.019619941711426,-2.37109375,75.29077589585546
120,mistral,1,Mistral-7B-v0.3,0.759429434627307,6.900247573852539,-1.93359375,62.88948938069812
120,mistral,2,Mistral-7B-v0.3,0.8686016192545727,8.894929885864258,-2.140625,74.61901565507075
120,mistral,3,Mistral-7B-v0.3,0.8065942094840863,10.058509826660156,-2.298828125,69.32586657938923
120,mistral,4,Mistral-7B-v0.3,0.8478091563834299,10.025345802307129,-2.27734375,73.29691268621906
121,mistral,0,Mistral-7B-v0.3,0.8658966073205947,7.38395357131958,-1.9482421875,74.22807693311128
121,mistral,1,Mistral-7B-v0.3,0.7911189123556225,7.937450408935547,-1.9765625,67.20706355445137
121,mistral,2,Mistral-7B-v0.3,0.7502431406352705,8.524880409240723,-2.123046875,61.812757173810496
121,mistral,3,Mistral-7B-v0.3,0.748388512746236,8.625173568725586,-2.0625,61.51928372622982
122,mistral,0,Mistral-7B-v0.3,0.8955315239428563,8.539036750793457,-2.087890625,75.8153813411364
122,mistral,1,Mistral-7B-v0.3,0.8867628610687156,9.28930950164795,-2.16796875,75.57909623673221
122,mistral,2,Mistral-7B-v0.3,0.8503620744132999,10.249881744384766,-2.275390625,73.5112003181624
122,mistral,3,Mistral-7B-v0.3,0.7872797593467986,8.534666061401367,-2.109375,66.8519042900876
122,mistral,4,Mistral-7B-v0.3,0.8352913254131448,9.043255805969238,-2.1484375,72.13138821055641
123,mistral,0,Mistral-7B-v0.3,0.8469656044514429,9.614015579223633,-2.140625,73.16088751914516
123,mistral,1,Mistral-7B-v0.3,0.8144105140068298,9.84473705291748,-2.205078125,70.14984548217744
123,mistral,2,Mistral-7B-v0.3,0.8034995262293939,6.275406837463379,-1.6572265625,68.25325794208761
123,mistral,3,Mistral-7B-v0.3,0.8706623884898178,9.326045036315918,-2.15625,74.77742753677767
123,mistral,4,Mistral-7B-v0.3,0.7121085096578259,6.776463985443115,-1.7529296875,55.605264699298644
124,mistral,0,Mistral-7B-v0.3,0.3873227689741451,10.25083065032959,-2.42578125,17.03664330786319
124,mistral,1,Mistral-7B-v0.3,0.9825581395348837,12.137632369995117,-2.5078125,75.07234578335873
124,mistral,2,Mistral-7B-v0.3,0.744831604330868,12.309616088867188,-2.5,61.31669647008855
124,mistral,3,Mistral-7B-v0.3,0.93213589529379,12.228201866149902,-2.564453125,76.60803655087845
124,mistral,4,Mistral-7B-v0.3,1.0,15.061797142028809,-2.72265625,74.01783311611143
125,mistral,0,Mistral-7B-v0.3,0.7982833011102393,12.62209415435791,-2.521484375,68.51257437467014
125,mistral,1,Mistral-7B-v0.3,0.78826407504237,7.842105865478516,-2.0703125,66.90384657805595
125,mistral,2,Mistral-7B-v0.3,0.8295090404652267,8.360302925109863,-2.126953125,71.53747232361846
125,mistral,3,Mistral-7B-v0.3,0.7860527230484972,7.889143943786621,-2.05078125,66.6179407036304
125,mistral,4,Mistral-7B-v0.3,0.7347745857732946,8.858430862426758,-2.205078125,59.573746891529844
126,mistral,0,Mistral-7B-v0.3,0.8572042243885043,6.2871575355529785,-1.7919921875,73.43063397954505
126,mistral,1,Mistral-7B-v0.3,0.8067968657410778,8.643579483032227,-2.203125,69.22646663717485
126,mistral,2,Mistral-7B-v0.3,0.8145310617756538,6.929950714111328,-1.91015625,69.78021796244123
126,mistral,3,Mistral-7B-v0.3,0.8832460276463224,6.519631862640381,-1.8369140625,75.00068305622767
126,mistral,4,Mistral-7B-v0.3,0.8421125825065383,8.006041526794434,-2.076171875,72.61456510127243
127,mistral,0,Mistral-7B-v0.3,0.7423497079341296,7.725658893585205,-1.875,60.42831535231518
127,mistral,1,Mistral-7B-v0.3,0.7606897335437904,7.852813720703125,-1.876953125,63.09305420536962
127,mistral,2,Mistral-7B-v0.3,0.8331566020620724,8.200383186340332,-1.9501953125,71.75997465747182
127,mistral,3,Mistral-7B-v0.3,0.6549971866490062,9.247518539428711,-2.08984375,46.92913314276971
127,mistral,4,Mistral-7B-v0.3,0.8133069334688371,8.080758094787598,-1.9677734375,69.78036966346747
128,mistral,0,Mistral-7B-v0.3,0.8100286350620427,9.665105819702148,-2.3046875,69.681426016639
128,mistral,1,Mistral-7B-v0.3,0.7463432337457502,7.305428981781006,-1.9990234375,61.08169815459457
128,mistral,2,Mistral-7B-v0.3,0.6357703501812579,7.643374919891357,-2.04296875,43.74034554680271
128,mistral,3,Mistral-7B-v0.3,0.7673383973173538,8.831621170043945,-2.201171875,64.28276425168814
128,mistral,4,Mistral-7B-v0.3,0.7255869300743144,7.881058216094971,-2.076171875,58.045587666475924
129,mistral,0,Mistral-7B-v0.3,0.7791585148196938,8.210979461669922,-2.103515625,65.78290329754955
129,mistral,1,Mistral-7B-v0.3,0.865094637616006,10.326373100280762,-2.30859375,74.55042552349248
129,mistral,2,Mistral-7B-v0.3,0.7841728676131505,7.572771072387695,-2.021484375,66.33724158441544
129,mistral,3,Mistral-7B-v0.3,0.654892816918986,6.4966607093811035,-1.8671875,46.54983836829026
129,mistral,4,Mistral-7B-v0.3,0.8438845708432382,9.211509704589844,-2.193359375,72.90142166375125
130,mistral,0,Mistral-7B-v0.3,0.7220673915492034,8.74983024597168,-2.181640625,57.613254549198395
130,mistral,1,Mistral-7B-v0.3,0.6578726871171615,11.048628807067871,-2.451171875,47.57568842298473
130,mistral,2,Mistral-7B-v0.3,0.7095366078035775,9.34476089477539,-2.28515625,55.72315579210785
130,mistral,3,Mistral-7B-v0.3,0.7628520284100745,7.023939609527588,-1.990234375,63.420806946500754
130,mistral,4,Mistral-7B-v0.3,0.7296915874104888,5.765969276428223,-1.7734375,58.27415254531916
131,mistral,0,Mistral-7B-v0.3,0.9450982847126581,7.549568176269531,-2.013671875,76.05587293230826
131,mistral,1,Mistral-7B-v0.3,0.849931655181069,9.277260780334473,-2.2109375,73.39420462661995
131,mistral,2,Mistral-7B-v0.3,0.8455832221728176,8.63220500946045,-2.12109375,72.9698703631228
131,mistral,3,Mistral-7B-v0.3,0.816685173128454,6.3769330978393555,-1.83203125,69.89753293488585
131,mistral,4,Mistral-7B-v0.3,0.839829862597287,7.58317232131958,-2.015625,72.35282979278985
132,mistral,0,Mistral-7B-v0.3,0.8449677191476701,9.388498306274414,-2.21484375,73.00954503721452
132,mistral,1,Mistral-7B-v0.3,0.8977921161407401,7.999090671539307,-2.087890625,75.84675173022765
132,mistral,2,Mistral-7B-v0.3,0.8679071654450903,9.089953422546387,-2.232421875,74.62228701856505
132,mistral,3,Mistral-7B-v0.3,0.8632194691473964,9.480376243591309,-2.197265625,74.34767521472928
132,mistral,4,Mistral-7B-v0.3,0.9116062087221916,7.806661605834961,-2.056640625,76.138471902045
133,mistral,0,Mistral-7B-v0.3,0.7959473017096664,7.969411373138428,-2.080078125,67.86163003054037
133,mistral,1,Mistral-7B-v0.3,0.757374155842754,6.818196773529053,-1.9716796875,62.620367365710564
133,mistral,2,Mistral-7B-v0.3,0.8931690288735431,8.837788581848145,-2.1328125,75.7783724946447
133,mistral,3,Mistral-7B-v0.3,0.8366387904420916,7.402376174926758,-2.02734375,72.0673826917771
133,mistral,4,Mistral-7B-v0.3,0.6995503320842558,7.705192565917969,-2.06640625,53.94263153827852
134,mistral,0,Mistral-7B-v0.3,0.8431386555908197,10.059914588928223,-2.265625,72.91856780206253
134,mistral,1,Mistral-7B-v0.3,0.7689359813343005,10.451587677001953,-2.291015625,64.63707445968062
134,mistral,2,Mistral-7B-v0.3,0.7834415819590989,11.346221923828125,-2.365234375,66.6236598576365
134,mistral,3,Mistral-7B-v0.3,0.7991947031428968,10.694795608520508,-2.3046875,68.51724685357006
134,mistral,4,Mistral-7B-v0.3,0.8273198819834398,9.340106010437012,-2.169921875,71.41695358184211
135,mistral,0,Mistral-7B-v0.3,0.8777178623660955,9.466192245483398,-2.255859375,75.19914641849178
135,mistral,1,Mistral-7B-v0.3,0.8224885779397825,7.352887153625488,-2.0,70.70465134244522
135,mistral,2,Mistral-7B-v0.3,0.8311497132393533,6.821158409118652,-1.9482421875,71.46796075177201
135,mistral,3,Mistral-7B-v0.3,0.8811497542352017,7.2850165367126465,-1.99609375,75.09029360039287
136,mistral,0,Mistral-7B-v0.3,0.9042241430057101,7.787070274353027,-2.048828125,75.98424755793786
136,mistral,1,Mistral-7B-v0.3,0.8841107806156411,10.3976411819458,-2.353515625,75.57912976498315
136,mistral,2,Mistral-7B-v0.3,0.7428116651976789,8.243739128112793,-2.08984375,60.68485463528175
136,mistral,3,Mistral-7B-v0.3,0.7866553641470668,8.767534255981445,-2.189453125,66.82266240282178
136,mistral,4,Mistral-7B-v0.3,0.8261313730824539,5.9903564453125,-1.798828125,70.79381937145537
137,mistral,0,Mistral-7B-v0.3,0.866295304320126,7.958639621734619,-2.080078125,74.38092932393307
137,mistral,1,Mistral-7B-v0.3,0.7404312975661217,5.6954240798950195,-1.767578125,59.884240272399744
137,mistral,2,Mistral-7B-v0.3,0.7696523684230738,7.309507846832275,-1.9541015625,64.35410832320024
137,mistral,3,Mistral-7B-v0.3,0.6193181718282973,6.600226402282715,-1.8603515625,40.97396604872051
137,mistral,4,Mistral-7B-v0.3,0.6284771241201761,7.420470237731934,-1.9013671875,42.484517475721255
138,mistral,0,Mistral-7B-v0.3,0.6977071906722989,8.996591567993164,-2.171875,53.793231503175946
138,mistral,1,Mistral-7B-v0.3,0.787074763290657,8.971697807312012,-2.056640625,66.83054862295344
138,mistral,2,Mistral-7B-v0.3,0.7952292373317309,11.430282592773438,-2.228515625,68.08068925056433
138,mistral,3,Mistral-7B-v0.3,0.7195255994073272,10.51502799987793,-2.23828125,57.36160325141717
138,mistral,4,Mistral-7B-v0.3,0.8446592147623891,7.380661487579346,-1.97265625,72.71387196884497
139,mistral,0,Mistral-7B-v0.3,0.8056321958303082,8.098289489746094,-1.89453125,68.87557448825186
139,mistral,1,Mistral-7B-v0.3,0.8965874832982078,10.541363716125488,-2.076171875,75.9869940051785
139,mistral,2,Mistral-7B-v0.3,0.8330676615309622,10.020054817199707,-2.0078125,71.92450193396287
139,mistral,3,Mistral-7B-v0.3,0.8845846161305181,10.59237289428711,-2.1953125,75.58776013106001
139,mistral,4,Mistral-7B-v0.3,0.880404061708049,10.943519592285156,-2.1796875,75.41475650696508
140,mistral,0,Mistral-7B-v0.3,0.6422828595016828,8.351997375488281,-2.109375,44.853810340883406
140,mistral,1,Mistral-7B-v0.3,0.8270682010129748,6.176719665527344,-1.8388671875,70.93763037052955
140,mistral,2,Mistral-7B-v0.3,0.8203978302876067,5.925544261932373,-1.7255859375,70.14004467314948
140,mistral,3,Mistral-7B-v0.3,0.8638626062045013,7.14860725402832,-1.955078125,74.08676622327125
140,mistral,4,Mistral-7B-v0.3,0.8354535172464305,8.48273754119873,-2.09765625,72.08188329481196
141,mistral,0,Mistral-7B-v0.3,0.8003054889033914,9.791693687438965,-2.259765625,68.57772058305207
141,mistral,1,Mistral-7B-v0.3,0.7801690652438066,6.888635158538818,-1.9501953125,65.71938917766856
141,mistral,2,Mistral-7B-v0.3,0.84140799729171,9.135381698608398,-2.171875,72.68147626683243
141,mistral,3,Mistral-7B-v0.3,0.6738409912367231,7.256109714508057,-1.9814453125,49.7358118406601
141,mistral,4,Mistral-7B-v0.3,0.8207502123877103,8.23021125793457,-2.046875,70.62405287220831
142,mistral,0,Mistral-7B-v0.3,0.7412189080128246,18.69974708557129,-2.79296875,60.96166258172305
142,mistral,1,Mistral-7B-v0.3,0.8564770198524645,9.578723907470703,-2.1953125,73.8961768161514
142,mistral,2,Mistral-7B-v0.3,0.9028859367842419,14.377811431884766,-2.587890625,76.43617529155705
142,mistral,3,Mistral-7B-v0.3,0.7504045855510477,14.151232719421387,-2.529296875,62.23912444423895
142,mistral,4,Mistral-7B-v0.3,0.7919215968455399,18.0565185546875,-2.810546875,67.86251481171196
143,mistral,0,Mistral-7B-v0.3,0.889370243504905,6.924566745758057,-1.8740234375,75.32326182043839
143,mistral,1,Mistral-7B-v0.3,0.8251875677168257,8.52349853515625,-2.14453125,71.13940251226722
143,mistral,2,Mistral-7B-v0.3,0.8829492156454941,7.060361862182617,-1.9052734375,75.08863774953062
143,mistral,3,Mistral-7B-v0.3,0.8802752298432996,6.773333549499512,-1.8818359375,74.92168072040003
143,mistral,4,Mistral-7B-v0.3,0.911466399714017,7.365189552307129,-1.9833984375,76.0563844116737
144,mistral,0,Mistral-7B-v0.3,0.9052517718341486,9.922099113464355,-2.2734375,76.24980182946967
144,mistral,1,Mistral-7B-v0.3,0.8478129238094512,7.586671352386475,-1.8232421875,72.85896940024809
144,mistral,2,Mistral-7B-v0.3,0.8664874225378575,10.270482063293457,-2.240234375,74.62203291801954
144,mistral,3,Mistral-7B-v0.3,0.9270403615991851,10.221747398376465,-2.232421875,76.51422599244232
144,mistral,4,Mistral-7B-v0.3,0.8255884908002753,11.105281829833984,-2.326171875,71.40606905966057
145,mistral,0,Mistral-7B-v0.3,0.6854549779014175,8.147381782531738,-1.9716796875,51.66171410909059
145,mistral,1,Mistral-7B-v0.3,0.8367998521751283,7.423872947692871,-1.8740234375,71.96871537920477
145,mistral,2,Mistral-7B-v0.3,0.8048109895361327,8.716673851013184,-2.1328125,68.980868011858
145,mistral,3,Mistral-7B-v0.3,0.852470304699604,10.180606842041016,-2.181640625,73.64221600844495
145,mistral,4,Mistral-7B-v0.3,0.7830444838234061,7.012824058532715,-1.8662109375,66.03223234869952
146,mistral,0,Mistral-7B-v0.3,0.7786217123498428,8.8751859664917,-2.017578125,65.7132598792582
146,mistral,1,Mistral-7B-v0.3,0.7730332818965084,11.464609146118164,-2.2734375,65.25858248981663
146,mistral,2,Mistral-7B-v0.3,0.6945396494288657,9.56584644317627,-2.068359375,53.28159373579618
146,mistral,3,Mistral-7B-v0.3,0.8093402738866436,9.831697463989258,-2.107421875,69.558955374398
146,mistral,4,Mistral-7B-v0.3,0.7628675263121252,9.312065124511719,-2.142578125,63.677692285560575
147,mistral,0,Mistral-7B-v0.3,0.7999836046846176,9.643111228942871,-2.255859375,68.52857428430636
147,mistral,1,Mistral-7B-v0.3,0.7743680226765325,11.341948509216309,-2.47265625,65.42163002874003
147,mistral,2,Mistral-7B-v0.3,0.716821790158215,7.842982769012451,-2.0546875,56.6717398996862
147,mistral,3,Mistral-7B-v0.3,0.5823760628067557,8.55078125,-2.166015625,35.86600485725688
147,mistral,4,Mistral-7B-v0.3,0.57862557536507,6.923877239227295,-1.919921875,35.070485609973815
148,mistral,0,Mistral-7B-v0.3,0.6493981257757648,8.373431205749512,-2.138671875,45.99603065944362
148,mistral,1,Mistral-7B-v0.3,0.6110745656464033,7.649744510650635,-2.025390625,39.92675461444816
148,mistral,2,Mistral-7B-v0.3,0.7669332324044217,9.789560317993164,-2.30078125,64.31725411999997
148,mistral,3,Mistral-7B-v0.3,0.6749847194490852,11.378705024719238,-2.45703125,50.34194488790985
148,mistral,4,Mistral-7B-v0.3,0.8439772257543846,7.987983703613281,-2.076171875,72.76847000653784
149,mistral,0,Mistral-7B-v0.3,0.8217287596547024,7.200479984283447,-1.9384765625,70.57216965749568
149,mistral,1,Mistral-7B-v0.3,0.7440640344871713,6.418270111083984,-1.8466796875,60.556866755890866
149,mistral,2,Mistral-7B-v0.3,0.7807892795047567,6.6581315994262695,-1.8642578125,65.71196774160362
149,mistral,3,Mistral-7B-v0.3,0.8423512645624301,8.886119842529297,-2.18359375,72.74692945781072
149,mistral,4,Mistral-7B-v0.3,0.7969177471820886,8.009574890136719,-2.0390625,67.95777919215476
150,mistral,0,Mistral-7B-v0.3,0.7286390066852935,11.317441940307617,-2.41015625,58.833931682897344
150,mistral,1,Mistral-7B-v0.3,0.742985157345988,10.316524505615234,-2.279296875,60.92421424271765
150,mistral,2,Mistral-7B-v0.3,0.7737162155458935,10.516818046569824,-2.328125,65.29120250633181
150,mistral,3,Mistral-7B-v0.3,0.7714625667791649,6.450878620147705,-1.8623046875,64.45852766994277
150,mistral,4,Mistral-7B-v0.3,0.7674762351233306,7.1937689781188965,-1.91796875,64.02004198324117
151,mistral,0,Mistral-7B-v0.3,0.6626533515683297,7.18326473236084,-1.9677734375,47.92464501750784
151,mistral,1,Mistral-7B-v0.3,0.8711567976371166,9.892863273620605,-2.248046875,74.87433140296032
151,mistral,2,Mistral-7B-v0.3,0.904375249500998,7.6559319496154785,-2.033203125,75.96861525003285
151,mistral,3,Mistral-7B-v0.3,0.736198779334301,9.111997604370117,-2.166015625,59.79399393583282
151,mistral,4,Mistral-7B-v0.3,0.6625167688161072,9.80012035369873,-2.26171875,48.23230561212518
152,mistral,0,Mistral-7B-v0.3,0.8194182167628795,7.337447643280029,-2.041015625,70.41679877993012
152,mistral,1,Mistral-7B-v0.3,0.6772399164310022,10.612984657287598,-2.390625,50.6612186754368
152,mistral,2,Mistral-7B-v0.3,0.903026559222454,6.779534339904785,-1.943359375,75.80704696542952
152,mistral,3,Mistral-7B-v0.3,0.7160872429423429,7.79518985748291,-2.0859375,56.5704826147758
152,mistral,4,Mistral-7B-v0.3,0.8937690617340533,8.188101768493652,-2.125,75.74785337311437
153,mistral,0,Mistral-7B-v0.3,0.7463460258104162,5.271789073944092,-1.6748046875,60.625493038343464
153,mistral,1,Mistral-7B-v0.3,0.8271478349710811,5.412489414215088,-1.708984375,70.75336465656058
153,mistral,2,Mistral-7B-v0.3,0.8477603873859443,6.6863861083984375,-1.8779296875,72.83536437359872
153,mistral,3,Mistral-7B-v0.3,0.8996471836417117,7.940777778625488,-2.06640625,75.88569513811856
154,mistral,0,Mistral-7B-v0.3,0.9010011489853237,10.65555191040039,-2.2421875,76.18877966027861
154,mistral,1,Mistral-7B-v0.3,0.8629394705314448,7.888160705566406,-1.9736328125,74.0967139024097
154,mistral,2,Mistral-7B-v0.3,0.8540115666038279,8.005788803100586,-1.9736328125,73.48770148150994
154,mistral,3,Mistral-7B-v0.3,0.9336254636698372,9.42264461517334,-2.130859375,76.40159404123743
154,mistral,4,Mistral-7B-v0.3,0.7248732993595521,6.710862159729004,-1.8212890625,57.6557003057022
155,mistral,0,Mistral-7B-v0.3,0.8836537309598591,10.844480514526367,-2.279296875,75.58384095652536
155,mistral,1,Mistral-7B-v0.3,0.8515049853161708,9.047952651977539,-2.123046875,73.46514530804633
155,mistral,2,Mistral-7B-v0.3,0.8806908580924209,11.067480087280273,-2.263671875,75.45941676724128
155,mistral,3,Mistral-7B-v0.3,0.82355037492976,8.069685935974121,-2.0390625,70.88988053398718
155,mistral,4,Mistral-7B-v0.3,0.8684401795597206,8.73532485961914,-2.12890625,74.59263892973782
156,mistral,0,Mistral-7B-v0.3,0.8180899859435836,9.012161254882812,-2.138671875,70.45405205709278
156,mistral,1,Mistral-7B-v0.3,0.8150885688798266,6.679481029510498,-1.8564453125,69.77443013274687
156,mistral,2,Mistral-7B-v0.3,0.8593332281227807,8.910600662231445,-2.16796875,74.03761289959802
156,mistral,3,Mistral-7B-v0.3,0.797822483271275,7.826126575469971,-2.02734375,68.04472277808974
156,mistral,4,Mistral-7B-v0.3,0.9029046392916836,8.881684303283691,-2.15234375,76.08405181232682
157,mistral,0,Mistral-7B-v0.3,0.769464850951076,7.986311435699463,-2.0625,64.45050475416643
157,mistral,1,Mistral-7B-v0.3,0.6945037420215848,6.2076921463012695,-1.84375,52.85814150072792
157,mistral,2,Mistral-7B-v0.3,0.7984168934477706,6.690403938293457,-1.91015625,67.94443003385007
157,mistral,3,Mistral-7B-v0.3,0.8282422535938933,5.847349643707275,-1.7734375,70.96154722620334
157,mistral,4,Mistral-7B-v0.3,0.4838724911935775,7.048331260681152,-1.935546875,23.80931536512345
158,mistral,0,Mistral-7B-v0.3,0.6986326897699504,10.352311134338379,-2.3203125,54.07016879831002
158,mistral,1,Mistral-7B-v0.3,0.674178082621164,8.630237579345703,-2.1171875,49.972093250225726
158,mistral,2,Mistral-7B-v0.3,0.8512901560102537,7.750548362731934,-2.021484375,73.29760605850943
158,mistral,3,Mistral-7B-v0.3,0.7973547853265986,10.646318435668945,-2.34375,68.29816693860556
158,mistral,4,Mistral-7B-v0.3,0.6370293851476304,10.970902442932129,-2.388671875,44.27274872663554
159,mistral,0,Mistral-7B-v0.3,0.8011597445355004,8.164078712463379,-2.08203125,68.49446663222773
159,mistral,1,Mistral-7B-v0.3,0.88011895247581,10.944002151489258,-2.35546875,75.4321001493269
159,mistral,2,Mistral-7B-v0.3,0.8038578113431776,7.763179779052734,-1.978515625,68.71277073264616
159,mistral,3,Mistral-7B-v0.3,0.7267730174225038,16.54132080078125,-2.703125,58.74231818194108
159,mistral,4,Mistral-7B-v0.3,0.8197593715350682,9.309782981872559,-2.130859375,70.64494134472925
160,mistral,0,Mistral-7B-v0.3,0.46593771913876847,6.780394077301025,-1.826171875,22.03865407664881
160,mistral,1,Mistral-7B-v0.3,0.7185663979797539,7.72542142868042,-1.955078125,56.86928984762392
160,mistral,2,Mistral-7B-v0.3,0.7973397969221894,7.256557941436768,-1.90625,67.85668635988971
160,mistral,3,Mistral-7B-v0.3,0.8142830345000078,7.018410682678223,-1.892578125,69.74595974791947
160,mistral,4,Mistral-7B-v0.3,0.8006159433592709,10.360345840454102,-2.271484375,68.65637858828096
161,mistral,0,Mistral-7B-v0.3,0.9155932197050451,9.4560546875,-2.20703125,76.38198930335537
161,mistral,1,Mistral-7B-v0.3,0.8798577506889835,10.413623809814453,-2.32421875,75.38165518629249
161,mistral,2,Mistral-7B-v0.3,0.6267278655750823,7.003782749176025,-1.8857421875,42.16830634977844
161,mistral,3,Mistral-7B-v0.3,0.8109416282179536,9.456907272338867,-2.193359375,69.74300939861809
161,mistral,4,Mistral-7B-v0.3,0.738244509213807,8.414748191833496,-2.111328125,60.02711810585891
162,mistral,0,Mistral-7B-v0.3,0.768759754006461,8.223207473754883,-2.1015625,64.39260112880584
162,mistral,1,Mistral-7B-v0.3,0.7838229621315383,8.073389053344727,-2.07421875,66.36105189628026
162,mistral,2,Mistral-7B-v0.3,0.7302999380234652,9.3743257522583,-2.23046875,58.93879377912139
162,mistral,3,Mistral-7B-v0.3,0.8191327770125395,10.746147155761719,-2.37109375,70.73198918767837
162,mistral,4,Mistral-7B-v0.3,0.7612071395948831,11.545921325683594,-2.453125,63.63675471618028
163,mistral,0,Mistral-7B-v0.3,0.8596661045126935,7.802539825439453,-2.044921875,73.91886991254091
163,mistral,1,Mistral-7B-v0.3,0.8295191951573437,6.876531600952148,-1.875,71.25928390264365
163,mistral,2,Mistral-7B-v0.3,0.6707809375061737,9.76183032989502,-2.2265625,49.54785701947355
163,mistral,3,Mistral-7B-v0.3,0.7693902087221001,8.950859069824219,-2.1640625,64.5593669224668
163,mistral,4,Mistral-7B-v0.3,0.7413216302783496,8.403564453125,-2.099609375,60.48029478481101
164,mistral,0,Mistral-7B-v0.3,0.8571179089592824,7.215453624725342,-1.9375,73.6245698020875
164,mistral,1,Mistral-7B-v0.3,0.8582563145658925,8.089488983154297,-2.0703125,73.8579004783429
164,mistral,2,Mistral-7B-v0.3,0.7853874343132918,6.623624801635742,-1.83203125,66.27051162954716
164,mistral,3,Mistral-7B-v0.3,0.7618640130223393,7.558326244354248,-2.041015625,63.35598822738922
164,mistral,4,Mistral-7B-v0.3,0.8673609460691463,10.426276206970215,-2.291015625,74.69562884610181
165,mistral,0,Mistral-7B-v0.3,0.6847991439272338,10.03886890411377,-2.21484375,51.81631637812188
165,mistral,1,Mistral-7B-v0.3,0.5698549001238804,9.921378135681152,-2.1953125,34.23609988190753
165,mistral,2,Mistral-7B-v0.3,0.5177825706426606,9.925856590270996,-2.1875,27.72033654056797
165,mistral,3,Mistral-7B-v0.3,0.7269792948519941,11.05737018585205,-2.30078125,58.56175088953335
166,mistral,0,Mistral-7B-v0.3,0.8797353463516578,7.292587757110596,-2.03125,75.04564668073962
166,mistral,1,Mistral-7B-v0.3,0.9010590537584897,7.283041954040527,-2.015625,75.84494343662489
166,mistral,2,Mistral-7B-v0.3,0.8619308795779383,5.370840072631836,-1.7314453125,73.61823572451705
166,mistral,3,Mistral-7B-v0.3,0.8780099871873399,8.9249267578125,-2.23046875,75.16893406311124
166,mistral,4,Mistral-7B-v0.3,0.8935266797749001,11.07114315032959,-2.453125,75.98874424360926
167,mistral,0,Mistral-7B-v0.3,0.8113281326822431,8.681641578674316,-1.921875,69.57542722528441
167,mistral,1,Mistral-7B-v0.3,0.8499957229409052,8.82520580291748,-1.9453125,73.22561366674627
167,mistral,2,Mistral-7B-v0.3,0.8329009818010541,10.386449813842773,-2.162109375,72.01511287863889
167,mistral,3,Mistral-7B-v0.3,0.8556548547834526,9.489688873291016,-2.078125,73.78105213810397
167,mistral,4,Mistral-7B-v0.3,0.8084265661972478,12.104225158691406,-2.26953125,69.66689730888211
168,mistral,0,Mistral-7B-v0.3,0.7336725445496589,9.620452880859375,-2.244140625,59.472412026363926
168,mistral,1,Mistral-7B-v0.3,0.776812585499316,8.270642280578613,-2.083984375,65.46913968514195
168,mistral,2,Mistral-7B-v0.3,0.7496258422513764,7.8143134117126465,-2.05859375,61.63712202044631
168,mistral,3,Mistral-7B-v0.3,0.7956457827603237,7.890466690063477,-2.046875,67.80089052434857
168,mistral,4,Mistral-7B-v0.3,0.7985321199921285,6.612466335296631,-1.83984375,67.89107112291943
169,mistral,0,Mistral-7B-v0.3,0.7233514724711907,10.097549438476562,-2.283203125,57.933953624727884
169,mistral,1,Mistral-7B-v0.3,0.8160073606398719,9.188405990600586,-2.16796875,70.26004346226834
169,mistral,2,Mistral-7B-v0.3,0.8040652745335857,9.626328468322754,-2.2265625,68.99415548043038
169,mistral,3,Mistral-7B-v0.3,0.6987228484675753,8.712050437927246,-2.13671875,53.920373129368166
169,mistral,4,Mistral-7B-v0.3,0.8216761256580375,12.197246551513672,-2.462890625,71.07833270063591
170,mistral,0,Mistral-7B-v0.3,0.8226895617625941,9.735786437988281,-2.13671875,70.97579815278677
170,mistral,1,Mistral-7B-v0.3,0.7886261779780765,9.39181137084961,-2.08984375,67.07366144377838
170,mistral,2,Mistral-7B-v0.3,0.8517804530807852,8.593518257141113,-2.02734375,73.40121361424644
170,mistral,3,Mistral-7B-v0.3,0.8476448556633027,10.39526653289795,-2.185546875,73.28716888177958
170,mistral,4,Mistral-7B-v0.3,0.7699068590570953,10.732356071472168,-2.28515625,64.78800415000951
171,mistral,0,Mistral-7B-v0.3,0.8828057155346182,12.576582908630371,-2.50390625,75.64447043227074
171,mistral,1,Mistral-7B-v0.3,0.8554622558715248,9.028414726257324,-2.14453125,73.76523359555428
171,mistral,2,Mistral-7B-v0.3,0.8364912958447015,14.857027053833008,-2.6640625,72.56534149612001
171,mistral,3,Mistral-7B-v0.3,0.8281250493059303,10.597931861877441,-2.326171875,71.61729516569179
171,mistral,4,Mistral-7B-v0.3,0.6432527360073103,9.282028198242188,-2.21484375,45.1152424240564
172,mistral,0,Mistral-7B-v0.3,0.8705023956467213,7.875269412994385,-2.091796875,74.63224852532578
172,mistral,1,Mistral-7B-v0.3,0.7941794383005942,8.105552673339844,-2.111328125,67.67394960250924
172,mistral,2,Mistral-7B-v0.3,0.6680052337691839,8.098926544189453,-2.09375,48.929771606502115
172,mistral,3,Mistral-7B-v0.3,0.752515104888362,6.895876407623291,-1.98828125,61.94189005712536
172,mistral,4,Mistral-7B-v0.3,0.8607163739921562,7.39985990524292,-2.03515625,73.95354932970584
173,mistral,0,Mistral-7B-v0.3,0.7665793176095411,6.966360092163086,-1.9228515625,63.883238395929936
173,mistral,1,Mistral-7B-v0.3,0.6803315982965094,9.157194137573242,-2.171875,51.02196147692413
173,mistral,2,Mistral-7B-v0.3,0.8385956699429695,6.486520767211914,-1.7705078125,71.95672132036614
173,mistral,3,Mistral-7B-v0.3,0.7601167933623931,6.549975395202637,-1.8583984375,62.89657717744675
173,mistral,4,Mistral-7B-v0.3,0.7316753502416814,6.402583122253418,-1.8564453125,58.7058076108534
174,mistral,0,Mistral-7B-v0.3,0.771890057060179,7.01775598526001,-1.955078125,64.63563827409567
174,mistral,1,Mistral-7B-v0.3,0.744576351516634,6.9550275802612305,-1.826171875,60.655074347076244
174,mistral,2,Mistral-7B-v0.3,0.5568412036347385,7.180986404418945,-1.923828125,32.14087289338435
174,mistral,3,Mistral-7B-v0.3,0.7545185558952069,7.166881561279297,-1.9814453125,62.24623556261428
174,mistral,4,Mistral-7B-v0.3,0.7894724064874663,6.590935230255127,-1.8095703125,66.76031710000329
175,mistral,0,Mistral-7B-v0.3,0.8620178347107021,10.025444030761719,-2.109375,74.27326336085727
175,mistral,1,Mistral-7B-v0.3,0.7122353587240496,11.235376358032227,-2.224609375,56.268223339291325
175,mistral,2,Mistral-7B-v0.3,0.9164345190130847,9.705846786499023,-2.1953125,76.40614920812375
175,mistral,3,Mistral-7B-v0.3,0.9250493096646942,12.54294490814209,-2.47265625,76.66997327601301
175,mistral,4,Mistral-7B-v0.3,0.8491636436053815,6.180069446563721,-1.671875,72.69767695203936
176,mistral,0,Mistral-7B-v0.3,0.8555345030308422,6.453379154205322,-1.916015625,73.43615617610098
176,mistral,1,Mistral-7B-v0.3,0.8370626950500899,6.782956600189209,-1.9296875,71.98889212550088
176,mistral,2,Mistral-7B-v0.3,0.6456503347441671,8.536894798278809,-2.15234375,45.418974839393506
176,mistral,3,Mistral-7B-v0.3,0.8484406634586479,8.274589538574219,-2.140625,73.17977397549691
176,mistral,4,Mistral-7B-v0.3,0.8514056859297953,8.391195297241211,-2.10546875,73.40114140414397
177,mistral,0,Mistral-7B-v0.3,0.6342413784579553,6.616447925567627,-1.7548828125,43.184213531537154
177,mistral,1,Mistral-7B-v0.3,0.849982131046466,9.298283576965332,-2.091796875,73.35202030712861
177,mistral,2,Mistral-7B-v0.3,0.8118086735961088,7.1467604637146,-1.8330078125,69.43590977552687
177,mistral,3,Mistral-7B-v0.3,0.8373577671818553,6.610893726348877,-1.861328125,71.9445259934698
177,mistral,4,Mistral-7B-v0.3,0.7264585946752464,9.606773376464844,-2.205078125,58.36037838216352
178,mistral,0,Mistral-7B-v0.3,0.7440322134620441,7.328271865844727,-1.9755859375,60.72675749550034
178,mistral,1,Mistral-7B-v0.3,0.7738451006297729,10.875149726867676,-2.265625,65.32580522749286
178,mistral,2,Mistral-7B-v0.3,0.6489511328515064,8.544744491577148,-2.005859375,45.865653052065575
178,mistral,3,Mistral-7B-v0.3,0.8377821081745757,6.933176040649414,-1.8857421875,72.02799888428125
178,mistral,4,Mistral-7B-v0.3,0.8225676224468405,8.025251388549805,-1.9873046875,70.75475471767945
179,mistral,0,Mistral-7B-v0.3,0.7620361801889289,9.555371284484863,-2.15625,63.58456145500125
179,mistral,1,Mistral-7B-v0.3,0.8716402193484462,12.059036254882812,-2.404296875,75.05983307466107
179,mistral,2,Mistral-7B-v0.3,0.9069953032129349,12.768953323364258,-2.4609375,76.47638648341929
179,mistral,3,Mistral-7B-v0.3,0.7988207293891894,14.176671981811523,-2.544921875,68.66507561257356
179,mistral,4,Mistral-7B-v0.3,0.9057740198065674,11.22671890258789,-2.3359375,76.35880783156311
180,mistral,0,Mistral-7B-v0.3,0.688701813636627,8.883923530578613,-2.17578125,52.346701938238866
180,mistral,1,Mistral-7B-v0.3,0.7506893165641245,10.283252716064453,-2.318359375,62.05651868479123
180,mistral,2,Mistral-7B-v0.3,0.710149420533116,9.102486610412598,-2.21484375,55.78724107295216
180,mistral,3,Mistral-7B-v0.3,0.5160364261006659,13.533530235290527,-2.58203125,27.739081627565582
180,mistral,4,Mistral-7B-v0.3,0.5649622423446775,10.014404296875,-2.294921875,33.60210763439153
181,mistral,0,Mistral-7B-v0.3,0.6229169490924694,9.42923355102539,-2.1953125,41.94415568159771
181,mistral,1,Mistral-7B-v0.3,0.7893095270852123,11.362786293029785,-2.38671875,67.36556209411557
181,mistral,2,Mistral-7B-v0.3,0.8133991951058267,12.276713371276855,-2.4375,70.2236799783791
181,mistral,3,Mistral-7B-v0.3,0.7942797427295015,9.603181838989258,-2.232421875,67.83949526555719
182,mistral,0,Mistral-7B-v0.3,0.8067029474266928,9.473884582519531,-2.2578125,69.29001018850006
182,mistral,1,Mistral-7B-v0.3,0.5297113090237909,7.058029651641846,-1.916015625,28.735134934102334
182,mistral,2,Mistral-7B-v0.3,0.7830422622806279,10.664774894714355,-2.326171875,66.52486479495504
182,mistral,3,Mistral-7B-v0.3,0.7734815416613077,8.560173988342285,-2.115234375,65.06283554595146
182,mistral,4,Mistral-7B-v0.3,0.6940242806440311,9.898177146911621,-2.267578125,53.29617501090351
183,mistral,0,Mistral-7B-v0.3,0.8801734753651802,6.863516807556152,-1.82421875,74.87184738114036
183,mistral,1,Mistral-7B-v0.3,0.8155650040157697,6.109525203704834,-1.7236328125,69.64900626321906
183,mistral,2,Mistral-7B-v0.3,0.78066300783387,6.0609893798828125,-1.70703125,65.49227736102915
183,mistral,3,Mistral-7B-v0.3,0.8859708645276481,7.222835540771484,-1.896484375,75.22669736767656
183,mistral,4,Mistral-7B-v0.3,0.533612602170241,7.807409763336182,-1.951171875,29.286187084385915
184,mistral,0,Mistral-7B-v0.3,0.754448533118258,6.3868536949157715,-1.861328125,62.08051961874649
184,mistral,1,Mistral-7B-v0.3,0.8567346030768177,7.755729675292969,-2.01171875,73.6911294239761
184,mistral,2,Mistral-7B-v0.3,0.7862361709596203,7.79744815826416,-2.04296875,66.62966943784991
184,mistral,3,Mistral-7B-v0.3,0.761684856532009,11.019693374633789,-2.42578125,63.672761129400904
184,mistral,4,Mistral-7B-v0.3,0.8009290469034033,9.48046588897705,-2.21484375,68.61774733361754
185,mistral,0,Mistral-7B-v0.3,0.8254967313893765,13.112199783325195,-2.578125,71.4782182389698
185,mistral,1,Mistral-7B-v0.3,0.8679915538566493,10.900558471679688,-2.353515625,74.77093812546164
185,mistral,2,Mistral-7B-v0.3,0.8072038708681899,8.89364242553711,-2.203125,69.29058366260514
185,mistral,3,Mistral-7B-v0.3,0.8925244854644937,12.12895679473877,-2.484375,76.01701075674856
185,mistral,4,Mistral-7B-v0.3,0.8875905266599396,11.012447357177734,-2.384765625,75.76905820319804
186,mistral,0,Mistral-7B-v0.3,0.7886239303047452,7.064223766326904,-1.93359375,66.79911882044749
186,mistral,1,Mistral-7B-v0.3,0.8382373356027547,7.418646335601807,-2.01953125,72.20464296922418
186,mistral,2,Mistral-7B-v0.3,0.8314284981066332,8.199333190917969,-2.060546875,71.67255534802709
186,mistral,3,Mistral-7B-v0.3,0.8931193749305611,8.298663139343262,-2.095703125,75.71947666504812
186,mistral,4,Mistral-7B-v0.3,0.9155882715426933,7.791971683502197,-2.021484375,76.17279861151593
187,mistral,0,Mistral-7B-v0.3,0.7142635544391436,8.108946800231934,-2.005859375,56.26147860257337
187,mistral,1,Mistral-7B-v0.3,0.8625687648078546,10.1071195602417,-2.19921875,74.35061447859583
187,mistral,2,Mistral-7B-v0.3,0.8264932550179567,6.9335527420043945,-1.8330078125,70.93507791635196
187,mistral,3,Mistral-7B-v0.3,0.7525831724401707,6.943976402282715,-1.7265625,61.72237608247849
187,mistral,4,Mistral-7B-v0.3,0.8055235540124676,6.80356502532959,-1.724609375,68.60132166277404
188,mistral,0,Mistral-7B-v0.3,0.8290389501059816,11.107933044433594,-2.384765625,71.73990211011773
188,mistral,1,Mistral-7B-v0.3,0.8427539503584391,10.59904956817627,-2.267578125,72.92464272547089
188,mistral,2,Mistral-7B-v0.3,0.8416927712345487,9.413345336914062,-2.244140625,72.74686966292842
188,mistral,3,Mistral-7B-v0.3,0.7915935230456473,8.245226860046387,-2.134765625,67.37888119397496
188,mistral,4,Mistral-7B-v0.3,0.7778881035794195,11.481302261352539,-2.4453125,65.90337810372736
189,mistral,0,Mistral-7B-v0.3,0.6990668529569622,6.108871936798096,-1.7607421875,53.497399857664995
189,mistral,1,Mistral-7B-v0.3,0.7638719250774761,6.875133037567139,-1.947265625,63.520528884174716
189,mistral,2,Mistral-7B-v0.3,0.35528375865356665,8.721440315246582,-2.15625,15.367113736682235
189,mistral,3,Mistral-7B-v0.3,0.8758003544323417,7.354608535766602,-1.970703125,74.81082201567585
189,mistral,4,Mistral-7B-v0.3,0.8499330820430852,6.976118564605713,-1.880859375,73.02985570739015
190,mistral,0,Mistral-7B-v0.3,0.8773678377645433,11.70816707611084,-2.37109375,75.34705878521898
190,mistral,1,Mistral-7B-v0.3,0.8231969141229283,13.472211837768555,-2.3671875,71.32510221419132
190,mistral,2,Mistral-7B-v0.3,0.8809064674593556,11.27692699432373,-2.33203125,75.49200846365112
190,mistral,3,Mistral-7B-v0.3,0.682134999725593,10.848496437072754,-2.3515625,51.46514595213119
190,mistral,4,Mistral-7B-v0.3,0.8118628558238461,7.527819633483887,-1.986328125,69.59543784176698
191,mistral,0,Mistral-7B-v0.3,0.8575961423685406,7.753521919250488,-1.9580078125,73.71445066250193
191,mistral,1,Mistral-7B-v0.3,0.8934565444256211,7.814823627471924,-1.982421875,75.62710798279977
191,mistral,2,Mistral-7B-v0.3,0.8111770417478732,6.965741157531738,-1.8291015625,69.34945670870873
191,mistral,3,Mistral-7B-v0.3,0.746719273870636,7.643052577972412,-1.912109375,61.09818966508431
191,mistral,4,Mistral-7B-v0.3,0.8281563483142498,8.775874137878418,-2.109375,71.43093946075902
192,mistral,0,Mistral-7B-v0.3,0.7646572782406875,9.702454566955566,-2.310546875,63.997802479718494
192,mistral,1,Mistral-7B-v0.3,0.6960859430316627,8.467344284057617,-2.1171875,53.473190284037116
192,mistral,2,Mistral-7B-v0.3,0.7634549452222483,7.691201210021973,-2.076171875,63.608124693780134
192,mistral,3,Mistral-7B-v0.3,0.7658940411685342,7.689996719360352,-2.013671875,63.90925850341734
192,mistral,4,Mistral-7B-v0.3,0.863589553969482,8.28632926940918,-2.099609375,74.24466946991899
193,mistral,0,Mistral-7B-v0.3,0.8523312314214572,8.867295265197754,-2.09375,73.50013692959718
193,mistral,1,Mistral-7B-v0.3,0.8494526063218659,10.244251251220703,-2.189453125,73.41950811107421
193,mistral,2,Mistral-7B-v0.3,0.8637800723760205,8.687871932983398,-2.0859375,74.27968459286302
193,mistral,3,Mistral-7B-v0.3,0.7929063117558891,9.475190162658691,-2.189453125,67.65069969360458
193,mistral,4,Mistral-7B-v0.3,0.8478334958595835,8.37236499786377,-2.080078125,73.11048367660443
194,mistral,0,Mistral-7B-v0.3,0.9079707459334728,6.6633195877075195,-1.9375,75.9051965704051
194,mistral,1,Mistral-7B-v0.3,0.8061784733750101,6.4646477699279785,-1.9150390625,68.82971585818964
194,mistral,2,Mistral-7B-v0.3,0.8662279487151084,5.149269104003906,-1.6904296875,73.83011549494819
194,mistral,3,Mistral-7B-v0.3,0.7984754080390674,6.687380790710449,-1.9091796875,67.95033519581844
194,mistral,4,Mistral-7B-v0.3,0.8043830461081165,5.745614051818848,-1.7939453125,68.4605407778904
195,mistral,0,Mistral-7B-v0.3,0.8987134107540568,8.251952171325684,-2.060546875,75.878529574005
195,mistral,1,Mistral-7B-v0.3,0.8393464884849389,8.946048736572266,-1.9755859375,72.38547133200112
195,mistral,2,Mistral-7B-v0.3,0.8826188087495718,9.110685348510742,-2.107421875,75.35909542588759
195,mistral,3,Mistral-7B-v0.3,0.8216798491746373,10.973381996154785,-2.318359375,71.00689664402155
195,mistral,4,Mistral-7B-v0.3,0.8459708458267785,8.21095085144043,-2.01171875,72.9095336467546
196,mistral,0,Mistral-7B-v0.3,0.8787803023972722,10.233419418334961,-2.3046875,75.31446777961771
196,mistral,1,Mistral-7B-v0.3,0.9266539587847535,10.49487590789795,-2.328125,76.54776479990541
196,mistral,2,Mistral-7B-v0.3,0.7100222508103169,9.990392684936523,-2.216796875,55.83148268439963
196,mistral,3,Mistral-7B-v0.3,0.7152374233370836,7.673928737640381,-2.021484375,56.39135750344686
196,mistral,4,Mistral-7B-v0.3,0.7809536926280065,8.268274307250977,-2.0625,65.99946138745868
197,mistral,0,Mistral-7B-v0.3,0.5645399615023324,7.12294340133667,-1.9697265625,33.19220340132992
197,mistral,1,Mistral-7B-v0.3,0.8666403212910458,9.58501148223877,-2.23828125,74.5823435327758
197,mistral,2,Mistral-7B-v0.3,0.7448696409926282,8.154587745666504,-2.0859375,60.980527671130254
197,mistral,3,Mistral-7B-v0.3,0.8124831065004281,8.374152183532715,-2.13671875,69.81062650447168
197,mistral,4,Mistral-7B-v0.3,0.6562569618059853,6.893194675445557,-1.9296875,46.850263266700146
198,mistral,0,Mistral-7B-v0.3,0.826972055302808,7.81566047668457,-2.033203125,71.20383453011657
198,mistral,1,Mistral-7B-v0.3,0.8155851451099361,7.352684497833252,-1.935546875,69.94488324824715
198,mistral,2,Mistral-7B-v0.3,0.7044141558122389,8.16741943359375,-2.0625,54.74775515514493
198,mistral,3,Mistral-7B-v0.3,0.8818116886140427,8.720818519592285,-2.126953125,75.3023307164555
198,mistral,4,Mistral-7B-v0.3,0.7976761407003382,7.05477237701416,-1.8681640625,67.84899696108857
199,mistral,0,Mistral-7B-v0.3,0.8524523024335688,13.011788368225098,-2.529296875,73.82987349514413
199,mistral,1,Mistral-7B-v0.3,0.7693136921711546,7.152438640594482,-1.951171875,64.2938200436139
199,mistral,2,Mistral-7B-v0.3,0.8658908192189096,8.957354545593262,-2.158203125,74.46561270935614
199,mistral,3,Mistral-7B-v0.3,0.8507708727713401,7.439213752746582,-1.994140625,73.21664185078149
199,mistral,4,Mistral-7B-v0.3,0.7324768957294223,7.593411922454834,-2.017578125,59.04302682507168
0,qwen,0,Qwen2.5-7B,0.9000767448354424,11.060050964355469,-2.369140625,76.20395224268788
0,qwen,1,Qwen2.5-7B,0.8234246774332012,10.793696403503418,-2.2734375,71.16450081346659
0,qwen,2,Qwen2.5-7B,0.9025345987033033,9.223198890686035,-2.109375,76.08069238887092
0,qwen,3,Qwen2.5-7B,0.8733254451558009,13.280908584594727,-2.369140625,75.23514800984532
0,qwen,4,Qwen2.5-7B,0.8539390558974783,11.03784465789795,-2.205078125,73.81814167611492
1,qwen,0,Qwen2.5-7B,0.8500178134146287,8.707552909851074,-2.083984375,73.3076748789223
1,qwen,1,Qwen2.5-7B,0.9358025541289458,11.878686904907227,-2.4296875,76.59971026526073
1,qwen,2,Qwen2.5-7B,0.8741875711617831,9.424899101257324,-1.96875,74.87680467370733
1,qwen,3,Qwen2.5-7B,0.8485353913930136,8.803109169006348,-2.0390625,73.17428474810937
1,qwen,4,Qwen2.5-7B,0.9155477305266416,10.358250617980957,-2.197265625,76.44252271635148
2,qwen,0,Qwen2.5-7B,0.8549266064347513,6.924879550933838,-1.8876953125,73.40531664180017
2,qwen,1,Qwen2.5-7B,0.8776280724995521,9.14356517791748,-2.126953125,75.12945225602988
2,qwen,2,Qwen2.5-7B,0.8886020703647416,9.624202728271484,-2.189453125,75.68564182837413
2,qwen,3,Qwen2.5-7B,0.8761188381170913,7.139416694641113,-1.9462890625,74.79312328611672
2,qwen,4,Qwen2.5-7B,0.8774175621030995,9.220850944519043,-2.15234375,75.13505564918006
3,qwen,0,Qwen2.5-7B,0.8177004937606852,6.108122825622559,-1.828125,69.97926007884703
3,qwen,1,Qwen2.5-7B,0.825885581735222,6.858765602111816,-1.9306640625,70.9536564263069
3,qwen,2,Qwen2.5-7B,0.838863430931638,7.300153732299805,-1.9833984375,72.22619355801665
3,qwen,3,Qwen2.5-7B,0.8651336979536661,8.53826904296875,-2.17578125,74.3940034358369
3,qwen,4,Qwen2.5-7B,0.8376898691249027,7.113609313964844,-1.9560546875,72.089708000562
4,qwen,0,Qwen2.5-7B,0.9339517999394978,12.735250473022461,-2.43359375,76.66982915115558
4,qwen,1,Qwen2.5-7B,0.878326413799082,12.437851905822754,-2.43359375,75.43772883320084
4,qwen,2,Qwen2.5-7B,0.8679182592282725,9.251389503479004,-2.09765625,74.58428050171761
4,qwen,3,Qwen2.5-7B,0.8946501791883252,9.920281410217285,-2.12109375,75.90225175009404
4,qwen,4,Qwen2.5-7B,0.8775237812388081,11.786333084106445,-2.310546875,75.35837001044462
5,qwen,0,Qwen2.5-7B,0.8639690446311169,8.289337158203125,-2.109375,74.2740020730345
5,qwen,1,Qwen2.5-7B,0.82182264197228,5.489089488983154,-1.6455078125,70.15977536818778
5,qwen,2,Qwen2.5-7B,0.8911295267269549,8.28650951385498,-2.05859375,75.62659107302898
5,qwen,3,Qwen2.5-7B,0.8049040244761141,6.95619535446167,-1.927734375,68.7331577008655
5,qwen,4,Qwen2.5-7B,0.5150011610564176,7.261996746063232,-1.984375,27.10628035932387
6,qwen,0,Qwen2.5-7B,0.7704442794619973,11.128145217895508,-2.416015625,64.8895348438073
6,qwen,1,Qwen2.5-7B,0.7602773490383888,8.38952922821045,-2.103515625,63.22943293187037
6,qwen,2,Qwen2.5-7B,0.8295291115629385,8.305216789245605,-2.11328125,71.52903199543044
6,qwen,3,Qwen2.5-7B,0.8576354609026553,9.365560531616211,-2.23046875,73.97254676483772
6,qwen,4,Qwen2.5-7B,0.8618000632711168,9.003597259521484,-2.1875,74.21714624184382
7,qwen,0,Qwen2.5-7B,0.7541230141445635,11.58000659942627,-2.337890625,62.642524805171675
7,qwen,1,Qwen2.5-7B,0.8127858255314443,11.751256942749023,-2.37890625,70.1290467258866
7,qwen,2,Qwen2.5-7B,0.8199024189967871,11.074740409851074,-2.349609375,70.83403351705017
7,qwen,3,Qwen2.5-7B,0.7966040454692415,9.974684715270996,-2.24609375,68.14931812598802
7,qwen,4,Qwen2.5-7B,0.8177358227662305,12.244110107421875,-2.41796875,70.68426558689151
8,qwen,0,Qwen2.5-7B,0.776115797672263,9.680809020996094,-2.138671875,65.50570346745106
8,qwen,1,Qwen2.5-7B,0.8074245992248883,9.951123237609863,-2.25,69.40361217706698
8,qwen,2,Qwen2.5-7B,0.7933772038255663,7.764525413513184,-1.9306640625,67.43690048713076
8,qwen,3,Qwen2.5-7B,0.8967462098532389,10.472190856933594,-2.263671875,76.05544795344983
8,qwen,4,Qwen2.5-7B,0.9222190104543047,12.53976058959961,-2.4296875,76.66763123109872
9,qwen,0,Qwen2.5-7B,0.7298051616622253,9.065598487854004,-2.171875,58.82295787419593
9,qwen,1,Qwen2.5-7B,0.8513452520710485,11.23915958404541,-2.326171875,73.66027556272992
9,qwen,2,Qwen2.5-7B,0.862617064409074,8.94367790222168,-2.072265625,74.21585711302707
9,qwen,3,Qwen2.5-7B,0.8765805800289479,10.428403854370117,-2.236328125,75.20480790617671
9,qwen,4,Qwen2.5-7B,0.7862375647112151,9.494294166564941,-2.126953125,66.79845917840213
10,qwen,0,Qwen2.5-7B,0.9041188802565051,7.198307991027832,-1.8857421875,75.81958929032338
10,qwen,1,Qwen2.5-7B,0.8342051336335236,7.996228218078613,-1.875,71.77969101305693
10,qwen,2,Qwen2.5-7B,0.9351281126281126,7.421600818634033,-1.9267578125,76.1164916733897
10,qwen,3,Qwen2.5-7B,0.8469877183813915,7.708319664001465,-2.09375,73.00073712611136
10,qwen,4,Qwen2.5-7B,0.7928006745961489,8.124902725219727,-1.9208984375,67.38583790199756
11,qwen,0,Qwen2.5-7B,0.8653805023190418,10.19637680053711,-2.2421875,74.54847644566424
11,qwen,1,Qwen2.5-7B,0.8185218546549118,8.716460227966309,-2.11328125,70.46594110173612
11,qwen,2,Qwen2.5-7B,0.9025573349502444,12.15378475189209,-2.431640625,76.33834687403511
11,qwen,3,Qwen2.5-7B,0.905579907593887,12.038290977478027,-2.404296875,76.40693822971811
11,qwen,4,Qwen2.5-7B,0.7440369123590032,8.897444725036621,-2.158203125,60.94523799648502
12,qwen,0,Qwen2.5-7B,0.8621753213669618,9.023523330688477,-2.107421875,74.2107341080482
12,qwen,1,Qwen2.5-7B,0.8373575124246103,11.070562362670898,-2.361328125,72.50156976123448
12,qwen,2,Qwen2.5-7B,0.8820799688563171,9.9523286819458,-2.216796875,75.43621769445527
12,qwen,3,Qwen2.5-7B,0.879609933763697,10.262811660766602,-2.2109375,75.3389308223983
12,qwen,4,Qwen2.5-7B,0.9030695085178218,12.916062355041504,-2.439453125,76.39956689756546
13,qwen,0,Qwen2.5-7B,0.8238818945265644,12.384212493896484,-2.43359375,71.31764100713298
13,qwen,1,Qwen2.5-7B,0.8095160322121934,14.284736633300781,-2.548828125,69.89430799532276
13,qwen,2,Qwen2.5-7B,0.8466910639945784,15.225547790527344,-2.568359375,73.5028156898684
13,qwen,3,Qwen2.5-7B,0.7928595064974555,11.762861251831055,-2.328125,67.83076627843599
13,qwen,4,Qwen2.5-7B,0.9066723694690735,15.27558708190918,-2.6953125,76.51113253265392
14,qwen,0,Qwen2.5-7B,0.8976921856503008,17.128097534179688,-2.78515625,76.30462091052327
14,qwen,1,Qwen2.5-7B,0.8681938632685494,11.209994316101074,-2.3515625,74.80426664203706
14,qwen,2,Qwen2.5-7B,0.8832803992740472,11.485716819763184,-2.37109375,75.61651894162821
14,qwen,3,Qwen2.5-7B,0.8423924985168422,11.467985153198242,-2.326171875,72.96093997539238
14,qwen,4,Qwen2.5-7B,0.9261162411732754,15.612415313720703,-2.623046875,76.79770257311493
15,qwen,0,Qwen2.5-7B,0.8675502934332512,7.86122989654541,-2.03515625,74.42487639450971
15,qwen,1,Qwen2.5-7B,0.8638667546187891,10.287878036499023,-2.314453125,74.47023654309271
15,qwen,2,Qwen2.5-7B,0.9052142934254561,9.049461364746094,-2.208984375,76.17141947878346
15,qwen,3,Qwen2.5-7B,0.8866488418997736,9.656445503234863,-2.244140625,75.62337214985834
15,qwen,4,Qwen2.5-7B,0.8726740567023688,7.9342546463012695,-2.072265625,74.74952366343943
16,qwen,0,Qwen2.5-7B,0.9422653052044442,9.869982719421387,-2.21484375,76.3682637487086
16,qwen,1,Qwen2.5-7B,0.9050211736237145,10.81563663482666,-2.337890625,76.31362939229697
16,qwen,2,Qwen2.5-7B,0.933548323776477,12.826519012451172,-2.517578125,76.65724966076785
16,qwen,3,Qwen2.5-7B,0.8608071367271731,9.308032035827637,-2.197265625,74.17631992030412
16,qwen,4,Qwen2.5-7B,0.8674805654458885,11.193807601928711,-2.388671875,74.75904782355649
17,qwen,0,Qwen2.5-7B,0.8886969525728767,8.538229942321777,-2.123046875,75.58446440213827
17,qwen,1,Qwen2.5-7B,0.8812054398462796,7.865168571472168,-1.9912109375,75.13354008901024
17,qwen,2,Qwen2.5-7B,0.8145074097874893,5.7303948402404785,-1.654296875,69.42839451440759
17,qwen,3,Qwen2.5-7B,0.8674297421518328,10.702595710754395,-2.265625,74.71505689247931
17,qwen,4,Qwen2.5-7B,0.9159554098786266,10.689740180969238,-2.275390625,76.48914748751683
18,qwen,0,Qwen2.5-7B,0.8098067872408642,4.5994133949279785,-1.537109375,68.68197709650195
18,qwen,1,Qwen2.5-7B,0.8810508182601205,5.443878173828125,-1.6796875,74.6518025724616
18,qwen,2,Qwen2.5-7B,0.8238732991860103,4.867898464202881,-1.58984375,70.24815633551121
18,qwen,3,Qwen2.5-7B,0.8018342195632303,5.822535991668701,-1.7841796875,68.16317155877653
18,qwen,4,Qwen2.5-7B,0.933956023547654,6.597517013549805,-1.9033203125,76.04319167467926
19,qwen,0,Qwen2.5-7B,0.8517595079397944,12.421209335327148,-2.458984375,73.76024864437228
19,qwen,1,Qwen2.5-7B,0.885171987073541,10.668442726135254,-2.328125,75.64368904948829
19,qwen,2,Qwen2.5-7B,0.8373927025445638,10.856391906738281,-2.330078125,72.48931192082166
19,qwen,3,Qwen2.5-7B,0.8753286005951507,9.151667594909668,-2.17578125,75.0302132136888
19,qwen,4,Qwen2.5-7B,0.8419888371913035,10.036796569824219,-2.216796875,72.80950426910267
20,qwen,0,Qwen2.5-7B,0.9069383812534498,9.260306358337402,-2.208984375,76.2246214931811
20,qwen,1,Qwen2.5-7B,0.8607986440555527,8.353837013244629,-2.0078125,74.01349019926693
20,qwen,2,Qwen2.5-7B,0.8303397257601955,10.515325546264648,-2.240234375,71.8095653076663
20,qwen,3,Qwen2.5-7B,0.9141216097928079,8.505911827087402,-2.087890625,76.24524362757609
20,qwen,4,Qwen2.5-7B,0.8263433891662384,6.275457382202148,-1.8359375,70.87220012289447
21,qwen,0,Qwen2.5-7B,0.9164773587763138,7.654422760009766,-2.015625,76.16907848242042
21,qwen,1,Qwen2.5-7B,0.8368341810553859,9.243228912353516,-2.1796875,72.29551802535107
21,qwen,2,Qwen2.5-7B,0.8807100576235046,8.058396339416504,-2.037109375,75.15404126274282
21,qwen,3,Qwen2.5-7B,0.8711972356617949,7.375488758087158,-1.92578125,74.52622809675383
21,qwen,4,Qwen2.5-7B,0.8070594747262573,7.039602279663086,-1.9091796875,68.9686825261233
22,qwen,0,Qwen2.5-7B,0.8853819195368235,7.0738959312438965,-1.96484375,75.2434739595039
22,qwen,1,Qwen2.5-7B,0.8045432941658079,9.219082832336426,-2.15625,68.99665485714421
22,qwen,2,Qwen2.5-7B,0.9501894477597803,9.955732345581055,-2.306640625,76.2365943256035
22,qwen,3,Qwen2.5-7B,0.9004140120353803,11.664389610290527,-2.39453125,76.2529831373984
22,qwen,4,Qwen2.5-7B,0.8782008768497039,10.033858299255371,-2.330078125,75.27345961021204
23,qwen,0,Qwen2.5-7B,0.8971339109926703,7.396076202392578,-2.025390625,75.7453022466218
23,qwen,1,Qwen2.5-7B,0.871154071928932,11.913490295410156,-2.50390625,75.00200222587836
23,qwen,2,Qwen2.5-7B,0.8309789816131087,12.376426696777344,-2.484375,71.99159874537858
23,qwen,3,Qwen2.5-7B,0.8981633558072118,9.669869422912598,-2.25390625,76.0405488285006
23,qwen,4,Qwen2.5-7B,0.8953780731810382,9.899971008300781,-2.28515625,75.97456264329318
24,qwen,0,Qwen2.5-7B,0.9305650619818997,12.451476097106934,-2.375,76.67483069727692
24,qwen,1,Qwen2.5-7B,0.8771823390630267,9.601041793823242,-2.09765625,75.12591021243266
24,qwen,2,Qwen2.5-7B,0.8765620164211984,10.484343528747559,-2.228515625,75.20582512546105
24,qwen,3,Qwen2.5-7B,0.8423022800814632,10.835463523864746,-2.408203125,72.90827660119126
24,qwen,4,Qwen2.5-7B,0.9139914025700828,13.926491737365723,-2.4453125,76.67431371865867
25,qwen,0,Qwen2.5-7B,0.8753284270793846,7.782569885253906,-2.10546875,74.89940762652313
25,qwen,1,Qwen2.5-7B,0.925,9.904309272766113,-2.33203125,76.5039178522519
25,qwen,2,Qwen2.5-7B,0.8335573232316213,8.842902183532715,-2.1953125,71.9763718853489
25,qwen,3,Qwen2.5-7B,0.8353787273415486,9.10943603515625,-2.23046875,72.17101705828162
25,qwen,4,Qwen2.5-7B,0.9095970087245534,8.329015731811523,-2.11328125,76.17223806629569
26,qwen,0,Qwen2.5-7B,0.8395358707655388,10.516586303710938,-2.37109375,72.65324735764324
26,qwen,1,Qwen2.5-7B,0.899589780029892,8.05321216583252,-2.09765625,75.9089053700541
26,qwen,2,Qwen2.5-7B,0.9079781940197286,12.1449556350708,-2.458984375,76.45631430764581
26,qwen,3,Qwen2.5-7B,0.9227473980794663,8.218246459960938,-2.12109375,76.31924985030047
26,qwen,4,Qwen2.5-7B,0.8853695965413307,7.503275394439697,-2.0546875,75.33413383538091
27,qwen,0,Qwen2.5-7B,0.8608178541236688,7.735324382781982,-1.95703125,73.93312991788996
27,qwen,1,Qwen2.5-7B,0.8928208767217348,8.98307991027832,-2.123046875,75.77234812472058
27,qwen,2,Qwen2.5-7B,0.9188640973630832,9.4453706741333,-2.18359375,76.40791245484121
27,qwen,3,Qwen2.5-7B,0.8544025915528842,10.011857032775879,-2.24609375,73.79126160808995
27,qwen,4,Qwen2.5-7B,0.850168216900851,8.60735034942627,-2.08984375,73.3149024392226
28,qwen,0,Qwen2.5-7B,0.8672006994460377,6.17848539352417,-1.8505859375,74.1343290785697
28,qwen,1,Qwen2.5-7B,0.8507214866508845,10.318055152893066,-2.27734375,73.54380796068394
28,qwen,2,Qwen2.5-7B,0.9368838775932822,14.206009864807129,-2.634765625,76.66073686236057
28,qwen,3,Qwen2.5-7B,0.9196133899104197,6.852394104003906,-1.9296875,76.07671854073475
28,qwen,4,Qwen2.5-7B,0.9167052826691381,8.203946113586426,-2.12109375,76.27079218070685
29,qwen,0,Qwen2.5-7B,0.9140267376641334,11.018718719482422,-2.328125,76.49300612172705
29,qwen,1,Qwen2.5-7B,0.87557549484155,10.36977481842041,-2.251953125,75.15163657281514
29,qwen,2,Qwen2.5-7B,0.871509746368631,7.025608062744141,-1.9052734375,74.50077732631617
29,qwen,3,Qwen2.5-7B,0.8931563680518079,7.605278015136719,-2.001953125,75.61406198106643
29,qwen,4,Qwen2.5-7B,0.8554475389331555,7.513952255249023,-1.93359375,73.52524264296257
30,qwen,0,Qwen2.5-7B,0.8424969942378973,8.665023803710938,-2.126953125,72.72067653695282
30,qwen,1,Qwen2.5-7B,0.8761594469784968,7.214173793792725,-1.93359375,74.79123645253608
30,qwen,2,Qwen2.5-7B,0.876996007198255,10.563891410827637,-2.32421875,75.24909064264634
30,qwen,3,Qwen2.5-7B,0.8935636698105235,6.915782451629639,-1.91796875,75.51412902882936
30,qwen,4,Qwen2.5-7B,0.9241053441637986,10.60533618927002,-2.369140625,76.55104041233658
31,qwen,0,Qwen2.5-7B,0.8593954886183967,9.495840072631836,-2.208984375,74.09785630934738
31,qwen,1,Qwen2.5-7B,0.8793814052195404,6.584160804748535,-1.8515625,74.8369656917214
31,qwen,2,Qwen2.5-7B,0.855581414367422,8.691694259643555,-2.1640625,73.75687017763592
31,qwen,3,Qwen2.5-7B,0.8140975663542076,11.795694351196289,-2.46875,70.2604951553995
31,qwen,4,Qwen2.5-7B,0.8850409384989136,10.091983795166016,-2.298828125,75.5951396567937
32,qwen,0,Qwen2.5-7B,0.7123586602422616,6.409696102142334,-1.7998046875,55.66353784651832
32,qwen,1,Qwen2.5-7B,0.8902829606291784,5.327054977416992,-1.6533203125,75.00684736572936
32,qwen,2,Qwen2.5-7B,0.8750170206888493,8.885577201843262,-2.078125,74.95083479340366
32,qwen,3,Qwen2.5-7B,0.9009321405409766,5.2144670486450195,-1.5849609375,75.26322419162805
32,qwen,4,Qwen2.5-7B,0.8846055829186973,7.769191741943359,-2.02734375,75.30469659931252
33,qwen,0,Qwen2.5-7B,0.8971542083136829,11.203010559082031,-2.421875,76.12274607827052
33,qwen,1,Qwen2.5-7B,0.8629038826960648,12.257065773010254,-2.37109375,74.54339594001883
33,qwen,2,Qwen2.5-7B,0.9028888178232597,10.512811660766602,-2.34765625,76.24136059839687
33,qwen,3,Qwen2.5-7B,0.9075145628559989,7.338024616241455,-2.01953125,76.00541127475456
33,qwen,4,Qwen2.5-7B,0.8729561976561283,10.823439598083496,-2.30078125,75.04935089966976
34,qwen,0,Qwen2.5-7B,0.666083129326735,4.157320499420166,-1.423828125,47.635379273435134
34,qwen,1,Qwen2.5-7B,0.7178777559027533,5.10738468170166,-1.5263671875,56.108109424997544
34,qwen,2,Qwen2.5-7B,0.537610146063116,5.810555458068848,-1.7412109375,29.42714596884278
34,qwen,3,Qwen2.5-7B,0.6720807693915523,5.36273193359375,-1.6279296875,48.96430540929032
34,qwen,4,Qwen2.5-7B,0.6142560617870179,4.617132186889648,-1.4296875,39.5402366500553
35,qwen,0,Qwen2.5-7B,0.8273510669203614,10.882731437683105,-2.421875,71.5588287473127
35,qwen,1,Qwen2.5-7B,0.7479119517113229,11.718290328979492,-2.4921875,61.73230250325822
35,qwen,2,Qwen2.5-7B,0.9056832935460905,16.792465209960938,-2.845703125,76.436923210603
35,qwen,3,Qwen2.5-7B,0.9018901890189018,12.108688354492188,-2.515625,76.29724786199128
35,qwen,4,Qwen2.5-7B,0.7839493733103957,10.406013488769531,-2.388671875,66.622908344307
36,qwen,0,Qwen2.5-7B,0.9046107499603615,11.099370956420898,-2.267578125,76.31598959714245
36,qwen,1,Qwen2.5-7B,0.8637042975063606,9.4390287399292,-2.12109375,74.34662109597653
36,qwen,2,Qwen2.5-7B,0.8839129999960695,7.586087226867676,-1.9482421875,75.20588553915528
36,qwen,3,Qwen2.5-7B,0.9184560567589313,6.224350929260254,-1.7470703125,75.84994872538813
36,qwen,4,Qwen2.5-7B,0.9146008164003793,6.137718200683594,-1.74609375,75.79910447226521
37,qwen,0,Qwen2.5-7B,0.8355408359300914,7.035861015319824,-1.998046875,71.92239444793951
37,qwen,1,Qwen2.5-7B,0.9110017732486363,6.6599040031433105,-1.9033203125,75.93364111184903
37,qwen,2,Qwen2.5-7B,0.8635550878633883,9.405797004699707,-2.2734375,74.38231061026387
37,qwen,3,Qwen2.5-7B,0.898531255917698,6.322951793670654,-1.873046875,75.59094869012597
37,qwen,4,Qwen2.5-7B,0.873828734058785,7.0213751792907715,-1.97265625,74.68118193826459
38,qwen,0,Qwen2.5-7B,0.9012555140821175,10.0469388961792,-2.33203125,76.16550986042371
38,qwen,1,Qwen2.5-7B,0.8583533319236474,10.559165000915527,-2.3671875,74.12289297171166
38,qwen,2,Qwen2.5-7B,0.8630321932678037,8.028511047363281,-2.103515625,74.1913201400208
38,qwen,3,Qwen2.5-7B,0.819108891951121,10.191072463989258,-2.37109375,70.69078578258271
38,qwen,4,Qwen2.5-7B,0.9030674846625766,10.338929176330566,-2.3203125,76.23248162547247
39,qwen,0,Qwen2.5-7B,0.9192367601246105,8.13238525390625,-2.05859375,76.25794176654473
39,qwen,1,Qwen2.5-7B,0.8594104647684742,10.071191787719727,-2.3125,74.15964650507351
39,qwen,2,Qwen2.5-7B,0.8807897859995478,8.139132499694824,-2.095703125,75.19629127560304
39,qwen,3,Qwen2.5-7B,0.8606101051717764,9.044454574584961,-2.205078125,74.14636871075017
39,qwen,4,Qwen2.5-7B,0.7892700819666232,8.99213981628418,-2.193359375,67.16826000800359
40,qwen,0,Qwen2.5-7B,0.8222340339241836,9.343021392822266,-2.212890625,70.92889633767527
40,qwen,1,Qwen2.5-7B,0.8577848694708099,8.37106990814209,-2.11328125,73.86787860532462
40,qwen,2,Qwen2.5-7B,0.9006159641580939,8.219816207885742,-2.111328125,75.95683957470317
40,qwen,3,Qwen2.5-7B,0.8213827215320373,10.016658782958984,-2.279296875,70.90555064237259
40,qwen,4,Qwen2.5-7B,0.871333455499195,10.751310348510742,-2.328125,74.95555699847941
41,qwen,0,Qwen2.5-7B,0.889732134299442,9.39836597442627,-2.193359375,75.71504221278197
41,qwen,1,Qwen2.5-7B,0.9148337099194174,7.392635345458984,-1.984375,76.10853851532735
41,qwen,2,Qwen2.5-7B,0.9073418863991819,9.199609756469727,-2.19921875,76.22571154611381
41,qwen,3,Qwen2.5-7B,0.926178981534517,9.68524169921875,-2.236328125,76.47653395083198
41,qwen,4,Qwen2.5-7B,0.9267142750715722,9.618210792541504,-2.228515625,76.47027277785024
42,qwen,0,Qwen2.5-7B,0.8235605503310337,6.241616725921631,-1.7880859375,70.5491609553587
42,qwen,1,Qwen2.5-7B,0.8871730383910558,6.5646538734436035,-1.845703125,75.18201757549903
42,qwen,2,Qwen2.5-7B,0.8281652667074865,6.2452898025512695,-1.7783203125,70.99032724186465
42,qwen,3,Qwen2.5-7B,0.810976346949561,5.374924182891846,-1.7275390625,69.10063642073568
42,qwen,4,Qwen2.5-7B,0.8615384941184442,8.66466999053955,-2.1796875,74.17234616391065
43,qwen,0,Qwen2.5-7B,0.8989278334708842,10.005290031433105,-2.2265625,76.08080867111238
43,qwen,1,Qwen2.5-7B,0.8481680312409231,12.314309120178223,-2.421875,73.48304803669811
43,qwen,2,Qwen2.5-7B,0.9324239728509769,11.310013771057129,-2.337890625,76.59076317342965
43,qwen,3,Qwen2.5-7B,0.8939002750366356,9.067131996154785,-2.173828125,75.83684453333201
43,qwen,4,Qwen2.5-7B,0.9214603260137412,11.596221923828125,-2.423828125,76.6018310294286
44,qwen,0,Qwen2.5-7B,0.8770662517943436,6.844232082366943,-1.8623046875,74.75049213726527
44,qwen,1,Qwen2.5-7B,0.875327170478086,7.309955596923828,-1.9306640625,74.75246079225116
44,qwen,2,Qwen2.5-7B,0.892435107870178,7.077557563781738,-1.8857421875,75.46001002343479
44,qwen,3,Qwen2.5-7B,0.8966509823556851,9.702987670898438,-2.2265625,75.989885435639
44,qwen,4,Qwen2.5-7B,0.8628551518864409,6.744086742401123,-1.8662109375,73.91841758831583
45,qwen,0,Qwen2.5-7B,0.863890623941566,6.825122833251953,-1.923828125,74.03975779269875
45,qwen,1,Qwen2.5-7B,0.8059472476704835,11.468793869018555,-2.4140625,69.35007394431481
45,qwen,2,Qwen2.5-7B,0.7837625541260178,7.230918884277344,-2.01953125,66.25753804462656
45,qwen,3,Qwen2.5-7B,0.8755391866509104,7.926555633544922,-2.103515625,74.9204408597427
45,qwen,4,Qwen2.5-7B,0.9286452807747612,9.515958786010742,-2.287109375,76.4736683621983
46,qwen,0,Qwen2.5-7B,0.8524516818067273,9.732884407043457,-2.21484375,73.61944158643949
46,qwen,1,Qwen2.5-7B,0.8797151578225053,8.540630340576172,-2.095703125,75.17432504846329
46,qwen,2,Qwen2.5-7B,0.8185140817089009,9.338263511657715,-2.17578125,70.53622255174582
46,qwen,3,Qwen2.5-7B,0.8402885707208188,12.435078620910645,-2.4765625,72.83251084582385
46,qwen,4,Qwen2.5-7B,0.8841813942752139,9.208815574645996,-2.169921875,75.46306254282801
47,qwen,0,Qwen2.5-7B,0.9028297538943681,6.688545227050781,-1.8427734375,75.71063592707493
47,qwen,1,Qwen2.5-7B,0.8061654007152484,6.696676731109619,-1.8583984375,68.79811796485629
47,qwen,2,Qwen2.5-7B,0.9216017805229424,7.5254998207092285,-2.0,76.19294715417924
47,qwen,3,Qwen2.5-7B,0.8790658246162601,8.081449508666992,-2.0859375,75.10338939951724
47,qwen,4,Qwen2.5-7B,0.8283066210549832,6.822364330291748,-1.9189453125,71.17610413969054
48,qwen,0,Qwen2.5-7B,0.860621081497368,14.130061149597168,-2.5078125,74.48716698169221
48,qwen,1,Qwen2.5-7B,0.9217708238055606,9.191023826599121,-2.15234375,76.39901245148243
48,qwen,2,Qwen2.5-7B,0.9098156968316422,8.988062858581543,-2.1015625,76.21910325141715
48,qwen,3,Qwen2.5-7B,0.8788484704409312,11.953356742858887,-2.39453125,75.43658140827021
48,qwen,4,Qwen2.5-7B,0.8722694458159302,12.685690879821777,-2.45703125,75.12802653253277
49,qwen,0,Qwen2.5-7B,0.8401363675359746,13.050114631652832,-2.37890625,72.87377336083377
49,qwen,1,Qwen2.5-7B,0.8890846685420744,18.887632369995117,-2.7734375,76.10276675927332
49,qwen,2,Qwen2.5-7B,0.8506075193451097,13.545218467712402,-2.42578125,73.7505650691711
49,qwen,3,Qwen2.5-7B,0.8385560232315733,11.01032829284668,-2.279296875,72.59663721547689
49,qwen,4,Qwen2.5-7B,0.8463319801531577,10.087751388549805,-2.13671875,73.1422047151448
50,qwen,0,Qwen2.5-7B,0.8690121447351947,11.528053283691406,-2.306640625,74.87211747236464
50,qwen,1,Qwen2.5-7B,0.9276992728769379,9.294259071350098,-2.18359375,76.43368002049381
50,qwen,2,Qwen2.5-7B,0.8939814386581568,15.71364974975586,-2.615234375,76.23434477838292
50,qwen,3,Qwen2.5-7B,0.8955235047175694,11.186503410339355,-2.322265625,76.07283779964568
50,qwen,4,Qwen2.5-7B,0.9300497979024276,14.004921913146973,-2.455078125,76.76487689425419
51,qwen,0,Qwen2.5-7B,0.835743370217157,7.906273365020752,-2.02734375,72.02555858647845
51,qwen,1,Qwen2.5-7B,0.8211908337582108,11.690652847290039,-2.333984375,71.00689758443164
51,qwen,2,Qwen2.5-7B,0.8903085152229573,9.101938247680664,-2.173828125,75.70907053959664
51,qwen,3,Qwen2.5-7B,0.8304201742147533,7.874366283416748,-2.001953125,71.5177728621934
51,qwen,4,Qwen2.5-7B,0.9096360673546985,7.792803764343262,-2.078125,76.11522587139031
52,qwen,0,Qwen2.5-7B,0.8768488142503139,5.855842590332031,-1.6767578125,74.47319832785462
52,qwen,1,Qwen2.5-7B,0.9149527577074074,8.556248664855957,-2.0078125,76.21307371361753
52,qwen,2,Qwen2.5-7B,0.8922315531864964,11.981881141662598,-2.40625,76.01136354321297
52,qwen,3,Qwen2.5-7B,0.9024425968207471,13.792777061462402,-2.55078125,76.40607443543037
52,qwen,4,Qwen2.5-7B,0.8665672896796163,7.809839248657227,-2.06640625,74.37912319107699
53,qwen,0,Qwen2.5-7B,0.8473942873062889,8.614778518676758,-2.05859375,73.0818476182291
53,qwen,1,Qwen2.5-7B,0.900501620267744,9.41238021850586,-2.24609375,76.08800780235073
53,qwen,2,Qwen2.5-7B,0.8597996562160084,8.450927734375,-2.10546875,74.00892084558504
53,qwen,3,Qwen2.5-7B,0.9038508198645951,8.791446685791016,-2.083984375,76.06937102789695
53,qwen,4,Qwen2.5-7B,0.8670816331458098,8.939544677734375,-2.111328125,74.51750579555852
54,qwen,0,Qwen2.5-7B,0.860535299912572,6.6981306076049805,-1.9091796875,73.79776699134499
54,qwen,1,Qwen2.5-7B,0.8526227214411746,8.710514068603516,-2.16015625,73.53997034858548
54,qwen,2,Qwen2.5-7B,0.8398106852720507,8.883607864379883,-2.1796875,72.52947480961465
54,qwen,3,Qwen2.5-7B,0.7967960094950047,8.265314102172852,-2.1171875,68.00390718695758
54,qwen,4,Qwen2.5-7B,0.8797953964194374,10.85330867767334,-2.36328125,75.41011925708801
55,qwen,0,Qwen2.5-7B,0.8242085152895732,7.19943380355835,-1.865234375,70.76010531411451
55,qwen,1,Qwen2.5-7B,0.7951033501383866,10.073677062988281,-2.275390625,67.98145522375324
55,qwen,2,Qwen2.5-7B,0.8310356947590409,8.733773231506348,-2.01953125,71.65081790084082
55,qwen,3,Qwen2.5-7B,0.8855232118769683,16.288217544555664,-2.59765625,75.94900394522409
55,qwen,4,Qwen2.5-7B,0.7114548145361269,4.3369245529174805,-1.3720703125,54.82500681416967
56,qwen,0,Qwen2.5-7B,0.8092721365423198,9.280680656433105,-2.189453125,69.54511250218856
56,qwen,1,Qwen2.5-7B,0.865482811092183,10.224213600158691,-2.29296875,74.56586943316823
56,qwen,2,Qwen2.5-7B,0.8889352217210608,8.522848129272461,-2.119140625,75.5909852372995
56,qwen,3,Qwen2.5-7B,0.868021573917153,12.862266540527344,-2.533203125,74.8702305803509
56,qwen,4,Qwen2.5-7B,0.8591776714966808,13.945838928222656,-2.62109375,74.32738050403262
57,qwen,0,Qwen2.5-7B,0.9058895705521472,13.165685653686523,-2.4921875,76.46992716741057
57,qwen,1,Qwen2.5-7B,0.8675057559341997,9.150857925415039,-2.16015625,74.57963761182594
57,qwen,2,Qwen2.5-7B,0.86672628613106,11.84426212310791,-2.40234375,74.75573878022557
57,qwen,3,Qwen2.5-7B,0.8668266074086851,13.075234413146973,-2.4921875,74.8249125986369
57,qwen,4,Qwen2.5-7B,0.8324738244706354,10.85858154296875,-2.31640625,72.04435544653512
58,qwen,0,Qwen2.5-7B,0.8427537660491865,10.741052627563477,-2.28515625,72.93729497928695
58,qwen,1,Qwen2.5-7B,0.9100050521663369,9.177777290344238,-2.177734375,76.26842110545608
58,qwen,2,Qwen2.5-7B,0.8656346704477211,6.952599048614502,-1.92578125,74.1614592168539
58,qwen,3,Qwen2.5-7B,0.7647497774532547,8.85433578491211,-2.140625,63.90534101176818
58,qwen,4,Qwen2.5-7B,0.9110303389956235,12.030448913574219,-2.37890625,76.51555462480553
59,qwen,0,Qwen2.5-7B,0.918284347319218,7.876047134399414,-2.025390625,76.21053260931694
59,qwen,1,Qwen2.5-7B,0.9197151360023514,9.220059394836426,-2.208984375,76.40672033915152
59,qwen,2,Qwen2.5-7B,0.8728624004918347,8.559246063232422,-2.134765625,74.83695184528429
59,qwen,3,Qwen2.5-7B,0.9118641747107551,11.825675010681152,-2.408203125,76.51336376111178
60,qwen,0,Qwen2.5-7B,0.816942361201932,11.094202041625977,-2.46875,70.51482606334834
60,qwen,1,Qwen2.5-7B,0.8549435595319097,8.800556182861328,-2.19921875,73.73088545397799
60,qwen,2,Qwen2.5-7B,0.8820495908335941,8.976008415222168,-2.216796875,75.36456591685058
60,qwen,3,Qwen2.5-7B,0.8269483231889246,7.077368259429932,-1.9951171875,71.12094914187884
60,qwen,4,Qwen2.5-7B,0.8152164859749998,8.009332656860352,-2.130859375,70.07431362957895
61,qwen,0,Qwen2.5-7B,0.8371779621730209,7.947243690490723,-2.03515625,72.16111372482399
61,qwen,1,Qwen2.5-7B,0.8493328994467946,8.9921875,-2.1796875,73.31724769194228
61,qwen,2,Qwen2.5-7B,0.8790911922774214,8.28326416015625,-2.09765625,75.12564443543657
61,qwen,3,Qwen2.5-7B,0.8023664812887562,7.408398628234863,-1.9775390625,68.51336403511823
61,qwen,4,Qwen2.5-7B,0.8891404024501557,9.692549705505371,-2.259765625,75.73020662934088
62,qwen,0,Qwen2.5-7B,0.8895204162425066,8.06471061706543,-2.080078125,75.56055381074418
62,qwen,1,Qwen2.5-7B,0.8964080300184414,10.454660415649414,-2.251953125,76.04118483762676
62,qwen,2,Qwen2.5-7B,0.824598898217719,10.104650497436523,-2.3203125,71.2386795016459
62,qwen,3,Qwen2.5-7B,0.8874823741995984,7.7948126792907715,-1.9755859375,75.39417909142374
62,qwen,4,Qwen2.5-7B,0.9104487868619259,11.07162094116211,-2.408203125,76.43873167266166
63,qwen,0,Qwen2.5-7B,0.862157059346348,12.516114234924316,-2.431640625,74.50577294678462
63,qwen,1,Qwen2.5-7B,0.8931126903903753,8.846532821655273,-2.154296875,75.78593427301823
63,qwen,2,Qwen2.5-7B,0.876889516389085,9.218029975891113,-2.25390625,75.13850733269038
63,qwen,3,Qwen2.5-7B,0.90838000377012,7.488682746887207,-1.986328125,76.01222077997011
63,qwen,4,Qwen2.5-7B,0.8778510897776666,8.791792869567871,-2.150390625,75.1250058089197
64,qwen,0,Qwen2.5-7B,0.8961187389057991,5.822793006896973,-1.787109375,75.39673878661938
64,qwen,1,Qwen2.5-7B,0.865883015156874,7.771251678466797,-2.029296875,74.31214510183719
64,qwen,2,Qwen2.5-7B,0.7764810974177244,7.763677597045898,-2.0234375,65.35251861517688
64,qwen,3,Qwen2.5-7B,0.8570829111281457,8.006918907165527,-2.09765625,73.78390739453098
64,qwen,4,Qwen2.5-7B,0.9156146049387548,9.380069732666016,-2.255859375,76.38890100684866
65,qwen,0,Qwen2.5-7B,0.8861220615626036,6.989932537078857,-1.9443359375,75.25340456403653
65,qwen,1,Qwen2.5-7B,0.7962146103271108,8.562015533447266,-2.080078125,67.93781564176551
65,qwen,2,Qwen2.5-7B,0.8112854381852301,7.011380195617676,-1.994140625,69.49840664001988
65,qwen,3,Qwen2.5-7B,0.8979143943718444,8.346877098083496,-2.080078125,75.87232445567905
65,qwen,4,Qwen2.5-7B,0.799028659777605,6.061099052429199,-1.7705078125,67.839524533428
66,qwen,0,Qwen2.5-7B,0.8359455388991683,13.352542877197266,-2.478515625,72.51050609096643
66,qwen,1,Qwen2.5-7B,0.8786247005249224,9.064353942871094,-2.150390625,75.18373307451469
66,qwen,2,Qwen2.5-7B,0.8913853785036464,9.517928123474121,-2.14453125,75.76827888255771
66,qwen,3,Qwen2.5-7B,0.7872031330451708,10.788121223449707,-2.31640625,67.06186537374421
66,qwen,4,Qwen2.5-7B,0.9264284844054581,12.041083335876465,-2.412109375,76.65021913684818
67,qwen,0,Qwen2.5-7B,0.9078713304485698,7.348013401031494,-1.9150390625,75.9380705211739
67,qwen,1,Qwen2.5-7B,0.7887302191241223,7.853067874908447,-2.021484375,66.93420792687543
67,qwen,2,Qwen2.5-7B,0.80038705916494,7.753520488739014,-2.0390625,68.34914797411771
67,qwen,3,Qwen2.5-7B,0.902218793863602,10.112627029418945,-2.259765625,76.18684943155748
68,qwen,0,Qwen2.5-7B,0.8719276273751473,11.390046119689941,-2.40625,75.03109907156681
68,qwen,1,Qwen2.5-7B,0.8819240135936923,11.331852912902832,-2.333984375,75.54367677387849
68,qwen,2,Qwen2.5-7B,0.9031949402481447,13.726375579833984,-2.52734375,76.4301585322332
68,qwen,3,Qwen2.5-7B,0.9371243535386479,11.714893341064453,-2.388671875,76.58072044665977
68,qwen,4,Qwen2.5-7B,0.7946748422429089,15.850775718688965,-2.6953125,68.18140254483022
69,qwen,0,Qwen2.5-7B,0.9101322538154738,12.244048118591309,-2.455078125,76.5043863526039
69,qwen,1,Qwen2.5-7B,0.9150063342162846,11.828322410583496,-2.396484375,76.55982622114804
69,qwen,2,Qwen2.5-7B,0.8703910100265865,5.610317707061768,-1.7294921875,74.15904070824449
69,qwen,3,Qwen2.5-7B,0.8563542647135575,10.770773887634277,-2.2890625,73.99269979344604
69,qwen,4,Qwen2.5-7B,0.9062022145963071,13.017352104187012,-2.47265625,76.47257771183615
70,qwen,0,Qwen2.5-7B,0.8239319090233674,10.640567779541016,-2.20703125,71.18908655612138
70,qwen,1,Qwen2.5-7B,0.8875093661675949,10.937679290771484,-2.23828125,75.7475036025147
70,qwen,2,Qwen2.5-7B,0.9130267197998077,12.496541976928711,-2.34765625,76.5782279636596
70,qwen,3,Qwen2.5-7B,0.8957858992086619,15.804869651794434,-2.65625,76.27506503148099
70,qwen,4,Qwen2.5-7B,0.8799679789439367,10.287495613098145,-2.21484375,75.35918851877949
71,qwen,0,Qwen2.5-7B,0.8711024772238634,6.954625129699707,-1.9326171875,74.49398181887148
71,qwen,1,Qwen2.5-7B,0.9258900224312728,8.507706642150879,-2.109375,76.34491907858111
71,qwen,2,Qwen2.5-7B,0.8579457302619307,10.068390846252441,-2.263671875,74.0516524612546
71,qwen,3,Qwen2.5-7B,0.8847336057994972,10.820141792297363,-2.341796875,75.63570304660628
71,qwen,4,Qwen2.5-7B,0.8699797395409656,11.228984832763672,-2.384765625,74.91029588633849
72,qwen,0,Qwen2.5-7B,0.7911121553610639,6.91611909866333,-1.935546875,67.09827322273192
72,qwen,1,Qwen2.5-7B,0.8889936943040283,10.97458553314209,-2.43359375,75.81736894055028
72,qwen,2,Qwen2.5-7B,0.8618206654307737,9.716570854187012,-2.265625,74.29008855762713
72,qwen,3,Qwen2.5-7B,0.9075548450490538,11.140738487243652,-2.451171875,76.38197313745644
72,qwen,4,Qwen2.5-7B,0.877595541155908,12.152606010437012,-2.505859375,75.36485523768519
73,qwen,0,Qwen2.5-7B,0.8719660148493887,8.244332313537598,-2.080078125,74.73724854840266
73,qwen,1,Qwen2.5-7B,0.8681347147954978,8.053475379943848,-2.095703125,74.50814269541219
73,qwen,2,Qwen2.5-7B,0.8078530621666405,5.107311725616455,-1.62109375,68.61160451389027
73,qwen,3,Qwen2.5-7B,0.8622385041404843,6.014654159545898,-1.7841796875,73.7440661366952
73,qwen,4,Qwen2.5-7B,0.8559266232278048,7.904543399810791,-2.052734375,73.66991433841983
74,qwen,0,Qwen2.5-7B,0.8366064208757746,8.96932601928711,-2.15625,72.24673301156118
74,qwen,1,Qwen2.5-7B,0.8554882415210262,8.970157623291016,-2.181640625,73.77689532588155
74,qwen,2,Qwen2.5-7B,0.7656505490367859,5.85611629486084,-1.7451171875,63.50395763606638
74,qwen,3,Qwen2.5-7B,0.8199372569544935,11.30401611328125,-2.40625,70.85065801262603
74,qwen,4,Qwen2.5-7B,0.7729731624018759,6.819680213928223,-1.81640625,64.64826540491438
75,qwen,0,Qwen2.5-7B,0.8998413843281403,7.628932476043701,-2.068359375,75.8688182572052
75,qwen,1,Qwen2.5-7B,0.8914277709510936,10.37187671661377,-2.2734375,75.86792120705411
75,qwen,2,Qwen2.5-7B,0.8809367784479037,8.644994735717773,-2.052734375,75.21760175411316
75,qwen,3,Qwen2.5-7B,0.9023190783100629,7.8112640380859375,-1.900390625,75.83352489772794
75,qwen,4,Qwen2.5-7B,0.9173503666990791,10.049798965454102,-2.30859375,76.46403835965914
76,qwen,0,Qwen2.5-7B,0.8703162486368593,8.056648254394531,-1.943359375,74.54057723914784
76,qwen,1,Qwen2.5-7B,0.8586477328186859,5.270329475402832,-1.580078125,73.21167775163485
76,qwen,2,Qwen2.5-7B,0.7315083445840024,7.703993320465088,-1.9072265625,58.823703019476184
76,qwen,3,Qwen2.5-7B,0.8314732331452068,6.901424407958984,-1.85546875,71.42774759369945
76,qwen,4,Qwen2.5-7B,0.8276827338962299,6.77092170715332,-1.7841796875,70.99062351068568
77,qwen,0,Qwen2.5-7B,0.8266918282253313,7.917481899261475,-2.109375,71.22576101817468
77,qwen,1,Qwen2.5-7B,0.8543950901560227,6.212857723236084,-1.857421875,73.28504949516946
77,qwen,2,Qwen2.5-7B,0.8518531718732788,8.379899978637695,-2.123046875,73.44233734030819
77,qwen,3,Qwen2.5-7B,0.8658425937102401,7.675604820251465,-2.048828125,74.31415262838232
77,qwen,4,Qwen2.5-7B,0.8871845714441342,8.909085273742676,-2.2109375,75.58306172029357
78,qwen,0,Qwen2.5-7B,0.9207887643637397,10.708430290222168,-2.271484375,76.53450123276554
78,qwen,1,Qwen2.5-7B,0.935982196817083,14.469833374023438,-2.556640625,76.72550542218059
78,qwen,2,Qwen2.5-7B,0.8426050539584884,9.448660850524902,-2.125,72.78589231658376
78,qwen,3,Qwen2.5-7B,0.9292949248460821,14.132237434387207,-2.517578125,76.75734588957098
78,qwen,4,Qwen2.5-7B,0.8354944479785332,9.457443237304688,-2.107421875,72.16146216854267
79,qwen,0,Qwen2.5-7B,0.9002771245293851,9.827366828918457,-2.228515625,76.10731503835726
79,qwen,1,Qwen2.5-7B,0.8593264200027672,8.861713409423828,-2.1328125,74.01944268037967
79,qwen,2,Qwen2.5-7B,0.8779286069879934,8.988852500915527,-2.177734375,75.15362900495958
79,qwen,3,Qwen2.5-7B,0.8654445775186107,8.448421478271484,-2.07421875,74.36136486011401
79,qwen,4,Qwen2.5-7B,0.878055813655442,7.607869625091553,-1.9873046875,74.95777887837993
80,qwen,0,Qwen2.5-7B,0.8887021965520259,7.455463409423828,-2.0546875,75.46846956006942
80,qwen,1,Qwen2.5-7B,0.8846076676132856,8.62358570098877,-2.1796875,75.44255036511476
80,qwen,2,Qwen2.5-7B,0.8989303616913327,10.938790321350098,-2.298828125,76.15955217115506
80,qwen,3,Qwen2.5-7B,0.8886605048972273,9.15949535369873,-2.251953125,75.67127530625883
80,qwen,4,Qwen2.5-7B,0.8991192469245223,12.451906204223633,-2.5234375,76.24027103271636
81,qwen,0,Qwen2.5-7B,0.8753217778305107,7.865541934967041,-2.03515625,74.86688631830211
81,qwen,1,Qwen2.5-7B,0.8752406325355285,7.282868385314941,-1.9296875,74.74503889971835
81,qwen,2,Qwen2.5-7B,0.8644930926865612,8.20140552520752,-2.01171875,74.24587866794948
81,qwen,3,Qwen2.5-7B,0.8317057068117216,8.35457992553711,-2.1484375,71.75258005976998
81,qwen,4,Qwen2.5-7B,0.8934851766694767,9.417240142822266,-2.2109375,75.8598016167204
82,qwen,0,Qwen2.5-7B,0.9067237779304662,13.608150482177734,-2.611328125,76.4660740906711
82,qwen,1,Qwen2.5-7B,0.9420116886747323,12.603714942932129,-2.521484375,76.54934865747722
82,qwen,2,Qwen2.5-7B,0.8869441893671982,8.888204574584961,-2.16015625,75.55452226084996
82,qwen,3,Qwen2.5-7B,0.8067966816911673,8.428457260131836,-2.123046875,69.18028390057579
82,qwen,4,Qwen2.5-7B,0.8664945854231206,11.234090805053711,-2.416015625,74.69887518477232
83,qwen,0,Qwen2.5-7B,0.9297160362907977,11.120336532592773,-2.337890625,76.58850972692684
83,qwen,1,Qwen2.5-7B,0.9014496713195238,9.124366760253906,-2.130859375,76.05494145482811
83,qwen,2,Qwen2.5-7B,0.9240452714900709,12.375481605529785,-2.423828125,76.66565252305816
83,qwen,3,Qwen2.5-7B,0.9077855649082036,11.166325569152832,-2.3515625,76.39783563001521
83,qwen,4,Qwen2.5-7B,0.8722218919011063,11.692024230957031,-2.427734375,75.06525206053153
84,qwen,0,Qwen2.5-7B,0.8944437609996259,7.722769260406494,-1.974609375,75.64864389055809
84,qwen,1,Qwen2.5-7B,0.8426306550908942,9.552071571350098,-2.205078125,72.82544979674584
84,qwen,2,Qwen2.5-7B,0.934936962607872,8.268856048583984,-2.03125,76.25507642658017
84,qwen,3,Qwen2.5-7B,0.8611624917862692,8.02173137664795,-2.01171875,74.01560508485937
84,qwen,4,Qwen2.5-7B,0.876972348434643,5.960472106933594,-1.6982421875,74.51207287857868
85,qwen,0,Qwen2.5-7B,0.8449335456471824,8.305224418640137,-1.994140625,72.82075011001695
85,qwen,1,Qwen2.5-7B,0.7938034025807366,7.185403347015381,-1.9833984375,67.48377150024999
85,qwen,2,Qwen2.5-7B,0.8886669832037509,7.237399101257324,-1.9150390625,75.35387345632927
85,qwen,3,Qwen2.5-7B,0.9138521234227863,8.790542602539062,-2.119140625,76.27771239699926
85,qwen,4,Qwen2.5-7B,0.8328061342784272,8.92573070526123,-2.21875,71.92039805964825
86,qwen,0,Qwen2.5-7B,0.9056559198317008,12.780749320983887,-2.205078125,76.43670829564964
86,qwen,1,Qwen2.5-7B,0.8633536945016033,13.187349319458008,-2.076171875,74.55595256285137
86,qwen,2,Qwen2.5-7B,0.8678938605473555,13.578042984008789,-2.271484375,74.93367592092815
86,qwen,3,Qwen2.5-7B,0.8893882364195623,13.969432830810547,-2.32421875,76.03306723130652
86,qwen,4,Qwen2.5-7B,0.9071246355503126,13.342069625854492,-2.302734375,76.52422447896855
87,qwen,0,Qwen2.5-7B,0.8946758149633206,14.740949630737305,-2.556640625,76.2304042830342
87,qwen,1,Qwen2.5-7B,0.8850283685455023,12.575904846191406,-2.306640625,75.763867692507
87,qwen,2,Qwen2.5-7B,0.8630424749009412,11.074480056762695,-2.19921875,74.44871241377795
87,qwen,3,Qwen2.5-7B,0.8960179105979423,10.788115501403809,-2.185546875,76.03370659212692
87,qwen,4,Qwen2.5-7B,0.883250501002004,9.295198440551758,-2.171875,75.42838970070535
88,qwen,0,Qwen2.5-7B,0.8386317163791194,9.713752746582031,-2.23828125,72.50445314314372
88,qwen,1,Qwen2.5-7B,0.8905926729953884,10.717617988586426,-2.328125,75.86687937780917
88,qwen,2,Qwen2.5-7B,0.9205228061396542,10.73331356048584,-2.353515625,76.54161792212331
88,qwen,3,Qwen2.5-7B,0.8734877734877734,11.3746337890625,-2.40234375,75.11719476207038
88,qwen,4,Qwen2.5-7B,0.872700909088902,10.373553276062012,-2.3203125,75.0057210774814
89,qwen,0,Qwen2.5-7B,0.9057369212605334,11.115584373474121,-2.3828125,76.35006200392883
89,qwen,1,Qwen2.5-7B,0.893155233567278,8.461427688598633,-2.1328125,75.75017818278172
89,qwen,2,Qwen2.5-7B,0.8505561193758922,9.75969409942627,-2.25390625,73.48741678623082
89,qwen,3,Qwen2.5-7B,0.8735493194351801,10.774970054626465,-2.35546875,75.08176340071086
89,qwen,4,Qwen2.5-7B,0.910134828056355,8.372122764587402,-2.140625,76.19732111968491
90,qwen,0,Qwen2.5-7B,0.8794092043204699,8.275869369506836,-2.01953125,75.09645113484541
90,qwen,1,Qwen2.5-7B,0.6973889272289283,8.196979522705078,-1.986328125,53.58531416937595
90,qwen,2,Qwen2.5-7B,0.7414892812530857,7.780953884124756,-1.96875,60.379083967942684
90,qwen,3,Qwen2.5-7B,0.8190140657800672,9.583548545837402,-2.181640625,70.60769108317012
90,qwen,4,Qwen2.5-7B,0.7493141442523231,9.031335830688477,-2.103515625,61.70556787490117
91,qwen,0,Qwen2.5-7B,0.8705747743551544,10.957074165344238,-2.36328125,74.92699477389674
91,qwen,1,Qwen2.5-7B,0.9013015780031487,10.684091567993164,-2.3203125,76.21064779794536
91,qwen,2,Qwen2.5-7B,0.8506996936317817,14.561585426330566,-2.638671875,73.7397255746675
91,qwen,3,Qwen2.5-7B,0.8910179640718563,9.762397766113281,-2.240234375,75.80301341122946
91,qwen,4,Qwen2.5-7B,0.8702040402715768,9.5465726852417,-2.23046875,74.79064740072069
92,qwen,0,Qwen2.5-7B,0.8948397796840412,5.439120292663574,-1.6669921875,75.19488969870949
92,qwen,1,Qwen2.5-7B,0.8774364645895155,8.22160816192627,-2.076171875,75.026966944684
92,qwen,2,Qwen2.5-7B,0.9039136781150595,5.120517730712891,-1.654296875,75.416599797203
92,qwen,3,Qwen2.5-7B,0.8673747763864044,8.41040325164795,-2.138671875,74.50869562197278
92,qwen,4,Qwen2.5-7B,0.8681348708172882,6.68942403793335,-1.9072265625,74.27936943478986
93,qwen,0,Qwen2.5-7B,0.8682754629090589,14.589351654052734,-2.607421875,74.9585088156752
93,qwen,1,Qwen2.5-7B,0.8959650582362729,12.308903694152832,-2.513671875,76.13732280432758
93,qwen,2,Qwen2.5-7B,0.8641473350610586,9.777316093444824,-2.24609375,74.4416446407836
93,qwen,3,Qwen2.5-7B,0.9355811580538083,9.591012001037598,-2.201171875,76.4250280458595
93,qwen,4,Qwen2.5-7B,0.8746854601531999,11.203828811645508,-2.3828125,75.1720537784018
94,qwen,0,Qwen2.5-7B,0.9463431590656284,10.998029708862305,-2.369140625,76.39503232217629
94,qwen,1,Qwen2.5-7B,0.9599056603773585,9.734945297241211,-2.072265625,75.8664686156615
94,qwen,2,Qwen2.5-7B,0.8973751881172288,12.721755027770996,-2.37109375,76.23465539718241
94,qwen,3,Qwen2.5-7B,0.9509359091298891,14.593560218811035,-2.46484375,76.51265490537926
94,qwen,4,Qwen2.5-7B,0.9606986899563319,12.145831108093262,-2.240234375,76.07068770609365
95,qwen,0,Qwen2.5-7B,0.8717530491997569,9.662407875061035,-2.216796875,74.88407896651157
95,qwen,1,Qwen2.5-7B,0.8653763951629971,11.927101135253906,-2.41015625,74.67669169949741
95,qwen,2,Qwen2.5-7B,0.8478182132542672,15.152202606201172,-2.611328125,73.56659341632246
95,qwen,3,Qwen2.5-7B,0.8885733335782221,10.451382637023926,-2.236328125,75.75631790851936
95,qwen,4,Qwen2.5-7B,0.9140421585761672,11.628406524658203,-2.365234375,76.5352907865718
96,qwen,0,Qwen2.5-7B,0.914629272247662,9.780838012695312,-2.275390625,76.40874930488195
96,qwen,1,Qwen2.5-7B,0.8638303628877323,11.182961463928223,-2.37109375,74.53135147621623
96,qwen,2,Qwen2.5-7B,0.8511524894912138,10.648527145385742,-2.36328125,73.6059035994579
96,qwen,3,Qwen2.5-7B,0.8225066582923767,12.59533405303955,-2.498046875,71.17892956335889
96,qwen,4,Qwen2.5-7B,0.9069108349683889,13.283920288085938,-2.572265625,76.46948796636802
97,qwen,0,Qwen2.5-7B,0.9122101387621243,9.974334716796875,-2.314453125,76.39252173405869
97,qwen,1,Qwen2.5-7B,0.9210427237033185,10.017303466796875,-2.259765625,76.48565825466127
97,qwen,2,Qwen2.5-7B,0.8855791899435164,10.010973930358887,-2.341796875,75.61574263202273
97,qwen,3,Qwen2.5-7B,0.8793483281810752,8.758031845092773,-2.146484375,75.19552924356412
97,qwen,4,Qwen2.5-7B,0.913238408286991,7.831018924713135,-1.982421875,76.11840897890995
98,qwen,0,Qwen2.5-7B,0.8864234485806698,12.750395774841309,-2.357421875,75.83721749521565
98,qwen,1,Qwen2.5-7B,0.9062005668206202,14.508419036865234,-2.4765625,76.56389054153017
98,qwen,2,Qwen2.5-7B,0.8411258443785796,16.855838775634766,-2.5859375,73.1263865262108
98,qwen,3,Qwen2.5-7B,0.8524227559781938,9.905327796936035,-2.099609375,73.58476827603141
98,qwen,4,Qwen2.5-7B,0.8591279137633063,10.507429122924805,-2.203125,74.1494152817577
99,qwen,0,Qwen2.5-7B,0.8544062249459106,9.047517776489258,-2.048828125,73.64227115351916
99,qwen,1,Qwen2.5-7B,0.8673193930599449,11.201546669006348,-2.322265625,74.74973579347304
99,qwen,2,Qwen2.5-7B,0.8553256183413745,7.890500545501709,-2.005859375,73.59671485553909
99,qwen,3,Qwen2.5-7B,0.8783197875611101,8.70943832397461,-2.0625,75.10019831699266
99,qwen,4,Qwen2.5-7B,0.8478821079937197,9.430341720581055,-2.0703125,73.18641708241613
100,qwen,0,Qwen2.5-7B,0.7865638876713911,10.876934051513672,-2.330078125,66.98830375061969
100,qwen,1,Qwen2.5-7B,0.8892065070311858,12.916743278503418,-2.494140625,75.94094672142826
100,qwen,2,Qwen2.5-7B,0.8199645892809337,11.670741081237793,-2.423828125,70.8760480107057
100,qwen,3,Qwen2.5-7B,0.8712912239213949,13.116825103759766,-2.53125,75.07871095308066
100,qwen,4,Qwen2.5-7B,0.831149829404735,11.559470176696777,-2.412109375,71.96735917809579
101,qwen,0,Qwen2.5-7B,0.8614772675340984,11.95002269744873,-2.505859375,74.40604401456744
101,qwen,1,Qwen2.5-7B,0.8849493431950383,8.294435501098633,-2.125,75.4113356751787
101,qwen,2,Qwen2.5-7B,0.83910523000149,12.044327735900879,-2.46875,72.70674801190061
101,qwen,3,Qwen2.5-7B,0.7991599144129925,11.341361999511719,-2.44140625,68.55254571639429
101,qwen,4,Qwen2.5-7B,0.8963623764286905,9.388761520385742,-2.19921875,75.95038247659966
102,qwen,0,Qwen2.5-7B,0.8721698063833944,10.145158767700195,-2.314453125,74.95954561465302
102,qwen,1,Qwen2.5-7B,0.9272639880196203,8.878726959228516,-2.169921875,76.39872610397691
102,qwen,2,Qwen2.5-7B,0.8411780616446477,9.975019454956055,-2.265625,72.74777954522659
102,qwen,3,Qwen2.5-7B,0.8155544187997635,9.110369682312012,-2.216796875,70.2222065735609
102,qwen,4,Qwen2.5-7B,0.8733977910524839,7.178772449493408,-1.9873046875,74.67992285191804
103,qwen,0,Qwen2.5-7B,0.9176068376068377,10.856000900268555,-2.296875,76.5216725568175
103,qwen,1,Qwen2.5-7B,0.9026385898973321,13.314517974853516,-2.275390625,76.41466463827732
103,qwen,2,Qwen2.5-7B,0.8729081651766561,11.173856735229492,-2.21875,75.05490089920633
103,qwen,3,Qwen2.5-7B,0.9042047981716715,12.007155418395996,-2.388671875,76.37428661260265
103,qwen,4,Qwen2.5-7B,0.8572240901066552,12.29688835144043,-2.4296875,74.15597204922427
104,qwen,0,Qwen2.5-7B,0.8883806343906511,7.789525032043457,-2.04296875,75.47406348231625
104,qwen,1,Qwen2.5-7B,0.9214875910286887,9.6438627243042,-2.248046875,76.45945823625192
104,qwen,2,Qwen2.5-7B,0.8635634530769694,7.360469341278076,-1.9541015625,74.0829828807901
104,qwen,3,Qwen2.5-7B,0.8763419766736813,9.391495704650879,-2.20703125,75.11096769825566
104,qwen,4,Qwen2.5-7B,0.8081331961442048,7.1914753913879395,-1.966796875,69.1448846925668
105,qwen,0,Qwen2.5-7B,0.8195058744887522,7.422637462615967,-1.966796875,70.38328163471031
105,qwen,1,Qwen2.5-7B,0.9251622172784575,9.964128494262695,-2.255859375,76.49898716604743
105,qwen,2,Qwen2.5-7B,0.8571877231159847,10.072966575622559,-2.302734375,74.00460556125998
105,qwen,3,Qwen2.5-7B,0.7795523613789989,7.712253570556641,-2.0390625,65.76186115961168
105,qwen,4,Qwen2.5-7B,0.8994251821476953,11.062034606933594,-2.337890625,76.18537699867771
106,qwen,0,Qwen2.5-7B,0.8665276290882419,8.904641151428223,-2.15234375,74.49886941781291
106,qwen,1,Qwen2.5-7B,0.8929026584650194,10.996345520019531,-2.265625,75.96325993852845
106,qwen,2,Qwen2.5-7B,0.898144739225946,9.44853687286377,-2.173828125,76.00152101782113
106,qwen,3,Qwen2.5-7B,0.8563232004211081,11.289237976074219,-2.201171875,74.00654321165571
106,qwen,4,Qwen2.5-7B,0.869004035835218,7.996434688568115,-2.037109375,74.5232825552769
107,qwen,0,Qwen2.5-7B,0.8284955589122939,10.253315925598145,-2.275390625,71.62305644939288
107,qwen,1,Qwen2.5-7B,0.8573118880390614,8.557435989379883,-1.916015625,73.72211806121254
107,qwen,2,Qwen2.5-7B,0.8814433246608251,9.488299369812012,-2.12890625,75.34174539031261
107,qwen,3,Qwen2.5-7B,0.8461093972280407,8.618660926818848,-2.14453125,73.02155214503914
107,qwen,4,Qwen2.5-7B,0.8816489842561263,12.81092357635498,-2.3828125,75.62835671548625
108,qwen,0,Qwen2.5-7B,0.8871058266458581,8.483077049255371,-2.08984375,75.49989515152869
108,qwen,1,Qwen2.5-7B,0.8515240175832824,9.142915725708008,-2.15625,73.48749226969278
108,qwen,2,Qwen2.5-7B,0.873168064623581,9.512853622436523,-2.23828125,74.9578758887277
108,qwen,3,Qwen2.5-7B,0.8443787331555193,7.0375285148620605,-1.9677734375,72.66116942076464
108,qwen,4,Qwen2.5-7B,0.7968385953583321,11.854787826538086,-2.384765625,68.31801840403804
109,qwen,0,Qwen2.5-7B,0.8667760106419466,7.939326286315918,-2.072265625,74.40489033015227
109,qwen,1,Qwen2.5-7B,0.8360928329951107,6.206594467163086,-1.7841796875,71.72785943663642
109,qwen,2,Qwen2.5-7B,0.7682682062163398,6.343316078186035,-1.7900390625,63.94796628436393
109,qwen,3,Qwen2.5-7B,0.8468658249464296,7.105804920196533,-1.90234375,72.81717792977749
109,qwen,4,Qwen2.5-7B,0.8363440829672271,7.376399517059326,-1.9775390625,72.00615504538781
110,qwen,0,Qwen2.5-7B,0.8190736048544296,9.232120513916016,-2.11328125,70.56068454777284
110,qwen,1,Qwen2.5-7B,0.7770040375629451,7.665327072143555,-1.9462890625,65.36079047467526
110,qwen,2,Qwen2.5-7B,0.8956245561429811,8.30536937713623,-1.958984375,75.72030090499084
110,qwen,3,Qwen2.5-7B,0.8918109856815244,9.726339340209961,-2.181640625,75.81290266053097
110,qwen,4,Qwen2.5-7B,0.8582203978229752,8.154263496398926,-2.005859375,73.82141274351048
111,qwen,0,Qwen2.5-7B,0.9060386972388625,11.371849060058594,-2.38671875,76.37395788552512
111,qwen,1,Qwen2.5-7B,0.9184007673322339,8.589216232299805,-2.12109375,76.31647631814852
111,qwen,2,Qwen2.5-7B,0.8366772034941545,8.55701732635498,-2.11328125,72.20425735637822
111,qwen,3,Qwen2.5-7B,0.9089436933590848,7.889268398284912,-2.037109375,76.08623361052885
111,qwen,4,Qwen2.5-7B,0.9109080764402288,9.171479225158691,-2.2109375,76.29433685341643
112,qwen,0,Qwen2.5-7B,0.9006268013233898,9.24547290802002,-2.162109375,76.05415850601808
112,qwen,1,Qwen2.5-7B,0.9133832627808532,11.843974113464355,-2.431640625,76.53456923027996
112,qwen,2,Qwen2.5-7B,0.9184082310731387,9.141510009765625,-2.205078125,76.38871490475933
112,qwen,3,Qwen2.5-7B,0.8809910462406476,8.277914047241211,-2.1171875,75.22655782769776
112,qwen,4,Qwen2.5-7B,0.9058552382063774,10.130050659179688,-2.345703125,76.28489899151008
113,qwen,0,Qwen2.5-7B,0.8503881372254459,8.691526412963867,-2.087890625,73.3369815786953
113,qwen,1,Qwen2.5-7B,0.8786741670563569,8.918468475341797,-2.154296875,75.17711126839536
113,qwen,2,Qwen2.5-7B,0.9039266285395453,8.149588584899902,-2.013671875,75.98267237420261
113,qwen,3,Qwen2.5-7B,0.8648256482119951,9.017448425292969,-2.107421875,74.38116115697406
113,qwen,4,Qwen2.5-7B,0.8898535199113234,7.966015338897705,-2.0546875,75.55205727478291
114,qwen,0,Qwen2.5-7B,0.8682734636466978,12.716970443725586,-2.392578125,74.90766438129145
114,qwen,1,Qwen2.5-7B,0.8740712291009862,11.562967300415039,-2.271484375,75.15674218926495
114,qwen,2,Qwen2.5-7B,0.8959627027986728,8.00014591217041,-1.91796875,75.67701923107104
114,qwen,3,Qwen2.5-7B,0.8537027220525442,12.534831047058105,-2.318359375,73.92211731676579
114,qwen,4,Qwen2.5-7B,0.8849697694683478,11.965814590454102,-2.349609375,75.7237163833915
115,qwen,0,Qwen2.5-7B,0.8498366361679809,7.549256324768066,-2.017578125,73.16869447290662
115,qwen,1,Qwen2.5-7B,0.920192766952837,11.09161376953125,-2.416015625,76.56015939407062
115,qwen,2,Qwen2.5-7B,0.884689435400552,8.576793670654297,-2.076171875,75.39685298726046
115,qwen,3,Qwen2.5-7B,0.9194102112676056,9.727765083312988,-2.265625,76.45421763649742
115,qwen,4,Qwen2.5-7B,0.8851180912236342,9.438232421875,-2.173828125,75.52207196939366
116,qwen,0,Qwen2.5-7B,0.843253762249939,9.97859001159668,-2.2265625,72.91379020145715
116,qwen,1,Qwen2.5-7B,0.8925420504003283,10.315010070800781,-2.3046875,75.90872409786697
116,qwen,2,Qwen2.5-7B,0.958005249343832,13.385154724121094,-2.537109375,76.21827804601352
116,qwen,3,Qwen2.5-7B,0.8571658890026933,10.298378944396973,-2.28125,74.01615828524989
116,qwen,4,Qwen2.5-7B,0.8733965947977242,8.939469337463379,-2.146484375,74.89927226893941
117,qwen,0,Qwen2.5-7B,0.802476264184658,10.709836959838867,-2.357421875,68.90438653305765
117,qwen,1,Qwen2.5-7B,0.853461847416379,7.957905292510986,-2.033203125,73.48305238737505
117,qwen,2,Qwen2.5-7B,0.9051814826300844,8.759124755859375,-2.15625,76.1314273418905
117,qwen,3,Qwen2.5-7B,0.8564746976309473,9.052518844604492,-2.146484375,73.84023139571637
117,qwen,4,Qwen2.5-7B,0.9217150121345199,10.059061050415039,-2.283203125,76.496718640002
118,qwen,0,Qwen2.5-7B,0.9573091150920653,7.677652835845947,-2.03125,75.77517752798994
118,qwen,1,Qwen2.5-7B,0.9361596739876845,11.692941665649414,-2.384765625,76.58887005572178
118,qwen,2,Qwen2.5-7B,0.8631385966688513,5.795929908752441,-1.7607421875,73.76174381813237
118,qwen,3,Qwen2.5-7B,0.9164516172454789,11.027483940124512,-2.298828125,76.52139225143003
118,qwen,4,Qwen2.5-7B,0.9229992446256785,11.665692329406738,-2.38671875,76.61836871001431
119,qwen,0,Qwen2.5-7B,0.8716839549468872,11.925920486450195,-2.1953125,75.03005705157678
119,qwen,1,Qwen2.5-7B,0.9285335671036268,12.88648509979248,-2.310546875,76.7060309455871
119,qwen,2,Qwen2.5-7B,0.9105531546178935,11.84826946258545,-2.283203125,76.49046335426416
119,qwen,3,Qwen2.5-7B,0.7889528905849167,14.333224296569824,-2.451171875,67.50330354485762
119,qwen,4,Qwen2.5-7B,0.8986673693496441,12.470510482788086,-2.326171875,76.25678989090197
120,qwen,0,Qwen2.5-7B,0.8568996746597497,7.768637657165527,-2.05859375,73.73226388825657
120,qwen,1,Qwen2.5-7B,0.8242998535575419,10.052130699157715,-2.296875,71.20310384539158
120,qwen,2,Qwen2.5-7B,0.852139228331868,5.941791534423828,-1.8017578125,73.0447060698182
120,qwen,3,Qwen2.5-7B,0.8661965907816531,10.663410186767578,-2.33984375,74.64473623159063
120,qwen,4,Qwen2.5-7B,0.8438053074553538,16.48501968383789,-2.80859375,73.16487200230809
121,qwen,0,Qwen2.5-7B,0.7620972347262635,9.59998893737793,-2.212890625,63.61544447548132
121,qwen,1,Qwen2.5-7B,0.9231055524155651,7.642373085021973,-2.0234375,76.22466500041887
121,qwen,2,Qwen2.5-7B,0.8635137626658463,8.523018836975098,-2.060546875,74.23665553000862
121,qwen,3,Qwen2.5-7B,0.8466946673769434,10.607590675354004,-2.31640625,73.25379545476474
121,qwen,4,Qwen2.5-7B,0.8293420778702725,8.01437759399414,-2.00390625,71.42761991686706
122,qwen,0,Qwen2.5-7B,0.8551390840147672,8.03741455078125,-2.05078125,73.62207724584465
122,qwen,1,Qwen2.5-7B,0.8565150210549054,7.994306564331055,-2.03125,73.70580583580099
122,qwen,2,Qwen2.5-7B,0.889026908359484,12.554853439331055,-2.505859375,75.90697633476117
122,qwen,3,Qwen2.5-7B,0.8862213070074496,9.76552677154541,-2.240234375,75.61231688302334
122,qwen,4,Qwen2.5-7B,0.9168882782869445,9.32956600189209,-2.171875,76.37615512727136
123,qwen,0,Qwen2.5-7B,0.8753998147303849,9.845995903015137,-2.208984375,75.09462594774068
123,qwen,1,Qwen2.5-7B,0.8328262671658756,8.03415298461914,-2.0,71.75248078682927
123,qwen,2,Qwen2.5-7B,0.8969225853424869,12.224726676940918,-2.4140625,76.18491740680929
123,qwen,3,Qwen2.5-7B,0.8574444387751241,11.982943534851074,-2.357421875,74.15640075024658
123,qwen,4,Qwen2.5-7B,0.8973500825233817,10.575289726257324,-2.3203125,76.08882456193554
124,qwen,0,Qwen2.5-7B,0.9333333333333333,16.504283905029297,-2.99609375,76.45445255427673
124,qwen,1,Qwen2.5-7B,1.0,32.20025634765625,-3.357421875,73.57658547518515
124,qwen,2,Qwen2.5-7B,0.9813084112149533,3.9886484146118164,-1.3740234375,73.7416617815589
124,qwen,3,Qwen2.5-7B,1.0,7.3449506759643555,-2.029296875,73.53466090916336
124,qwen,4,Qwen2.5-7B,0.9019607843137255,13.966869354248047,-2.681640625,76.3308239183684
125,qwen,0,Qwen2.5-7B,0.9000620979159939,9.03652286529541,-2.205078125,76.0378447002088
125,qwen,1,Qwen2.5-7B,0.8857561002843277,11.035982131958008,-2.353515625,75.69491203826004
125,qwen,2,Qwen2.5-7B,0.89161488791423,8.534712791442871,-2.09765625,75.68375950242044
125,qwen,3,Qwen2.5-7B,0.8930825693142386,10.75439739227295,-2.33203125,75.96063613739464
125,qwen,4,Qwen2.5-7B,0.8835223194745384,8.57620620727539,-2.103515625,75.35905936100633
126,qwen,0,Qwen2.5-7B,0.8218560816585091,7.153926849365234,-1.8603515625,70.51667466607309
126,qwen,1,Qwen2.5-7B,0.9022895606824131,6.8683295249938965,-1.810546875,75.68040456594821
126,qwen,2,Qwen2.5-7B,0.859938115864962,8.046550750732422,-2.033203125,73.94862826206682
126,qwen,3,Qwen2.5-7B,0.877952459429824,8.39467716217041,-2.0546875,75.0540661718014
126,qwen,4,Qwen2.5-7B,0.9134157744327236,10.15827465057373,-2.21875,76.4064538785816
127,qwen,0,Qwen2.5-7B,0.8752383088482673,8.580832481384277,-2.0234375,74.90848129752844
127,qwen,1,Qwen2.5-7B,0.8710357940902972,9.644340515136719,-2.13671875,74.81376149661097
127,qwen,2,Qwen2.5-7B,0.9019499168640097,9.470433235168457,-2.14453125,76.09902529092606
127,qwen,3,Qwen2.5-7B,0.8964445736443419,13.002671241760254,-2.4453125,76.2154024775554
128,qwen,0,Qwen2.5-7B,0.8409281520827508,9.251086235046387,-2.240234375,72.66942780025992
128,qwen,1,Qwen2.5-7B,0.90744326027164,8.02897834777832,-2.09375,76.09844141393566
128,qwen,2,Qwen2.5-7B,0.8486193143653437,9.969696044921875,-2.3359375,73.36254667105275
128,qwen,3,Qwen2.5-7B,0.9696969696969697,18.642553329467773,-3.0,75.65189429373537
128,qwen,4,Qwen2.5-7B,0.9041599305176288,11.321413040161133,-2.427734375,76.32297781945655
129,qwen,0,Qwen2.5-7B,0.9118870241506345,9.953405380249023,-2.275390625,76.38110494568492
129,qwen,1,Qwen2.5-7B,0.8892219419821122,10.703113555908203,-2.33203125,75.81330215453613
129,qwen,2,Qwen2.5-7B,0.9228857829937088,11.043630599975586,-2.388671875,76.57556198017261
129,qwen,3,Qwen2.5-7B,0.8881913356756854,9.513481140136719,-2.248046875,75.67724309489498
129,qwen,4,Qwen2.5-7B,0.849958379413551,10.93168830871582,-2.37109375,73.53390055552627
130,qwen,0,Qwen2.5-7B,0.7170294494238156,6.348477363586426,-1.9072265625,56.48674719942238
130,qwen,1,Qwen2.5-7B,0.307804163653452,11.017229080200195,-2.388671875,13.923576480883064
130,qwen,2,Qwen2.5-7B,0.8224786522293511,11.867327690124512,-2.470703125,71.13566900472821
130,qwen,3,Qwen2.5-7B,0.8133741669384619,8.310786247253418,-2.17578125,69.91747019218553
130,qwen,4,Qwen2.5-7B,0.8071186205165444,5.879509449005127,-1.765625,68.75267709958557
131,qwen,0,Qwen2.5-7B,0.8535992618171547,10.147998809814453,-2.279296875,73.74816204857204
131,qwen,1,Qwen2.5-7B,0.8205498197814037,6.5796027183532715,-1.865234375,70.34401736450928
131,qwen,2,Qwen2.5-7B,0.8768719870427988,9.46049690246582,-2.2421875,75.15258000394626
131,qwen,3,Qwen2.5-7B,0.83058318902846,12.345391273498535,-2.4765625,71.95448724548955
131,qwen,4,Qwen2.5-7B,0.8613892317945229,8.925594329833984,-2.158203125,74.17367492409088
132,qwen,0,Qwen2.5-7B,0.8912492285961923,10.51108455657959,-2.3359375,75.87752080595384
132,qwen,1,Qwen2.5-7B,0.9066338057095913,8.976038932800293,-2.1796875,76.18813034837719
132,qwen,2,Qwen2.5-7B,0.9011529743891106,10.0777587890625,-2.314453125,76.16374933930435
132,qwen,3,Qwen2.5-7B,0.8246451432029102,8.673576354980469,-2.12109375,71.08678251285875
132,qwen,4,Qwen2.5-7B,0.8145125552588576,8.365495681762695,-2.119140625,70.02058675774067
133,qwen,0,Qwen2.5-7B,0.8893126614037183,10.507453918457031,-2.373046875,75.80353968905882
133,qwen,1,Qwen2.5-7B,0.8327442454060541,8.55172061920166,-2.1640625,71.86945330382311
133,qwen,2,Qwen2.5-7B,0.8717479804300831,10.908077239990234,-2.400390625,74.98863572045649
133,qwen,3,Qwen2.5-7B,0.8641308955429543,8.623939514160156,-2.185546875,74.34012418796061
133,qwen,4,Qwen2.5-7B,0.8632474003466205,8.725545883178711,-2.15625,74.28014151737618
134,qwen,0,Qwen2.5-7B,0.895283116173231,9.337204933166504,-2.201171875,75.91219010867538
134,qwen,1,Qwen2.5-7B,0.9093093874718029,10.692097663879395,-2.287109375,76.39004271282857
134,qwen,2,Qwen2.5-7B,0.8550960145553888,9.800055503845215,-2.18359375,73.80909996683576
134,qwen,3,Qwen2.5-7B,0.8818060090927043,11.477638244628906,-2.400390625,75.54649374529822
134,qwen,4,Qwen2.5-7B,0.8771599317285254,12.292805671691895,-2.408203125,75.372583039682
135,qwen,0,Qwen2.5-7B,0.8588486942057134,6.494508266448975,-1.8486328125,73.61502242773888
135,qwen,1,Qwen2.5-7B,0.7764154570969609,7.490002632141113,-1.98046875,65.29460532285462
135,qwen,2,Qwen2.5-7B,0.8348393794906726,8.301799774169922,-2.083984375,72.00614400509339
135,qwen,3,Qwen2.5-7B,0.8673781297168558,8.853137016296387,-2.177734375,74.55664227527814
135,qwen,4,Qwen2.5-7B,0.8501309281350015,7.282303333282471,-1.9609375,73.13226576049988
136,qwen,0,Qwen2.5-7B,0.9422235528942116,11.312562942504883,-2.42578125,76.48412305667424
136,qwen,1,Qwen2.5-7B,0.9057386048073569,10.365212440490723,-2.337890625,76.29860155448915
136,qwen,2,Qwen2.5-7B,0.9067914824960924,9.9187650680542,-2.296875,76.28684761018641
136,qwen,3,Qwen2.5-7B,0.8813826362595273,8.304038047790527,-2.107421875,75.24239667395116
136,qwen,4,Qwen2.5-7B,0.8580403641634952,10.299554824829102,-2.310546875,74.0810412342909
137,qwen,0,Qwen2.5-7B,0.8983966126811841,10.298545837402344,-2.28125,76.09694414550249
137,qwen,1,Qwen2.5-7B,0.8948530817030412,8.631874084472656,-2.1328125,75.82108372354
137,qwen,2,Qwen2.5-7B,0.9182823478281865,8.22059440612793,-1.98046875,76.20653325951109
137,qwen,3,Qwen2.5-7B,0.8658006600301495,10.480198860168457,-2.291015625,74.6033900695614
137,qwen,4,Qwen2.5-7B,0.9048837852794688,8.607775688171387,-2.10546875,76.09120181331195
138,qwen,0,Qwen2.5-7B,0.8191299976753842,11.606599807739258,-2.37109375,70.79038008372044
138,qwen,1,Qwen2.5-7B,0.8634215500945179,10.705389976501465,-2.33203125,74.47187621944657
138,qwen,2,Qwen2.5-7B,0.8435946592743394,10.698580741882324,-2.244140625,72.99674582445336
138,qwen,3,Qwen2.5-7B,0.6913404429688341,7.405659198760986,-1.9365234375,52.522967843446075
138,qwen,4,Qwen2.5-7B,0.8112233077612397,9.944931983947754,-2.271484375,69.8279471907711
139,qwen,0,Qwen2.5-7B,0.8836246328662911,9.761378288269043,-2.083984375,75.43978339104763
139,qwen,1,Qwen2.5-7B,0.9382337230696184,12.650983810424805,-2.291015625,76.62720757756964
139,qwen,2,Qwen2.5-7B,0.9149304105384358,12.276894569396973,-2.33203125,76.5896468421684
139,qwen,3,Qwen2.5-7B,0.9271512910728129,12.562338829040527,-2.373046875,76.68772317256838
139,qwen,4,Qwen2.5-7B,0.9176707236685626,8.333413124084473,-2.001953125,76.223668240769
140,qwen,0,Qwen2.5-7B,0.9397281463688454,9.016936302185059,-2.154296875,76.32245803203669
140,qwen,1,Qwen2.5-7B,0.8939648578176559,9.952947616577148,-2.263671875,75.92720658500029
140,qwen,2,Qwen2.5-7B,0.8679798305968851,9.994834899902344,-2.251953125,74.69606305329113
140,qwen,3,Qwen2.5-7B,0.934848930874836,12.610892295837402,-2.45703125,76.65077258663949
140,qwen,4,Qwen2.5-7B,0.9469771818395671,11.215825080871582,-2.31640625,76.39579815317954
141,qwen,0,Qwen2.5-7B,0.8143518393028646,7.538218975067139,-2.111328125,69.93772275171911
141,qwen,1,Qwen2.5-7B,0.8221885532885744,10.662778854370117,-2.375,71.0379276639712
141,qwen,2,Qwen2.5-7B,0.7734786639021616,6.857608795166016,-1.939453125,64.82508413619763
141,qwen,3,Qwen2.5-7B,0.8652984143990913,9.330063819885254,-2.21484375,74.47459872714428
141,qwen,4,Qwen2.5-7B,0.8685177526793182,9.139188766479492,-2.318359375,74.67640989737632
142,qwen,0,Qwen2.5-7B,0.8333043636233664,13.84948444366455,-2.55859375,72.27463862403327
142,qwen,1,Qwen2.5-7B,0.9126020914434013,11.872636795043945,-2.36328125,76.5307904962421
142,qwen,2,Qwen2.5-7B,0.8518810283008563,10.637787818908691,-2.31640625,73.65873395630052
142,qwen,3,Qwen2.5-7B,0.7743321173525173,8.276876449584961,-2.060546875,65.12743196229195
142,qwen,4,Qwen2.5-7B,0.8843385976795392,7.698572635650635,-1.9765625,75.2539119398248
143,qwen,0,Qwen2.5-7B,0.8696548940803889,8.739523887634277,-2.111328125,74.65676288218029
143,qwen,1,Qwen2.5-7B,0.8617944456822423,8.538893699645996,-2.11328125,74.15286373401962
143,qwen,2,Qwen2.5-7B,0.8726737050207993,7.894809722900391,-2.060546875,74.74005789982216
143,qwen,3,Qwen2.5-7B,0.8635110701492866,8.20533275604248,-2.05859375,74.21180822641449
143,qwen,4,Qwen2.5-7B,0.8899016716066864,9.194746017456055,-2.154296875,75.6928713200042
144,qwen,0,Qwen2.5-7B,0.9001490795955406,11.453497886657715,-2.375,76.2325499533176
144,qwen,1,Qwen2.5-7B,0.8806627841188995,8.765329360961914,-2.078125,75.2274902428423
144,qwen,2,Qwen2.5-7B,0.8262355962126364,8.980707168579102,-2.17578125,71.2876650809344
144,qwen,3,Qwen2.5-7B,0.8878692146650573,10.043703079223633,-2.19140625,75.68668052564615
144,qwen,4,Qwen2.5-7B,0.8490428034127345,9.427607536315918,-2.146484375,73.31368582033151
145,qwen,0,Qwen2.5-7B,0.9008598676324977,7.494734764099121,-1.9326171875,75.79667767668924
145,qwen,1,Qwen2.5-7B,0.8061815354896464,7.212838172912598,-1.8984375,68.87413756320062
145,qwen,2,Qwen2.5-7B,0.8524212361733985,10.719301223754883,-2.30859375,73.70424748792637
145,qwen,3,Qwen2.5-7B,0.833621134303307,10.425349235534668,-2.29296875,72.11729830645268
145,qwen,4,Qwen2.5-7B,0.8634874780483598,8.173276901245117,-2.072265625,74.21548725701068
146,qwen,0,Qwen2.5-7B,0.8690470864483384,9.625514030456543,-2.134765625,74.69584651968542
146,qwen,1,Qwen2.5-7B,0.8956255178127589,10.057459831237793,-2.216796875,75.97947048489685
146,qwen,2,Qwen2.5-7B,0.9163602604170659,12.112000465393066,-2.3515625,76.59663131983295
146,qwen,3,Qwen2.5-7B,0.8437751344640818,10.702909469604492,-2.3125,73.02266478199034
146,qwen,4,Qwen2.5-7B,0.8150013333539345,12.750295639038086,-2.44921875,70.42389377673254
147,qwen,0,Qwen2.5-7B,0.8691946989696162,8.87572193145752,-2.212890625,74.67825650151435
147,qwen,1,Qwen2.5-7B,0.8455511072275402,14.820743560791016,-2.689453125,73.31585902687503
147,qwen,2,Qwen2.5-7B,0.8698297738762297,11.39289665222168,-2.470703125,74.8997870952017
147,qwen,3,Qwen2.5-7B,0.8530731513713564,10.947896003723145,-2.404296875,73.76845947537409
148,qwen,0,Qwen2.5-7B,0.9154659920293917,9.095895767211914,-2.259765625,76.36727881132818
148,qwen,1,Qwen2.5-7B,0.9653679653679653,9.155485153198242,-2.259765625,75.69628027678701
148,qwen,2,Qwen2.5-7B,0.8216574202271674,11.411127090454102,-2.4765625,71.02070349141516
148,qwen,3,Qwen2.5-7B,0.8945195868635429,9.118265151977539,-2.232421875,75.87944461280603
148,qwen,4,Qwen2.5-7B,0.881086594209893,10.776895523071289,-2.40234375,75.46463744804574
149,qwen,0,Qwen2.5-7B,0.8946997403608302,9.393940925598145,-2.23046875,75.90499145238977
149,qwen,1,Qwen2.5-7B,0.8188431269949893,8.550962448120117,-2.1328125,70.49586948149621
149,qwen,2,Qwen2.5-7B,0.8052792787426671,8.485197067260742,-2.140625,69.0204608100105
149,qwen,3,Qwen2.5-7B,0.8772973554469291,7.501688480377197,-1.9951171875,74.9165899766435
149,qwen,4,Qwen2.5-7B,0.9120237622731917,12.334160804748535,-2.388671875,76.55122993451356
150,qwen,0,Qwen2.5-7B,0.907076525768347,8.54789924621582,-2.158203125,76.15818874916158
150,qwen,1,Qwen2.5-7B,0.9002214765290842,9.81212329864502,-2.25390625,76.11049984126727
150,qwen,2,Qwen2.5-7B,0.9095079370276173,9.451645851135254,-2.2421875,76.29784188260788
150,qwen,3,Qwen2.5-7B,0.9077430706347337,14.136975288391113,-2.6640625,76.48772591394906
150,qwen,4,Qwen2.5-7B,0.8932225912815817,9.208857536315918,-2.19921875,75.83204346969377
151,qwen,0,Qwen2.5-7B,0.8887026934079505,14.426072120666504,-2.642578125,75.94733567724893
151,qwen,1,Qwen2.5-7B,0.7304945734789833,7.957991123199463,-2.078125,58.80429274043695
151,qwen,2,Qwen2.5-7B,0.8924201280632941,10.945425987243652,-2.37890625,75.95024543319572
151,qwen,3,Qwen2.5-7B,0.8134108777941487,8.617210388183594,-2.13671875,69.92882333487667
151,qwen,4,Qwen2.5-7B,0.7953506442938526,11.559693336486816,-2.4375,68.11350254650843
152,qwen,0,Qwen2.5-7B,0.9538764616166752,12.978568077087402,-2.58203125,76.29481757021279
152,qwen,1,Qwen2.5-7B,0.882073012956331,11.810135841369629,-2.5,75.56152729698796
152,qwen,2,Qwen2.5-7B,0.8129615704801874,8.582575798034668,-2.203125,69.90207698731221
152,qwen,3,Qwen2.5-7B,0.9332372965649706,10.027735710144043,-2.337890625,76.49716611700427
152,qwen,4,Qwen2.5-7B,0.9763313609467456,9.971902847290039,-2.3203125,75.27587026443756
153,qwen,0,Qwen2.5-7B,0.8774880200462407,6.210633277893066,-1.6767578125,74.53379124600139
153,qwen,1,Qwen2.5-7B,0.8860555798204205,7.488852500915527,-1.892578125,75.24727086111476
153,qwen,2,Qwen2.5-7B,0.841413021062325,8.183921813964844,-2.109375,72.58563961760557
153,qwen,3,Qwen2.5-7B,0.7994530526396783,8.92438793182373,-2.044921875,68.32983068813623
153,qwen,4,Qwen2.5-7B,0.9312497234565715,9.49434757232666,-2.103515625,76.40682898904043
154,qwen,0,Qwen2.5-7B,0.901459736525123,6.482538223266602,-1.7607421875,75.57901037910318
154,qwen,1,Qwen2.5-7B,0.9029337900732674,9.293990135192871,-2.1328125,76.10664347980297
154,qwen,2,Qwen2.5-7B,0.9387326104412427,11.848184585571289,-2.42578125,76.56790450161876
154,qwen,3,Qwen2.5-7B,0.9280738090755037,7.722089767456055,-1.9736328125,76.20603569411333
154,qwen,4,Qwen2.5-7B,0.8986837675967357,8.819853782653809,-2.07421875,75.92713486649984
155,qwen,0,Qwen2.5-7B,0.8933039606103557,9.249953269958496,-2.220703125,75.84410282629159
155,qwen,1,Qwen2.5-7B,0.8438166893032062,9.302729606628418,-2.169921875,72.89436846932243
155,qwen,2,Qwen2.5-7B,0.8863004060395304,10.377754211425781,-2.2578125,75.66267615880214
155,qwen,3,Qwen2.5-7B,0.8859855156344333,12.191112518310547,-2.380859375,75.78164641983805
155,qwen,4,Qwen2.5-7B,0.8990183192310852,9.930689811706543,-2.138671875,76.04816407436769
156,qwen,0,Qwen2.5-7B,0.828094420066896,6.146367073059082,-1.8115234375,71.00850100681373
156,qwen,1,Qwen2.5-7B,0.8569497774273567,8.231842994689941,-2.06640625,73.77487620631499
156,qwen,2,Qwen2.5-7B,0.8564416633740012,7.79356050491333,-2.046875,73.69490436363053
156,qwen,3,Qwen2.5-7B,0.7648674179530401,6.844189167022705,-1.9072265625,63.62483117073357
156,qwen,4,Qwen2.5-7B,0.9018256596302905,8.157801628112793,-2.041015625,75.94716471496213
157,qwen,0,Qwen2.5-7B,0.8717557705432639,8.534218788146973,-2.171875,74.78785507159621
157,qwen,1,Qwen2.5-7B,0.8809812801932367,7.65553617477417,-2.0390625,75.13783903721938
157,qwen,2,Qwen2.5-7B,0.7545400105338345,7.495570659637451,-1.966796875,62.26394364677484
157,qwen,3,Qwen2.5-7B,0.8272199350188715,7.433474540710449,-1.99609375,71.17509584263286
157,qwen,4,Qwen2.5-7B,0.7174340598710347,6.724096775054932,-1.8994140625,56.57259421510379
158,qwen,0,Qwen2.5-7B,0.8944979485541606,11.606131553649902,-2.42578125,76.06315900500789
158,qwen,1,Qwen2.5-7B,0.9041354338869132,15.736830711364746,-2.701171875,76.4756702846117
158,qwen,2,Qwen2.5-7B,0.8703339084033782,11.183672904968262,-2.400390625,74.92659347918233
158,qwen,3,Qwen2.5-7B,0.8574553083223604,13.363166809082031,-2.552734375,74.20555736859413
158,qwen,4,Qwen2.5-7B,0.902597358170718,10.80923843383789,-2.3984375,76.25271546788748
159,qwen,0,Qwen2.5-7B,0.8764572166436551,10.321651458740234,-2.234375,75.19046675206056
159,qwen,1,Qwen2.5-7B,0.9397585714423466,10.79619312286377,-2.267578125,76.4809436155081
159,qwen,2,Qwen2.5-7B,0.9146722050064834,7.632277965545654,-1.986328125,76.125962198938
159,qwen,3,Qwen2.5-7B,0.8445391496985161,7.182385444641113,-1.8857421875,72.62088815505354
159,qwen,4,Qwen2.5-7B,0.9361644363840993,6.577242851257324,-1.8564453125,75.98347519673428
160,qwen,0,Qwen2.5-7B,0.9146395400265369,10.014554977416992,-2.251953125,76.42113669553245
160,qwen,1,Qwen2.5-7B,0.8784187306440243,7.805761337280273,-1.99609375,74.99690961952949
160,qwen,2,Qwen2.5-7B,0.9184989064118798,9.575130462646484,-2.197265625,76.41844588185864
160,qwen,3,Qwen2.5-7B,0.8878494251976407,10.569043159484863,-2.29296875,75.74579970872861
160,qwen,4,Qwen2.5-7B,0.8404708288474687,11.730047225952148,-2.40234375,72.81449536106722
161,qwen,0,Qwen2.5-7B,0.8742869857703793,8.767400741577148,-2.130859375,74.92857865642125
161,qwen,1,Qwen2.5-7B,0.8723510169250464,7.727711200714111,-1.9912109375,74.66625554552948
161,qwen,2,Qwen2.5-7B,0.8720998137485544,9.029906272888184,-2.1953125,74.85157327936207
161,qwen,3,Qwen2.5-7B,0.8984653593847172,8.137862205505371,-2.0859375,75.87641181485488
161,qwen,4,Qwen2.5-7B,0.8862745445900779,8.342048645019531,-2.103515625,75.46157420081447
162,qwen,0,Qwen2.5-7B,0.8571344124472727,10.578725814819336,-2.375,74.03881085269498
162,qwen,1,Qwen2.5-7B,0.8610793743851857,12.761024475097656,-2.509765625,74.4313566128901
162,qwen,2,Qwen2.5-7B,0.8196128579168684,10.974664688110352,-2.38671875,70.79647794022799
162,qwen,3,Qwen2.5-7B,0.8838145520541165,10.834976196289062,-2.404296875,75.59391513613912
162,qwen,4,Qwen2.5-7B,0.8137198973969987,8.086663246154785,-2.11328125,69.91217510794111
163,qwen,0,Qwen2.5-7B,0.8665469658688421,9.823877334594727,-2.2734375,74.60072717718862
163,qwen,1,Qwen2.5-7B,0.926498474729986,9.768046379089355,-2.236328125,76.48275722626009
163,qwen,2,Qwen2.5-7B,0.8420256877991152,11.781335830688477,-2.416015625,72.94833485836196
163,qwen,3,Qwen2.5-7B,0.9105954006090518,11.472445487976074,-2.439453125,76.46410556911613
163,qwen,4,Qwen2.5-7B,0.8654732169980085,7.16212272644043,-1.998046875,74.2201971274229
164,qwen,0,Qwen2.5-7B,0.9031447166455776,9.295486450195312,-2.162109375,76.123980570143
164,qwen,1,Qwen2.5-7B,0.8492327867135758,8.729988098144531,-2.138671875,73.27446504694083
164,qwen,2,Qwen2.5-7B,0.8510140177629669,11.407683372497559,-2.373046875,73.64715402325936
164,qwen,3,Qwen2.5-7B,0.871089244481282,10.340768814086914,-2.294921875,74.91004599577852
164,qwen,4,Qwen2.5-7B,0.8412018677152773,7.7356648445129395,-1.9033203125,72.39923615537327
165,qwen,0,Qwen2.5-7B,0.9460288186166464,15.167462348937988,-2.642578125,76.57887638947655
165,qwen,1,Qwen2.5-7B,0.8548365542464361,9.70218276977539,-2.173828125,73.77990293908677
165,qwen,2,Qwen2.5-7B,0.9131632445468085,9.896815299987793,-2.224609375,76.38585420552435
165,qwen,3,Qwen2.5-7B,0.855176020915189,12.017471313476562,-2.427734375,73.99175700683104
165,qwen,4,Qwen2.5-7B,0.8826578209314755,12.067803382873535,-2.3984375,75.62546236238815
166,qwen,0,Qwen2.5-7B,0.923781280095388,8.972138404846191,-2.259765625,76.42437084186155
166,qwen,1,Qwen2.5-7B,0.9263967935871744,12.101605415344238,-2.541015625,76.62139394718108
166,qwen,2,Qwen2.5-7B,0.2634520917918007,70.8663101196289,-4.31640625,6.985899151661193
166,qwen,3,Qwen2.5-7B,0.9456086152777261,8.125309944152832,-2.138671875,76.15656493642632
166,qwen,4,Qwen2.5-7B,0.8654752577003784,12.971394538879395,-2.603515625,74.68899838141965
167,qwen,0,Qwen2.5-7B,0.8974033831337204,13.512221336364746,-2.431640625,76.28005091119093
167,qwen,1,Qwen2.5-7B,0.8183511853641796,12.147727966308594,-2.3984375,70.74411086311109
167,qwen,2,Qwen2.5-7B,0.87483868076165,12.001731872558594,-2.224609375,75.21727996685168
167,qwen,3,Qwen2.5-7B,0.9250977263809054,12.910758018493652,-2.408203125,76.70521128390276
167,qwen,4,Qwen2.5-7B,0.8428110480103764,10.85157299041748,-2.2890625,72.95025380009328
168,qwen,0,Qwen2.5-7B,0.8721018049692225,8.49681282043457,-2.130859375,74.78818559466623
168,qwen,1,Qwen2.5-7B,0.8068683871949591,8.989638328552246,-2.17578125,69.25088822634581
168,qwen,2,Qwen2.5-7B,0.8441000435901473,10.975556373596191,-2.302734375,73.0673051465342
168,qwen,3,Qwen2.5-7B,0.8654996132194205,8.793383598327637,-2.166015625,74.43218276094251
168,qwen,4,Qwen2.5-7B,0.8629006535538948,11.54423999786377,-2.4140625,74.49251049419071
169,qwen,0,Qwen2.5-7B,0.912750028786923,10.524884223937988,-2.306640625,76.43878025349501
169,qwen,1,Qwen2.5-7B,0.8740930874151785,11.171880722045898,-2.380859375,75.13801668098058
169,qwen,2,Qwen2.5-7B,0.9057353776263486,15.698150634765625,-2.697265625,76.51344976065194
169,qwen,3,Qwen2.5-7B,0.8954830653021443,7.8898234367370605,-2.060546875,75.75067968631188
169,qwen,4,Qwen2.5-7B,0.8837135839535514,12.79047966003418,-2.533203125,75.68920959421214
170,qwen,0,Qwen2.5-7B,0.8901951601978008,13.838677406311035,-2.48046875,76.04100066948298
170,qwen,1,Qwen2.5-7B,0.8993555001991709,15.60104751586914,-2.701171875,76.34158584008726
170,qwen,2,Qwen2.5-7B,0.8600639974384606,11.863986015319824,-2.2734375,74.32221777163272
170,qwen,3,Qwen2.5-7B,0.8962544526070129,14.440535545349121,-2.6328125,76.22523981342009
170,qwen,4,Qwen2.5-7B,0.9097613704778065,12.004650115966797,-2.4765625,76.47696084698809
171,qwen,0,Qwen2.5-7B,0.8978090243013803,9.693791389465332,-2.287109375,76.0372387617959
171,qwen,1,Qwen2.5-7B,0.8768391673758053,12.362574577331543,-2.498046875,75.34234375568333
171,qwen,2,Qwen2.5-7B,0.8822799040243778,9.720541000366211,-2.248046875,75.4366764054676
171,qwen,3,Qwen2.5-7B,0.8911062153853059,9.485825538635254,-2.27734375,75.79374205137455
171,qwen,4,Qwen2.5-7B,0.9000863922206819,11.722756385803223,-2.423828125,76.24448727182579
172,qwen,0,Qwen2.5-7B,0.8925160326535297,8.393255233764648,-2.138671875,75.72492623936363
172,qwen,1,Qwen2.5-7B,0.8550426961971105,8.615706443786621,-2.14453125,73.7046948175831
172,qwen,2,Qwen2.5-7B,0.8201043859293682,9.553886413574219,-2.267578125,70.74024406588082
172,qwen,3,Qwen2.5-7B,0.8909426901020331,7.085147380828857,-1.978515625,75.47799756463145
172,qwen,4,Qwen2.5-7B,0.8956876456876457,8.252541542053223,-2.1171875,75.81358265974146
173,qwen,0,Qwen2.5-7B,0.9182263130732125,7.9737372398376465,-2.060546875,76.23820926126082
173,qwen,1,Qwen2.5-7B,0.9175317885357613,6.4225897789001465,-1.84765625,75.95519927412509
173,qwen,2,Qwen2.5-7B,0.9153499899768557,9.290483474731445,-2.08984375,76.31961076604081
173,qwen,3,Qwen2.5-7B,0.8786913108136818,6.9412126541137695,-1.89453125,74.86785381468829
173,qwen,4,Qwen2.5-7B,0.9083466581387912,9.890908241271973,-2.251953125,76.3092773529207
174,qwen,0,Qwen2.5-7B,0.7521825210199975,8.150045394897461,-2.005859375,62.00075487931875
174,qwen,1,Qwen2.5-7B,0.8808003587827113,13.201334953308105,-2.55078125,75.57393888558836
174,qwen,2,Qwen2.5-7B,0.9056719900404661,7.64461612701416,-1.9443359375,75.93672642594966
174,qwen,3,Qwen2.5-7B,0.8872253172392448,7.735547065734863,-2.009765625,75.40238228060478
174,qwen,4,Qwen2.5-7B,0.7825465376023828,6.231125831604004,-1.7744140625,65.82058861276586
175,qwen,0,Qwen2.5-7B,0.8936808813822711,12.851988792419434,-2.533203125,76.0890547247549
175,qwen,1,Qwen2.5-7B,0.9017023498151784,11.396464347839355,-2.384765625,76.270580655455
175,qwen,2,Qwen2.5-7B,0.9448895340924557,11.362543106079102,-2.349609375,76.44760532545727
175,qwen,3,Qwen2.5-7B,0.9202420293882566,10.4110746383667,-2.171875,76.48338399345734
175,qwen,4,Qwen2.5-7B,0.9216919067665337,13.061647415161133,-2.4765625,76.68874514311322
176,qwen,0,Qwen2.5-7B,0.9030845292564379,5.507635116577148,-1.7060546875,75.48599274914227
176,qwen,1,Qwen2.5-7B,0.8984423433855703,11.437504768371582,-2.40234375,76.1802065105253
176,qwen,2,Qwen2.5-7B,0.8338515301226906,6.628287315368652,-1.859375,71.62951021165534
176,qwen,3,Qwen2.5-7B,0.9052618395550507,9.06886100769043,-2.212890625,76.175042548776
176,qwen,4,Qwen2.5-7B,0.9072654048833282,8.35814094543457,-2.099609375,76.12222598583827
177,qwen,0,Qwen2.5-7B,0.8454755653094016,8.123608589172363,-2.046875,72.88467526067762
177,qwen,1,Qwen2.5-7B,0.8816258811505839,7.262997150421143,-1.9697265625,75.09266734183817
177,qwen,2,Qwen2.5-7B,0.8339215316527306,8.107709884643555,-2.064453125,71.89782228773657
177,qwen,3,Qwen2.5-7B,0.887363174410625,7.20082950592041,-1.9619140625,75.33439823193189
178,qwen,0,Qwen2.5-7B,0.8732862841734711,7.370798587799072,-1.9609375,74.66970813648356
178,qwen,1,Qwen2.5-7B,0.8083151616564835,6.6297783851623535,-1.8408203125,69.0183765376815
178,qwen,2,Qwen2.5-7B,0.9418782444549315,11.0669527053833,-2.328125,76.47693813018523
178,qwen,3,Qwen2.5-7B,0.8701190936985529,7.637416362762451,-1.966796875,74.51499189495053
178,qwen,4,Qwen2.5-7B,0.8733177163826406,7.703577518463135,-2.0078125,74.72915934639981
179,qwen,0,Qwen2.5-7B,0.9042047981716715,10.053901672363281,-2.240234375,76.22806546564182
179,qwen,1,Qwen2.5-7B,0.8901626136395469,10.831217765808105,-2.388671875,75.85805749518838
179,qwen,2,Qwen2.5-7B,0.8190640736330004,11.77583122253418,-2.45703125,70.78449838023336
179,qwen,3,Qwen2.5-7B,0.8847084561135972,11.013586044311523,-2.35546875,75.64811381367885
180,qwen,0,Qwen2.5-7B,0.8540331206315838,11.411742210388184,-2.427734375,73.8679862585242
180,qwen,1,Qwen2.5-7B,0.8980470570458026,13.428194999694824,-2.5546875,76.2587448052133
180,qwen,2,Qwen2.5-7B,0.8895030873120432,11.866251945495605,-2.466796875,75.89107109819574
180,qwen,3,Qwen2.5-7B,0.8134669243351361,7.9868597984313965,-2.083984375,69.86296521916377
180,qwen,4,Qwen2.5-7B,0.831272127513435,14.205058097839355,-2.640625,72.06534658912024
181,qwen,0,Qwen2.5-7B,0.8626685618995236,10.595296859741211,-2.32421875,74.41492179683583
181,qwen,1,Qwen2.5-7B,0.9130415291842076,16.118425369262695,-2.6015625,76.73352589028786
181,qwen,2,Qwen2.5-7B,0.8653822468428918,11.143905639648438,-2.3515625,74.62732299181039
181,qwen,3,Qwen2.5-7B,0.8874875566237759,13.099239349365234,-2.443359375,75.89574774522366
181,qwen,4,Qwen2.5-7B,0.9191801066632398,14.851280212402344,-2.623046875,76.72016205695593
182,qwen,0,Qwen2.5-7B,0.8543126103449462,12.92866325378418,-2.50390625,73.97075827300358
182,qwen,1,Qwen2.5-7B,0.8804106685779175,9.635625839233398,-2.24609375,75.34215389716688
182,qwen,2,Qwen2.5-7B,0.7997398399563086,11.060914039611816,-2.373046875,68.60904957951476
182,qwen,3,Qwen2.5-7B,0.7871976735914379,9.017106056213379,-2.154296875,66.89655368685482
182,qwen,4,Qwen2.5-7B,0.8724729641419147,11.718377113342285,-2.439453125,75.07916515886166
183,qwen,0,Qwen2.5-7B,0.8139692648484009,6.313370704650879,-1.70703125,69.4766034114038
183,qwen,1,Qwen2.5-7B,0.9453204183776893,9.057066917419434,-2.0546875,76.18875103819262
183,qwen,2,Qwen2.5-7B,0.8490990056661721,6.673089981079102,-1.7724609375,72.84009390786083
183,qwen,3,Qwen2.5-7B,0.8842581384703911,8.203890800476074,-1.94921875,75.2683292626176
183,qwen,4,Qwen2.5-7B,0.8636904416245478,7.120234966278076,-1.880859375,74.01411868737078
184,qwen,0,Qwen2.5-7B,0.8763715775682864,11.63316822052002,-2.3984375,75.28906859382731
184,qwen,1,Qwen2.5-7B,0.9122605528020667,7.832995891571045,-1.9658203125,76.09201570054006
184,qwen,2,Qwen2.5-7B,0.8574418559873944,8.594743728637695,-2.1015625,73.85477340501627
184,qwen,3,Qwen2.5-7B,0.915064012182054,9.821277618408203,-2.244140625,76.41120450260405
184,qwen,4,Qwen2.5-7B,0.873587760137785,8.249739646911621,-2.064453125,74.81922812448016
185,qwen,0,Qwen2.5-7B,0.8751177179427461,13.135909080505371,-2.58984375,75.26520623267136
185,qwen,1,Qwen2.5-7B,0.8749338962719647,11.63046646118164,-2.44921875,75.20590401637705
185,qwen,2,Qwen2.5-7B,0.8558938093906525,13.182518005371094,-2.595703125,74.06336095815371
185,qwen,3,Qwen2.5-7B,0.8825969660974228,12.45218563079834,-2.51953125,75.62167411254055
185,qwen,4,Qwen2.5-7B,0.8463010748208561,8.845181465148926,-2.1796875,73.0669765457809
186,qwen,0,Qwen2.5-7B,0.8763082301659989,8.292738914489746,-2.140625,75.00497148028806
186,qwen,1,Qwen2.5-7B,0.9136569856749902,9.582893371582031,-2.2734375,76.38101698629985
186,qwen,2,Qwen2.5-7B,0.9364982398012011,6.989330291748047,-1.955078125,76.09297730758868
186,qwen,3,Qwen2.5-7B,0.8896596014822616,9.128436088562012,-2.1953125,75.69332333597592
186,qwen,4,Qwen2.5-7B,0.8948190281988678,9.851800918579102,-2.2890625,75.95310169742572
187,qwen,0,Qwen2.5-7B,0.8187580090649168,12.111101150512695,-2.42578125,70.78069307534345
187,qwen,1,Qwen2.5-7B,0.7838635588466657,8.104816436767578,-2.001953125,66.32506199983396
187,qwen,2,Qwen2.5-7B,0.8946621593422646,11.066949844360352,-2.310546875,76.03509519730828
187,qwen,3,Qwen2.5-7B,0.8915090884569505,7.495733261108398,-1.921875,75.48791654862183
187,qwen,4,Qwen2.5-7B,0.8496529260398202,8.627921104431152,-2.0625,73.26202223500366
188,qwen,0,Qwen2.5-7B,0.8876768765427806,8.9987154006958,-2.201171875,75.60688779222055
188,qwen,1,Qwen2.5-7B,0.9084090011843663,12.503783226013184,-2.470703125,76.48566538937618
188,qwen,2,Qwen2.5-7B,0.856160325033967,12.444819450378418,-2.48046875,74.07968950012122
188,qwen,3,Qwen2.5-7B,0.8904011987150517,11.565614700317383,-2.4453125,75.9099952400592
188,qwen,4,Qwen2.5-7B,0.8271233258820474,14.223258972167969,-2.62109375,71.68338161499929
189,qwen,0,Qwen2.5-7B,0.8740425000549817,7.540197849273682,-1.951171875,74.71668709435409
189,qwen,1,Qwen2.5-7B,0.792293600870705,7.165940284729004,-1.8896484375,67.22561817975193
189,qwen,2,Qwen2.5-7B,0.7556452640622879,9.119782447814941,-2.1640625,62.65201151619223
189,qwen,3,Qwen2.5-7B,0.8894102950635425,7.353744983673096,-2.03125,75.47468198730357
189,qwen,4,Qwen2.5-7B,0.8265947011314742,8.32081127166748,-2.083984375,71.23374647742615
190,qwen,0,Qwen2.5-7B,0.8963198272639742,8.708173751831055,-2.140625,75.87805522282781
190,qwen,1,Qwen2.5-7B,0.8816256507916896,11.676387786865234,-2.3125,75.55155902611209
190,qwen,2,Qwen2.5-7B,0.8877169616772642,10.613407135009766,-2.203125,75.72410657723246
190,qwen,3,Qwen2.5-7B,0.8786417721330814,12.364968299865723,-2.392578125,75.45359119690295
191,qwen,0,Qwen2.5-7B,0.955,11.744929313659668,-2.3984375,76.2349009673244
191,qwen,1,Qwen2.5-7B,0.9124003278932856,13.624921798706055,-2.53125,76.6083752201979
191,qwen,2,Qwen2.5-7B,0.9221859368814999,11.144609451293945,-2.33984375,76.57986341420009
191,qwen,3,Qwen2.5-7B,0.8366607489937407,11.28467082977295,-2.306640625,72.45204133064772
191,qwen,4,Qwen2.5-7B,0.9381443298969072,11.896406173706055,-2.38671875,76.58200707674108
192,qwen,0,Qwen2.5-7B,0.8377584164790732,7.203185081481934,-2.017578125,72.14499016339464
192,qwen,1,Qwen2.5-7B,0.9055481190102733,8.125213623046875,-2.09375,76.06479943361232
192,qwen,2,Qwen2.5-7B,0.9055104800540906,8.873586654663086,-2.126953125,76.13504554079478
192,qwen,3,Qwen2.5-7B,0.8809516446016175,12.607890129089355,-2.482421875,75.56639944562755
192,qwen,4,Qwen2.5-7B,0.7942519324442471,6.228358268737793,-1.775390625,67.28569588174418
193,qwen,0,Qwen2.5-7B,0.8947122703228335,11.08133602142334,-2.369140625,76.03968551356071
193,qwen,1,Qwen2.5-7B,0.8116853640527997,7.1630167961120605,-1.8779296875,69.46401029422023
193,qwen,2,Qwen2.5-7B,0.8687161022742811,8.916370391845703,-2.123046875,74.61973309134582
193,qwen,3,Qwen2.5-7B,0.877692993501739,10.159149169921875,-2.26953125,75.249794853607
193,qwen,4,Qwen2.5-7B,0.9063321894275674,8.71160888671875,-2.0703125,76.11326189212822
194,qwen,0,Qwen2.5-7B,0.994475138121547,15.009212493896484,-2.708984375,74.40968137298792
194,qwen,1,Qwen2.5-7B,1.0,6.281545639038086,-1.8701171875,73.33344004038175
194,qwen,2,Qwen2.5-7B,0.9787234042553191,31.75621223449707,-3.515625,74.51439793144084
194,qwen,3,Qwen2.5-7B,0.9389846297158826,6.245850563049316,-1.8828125,75.95065273784942
195,qwen,0,Qwen2.5-7B,0.9292513506560329,11.957005500793457,-2.427734375,76.64091309294722
195,qwen,1,Qwen2.5-7B,0.8911551962557175,11.108658790588379,-2.361328125,75.91565003785769
195,qwen,2,Qwen2.5-7B,0.8952037236419035,9.481164932250977,-2.197265625,75.91872558935285
195,qwen,3,Qwen2.5-7B,0.9134338539942416,8.385465621948242,-2.044921875,76.2029116973252
195,qwen,4,Qwen2.5-7B,0.8277010385111956,11.29925537109375,-2.46484375,71.61323128483458
196,qwen,0,Qwen2.5-7B,0.8459955025602895,10.373682022094727,-2.1875,73.1545253047051
196,qwen,1,Qwen2.5-7B,0.8598833312498791,13.708407402038574,-2.53125,74.40325853964262
196,qwen,2,Qwen2.5-7B,0.8897154412826809,7.676997184753418,-1.8486328125,75.37148452251765
196,qwen,3,Qwen2.5-7B,0.905988455988456,10.013707160949707,-2.171875,76.24592053518147
196,qwen,4,Qwen2.5-7B,0.8554245804900459,10.346088409423828,-2.234375,73.88620881154067
197,qwen,0,Qwen2.5-7B,0.8404667594990898,9.756390571594238,-2.251953125,72.66895037294648
197,qwen,1,Qwen2.5-7B,0.9300970873786408,8.496655464172363,-2.12890625,76.34993916993062
197,qwen,2,Qwen2.5-7B,0.8596668098066814,9.26683521270752,-2.2109375,74.10041595262987
197,qwen,3,Qwen2.5-7B,0.884277914992731,11.01708984375,-2.349609375,75.6293910133966
197,qwen,4,Qwen2.5-7B,0.8261207257694031,10.45410442352295,-2.322265625,71.41291956468183
198,qwen,0,Qwen2.5-7B,0.8676448137073777,9.523728370666504,-2.21484375,74.63316612820876
198,qwen,1,Qwen2.5-7B,0.8651142751158598,7.3277997970581055,-1.9931640625,74.20702077049182
198,qwen,2,Qwen2.5-7B,0.9114023227552905,11.924158096313477,-2.482421875,76.49852584605893
198,qwen,3,Qwen2.5-7B,0.9060137907867288,10.002115249633789,-2.2578125,76.26973313400272
198,qwen,4,Qwen2.5-7B,0.9016251336455733,11.746170043945312,-2.45703125,76.28227230442573
199,qwen,0,Qwen2.5-7B,0.9024370786965019,7.596202373504639,-2.0390625,75.91971797452166
199,qwen,1,Qwen2.5-7B,0.9155330456182901,12.14501953125,-2.478515625,76.57339546184264
199,qwen,2,Qwen2.5-7B,0.840519602817577,6.646086692810059,-1.833984375,72.19704463523604
199,qwen,3,Qwen2.5-7B,0.9175317885357613,9.048993110656738,-2.140625,76.3503162396374
199,qwen,4,Qwen2.5-7B,0.8390984793393423,9.285662651062012,-2.1953125,72.50237127330026
0,gemma,0,Gemma-2-9B,0.9126901930699399,16.7081298828125,-2.701171875,76.69678851567026
0,gemma,1,Gemma-2-9B,0.8995262579662704,11.717679023742676,-2.408203125,76.23017830576235
0,gemma,2,Gemma-2-9B,0.9507541249114283,16.93160057067871,-2.794921875,76.45326545246427
0,gemma,3,Gemma-2-9B,0.916923125859834,12.219624519348145,-2.37890625,76.6094140279298
0,gemma,4,Gemma-2-9B,0.9099933377748167,14.536849021911621,-2.609375,76.5880757551703
1,gemma,0,Gemma-2-9B,0.8920701566315288,13.623303413391113,-2.583984375,76.0586860552279
1,gemma,1,Gemma-2-9B,0.8866899768844976,11.50888729095459,-2.388671875,75.7653814470681
1,gemma,2,Gemma-2-9B,0.9224237063246352,16.401918411254883,-2.6953125,76.78277247614861
1,gemma,3,Gemma-2-9B,0.8779946441108184,11.996994018554688,-2.4296875,75.39268468069504
1,gemma,4,Gemma-2-9B,0.881501116479403,10.81525993347168,-2.30859375,75.4867741321877
2,gemma,0,Gemma-2-9B,0.8820702379810167,13.416031837463379,-2.51171875,75.66172835687624
2,gemma,1,Gemma-2-9B,0.9063781169651387,11.72236442565918,-2.3984375,76.40408711060095
2,gemma,2,Gemma-2-9B,0.9004777821101732,15.239598274230957,-2.62109375,76.40560582417807
2,gemma,3,Gemma-2-9B,0.911561462546535,12.276737213134766,-2.466796875,76.52832077870455
2,gemma,4,Gemma-2-9B,0.9214401367709991,11.288744926452637,-2.306640625,76.58323560265427
3,gemma,0,Gemma-2-9B,0.9006407925464434,8.497281074523926,-2.123046875,75.98353592855692
3,gemma,1,Gemma-2-9B,0.8846194327095502,8.339842796325684,-2.158203125,75.41418759543689
3,gemma,2,Gemma-2-9B,0.9008942443717383,8.589681625366211,-2.15234375,76.00977325755125
3,gemma,3,Gemma-2-9B,0.8464081538135599,8.497315406799316,-2.14453125,73.0366177070612
3,gemma,4,Gemma-2-9B,0.8801964213011702,10.350363731384277,-2.33203125,75.39406356106616
4,gemma,0,Gemma-2-9B,0.905853284484962,9.174571990966797,-2.12109375,76.16201195423413
4,gemma,1,Gemma-2-9B,0.8938227083508742,7.830661773681641,-2.005859375,75.65688514018395
4,gemma,2,Gemma-2-9B,0.879993748656938,12.666094779968262,-2.423828125,75.53616940920506
4,gemma,3,Gemma-2-9B,0.9044997625773636,9.42091178894043,-2.162109375,76.16596355401892
4,gemma,4,Gemma-2-9B,0.8948789175296934,8.294716835021973,-2.044921875,75.75188565800009
5,gemma,0,Gemma-2-9B,0.8804532552528007,9.25195598602295,-2.248046875,75.31700241426773
5,gemma,1,Gemma-2-9B,0.8690456169206018,4.857644081115723,-1.619140625,73.89376383445422
5,gemma,2,Gemma-2-9B,0.8807648783463768,5.847265720367432,-1.8193359375,74.81639524552403
5,gemma,3,Gemma-2-9B,0.8988277583373193,6.448749542236328,-1.857421875,75.5957306008076
5,gemma,4,Gemma-2-9B,0.901312747892281,8.333921432495117,-2.125,75.99060708949952
6,gemma,0,Gemma-2-9B,0.8964664341584775,11.717388153076172,-2.55859375,76.0970058442607
6,gemma,1,Gemma-2-9B,0.8896087664873793,10.109040260314941,-2.337890625,75.78709959330483
6,gemma,2,Gemma-2-9B,0.8588062725884256,13.780349731445312,-2.578125,74.31416162030587
6,gemma,3,Gemma-2-9B,0.8892901665974084,12.225539207458496,-2.498046875,75.89820604144296
6,gemma,4,Gemma-2-9B,0.9303843443378327,14.212249755859375,-2.599609375,76.72379797117405
7,gemma,0,Gemma-2-9B,0.9577021276595745,18.61937141418457,-2.7890625,76.35173456729639
7,gemma,1,Gemma-2-9B,0.9450345328971282,10.522069931030273,-2.330078125,76.38654719431801
7,gemma,2,Gemma-2-9B,0.9241486659017779,9.49950122833252,-2.232421875,76.45781489977347
7,gemma,3,Gemma-2-9B,0.9150968958640424,15.125539779663086,-2.630859375,76.68869459604895
7,gemma,4,Gemma-2-9B,0.9492958827366563,14.9948091506958,-2.634765625,76.50471785013438
8,gemma,0,Gemma-2-9B,0.9032918960973578,11.898207664489746,-2.42578125,76.34084278508837
8,gemma,1,Gemma-2-9B,0.9071902519569471,13.7127685546875,-2.568359375,76.50398697726676
8,gemma,2,Gemma-2-9B,0.9219925041614467,12.097053527832031,-2.4140625,76.63955644706402
8,gemma,3,Gemma-2-9B,0.8714856230476301,11.369588851928711,-2.353515625,75.00732137656826
8,gemma,4,Gemma-2-9B,0.933760413371296,14.221564292907715,-2.599609375,76.70755625717463
9,gemma,0,Gemma-2-9B,0.8693751208486408,11.565295219421387,-2.400390625,74.89647646661993
9,gemma,1,Gemma-2-9B,0.9066032670446318,9.9723539352417,-2.248046875,76.27842266310114
9,gemma,2,Gemma-2-9B,0.8936508985356434,14.36087703704834,-2.615234375,76.14368960716078
9,gemma,3,Gemma-2-9B,0.9093678598629094,12.479368209838867,-2.427734375,76.51076518237535
9,gemma,4,Gemma-2-9B,0.8813727327678236,10.936840057373047,-2.330078125,75.49071508917594
10,gemma,0,Gemma-2-9B,0.9050899349406812,10.102648735046387,-2.205078125,76.24293821576588
10,gemma,1,Gemma-2-9B,0.9106593034891947,9.40245532989502,-2.09375,76.26017769050844
10,gemma,2,Gemma-2-9B,0.87750373659696,10.576958656311035,-2.3046875,75.27432110358365
10,gemma,3,Gemma-2-9B,0.8945115356885364,7.697319030761719,-1.869140625,75.56525922774381
10,gemma,4,Gemma-2-9B,0.9032416181948892,6.3842291831970215,-1.7431640625,75.59899235102644
11,gemma,0,Gemma-2-9B,0.8968016233312605,12.741167068481445,-2.56640625,76.17146216874892
11,gemma,1,Gemma-2-9B,0.9049926106791749,12.206762313842773,-2.44921875,76.39803076036776
11,gemma,2,Gemma-2-9B,0.8949134691625528,10.548206329345703,-2.330078125,76.00913428049593
11,gemma,3,Gemma-2-9B,0.9090768375604446,12.77805233001709,-2.4609375,76.51851533495203
11,gemma,4,Gemma-2-9B,0.9262374238407107,12.04404067993164,-2.451171875,76.64405332490382
12,gemma,0,Gemma-2-9B,0.9309224020953644,14.959386825561523,-2.625,76.75255501633843
12,gemma,1,Gemma-2-9B,0.9166887546794921,12.137588500976562,-2.416015625,76.59826585346696
12,gemma,2,Gemma-2-9B,0.8453345139752935,13.298059463500977,-2.505859375,73.30069737844947
12,gemma,3,Gemma-2-9B,0.9012815954810506,12.720626831054688,-2.4375,76.34085996736057
12,gemma,4,Gemma-2-9B,0.9219889102925681,13.132768630981445,-2.517578125,76.68271332193935
13,gemma,0,Gemma-2-9B,0.9072774451097805,18.10379409790039,-2.845703125,76.53923040001305
13,gemma,1,Gemma-2-9B,0.8722490293054294,22.966176986694336,-3.076171875,75.08143846826144
13,gemma,2,Gemma-2-9B,0.8654817727944036,13.3304443359375,-2.49609375,74.75664148133747
13,gemma,3,Gemma-2-9B,0.878100752999813,17.669315338134766,-2.802734375,75.52219277781013
13,gemma,4,Gemma-2-9B,0.9046455618295017,15.369725227355957,-2.61328125,76.52422181783813
14,gemma,0,Gemma-2-9B,0.9119184975353944,13.374191284179688,-2.38671875,76.61646260332358
14,gemma,1,Gemma-2-9B,0.9468276093588078,14.28353500366211,-2.642578125,76.5105392784779
14,gemma,2,Gemma-2-9B,0.9500790524191788,10.999751091003418,-2.43359375,76.3082435887583
14,gemma,3,Gemma-2-9B,0.9004081221343276,16.447731018066406,-2.63671875,76.46256697307562
14,gemma,4,Gemma-2-9B,0.9229606054988008,11.109740257263184,-2.431640625,76.5755787614468
15,gemma,0,Gemma-2-9B,0.9048416833667335,10.11581802368164,-2.31640625,76.25936952498853
15,gemma,1,Gemma-2-9B,0.916923125859834,8.957303047180176,-2.154296875,76.34284707872308
15,gemma,2,Gemma-2-9B,0.9140221305913669,9.92146110534668,-2.271484375,76.40993712810406
15,gemma,3,Gemma-2-9B,0.9296364145230644,10.063485145568848,-2.328125,76.51478949682003
15,gemma,4,Gemma-2-9B,0.8931964725028219,9.060894012451172,-2.22265625,75.82712583701762
16,gemma,0,Gemma-2-9B,0.9111145909073929,9.812018394470215,-2.220703125,76.34659285109437
16,gemma,1,Gemma-2-9B,0.9443863068181428,9.320947647094727,-2.18359375,76.28397489446972
16,gemma,2,Gemma-2-9B,0.9287537950151801,10.260869026184082,-2.27734375,76.52497890018442
16,gemma,3,Gemma-2-9B,0.9367843773501999,11.70178508758545,-2.44140625,76.57676577437265
16,gemma,4,Gemma-2-9B,0.9107999535970094,12.614922523498535,-2.443359375,76.54252327010549
17,gemma,0,Gemma-2-9B,0.9489608801955991,15.418081283569336,-2.630859375,76.53921990818529
17,gemma,1,Gemma-2-9B,0.8939751488058149,11.153995513916016,-2.3515625,76.01974533332935
17,gemma,2,Gemma-2-9B,0.8923340091716038,14.829010963439941,-2.62109375,76.12176318546055
17,gemma,3,Gemma-2-9B,0.9280932375660659,16.294809341430664,-2.7109375,76.7769321127738
17,gemma,4,Gemma-2-9B,0.9314380321406831,12.77125072479248,-2.517578125,76.66512065349572
18,gemma,0,Gemma-2-9B,0.9060088847322889,6.433522701263428,-1.8701171875,75.79064482535239
18,gemma,1,Gemma-2-9B,0.7799050611474991,5.729974746704102,-1.7822265625,65.44692072753169
18,gemma,2,Gemma-2-9B,0.9529245431219564,5.897551536560059,-1.7822265625,75.56055312360128
18,gemma,3,Gemma-2-9B,0.8866167089443079,6.4523091316223145,-1.8759765625,75.17709140510922
18,gemma,4,Gemma-2-9B,0.8809562200827503,4.730339050292969,-1.5791015625,74.46933407503046
19,gemma,0,Gemma-2-9B,0.9075708403644629,10.634757995605469,-2.376953125,76.35645017491255
19,gemma,1,Gemma-2-9B,0.9020152205549061,13.250060081481934,-2.6015625,76.33708744539479
19,gemma,2,Gemma-2-9B,0.8914394964682231,11.976588249206543,-2.478515625,75.96898268555259
19,gemma,3,Gemma-2-9B,0.9142465818121709,12.873130798339844,-2.546875,76.58149801335401
19,gemma,4,Gemma-2-9B,0.887177930148303,10.867083549499512,-2.390625,75.74174482851228
20,gemma,0,Gemma-2-9B,0.8643203581644073,10.3505220413208,-2.287109375,74.500559667078
20,gemma,1,Gemma-2-9B,0.949449067244305,9.288811683654785,-2.146484375,76.16493882898726
20,gemma,2,Gemma-2-9B,0.9133715779820512,11.17408561706543,-2.35546875,76.49518307362693
20,gemma,3,Gemma-2-9B,0.9332644323047394,8.510830879211426,-2.1484375,76.34477721195246
20,gemma,4,Gemma-2-9B,0.8938356164383561,10.279237747192383,-2.25,75.94305579162474
21,gemma,0,Gemma-2-9B,0.9325812371801793,11.141071319580078,-2.349609375,76.57869946466496
21,gemma,1,Gemma-2-9B,0.9091597077244258,8.079639434814453,-2.05859375,76.11716800086441
21,gemma,2,Gemma-2-9B,0.8548534862308418,6.842579364776611,-1.9208984375,73.4209780601807
21,gemma,3,Gemma-2-9B,0.9351874271414384,13.043905258178711,-2.53125,76.65421222652435
21,gemma,4,Gemma-2-9B,0.8882578362846271,7.840073585510254,-2.005859375,75.4497107975745
22,gemma,0,Gemma-2-9B,0.9040588606084496,15.1209135055542,-2.6875,76.44849005253921
22,gemma,1,Gemma-2-9B,0.9513105823522593,15.723790168762207,-2.677734375,76.47090265507106
22,gemma,2,Gemma-2-9B,0.9346817884773488,16.249319076538086,-2.7109375,76.74630561446419
22,gemma,3,Gemma-2-9B,0.9286964246058184,10.936930656433105,-2.380859375,76.57767439457628
22,gemma,4,Gemma-2-9B,0.9232635420276855,13.111784934997559,-2.552734375,76.67413419741217
23,gemma,0,Gemma-2-9B,0.8937606233173286,12.436042785644531,-2.5234375,76.0684710632998
23,gemma,1,Gemma-2-9B,0.879770226275332,11.091745376586914,-2.39453125,75.42378170273413
23,gemma,2,Gemma-2-9B,0.9456264775413712,11.972183227539062,-2.44921875,76.46576083335121
23,gemma,3,Gemma-2-9B,0.9233147858596623,11.846908569335938,-2.4765625,76.61761409926756
23,gemma,4,Gemma-2-9B,0.8957904568478012,12.889010429382324,-2.576171875,76.14409533189202
24,gemma,0,Gemma-2-9B,0.9156631962463171,12.989291191101074,-2.478515625,76.62977689535445
24,gemma,1,Gemma-2-9B,0.9577800568570297,15.958527565002441,-2.650390625,76.32066216867675
24,gemma,2,Gemma-2-9B,0.9020757683030732,14.79502010345459,-2.51171875,76.47181485966645
24,gemma,3,Gemma-2-9B,0.9153062739295624,12.627144813537598,-2.376953125,76.6173542484466
24,gemma,4,Gemma-2-9B,0.9495412844036697,11.806316375732422,-2.3515625,76.38158743939594
25,gemma,0,Gemma-2-9B,0.947107438016529,13.488765716552734,-2.587890625,76.48644289864858
25,gemma,1,Gemma-2-9B,0.9190239129809213,11.662384986877441,-2.478515625,76.57755155958144
25,gemma,2,Gemma-2-9B,0.9223200210093846,14.505271911621094,-2.642578125,76.70916480610688
25,gemma,3,Gemma-2-9B,0.9265417278818935,9.344429016113281,-2.240234375,76.45331265074498
25,gemma,4,Gemma-2-9B,0.9421354521732997,11.33606243133545,-2.4375,76.48522578267362
26,gemma,0,Gemma-2-9B,0.8868632448789405,13.394381523132324,-2.5390625,75.86130084615976
26,gemma,1,Gemma-2-9B,0.8683876263812804,12.414793014526367,-2.498046875,74.87511580192633
26,gemma,2,Gemma-2-9B,0.9525861626701962,12.007075309753418,-2.49609375,76.29962997564245
26,gemma,3,Gemma-2-9B,0.9326539739330437,10.168562889099121,-2.330078125,76.51019066886786
26,gemma,4,Gemma-2-9B,0.9013109920744968,8.791826248168945,-2.14453125,76.03276339569506
27,gemma,0,Gemma-2-9B,0.9165674395570997,10.38792896270752,-2.279296875,76.47575328048816
27,gemma,1,Gemma-2-9B,0.937915052573326,9.997190475463867,-2.240234375,76.44155424578463
27,gemma,2,Gemma-2-9B,0.9127563410685375,11.936104774475098,-2.419921875,76.53315870347907
27,gemma,3,Gemma-2-9B,0.9009563441651727,13.520238876342773,-2.451171875,76.38033729461063
27,gemma,4,Gemma-2-9B,0.8541960574308325,12.006783485412598,-2.439453125,73.9178690598724
28,gemma,0,Gemma-2-9B,0.9143187494218851,17.16230583190918,-2.791015625,76.6673424378835
28,gemma,1,Gemma-2-9B,0.9404730229120473,12.847705841064453,-2.5546875,76.57448168823119
28,gemma,2,Gemma-2-9B,0.9003526638879757,11.566720008850098,-2.470703125,76.23250573799034
28,gemma,3,Gemma-2-9B,0.8971280820020315,13.218947410583496,-2.630859375,76.17858857198692
28,gemma,4,Gemma-2-9B,0.8828050767275598,12.799703598022461,-2.541015625,75.6457412455068
29,gemma,0,Gemma-2-9B,0.9378311871048419,7.680728912353516,-2.01171875,76.171328455926
29,gemma,1,Gemma-2-9B,0.9000790609986011,8.377305030822754,-2.1015625,75.94887108618812
29,gemma,2,Gemma-2-9B,0.924133083411434,8.365105628967285,-2.158203125,76.35133813860365
29,gemma,3,Gemma-2-9B,0.9075636777800787,6.445423603057861,-1.8818359375,75.83475522789396
29,gemma,4,Gemma-2-9B,0.9247455580472658,8.737287521362305,-2.125,76.3667354502204
30,gemma,0,Gemma-2-9B,0.9345733435293059,8.580713272094727,-2.171875,76.34990891223865
30,gemma,1,Gemma-2-9B,0.9166544154159314,8.826753616333008,-2.177734375,76.33911142278212
30,gemma,2,Gemma-2-9B,0.9544383860414395,14.13132095336914,-2.6484375,76.31412429871038
30,gemma,3,Gemma-2-9B,0.9094318457286883,10.525073051452637,-2.412109375,76.38225633292106
30,gemma,4,Gemma-2-9B,0.9339921221351803,11.6666898727417,-2.51171875,76.58004816311397
31,gemma,0,Gemma-2-9B,0.8996887600496013,14.555726051330566,-2.6796875,76.305698198162
31,gemma,1,Gemma-2-9B,0.9060965385076057,14.154576301574707,-2.56640625,76.50863580713269
31,gemma,2,Gemma-2-9B,0.9407291845809891,15.429675102233887,-2.673828125,76.66190525722341
31,gemma,3,Gemma-2-9B,0.8851628372911234,11.975114822387695,-2.4609375,75.72125479668105
31,gemma,4,Gemma-2-9B,0.8942410150370795,15.392715454101562,-2.744140625,76.13404366476048
32,gemma,0,Gemma-2-9B,0.8729845050526087,15.357318878173828,-2.703125,75.21283723081899
32,gemma,1,Gemma-2-9B,0.9147652252862639,11.927411079406738,-2.486328125,76.54723858935763
32,gemma,2,Gemma-2-9B,0.9152798531194124,11.175620079040527,-2.39453125,76.51941109189546
32,gemma,3,Gemma-2-9B,0.9416774216743861,9.43593978881836,-2.23828125,76.35219876777543
32,gemma,4,Gemma-2-9B,0.9345197397547107,11.46033763885498,-2.408203125,76.58497042689645
33,gemma,0,Gemma-2-9B,0.8862759230432631,13.861690521240234,-2.583984375,75.84607477032705
33,gemma,1,Gemma-2-9B,0.9241103581660858,13.70594310760498,-2.576171875,76.70417314071153
33,gemma,2,Gemma-2-9B,0.9265164605606192,13.980208396911621,-2.607421875,76.71018101151239
33,gemma,3,Gemma-2-9B,0.9568627450980393,18.829614639282227,-2.791015625,76.38587158530656
33,gemma,4,Gemma-2-9B,0.9375741102212818,9.787091255187988,-2.24609375,76.43165162633589
34,gemma,0,Gemma-2-9B,0.8125721591316769,4.632514476776123,-1.4501953125,68.86953979548426
34,gemma,1,Gemma-2-9B,0.8408379613652778,5.716118335723877,-1.73046875,72.04767437125872
34,gemma,2,Gemma-2-9B,0.7101369528001957,4.8768792152404785,-1.51953125,54.86743246267673
34,gemma,3,Gemma-2-9B,0.8906138734023589,8.04651165008545,-2.0,75.55315333703798
34,gemma,4,Gemma-2-9B,0.7868015241287131,7.476395130157471,-1.9765625,66.63359468793351
35,gemma,0,Gemma-2-9B,0.9147361536608034,10.262138366699219,-2.40234375,76.44855650883389
35,gemma,1,Gemma-2-9B,0.8947497658494492,13.147096633911133,-2.630859375,76.09702423718566
35,gemma,2,Gemma-2-9B,0.9176284228643685,10.016901969909668,-2.330078125,76.46613889927954
35,gemma,3,Gemma-2-9B,0.9219556635286972,16.584272384643555,-2.806640625,76.69365157959461
35,gemma,4,Gemma-2-9B,0.9020986237715918,12.237939834594727,-2.490234375,76.31911304810524
36,gemma,0,Gemma-2-9B,0.8826590350633751,10.608403205871582,-2.302734375,75.52553314574246
36,gemma,1,Gemma-2-9B,0.8647129158119964,10.3346529006958,-2.275390625,74.52260958935445
36,gemma,2,Gemma-2-9B,0.9307457952506156,9.079009056091309,-2.1015625,76.37778284094769
36,gemma,3,Gemma-2-9B,0.8870985580981099,9.052787780761719,-2.115234375,75.5538226083796
36,gemma,4,Gemma-2-9B,0.9221126222954377,11.921111106872559,-2.376953125,76.63159652453128
37,gemma,0,Gemma-2-9B,0.8969495927329068,8.470215797424316,-2.1484375,75.88367672336344
37,gemma,1,Gemma-2-9B,0.8914929506207662,10.216408729553223,-2.318359375,75.8648795909967
37,gemma,2,Gemma-2-9B,0.9392905291540276,12.078079223632812,-2.490234375,76.56256547430019
37,gemma,3,Gemma-2-9B,0.8750143513648536,11.606093406677246,-2.4765625,75.20242069261124
37,gemma,4,Gemma-2-9B,0.9286831672559734,7.9440388679504395,-2.138671875,76.31611099201933
38,gemma,0,Gemma-2-9B,0.9510551637417309,10.70926570892334,-2.396484375,76.26931544367459
38,gemma,1,Gemma-2-9B,0.9328703703703703,12.222467422485352,-2.498046875,76.6284309928806
38,gemma,2,Gemma-2-9B,0.952247191011236,11.551389694213867,-2.5078125,76.27436221940256
38,gemma,3,Gemma-2-9B,0.921843589638467,9.739143371582031,-2.294921875,76.47631525697234
38,gemma,4,Gemma-2-9B,0.9541724758144337,12.093622207641602,-2.498046875,76.2620812757249
39,gemma,0,Gemma-2-9B,0.8355028724776625,8.882452964782715,-2.203125,72.15805748298555
39,gemma,1,Gemma-2-9B,0.869155074976326,12.268491744995117,-2.53515625,74.89849861042359
39,gemma,2,Gemma-2-9B,0.8468075154181788,12.271890640258789,-2.484375,73.3596363425506
39,gemma,3,Gemma-2-9B,0.9217813401509786,7.571573734283447,-1.9970703125,76.19551737465957
39,gemma,4,Gemma-2-9B,0.8867343180710339,8.731148719787598,-2.1640625,75.53576507625415
40,gemma,0,Gemma-2-9B,0.914329332580651,12.544449806213379,-2.525390625,76.5696288151405
40,gemma,1,Gemma-2-9B,0.9206542229104251,14.807646751403809,-2.677734375,76.69396017700153
40,gemma,2,Gemma-2-9B,0.9151711387802213,13.758295059204102,-2.609375,76.61962237023045
40,gemma,3,Gemma-2-9B,0.9194003527336861,15.64863395690918,-2.7265625,76.69645361227582
40,gemma,4,Gemma-2-9B,0.8549645037704392,12.485432624816895,-2.505859375,73.98896790752897
41,gemma,0,Gemma-2-9B,0.8762685682332897,8.047932624816895,-2.0390625,74.93270586983752
41,gemma,1,Gemma-2-9B,0.8967007635696882,7.667507648468018,-2.048828125,75.76644667712235
41,gemma,2,Gemma-2-9B,0.8922962767223902,8.524352073669434,-2.06640625,75.69138708819806
41,gemma,3,Gemma-2-9B,0.8675680231952544,10.159368515014648,-2.25390625,74.68322374146781
41,gemma,4,Gemma-2-9B,0.8563966750545885,10.246442794799805,-2.27734375,73.95745130348112
42,gemma,0,Gemma-2-9B,0.8701436690670116,8.71475601196289,-2.18359375,74.71287454037231
42,gemma,1,Gemma-2-9B,0.9642475776151869,10.841586112976074,-2.353515625,75.86807907429794
42,gemma,2,Gemma-2-9B,0.9273758099352052,11.605835914611816,-2.39453125,76.62328804739496
42,gemma,3,Gemma-2-9B,0.899743404700822,7.406127452850342,-2.025390625,75.82389849730798
42,gemma,4,Gemma-2-9B,0.855151139509406,7.087184906005859,-1.9462890625,73.48104381494176
43,gemma,0,Gemma-2-9B,0.9158294928615356,11.163134574890137,-2.400390625,76.52474631984254
43,gemma,1,Gemma-2-9B,0.9672396253215095,14.297636985778809,-2.59375,75.91450346278876
43,gemma,2,Gemma-2-9B,0.9289343690671312,16.592788696289062,-2.689453125,76.80828756515668
43,gemma,3,Gemma-2-9B,0.9325473189682432,10.75576400756836,-2.333984375,76.55195777750774
43,gemma,4,Gemma-2-9B,0.9311385080841101,11.114630699157715,-2.30078125,76.58070258311184
44,gemma,0,Gemma-2-9B,0.9241606391018028,9.667899131774902,-2.23828125,76.47133922837331
44,gemma,1,Gemma-2-9B,0.8694096469095363,7.98246955871582,-2.05078125,74.55426887664547
44,gemma,2,Gemma-2-9B,0.9452630368379579,9.643537521362305,-2.21484375,76.30094909400773
44,gemma,3,Gemma-2-9B,0.8985084407276812,9.060307502746582,-2.19921875,75.99279692377435
44,gemma,4,Gemma-2-9B,0.9342309453263479,8.863659858703613,-2.13671875,76.35935651096074
45,gemma,0,Gemma-2-9B,0.9316800696111041,13.47335147857666,-2.60546875,76.67003220841181
45,gemma,1,Gemma-2-9B,0.8904709991387912,11.467569351196289,-2.44921875,75.9052890945209
45,gemma,2,Gemma-2-9B,0.859812828562964,8.6240873336792,-2.13671875,74.03684180896398
45,gemma,3,Gemma-2-9B,0.923065470651729,9.775508880615234,-2.3125,76.48689372300362
45,gemma,4,Gemma-2-9B,0.9548751313241269,11.107710838317871,-2.404296875,76.19481763382605
46,gemma,0,Gemma-2-9B,0.8533398799294752,12.35451602935791,-2.4765625,73.86981782870171
46,gemma,1,Gemma-2-9B,0.8720032806811543,12.757429122924805,-2.533203125,75.09530279432651
46,gemma,2,Gemma-2-9B,0.8641188545014918,12.707061767578125,-2.515625,74.62448892564304
46,gemma,3,Gemma-2-9B,0.8522460461762899,11.75357723236084,-2.44921875,73.7547387463809
46,gemma,4,Gemma-2-9B,0.9055350012439958,12.75417423248291,-2.556640625,76.41262095042617
47,gemma,0,Gemma-2-9B,0.9592476489028213,7.132735729217529,-1.970703125,75.63164359533344
47,gemma,1,Gemma-2-9B,0.8998663697104676,11.781936645507812,-2.505859375,76.22344596980783
47,gemma,2,Gemma-2-9B,0.8707541922103661,8.133842468261719,-2.021484375,74.62602785211295
47,gemma,3,Gemma-2-9B,0.9286379761350199,5.634860038757324,-1.7392578125,75.83477100327147
47,gemma,4,Gemma-2-9B,0.9308709987062309,6.2704315185546875,-1.8125,75.95310384425186
48,gemma,0,Gemma-2-9B,0.8944867818032454,12.412001609802246,-2.453125,76.11139874500935
48,gemma,1,Gemma-2-9B,0.9198504402925965,17.507347106933594,-2.748046875,76.78300728635325
48,gemma,2,Gemma-2-9B,0.8832478779446936,8.946771621704102,-2.078125,75.36093854394126
48,gemma,3,Gemma-2-9B,0.893668388290308,12.649292945861816,-2.431640625,76.10265710657609
48,gemma,4,Gemma-2-9B,0.8361591215440586,11.398963928222656,-2.3671875,72.41746934032136
49,gemma,0,Gemma-2-9B,0.8702256570517487,13.574009895324707,-2.4921875,75.05913239442823
49,gemma,1,Gemma-2-9B,0.8907447850412581,12.76878547668457,-2.451171875,76.00111800408959
49,gemma,2,Gemma-2-9B,0.8493239726863526,11.628836631774902,-2.41015625,73.52939318728794
49,gemma,3,Gemma-2-9B,0.878628336877274,15.823113441467285,-2.634765625,75.58258444686305
49,gemma,4,Gemma-2-9B,0.8767442507969977,10.147663116455078,-2.232421875,75.1926219538517
50,gemma,0,Gemma-2-9B,0.9523481693114408,12.165122985839844,-2.4140625,76.33332511928396
50,gemma,1,Gemma-2-9B,0.9351162104822521,13.87215805053711,-2.48828125,76.72072646993371
50,gemma,2,Gemma-2-9B,0.9057570336640104,14.367514610290527,-2.572265625,76.51135827414207
50,gemma,3,Gemma-2-9B,0.9365515247868188,14.401524543762207,-2.62109375,76.6838556452243
50,gemma,4,Gemma-2-9B,0.9529875746473508,12.971685409545898,-2.5078125,76.34824578595496
51,gemma,0,Gemma-2-9B,0.9494652144048671,10.316927909851074,-2.306640625,76.27893071134272
51,gemma,1,Gemma-2-9B,0.8788299526377117,13.07082748413086,-2.5078125,75.48569840758492
51,gemma,2,Gemma-2-9B,0.9182935454169392,11.447956085205078,-2.40234375,76.57004701579737
51,gemma,3,Gemma-2-9B,0.8995270756414769,11.85089111328125,-2.416015625,76.23818622373486
51,gemma,4,Gemma-2-9B,0.891461538984982,15.786378860473633,-2.693359375,76.09808032076702
52,gemma,0,Gemma-2-9B,0.8909576103397814,8.481904029846191,-2.134765625,75.6727018873473
52,gemma,1,Gemma-2-9B,0.894710441967883,11.824217796325684,-2.375,76.08961730666918
52,gemma,2,Gemma-2-9B,0.9245622637887175,12.792601585388184,-2.494140625,76.67909592477257
52,gemma,3,Gemma-2-9B,0.9369684069946996,21.755023956298828,-2.95703125,76.72414461441443
52,gemma,4,Gemma-2-9B,0.9416497714597185,11.190462112426758,-2.333984375,76.48910068478354
53,gemma,0,Gemma-2-9B,0.8500832246490564,9.181840896606445,-2.267578125,73.41217400945574
53,gemma,1,Gemma-2-9B,0.8877895941594217,10.407912254333496,-2.3515625,75.73614384968491
53,gemma,2,Gemma-2-9B,0.895060126674776,12.375293731689453,-2.517578125,76.11065122460926
53,gemma,3,Gemma-2-9B,0.9020853698273054,11.97738265991211,-2.478515625,76.30473789236467
53,gemma,4,Gemma-2-9B,0.879569180151383,9.461172103881836,-2.251953125,75.29012814741544
54,gemma,0,Gemma-2-9B,0.8746568255877758,15.28776741027832,-2.73828125,75.27192831908177
54,gemma,1,Gemma-2-9B,0.9177606019711283,16.956037521362305,-2.849609375,76.63636630184446
54,gemma,2,Gemma-2-9B,0.8946657278246142,13.375304222106934,-2.57421875,76.13866859826751
54,gemma,3,Gemma-2-9B,0.9139476799867936,15.443893432617188,-2.72265625,76.62784755662751
54,gemma,4,Gemma-2-9B,0.8702169300092149,9.785462379455566,-2.271484375,74.81711140103364
55,gemma,0,Gemma-2-9B,0.9317017707782194,10.687739372253418,-2.234375,76.53710069253961
55,gemma,1,Gemma-2-9B,0.9109155611143372,12.513648986816406,-2.412109375,76.54259897785741
55,gemma,2,Gemma-2-9B,0.9276619421847638,11.855749130249023,-2.373046875,76.64117660996101
55,gemma,3,Gemma-2-9B,0.8727050214605092,14.29572868347168,-2.423828125,75.25900956100345
55,gemma,4,Gemma-2-9B,0.8909376203119262,12.62516975402832,-2.404296875,76.00610628369012
56,gemma,0,Gemma-2-9B,0.9048855905998763,10.644353866577148,-2.357421875,76.29896861056409
56,gemma,1,Gemma-2-9B,0.8994160705371508,9.285930633544922,-2.193359375,76.03390188837703
56,gemma,2,Gemma-2-9B,0.8898771904552252,9.720745086669922,-2.28515625,75.76515771585068
56,gemma,3,Gemma-2-9B,0.9366393643850291,11.491490364074707,-2.3828125,76.57089810148561
56,gemma,4,Gemma-2-9B,0.921923925876495,16.157550811767578,-2.775390625,76.70004396611648
57,gemma,0,Gemma-2-9B,0.8559762993693518,13.096331596374512,-2.564453125,74.0788056464819
57,gemma,1,Gemma-2-9B,0.8846198010976966,11.230250358581543,-2.42578125,75.65397241321976
57,gemma,2,Gemma-2-9B,0.9082616925463666,9.35710334777832,-2.251953125,76.26937778142059
57,gemma,3,Gemma-2-9B,0.8576854970607004,11.26756477355957,-2.33984375,74.12498443482716
57,gemma,4,Gemma-2-9B,0.935512424652672,11.99260425567627,-2.423828125,76.61066583540747
58,gemma,0,Gemma-2-9B,0.8150892302758241,12.187189102172852,-2.498046875,70.38446679769103
58,gemma,1,Gemma-2-9B,0.892201684651242,15.418601989746094,-2.708984375,76.09238698449974
58,gemma,2,Gemma-2-9B,0.8702700181286971,13.60240650177002,-2.552734375,75.04206953776031
58,gemma,3,Gemma-2-9B,0.9148914184187333,15.102048873901367,-2.62890625,76.68585805512183
58,gemma,4,Gemma-2-9B,0.8955132944494647,13.59454345703125,-2.60546875,76.16488682219298
59,gemma,0,Gemma-2-9B,0.8910863447345675,13.990384101867676,-2.60546875,76.0341380407975
59,gemma,1,Gemma-2-9B,0.9493087557603687,10.780613899230957,-2.359375,76.31724388193373
59,gemma,2,Gemma-2-9B,0.8768906540811745,15.051297187805176,-2.708984375,75.39923531236629
59,gemma,3,Gemma-2-9B,0.882128316010419,13.073186874389648,-2.537109375,75.6336549434094
59,gemma,4,Gemma-2-9B,0.8797047721033425,16.38858985900879,-2.751953125,75.58085161164279
60,gemma,0,Gemma-2-9B,0.9465396125830471,14.617685317993164,-2.716796875,76.48413004733534
60,gemma,1,Gemma-2-9B,0.8854240670117766,8.934818267822266,-2.224609375,75.51452181647262
60,gemma,2,Gemma-2-9B,0.8816396279946106,11.031888008117676,-2.41796875,75.50645725225746
60,gemma,3,Gemma-2-9B,0.8917429165829555,12.002148628234863,-2.498046875,75.97639017131141
60,gemma,4,Gemma-2-9B,0.8803842575933634,9.201329231262207,-2.23828125,75.30781779461277
61,gemma,0,Gemma-2-9B,0.8911630731855452,12.559103965759277,-2.521484375,75.98387477524464
61,gemma,1,Gemma-2-9B,0.8702814917457786,11.9862642288208,-2.462890625,74.96764865712456
61,gemma,2,Gemma-2-9B,0.8520098061386645,12.718964576721191,-2.546875,73.77107913248581
61,gemma,3,Gemma-2-9B,0.8655328542742244,11.052338600158691,-2.3984375,74.62864157723804
61,gemma,4,Gemma-2-9B,0.8988483890533681,14.538926124572754,-2.626953125,76.31433542735908
62,gemma,0,Gemma-2-9B,0.8908847603977417,6.428256034851074,-1.861328125,75.331688840861
62,gemma,1,Gemma-2-9B,0.8269239967475008,7.5647101402282715,-2.0390625,71.18377833506267
62,gemma,2,Gemma-2-9B,0.8173675349472979,7.089815616607666,-1.9462890625,70.12075596649014
62,gemma,3,Gemma-2-9B,0.8901973836936224,9.992716789245605,-2.298828125,75.79855627554855
62,gemma,4,Gemma-2-9B,0.8702740354777788,7.916392803192139,-2.03515625,74.5904972388083
63,gemma,0,Gemma-2-9B,0.9229067342259227,14.730841636657715,-2.62109375,76.73828170636877
63,gemma,1,Gemma-2-9B,0.9157336203216325,10.109001159667969,-2.26171875,76.44349233314192
63,gemma,2,Gemma-2-9B,0.8913435507079703,11.220000267028809,-2.388671875,75.9291656723625
63,gemma,3,Gemma-2-9B,0.8829500692314284,13.514782905578613,-2.53515625,75.69999621797663
63,gemma,4,Gemma-2-9B,0.9265429141716567,12.681614875793457,-2.515625,76.66871368248007
64,gemma,0,Gemma-2-9B,0.9162576084822306,10.751554489135742,-2.40234375,76.50128360857735
64,gemma,1,Gemma-2-9B,0.8872398121400984,13.635886192321777,-2.61328125,75.85697164579997
64,gemma,2,Gemma-2-9B,0.8919856464702264,12.01373291015625,-2.4609375,75.99568156359396
64,gemma,3,Gemma-2-9B,0.9374819018937859,9.842937469482422,-2.306640625,76.44631727234652
64,gemma,4,Gemma-2-9B,0.899909795366813,11.795424461364746,-2.45703125,76.23849301463115
65,gemma,0,Gemma-2-9B,0.9132372981605678,14.602457046508789,-2.638671875,76.62778547618589
65,gemma,1,Gemma-2-9B,0.91477573830515,18.816734313964844,-2.9453125,76.58065332258555
65,gemma,2,Gemma-2-9B,0.8906694127282363,16.58046531677246,-2.76171875,76.05689927701958
65,gemma,3,Gemma-2-9B,0.9127561411529989,15.90478801727295,-2.724609375,76.63524916352722
65,gemma,4,Gemma-2-9B,0.8854206854498595,14.497735023498535,-2.68359375,75.7885123835652
66,gemma,0,Gemma-2-9B,0.8653527680569035,13.257200241088867,-2.509765625,74.73968620161308
66,gemma,1,Gemma-2-9B,0.8998614780842499,11.559337615966797,-2.404296875,76.22952486857463
66,gemma,2,Gemma-2-9B,0.8886398431781242,13.004395484924316,-2.494140625,75.92416979995848
66,gemma,3,Gemma-2-9B,0.8962582927908005,13.525494575500488,-2.556640625,76.20830423204941
66,gemma,4,Gemma-2-9B,0.8848277611500764,10.402451515197754,-2.28125,75.60533882419647
67,gemma,0,Gemma-2-9B,0.857435205842055,8.055097579956055,-2.080078125,73.80326768717043
67,gemma,1,Gemma-2-9B,0.9018544711614019,8.97207260131836,-2.15234375,76.0635762964575
67,gemma,2,Gemma-2-9B,0.8245390752772221,10.567152976989746,-2.302734375,71.26358650643316
67,gemma,3,Gemma-2-9B,0.8539950944924632,9.704683303833008,-2.232421875,73.73640375818678
67,gemma,4,Gemma-2-9B,0.848190626289129,7.816450595855713,-2.029296875,73.06796191771058
68,gemma,0,Gemma-2-9B,0.9361142042235637,10.962716102600098,-2.3671875,76.5404716945793
68,gemma,1,Gemma-2-9B,0.9329951977553553,13.371573448181152,-2.59765625,76.66085883086066
68,gemma,2,Gemma-2-9B,0.9537501026862728,14.182125091552734,-2.642578125,76.33991663760742
68,gemma,3,Gemma-2-9B,0.9278323510150622,15.79220199584961,-2.76953125,76.69967530258609
68,gemma,4,Gemma-2-9B,0.9068113948721911,13.442426681518555,-2.576171875,76.47553381741866
69,gemma,0,Gemma-2-9B,0.927961341270129,14.124573707580566,-2.59375,76.72626283299934
69,gemma,1,Gemma-2-9B,0.9109100578900095,12.630125999450684,-2.48046875,76.53712714681564
69,gemma,2,Gemma-2-9B,0.9440083666951554,12.237554550170898,-2.44140625,76.51411402897877
69,gemma,3,Gemma-2-9B,0.9233139587744631,16.82004737854004,-2.771484375,76.74651439398215
69,gemma,4,Gemma-2-9B,0.9468622125656346,15.321784973144531,-2.658203125,76.56134124913387
70,gemma,0,Gemma-2-9B,0.9034458659435639,12.305593490600586,-2.427734375,76.3712697597469
70,gemma,1,Gemma-2-9B,0.9608695652173913,16.544937133789062,-2.693359375,76.2217915355472
70,gemma,2,Gemma-2-9B,0.8585790306342587,15.483537673950195,-2.64453125,74.36354163002356
70,gemma,3,Gemma-2-9B,0.9043307915304856,15.545208930969238,-2.623046875,76.52134654112733
70,gemma,4,Gemma-2-9B,0.950442050006907,17.701862335205078,-2.783203125,76.51217633884858
71,gemma,0,Gemma-2-9B,0.9088584894155793,9.590742111206055,-2.216796875,76.28923763572804
71,gemma,1,Gemma-2-9B,0.8675277471279288,10.6652250289917,-2.302734375,74.72379114182469
71,gemma,2,Gemma-2-9B,0.9114681340213444,12.23851203918457,-2.50390625,76.51415650999927
71,gemma,3,Gemma-2-9B,0.8895942387672142,8.90798568725586,-2.146484375,75.65696598138881
71,gemma,4,Gemma-2-9B,0.8699276062548952,8.034733772277832,-2.052734375,74.58964254087098
72,gemma,0,Gemma-2-9B,0.9584236643060173,12.090041160583496,-2.490234375,76.13711510503472
72,gemma,1,Gemma-2-9B,0.9256953008372817,10.77543830871582,-2.427734375,76.56158149020257
72,gemma,2,Gemma-2-9B,0.9257856988949426,15.64907455444336,-2.77734375,76.68338086895211
72,gemma,3,Gemma-2-9B,0.9495967741935484,13.455801010131836,-2.626953125,76.40901479536521
72,gemma,4,Gemma-2-9B,0.9098416521428625,11.840421676635742,-2.5390625,76.4473992213708
73,gemma,0,Gemma-2-9B,0.9132816438651016,9.650983810424805,-2.26171875,76.37842894804587
73,gemma,1,Gemma-2-9B,0.9135071929700235,8.7711763381958,-2.19921875,76.3022794120158
73,gemma,2,Gemma-2-9B,0.9103469495399403,8.425809860229492,-2.146484375,76.20747969722214
73,gemma,3,Gemma-2-9B,0.9306857269083909,8.840880393981934,-2.171875,76.39063191194265
73,gemma,4,Gemma-2-9B,0.8620190389863231,8.874468803405762,-2.193359375,74.22407922635404
74,gemma,0,Gemma-2-9B,0.8939467969206571,8.527230262756348,-2.158203125,75.79303216988983
74,gemma,1,Gemma-2-9B,0.9253684778749075,12.11202335357666,-2.447265625,76.64797923746046
74,gemma,2,Gemma-2-9B,0.9339172771716533,12.50523567199707,-2.44921875,76.65237347551935
74,gemma,3,Gemma-2-9B,0.8536316958804939,9.730267524719238,-2.287109375,73.72206676786101
74,gemma,4,Gemma-2-9B,0.8907292899694004,9.364012718200684,-2.201171875,75.75308649389446
75,gemma,0,Gemma-2-9B,0.9177824927269196,13.264545440673828,-2.619140625,76.61258620817486
75,gemma,1,Gemma-2-9B,0.9232846449705798,15.833903312683105,-2.669921875,76.773191828255
75,gemma,2,Gemma-2-9B,0.8584355616082733,16.1944637298584,-2.642578125,74.39492171291172
75,gemma,3,Gemma-2-9B,0.9128173374613003,15.395644187927246,-2.69921875,76.62694350906258
75,gemma,4,Gemma-2-9B,0.8644697971805091,18.528636932373047,-2.880859375,74.70433520591682
76,gemma,0,Gemma-2-9B,0.8570141303677606,10.4363431930542,-2.244140625,74.00816209831903
76,gemma,1,Gemma-2-9B,0.8186285771309012,7.399120330810547,-1.908203125,70.24575936650734
76,gemma,2,Gemma-2-9B,0.9075872987665489,7.389378547668457,-1.9140625,75.93467246522489
76,gemma,3,Gemma-2-9B,0.8454254303437724,7.648342132568359,-1.9599609375,72.78742867859816
76,gemma,4,Gemma-2-9B,0.9154612686976644,7.798151016235352,-1.951171875,76.12319907037434
77,gemma,0,Gemma-2-9B,0.932526259569165,7.332550525665283,-2.029296875,76.19953519099275
77,gemma,1,Gemma-2-9B,0.8872481671434984,10.992866516113281,-2.3984375,75.75266371570063
77,gemma,2,Gemma-2-9B,0.8533455159743403,9.479452133178711,-2.23828125,73.67381324636781
77,gemma,3,Gemma-2-9B,0.9289920650534462,8.470342636108398,-2.138671875,76.3548193515424
77,gemma,4,Gemma-2-9B,0.9461063476074655,12.61694622039795,-2.5390625,76.4725684555211
78,gemma,0,Gemma-2-9B,0.9031659737767829,12.332376480102539,-2.408203125,76.36859609753829
78,gemma,1,Gemma-2-9B,0.8967379132528922,8.200666427612305,-1.9453125,75.73808218173423
78,gemma,2,Gemma-2-9B,0.9456952592357698,9.64643383026123,-2.150390625,76.27100233159452
78,gemma,3,Gemma-2-9B,0.9172889328135582,11.657678604125977,-2.3515625,76.57647832961449
78,gemma,4,Gemma-2-9B,0.919341096279466,10.381861686706543,-2.1875,76.47976059882211
79,gemma,0,Gemma-2-9B,0.9100160331981515,8.697676658630371,-2.154296875,76.22481263790283
79,gemma,1,Gemma-2-9B,0.9049886007285052,12.262468338012695,-2.529296875,76.37905754898235
79,gemma,2,Gemma-2-9B,0.8675805923803711,12.818873405456543,-2.48828125,74.85555892747175
79,gemma,3,Gemma-2-9B,0.8652275249722531,9.878302574157715,-2.251953125,74.51850913441609
79,gemma,4,Gemma-2-9B,0.860582832268645,11.175788879394531,-2.470703125,74.30399310605094
80,gemma,0,Gemma-2-9B,0.9143291429411454,10.27465534210205,-2.2890625,76.44173365736633
80,gemma,1,Gemma-2-9B,0.8996322255357623,13.266256332397461,-2.57421875,76.2864687757883
80,gemma,2,Gemma-2-9B,0.9258517034068137,11.493476867675781,-2.45703125,76.60556346843816
80,gemma,3,Gemma-2-9B,0.8896239092354636,12.834877014160156,-2.591796875,75.9130429571514
80,gemma,4,Gemma-2-9B,0.9188385695324931,17.649066925048828,-2.875,76.65404141411689
81,gemma,0,Gemma-2-9B,0.8859252489901057,13.881292343139648,-2.59375,75.82755370968505
81,gemma,1,Gemma-2-9B,0.9018438413692199,8.413841247558594,-2.150390625,76.02146559351817
81,gemma,2,Gemma-2-9B,0.9306381691702793,8.552860260009766,-2.1328125,76.35406492171887
81,gemma,3,Gemma-2-9B,0.8933517273590664,13.734707832336426,-2.609375,76.09817909304589
81,gemma,4,Gemma-2-9B,0.9083752896987134,11.180135726928711,-2.35546875,76.41053939754367
82,gemma,0,Gemma-2-9B,0.9277390978070541,11.964581489562988,-2.453125,76.638843923915
82,gemma,1,Gemma-2-9B,0.9022937907661431,8.474669456481934,-2.140625,76.03370167324384
82,gemma,2,Gemma-2-9B,0.9328926115704463,10.055232048034668,-2.3359375,76.50110571287384
82,gemma,3,Gemma-2-9B,0.9337193763919821,11.16940689086914,-2.427734375,76.56838355513767
82,gemma,4,Gemma-2-9B,0.9021463418640067,11.543603897094727,-2.431640625,76.28707810405717
83,gemma,0,Gemma-2-9B,0.9187283055508719,16.63311767578125,-2.677734375,76.7823006359819
83,gemma,1,Gemma-2-9B,0.899416312828251,12.231219291687012,-2.396484375,76.26221108586704
83,gemma,2,Gemma-2-9B,0.918628359592215,9.12205696105957,-2.166015625,76.37617364612824
83,gemma,3,Gemma-2-9B,0.9300545673587981,9.81141471862793,-2.236328125,76.4821553167027
83,gemma,4,Gemma-2-9B,0.9057740825102397,10.320967674255371,-2.265625,76.2883654082291
84,gemma,0,Gemma-2-9B,0.9112486806494268,10.37972354888916,-2.3046875,76.40463532801267
84,gemma,1,Gemma-2-9B,0.799229429587041,7.956737041473389,-2.041015625,68.22950731956912
84,gemma,2,Gemma-2-9B,0.8922865932397109,10.200263023376465,-2.287109375,75.88933735954573
84,gemma,3,Gemma-2-9B,0.9339939711028723,9.704113960266113,-2.208984375,76.44782913059872
84,gemma,4,Gemma-2-9B,0.9463783157087692,12.3636474609375,-2.458984375,76.4749778946415
85,gemma,0,Gemma-2-9B,0.8860897982381359,7.518679141998291,-2.0,75.33210436029675
85,gemma,1,Gemma-2-9B,0.8689300865801953,9.89572525024414,-2.240234375,74.74321117595858
85,gemma,2,Gemma-2-9B,0.8826134035905677,8.881925582885742,-2.130859375,75.35292889267896
85,gemma,3,Gemma-2-9B,0.8557104105253286,7.148963451385498,-1.9541015625,73.53192347663571
85,gemma,4,Gemma-2-9B,0.905163545701799,10.20065689086914,-2.267578125,76.26646321031562
86,gemma,0,Gemma-2-9B,0.9034456865963146,16.932941436767578,-2.50390625,76.62949052872767
86,gemma,1,Gemma-2-9B,0.9248717690837774,12.971911430358887,-2.322265625,76.7102592602395
86,gemma,2,Gemma-2-9B,0.9201468122794199,15.62517261505127,-2.384765625,76.84770808917773
86,gemma,3,Gemma-2-9B,0.9427494072257409,17.58230209350586,-2.51171875,76.83152857075859
86,gemma,4,Gemma-2-9B,0.9312981566456006,14.919049263000488,-2.47265625,76.81143639073838
87,gemma,0,Gemma-2-9B,0.9096902529127594,13.268417358398438,-2.455078125,76.56243969216662
87,gemma,1,Gemma-2-9B,0.92057720238655,11.92617130279541,-2.369140625,76.62274646876952
87,gemma,2,Gemma-2-9B,0.9374783312146077,12.445456504821777,-2.4140625,76.62292566150268
87,gemma,3,Gemma-2-9B,0.8221847957757881,8.593868255615234,-2.056640625,70.8021390700051
87,gemma,4,Gemma-2-9B,0.8530072184462592,12.836095809936523,-2.48046875,73.87537698112429
88,gemma,0,Gemma-2-9B,0.863291278960672,12.641535758972168,-2.50390625,74.57087581472966
88,gemma,1,Gemma-2-9B,0.8720965656942231,12.360411643981934,-2.513671875,75.08171482487539
88,gemma,2,Gemma-2-9B,0.8358816139144492,12.980855941772461,-2.5703125,72.44834931717293
88,gemma,3,Gemma-2-9B,0.9013069761682295,16.56231117248535,-2.8125,76.35146712325339
88,gemma,4,Gemma-2-9B,0.8738288580723208,10.367219924926758,-2.357421875,75.06867309656344
89,gemma,0,Gemma-2-9B,0.9257874261845405,16.473127365112305,-2.783203125,76.723864255759
89,gemma,1,Gemma-2-9B,0.879806322031371,12.116545677185059,-2.482421875,75.47922551673688
89,gemma,2,Gemma-2-9B,0.893661676117968,13.082777976989746,-2.58203125,76.08211179848998
89,gemma,3,Gemma-2-9B,0.9157287157287157,13.446244239807129,-2.59765625,76.61326022328002
89,gemma,4,Gemma-2-9B,0.9045787545787546,12.241047859191895,-2.51953125,76.37158955853651
90,gemma,0,Gemma-2-9B,0.8665200277762736,14.873834609985352,-2.646484375,74.84591464778197
90,gemma,1,Gemma-2-9B,0.8854387088660022,14.737167358398438,-2.580078125,75.86531495540166
90,gemma,2,Gemma-2-9B,0.8822115517597756,14.262099266052246,-2.61328125,75.67563694858279
90,gemma,3,Gemma-2-9B,0.8421315732586979,18.639572143554688,-2.828125,73.11627942863574
90,gemma,4,Gemma-2-9B,0.8722929593949329,20.449573516845703,-2.94921875,75.17440980014312
91,gemma,0,Gemma-2-9B,0.9300004959365056,15.547666549682617,-2.697265625,76.74185507369661
91,gemma,1,Gemma-2-9B,0.9090834293236795,10.244723320007324,-2.30859375,76.35711175350453
91,gemma,2,Gemma-2-9B,0.9202572461200482,16.297054290771484,-2.78515625,76.6879167167104
91,gemma,3,Gemma-2-9B,0.9138978555145412,16.02855682373047,-2.763671875,76.62544807248787
91,gemma,4,Gemma-2-9B,0.9525773195876288,16.92986488342285,-2.74609375,76.45184742327494
92,gemma,0,Gemma-2-9B,0.8145988711180943,6.826705455780029,-1.8681640625,69.74399613494901
92,gemma,1,Gemma-2-9B,0.9437674433698967,7.480881214141846,-1.9931640625,76.06072485054634
92,gemma,2,Gemma-2-9B,0.9000189574612817,7.736766338348389,-1.998046875,75.83903807487836
92,gemma,3,Gemma-2-9B,0.8866335348026458,7.667666912078857,-2.013671875,75.37522624355718
92,gemma,4,Gemma-2-9B,0.9088837807459013,6.623129844665527,-1.8828125,75.87547527701324
93,gemma,0,Gemma-2-9B,0.9042551475980817,24.722639083862305,-3.109375,76.36471397359493
93,gemma,1,Gemma-2-9B,0.9104266849858789,17.671768188476562,-2.78515625,76.63915026318479
93,gemma,2,Gemma-2-9B,0.9087622903412378,15.879371643066406,-2.7421875,76.55081690382261
93,gemma,3,Gemma-2-9B,0.9482155232155233,16.26511573791504,-2.71484375,76.54552814883746
93,gemma,4,Gemma-2-9B,0.8881493101833533,9.728440284729004,-2.220703125,75.6843089276461
94,gemma,0,Gemma-2-9B,0.9276007358613731,16.561399459838867,-2.6796875,76.8149420300841
94,gemma,1,Gemma-2-9B,0.9365190895619308,10.702589988708496,-2.294921875,76.5150771516954
94,gemma,2,Gemma-2-9B,0.9316851562405385,16.102767944335938,-2.69921875,76.76548321108584
94,gemma,3,Gemma-2-9B,0.8784405578603471,13.305436134338379,-2.47265625,75.49114934920811
94,gemma,4,Gemma-2-9B,0.9475078129138196,17.27094078063965,-2.6640625,76.65157228363339
95,gemma,0,Gemma-2-9B,0.9322602507624533,13.13751220703125,-2.451171875,76.70263358037285
95,gemma,1,Gemma-2-9B,0.8769977266174013,10.737887382507324,-2.3203125,75.26098350228926
95,gemma,2,Gemma-2-9B,0.922012703017516,12.737048149108887,-2.470703125,76.67119732662427
95,gemma,3,Gemma-2-9B,0.9538043478260869,24.350065231323242,-3.025390625,76.3997025978024
95,gemma,4,Gemma-2-9B,0.9194144932325917,10.736601829528809,-2.310546875,76.53133718812916
96,gemma,0,Gemma-2-9B,0.9078380223088646,11.767189979553223,-2.47265625,76.42526526214084
96,gemma,1,Gemma-2-9B,0.8978373983439143,11.59387493133545,-2.435546875,76.1681627341958
96,gemma,2,Gemma-2-9B,0.913979879164397,10.771716117858887,-2.373046875,76.47584500725199
96,gemma,3,Gemma-2-9B,0.9203574818095539,16.281904220581055,-2.771484375,76.70052965426751
96,gemma,4,Gemma-2-9B,0.9489928235585252,10.572372436523438,-2.310546875,76.30785915153734
97,gemma,0,Gemma-2-9B,0.9354992425838424,10.905291557312012,-2.365234375,76.54200729981773
97,gemma,1,Gemma-2-9B,0.9136706508252692,16.838533401489258,-2.759765625,76.67007728110741
97,gemma,2,Gemma-2-9B,0.8998671922760715,19.73655891418457,-2.931640625,76.33263388084158
97,gemma,3,Gemma-2-9B,0.9028854899721382,13.892281532287598,-2.59765625,76.40159549185607
97,gemma,4,Gemma-2-9B,0.9493848843153746,16.558794021606445,-2.748046875,76.50830083713188
98,gemma,0,Gemma-2-9B,0.9222622828050602,17.077709197998047,-2.689453125,76.82263724563752
98,gemma,1,Gemma-2-9B,0.9224729327951836,10.76231575012207,-2.208984375,76.5336557776032
98,gemma,2,Gemma-2-9B,0.9048790775064814,8.543243408203125,-1.9833984375,76.01419131854037
98,gemma,3,Gemma-2-9B,0.8423161366831003,11.862314224243164,-2.30859375,72.97960240808484
98,gemma,4,Gemma-2-9B,0.9023748131253688,10.067525863647461,-2.189453125,76.16931706466615
99,gemma,0,Gemma-2-9B,0.8669692620198765,11.635445594787598,-2.357421875,74.75888521683129
99,gemma,1,Gemma-2-9B,0.939856983061681,12.417166709899902,-2.4140625,76.59298973125334
99,gemma,2,Gemma-2-9B,0.9068938579938991,11.067435264587402,-2.3125,76.37073665864368
99,gemma,3,Gemma-2-9B,0.8768409930006839,10.819580078125,-2.310546875,75.25775586387752
99,gemma,4,Gemma-2-9B,0.8809945557777356,10.929960250854492,-2.291015625,75.4687709777459
100,gemma,0,Gemma-2-9B,0.8624645895239366,17.028610229492188,-2.876953125,74.5032941215416
100,gemma,1,Gemma-2-9B,0.8559622017329345,14.047703742980957,-2.669921875,74.07774376470302
100,gemma,2,Gemma-2-9B,0.890652382369474,16.81629180908203,-2.853515625,75.97733086131655
100,gemma,3,Gemma-2-9B,0.8641801561222633,16.392818450927734,-2.830078125,74.63169364685785
100,gemma,4,Gemma-2-9B,0.9053367313658118,16.233654022216797,-2.802734375,76.4432011350031
101,gemma,0,Gemma-2-9B,0.8988122837678783,9.558859825134277,-2.26953125,76.05487873099095
101,gemma,1,Gemma-2-9B,0.8832852888850834,10.671510696411133,-2.341796875,75.56106698361485
101,gemma,2,Gemma-2-9B,0.8272711991582921,10.029818534851074,-2.287109375,71.49126091076273
101,gemma,3,Gemma-2-9B,0.8810901161780513,15.421720504760742,-2.736328125,75.60635997185415
101,gemma,4,Gemma-2-9B,0.9089163985808418,11.778468132019043,-2.513671875,76.43527461452437
102,gemma,0,Gemma-2-9B,0.9233155087096131,11.920931816101074,-2.49609375,76.61717278175843
102,gemma,1,Gemma-2-9B,0.95369341175201,8.878645896911621,-2.173828125,76.03919456479782
102,gemma,2,Gemma-2-9B,0.9010975752168146,15.071539878845215,-2.71875,76.34617069621612
102,gemma,3,Gemma-2-9B,0.8989883409699224,13.393726348876953,-2.58984375,76.26829809539439
102,gemma,4,Gemma-2-9B,0.934948866162739,12.907217979431152,-2.5625,76.63468593914348
103,gemma,0,Gemma-2-9B,0.9499452108807981,15.57260799407959,-2.642578125,76.5184185085692
103,gemma,1,Gemma-2-9B,0.9275495504445879,18.934646606445312,-2.861328125,76.76994643226165
103,gemma,2,Gemma-2-9B,0.9359260988133552,7.772029876708984,-2.046875,76.21890384532017
103,gemma,3,Gemma-2-9B,0.9277365320137323,8.88076114654541,-2.09765625,76.36752747916373
103,gemma,4,Gemma-2-9B,0.8898967481994305,16.343198776245117,-2.716796875,76.05223602586196
104,gemma,0,Gemma-2-9B,0.8685177526793182,13.41132640838623,-2.556640625,74.92538646359769
104,gemma,1,Gemma-2-9B,0.9243654791999092,12.7334623336792,-2.509765625,76.6698851271491
104,gemma,2,Gemma-2-9B,0.9019903957608876,9.36164665222168,-2.20703125,76.1143999463251
104,gemma,3,Gemma-2-9B,0.8893073455394052,10.982357025146484,-2.34375,75.83633287780565
104,gemma,4,Gemma-2-9B,0.9474271900541038,11.409394264221191,-2.4296875,76.39561374447638
105,gemma,0,Gemma-2-9B,0.9056406229551106,12.776434898376465,-2.41015625,76.45587829825315
105,gemma,1,Gemma-2-9B,0.9213878660025435,12.605839729309082,-2.560546875,76.62865735599327
105,gemma,2,Gemma-2-9B,0.8808752288823237,11.04279899597168,-2.345703125,75.47502427996001
105,gemma,3,Gemma-2-9B,0.891967291967292,17.149810791015625,-2.779296875,76.11943863124075
105,gemma,4,Gemma-2-9B,0.8662071972240671,10.30113410949707,-2.326171875,74.61948143902136
106,gemma,0,Gemma-2-9B,0.8843535714986955,11.211838722229004,-2.3984375,75.64421048849069
106,gemma,1,Gemma-2-9B,0.9026783752018577,11.021235466003418,-2.28125,76.26557309886444
106,gemma,2,Gemma-2-9B,0.8907901741577307,9.081207275390625,-2.18359375,75.72920527832754
106,gemma,3,Gemma-2-9B,0.9308326229042342,10.479284286499023,-2.3359375,76.54069432816974
106,gemma,4,Gemma-2-9B,0.8856520392885556,11.955768585205078,-2.46484375,75.74014635110417
107,gemma,0,Gemma-2-9B,0.9463759819575008,11.66628360748291,-2.40234375,76.43766881724933
107,gemma,1,Gemma-2-9B,0.9320720270246698,12.3211669921875,-2.484375,76.64311719951652
107,gemma,2,Gemma-2-9B,0.8976399622706793,10.266860961914062,-2.345703125,76.07738144470395
107,gemma,3,Gemma-2-9B,0.9211432936974723,12.696911811828613,-2.486328125,76.65942582586878
107,gemma,4,Gemma-2-9B,0.9281431669491371,14.767782211303711,-2.5625,76.77968475590257
108,gemma,0,Gemma-2-9B,0.9305970217819236,9.866284370422363,-2.265625,76.49050703558136
108,gemma,1,Gemma-2-9B,0.9344777056730165,18.288368225097656,-2.833984375,76.7416682065044
108,gemma,2,Gemma-2-9B,0.9086672798648217,14.129073143005371,-2.60546875,76.54084805032645
108,gemma,3,Gemma-2-9B,0.9271797979117927,12.997426986694336,-2.486328125,76.69826389776877
108,gemma,4,Gemma-2-9B,0.8814451415893313,11.716815948486328,-2.447265625,75.53904363216868
109,gemma,0,Gemma-2-9B,0.9171423946473858,6.129305362701416,-1.8173828125,75.90009812195473
109,gemma,1,Gemma-2-9B,0.8829632037945708,7.959602355957031,-2.025390625,75.24444487817351
109,gemma,2,Gemma-2-9B,0.9141323290549987,13.519994735717773,-2.462890625,76.64741584444378
109,gemma,3,Gemma-2-9B,0.8955206563090381,10.605399131774902,-2.34765625,76.0338323505028
109,gemma,4,Gemma-2-9B,0.8841373812443372,8.632381439208984,-2.12890625,75.40243475204291
110,gemma,0,Gemma-2-9B,0.8954246974808697,10.878780364990234,-2.287109375,76.04484939317958
110,gemma,1,Gemma-2-9B,0.8885984038851694,10.717175483703613,-2.224609375,75.77286391980176
110,gemma,2,Gemma-2-9B,0.9040357948639947,8.776864051818848,-2.087890625,76.0748005554951
110,gemma,3,Gemma-2-9B,0.9254073850999048,13.595133781433105,-2.5078125,76.7277676718839
110,gemma,4,Gemma-2-9B,0.8647991450051379,14.184944152832031,-2.5390625,74.75189247070462
111,gemma,0,Gemma-2-9B,0.8972390056390901,10.650040626525879,-2.400390625,76.08982427695021
111,gemma,1,Gemma-2-9B,0.9221584800829599,11.856529235839844,-2.48828125,76.60967737469194
111,gemma,2,Gemma-2-9B,0.8778352351214458,12.13817024230957,-2.45703125,75.3889687895793
111,gemma,3,Gemma-2-9B,0.8885955767343782,12.406463623046875,-2.45703125,75.89314257491408
111,gemma,4,Gemma-2-9B,0.9051407151652704,13.062385559082031,-2.599609375,76.40294594171984
112,gemma,0,Gemma-2-9B,0.8758003424466796,11.502328872680664,-2.392578125,75.25087230893641
112,gemma,1,Gemma-2-9B,0.9257400114677375,10.412250518798828,-2.318359375,76.54032008589412
112,gemma,2,Gemma-2-9B,0.9145186151704416,13.507009506225586,-2.51171875,76.6382656906114
112,gemma,3,Gemma-2-9B,0.9367515322960867,16.061553955078125,-2.703125,76.72374963639645
112,gemma,4,Gemma-2-9B,0.8707490571969903,13.090716361999512,-2.4765625,75.06313858624223
113,gemma,0,Gemma-2-9B,0.8824144358422663,12.785442352294922,-2.494140625,75.6429907707122
113,gemma,1,Gemma-2-9B,0.9075211568835543,11.76789665222168,-2.34765625,76.4330257990007
113,gemma,2,Gemma-2-9B,0.9025620708958795,12.35532283782959,-2.357421875,76.35765354390522
113,gemma,3,Gemma-2-9B,0.9457441206458047,12.730350494384766,-2.458984375,76.51112182857912
113,gemma,4,Gemma-2-9B,0.8410048369480418,14.984127044677734,-2.58984375,73.00905137370512
114,gemma,0,Gemma-2-9B,0.8672621463046685,11.86172103881836,-2.41796875,74.78789969642884
114,gemma,1,Gemma-2-9B,0.894500681105747,15.403402328491211,-2.615234375,76.23432036811766
114,gemma,2,Gemma-2-9B,0.9022043573003693,15.611693382263184,-2.6171875,76.47559185759921
114,gemma,3,Gemma-2-9B,0.9557344064386318,17.231651306152344,-2.66796875,76.44025345527831
114,gemma,4,Gemma-2-9B,0.9462433660821694,12.39791488647461,-2.375,76.49056668082187
115,gemma,0,Gemma-2-9B,0.9047738741390963,8.221784591674805,-2.08984375,76.05226559132147
115,gemma,1,Gemma-2-9B,0.9022195769904657,8.283312797546387,-2.111328125,76.00449906711427
115,gemma,2,Gemma-2-9B,0.8738535435066896,12.458813667297363,-2.484375,75.19423463556326
115,gemma,3,Gemma-2-9B,0.8774226433747252,11.326066970825195,-2.390625,75.32308953277006
115,gemma,4,Gemma-2-9B,0.8851799612532543,11.570480346679688,-2.42578125,75.70139117042253
116,gemma,0,Gemma-2-9B,0.8761670569302784,12.567018508911133,-2.466796875,75.3291249227406
116,gemma,1,Gemma-2-9B,0.9254155010696067,15.117871284484863,-2.720703125,76.70099953409262
116,gemma,2,Gemma-2-9B,0.8787340212328026,12.063773155212402,-2.421875,75.43524761677901
116,gemma,3,Gemma-2-9B,0.8961576652326741,13.539690971374512,-2.615234375,76.17704461011303
116,gemma,4,Gemma-2-9B,0.9239371535386108,13.787813186645508,-2.58203125,76.70585905506792
117,gemma,0,Gemma-2-9B,0.9018292149254602,14.757237434387207,-2.708984375,76.35484911716675
117,gemma,1,Gemma-2-9B,0.824926574137665,13.18134593963623,-2.6015625,71.41473389835086
117,gemma,2,Gemma-2-9B,0.9120677158832056,14.611512184143066,-2.70703125,76.56347411700476
117,gemma,3,Gemma-2-9B,0.8564903971414748,11.0785493850708,-2.44140625,74.02049563817567
117,gemma,4,Gemma-2-9B,0.8857153825482744,13.3439302444458,-2.658203125,75.74754695553024
118,gemma,0,Gemma-2-9B,0.9217454664721131,9.59367561340332,-2.220703125,76.45074219746634
118,gemma,1,Gemma-2-9B,0.9329413000105009,12.811210632324219,-2.45703125,76.67680873176322
118,gemma,2,Gemma-2-9B,0.9224979272491892,13.50653076171875,-2.533203125,76.70331865071023
118,gemma,3,Gemma-2-9B,0.9476672585093121,13.727570533752441,-2.572265625,76.49719340344917
118,gemma,4,Gemma-2-9B,0.9264133635880848,13.672534942626953,-2.6015625,76.69422430462095
119,gemma,0,Gemma-2-9B,0.9119562976705835,13.369632720947266,-2.546875,76.57934260858367
119,gemma,1,Gemma-2-9B,0.8988618688591826,13.144139289855957,-2.505859375,76.28319663238067
119,gemma,2,Gemma-2-9B,0.8484435669356899,11.812850952148438,-2.455078125,73.46580722156152
119,gemma,3,Gemma-2-9B,0.8748577045380649,19.345937728881836,-2.80859375,75.42960185647642
119,gemma,4,Gemma-2-9B,0.8873771094522255,12.44184684753418,-2.392578125,75.85543517404973
120,gemma,0,Gemma-2-9B,0.9461413086688045,10.750673294067383,-2.3671875,76.38200233377962
120,gemma,1,Gemma-2-9B,0.8676152248941328,14.99050521850586,-2.669921875,74.90429094662612
120,gemma,2,Gemma-2-9B,0.8875008368756309,10.784255981445312,-2.369140625,75.7503635840589
120,gemma,3,Gemma-2-9B,0.9238323389907496,13.293545722961426,-2.576171875,76.67740349180046
120,gemma,4,Gemma-2-9B,0.9021216558385137,11.282927513122559,-2.3828125,76.27400637798014
121,gemma,0,Gemma-2-9B,0.9426922913749947,11.882187843322754,-2.427734375,76.51475781408747
121,gemma,1,Gemma-2-9B,0.937066529668636,11.600200653076172,-2.3984375,76.5728539233696
121,gemma,2,Gemma-2-9B,0.9477863807822117,9.346122741699219,-2.208984375,76.2276664851406
121,gemma,3,Gemma-2-9B,0.9264871369564511,10.84282112121582,-2.388671875,76.5714521722222
121,gemma,4,Gemma-2-9B,0.9231585974264598,9.027351379394531,-2.20703125,76.41303711921978
122,gemma,0,Gemma-2-9B,0.9198388357688376,13.434823036193848,-2.560546875,76.6708207588791
122,gemma,1,Gemma-2-9B,0.8933406497303508,11.328219413757324,-2.38671875,76.00862265757281
122,gemma,2,Gemma-2-9B,0.9332731803729484,10.66431999206543,-2.3515625,76.54185327993528
122,gemma,3,Gemma-2-9B,0.9472318183453885,16.21255111694336,-2.771484375,76.51529258024365
122,gemma,4,Gemma-2-9B,0.9133536484539249,10.322592735290527,-2.302734375,76.43315115287713
123,gemma,0,Gemma-2-9B,0.8946147621329399,13.424023628234863,-2.59765625,76.12844804781436
123,gemma,1,Gemma-2-9B,0.8902446619658246,14.85693645477295,-2.6171875,76.04810412202337
123,gemma,2,Gemma-2-9B,0.920561122244489,11.242979049682617,-2.392578125,76.57547941186971
123,gemma,3,Gemma-2-9B,0.9197356962693513,12.762923240661621,-2.5546875,76.62980685998545
123,gemma,4,Gemma-2-9B,0.9106026594457417,12.903759956359863,-2.451171875,76.55624947448375
124,gemma,0,Gemma-2-9B,0.9779411764705882,14.47834300994873,-2.662109375,75.3915042047604
124,gemma,1,Gemma-2-9B,0.8976894749346639,8.492415428161621,-2.15234375,75.90980346515934
124,gemma,2,Gemma-2-9B,0.9724137931034482,9.55043888092041,-2.28515625,75.42964054466329
124,gemma,3,Gemma-2-9B,0.9624233739351962,13.331791877746582,-2.58984375,76.04204489956365
124,gemma,4,Gemma-2-9B,0.9319427698738044,14.135967254638672,-2.6796875,76.66370892922446
125,gemma,0,Gemma-2-9B,0.8799522627566819,10.397636413574219,-2.33984375,75.38588544499454
125,gemma,1,Gemma-2-9B,0.8659507598349119,11.11312484741211,-2.41015625,74.65767300649509
125,gemma,2,Gemma-2-9B,0.8820012874727192,9.653093338012695,-2.287109375,75.42590063840768
125,gemma,3,Gemma-2-9B,0.9181011997913405,12.279823303222656,-2.498046875,76.6047096036207
125,gemma,4,Gemma-2-9B,0.9147699851354221,10.591203689575195,-2.373046875,76.4739182344591
126,gemma,0,Gemma-2-9B,0.9020373565828111,8.547225952148438,-2.18359375,76.0487270944826
126,gemma,1,Gemma-2-9B,0.948651197319449,6.446058750152588,-1.8466796875,75.76887502524188
126,gemma,2,Gemma-2-9B,0.9455830627705628,9.775790214538574,-2.30078125,76.32129809334319
126,gemma,3,Gemma-2-9B,0.9215443519524988,8.388201713562012,-2.138671875,76.3331944947529
126,gemma,4,Gemma-2-9B,0.9142310200058253,8.79655933380127,-2.203125,76.31541601547855
127,gemma,0,Gemma-2-9B,0.8796906069285076,12.425201416015625,-2.31640625,75.50898064900048
127,gemma,1,Gemma-2-9B,0.8915864525389986,14.124324798583984,-2.4609375,76.11542969051084
127,gemma,2,Gemma-2-9B,0.900772014850024,14.422072410583496,-2.529296875,76.40850412264213
127,gemma,3,Gemma-2-9B,0.8546600260425538,13.938310623168945,-2.43359375,74.07614308271964
127,gemma,4,Gemma-2-9B,0.8533662523932694,13.132423400878906,-2.40625,73.93450674738594
128,gemma,0,Gemma-2-9B,0.9597852068440305,9.9692964553833,-2.298828125,75.96283062088422
128,gemma,1,Gemma-2-9B,0.9623633513878143,9.932805061340332,-2.3046875,75.87142808206892
128,gemma,2,Gemma-2-9B,0.9541547277936963,9.798211097717285,-2.365234375,76.12594700183291
128,gemma,3,Gemma-2-9B,0.8452490629377689,7.917985916137695,-2.109375,72.88417329396148
128,gemma,4,Gemma-2-9B,0.9286630768662805,7.86726188659668,-2.083984375,76.28449538375499
129,gemma,0,Gemma-2-9B,0.9256080574306226,11.336398124694824,-2.396484375,76.60349459160685
129,gemma,1,Gemma-2-9B,0.934469941822883,11.771191596984863,-2.400390625,76.60701176455079
129,gemma,2,Gemma-2-9B,0.950381679389313,13.417669296264648,-2.611328125,76.39708116967509
129,gemma,3,Gemma-2-9B,0.965625,13.942681312561035,-2.6015625,75.95347142641484
129,gemma,4,Gemma-2-9B,0.946236559139785,14.866279602050781,-2.705078125,76.51396873342979
130,gemma,0,Gemma-2-9B,0.8889168853812366,12.256128311157227,-2.494140625,75.88669650148321
130,gemma,1,Gemma-2-9B,0.9299996339610901,10.594935417175293,-2.3671875,76.5517410253899
130,gemma,2,Gemma-2-9B,0.880443186056763,10.02530288696289,-2.361328125,75.38360362474954
130,gemma,3,Gemma-2-9B,0.823281138143778,10.297415733337402,-2.380859375,71.12187023287105
130,gemma,4,Gemma-2-9B,0.8651261666181258,10.345853805541992,-2.37890625,74.55551366356016
131,gemma,0,Gemma-2-9B,0.9054152642634666,10.051259994506836,-2.267578125,76.26166205063753
131,gemma,1,Gemma-2-9B,0.9056538924213782,13.882109642028809,-2.609375,76.46073000771622
131,gemma,2,Gemma-2-9B,0.9004140120353803,11.757867813110352,-2.4375,76.25386784648572
131,gemma,3,Gemma-2-9B,0.919523312715801,12.459716796875,-2.4765625,76.63493153281694
131,gemma,4,Gemma-2-9B,0.887397283130101,11.261194229125977,-2.412109375,75.77572262153214
132,gemma,0,Gemma-2-9B,0.8746743289184206,10.689001083374023,-2.341796875,75.13661985988351
132,gemma,1,Gemma-2-9B,0.933295615959922,9.823017120361328,-2.27734375,76.47634062725052
132,gemma,2,Gemma-2-9B,0.8438253250731518,10.22269058227539,-2.359375,72.9952019228482
132,gemma,3,Gemma-2-9B,0.8607052357534156,11.80948543548584,-2.458984375,74.35765033864666
132,gemma,4,Gemma-2-9B,0.8923472833728193,16.665987014770508,-2.80078125,76.08680522982144
133,gemma,0,Gemma-2-9B,0.8611822951670488,12.384989738464355,-2.541015625,74.40257232087349
133,gemma,1,Gemma-2-9B,0.9020206787831924,11.082965850830078,-2.419921875,76.25423669253225
133,gemma,2,Gemma-2-9B,0.8892438225546792,7.888026714324951,-2.09375,75.54358504421972
133,gemma,3,Gemma-2-9B,0.8689431676107495,8.75345516204834,-2.185546875,74.6459372526909
133,gemma,4,Gemma-2-9B,0.9196336312837954,10.647120475769043,-2.37109375,76.52876395706936
134,gemma,0,Gemma-2-9B,0.9053258043548911,15.083024024963379,-2.67578125,76.4842382346733
134,gemma,1,Gemma-2-9B,0.8530273126159402,10.795029640197754,-2.318359375,73.75550616102416
134,gemma,2,Gemma-2-9B,0.9144829279352706,15.17469310760498,-2.669921875,76.65867579058367
134,gemma,3,Gemma-2-9B,0.9202605665808211,14.190370559692383,-2.623046875,76.68901839657218
134,gemma,4,Gemma-2-9B,0.863253133361552,14.140124320983887,-2.595703125,74.62464214115916
135,gemma,0,Gemma-2-9B,0.8822403256107809,13.351971626281738,-2.583984375,75.63599580813451
135,gemma,1,Gemma-2-9B,0.8893625397406099,13.092629432678223,-2.5546875,75.93661609454857
135,gemma,2,Gemma-2-9B,0.9042569929756379,13.891016006469727,-2.572265625,76.44767593051044
135,gemma,3,Gemma-2-9B,0.9072814343533282,10.64013671875,-2.361328125,76.35129132245876
135,gemma,4,Gemma-2-9B,0.851136566299408,8.434144020080566,-2.080078125,73.37103982209005
136,gemma,0,Gemma-2-9B,0.9033251359863806,12.244142532348633,-2.541015625,76.33353332228579
136,gemma,1,Gemma-2-9B,0.8830459488874812,12.279983520507812,-2.517578125,75.6315685895537
136,gemma,2,Gemma-2-9B,0.8981064410802869,13.28823471069336,-2.625,76.2164132504437
136,gemma,3,Gemma-2-9B,0.8947386137947285,9.666668891906738,-2.279296875,75.93578194083295
136,gemma,4,Gemma-2-9B,0.9359017671517672,12.05076789855957,-2.48828125,76.5975725055052
137,gemma,0,Gemma-2-9B,0.8905707772925692,11.37660026550293,-2.341796875,75.91177056371356
137,gemma,1,Gemma-2-9B,0.8747569927101101,11.170090675354004,-2.302734375,75.17145491294863
137,gemma,2,Gemma-2-9B,0.9288311751288378,11.309715270996094,-2.400390625,76.60153092941975
137,gemma,3,Gemma-2-9B,0.8621227105908165,10.064531326293945,-2.19921875,74.31835976207294
137,gemma,4,Gemma-2-9B,0.8270737786723277,10.606428146362305,-2.275390625,71.51081329749286
138,gemma,0,Gemma-2-9B,0.9321903393049638,16.264049530029297,-2.650390625,76.80583265651659
138,gemma,1,Gemma-2-9B,0.898974988876582,10.925155639648438,-2.197265625,76.13800945099236
138,gemma,2,Gemma-2-9B,0.9299646848853841,10.961016654968262,-2.4140625,76.57376423661366
138,gemma,3,Gemma-2-9B,0.8521736282823787,10.374216079711914,-2.3359375,73.6635450447258
138,gemma,4,Gemma-2-9B,0.9268140009813814,7.224057674407959,-1.9658203125,76.16284414460897
139,gemma,0,Gemma-2-9B,0.9510689934126892,13.552011489868164,-2.533203125,76.42504701132633
139,gemma,1,Gemma-2-9B,0.914136581629309,20.11599349975586,-2.884765625,76.70713312647615
139,gemma,2,Gemma-2-9B,0.9045515462750853,16.786592483520508,-2.794921875,76.46280803601431
139,gemma,3,Gemma-2-9B,0.9400583155769877,14.356081008911133,-2.556640625,76.67324635884987
139,gemma,4,Gemma-2-9B,0.9446805212921225,15.148193359375,-2.517578125,76.66306935617091
140,gemma,0,Gemma-2-9B,0.8651614691706208,9.451725006103516,-2.232421875,74.47940020592159
140,gemma,1,Gemma-2-9B,0.9394489618694244,10.051074028015137,-2.251953125,76.42980774799199
140,gemma,2,Gemma-2-9B,0.9211377870563675,9.485296249389648,-2.19921875,76.43305142901723
140,gemma,3,Gemma-2-9B,0.9125099243227367,11.793610572814941,-2.478515625,76.50846957835978
140,gemma,4,Gemma-2-9B,0.9051414180404052,15.754054069519043,-2.720703125,76.4850993373811
141,gemma,0,Gemma-2-9B,0.9363944425618435,12.666946411132812,-2.546875,76.6132561329176
141,gemma,1,Gemma-2-9B,0.8556994125560718,14.60859203338623,-2.640625,74.1118350567697
141,gemma,2,Gemma-2-9B,0.8782468712295114,12.449258804321289,-2.51953125,75.4126448602569
141,gemma,3,Gemma-2-9B,0.899208407403888,17.87831687927246,-2.951171875,76.19943153183647
141,gemma,4,Gemma-2-9B,0.9141392400109576,14.941250801086426,-2.712890625,76.608972448082
142,gemma,0,Gemma-2-9B,0.9461787630326957,15.102225303649902,-2.685546875,76.5434083598882
142,gemma,1,Gemma-2-9B,0.9147113368364187,14.785528182983398,-2.642578125,76.65663281350227
142,gemma,2,Gemma-2-9B,0.9586374695863747,16.14898681640625,-2.646484375,76.30648869676727
142,gemma,3,Gemma-2-9B,0.9500538123151834,10.888671875,-2.33203125,76.30688541433273
142,gemma,4,Gemma-2-9B,0.9454098498068357,15.19141674041748,-2.744140625,76.51736144523181
143,gemma,0,Gemma-2-9B,0.9560585240385463,10.525019645690918,-2.36328125,76.12261113099656
143,gemma,1,Gemma-2-9B,0.9181075169793945,11.602156639099121,-2.392578125,76.57952609154454
143,gemma,2,Gemma-2-9B,0.9292516753404783,8.033039093017578,-2.056640625,76.28095786754355
143,gemma,3,Gemma-2-9B,0.9209494486987184,9.638874053955078,-2.28515625,76.46238388276271
143,gemma,4,Gemma-2-9B,0.9255883177493033,9.798822402954102,-2.24609375,76.48602598526098
144,gemma,0,Gemma-2-9B,0.8669837946527572,18.077560424804688,-2.859375,74.86342113354777
144,gemma,1,Gemma-2-9B,0.9279034859947723,18.539026260375977,-2.857421875,76.75517529429025
144,gemma,2,Gemma-2-9B,0.8867149037905537,17.676563262939453,-2.78515625,75.93604408623814
144,gemma,3,Gemma-2-9B,0.894549845172621,9.49474048614502,-2.2421875,75.90999464499122
144,gemma,4,Gemma-2-9B,0.9259797542845912,9.90413761138916,-2.283203125,76.50093663367936
145,gemma,0,Gemma-2-9B,0.9103688216550079,15.471755027770996,-2.673828125,76.60973936549851
145,gemma,1,Gemma-2-9B,0.8889961087737153,16.210641860961914,-2.677734375,76.0389043356439
145,gemma,2,Gemma-2-9B,0.8938982808113507,10.417850494384766,-2.251953125,75.9553383003947
145,gemma,3,Gemma-2-9B,0.8934362004130932,10.26654052734375,-2.23046875,75.9237751198581
145,gemma,4,Gemma-2-9B,0.9142210358467744,13.74512767791748,-2.486328125,76.65678621204432
146,gemma,0,Gemma-2-9B,0.9014610566561054,14.785639762878418,-2.615234375,76.40907363135707
146,gemma,1,Gemma-2-9B,0.919208413744276,14.278914451599121,-2.603515625,76.69697923750964
146,gemma,2,Gemma-2-9B,0.8775620385728689,14.099167823791504,-2.568359375,75.46269819063193
146,gemma,3,Gemma-2-9B,0.9367059782348147,14.860340118408203,-2.58984375,76.72651446461232
146,gemma,4,Gemma-2-9B,0.9109947435805679,13.662630081176758,-2.51953125,76.59220856797643
147,gemma,0,Gemma-2-9B,0.9100943006818702,15.197872161865234,-2.716796875,76.55726326154043
147,gemma,1,Gemma-2-9B,0.9288832693179379,11.48663330078125,-2.462890625,76.60353695039552
147,gemma,2,Gemma-2-9B,0.8946045355074428,13.56048583984375,-2.619140625,76.12497012605266
147,gemma,3,Gemma-2-9B,0.8948845516009695,14.845389366149902,-2.70703125,76.15387017478778
147,gemma,4,Gemma-2-9B,0.8936469725472691,14.046625137329102,-2.6796875,76.0837523185487
148,gemma,0,Gemma-2-9B,0.9130298548622838,9.887211799621582,-2.322265625,76.39941012053673
148,gemma,1,Gemma-2-9B,0.8695970006923488,11.589311599731445,-2.466796875,74.9003461608847
148,gemma,2,Gemma-2-9B,0.8667269187986653,10.326589584350586,-2.408203125,74.6513767401517
148,gemma,3,Gemma-2-9B,0.8784802248349233,11.555485725402832,-2.50390625,75.37025103186143
148,gemma,4,Gemma-2-9B,0.8640012010233721,10.674420356750488,-2.40625,74.5049475014667
149,gemma,0,Gemma-2-9B,0.9007873429039789,11.208337783813477,-2.404296875,76.23158236225437
149,gemma,1,Gemma-2-9B,0.8653012986992186,9.822661399841309,-2.25,74.5187724747315
149,gemma,2,Gemma-2-9B,0.9378681728927784,10.944137573242188,-2.349609375,76.52161334127783
149,gemma,3,Gemma-2-9B,0.8864214543445981,10.791840553283691,-2.3671875,75.70617010250307
149,gemma,4,Gemma-2-9B,0.9061858038051057,11.208075523376465,-2.431640625,76.3610860201659
150,gemma,0,Gemma-2-9B,0.9222188488622277,12.560637474060059,-2.482421875,76.65791053536063
150,gemma,1,Gemma-2-9B,0.9370456017019703,10.763976097106934,-2.330078125,76.51723724395895
150,gemma,2,Gemma-2-9B,0.9254214619574634,11.629265785217285,-2.45703125,76.61397028242177
150,gemma,3,Gemma-2-9B,0.9446238391411774,11.60462474822998,-2.421875,76.46427962869957
150,gemma,4,Gemma-2-9B,0.9280127270027341,14.334134101867676,-2.625,76.72189539058162
151,gemma,0,Gemma-2-9B,0.9270127355328814,8.963449478149414,-2.216796875,76.41994389448496
151,gemma,1,Gemma-2-9B,0.9145677249125524,10.900792121887207,-2.416015625,76.4892451004771
151,gemma,2,Gemma-2-9B,0.9434291898577613,11.519621849060059,-2.416015625,76.48003879804634
151,gemma,3,Gemma-2-9B,0.9081592519668386,9.261427879333496,-2.244140625,76.25874787814058
151,gemma,4,Gemma-2-9B,0.8788204098534647,14.89094066619873,-2.66015625,75.5222996544154
152,gemma,0,Gemma-2-9B,0.9461062757672928,14.350226402282715,-2.70703125,76.4842000118546
152,gemma,1,Gemma-2-9B,0.9453376205787781,11.1884126663208,-2.43359375,76.42127539185032
152,gemma,2,Gemma-2-9B,0.9239370852789384,15.365123748779297,-2.71875,76.71290781014436
152,gemma,3,Gemma-2-9B,0.8812509042354386,11.241429328918457,-2.43359375,75.5002240240844
152,gemma,4,Gemma-2-9B,0.9229697567771521,11.66147518157959,-2.48046875,76.60272592953679
153,gemma,0,Gemma-2-9B,0.8926314180691732,7.816042423248291,-2.12109375,75.67821229266652
153,gemma,1,Gemma-2-9B,0.8588812936268638,7.763810634613037,-2.041015625,73.85989964578617
153,gemma,2,Gemma-2-9B,0.8716035557666661,9.946051597595215,-2.294921875,74.91149700005334
153,gemma,3,Gemma-2-9B,0.8569340120787228,13.439727783203125,-2.626953125,74.13638851976
153,gemma,4,Gemma-2-9B,0.9439359267734554,9.117303848266602,-2.236328125,76.29236597989481
154,gemma,0,Gemma-2-9B,0.918348623853211,10.034598350524902,-2.28125,76.46936054624231
154,gemma,1,Gemma-2-9B,0.9517426832318854,12.058964729309082,-2.423828125,76.34050883112238
154,gemma,2,Gemma-2-9B,0.9188717948717948,16.98198890686035,-2.75,76.74574402824044
154,gemma,3,Gemma-2-9B,0.9294683426664448,13.843347549438477,-2.572265625,76.71721731554011
154,gemma,4,Gemma-2-9B,0.9025564652411397,11.502509117126465,-2.3984375,76.2989796320842
155,gemma,0,Gemma-2-9B,0.8891327984384488,15.616697311401367,-2.638671875,76.03652530305331
155,gemma,1,Gemma-2-9B,0.9043095548597986,13.616219520568848,-2.486328125,76.46358153312929
155,gemma,2,Gemma-2-9B,0.9258200759568748,15.793018341064453,-2.75390625,76.71272107011244
155,gemma,3,Gemma-2-9B,0.9363636642128705,16.648704528808594,-2.75,76.72171040935066
155,gemma,4,Gemma-2-9B,0.9394714407502132,13.755549430847168,-2.57421875,76.6362328817029
156,gemma,0,Gemma-2-9B,0.8701083740029549,9.443634033203125,-2.212890625,74.77299232727087
156,gemma,1,Gemma-2-9B,0.9325860002276821,7.577336311340332,-1.998046875,76.19766204520066
156,gemma,2,Gemma-2-9B,0.9318995187621832,10.890588760375977,-2.30078125,76.56198301195376
156,gemma,3,Gemma-2-9B,0.8718027432584164,9.025320053100586,-2.201171875,74.83633150108041
156,gemma,4,Gemma-2-9B,0.9020443952189764,10.661266326904297,-2.33203125,76.22946966647228
157,gemma,0,Gemma-2-9B,0.823224426372547,8.05709171295166,-2.1015625,70.89053043659915
157,gemma,1,Gemma-2-9B,0.8484473095113864,9.659565925598145,-2.27734375,73.32112666667908
157,gemma,2,Gemma-2-9B,0.9140603500116754,10.90966796875,-2.341796875,76.48656391967029
157,gemma,3,Gemma-2-9B,0.8573710701924174,7.272943496704102,-1.927734375,73.63917682116454
157,gemma,4,Gemma-2-9B,0.8421821564552631,8.913331985473633,-2.166015625,72.72845701203235
158,gemma,0,Gemma-2-9B,0.9009534826985348,16.678895950317383,-2.841796875,76.3176400586662
158,gemma,1,Gemma-2-9B,0.9379254292390531,17.515180587768555,-2.85546875,76.64742429133746
158,gemma,2,Gemma-2-9B,0.8932506460911072,16.582843780517578,-2.763671875,76.14930510853789
158,gemma,3,Gemma-2-9B,0.9355034574509228,16.003435134887695,-2.787109375,76.66022981343505
158,gemma,4,Gemma-2-9B,0.9194452307910312,14.574965476989746,-2.662109375,76.68169623874496
159,gemma,0,Gemma-2-9B,0.9133480695639767,13.379814147949219,-2.505859375,76.61596348988894
159,gemma,1,Gemma-2-9B,0.8674651710672158,13.440574645996094,-2.4921875,74.88694884716968
159,gemma,2,Gemma-2-9B,0.9480496127294895,19.052886962890625,-2.81640625,76.60018344565849
159,gemma,3,Gemma-2-9B,0.8967494162873896,5.7534027099609375,-1.7412109375,75.36417264440603
159,gemma,4,Gemma-2-9B,0.9291973213595575,10.25390625,-2.29296875,76.52594229548772
160,gemma,0,Gemma-2-9B,0.8846309633811374,10.808364868164062,-2.419921875,75.62635637301382
160,gemma,1,Gemma-2-9B,0.8894190123664345,10.30944538116455,-2.2734375,75.78724950480868
160,gemma,2,Gemma-2-9B,0.8600584024882176,13.078259468078613,-2.515625,74.38107190210525
160,gemma,3,Gemma-2-9B,0.9614243323442137,14.696024894714355,-2.6328125,76.13751698510956
160,gemma,4,Gemma-2-9B,0.9082868030012033,18.43714714050293,-2.892578125,76.5225944916031
161,gemma,0,Gemma-2-9B,0.9168836805555556,14.128450393676758,-2.630859375,76.65014036515615
161,gemma,1,Gemma-2-9B,0.9059174062276293,11.96216106414795,-2.43359375,76.40558058095525
161,gemma,2,Gemma-2-9B,0.9159695171255865,11.71159553527832,-2.470703125,76.55177114199967
161,gemma,3,Gemma-2-9B,0.9372093023255814,15.086408615112305,-2.685546875,76.67641025609392
161,gemma,4,Gemma-2-9B,0.878511667882883,13.116490364074707,-2.5,75.4752160242017
162,gemma,0,Gemma-2-9B,0.8984028720963547,10.92311954498291,-2.345703125,76.14607613244665
162,gemma,1,Gemma-2-9B,0.89228639424558,12.430309295654297,-2.515625,76.01869881753554
162,gemma,2,Gemma-2-9B,0.866111615892021,9.998310089111328,-2.3125,74.59119793875111
162,gemma,3,Gemma-2-9B,0.9173976279369649,12.026906967163086,-2.498046875,76.58107617770047
162,gemma,4,Gemma-2-9B,0.8986039899093439,12.937263488769531,-2.552734375,76.2451226659447
163,gemma,0,Gemma-2-9B,0.8922395272352049,10.86640453338623,-2.37109375,75.9386045618972
163,gemma,1,Gemma-2-9B,0.8828682902638606,11.922051429748535,-2.482421875,75.61055920454218
163,gemma,2,Gemma-2-9B,0.9173033340048348,14.400598526000977,-2.66796875,76.6474859222558
163,gemma,3,Gemma-2-9B,0.9033303177291301,8.657958984375,-2.169921875,76.0850028218235
163,gemma,4,Gemma-2-9B,0.8880768292934259,16.52057456970215,-2.794921875,75.92152006966326
164,gemma,0,Gemma-2-9B,0.9153861785869164,15.825936317443848,-2.693359375,76.69097170757784
164,gemma,1,Gemma-2-9B,0.9300763427745404,11.069796562194824,-2.365234375,76.58431670769131
164,gemma,2,Gemma-2-9B,0.9178096703688835,14.22250747680664,-2.544921875,76.70820873685827
164,gemma,3,Gemma-2-9B,0.8855804695795664,14.286940574645996,-2.62890625,75.81828037044872
164,gemma,4,Gemma-2-9B,0.9266586826347306,12.409619331359863,-2.42578125,76.67282829742194
165,gemma,0,Gemma-2-9B,0.9264777235493906,16.377212524414062,-2.765625,76.73563203041067
165,gemma,1,Gemma-2-9B,0.909592194029408,12.367875099182129,-2.427734375,76.50763133912871
165,gemma,2,Gemma-2-9B,0.9153244283479696,11.666540145874023,-2.45703125,76.54405920512585
165,gemma,3,Gemma-2-9B,0.9022025695026656,12.66252326965332,-2.4375,76.36145705967861
165,gemma,4,Gemma-2-9B,0.9311385080841101,18.524091720581055,-2.875,76.72696632624775
166,gemma,0,Gemma-2-9B,0.9333333333333333,9.064200401306152,-2.240234375,76.41423585337147
166,gemma,1,Gemma-2-9B,0.9427860696517413,8.643730163574219,-2.2109375,76.27017782027396
166,gemma,2,Gemma-2-9B,0.8437261718220114,9.897052764892578,-2.31640625,72.96241246220747
166,gemma,3,Gemma-2-9B,0.887818251658888,9.265929222106934,-2.28125,75.65040723457409
166,gemma,4,Gemma-2-9B,0.93145291502099,10.8020601272583,-2.419921875,76.55676922952173
167,gemma,0,Gemma-2-9B,0.8751888733787163,14.761146545410156,-2.4765625,75.41158848217621
167,gemma,1,Gemma-2-9B,0.8923663414250214,22.827592849731445,-2.91015625,76.24161084204148
167,gemma,2,Gemma-2-9B,0.937710187716739,16.609235763549805,-2.5859375,76.81722310153995
167,gemma,3,Gemma-2-9B,0.9176208278893884,21.940481185913086,-2.900390625,76.80404272797827
167,gemma,4,Gemma-2-9B,0.9251758314204083,18.235889434814453,-2.8125,76.78592727451553
168,gemma,0,Gemma-2-9B,0.9033621990697883,13.726186752319336,-2.548828125,76.42597609134424
168,gemma,1,Gemma-2-9B,0.8826156143829247,12.74824333190918,-2.439453125,75.6625777018022
168,gemma,2,Gemma-2-9B,0.9189339913052076,9.386541366577148,-2.25390625,76.42345911641611
168,gemma,3,Gemma-2-9B,0.907072198747693,12.809864044189453,-2.515625,76.46536100791113
168,gemma,4,Gemma-2-9B,0.9244970787225181,12.066178321838379,-2.435546875,76.64492301649251
169,gemma,0,Gemma-2-9B,0.9270775178796494,15.157564163208008,-2.724609375,76.7019581632884
169,gemma,1,Gemma-2-9B,0.9157074444223722,12.966676712036133,-2.552734375,76.60372704077034
169,gemma,2,Gemma-2-9B,0.8874328711718006,9.349106788635254,-2.244140625,75.63373815108538
169,gemma,3,Gemma-2-9B,0.9079384566113773,13.138567924499512,-2.546875,76.49248619829964
169,gemma,4,Gemma-2-9B,0.9051407151652704,11.696911811828613,-2.392578125,76.37526054928821
170,gemma,0,Gemma-2-9B,0.9476975643396759,12.714111328125,-2.51171875,76.45640390393078
170,gemma,1,Gemma-2-9B,0.9311939889641139,25.08265495300293,-3.115234375,76.63170725185127
170,gemma,2,Gemma-2-9B,0.9285748683491237,17.305871963500977,-2.751953125,76.79693714623187
170,gemma,3,Gemma-2-9B,0.9407445800291785,14.8662691116333,-2.58984375,76.6789323091119
170,gemma,4,Gemma-2-9B,0.9480443798625617,14.130202293395996,-2.55078125,76.52337212437938
171,gemma,0,Gemma-2-9B,0.9567098210087458,14.33272933959961,-2.728515625,76.20214068975764
171,gemma,1,Gemma-2-9B,0.948025007104291,12.783793449401855,-2.552734375,76.43855434818288
171,gemma,2,Gemma-2-9B,0.961508593911783,19.9490966796875,-2.96875,76.07760543406381
171,gemma,3,Gemma-2-9B,0.9444182934145553,17.007591247558594,-2.845703125,76.53811530329496
171,gemma,4,Gemma-2-9B,0.9222434347291164,18.732059478759766,-2.921875,76.67488686198828
172,gemma,0,Gemma-2-9B,0.9197408189458867,12.52923583984375,-2.54296875,76.6195420837413
172,gemma,1,Gemma-2-9B,0.9074086529642473,11.82874584197998,-2.478515625,76.41914665433531
172,gemma,2,Gemma-2-9B,0.9387166546503245,13.116196632385254,-2.57421875,76.60535476466592
172,gemma,3,Gemma-2-9B,0.953748577004391,12.353011131286621,-2.49609375,76.29137629200557
172,gemma,4,Gemma-2-9B,0.8797491789312711,13.54239273071289,-2.603515625,75.51978432411465
173,gemma,0,Gemma-2-9B,0.9131426579962456,9.274898529052734,-2.111328125,76.29920177466329
173,gemma,1,Gemma-2-9B,0.9133864542586975,8.909463882446289,-2.15234375,76.29405593024089
173,gemma,2,Gemma-2-9B,0.9048920302977199,9.588809967041016,-2.224609375,76.20728900861042
173,gemma,3,Gemma-2-9B,0.9083484369195438,9.556269645690918,-2.224609375,76.27898768293656
173,gemma,4,Gemma-2-9B,0.9598875992050935,12.214795112609863,-2.37109375,76.11600475899988
174,gemma,0,Gemma-2-9B,0.8971732987860039,7.9992146492004395,-2.013671875,75.78462013835946
174,gemma,1,Gemma-2-9B,0.9120702785030461,8.58540153503418,-2.123046875,76.2379220160092
174,gemma,2,Gemma-2-9B,0.8420518217358597,9.45911693572998,-2.24609375,72.78086638105724
174,gemma,3,Gemma-2-9B,0.8564006265215447,8.18065357208252,-2.072265625,73.7353440419141
174,gemma,4,Gemma-2-9B,0.8441096825577427,6.608255386352539,-1.9033203125,72.55614633418992
175,gemma,0,Gemma-2-9B,0.9270089510208186,13.889747619628906,-2.576171875,76.72070976895127
175,gemma,1,Gemma-2-9B,0.9399148758271043,21.432476043701172,-3.0546875,76.53484205605312
175,gemma,2,Gemma-2-9B,0.9236749219684373,17.218002319335938,-2.78125,76.76000331024818
175,gemma,3,Gemma-2-9B,0.9344938643365422,13.22344970703125,-2.51171875,76.67792201860425
175,gemma,4,Gemma-2-9B,0.951445018099816,11.601069450378418,-2.416015625,76.31848703909684
176,gemma,0,Gemma-2-9B,0.9431720077802396,11.817611694335938,-2.470703125,76.49428174707424
176,gemma,1,Gemma-2-9B,0.9397227154623248,14.330709457397461,-2.65234375,76.62489802204905
176,gemma,2,Gemma-2-9B,0.9252864850936304,11.67408561706543,-2.427734375,76.62200582239352
176,gemma,3,Gemma-2-9B,0.9621641093762313,10.632217407226562,-2.34375,75.93019786273005
176,gemma,4,Gemma-2-9B,0.9365883848521344,7.849861145019531,-2.044921875,76.21744151967913
177,gemma,0,Gemma-2-9B,0.8744720263869566,12.152603149414062,-2.486328125,75.20714025807989
177,gemma,1,Gemma-2-9B,0.8947313913806116,14.801765441894531,-2.65625,76.18215068716557
177,gemma,2,Gemma-2-9B,0.8985357324979966,11.870213508605957,-2.482421875,76.19752383461433
177,gemma,3,Gemma-2-9B,0.9198255186186731,13.617111206054688,-2.55859375,76.68296604713846
177,gemma,4,Gemma-2-9B,0.8983358895283878,12.358343124389648,-2.529296875,76.20890615739434
178,gemma,0,Gemma-2-9B,0.8908227155673002,13.508381843566895,-2.49609375,76.03989023697089
178,gemma,1,Gemma-2-9B,0.8904247818893344,8.935595512390137,-2.205078125,75.71164600682489
178,gemma,2,Gemma-2-9B,0.940061871616396,12.319921493530273,-2.435546875,76.58085275835208
178,gemma,3,Gemma-2-9B,0.9307928047968023,8.696182250976562,-2.134765625,76.36491651510923
178,gemma,4,Gemma-2-9B,0.8943842210307987,11.593656539916992,-2.404296875,76.06110651063199
179,gemma,0,Gemma-2-9B,0.9393056169836356,16.223575592041016,-2.7578125,76.6594087907441
179,gemma,1,Gemma-2-9B,0.9183836189807553,21.465259552001953,-2.986328125,76.6800874158082
179,gemma,2,Gemma-2-9B,0.9454288988803667,19.814945220947266,-2.880859375,76.61735143439287
179,gemma,3,Gemma-2-9B,0.8684542195190651,14.53109073638916,-2.6328125,74.95124599345816
179,gemma,4,Gemma-2-9B,0.9383297532304516,15.078831672668457,-2.646484375,76.69007921461277
180,gemma,0,Gemma-2-9B,0.9268671311575601,15.546887397766113,-2.796875,76.66004601955898
180,gemma,1,Gemma-2-9B,0.9246748008470304,12.453521728515625,-2.572265625,76.62797890056724
180,gemma,2,Gemma-2-9B,0.8961103619956435,14.301568031311035,-2.646484375,76.20383219394536
180,gemma,3,Gemma-2-9B,0.9124476837501792,13.841653823852539,-2.63671875,76.57093216891802
180,gemma,4,Gemma-2-9B,0.9024377501227757,14.299270629882812,-2.67578125,76.36759281582634
181,gemma,0,Gemma-2-9B,0.9004437062631797,14.111106872558594,-2.59375,76.35226860358229
181,gemma,1,Gemma-2-9B,0.9132083678105792,14.70630168914795,-2.576171875,76.6673930863646
181,gemma,2,Gemma-2-9B,0.8988174128109874,22.629743576049805,-3.001953125,76.32240560753193
181,gemma,3,Gemma-2-9B,0.8584188758353081,18.64621925354004,-2.8828125,74.30586039378262
181,gemma,4,Gemma-2-9B,0.8825969660974228,11.737958908081055,-2.3984375,75.60073702569231
182,gemma,0,Gemma-2-9B,0.8878919103581294,12.928441047668457,-2.55859375,75.86593712662534
182,gemma,1,Gemma-2-9B,0.8978097219705782,17.92606544494629,-2.857421875,76.27492268397114
182,gemma,2,Gemma-2-9B,0.8622831558676815,11.802801132202148,-2.44140625,74.46540714239755
182,gemma,3,Gemma-2-9B,0.8662979870952388,19.990581512451172,-2.97265625,74.76956199072698
182,gemma,4,Gemma-2-9B,0.9449584371170395,14.29299545288086,-2.66796875,76.53062636225499
183,gemma,0,Gemma-2-9B,0.9204530313124584,7.570774078369141,-1.955078125,76.15726327561812
183,gemma,1,Gemma-2-9B,0.8456694333386817,12.771650314331055,-2.455078125,73.30761352971538
183,gemma,2,Gemma-2-9B,0.8997088514236947,13.432962417602539,-2.509765625,76.32470283962827
183,gemma,3,Gemma-2-9B,0.9458814559298702,7.108845233917236,-1.865234375,75.89389851556524
183,gemma,4,Gemma-2-9B,0.898097210195002,11.213210105895996,-2.296875,76.15331352625654
184,gemma,0,Gemma-2-9B,0.8906135402115546,9.201011657714844,-2.21875,75.74202328796791
184,gemma,1,Gemma-2-9B,0.904277621660199,8.612432479858398,-2.197265625,76.11398258759309
184,gemma,2,Gemma-2-9B,0.9567430025445293,9.933756828308105,-2.298828125,76.05725407716389
184,gemma,3,Gemma-2-9B,0.9354153388570214,8.422730445861816,-2.109375,76.3052525016168
184,gemma,4,Gemma-2-9B,0.9497541931752459,12.990923881530762,-2.498046875,76.43291022687627
185,gemma,0,Gemma-2-9B,0.9286097493293867,10.01889705657959,-2.33984375,76.514130018953
185,gemma,1,Gemma-2-9B,0.9026291152658424,13.478350639343262,-2.599609375,76.36834957849453
185,gemma,2,Gemma-2-9B,0.944906108353119,12.244906425476074,-2.548828125,76.46701846859128
185,gemma,3,Gemma-2-9B,0.8309948493379337,14.942739486694336,-2.74609375,72.00594755182702
185,gemma,4,Gemma-2-9B,0.9386760801703766,14.379666328430176,-2.666015625,76.63179598645017
186,gemma,0,Gemma-2-9B,0.8968699022431932,7.2229228019714355,-2.033203125,75.72866975565589
186,gemma,1,Gemma-2-9B,0.9327464575160869,11.574119567871094,-2.466796875,76.59434649770844
186,gemma,2,Gemma-2-9B,0.902263496116831,12.116811752319336,-2.47265625,76.32006960477419
186,gemma,3,Gemma-2-9B,0.9393222697884185,10.536351203918457,-2.375,76.47600360291923
186,gemma,4,Gemma-2-9B,0.921031579447617,11.102476119995117,-2.416015625,76.56671000748972
187,gemma,0,Gemma-2-9B,0.9105644033480721,16.172344207763672,-2.708984375,76.62698963594413
187,gemma,1,Gemma-2-9B,0.8877340258169917,11.346895217895508,-2.275390625,75.79199325012904
187,gemma,2,Gemma-2-9B,0.9077171834495458,9.239736557006836,-2.267578125,76.25301821400637
187,gemma,3,Gemma-2-9B,0.9317179875466808,12.435858726501465,-2.41796875,76.66557106376327
187,gemma,4,Gemma-2-9B,0.9000149171372825,14.440469741821289,-2.478515625,76.40444585688115
188,gemma,0,Gemma-2-9B,0.901290052398803,15.2289457321167,-2.65625,76.40568018019927
188,gemma,1,Gemma-2-9B,0.9259791299634097,9.988598823547363,-2.30078125,76.50920139660339
188,gemma,2,Gemma-2-9B,0.928972182932579,13.394269943237305,-2.62890625,76.66044222928716
188,gemma,3,Gemma-2-9B,0.9236175867953134,15.587685585021973,-2.7109375,76.73064867725328
188,gemma,4,Gemma-2-9B,0.8855109897303617,18.39423370361328,-2.90234375,75.79418092251505
189,gemma,0,Gemma-2-9B,0.9251208863433642,13.444923400878906,-2.609375,76.67378829502944
189,gemma,1,Gemma-2-9B,0.905702217160242,8.529487609863281,-2.1171875,76.10962280768368
189,gemma,2,Gemma-2-9B,0.9086088327467639,12.31737232208252,-2.466796875,76.47831072930087
189,gemma,3,Gemma-2-9B,0.8673289314797744,9.386407852172852,-2.212890625,74.60357049537839
189,gemma,4,Gemma-2-9B,0.8956848620925975,8.574664115905762,-2.162109375,75.85630054692457
190,gemma,0,Gemma-2-9B,0.8903039995033883,11.765291213989258,-2.37890625,75.92745434448804
190,gemma,1,Gemma-2-9B,0.8785623617057389,12.345020294189453,-2.373046875,75.44941613588372
190,gemma,2,Gemma-2-9B,0.8843874879517474,12.780861854553223,-2.453125,75.74172517682908
190,gemma,3,Gemma-2-9B,0.9379432624113475,13.450980186462402,-2.478515625,76.67002536130968
190,gemma,4,Gemma-2-9B,0.907385402270643,17.913806915283203,-2.7421875,76.63201477649153
191,gemma,0,Gemma-2-9B,0.9218197742467055,16.015981674194336,-2.755859375,76.70917583258942
191,gemma,1,Gemma-2-9B,0.9325416460498104,10.320160865783691,-2.31640625,76.52055473591636
191,gemma,2,Gemma-2-9B,0.8744766251467752,14.410660743713379,-2.607421875,75.30059876388293
191,gemma,3,Gemma-2-9B,0.9350966022651566,12.893231391906738,-2.529296875,76.64604479683274
191,gemma,4,Gemma-2-9B,0.8877428498317029,13.806535720825195,-2.626953125,75.88036243935777
192,gemma,0,Gemma-2-9B,0.9403055134787912,8.983626365661621,-2.189453125,76.32512843074055
192,gemma,1,Gemma-2-9B,0.9228046564834129,11.727148056030273,-2.4296875,76.61693247036376
192,gemma,2,Gemma-2-9B,0.9350522193211488,12.90314769744873,-2.5234375,76.6491606038266
192,gemma,3,Gemma-2-9B,0.8871881614089271,12.266368865966797,-2.46484375,75.82519503188374
192,gemma,4,Gemma-2-9B,0.9008277900960827,10.650057792663574,-2.3359375,76.1963170944138
193,gemma,0,Gemma-2-9B,0.8957497357083585,13.568273544311523,-2.482421875,76.220313261728
193,gemma,1,Gemma-2-9B,0.872483573109091,15.952227592468262,-2.607421875,75.28097738525233
193,gemma,2,Gemma-2-9B,0.849829040057744,9.444442749023438,-2.173828125,73.38635915107977
193,gemma,3,Gemma-2-9B,0.8823388200810244,10.021225929260254,-2.23046875,75.45666857169317
193,gemma,4,Gemma-2-9B,0.8717536498536578,14.168471336364746,-2.541015625,75.16665673844358
194,gemma,0,Gemma-2-9B,0.037228289844475924,2.1118760108947754,-0.7470703125,8.938586053137122
194,gemma,1,Gemma-2-9B,0.005296600910735669,2.1341965198516846,-0.76318359375,8.951193323318062
194,gemma,2,Gemma-2-9B,0.012616833817234621,2.122847318649292,-0.73876953125,8.910463386747207
194,gemma,3,Gemma-2-9B,0.007160131167986227,2.194581985473633,-0.765625,8.96126508046959
194,gemma,4,Gemma-2-9B,0.08377530623261041,2.8438303470611572,-1.0537109375,9.583557246651152
195,gemma,0,Gemma-2-9B,0.9328649616246742,11.493887901306152,-2.38671875,76.60010384216726
195,gemma,1,Gemma-2-9B,0.9043333794822097,10.027129173278809,-2.28515625,76.23765599304306
195,gemma,2,Gemma-2-9B,0.9273425728147301,12.346662521362305,-2.4921875,76.6545420045006
195,gemma,3,Gemma-2-9B,0.9342966020959035,9.951153755187988,-2.296875,76.48139024644117
195,gemma,4,Gemma-2-9B,0.9065445216270934,11.806625366210938,-2.49609375,76.39460887796733
196,gemma,0,Gemma-2-9B,0.9042176988097291,18.001623153686523,-2.8671875,76.44194190318149
196,gemma,1,Gemma-2-9B,0.9249880151390801,12.78274154663086,-2.4609375,76.68806954230048
196,gemma,2,Gemma-2-9B,0.9705580865603645,18.06538963317871,-2.759765625,75.8661880112282
196,gemma,3,Gemma-2-9B,0.8914533389097654,13.656881332397461,-2.599609375,76.03026997238258
196,gemma,4,Gemma-2-9B,0.9137619775031245,17.852025985717773,-2.841796875,76.64356943921739
197,gemma,0,Gemma-2-9B,0.8690684282425789,11.035218238830566,-2.380859375,74.84379018526069
197,gemma,1,Gemma-2-9B,0.905515606629499,14.015630722045898,-2.62890625,76.45473902431495
197,gemma,2,Gemma-2-9B,0.8641882048238276,18.33466911315918,-2.8828125,74.6746324997129
197,gemma,3,Gemma-2-9B,0.8876480001551054,17.246641159057617,-2.814453125,75.92356095081564
197,gemma,4,Gemma-2-9B,0.8751779434117625,11.455466270446777,-2.421875,75.21167401103197
198,gemma,0,Gemma-2-9B,0.927918809790724,12.598405838012695,-2.47265625,76.67593589044195
198,gemma,1,Gemma-2-9B,0.9110154363120866,12.472074508666992,-2.47265625,76.53062920843028
198,gemma,2,Gemma-2-9B,0.9400348221582632,15.17566204071045,-2.580078125,76.71151244937592
198,gemma,3,Gemma-2-9B,0.9126679934715252,12.142165184020996,-2.482421875,76.5329831357832
198,gemma,4,Gemma-2-9B,0.8941888090222052,12.807287216186523,-2.4765625,76.1215211384069
199,gemma,0,Gemma-2-9B,0.8803043212172849,12.900546073913574,-2.541015625,75.53497472998738
199,gemma,1,Gemma-2-9B,0.9375847454847311,12.60339641571045,-2.4765625,76.62036535741241
199,gemma,2,Gemma-2-9B,0.8867377633191994,14.302911758422852,-2.666015625,75.84474804848493
199,gemma,3,Gemma-2-9B,0.8818627857310987,11.311761856079102,-2.43359375,75.53369017623804
199,gemma,4,Gemma-2-9B,0.9339042252426115,18.48126792907715,-2.849609375,76.73840134401402
