prompt_id,source,n_texts,D_style_scalar_component,D_style_funcword_component,scalar_norm,fw_norm,D_style
0,gemma,5,4.102966486043536,0.1299353621222576,0.7405315630942966,0.38139944625019256,0.5609655046722446
0,human,6,4.025643821911732,0.2516213497632542,0.6412223258271742,0.7385844922965128,0.6899034090618434
0,llama,5,4.124899022129477,0.14281472220036823,0.7687005799599803,0.419204249512497,0.5939524147362387
0,mistral,5,3.803243146667449,0.1018457075751003,0.3555823821677816,0.29894784481805387,0.32726511349291776
0,qwen,5,3.9786879500044434,0.12999996974315525,0.5809146285086142,0.3815890890882271,0.48125185879842064
1,gemma,5,4.115913321635071,0.13632773534629483,0.7571598102202168,0.40016298812248424,0.5786613991713505
1,human,10,3.8204588145084584,0.2490294202060418,0.37769329701443577,0.7309763979202477,0.5543348474673417
1,llama,5,4.007771065171164,0.09687366717175071,0.6182674799266108,0.28435340781801044,0.4513104438723106
1,mistral,5,4.145638302509026,0.11772584791276511,0.7953370408099477,0.3455608424827074,0.5704489416463275
1,qwen,5,4.150500388749535,0.09929824413886429,0.8015816533241888,0.2914702719075413,0.5465259626158651
2,gemma,5,4.154256963502673,0.1541439683614046,0.8064064039669653,0.4524590012727279,0.6294327026198466
2,human,12,3.687330530876324,0.3681385150881366,0.2067102035755951,1.0,0.6033551017877976
2,llama,5,4.0388233732608425,0.20267051363521973,0.6581494610558823,0.5948990360221106,0.6265242485389965
2,mistral,5,4.064853223512347,0.1922726298561796,0.6915808566716346,0.5643781135362953,0.627979485103965
2,qwen,5,4.088948073255818,0.16346242509906134,0.7225270375483202,0.47981148008680635,0.6011692588175632
3,gemma,5,4.115242913260991,0.1179670397351336,0.75629877232098,0.34626881316896957,0.5512837927449747
3,human,5,4.092930122572152,0.179113844293121,0.7276413760777218,0.5257531122656375,0.6266972441716796
3,llama,5,4.125899123534252,0.08675215869515869,0.7699850585641921,0.25464373013568253,0.5123143943499373
3,mistral,5,4.142319996476195,0.12958896537492384,0.7910751798815976,0.38038266740371,0.5857289236426538
3,qwen,5,4.097545583111675,0.1368501668893656,0.7335692352760953,0.4016964821457921,0.5676328587109437
4,gemma,5,4.1256763865679975,0.04695723013407612,0.7696989867057239,0.137833621872145,0.45376630428893444
4,human,18,3.5247567160945765,0.18354227417137672,0.0,0.5387518885474579,0.26937594427372896
4,llama,5,4.103633124040706,0.04602294391993021,0.7413877585161116,0.13509121026921928,0.43823948439266547
4,mistral,5,4.119230980157532,0.06562828417448022,0.7614208395196821,0.19263879234773268,0.4770298159337074
4,qwen,5,4.042513966926927,0.06597338223624497,0.6628894689973704,0.1936517591606873,0.4282706140790289
5,gemma,5,4.107849800023008,0.11475530885990282,0.7468034394203698,0.33684141513574517,0.5418224272780574
5,human,5,3.9947249079380116,0.13225734210659007,0.6015116692126541,0.38821515727576517,0.4948634132442096
5,llama,5,4.124005939768375,0.11270198913417126,0.7675535510895496,0.33081430293489755,0.5491839270122236
5,mistral,5,4.101730452897731,0.120251749153836,0.7389440659442035,0.3529751238522445,0.545959594898224
5,qwen,5,4.115852757489391,0.17736076273998075,0.7570820247587247,0.5206072895836643,0.6388446571711945
6,gemma,5,4.110417167263913,0.09091382989702654,0.7501008333389791,0.26685948930965014,0.5084801613243146
6,human,12,3.46910829055744,0.27042286304387086,0.0,0.7937725999584261,0.39688629997921304
6,llama,5,4.000019450467616,0.0766878075250232,0.6083117062547959,0.22510182637321463,0.4167067663140053
6,mistral,5,3.7684366250096404,0.05248997173526905,0.31087868297983834,0.15407388586552115,0.23247628442267976
6,qwen,5,4.143874094307411,0.04999920668356619,0.7930711828904106,0.14676273980071886,0.4699169613455647
7,gemma,5,4.039519384154356,0.06457403444506751,0.6590433815090962,0.18954425167427774,0.42429381659168697
7,human,29,3.432589539090814,0.25537067383873246,0.0,0.7495898883861042,0.3747949441930521
7,llama,5,3.976974897779209,0.057117451072559965,0.578714472683709,0.16765693229684084,0.37318570249027494
7,mistral,5,3.8182855962093805,0.0904192678157619,0.37490212764488984,0.2654078005557204,0.3201549641003051
7,qwen,5,3.5090943973921993,0.18773506789374586,0.0,0.5510590016984431,0.27552950084922156
8,gemma,5,4.084480368332489,0.0668897597456272,0.7167889480340476,0.19634160331801273,0.45656527567603017
8,human,5,3.8050620858762896,0.2928294486443774,0.3579185337669725,0.8595426813343477,0.6087306075506601
8,llama,5,4.0555663975742675,0.06811166320515447,0.6796533369605824,0.19992825821490212,0.43979079758774225
8,mistral,4,4.22799569889265,0.10048701290820054,0.9011126282136892,0.29495966650296923,0.5980361473583292
8,qwen,5,4.123528552722687,0.13095023046120371,0.766940419817874,0.38437839067431867,0.5756594052460964
9,gemma,5,4.024135779564767,0.11067056752451725,0.6392854741042646,0.3248514683041393,0.48206847120420193
9,human,7,3.6973319611565594,0.24831258843112702,0.21955552420522845,0.7288722806303772,0.4742139024178028
9,llama,5,4.125996203246088,0.1456704664092348,0.770109742733379,0.4275867193967852,0.5988482310650821
9,mistral,5,3.74934971906389,0.08818993614494357,0.2863644465325438,0.2588640402515924,0.2726142433920681
9,qwen,5,4.029260958147047,0.05869982340530442,0.6458679888375441,0.17230167197057572,0.40908483040405996
10,gemma,5,4.086314134060383,0.1754678767617459,0.7191441420487457,0.5150510987813927,0.6170976204150691
10,human,23,3.573738325646758,0.23130027846556545,0.060818240494635765,0.6789360239076173,0.36987713220112656
10,llama,5,4.071496211702171,0.1908739302696457,0.7001127676929805,0.560272508725863,0.6301926382094217
10,mistral,5,4.104100699869762,0.24276987183122284,0.7419882887677457,0.7126027370096334,0.7272955128886895
10,qwen,5,4.125182943067363,0.1057035187173738,0.7690652333523881,0.3102716831432706,0.5396684582478293
11,gemma,5,4.021056251617657,0.0712937504016889,0.6353302874199448,0.20926864311748258,0.4222994652687137
11,human,7,3.6315712379919853,0.22815829081154937,0.1350958469173885,0.6697133432470661,0.4024045950822273
11,llama,5,3.7999772696891774,0.05301214265900064,0.35138785840994063,0.15560661489252606,0.25349723665123336
11,mistral,5,3.8172723778858932,0.08106337220985092,0.37360080234757376,0.23794542738042132,0.30577311486399755
11,qwen,5,3.788799056901181,0.06887223509907212,0.33703113909032145,0.20216076593593893,0.2695959525131302
12,gemma,5,4.068427252413169,0.0455216938949925,0.6961711548474233,0.13361989038507366,0.4148955226162485
12,human,6,3.9304018018523985,0.21197574603162,0.5188983930698967,0.6222126974092018,0.5705555452395492
12,llama,5,3.749186189902962,0.055940642034826696,0.28615441812205117,0.16420264311795374,0.22517853062000245
12,mistral,4,3.9421165178147892,0.05072157566591621,0.53394416936445,0.1488831104631516,0.3414136399138008
12,qwen,5,3.8223531313899075,0.0674234347489647,0.3801262598042107,0.19790810028562786,0.2890171800449193
13,gemma,5,4.082602454998586,0.04888985039485734,0.7143770531137461,0.14350644476835026,0.4289417489410482
13,human,8,3.815354343763333,0.15418637009387978,0.37113737835795185,0.4525834631360879,0.4118604207470199
13,llama,5,3.980656929576341,0.054664145408556276,0.5834434842028047,0.160455740824014,0.37194961251340936
13,mistral,5,4.08600522731115,0.0943881953614861,0.7187473981703822,0.27705779901204547,0.4979025985912139
13,qwen,5,3.4561291359524575,0.07458566674874526,0.0,0.21893140967588803,0.10946570483794402
14,gemma,5,4.128835524080783,0.12018005813309314,0.7737564198055699,0.35276468910095093,0.5632605544532604
14,human,5,4.1178972032873435,0.3025991205497115,0.7597078053769738,0.8882196126475842,0.823963709012279
14,llama,5,4.096933806257667,0.0931866898662265,0.7327835006738105,0.27353101828758497,0.5031572594806977
14,mistral,5,4.11216758685181,0.1772880879227408,0.7523489818750305,0.5203939670931665,0.6363714744840985
14,qwen,5,4.0769458059078305,0.08254943633653637,0.707111945101778,0.24230747344511624,0.47470970927344713
15,gemma,5,4.061618601874003,0.0543701942060353,0.6874264756585329,0.15959290545699056,0.4235096905577617
15,human,16,3.600277418363938,0.29322049054908733,0.09490368083864614,0.8606905071723722,0.4777970940055092
15,llama,5,4.114976603369767,0.049470173577299804,0.7559567376475621,0.14520986819992884,0.4505833029237455
15,mistral,5,4.110305017909086,0.10409599347502149,0.7499567944984541,0.3055531120995427,0.5277549532989985
15,qwen,5,4.073359095528587,0.12424137381105367,0.7025053594899114,0.3646858745682598,0.5335956170290856
16,gemma,5,4.072833742504242,0.12316355745170779,0.7018306231919652,0.36152215873371174,0.5316763909628385
16,human,45,3.567052085233305,0.1949735516895732,0.05223077855058336,0.5723061330899878,0.31226845582028556
16,llama,5,3.9889603539773724,0.1023938639132691,0.5941079737574586,0.3005568488676166,0.4473324113125376
16,mistral,4,4.209749508409971,0.06049962991876421,0.8776781632969514,0.17758464649251665,0.527631404894734
16,qwen,5,4.132230354220167,0.09224184623906431,0.7781165643450672,0.27075761749578503,0.5244370909204261
17,gemma,5,4.079496333469396,0.05713487392548091,0.7103877110057576,0.16770807362086235,0.43904789231331
17,human,12,3.789990860049765,0.26080353335919304,0.33856182951579206,0.7655369683712209,0.5520493989435065
17,mistral,5,4.09075614403098,0.09832856782254153,0.7248492302924845,0.28862397968926556,0.506736604990875
17,qwen,5,4.105104642290262,0.21543589808049374,0.7432777005742245,0.6323692864533774,0.687823493513801
18,gemma,5,4.125350304357463,0.30103738743750047,0.7692801835517176,0.8836354553061253,0.8264578194289214
18,human,10,3.7678702056692095,0.32002420300736456,0.3101512032259637,0.9393674810312472,0.6247593421286055
18,llama,5,4.14932761306787,0.25385092217637084,0.8000754007947486,0.7451289592518385,0.7726021800232936
18,mistral,5,4.019736514522572,0.2683398943772871,0.6336352852394377,0.7876584591809214,0.7106468722101795
18,qwen,5,4.075016857268332,0.3110968036407595,0.7046345030701694,0.9131628734535673,0.8088986882618683
19,gemma,5,4.1259555054761625,0.07088978585176352,0.7700574726191095,0.20808288542127298,0.48907017902019123
19,human,7,3.845776516832673,0.2463218973635475,0.4102100466040251,0.7230290024155087,0.5666195245097669
19,llama,5,4.062714589176783,0.11403272151578914,0.6888341051590883,0.33472040351572874,0.5117772543374085
19,mistral,5,4.1337509219501145,0.051212185282914144,0.7800695030231332,0.15032319754331053,0.4651963502832218
19,qwen,5,4.110647509939912,0.07602402795086735,0.7503966735783237,0.22315343328083212,0.48677505342957794
20,gemma,5,4.056470838997868,0.08231695248236351,0.6808149548243618,0.2416250632698153,0.4612200090470886
20,human,20,3.686874443627446,0.23271619266587287,0.20612442866313038,0.6830921587974168,0.4446082937302736
20,llama,5,4.051135826488,0.10593304718361676,0.6739629402292313,0.31094541836433653,0.4924541792967839
20,mistral,5,3.988257712491559,0.13999287450628056,0.593205537313864,0.41092127611442575,0.502063406714145
20,qwen,5,4.135049781490811,0.14016293449763756,0.781737691150793,0.411420453439778,0.5965790722952855
21,gemma,5,4.128190431795621,0.0692613139632556,0.7729278965837477,0.20330282965841973,0.4881153631210837
21,human,5,3.810221777837154,0.17556208362363784,0.36454537570161294,0.5153276243120234,0.43993650000681817
21,llama,5,4.141277901333094,0.17851137412188192,0.7897367666882192,0.5239846807475367,0.656860723717878
21,mistral,5,4.155160566990472,0.17583016998501963,0.8075669456292678,0.5161145385754556,0.6618407421023618
21,qwen,5,4.0701049408995456,0.2792486431130174,0.6983258913121403,0.819678924273213,0.7590024077926767
22,gemma,5,4.089175536994443,0.09867077308728492,0.7228191802291553,0.2896284552711647,0.50622381775016
22,human,5,3.8488348701887993,0.2433675043975963,0.41413803773703267,0.7143569686995521,0.5642475032182924
22,llama,5,4.029270132854362,0.1056217103693855,0.6458797723578846,0.3100315509874682,0.47795566167267645
22,mistral,4,4.214562549306239,0.1680594667780472,0.883859784503497,0.4933051828180502,0.6885824836607736
22,qwen,5,4.008108135818962,0.09568214636329211,0.6187003960620517,0.28085593515838064,0.4497781656102162
23,gemma,5,4.126631969125848,0.15117950130668806,0.7709262876016696,0.4437573970702323,0.6073418423359509
23,human,6,3.65777950931144,0.2247693418391198,0.168756397340072,0.6597657566906164,0.4142610770153442
23,llama,5,4.0694415118509735,0.12416689110635884,0.6974738172982103,0.36446724538324166,0.530970531340726
23,mistral,5,4.041338866159064,0.1218842432252349,0.6613802302472725,0.35776698593404194,0.5095736080906572
23,qwen,5,3.922263687708283,0.07223041946313197,0.5084462194734559,0.21201804909534055,0.36023213428439826
24,gemma,5,4.0186675590818455,0.08744315073412753,0.6322623740667168,0.2566720000132701,0.44446718703999344
24,human,11,3.728061055729876,0.28107162043633516,0.2590223865831653,0.8250299121050385,0.5420261493441019
24,llama,5,4.064926918677894,0.10856773505346266,0.6916755069370246,0.31867902127418823,0.5051772641056065
24,mistral,5,4.101685765842845,0.07286315355952909,0.7388866721983173,0.21387531435437307,0.4763809932763452
24,qwen,5,4.140928496439848,0.07968886166219946,0.7892880090848016,0.23391082468892263,0.5115994168868621
25,gemma,5,4.017607125470023,0.11062094247925339,0.6309004078910168,0.32470580384086584,0.4778031058659413
25,human,13,3.3306638283628067,0.33405596479212035,0.0,0.9805549306000951,0.49027746530004757
25,llama,5,4.151690146722668,0.12950903577278006,0.8031097170319128,0.38014804993315604,0.5916288834825344
25,mistral,5,4.130930785789319,0.10288067740515654,0.7764474657555007,0.3019857931765438,0.5392166294660222
25,qwen,5,4.0861358747000125,0.12328965802008367,0.7189151949306801,0.3618923019046304,0.5404037484176553
26,gemma,5,4.135874024299193,0.09423374468293254,0.7827963060542293,0.276604439723926,0.5297003728890777
26,human,9,3.8622069138176283,0.23053320622546622,0.43131240011050226,0.6766844357115382,0.5539984179110202
26,llama,5,4.092882642511022,0.07885915082687668,0.727580395138831,0.23147537333856474,0.47952788423869785
26,mistral,5,3.9879353598928153,0.11400787645833713,0.5927915242806641,0.3346474757845901,0.4637195000326271
26,qwen,5,3.9205577604888417,0.21841147938562577,0.5062552146380931,0.6411035143303272,0.5736793644842102
27,gemma,5,4.107237423375878,0.07567296239530254,0.7460169344747695,0.2221229500751598,0.48406994227496464
27,human,4,3.962410373605801,0.33545813443286504,0.5600085498723303,0.984670721065401,0.7723396354688656
27,llama,5,3.9994705391981356,0.16842392799747524,0.6076067129632234,0.4943749863341918,0.5509908496487076
27,mistral,5,3.798055745012499,0.09936001442036481,0.3489199513328435,0.2916515862993606,0.32028576881610205
27,qwen,5,4.075673933630729,0.07187814473224405,0.705478418021997,0.2109840165956876,0.4582312173088423
28,gemma,5,4.04374144732713,0.13782725014950342,0.6644659814426302,0.40456451597638443,0.5345152487095073
28,human,5,4.1409140852326125,0.36974235405439326,0.7892695000743487,1.0,0.8946347500371743
28,llama,5,4.088404383753205,0.06981126606917919,0.7218287508244875,0.20491710482753053,0.46337292782600903
28,mistral,5,4.125330332964516,0.06585717776263442,0.7692545333258368,0.19331066401027586,0.48128259866805634
28,qwen,5,3.9982639515161096,0.08795861780530746,0.606057034046397,0.25818505121270613,0.43212104262955153
29,gemma,5,4.075051888089048,0.14451180731553004,0.7046794948474864,0.42418570577344267,0.5644326003104645
29,human,8,3.8138728822035253,0.2493769717234829,0.36923466562557256,0.7319965663650067,0.5506156159952896
29,llama,5,4.100757410788079,0.09877843932275981,0.737694340901445,0.28994448811949225,0.5138194145104686
29,mistral,5,4.124450841366328,0.07617542647220792,0.7681249597295361,0.2235978335677075,0.4958613966486218
29,qwen,5,4.130407396561045,0.11461161854541499,0.7757752516558274,0.3364196407589931,0.5560974462074102
30,gemma,5,4.00293606499195,0.16336669568617562,0.6120576553509115,0.47953048541016,0.5457940703805357
30,human,9,3.8552124459101287,0.24921079799914944,0.4223290666883751,0.7315087964045668,0.5769189315464709
30,llama,5,4.082829833352205,0.13660954219218746,0.7146690861304887,0.40099017614287724,0.557829631136683
30,mistral,5,3.979459078841456,0.09394742900183152,0.5819050265697552,0.2757640169133756,0.4288345217415654
30,qwen,5,4.060369506795647,0.18460282251763904,0.6858222024367225,0.541864917559571,0.6138435599981468
31,gemma,5,3.995346752866875,0.10511700214320294,0.60231033473042,0.30855008024047614,0.45543020748544805
31,human,12,3.3460594119177807,0.1654624898201865,0.0,0.4856822727997549,0.24284113639987745
31,llama,5,4.079199933580187,0.07253563501906027,0.7100070302926206,0.21291394873433542,0.461460489513478
31,mistral,5,3.378172536557325,0.05597587429052796,0.0,0.16430606040632795,0.08215303020316397
31,qwen,5,4.147815320634083,0.09060881870558643,0.7981330904797784,0.26596418954201717,0.5320486400108978
32,gemma,5,4.093041086003316,0.07839715290845192,0.7277838917791287,0.23011927021638195,0.47895158099775537
32,human,5,4.076482425652296,0.26176549839592755,0.7065168034281372,0.7683606256599687,0.7374387145440529
32,llama,5,4.116510581509111,0.16436710726898024,0.7579268999630123,0.48246699489820033,0.6201969474306064
32,mistral,5,4.0124821923082665,0.13218409682437707,0.6243182083631859,0.3880001602986513,0.5061591843309186
32,qwen,5,4.095344094642828,0.11086641946538012,0.7307417571602237,0.3254263527741717,0.5280840549671977
33,gemma,5,4.065687214427556,0.07899080913926065,0.6926519915401382,0.23186183016307596,0.4622569108516071
33,human,6,3.735311742361152,0.2948375014731577,0.26833479410429656,0.8654369215506279,0.5668858578274623
33,llama,5,4.024115358220415,0.12333259021816209,0.6392592459840324,0.36201832084440144,0.500638783414217
33,mistral,5,4.136422071673404,0.0993374226300629,0.7835001898033241,0.29158527258637124,0.5375427311948477
33,qwen,5,4.060426787273767,0.1454336565199133,0.685895770525151,0.42689161100459244,0.5563936907648718
34,gemma,5,3.4941446118511292,0.05849343620691798,0.0,0.17169586334471718,0.08584793167235859
34,human,5,3.7175625069472575,0.3876016519673675,0.2455385926177077,1.0,0.6227692963088538
34,llama,5,3.434554163497592,0.03349662335202236,0.0,0.09832268436433726,0.04916134218216863
34,mistral,5,3.3976715992667996,0.05634895871657323,0.0,0.16540117563265372,0.08270058781632686
34,qwen,5,3.4582667906150193,0.0362574350645409,0.0,0.10642649876218274,0.05321324938109137
35,gemma,5,4.0930330857090125,0.08544719963820513,0.7277736166142192,0.2508132820300086,0.48929344932211394
35,human,34,3.6311346535445113,0.22853927819857248,0.134535120396023,0.670831656045565,0.402683388220794
35,llama,5,4.060194594447862,0.1297975133356476,0.6855975540487992,0.3809948185182142,0.5332961862835067
35,mistral,5,4.043532941297796,0.08741931269860817,0.6641981870647304,0.2566020281949885,0.4604001076298595
35,qwen,5,4.14293676564389,0.10829597112697016,0.7918673263538045,0.31788131224885385,0.5548743193013292
36,gemma,5,4.141426266711776,0.07356122460044939,0.7899273195197755,0.21592436323607617,0.5029258413779258
36,human,5,3.809527091222865,0.21866180477639138,0.3636531560842555,0.6418382947924044,0.50274572543833
36,llama,5,4.050987528070255,0.0882459662956203,0.6737724733988455,0.2590285056295494,0.46640048951419744
36,mistral,5,4.11138002002521,0.07977009725958445,0.7513374717088367,0.23414927564909532,0.49274337367896603
36,qwen,5,4.079168441338131,0.08575926096889697,0.7099665832830199,0.2517292760810351,0.4808479296820275
37,gemma,5,4.079062669418162,0.15637290496742973,0.7098307352905291,0.45900160194262785,0.5844161686165785
37,human,10,3.847248437706274,0.2557576603216381,0.4121005057716721,0.7507258103389568,0.5814131580553145
37,llama,5,4.115940931165952,0.13980961021492871,0.7571952704760655,0.41038334018922884,0.5837893053326472
37,mistral,4,4.199655036712045,0.14213135458325896,0.8647133450746146,0.41719835961082763,0.6409558523427211
37,qwen,5,4.076446428782999,0.0995306360737253,0.706470570907905,0.29215241227196037,0.4993114915899327
38,gemma,5,4.101562355882802,0.1358472113749088,0.7387281708178921,0.39875250545169183,0.568740338134792
38,human,5,3.758822901917558,0.3133913239305449,0.298531313443468,0.9198979820001582,0.6092146477218131
38,llama,5,3.9692852206276177,0.10703727148081088,0.5688382484054919,0.314186649454989,0.44151244893024044
38,mistral,4,3.9571931739521937,0.0779875214285472,0.5533078480265315,0.22891687837284896,0.3911123631996902
38,qwen,5,4.045652904677172,0.07047338578711346,0.6669209585652206,0.2068606257416744,0.4368907921534475
39,gemma,5,4.050698242093682,0.174993711607574,0.673400929427771,0.5136592811554707,0.5935301052916209
39,human,22,3.5626088609948683,0.2985640933230912,0.046524130763929264,0.8763755917074694,0.4614498612356993
39,llama,5,4.1135897375219,0.13433940422015384,0.7541755187631644,0.39432663704694976,0.574251077905057
39,mistral,4,4.25520026666577,0.09490029823016512,0.9360527703578472,0.2785609752632768,0.607306872810562
39,qwen,5,4.140702946359381,0.10847978761491066,0.7889983242076933,0.31842086903745304,0.5537095966225731
40,gemma,5,4.1058966924001075,0.10368195019521435,0.7442949688379258,0.3043377702937188,0.5243163695658223
40,human,5,4.037460480098801,0.2742378099838036,0.6563990314513332,0.8049706189318536,0.7306848251915934
40,llama,5,3.6381617116697074,0.112400102271357,0.14356031101096872,0.32992817401335556,0.23674424251216214
40,mistral,5,4.043953873779783,0.09846992875102076,0.6647388110098109,0.28903891661607894,0.47688886381294493
40,qwen,5,3.809796605208387,0.115356369598511,0.36399930593094715,0.3386057095443158,0.3513025077376315
41,gemma,5,4.100590617735166,0.10716622896698116,0.7374801205166167,0.31456517854061916,0.526022649528618
41,human,7,3.960321658096362,0.2379341702275875,0.5573259115225077,0.6984084954749669,0.6278672034987373
41,llama,5,4.128107453288633,0.048778969433994776,0.7728213232739555,0.14318097573219302,0.45800114950307425
41,mistral,5,4.091270915516876,0.11689083077911203,0.7255103762088241,0.34310981554759906,0.5343100958782115
41,qwen,5,4.069811746456463,0.10077528263171591,0.6979493275084951,0.2958058250168925,0.4968775762626938
42,gemma,5,4.104865960400006,0.12675085626021437,0.7429711498786823,0.37205196183543426,0.5575115558570582
42,human,33,3.273885759342242,0.27340549283699384,0.0,0.8025275172718214,0.4012637586359107
42,llama,5,4.078706624974855,0.15108136762561952,0.7093734501918454,0.4434693451418988,0.5764213976668721
42,mistral,5,4.071730056622634,0.12310213376139731,0.7004131060342771,0.3613418616914869,0.530877483862882
42,qwen,5,4.075458187150931,0.07385327821946355,0.7052013243833806,0.21678162862363523,0.4609914765035079
43,gemma,5,4.069870592282084,0.06279204628801618,0.6980249060484268,0.1843135793982865,0.44116924272335667
43,human,9,3.8393750269253295,0.1979353280403649,0.4019883035069714,0.5809998392655707,0.4914940713862711
43,llama,5,4.07811843865665,0.07002597126914752,0.7086180140556512,0.20554732929481534,0.45708267167523325
43,mistral,5,4.063463560785623,0.06126437589926036,0.6897960456204499,0.1798294064155994,0.4348127260180247
43,qwen,5,4.135243428391826,0.05489739822082605,0.7819864012315287,0.1611404081230691,0.4715634046772989
44,gemma,5,4.142573284969951,0.12196673746721438,0.7914004905444655,0.35800913139541524,0.5747048109699404
44,human,5,4.035721167402294,0.21835171288799438,0.6541651480330813,0.640928081648041,0.6475466148405612
44,llama,5,4.117857306991306,0.11939872111905973,0.7596565646343822,0.3504712294944219,0.5550638970644021
44,mistral,5,4.1244209928203475,0.17260736540741123,0.7680866237983035,0.5066546358884882,0.6373706298433959
44,qwen,5,4.120846409086577,0.14229096874286734,0.7634956130237257,0.4176668752719534,0.5905812441478395
45,gemma,5,3.9794447113767313,0.10157932138435881,0.5818865737399247,0.2981659210678287,0.4400262474038767
45,human,10,3.7756154010268324,0.29130554607705356,0.3200987322213337,0.8550695680430661,0.5875841501321999
45,llama,5,4.1403223797348225,0.15414681876609854,0.7885095440856088,0.45246736806952675,0.6204884560775678
45,mistral,5,3.804243101676099,0.08446145268573561,0.35686667274837003,0.24791981765145907,0.30239324519991456
45,qwen,5,4.109258968124449,0.20289322195490395,0.7486133021676842,0.5955527520576495,0.6720830271126668
46,gemma,5,3.958255691261151,0.0272854749723083,0.5546724903952397,0.08009109202558831,0.317381791210414
46,human,6,4.026400519662801,0.33749464889182546,0.6421941893466767,0.9906485047436978,0.8164213470451873
46,llama,5,4.036852966447659,0.08571605139279254,0.65561877228668,0.25160244295316475,0.45361060761992233
46,mistral,5,3.791511896078659,0.034723213269823625,0.3405153696528441,0.10192309542861162,0.22121923254072787
46,qwen,5,3.4628374713437635,0.052076713523869125,0.0,0.1528608484720672,0.0764304242360336
47,gemma,5,4.118559169304559,0.07829521146791622,0.7605580003489729,0.22982004136647366,0.4951890208577233
47,human,12,3.8022866537282063,0.25432271342443125,0.3543539120249828,0.7465138087479027,0.5504338603864427
47,llama,5,4.16421014810282,0.0582968561259671,0.8191897603362515,0.171118841564088,0.4951543009501697
47,mistral,4,4.259159893587092,0.28145787857884175,0.9411383107208714,0.8261636961593211,0.8836510034400962
47,qwen,5,4.097024948176109,0.2442709928105673,0.7329005586477594,0.7170089794745432,0.7249547690611513
48,gemma,5,4.087646396626243,0.1793775206208558,0.7208552312971657,0.5265270817512708,0.6236911565242182
48,human,10,3.827875397019586,0.23734108312948377,0.38721877263764043,0.6966676061042807,0.5419431893709605
48,llama,5,4.066784203110954,0.2094817511497315,0.6940609071622539,0.6148920708194356,0.6544764889908448
48,mistral,5,4.128142913159365,0.08103016954121761,0.7728668661009589,0.2378479675417451,0.5053574168213519
48,qwen,5,4.069138608623662,0.09812477276642234,0.697084784033413,0.2880257797821514,0.4925552819077822
49,gemma,5,3.9493861460821527,0.038189493532348885,0.5432809045449237,0.11209767262670484,0.32768928858581425
49,human,6,3.8399403587779517,0.2071605542845901,0.40271438654765684,0.6080786584846963,0.5053965225161766
49,llama,5,4.147601751616625,0.0684988257139815,0.7978587934613578,0.20106469685688264,0.49946174515912023
49,mistral,5,3.8150484516969114,0.055049215606744806,0.3707445063825293,0.16158603790371406,0.2661652721431217
49,qwen,5,3.807268773094323,0.053288894309588386,0.3607526888878623,0.15641896439122277,0.25858582663954255
50,gemma,5,4.133327973485423,0.08757276658665866,0.7795262898539621,0.2570524616025802,0.5182893757282712
50,human,6,3.7079270772561883,0.2247795964688755,0.23316334424641572,0.6597958571193714,0.44647960068289355
50,llama,5,4.123408824902305,0.048807313414644116,0.7667866475875034,0.14326417385738094,0.4550254107224422
50,mistral,5,3.385264587845736,0.09382645861743025,0.0,0.2754089323784981,0.13770446618924906
50,qwen,5,4.059366132736101,0.06344223638624696,0.6845335206037058,0.18622208328338938,0.4353778019435476
51,gemma,5,4.144988253714214,0.1244036041570531,0.7945021517030598,0.36516206952487934,0.5798321106139696
51,human,9,3.3180393979697844,0.22213012729862297,0.0,0.6520188666382084,0.3260094333191042
51,llama,5,4.114687242569852,0.11234073941973115,0.7555850975772516,0.3297539261537419,0.5426695118654967
51,mistral,5,4.093083437354122,0.10050335656702884,0.7278382856672984,0.29500764006709373,0.511422962867196
51,qwen,5,4.105928826520872,0.14992760564790505,0.7443362402433951,0.44008270602982413,0.5922094731366097
52,gemma,5,3.969949035961011,0.11733350751388097,0.5696908185437003,0.3444092051729565,0.4570500118583284
52,human,10,3.612183661685021,0.1841076482158336,0.11019544498321836,0.54041143175385,0.32530343836853415
52,llama,5,4.1054322222716895,0.13785947936433166,0.7436984273878288,0.4046591184347745,0.5741787729113016
52,mistral,5,4.001401596073387,0.1408715828847893,0.6100868627039737,0.413500550020349,0.5117937063621614
52,qwen,5,4.0759636342988,0.1881231694076107,0.7058504946014178,0.5521981966031961,0.629024345602307
53,gemma,5,4.085124245139584,0.10154546517232921,0.7176159101586008,0.298066542882327,0.5078412265204639
53,human,6,3.960599645474272,0.29509104689724797,0.5576829441568604,0.8661811537809296,0.711932048968895
53,llama,5,4.079895561310254,0.15870400426623057,0.710900458630488,0.46584408090443896,0.5883722697674635
53,mistral,5,4.051078049561758,0.15207160217216723,0.6738887345284682,0.4463759819614872,0.5601323582449778
53,qwen,5,4.0382205282596875,0.09804060656362867,0.6573751980642069,0.2877787266119121,0.47257696233805946
54,gemma,5,4.073557805525998,0.1644052085817808,0.7027605723502265,0.4825788337338043,0.5926697030420154
54,human,5,4.139449623006632,0.43056674928072375,0.7873886204085792,1.0,0.8936943102042896
54,llama,5,3.472800961577456,0.07597256329887629,0.0,0.22300236901741488,0.11150118450870744
54,mistral,5,3.4496839423812204,0.0648378831834357,0.0,0.19031872723707913,0.09515936361853956
54,qwen,5,4.110420303404607,0.09821893055223954,0.7501048612361522,0.28830216125971275,0.5192035112479325
55,gemma,5,4.008043675414895,0.14454104632533396,0.6186176064474711,0.42427153107893284,0.521444568763202
55,human,7,3.915589475382173,0.2757215897966124,0.49987420578371844,0.8093259598469004,0.6546000828153093
55,llama,5,4.0784546528986185,0.14283187452355112,0.7090498302676659,0.4192545967502082,0.5641522135089371
55,mistral,5,4.072903187239287,0.0838527907099063,0.701919814423889,0.2461332113208712,0.47402651287238007
55,qwen,5,4.086191165698923,0.1568320686883097,0.7189862078347392,0.4603493858408789,0.589667796837809
56,gemma,5,4.079726102917288,0.08985427071930636,0.7106828150205204,0.2637493638053125,0.4872160894129165
56,human,11,3.757818633592814,0.23026842156473912,0.2972414830624063,0.6759072129345559,0.4865743479984811
56,llama,5,4.130526538583976,0.07496887848457569,0.7759282715182,0.2200562516084851,0.49799226156334253
56,mistral,5,4.081933993005169,0.09868790799173567,0.7135185150453327,0.2896787513796476,0.5015986332124902
56,qwen,5,4.112806430833241,0.07338892533906911,0.7531694800981704,0.21541861297836015,0.4842940465382653
57,gemma,5,4.088992504723489,0.11851578681736481,0.7225841030311853,0.3478795512303871,0.5352318271307862
57,human,7,3.5987952616271532,0.31235003166381525,0.09300007525685312,0.9168414753846487,0.5049207753207509
57,llama,5,4.156254685796976,0.11794862511219092,0.8089721753296871,0.34621476070104606,0.5775934680153666
57,mistral,5,4.047264459763043,0.06868415254441243,0.6689907567051165,0.2016086869558609,0.4352997218304887
57,qwen,5,4.038758944292023,0.0716029822072922,0.6580667118151102,0.21017633165964464,0.43412152173737745
58,gemma,5,4.154643626481989,0.05241784079746559,0.8069030139323154,0.15386215982507756,0.4803825868786965
58,human,14,3.7018691813978317,0.348016323089104,0.22538289560445537,1.0,0.6126914478022277
58,llama,5,4.146411500176021,0.11690677685260495,0.7963300959694949,0.34315662207894454,0.5697433590242197
58,mistral,5,4.139214243489536,0.08830910213858374,0.787086311110606,0.25921382835579954,0.5231500697332028
58,qwen,5,4.145298394393583,0.11754356017652098,0.7949004803775759,0.3450257730410546,0.5699631267093153
59,gemma,5,4.081553854656028,0.08834771057296625,0.7130302849780809,0.259327155746077,0.48617872036207893
59,human,6,3.7344895151424065,0.22553137348223848,0.26727876792011473,0.6620025492154805,0.4646406585677976
59,llama,5,4.10623258647436,0.0815220219167144,0.7447263738430574,0.23929170249262635,0.49200903816784186
59,mistral,5,4.112150932745469,0.07395155704533302,0.7523275922007782,0.21707010659570156,0.4846988493982399
59,qwen,4,4.250909655055076,0.12057434090329282,0.930542130350137,0.35392202785588245,0.6422320791030097
60,gemma,5,4.008295479047241,0.13238966503297017,0.6189410100310149,0.3886035649426487,0.5037722874868318
60,human,7,3.594869251503901,0.311392563469953,0.08795771057347149,0.9140310176849377,0.5009943641292046
60,llama,5,4.0783860191692565,0.1287822062062201,0.7089616806495652,0.3780145861117877,0.5434881333806765
60,mistral,5,4.131897032654409,0.14476392619254308,0.7776884633370156,0.4249257506581563,0.6013071069975859
60,qwen,5,3.7626299845041395,0.21440988095628466,0.30342093373955475,0.6293576169846121,0.4663892753620834
61,gemma,5,3.7719560129198806,0.08165716709337512,0.3153988030887021,0.23968839431462075,0.27754359870166145
61,human,6,3.9259096771305315,0.23776247707002185,0.5131289400272939,0.6979045243146074,0.6055167321709507
61,llama,5,4.043860907767756,0.0948883274288555,0.6646194102642488,0.2785258373538109,0.47157262380902987
61,mistral,5,4.064289052157815,0.11744991016885856,0.6908562641147751,0.34475088204540577,0.5178035730800904
61,qwen,5,3.9642249655456268,0.09314771194957557,0.5623391180636689,0.27341660635549936,0.4178778622095841
62,gemma,5,4.126238359705643,0.07109932536068833,0.7704207559863199,0.20869794702856867,0.4895593515074443
62,human,8,3.8117903112929485,0.23316514682486883,0.3665599190812537,0.6844099745546982,0.525484946817976
62,llama,5,4.045548986143639,0.07715233749744961,0.6667874909665682,0.22646536183697352,0.44662642640177086
62,mistral,4,4.2572110673697505,0.07195954284383667,0.9386353389546577,0.21122294458403634,0.574929141769347
62,qwen,5,4.131014617450996,0.08137946046761696,0.7765551348131231,0.23887324167599946,0.5077141882445613
63,gemma,5,4.131620892608667,0.10545601020694177,0.7773338033207123,0.30954517107389135,0.5434394871973018
63,human,8,3.4720129985000296,0.3497985324598907,0.0,1.0,0.5
63,llama,5,4.115331654714528,0.08221823303115597,0.7564127472617523,0.24133529192959116,0.49887401959567174
63,mistral,5,3.9788695340187403,0.10233531706117516,0.5811478456405147,0.3003849962125456,0.4407664209265302
63,qwen,5,4.080849006360973,0.2807232742967657,0.7121250142226441,0.8240074112048588,0.7680662127137514
64,gemma,5,4.100070805004814,0.10716827774418132,0.7368124998862021,0.31457119231913844,0.5256918461026703
64,human,5,4.015659755232457,0.22281620402984062,0.6283993061100478,0.6540327086062274,0.6412160073581377
64,llama,5,3.8895909439051124,0.08487633971162685,0.46648303438472144,0.2491376361063183,0.35781033524551986
64,mistral,5,4.122918239234396,0.25102400891849247,0.7661565646869559,0.7368311168974403,0.751493840792198
64,qwen,5,4.080811779633562,0.15817974477911195,0.7120772021361539,0.46430522131446594,0.5881912117253099
65,gemma,5,4.094106788040651,0.0619969295680724,0.729152624448523,0.18197967220214162,0.4555661483253323
65,human,6,4.014346306568535,0.19450908242094753,0.6267123804658237,0.5709427758101783,0.598827578138001
65,llama,5,4.1444340759736535,0.06259676313097076,0.793790394427966,0.18374036448017178,0.48876537945406884
65,mistral,5,4.129456507448599,0.057775978233997126,0.774553978778813,0.1695899079749824,0.47207194337689773
65,qwen,5,4.124402519165329,0.15687307877019938,0.7680628971896826,0.4604697627903708,0.6142663299900266
66,gemma,5,4.01142176375203,0.06625307569789929,0.6229562486806196,0.19447274376143353,0.40871449622102657
66,human,6,3.851299319941419,0.2308846194972575,0.41730324974781696,0.6777159395691259,0.5475095946584714
66,llama,5,4.09289996434368,0.08554545930588293,0.7276026424062868,0.25110170376700874,0.4893521730866478
66,mistral,5,4.021982891102718,0.10475680351840219,0.6365204153276712,0.3074927887241773,0.47200660202592426
66,qwen,5,4.041627234089837,0.1243067414418211,0.6617505951277244,0.36487774826430514,0.5133141716960148
67,gemma,5,4.133883019352819,0.060806052478085015,0.7802391621063377,0.17848408905022128,0.4793616255782795
67,human,6,3.836136916761676,0.17119667177621975,0.397829442012091,0.5025138249423591,0.450171633477225
67,llama,5,4.10962092319267,0.05578696674169632,0.7490781785678143,0.16375155981972803,0.45641486919377117
67,mistral,5,4.0087711799945005,0.06513739980344221,0.6195519757649298,0.19119789878166396,0.4053749372732969
67,qwen,4,4.2687126178570365,0.15809692989518512,0.9534073365197525,0.46406213467234575,0.7087347355960492
68,gemma,5,4.105234978313145,0.06498928913353712,0.7434450974321359,0.19076314932960645,0.4671041233808712
68,human,9,3.8559368798230245,0.22996313501556281,0.42325949220006576,0.6750111049089831,0.5491352985545244
68,llama,5,4.099569708486143,0.0753225019364464,0.7361689173916631,0.22109424301068453,0.4786315802011738
68,mistral,5,3.8535830500861494,0.06859152957696865,0.42023635482565674,0.20133681063277134,0.31078658272921406
68,qwen,5,4.093775631063025,0.07770784089847539,0.7287273035256987,0.2280959317301946,0.47841161762794665
69,gemma,5,4.053447774780841,0.08475889483850121,0.6769322872394642,0.2487929000095128,0.4628625936244885
69,human,5,4.131231518138149,0.18074606473984814,0.7768337108560696,0.5305441711765615,0.6536889410163156
69,llama,5,4.0942304757911,0.06369937157350987,0.7293114826086018,0.18697685255044413,0.458144167579523
69,mistral,5,4.0040951356079955,0.1855664969391778,0.6135463058017293,0.5446935924078739,0.5791199491048016
69,qwen,5,4.143628479994431,0.18045007311802497,0.7927557285490765,0.5296753465639681,0.6612155375565223
70,gemma,5,4.1063862745544615,0.06731479189321678,0.7449237628774795,0.19758920076247644,0.471256481819978
70,human,18,3.622109534431643,0.3128471304473183,0.12294372341808027,0.9183006101241303,0.5206221667711053
70,llama,5,3.7686001956863713,0.07678699190440169,0.311088764711085,0.22539296241773524,0.2682408635644101
70,mistral,5,3.77402999694905,0.05839013527224178,0.31806252108592376,0.17139264396979784,0.2447275825278608
70,qwen,5,4.144691330074993,0.062056829558126914,0.7941207983124507,0.18215549672491999,0.48813814751868534
71,gemma,5,4.077055552387717,0.07468973424167183,0.7072528978138023,0.21923687913028872,0.4632448884720455
71,human,5,4.055765728946793,0.15547742007044363,0.6799093478830093,0.45637308389905973,0.5681412158910345
71,llama,5,4.130002006712061,0.08760393500321091,0.7752545898660343,0.25714395029833914,0.5161992700821867
71,mistral,5,4.060039702313441,0.14975292887651492,0.6853986185891804,0.43956997706372264,0.5624842978264515
71,qwen,5,4.097849776835224,0.1384740433900001,0.733959925987626,0.40646304906033187,0.570211487523979
72,gemma,5,4.131589296060961,0.11279960424959985,0.7772932223463213,0.3311008327167985,0.5541970275315599
72,human,7,3.594667651310879,0.23861090835378865,0.08769878569514863,0.7003949258229014,0.39404685575902504
72,llama,5,4.079289480355014,0.08223051267506101,0.7101220395464737,0.24137133638514996,0.4757466879658118
72,mistral,5,4.141688309024111,0.07117468010541839,0.7902638731352234,0.20891913591389555,0.49959150452455947
72,qwen,5,4.108515885243686,0.06418125634541587,0.747658924884602,0.188391329580865,0.4680251272327335
73,gemma,5,4.139114969128706,0.10027371495089703,0.7869588082475726,0.2943335727170042,0.5406461904822883
73,human,6,3.5865254498669534,0.3480210412347671,0.07724136258187926,1.0,0.5386206812909397
73,llama,5,4.100102758438054,0.1036462121793316,0.736853539225946,0.3042328684467917,0.5205432038363689
73,mistral,5,4.14145485667627,0.1207808936893057,0.7899640389939326,0.3545283225313275,0.57224618076263
73,qwen,5,4.0687145251895265,0.17271280408224904,0.6965401131680913,0.5069641301750294,0.6017521216715603
74,gemma,5,4.11152380395468,0.15948489213379843,0.7515221403635862,0.468136222130733,0.6098291812471597
74,human,21,3.4238704194548513,0.23581740696929102,0.0,0.6921951573861608,0.3460975786930804
74,llama,5,4.148135727627375,0.20923304220191535,0.7985446046777971,0.61416203510456,0.7063533198911786
74,mistral,5,4.07006388703965,0.1620014275071485,0.6982731638543,0.47552301185593226,0.5868980878551162
74,qwen,5,4.124964292294087,0.18406187770143217,0.7687844095891906,0.5402770815002919,0.6545307455447412
75,gemma,5,4.077458825553364,0.08999415468479546,0.7077708410448119,0.26415996540063974,0.48596540322272586
75,human,10,3.8367135740229292,0.13760462104227716,0.39857007082283624,0.40391103245328175,0.401240551638059
75,llama,5,4.114028114759842,0.07334215899587829,0.7547385478520365,0.21528133966719376,0.48500994375961515
75,mistral,5,4.102223711653507,0.15695197816828382,0.7395775820207834,0.4607013563015396,0.6001394691611615
75,qwen,5,4.08746138088638,0.08185035805016544,0.7206176066341438,0.24025546799446354,0.48043653731430364
76,gemma,5,4.100730885485425,0.14930158296129387,0.7376602731723462,0.4382451407811206,0.5879527069767334
76,human,6,3.691615543294846,0.2702689780198776,0.2122136522699934,0.7933209010369116,0.5027672766534524
76,llama,5,4.1002222490139895,0.173283587134961,0.7370070067517998,0.5086395504507547,0.6228232786012773
76,mistral,5,3.9824129212009325,0.13139250397830074,0.5856987891750749,0.3856765967342919,0.4856876929546834
76,qwen,5,4.133070800256911,0.16824630724711026,0.7791959898383611,0.4938536159025767,0.6365248028704689
77,gemma,5,3.9987181727139913,0.17016653956208644,0.6066404122993152,0.4994900764445078,0.5530652443719115
77,human,6,3.9608261353839493,0.38427575572779715,0.5579738361020785,1.0,0.7789869180510393
77,llama,5,4.081641380973962,0.14319985009884287,0.7131426992614273,0.42033471595992583,0.5667387076106766
77,mistral,5,3.9999997533927365,0.0887614195798333,0.608286408348876,0.2605415163600825,0.43441396235447927
77,qwen,5,4.111125140722161,0.24452607384143069,0.7510101178926538,0.7177577191735074,0.7343839185330806
78,gemma,5,4.126664062907679,0.15897717570216194,0.7709675071978961,0.4666459213941554,0.6188067142960257
78,human,5,3.7211104771665555,0.27661312140876165,0.25009542236848215,0.811942873808077,0.5310191480882795
78,llama,5,4.154838937783611,0.0889659247957629,0.8071538616832493,0.26114180080026006,0.5341478312417547
78,mistral,5,4.041126043101232,0.1589297740928283,0.6611068913008787,0.46650678338541063,0.5638068373431446
78,qwen,5,4.124113023780136,0.09118250956247292,0.767691084264989,0.26764814509931517,0.5176696146821521
79,gemma,5,4.129396673844657,0.16717303192184002,0.7744771315874093,0.4907032293715652,0.6325901804794872
79,human,8,3.376603932584839,0.33039359833761184,0.0,0.9698047813343352,0.4849023906671676
79,llama,5,4.118144141709774,0.17721408791811794,0.760024960336116,0.5201767547783301,0.6401008575572231
79,mistral,5,3.74413445729555,0.085761417534769,0.2796662336065207,0.2517356062517905,0.26570091992915557
79,qwen,5,4.078438259405154,0.16717714297159011,0.709028775311135,0.49071529654152246,0.5998720359263288
80,gemma,5,4.1362921474380006,0.0786540317600026,0.7833333218239901,0.23087328706086985,0.50710330444243
80,human,5,3.7940194992507514,0.2853685533778192,0.34373600568737867,0.8376427052484032,0.5906893554678909
80,llama,5,3.97724440744116,0.0957849720320958,0.5790606169774295,0.281157759484734,0.43010918823108174
80,mistral,4,4.2610911104307325,0.0544986098303768,0.9436186659167614,0.1599698440148532,0.5517942549658073
80,qwen,5,4.091428542286152,0.0753237514946949,0.7257128238922474,0.22109791084072133,0.4734053673664844
81,gemma,5,4.124726123554304,0.07303076639659278,0.7684785179576187,0.21436730854437938,0.491422913250999
81,human,6,4.01919162240602,0.15335515682618345,0.6329354539403584,0.45014360169392786,0.5415395278171431
81,llama,5,4.048202188628758,0.07863312364750329,0.6701951272407561,0.23081191544963847,0.45050352134519733
81,mistral,5,4.072671066266343,0.15601955672514958,0.70162169023177,0.45796441836351626,0.5797930542976432
81,qwen,5,4.081153869558269,0.08158788195256873,0.712516564771688,0.2394850215459971,0.4760007931588426
82,gemma,5,4.166651222632056,0.189823518863039,0.8223249504170967,0.5571892346865932,0.689757092551845
82,human,16,3.7013383369627175,0.27886982550657435,0.22470110642206476,0.81856698043462,0.5216340434283424
82,llama,5,4.138465922505422,0.10882855245351394,0.7861252062780483,0.3194445989454797,0.5527849026117639
82,mistral,5,3.785783678242892,0.10862200959199173,0.3331583424402241,0.3188383334014057,0.3259983379208149
82,qwen,5,3.8388518018163325,0.08421484474779148,0.40131630019362297,0.2471959490337359,0.3242561246136794
83,gemma,5,4.072559582749525,0.11244336191342845,0.701478506559203,0.3300551540999274,0.5157668303295652
83,human,9,3.7467933543345726,0.2508152557952295,0.283081183671705,0.736218363569054,0.5096497736203796
83,llama,5,4.121708288386666,0.061789415574853,0.7646025662937551,0.18137055609386787,0.4729865611938115
83,mistral,5,4.081166288033069,0.08316483766194843,0.7125325144194946,0.24411386179775693,0.4783231881086258
83,qwen,5,4.061247038680203,0.06181553782556391,0.6869492590780235,0.18144723277212715,0.43419824592507533
84,gemma,5,4.1377697726828,0.16057494340528394,0.7852311073914602,0.4713358511196276,0.6282834792555438
84,human,14,3.6869891330243556,0.2971316628995276,0.206271729802552,0.872170976724944,0.539221353263748
84,llama,5,4.126314537340837,0.22948360444391236,0.7705185946075432,0.673603538165794,0.7220610663866687
84,mistral,5,3.9973325359694956,0.1600491122555736,0.6048607720118232,0.4697923782262984,0.5373265751190608
84,qwen,5,3.9901781994128074,0.24403533223845825,0.5956721115514712,0.7163172446747369,0.6559946781131041
85,gemma,5,4.110840223598588,0.18536786208597159,0.7506441850507878,0.5441105392514317,0.6473773621511097
85,human,6,3.7089306977910725,0.25151679524365517,0.23445234263963038,0.738277593272054,0.48636496795584216
85,llama,5,4.038717843791966,0.19847824255365806,0.6580139244550554,0.5825934569794027,0.620303690717229
85,mistral,5,4.135758810292125,0.07053671849683693,0.7826483311326083,0.20704652633119466,0.4948474287319015
85,qwen,5,4.11058069784487,0.08745575648868602,0.7503108635732837,0.25670900170187627,0.50350993263758
86,gemma,5,4.068156182723316,0.08881221270212832,0.6958230069344168,0.26069060948146394,0.47825680820794036
86,human,16,3.5886475491295915,0.1967859000356955,0.07996687730054539,0.5776259216705061,0.32879639948552575
86,llama,5,4.123895149918461,0.06603016749985405,0.767411258326937,0.19381844102266801,0.4806148496748025
86,mistral,5,4.078851031597754,0.056422888796490746,0.7095589186018828,0.16561818269740675,0.43758855064964475
86,qwen,5,4.136715122248822,0.057195787412094655,0.7838765688307708,0.16788687306147798,0.4758817209461244
87,gemma,5,4.128622505767819,0.06161008225270601,0.7734828300835664,0.18084415874795745,0.47716349441576195
87,human,5,4.134311112573923,0.1442523982828944,0.7807889829349967,0.4234242620849536,0.6021066225099752
87,llama,5,3.6765190377084265,0.13874640856605522,0.19282448000052002,0.4072625229343302,0.3000435014674251
87,mistral,5,4.108954333897484,0.10917260594966631,0.7482220456963113,0.3204544996435629,0.534338272669937
87,qwen,5,4.094357126214115,0.06808501797137,0.7294741458723472,0.19985004642371135,0.4646620961480292
88,gemma,5,4.1078568586833875,0.06159070776574409,0.7468125051992887,0.1807872887898647,0.4637998969945767
88,human,5,3.769136452490028,0.2657196250650306,0.311777505260165,0.7799671790828931,0.545872342171529
88,llama,5,3.7243809532721244,0.0622640177727027,0.25429585300794844,0.1827636565746953,0.21852975479132186
88,mistral,5,3.7850305094649457,0.18858510802676393,0.33219101135158285,0.5535541256641461,0.4428725685078645
88,qwen,5,4.110188900509416,0.10379557989839243,0.7498076593060222,0.3046713077169563,0.5272394835114893
89,gemma,5,4.053960515348915,0.08202681172567652,0.6775908247498188,0.2407734127096629,0.45918211872974085
89,human,11,3.446333432516983,0.22264275430529537,0.0,0.6535235813924088,0.3267617906962044
89,llama,5,4.10696457118239,0.12503031376941115,0.7456664972061341,0.3670016511076677,0.556334074156901
89,mistral,5,3.9814185108057956,0.12503766365772234,0.5844216198097875,0.3670232252448856,0.47572242252733654
89,qwen,5,4.111702281513944,0.08505967404404574,0.751751367725044,0.24967577762315515,0.5007135726740995
90,gemma,5,4.132187979768624,0.11466954527893627,0.7780621407875032,0.33658967317916916,0.5573259069833362
90,human,5,4.049934040533133,0.3567760900671594,0.672419428402831,1.0,0.8362097142014155
90,llama,5,4.113848530062971,0.2019011806898315,0.7545078985402038,0.592640811974703,0.6735743552574533
90,mistral,5,4.079844346023078,0.06123483578169335,0.710834680360133,0.1797426972680802,0.4452886888141066
90,qwen,5,4.08530104699359,0.039625024490963966,0.71784298533075,0.11631138861400966,0.41707718697237983
91,gemma,5,4.076856956418906,0.09633551479462309,0.7069978314059331,0.282773768408982,0.4948857999074575
91,human,6,3.703135569545306,0.3415856850341552,0.22700937915131592,1.0,0.613504689575658
91,llama,5,4.063764516442348,0.11182650735432915,0.6901825775261494,0.3282445000684559,0.5092135387973027
91,mistral,5,3.7939720547731084,0.08272024914614659,0.3436750704500822,0.24280886051891745,0.2932419654844998
91,qwen,5,4.1085467924429775,0.04997729883567115,0.7476986204954834,0.14669843366481228,0.44719852708014785
92,gemma,5,4.135719115668346,0.09476678107374634,0.7825973494074523,0.2781690621713264,0.5303832057893894
92,human,6,3.6687129363153814,0.3071009786063994,0.18279872643812742,0.9014339227620409,0.5421163246000842
92,llama,5,4.079680030414045,0.07592543292397996,0.710623641876302,0.22286402716348516,0.4667438345198936
92,mistral,5,4.11901707511173,0.1044713857727583,0.7611461109238074,0.30665500162480297,0.5339005562743051
92,qwen,5,4.12253188696817,0.1268695202994134,0.7656603537854549,0.3724002765520834,0.5690303151687692
93,gemma,5,4.138643186795664,0.13096750752127279,0.786352875379421,0.38442910405238256,0.5853909897159018
93,human,14,3.6937066366655995,0.3504838828127581,0.21489934462210727,1.0,0.6074496723110536
93,llama,4,4.304989896471098,0.11146194629313337,1.0,0.3271744034866368,0.6635872017433184
93,mistral,5,3.7040840403982296,0.12073235865811364,0.2282275461406655,0.3543858575878507,0.2913067018642581
93,qwen,5,3.8595910816908114,0.08325131097823953,0.42795276039490476,0.24436768704140238,0.3361602237181536
94,gemma,5,4.092521179577468,0.12076247424918773,0.7271161508110574,0.35447425592354276,0.5407952033673
94,human,6,3.7102033463356485,0.27519348570110697,0.2360868667172736,0.8077758151726684,0.521931340944971
94,llama,5,4.018740430696779,0.1355821001443184,0.6323559666062227,0.3979743240937429,0.5151651453499828
94,mistral,5,4.1086943997231975,0.09628047463475639,0.747888199664519,0.2826122089524044,0.5152502043084617
94,qwen,5,4.1162601564836,0.0905953833958821,0.7576052669909032,0.2659247528590562,0.5117650099249798
95,gemma,5,4.062687847199349,0.1667572278278912,0.6887997591440908,0.4894827190455815,0.5891412390948361
95,human,16,3.3933016548030137,0.26301631760036553,0.0,0.7720321569824649,0.38601607849123243
95,llama,5,4.090154971742863,0.1773838725083672,0.7240771156470652,0.520675123718434,0.6223761196827496
95,mistral,5,3.8159614110324087,0.08503688830015382,0.37191706421252835,0.24960889459792757,0.31076297940522796
95,qwen,5,4.106035370443446,0.06381329935406899,0.7444730797561705,0.18731126492062614,0.4658921723383983
96,gemma,5,4.069519602826246,0.12059809052031256,0.6975741133146354,0.35399174013922113,0.5257829267269283
96,human,5,4.127669617396561,0.20184589827922855,0.7722589894617656,0.5924785414392078,0.6823687654504866
96,llama,5,4.063202980437403,0.1002783149723793,0.6894613696762218,0.2943470751663561,0.49190422242128895
96,mistral,5,3.4490154877034036,0.07943351975812371,0.0,0.23316131924846117,0.11658065962423059
96,qwen,5,4.052761658211667,0.07069306059865295,0.6760510745455399,0.2075054375166048,0.44177825603107235
97,gemma,5,4.05322641535553,0.09381481767800143,0.6766479846234548,0.2753747627130624,0.4760113736682586
97,human,9,3.8265644110485533,0.19602113299394344,0.38553500994900347,0.57538109992629,0.48045805493764676
97,llama,5,4.068198263654885,0.06385746465300508,0.6958770535100823,0.18744090338303218,0.44165897844655727
97,mistral,5,3.440133678478231,0.07209382718877652,0.0,0.21161710960550248,0.10580855480275124
97,qwen,5,4.036346674854737,0.18811742142900006,0.6549685175070189,0.5521813245537144,0.6035749210303667
98,gemma,5,4.011603611946748,0.09015928889418459,0.6231898051122127,0.264644684071441,0.4439172445918268
98,human,5,3.802850292894901,0.19940551837821247,0.3550778210672646,0.585315290976167,0.4701965560217158
98,llama,5,4.0877122724016575,0.15312320683010522,0.7209398387416222,0.4494627585530227,0.5852012986473224
98,mistral,5,3.967680940305997,0.05670281752724302,0.5667777935971681,0.16643985788385818,0.3666088257405131
98,qwen,5,4.085791476281187,0.08786266117443778,0.7184728673845001,0.2579033895828005,0.48818812848365034
99,gemma,5,4.012022689653873,0.04954294803398007,0.6237280468802306,0.14542348316221215,0.38457576502122137
99,human,9,3.4336833899805423,0.24797438681860554,0.0,0.7278795569743238,0.3639397784871619
99,llama,5,4.060410344458737,0.11227572105600628,0.6858746522225493,0.32956307766172455,0.5077188649421369
99,mistral,5,3.6264985176373736,0.09092094887045908,0.12858070682305378,0.2668803856421088,0.1977305462325813
99,qwen,5,4.108045692772033,0.08808300191416965,0.7470550339523264,0.25855015605766535,0.5028025950049959
100,gemma,5,4.084941275628634,0.07822783686590841,0.7173809135663397,0.22962227660499995,0.4735015950856698
100,human,25,3.5540286304497797,0.1916345797225968,0.03550412569069058,0.5625052441060368,0.2990046848983637
100,llama,5,4.069603101223885,0.08802874968088072,0.6976813543451359,0.2583909094030497,0.4780361318740928
100,mistral,5,3.4469140460436862,0.06422990936481529,0.0,0.18853414085528833,0.09426707042764416
100,qwen,5,4.083164239805045,0.03649973212762506,0.715098580511491,0.10713771366303011,0.4111181470872606
101,gemma,5,4.161314083378878,0.06859795811792266,0.8154702043426725,0.2013556803378309,0.5084129423402517
101,human,8,3.862875056100307,0.2624379640582896,0.4321705275589516,0.7703345150389496,0.6012525212989506
101,llama,5,4.125485663724154,0.06015853001740258,0.7694540321330359,0.17658341548526466,0.4730187238091503
101,mistral,5,3.7681920923652847,0.1907853397382236,0.3105646178778331,0.5600124688177461,0.43528854334778966
101,qwen,5,4.142138905512834,0.1348253207676169,0.7908425959988596,0.39575294855368065,0.5932977722762701
102,gemma,5,4.089245253640717,0.08114995377083001,0.7229087206898223,0.23819957035484754,0.4805541455223349
102,human,8,3.8399210734480667,0.21794789095356484,0.40268961746574755,0.6397427425712915,0.5212161800185195
102,llama,5,4.088396996300725,0.0782996614347326,0.7218192627619722,0.2298331033601594,0.4758261830610658
102,mistral,5,4.106646627595488,0.10084077867797347,0.7452581468800851,0.2959980756511018,0.5206281112655935
102,qwen,5,4.108023451850757,0.08521070082299403,0.7470264688614457,0.2501190867340778,0.49857277779776177
103,gemma,5,4.03550297346418,0.08781017394032663,0.6538849110053769,0.25774932373268683,0.45581711736903185
103,human,13,3.7457280403109734,0.2875202382610958,0.28171294934711855,0.8439585488308027,0.5628357490889606
103,llama,5,3.9786063307869908,0.09825461307148145,0.5808098010001136,0.288406900207274,0.4346083506036938
103,mistral,5,3.7875241474677876,0.060133320316980474,0.33539371124382167,0.1765094174171169,0.2559515643304693
103,qwen,5,4.026884323003512,0.09871058818554725,0.6428155613763747,0.2897453245835799,0.4662804429799773
104,gemma,5,4.126870040732525,0.13104495136379218,0.7712320544804956,0.38465642506930936,0.5779442397749025
104,human,5,4.045091273216526,0.3679899185232624,0.6661996281169205,1.0,0.8330998140584602
104,llama,5,4.132596590601112,0.06533894723310593,0.7785869394421949,0.19178950122776764,0.48518822033498127
104,mistral,5,3.7242733466347695,0.05682448562212679,0.2541576485991819,0.1667969904092697,0.2104773195042258
104,qwen,5,4.076706596326855,0.1580897261216608,0.7068047166675229,0.4640409894260617,0.5854228530467923
105,gemma,5,4.119612154358954,0.1073550829810221,0.7619103999821178,0.3151195219864747,0.5385149609842963
105,human,7,3.8492601613277664,0.22265916900125252,0.41468425971608,0.6535717634719149,0.5341280115939975
105,llama,5,4.110322463754659,0.14275178403947036,0.749979201041694,0.4190195070426845,0.5844993540421892
105,mistral,5,4.069949360646951,0.15460807542381666,0.6981260720690697,0.453821295368143,0.5759736837186064
105,qwen,5,4.13863840551857,0.16392709088671847,0.7863467345540016,0.48117541420919785,0.6337610743815998
106,gemma,5,4.156747408249735,0.06722503944162474,0.8096050026063627,0.19732575026849472,0.5034653764374287
106,human,6,3.7152874400232903,0.277924137160784,0.2426166141332918,0.8157911001390747,0.5292038571361832
106,llama,5,4.080250641035287,0.08155288571670624,0.7113565046948335,0.2393822970469786,0.47536940087090607
106,mistral,5,3.8143234419988374,0.09005593449926964,0.3698133413620864,0.2643413077746097,0.31707732456834803
106,qwen,5,4.1456277981510015,0.09129731400300055,0.7953235495548922,0.2679851307307024,0.5316543401427973
107,gemma,5,4.098046496151143,0.08360275933091343,0.7342125821194218,0.24539929387195286,0.4898059379956873
107,human,6,3.958635897273879,0.1924297646270693,0.5551608073661091,0.5648393514443222,0.5600000794052156
107,llama,5,4.118718912572824,0.09683240697496397,0.7607631663544132,0.28423229670591893,0.5224977315301661
107,mistral,5,4.103281812317009,0.07551270049356992,0.7409365518781218,0.22165253309569036,0.48129454248690606
107,qwen,5,4.092877604599098,0.0886456558139756,0.7275739247048887,0.2602017148197411,0.4938878197623149
108,gemma,5,4.099464627461782,0.0883580341886589,0.7360339567498162,0.2593574586693472,0.4976957077095817
108,human,6,3.9551602253348643,0.2702327395512504,0.5506968337934202,0.7932145302103588,0.6719556820018895
108,llama,5,4.104393860843751,0.12549680775396815,0.7423648095854157,0.3683709515389212,0.5553678805621685
108,mistral,5,4.068726341543381,0.11637778989083958,0.6965552894828464,0.3416038859261715,0.5190795877045089
108,qwen,5,4.144217449124803,0.08347531293007367,0.7935121700887966,0.24502520027716124,0.5192686851829789
109,gemma,5,4.057215968340557,0.22359369973598325,0.6817719604774743,0.656314892816448,0.6690434266469611
109,human,10,3.7562503199697366,0.3361208275907319,0.2952272220245561,0.9866159251985638,0.6409215736115599
109,llama,5,4.080113967672259,0.2442302056765251,0.7111809684844683,0.7168892569441732,0.7140351127143207
109,mistral,5,4.044083253562794,0.16866399178341984,0.664904979722606,0.4950796458935952,0.5799923128081006
109,qwen,5,4.0867463882265,0.13200171764963392,0.719699306980329,0.3874648224574472,0.553582064718888
110,gemma,5,4.08271808932769,0.11622380834702992,0.7145255678752866,0.34115190368990783,0.5278387357825972
110,human,7,3.8861821621754613,0.26851624964183474,0.4621049711430734,0.788176115030285,0.6251405430866792
110,llama,5,4.115192635328543,0.1017483852931133,0.7562341979406375,0.2986621745905547,0.5274481862655961
110,mistral,5,4.0675573138689165,0.160025842336705,0.6950538507003269,0.46972407400159916,0.582388962350963
110,qwen,5,3.9627635713516782,0.06450066684790526,0.5604621788198239,0.18932889566592598,0.37489553724287494
111,gemma,5,4.153517473724112,0.052086944574461905,0.8054566414788215,0.15289087968887308,0.47917376058384725
111,human,5,3.6355760545236357,0.1461974473644389,0.14023942648255996,0.42913356731575375,0.28468649689915687
111,llama,5,4.093885721892934,0.04716037787685843,0.7288686985031111,0.13842992171953566,0.43364931011132335
111,mistral,5,4.0822594156777745,0.11962224794442138,0.713936471122878,0.3511273480907958,0.5325319096068368
111,qwen,5,3.813800123359248,0.14484137582974296,0.3691412179228742,0.4251530886842167,0.39714715330354544
112,gemma,5,4.11844373909852,0.07425933443409455,0.7604097477525573,0.2179735259861176,0.4891916368693375
112,human,18,3.580148135998613,0.22101203954309562,0.06905066994099526,0.6487369421193386,0.35889380603016696
112,llama,5,4.076692471190075,0.16837146191920596,0.7067865750711916,0.4942209825828497,0.6005037788270207
112,mistral,5,3.989458771661704,0.06867579918066082,0.5947481156954941,0.20158416731580944,0.39816614150565177
112,qwen,5,4.085290773163574,0.1282766752230037,0.7178297901539649,0.3765307003249483,0.5471802452394565
113,gemma,5,4.154802745473506,0.06539784936623112,0.8071073781489355,0.19196239673973584,0.49953488744433566
113,human,5,4.06740913016859,0.17217793418146984,0.6948635312070701,0.5053941258233184,0.6001288285151942
113,llama,5,4.131926895105449,0.06898591049306897,0.7777268171271883,0.20249443747549933,0.4901106273013438
113,mistral,5,4.0360142876983,0.09571777148803087,0.6545416166060495,0.2809605056357783,0.4677510611209139
113,qwen,5,4.080491863253423,0.11497747374708286,0.7116663180563358,0.3374935360331109,0.5245799270447233
114,gemma,5,4.137323730312838,0.06556009220048546,0.7846582336028097,0.19243862835314715,0.48854843097797845
114,human,8,3.585532745460057,0.19126121356711098,0.07596638429979949,0.5614093019188987,0.3186878431093491
114,llama,5,4.0947825780811895,0.06755276328372586,0.7300205742822762,0.1982877185106946,0.4641541463964854
114,mistral,5,4.087364264752987,0.07537090870956138,0.7204928756869904,0.2212363314780522,0.4708646035825213
114,qwen,5,4.124811563920568,0.08122715900924607,0.7685882531523489,0.23842619099682333,0.5035072220745861
115,gemma,5,4.130640552693512,0.1255655004864304,0.7760747053533869,0.36857258541052157,0.5723236453819542
115,human,5,4.072320289037678,0.19100208975060246,0.7011711700715998,0.5606486954256978,0.6309099327486488
115,llama,5,4.132810054072889,0.0995021999954518,0.778861100903192,0.29206894381249027,0.5354650223578412
115,mistral,5,4.087777837276922,0.09203634380003664,0.7210240468819793,0.27015440590528306,0.4955892263936312
115,qwen,5,4.133893784388351,0.1779065375081766,0.7802529881621245,0.5222093030076262,0.6512311455848754
116,gemma,5,4.103165531986622,0.09009334110965218,0.7407872074258888,0.2644511074492554,0.502619157437572
116,human,5,3.8361121481654594,0.1377786050088631,0.3977976305060329,0.40442172782849345,0.40110967916726314
116,llama,5,4.1194082661553795,0.0728678597700632,0.7616485365011824,0.21388912850059416,0.48776883250088826
116,mistral,5,3.7371593521995123,0.0799672632092458,0.2707077687796393,0.2347280171309521,0.2527178929552957
116,qwen,5,4.028183536811923,0.07554008739339264,0.6444842045071948,0.22173292190021815,0.4331085632037065
117,gemma,5,4.061754074493121,0.18437291948459977,0.6876004696954195,0.5411900828720753,0.6143952762837475
117,human,5,3.7509720191064466,0.4122487333082872,0.28844804493999276,1.0,0.6442240224699964
117,llama,5,4.058879980179405,0.14180389579766234,0.6839091313622976,0.4162371693893481,0.5500731503758228
117,mistral,5,4.096879784074641,0.09372437707010188,0.7327141173713594,0.2751092922729295,0.5039117048221444
117,qwen,5,4.129756892961821,0.06938364617412736,0.7749397784216366,0.2036619115643996,0.4893008449930181
118,gemma,5,4.103800633176188,0.1310626727840626,0.741602898600416,0.3847084427784804,0.5631556706894482
118,human,9,3.784002167747822,0.2133962206167423,0.3308702623483742,0.6263822184027891,0.47862624037558166
118,llama,5,4.04956628339599,0.07656244797561615,0.6719471001249673,0.22473385831628925,0.44834047922062825
118,mistral,5,4.077768110301941,0.07916616344033206,0.7081680704060134,0.23237654788297807,0.4702723091444957
118,qwen,5,4.128443111466484,0.184499864239951,0.7732524253059289,0.5415627039861778,0.6574075646460533
119,gemma,5,4.149814129229702,0.06319981644361516,0.800700257031819,0.18551050769403768,0.49310538236292834
119,human,29,3.5314318176561703,0.19859437452478287,0.00648194612150179,0.5829343393131685,0.29470814271733514
119,llama,5,4.0864704068464714,0.07104709008884705,0.7193448507460766,0.20854462076365052,0.46394473575486356
119,mistral,5,4.1025157941963935,0.053312493722129393,0.7399527177572297,0.1564882357791495,0.4482204767681896
119,qwen,5,4.072644598465979,0.08297433145079301,0.7015876963556434,0.24355466865545028,0.47257118250554686
120,gemma,5,4.112649950865128,0.09240628658385287,0.7529685053069451,0.27124029946487466,0.5121044023859099
120,human,21,3.554997132487229,0.30762064423683666,0.036748019699137935,0.9029592979982105,0.46985365884867425
120,llama,5,4.041799905046242,0.07844546454721396,0.661972364788292,0.23026107943575322,0.44611672211202263
120,mistral,5,3.6432916158872954,0.07579408150006807,0.1501488951062304,0.222478471149126,0.1863136831276782
120,qwen,5,4.090421353277826,0.10643621960655705,0.724419242336002,0.31242238106596987,0.5184208117009859
121,gemma,5,4.100312222976826,0.07193996227372654,0.7371225646638755,0.21116546970979666,0.4741440171868361
121,human,17,3.6218399813278523,0.13422019980304933,0.1225975233299043,0.39397673615829515,0.25828712974409973
121,llama,5,4.162369015291491,0.053129282383708974,0.8168251044199867,0.1559504552867647,0.48638777985337567
121,mistral,4,3.8272185412111974,0.06913986832848006,0.38637514095399417,0.20294635012046827,0.2946607455372312
121,qwen,5,4.156394409610271,0.07247895257006345,0.8091516293808652,0.2127475686642268,0.510949599022546
122,gemma,5,4.121041214411319,0.09619668145443626,0.7637458109240811,0.2823662507155422,0.5230560308198117
122,human,6,3.9496952758672794,0.1321834666514716,0.5436779348790721,0.3879983105512595,0.4658381227151658
122,llama,5,4.06117821208839,0.10946248329149459,0.68686086175735,0.32130537700172007,0.504083119379535
122,mistral,5,4.095185112573985,0.05705433891371321,0.7305375688000162,0.1674716790906108,0.4490046239453135
122,qwen,5,4.125856676254728,0.08506842732155022,0.7699305414701311,0.24970147113059263,0.5098160063003618
123,gemma,5,4.126859268529569,0.058799388654017515,0.7712182192192395,0.1725939259813754,0.4719060726003075
123,human,6,3.962105002593007,0.14453557954722687,0.5596163471112822,0.42425548443767397,0.49193591577447804
123,llama,5,3.982413715551787,0.07047831272534041,0.5856998093982961,0.20687508779019434,0.39628744859424525
123,mistral,5,4.123245648580074,0.08427953412094444,0.7665770723448138,0.2473858318392773,0.5069814520920455
123,qwen,5,4.162704396390607,0.06695518788177879,0.8172558505863408,0.19653365461559497,0.5068947526009678
124,gemma,5,3.9816062837653305,0.47056828177493004,0.5846627857033866,1.0,0.7923313928516933
124,human,6,3.6853537301395107,0.4286387847325303,0.20417130278103152,1.0,0.6020856513905157
124,llama,5,3.3880729090093347,0.8397974005537746,0.0,1.0,0.5
124,mistral,5,3.7678584410548055,0.9771324375213897,0.3101360933626872,1.0,0.6550680466813437
124,qwen,4,3.147035859885689,0.0,0.0,0.0,0.0
125,gemma,5,4.070684264304487,0.06435801101560273,0.6990699443801726,0.18891015780614806,0.4439900510931603
125,human,25,3.504536362344949,0.21822503550328848,0.0,0.6405562453473596,0.3202781226736798
125,llama,5,4.091876659225756,0.09751322711040637,0.7262883621510265,0.2862307089811654,0.5062595355660959
125,mistral,5,4.130512226787896,0.08947540353867836,0.7759098901863025,0.2626372744515465,0.5192735823189245
125,qwen,5,4.037714077281526,0.15879047785519682,0.6567247385783744,0.46609790694846814,0.5614113227634213
126,gemma,5,4.064209212936183,0.18183773025079203,0.6907537227409966,0.5337485384447473,0.612251130592872
126,human,11,3.7713232046177256,0.24459011621709786,0.31458605678037277,0.7179457028464434,0.5162658798134081
126,llama,5,4.107052654068287,0.1749238038163185,0.7457796263166342,0.5134540807201318,0.629616853518383
126,mistral,5,4.101589273514927,0.11996538194907921,0.7387627424347057,0.3521345498042368,0.5454486461194713
126,qwen,5,4.0987487168261545,0.15996964572551495,0.7351144780953505,0.46955912001186956,0.60233679905361
127,gemma,5,4.116860531071234,0.08383481408826164,0.7583763571110118,0.24608044451875719,0.5022284008148845
127,human,7,3.6060474667212157,0.2003013101743092,0.10231443301318194,0.5879447098611145,0.3451295714371482
127,llama,5,4.093210831894597,0.08564021450116564,0.728001904637087,0.25137983882139175,0.4896908717292394
127,mistral,5,4.136901934220864,0.040725938504977056,0.7841165004816542,0.11954290302591081,0.45182970175378245
127,qwen,4,4.265328182218323,0.050356861714318246,0.9490605421401985,0.14781256510192578,0.5484365536210621
128,gemma,5,4.073202761757631,0.2754185527729791,0.7023045724667664,0.8084364548567323,0.7553705136617493
128,human,6,3.7556622199299867,0.27204005202652015,0.2944718966999557,0.7985195369922722,0.546495716846114
128,llama,5,4.124601409669306,0.1702798279484015,0.7683183418833096,0.49982261199989025,0.6340704769415999
128,mistral,5,4.0912521715312495,0.08187844883135073,0.7254863024015279,0.24033792290291814,0.482912112652223
128,qwen,4,3.940428412151855,0.24048263367022646,0.5317760536160515,0.7058890037056424,0.6188325286608469
129,gemma,5,3.5063952223701023,0.07627574503147823,0.0,0.22389229877201666,0.11194614938600833
129,human,11,3.773278526192387,0.23660708341327458,0.31709737084814155,0.6945130957328348,0.5058052332904882
129,llama,5,3.4082452629846216,0.03911417390789503,0.0,0.1148118881984434,0.0574059440992217
129,mistral,5,3.4444709231586708,0.04361540607572576,0.0,0.12802436114048105,0.06401218057024052
129,qwen,5,3.4132050985365536,0.03413995167696844,0.0,0.10021104687692743,0.050105523438463716
130,gemma,5,4.1265798698984035,0.1057145125298468,0.7708593740440758,0.3103039532960673,0.5405816636700715
130,human,5,3.8128409884048224,0.20795306204120828,0.36790935451219486,0.6104049075872212,0.48915713104970804
130,llama,5,4.00709727209671,0.11340445797219237,0.6174020948929829,0.33287626067644893,0.4751391777847159
130,mistral,5,3.4367930901588024,0.21313847133566227,0.0,0.6256256465853125,0.31281282329265625
130,qwen,5,4.131217237652438,0.20285432106286186,0.7768153697375926,0.5954385662160037,0.6861269679767981
131,gemma,5,4.157413532957854,0.06930377186447204,0.810460538786225,0.2034274563939627,0.5069439975900939
131,human,6,3.704375375672974,0.17561421979865924,0.22860172212449528,0.5154806596979105,0.37204119091120286
131,llama,5,4.115450673512892,0.10488234999783283,0.7565656088608532,0.3078613054770567,0.532213457168955
131,mistral,5,3.8102038083350465,0.14100945179109253,0.36452229660095836,0.4139052368096905,0.3892137667053244
131,qwen,5,4.103738124606216,0.16130598933029677,0.7415226158207646,0.4734816912237327,0.6075021535222487
132,gemma,5,4.089098613168074,0.09263192775677762,0.7227203832385177,0.271902624308544,0.49731150377353084
132,human,6,3.984013252774347,0.28679264233386126,0.5877541724150958,0.8418228355098974,0.7147885039624966
132,llama,5,4.1317579734965975,0.05146553528967818,0.77750986293502,0.15106685616486704,0.4642883595499435
132,mistral,5,3.7819479511955123,0.06501879476746299,0.3282319326777407,0.19084975725724665,0.2595408449674937
132,qwen,5,4.087057077788674,0.05920315031319586,0.7200983406115783,0.17377908813209758,0.44693871437183796
133,gemma,5,4.089236898481393,0.10575075957675939,0.7228979897546033,0.31041034930247285,0.516654169528538
133,human,5,3.7460143323578747,0.37898660659157607,0.28208064806951316,1.0,0.6410403240347566
133,llama,5,4.101819461489061,0.1792731477677562,0.7390583839829633,0.5262207159727365,0.6326395499778499
133,mistral,5,4.143926507071932,0.12866743740547887,0.7931384991388368,0.3776777050939142,0.5854081021163755
133,qwen,5,4.1150355236929075,0.07859353482952385,0.7560324118682621,0.23069571033804728,0.49336406110315467
134,gemma,5,4.128843815322251,0.06580458177584032,0.773767068647995,0.1931562789382631,0.4834616737931291
134,human,7,3.9132165604642353,0.23421543412828086,0.496826556388213,0.6874928843136909,0.592159720350952
134,llama,5,4.074519406251989,0.06705467788894992,0.7039956026705849,0.19682568776979353,0.45041064522018925
134,mistral,5,3.4330361784214505,0.03197702600995832,0.0,0.09386220820665231,0.046931104103326154
134,qwen,5,4.1004123069662395,0.0730199837243142,0.7372511073720568,0.2143356581516843,0.47579338276187055
135,gemma,5,4.116027136757666,0.07429139228369588,0.7573059884868516,0.21806762543592265,0.4876868069613871
135,human,5,3.6599169039554624,0.2465368607125659,0.1715015566568138,0.7236599846280535,0.4475807706424336
135,llama,5,4.087298661902932,0.11069558608860106,0.7204086187737733,0.32492490532953167,0.5226667620516525
135,mistral,4,4.1002181379114715,0.10424810783387528,0.7370017266640018,0.3059996135852503,0.5215006701246261
135,qwen,5,4.0032983403082145,0.1895802822822769,0.6125229430610923,0.5564752620182201,0.5844991025396562
136,gemma,5,4.090673443198851,0.1294899962283027,0.7247430136139424,0.3800921631321966,0.5524175883730695
136,human,5,3.712256866014802,0.34008410112608134,0.23872430136000838,0.9982493274304984,0.6184868143952534
136,llama,5,3.8412865697037217,0.20163274693333216,0.4044433903493236,0.5918528780019068,0.4981481341756152
136,mistral,5,4.077818391001533,0.09794833633890944,0.7082326483403337,0.28750788569502467,0.4978702670176792
136,qwen,5,4.101841119462895,0.09636352215099363,0.7390862003662495,0.2828559784404637,0.5109710894033566
137,gemma,5,4.1088362636807,0.14197765957876238,0.7480704024064113,0.4167472184538017,0.5824088104301065
137,human,5,3.913900629602279,0.31109345545776684,0.4977051394673127,0.9131530455274471,0.70542909249738
137,llama,5,4.099157983370952,0.08315726557600875,0.7356401189130735,0.24409163544353601,0.48986587717830476
137,mistral,5,3.996693663786386,0.10546929442662711,0.6040402375679033,0.30958416426211277,0.456812200915008
137,qwen,5,4.058292873239413,0.0879435936295241,0.6831550815237473,0.2581409507289691,0.4706480161263582
138,gemma,5,4.0559312290880865,0.10159601272180371,0.6801219077189128,0.2982149151734723,0.48916841144619255
138,human,5,4.1428660466049205,0.3135701646219175,0.7917764984717185,0.9204229333262823,0.8560997158990005
138,llama,5,4.113274146588419,0.0837020182131753,0.753770190063691,0.24569064860488898,0.49973041933428997
138,mistral,5,3.9181783999875015,0.09814558493712511,0.5031992868680821,0.288086869775296,0.3956430783216891
138,qwen,5,4.073670482818484,0.061216524365154845,0.7029052892466207,0.1796889477420561,0.4412971184943384
139,gemma,5,3.997644551313292,0.08536712769123862,0.6052615084085317,0.2505782467345017,0.42791987757151667
139,human,5,3.749626424152062,0.2538388184725893,0.2867198322601679,0.7450934312335651,0.5159066317468665
139,llama,5,4.1393873088764,0.09629638109471347,0.7873085873572898,0.28265889920608395,0.5349837432816869
139,mistral,5,3.9372418079381175,0.08178409906044223,0.5276833437037411,0.24006097789125552,0.3838721607974983
139,qwen,5,4.020582103394835,0.07755575290586789,0.634721315925122,0.22764950763736583,0.4311854117812439
140,gemma,5,4.129041551257256,0.06778352138110288,0.7740210304728505,0.19896506306971107,0.4864930467712808
140,human,6,3.635524443398331,0.22150655668815972,0.14017313981815116,0.6501884989719775,0.39518081939506433
140,llama,5,4.105743592326747,0.09685177690163026,0.7440983350090002,0.28428915327816967,0.514193744143585
140,mistral,5,3.770277029801542,0.056327519511169176,0.3132424038655406,0.1653382451036923,0.23929032448461646
140,qwen,5,4.078798801596941,0.0689855903703491,0.7094918370857263,0.2024934978188416,0.45599266745228395
141,gemma,5,4.101897704976635,0.0996855834357033,0.7391588758783135,0.29260722947561535,0.5158830526769644
141,human,5,3.802204714201866,0.1322376379767568,0.35424867312828573,0.388157319716501,0.3712029964223934
141,llama,5,4.056972883556312,0.22238751607274576,0.6814597549322344,0.6527743802591199,0.6671170675956772
141,mistral,5,4.026184317710139,0.0929076294680696,0.6419165107222312,0.2727118919189891,0.4573142013206102
141,qwen,5,4.085567940019688,0.12519662613332402,0.7181857689524905,0.3674898280170547,0.5428377984847726
142,gemma,5,4.089711401426248,0.06615476624175524,0.7235074168360894,0.19418417588028034,0.4588457963581849
142,human,7,3.642655583666881,0.4424080129261355,0.14933200816375514,1.0,0.5746660040818776
142,llama,5,4.153430385408466,0.1424131281313187,0.8053447897429973,0.41802544989204626,0.6116851198175217
142,mistral,5,3.955314837169445,0.1125605658782308,0.5508954092503974,0.33039918305820193,0.44064729615429965
142,qwen,5,4.108272238587522,0.09597451777798034,0.7473459977000817,0.28171413337201673,0.5145300655360492
143,gemma,5,4.035888489215139,0.0811149195048175,0.6543800475298637,0.23809673422587768,0.44623839087787065
143,human,9,3.741131987465379,0.2903596096553431,0.2758100163887128,0.8522929595699331,0.5640514879793229
143,llama,5,3.670458096375153,0.08032931300795165,0.18504011990782931,0.2357907424005479,0.2104154311541886
143,mistral,5,3.7841277816747807,0.06346120510036725,0.3310315943901044,0.18627776217590478,0.2586546782830046
143,qwen,5,4.034451742235972,0.09989373726419218,0.6525347638960285,0.29321822369323114,0.4728764937946298
144,gemma,5,4.071348720634837,0.08134943875075158,0.6999233377817745,0.23878511888940068,0.4693542283355876
144,human,31,3.5800791233894893,0.19698349783642205,0.06896203370929196,0.5782059307653855,0.32358398223733875
144,llama,5,4.025872768672869,0.09509636859665944,0.641516373225548,0.2791365008783641,0.4603264370519561
144,mistral,5,3.77130781391746,0.06837464686601218,0.3145662897596478,0.2007001945145032,0.2576332421370755
144,qwen,5,3.999816030512522,0.06479132153786221,0.6080504441680308,0.19018205477510905,0.39911624947156993
145,gemma,5,4.0860706419271535,0.10242975144820485,0.7188314133255043,0.30066218959802454,0.5097468014617644
145,human,6,3.8736159528201366,0.26943504541276886,0.445965580701365,0.790873057514053,0.618419319107709
145,llama,5,4.139692447356733,0.21978251617093875,0.7877004914656515,0.6451279204824799,0.7164142059740657
145,mistral,5,4.100755080449859,0.17358684803372643,0.7376913479353616,0.5095297125819045,0.623610530258633
145,qwen,5,4.080545432986407,0.10350479733945776,0.7117351202553154,0.30381777327378795,0.5077764467645517
146,gemma,5,3.7697345854745223,0.14912705716381042,0.31254571638094547,0.437732854968934,0.3751392856749397
146,human,6,3.3680433342194163,0.23377053009776544,0.0,0.6861869569040808,0.3430934784520404
146,llama,5,4.052626504706544,0.0929827187063626,0.6758774903621907,0.2729323014629079,0.4744048959125493
146,mistral,5,4.028562275414908,0.10011362118198971,0.6449706368127591,0.293863649258047,0.46941714303540305
146,qwen,5,4.076480262760232,0.061419766358759474,0.7065140255212512,0.18028552424401445,0.4433997748826328
147,gemma,5,3.7699612078354066,0.10654716932320944,0.31283677843965474,0.31274805192109106,0.31279241518037293
147,human,18,3.7354198617218026,0.36034449407187374,0.2684736570283899,1.0,0.6342368285141949
147,llama,5,3.688207244964102,0.09607360147605662,0.20783620988094142,0.28200497388657314,0.24492059188375728
147,mistral,5,3.472341757432433,0.0681389392013852,0.0,0.20000832148396458,0.10000416074198229
147,qwen,4,3.5748274550391432,0.06728561210697281,0.06221706204918803,0.19750354929598285,0.12986030567258544
148,gemma,5,3.835017468231409,0.13238132169043687,0.3963916801223669,0.3885790747178931,0.39248537742013
148,human,5,4.069879030177594,0.38734138553139597,0.6980357432457308,1.0,0.8490178716228653
148,llama,5,3.976887826255158,0.16692813023022293,0.5786026425141427,0.4899843691010207,0.5342935058075817
148,mistral,5,3.788547703413022,0.17639725817467905,0.33670831364872816,0.5177791133146065,0.42724371348166734
148,qwen,5,3.8164336100263,0.09395460284378829,0.37252353221836065,0.27578507430148846,0.32415430325992456
149,gemma,5,4.058983420589911,0.04981334080400836,0.6840419848844215,0.14621716743010074,0.4151295761572611
149,human,5,4.065754513111097,0.19347650430992092,0.6927384264943207,0.567911847867829,0.6303251371810749
149,llama,5,4.089754340624538,0.0629210267836103,0.7235625657252135,0.18469217602350993,0.4541273708743617
149,mistral,5,3.770885083711703,0.05108331156261409,0.31402335691098254,0.14994491433575385,0.2319841356233682
149,qwen,5,3.97933524066483,0.1467788709455832,0.581745975210062,0.43084022074914774,0.5062930979796049
150,gemma,5,4.08801895523669,0.09660909785740282,0.721333726339417,0.28357681714754973,0.5024552717434834
150,human,8,3.8396874217463703,0.271979250927009,0.40238952728465816,0.7983410674416725,0.6003652973631654
150,llama,5,4.1260932618401345,0.08407086632498471,0.7702343997799665,0.24677332897224097,0.5085038643761037
150,mistral,5,4.0661605954157505,0.08093472924433184,0.6932599776384211,0.23756782150768904,0.46541389957305507
150,qwen,5,4.089642294400699,0.15876050882964482,0.7234186593408045,0.4660099388267536,0.594714299083779
151,gemma,5,4.010221575137849,0.1267505302528058,0.6214147883961184,0.3720510049054418,0.49673289665078013
151,human,5,4.0235720458670015,0.3776769945651599,0.6385614436511569,1.0,0.8192807218255784
151,llama,5,4.125654436848315,0.13195686701130455,0.7696707956191338,0.3873331723173822,0.5785019839682579
151,mistral,5,4.125891119288553,0.08828572767643103,0.769974778324314,0.2591452172650554,0.5145599977946848
151,qwen,5,4.123553537064213,0.07615323958678794,0.7669725084160677,0.22353270837257214,0.4952526083943199
152,gemma,5,4.111236374866061,0.10043902762417001,0.7511529812835204,0.29481881523308795,0.5229858982583042
152,human,12,3.4748049288618676,0.4466786317968184,0.0,1.0,0.5
152,llama,5,3.8092855403811243,0.12289286651301805,0.3633429206555641,0.36072759925094317,0.36203525995325364
152,mistral,5,4.04183778234077,0.18864029717768555,0.6620210124295961,0.5537161224543711,0.6078685674419836
152,qwen,5,3.8147166635742686,0.09798866751884315,0.37031837484963515,0.28762626986267614,0.32897232235615564
153,gemma,5,4.1495028786874855,0.06597649568553257,0.8003005029067699,0.1936608980726419,0.4969807004897059
153,human,5,4.064016277522648,0.2988395504324973,0.6905059264580421,0.8771841413376641,0.7838450338978531
153,llama,5,4.086679627097443,0.2023954991609557,0.7196135624333687,0.5940917856594542,0.6568526740464115
153,mistral,4,4.272472754005698,0.20820807090426596,0.9582366612350471,0.6111534354519266,0.7846950483434869
153,qwen,5,4.066285586176908,0.12105431627704091,0.6934205093181727,0.3553309002272774,0.5243757047727251
154,gemma,5,3.888874256733895,0.06961621782127475,0.4655625583880407,0.20434457943853884,0.33495356891328976
154,human,5,4.1400298481365185,0.1813832726862486,0.7881338316055708,0.5324145685336311,0.6602742000696009
154,llama,5,4.042396839657142,0.20755095102878798,0.6627390367799065,0.6092245905821868,0.6359818136810467
154,mistral,5,4.111031952182433,0.13340078213121614,0.7508904313440025,0.3915714983448142,0.5712309648444083
154,qwen,5,4.005142497824329,0.1137761751863049,0.6148914837520021,0.3339673627237175,0.4744294232378598
155,gemma,5,4.150082117975418,0.0735967555475123,0.8010444479392599,0.21602865727361298,0.5085365526064365
155,human,15,3.7533133919629726,0.25436639186331933,0.29145518334049053,0.7466420181293436,0.5190486007349171
155,llama,5,4.114177156963093,0.1065943048248967,0.7549299699621211,0.31288640882369717,0.5339081893929092
155,mistral,5,3.8038213446759825,0.08627054465777134,0.35632498983477756,0.2532300477926648,0.30477751881372117
155,qwen,5,4.13202240840096,0.0901772761905195,0.7778494894721283,0.2646974822069879,0.5212734858395581
156,gemma,5,4.127784740797051,0.2013247551597364,0.7724068480129771,0.5909488293273935,0.6816778386701853
156,human,13,3.690076305153266,0.2875612510374154,0.21023673427927075,0.8440789336892585,0.5271578339842646
156,llama,5,4.117659443855908,0.15404729929736377,0.7594024394399096,0.45217524843676016,0.6057888439383349
156,mistral,5,4.089894526874966,0.10622090871990131,0.7237426137067685,0.31179037872572263,0.5177664962162456
156,qwen,5,4.108952453366227,0.19012523017634064,0.7482196304390659,0.5580748483174106,0.6531472393782383
157,gemma,5,4.113827375268183,0.1733442132305379,0.7544807284141029,0.5088175063120666,0.6316491173630847
157,human,8,3.87162091252197,0.3816355484670789,0.44340325395599617,1.0,0.7217016269779981
157,llama,5,3.9817354905710873,0.19362528307661236,0.5848287322531273,0.5683485583852979,0.5765886453192126
157,mistral,5,4.090108015905287,0.1579366567483351,0.7240168079938395,0.4635916846850678,0.5938042463394536
157,qwen,5,4.091284606419574,0.12111178689762181,0.7255279600973215,0.35549959381851537,0.5405137769579185
158,gemma,5,4.134871859849172,0.08315832952427245,0.7815091777812279,0.24409475845233042,0.5128019681167791
158,human,6,4.036782238135864,0.21855141393496366,0.6555279324950549,0.641514264404495,0.6485210984497749
158,llama,5,4.024953373006522,0.06974478296921657,0.640335548904544,0.2047219568932301,0.4225287528988871
158,mistral,5,3.7611031603270844,0.14651725285346973,0.3014599596038746,0.43007229280535036,0.36576612620461246
158,qwen,5,4.100921431599806,0.0777831199258715,0.7379050007628384,0.22831689836232755,0.48311094956258294
159,gemma,5,4.134530325334379,0.0976975021123817,0.7810705284855094,0.28677161164663856,0.5339210700660739
159,human,10,3.828523871628862,0.21943654536733379,0.38805163994190905,0.6441123919092074,0.5160820159255582
159,llama,5,4.061855018127216,0.08395567862510939,0.6877301164868423,0.24643521835916593,0.46708266742300414
159,mistral,5,4.067180405972886,0.13758311632299597,0.694569769660246,0.4038479096213471,0.5492088396407966
159,qwen,5,4.04950759074857,0.09210279398052923,0.6718717183192073,0.27034945721101805,0.4711105877651127
160,gemma,5,4.080410232730741,0.06598507176245158,0.7115614760279827,0.19368607144295835,0.4526237737354705
160,human,8,3.8330774558303475,0.2742623620521411,0.3939000283666831,0.8050426866516435,0.5994713575091632
160,llama,5,4.146421047489843,0.14285057526416867,0.7963423580463941,0.4193094890597343,0.6078259235530642
160,mistral,5,3.4514637102705037,0.12184309167053424,0.0,0.35764619371921436,0.17882309685960718
160,qwen,5,4.146722120896358,0.14791112884320565,0.7967290411838432,0.4341637389055006,0.6154463900446719
161,gemma,5,4.15817946864807,0.14930449910787894,0.8114442670377683,0.4382537005501824,0.6248489837939754
161,human,7,3.745189712776942,0.31255340389248326,0.281021549258867,0.9174384341657669,0.599229991712317
161,llama,5,4.073405568512887,0.18604807936105758,0.7025650469913209,0.546107181949849,0.624336114470585
161,mistral,5,3.8251037455528363,0.15315216205344823,0.3836590066075408,0.4495477508597258,0.4166033787336333
161,qwen,5,4.097349058633978,0.20834193558557385,0.7333168293844526,0.6115463686341596,0.6724315990093062
162,gemma,5,4.007030228909472,0.08401851969781157,0.6173159880850586,0.24661967584586483,0.43196783196546173
162,human,5,3.8340789977235383,0.11475027457215725,0.39518635705983707,0.33682663798403634,0.3660064975219367
162,llama,5,4.128913268546169,0.028128280094421754,0.7738562707825887,0.082564979053882,0.42821062491823536
162,mistral,5,3.368226899818107,0.030959864304609695,0.0,0.09087653206098656,0.04543826603049328
162,qwen,5,3.6880630627266213,0.03885915408298067,0.20765102965994853,0.11406332815738512,0.16085717890866683
163,gemma,5,4.09415625118817,0.10326929453445458,0.7292161523611735,0.30312650156798343,0.5161713269645785
163,human,19,3.3459467271292116,0.27227288340403355,0.0,0.7992029672533102,0.3996014836266551
163,llama,5,4.082462307418522,0.06757092335497925,0.7141970547984108,0.1983410237926962,0.4562690392955535
163,mistral,5,4.138541746408597,0.0671895670079513,0.7862225905841306,0.19722162798539009,0.49172210928476034
163,qwen,5,3.9859050289510947,0.07812888679399273,0.5901838720549413,0.22933182832349558,0.4097578501892184
164,gemma,5,4.139017423154647,0.13766514178382194,0.7868335252352623,0.404088679068759,0.5954611021520106
164,human,23,3.5709082945680644,0.2563682311192748,0.05718349470537726,0.752518019636808,0.40485075717109265
164,llama,5,4.146391941486058,0.12975573739687377,0.7963049757980167,0.38087219354796226,0.5885885846729895
164,mistral,5,3.6690621277363826,0.13493823096707286,0.1832472098688165,0.396084374016658,0.2896657919427373
164,qwen,5,4.065259348541465,0.07399327529870023,0.6921024626888316,0.21719256224190053,0.45464751246536605
165,gemma,5,4.090522629940805,0.08093609358590903,0.7245493168525281,0.23757182626138762,0.48106057155695786
165,human,5,4.039393388613881,0.2878146712653784,0.6588815593426708,0.8448227984311963,0.7518521788869336
165,llama,5,4.057344842619958,0.07715435998278423,0.6819374799475336,0.22647129844094394,0.4542043891942388
165,mistral,4,3.9593756724112477,0.1099314307514524,0.5561109363543711,0.32268187912267504,0.43939640773852306
165,qwen,5,4.136995792617864,0.08944520067442756,0.7842370473603976,0.2625486199427794,0.5233928336515885
166,gemma,5,4.081531634579092,0.10577883291003327,0.7130017466585948,0.3104927529960492,0.511747249827322
166,human,5,3.9310710194241265,0.44310163986762297,0.5197579015640788,1.0,0.7598789507820394
166,llama,5,4.062273973557875,0.19542733316234426,0.6882682012092819,0.5736381184679993,0.6309531598386406
166,mistral,5,4.107365067576926,0.1262247377757484,0.746180874095707,0.37050764552800364,0.5583442598118553
166,qwen,5,4.0962609114477315,0.46167646402193974,0.7319192693247487,1.0,0.8659596346623744
167,gemma,5,4.066840298055163,0.07841849308351531,0.6941329526121419,0.23018191006144892,0.46215743133679543
167,human,6,4.046595580381371,0.08072484876061596,0.6681316825647806,0.23695175903662252,0.45254172080070154
167,llama,5,4.12793860885189,0.08561404914143096,0.7726044681976588,0.25130303560515604,0.5119537519014075
167,mistral,5,4.104096102874627,0.06250859177213682,0.7419823846245598,0.1834815549699266,0.4627319697972432
167,qwen,5,3.9936735334501376,0.17686167910856107,0.6001613381079874,0.5191423287173768,0.5596518334126821
168,gemma,5,4.133337561485108,0.07532325303496831,0.7795386041856825,0.22109644771120376,0.5003175259484431
168,human,9,3.867611999674391,0.35133516567169026,0.43825441329415854,1.0,0.7191272066470793
168,llama,5,3.9223655167241844,0.0813503577591337,0.5085770034035545,0.23878781645596234,0.37368240992975843
168,mistral,5,3.9590536802222247,0.05795660078170141,0.5556973862128067,0.17012008958643546,0.3629087378996211
168,qwen,5,4.124741789371056,0.14140114883388935,0.7684986383237533,0.41505498567543786,0.5917768119995956
169,gemma,5,4.1214922351542,0.08635874664656863,0.7643250786778516,0.25348894721108334,0.5089070129444675
169,human,5,3.8088277682763385,0.1795298173720887,0.36275498180116883,0.5269741186135783,0.4448645502073736
169,llama,5,4.064392723618853,0.12089835295459608,0.6909894143862714,0.3548731008734739,0.5229312576298726
169,mistral,5,4.10826015911216,0.13033484479430965,0.7473304834456495,0.38257204828414726,0.5649512658648983
169,qwen,5,3.2562473403125254,0.16647318989613683,0.0,0.4886489821158053,0.24432449105790266
170,gemma,5,4.087111939784104,0.06308414781865583,0.7201688025257181,0.1851709854209054,0.45266989397331175
170,human,10,3.508081058757369,0.3222453818784541,0.0,0.9458873104111745,0.47294365520558723
170,llama,5,4.087729592535345,0.06897019169470056,0.7209620838270078,0.2024482980651378,0.46170519094607276
170,mistral,5,4.051289872036536,0.1517253364395333,0.6741607883776527,0.4453595876826323,0.5597601880301425
170,qwen,5,4.1203064441631865,0.2683230890299114,0.7628021099571276,0.7876091304217718,0.7752056201894497
171,gemma,5,4.069013279432599,0.10878263279331377,0.6969238176917644,0.3193098109040544,0.5081168142979093
171,human,16,3.7194649618917643,0.20647246107951742,0.2479820075154663,0.6060588975582111,0.4270204525368387
171,llama,5,4.106990218763952,0.07405272284754519,0.7456994376355841,0.2173670587133774,0.48153324817448073
171,mistral,5,3.4555252461658754,0.036551454799522674,0.0,0.10728953529263212,0.05364476764631606
171,qwen,5,4.145707399536951,0.03845751156949484,0.7954257854648004,0.11288438633791417,0.4541550859013573
172,gemma,5,4.087058505599552,0.08891381416251999,0.7201001744181458,0.2609888403871903,0.49054450740266803
172,human,17,3.6216790937499135,0.31347786810959294,0.12239088763220475,0.920152015247351,0.5212714514397779
172,llama,5,4.082776296623466,0.0835528631551162,0.7146003263204569,0.2452528335588538,0.4799265799396554
172,mistral,5,4.0919096815726,0.2198743616082079,0.7263307743482099,0.6453975145201838,0.6858641444341969
172,qwen,5,4.113281868564514,0.07680395581086724,0.7537801077710643,0.22544275659559818,0.48961143218333125
173,gemma,5,4.095943275484265,0.19975168741261456,0.7315113140943559,0.5863314014165696,0.6589213577554627
173,human,14,3.410038423568568,0.15320784787778563,0.0,0.44971120553610777,0.22485560276805389
173,llama,5,4.068832303236694,0.16830038159266678,0.6966913812104221,0.4940123404030879,0.595351860806755
173,mistral,5,4.1172145105895455,0.21935577727111447,0.7588309901266534,0.643875313205846,0.7013531516662497
173,qwen,5,4.118894734769142,0.1270496666849655,0.7609889833048119,0.37292906048411956,0.5669590218944658
174,gemma,5,4.059040987933035,0.1394439085727161,0.6841159214074496,0.4093098956583902,0.5467129085329199
174,human,6,4.023221056433934,0.35395968619695206,0.6381106509466105,1.0,0.8190553254733053
174,llama,5,4.001840886988269,0.15040979611663122,0.6106510652723305,0.4414980803725395,0.526074572822435
174,mistral,5,4.120391066807566,0.07485243325705473,0.7629107949120919,0.21971444977279098,0.49131262234244144
174,qwen,5,4.112521309398916,0.18622039347694552,0.7528032848501248,0.5466129758100217,0.6497081303300732
175,gemma,5,4.004923841809036,0.0848181068675861,0.6146106532562291,0.24896670515951558,0.43178867920787234
175,human,7,3.4665911174337456,0.28606019431481455,0.0,0.839672879837256,0.419836439918628
175,llama,5,4.116820339991735,0.08900178016774507,0.7583247377637633,0.2612470471227063,0.5097858924432348
175,mistral,5,4.0414711146251125,0.08402616549773999,0.6615500833484361,0.24664211857285775,0.45409610096064695
175,qwen,5,4.0578325261806105,0.1539377039690128,0.6825638355313703,0.4518535531194735,0.567208694325422
176,gemma,5,4.11321963857996,0.1766917341093147,0.7537001827921389,0.5186434889285242,0.6361718358603315
176,human,17,3.5788496530050047,0.3132317401080339,0.0673829654309725,0.9194295553875558,0.49340626040926416
176,llama,5,4.0991891201727055,0.09230126079544078,0.7356801094135021,0.27093201712442394,0.503306063268963
176,mistral,5,3.6820997392559973,0.10970618659887066,0.19999204490956138,0.3220207196533619,0.2610063822814616
176,qwen,5,4.009198924006844,0.17485180770554035,0.6201013480878881,0.51324275043764,0.566672049262764
177,gemma,5,4.074817716324933,0.20546451784307793,0.70437873672508,0.6031002803969495,0.6537395085610147
177,human,5,3.6848161121332623,0.3514858641754265,0.2034808139736284,1.0,0.6017404069868142
177,llama,5,4.061227646329465,0.09884733920697207,0.686924352544057,0.29014673004390795,0.48853554129398247
177,mistral,5,4.066579561084905,0.08080943836213057,0.6937980755106554,0.23720005500970676,0.4654990652601811
177,qwen,4,4.0895638053634356,0.07773910850803512,0.7233178520741127,0.22818771158732407,0.4757527818307184
178,gemma,5,4.096733382696646,0.08626198642331238,0.7325260870008753,0.25320492679534573,0.4928655068981105
178,human,10,3.8359893025759724,0.3244744914116198,0.39763985397400864,0.9524304186743469,0.6750351363241778
178,llama,5,4.138007747666746,0.08032753734388368,0.7855367501730395,0.23578553029137925,0.5106611402322093
178,mistral,5,4.079500926750144,0.05914685415786305,0.7103936103783767,0.17361384195030954,0.44200372616434314
178,qwen,5,4.1045522432618124,0.09042449591664271,0.7425682277851223,0.2654231466073903,0.5039956871962563
179,gemma,5,4.113945663362972,0.20474183166479634,0.7546326515352618,0.6009789786688647,0.6778058151020633
179,human,13,3.7374076283485875,0.22474370965356336,0.27102664184581104,0.6596905185012756,0.4653585801735433
179,llama,5,3.9681788538382867,0.0977046934356051,0.5674172880283528,0.2867927203475373,0.42710500418794506
179,mistral,5,3.9736852193943433,0.0855543456417043,0.5744893796282206,0.2511277878407059,0.4128085837344632
179,qwen,4,4.257185107497029,0.08238772988069877,0.9386019974345678,0.2418328162640056,0.5902174068492867
180,gemma,5,4.1370975505556045,0.07489669321767792,0.7843677400013755,0.21984436609577668,0.5021060530485761
180,human,5,3.7382576394228124,0.41222393795373435,0.27211835217935554,1.0,0.6360591760896778
180,llama,5,3.706642130652166,0.09878147857578488,0.231513025176228,0.28995340924305585,0.26073321720964193
180,mistral,5,3.4424160015972816,0.11825078738591503,0.0,0.3471016980366086,0.1735508490183043
180,qwen,5,3.5148344792252653,0.1286328415716807,0.0,0.37757615589562304,0.18878807794781152
181,gemma,5,4.08555474986956,0.06366207523463971,0.7181688282047379,0.1868673765559196,0.45251810238032875
181,human,5,3.7686527515935033,0.2045731293603156,0.31115626480448927,0.6004837865636583,0.45582002568407376
181,llama,5,4.04792798278721,0.12311186689265903,0.6698429514164487,0.3613704313649989,0.5156066913907238
181,mistral,4,3.589254764432345,0.21410724820513952,0.08074675328193393,0.6284692986560317,0.35460802596898283
181,qwen,5,4.128328546677929,0.08403491015624118,0.7731052842070445,0.2466677867809231,0.5098865354939838
182,gemma,5,4.144865822932198,0.10717128508660001,0.7943449079283335,0.31458001977545547,0.5544624638518945
182,human,8,3.5385831778210735,0.22988471564801521,0.015666783857930685,0.674780920432106,0.34522385214501833
182,llama,5,4.0811232597727,0.08599895861924897,0.7124772511436342,0.2524328609221326,0.4824550560328834
182,mistral,5,3.744180682095344,0.2845633884502966,0.27972560235256533,0.8352793035348016,0.5575024529436835
182,qwen,5,4.091507673939437,0.11231340659952878,0.7258144565017762,0.32967369608919767,0.5277440762954869
183,gemma,5,3.9985665789258262,0.1868058553452719,0.6064457130653177,0.5483314828333075,0.5773885979493125
183,human,7,3.606453962905834,0.312905841854339,0.1028365157233381,0.918472945797503,0.5106547307604206
183,llama,5,4.145535178887975,0.18182361705144715,0.7952045941558427,0.5337071119513968,0.6644558530536198
183,mistral,5,4.0788059990302346,0.21048606057694302,0.7095010810974105,0.6178400216554976,0.663670551376454
183,qwen,5,4.0503018747702155,0.2588471251802984,0.6728918557038763,0.7597943207664243,0.7163430882351502
184,gemma,5,4.036066425924075,0.12838043029223012,0.6546085802510857,0.3768352527216343,0.51572191648636
184,human,6,3.8933238292305434,0.2487994396477266,0.4712773595497504,0.7303013356727035,0.6007893476112269
184,llama,5,4.085783139063226,0.17472988742947856,0.7184621594922415,0.5128848776844716,0.6156735185883565
184,mistral,5,3.974498795300385,0.14699014952016365,0.575534294513075,0.43146038703824224,0.5034973407756587
184,qwen,5,4.121263273628165,0.13210989322101546,0.7640310123162055,0.3877823503601585,0.575906681338182
185,gemma,5,3.8809089103674013,0.1258407354701892,0.45533227880434013,0.3693804830349998,0.41235638091967
185,human,11,3.651318632960773,0.25981211941260113,0.1604583813616236,0.7626268696570688,0.4615426255093462
185,llama,5,4.089369483568203,0.08749882933579753,0.7230682751940916,0.2568354334889466,0.4899518543415191
185,mistral,5,4.055587561292607,0.12514081944196379,0.6796805185476325,0.3673260185595352,0.5235032685535839
185,qwen,5,4.083098149201506,0.13090160857674998,0.7150136971528832,0.384235670790344,0.5496246839716136
186,gemma,5,4.135010483107903,0.08866644305244417,0.7816872183369521,0.2602627316292646,0.5209749749831083
186,human,5,3.8074703855759724,0.254726312032452,0.36101162954906374,0.7476984922943389,0.5543550609217014
186,llama,5,4.0854632067497745,0.18828513406948372,0.7180512549484998,0.5526736116968359,0.6353624333226678
186,mistral,5,4.1244709430496345,0.09006575641604538,0.7681507772936275,0.26437013806036247,0.5162604576769949
186,qwen,5,4.0683649111568,0.08984774648099966,0.6960910869567233,0.2637302131996826,0.47991065007820294
187,gemma,5,3.958541991651944,0.09789713237555842,0.5550401998340981,0.28735758663132926,0.4211988932327137
187,human,13,3.6598085669119733,0.2859428783493674,0.17136241415212283,0.8393285221233355,0.5053454681377292
187,llama,5,4.077833388094843,0.1072497989953796,0.7082519098326089,0.31481048175934023,0.5115311957959745
187,mistral,5,4.112071278761304,0.06008516369031789,0.7522252887364378,0.17636806320497328,0.46429667597070556
187,qwen,5,3.9789770174803123,0.11836169943523793,0.5812858918486659,0.347427258326766,0.46435657508771594
188,gemma,5,4.12476527342551,0.0828052955066669,0.7685288000306985,0.24305849721733616,0.5057936486240173
188,human,7,3.484105129817801,0.2219932118437634,0.0,0.6516169785161943,0.32580848925809713
188,llama,5,4.042892216784205,0.08616154856497872,0.6633752735831849,0.25291011141233266,0.4581426924977588
188,mistral,5,3.767761930024668,0.16913610656897204,0.3100121395789108,0.49646544506970186,0.4032387923243063
188,qwen,5,4.097259921174451,0.11580544850741707,0.7332023458340347,0.33992389148017904,0.5365631186571068
189,gemma,5,4.109734159915914,0.2053257915670766,0.7492236139681876,0.60269307696916,0.6759583454686737
189,human,6,4.026834779338632,0.26645155372233187,0.6427519300513823,0.7821156102722925,0.7124337701618374
189,llama,5,4.143865843470154,0.1409966599955906,0.7930605859410684,0.4138676890348485,0.6034641374879585
189,mistral,5,4.14111673129071,0.07353485668658252,0.7895297682077713,0.21584696546241902,0.5026883668350952
189,qwen,5,4.085832479096443,0.16431401050029404,0.7185255292832409,0.48231113988041435,0.6004183345818276
190,gemma,5,4.109193585650337,0.07169533329527925,0.7485293282939496,0.21044740993459274,0.4794883691142712
190,human,6,4.009672236094039,0.20399260025801885,0.6207092456932848,0.5987797586952496,0.6097445021942671
190,llama,5,4.12644704810309,0.07899182618883385,0.7706887845884081,0.23186481551007998,0.501276800049244
190,mistral,5,4.037852725510222,0.07663526801769724,0.656902811204231,0.22494760708546196,0.44092520914484645
190,qwen,4,4.275026542769357,0.11421150011253749,0.9615166156586037,0.3352451725754174,0.6483808941170106
191,gemma,5,4.126887524398458,0.1340010271608601,0.7712545095982533,0.3933333984017458,0.5822939539999995
191,human,11,3.785777881796927,0.2397396372375454,0.3331508977843252,0.7037080852600249,0.5184294915221751
191,llama,5,4.031871197732189,0.14693288343783872,0.6492204457813842,0.43129229382842693,0.5402563698049055
191,mistral,5,4.045554052619097,0.1295834936466774,0.6667939980860396,0.38036660623230034,0.52358030215917
191,qwen,5,4.072301254662757,0.11870582159671236,0.7011467233032888,0.34843736057826297,0.5247920419407759
192,gemma,5,4.107316068358598,0.08307940623925622,0.7461179420297535,0.24386309482581808,0.49499051842778574
192,human,5,3.8164378771028167,0.20609476932443296,0.3725290126311087,0.6049502584326516,0.48873963553188016
192,llama,5,4.1187730040807455,0.056902203557977135,0.7608326386941812,0.16702511597272596,0.46392887733345356
192,mistral,5,3.798157539387956,0.11981912493152061,0.3490506907725435,0.35170524138044856,0.3503779660764961
192,qwen,5,4.0679148455312895,0.1730179287238526,0.6955130459063867,0.5078597629530824,0.6016864044297345
193,gemma,5,4.115802561039885,0.0674935112960939,0.7570175550308658,0.1981137960703139,0.4775656755505898
193,human,16,3.6905071176629884,0.25888757499442533,0.210790047621821,0.7599130531611855,0.48535155039150324
193,llama,5,3.980764620160811,0.173630989688296,0.5835817964289112,0.5096592816409691,0.5466205390349401
193,mistral,5,4.012711737147169,0.18313647241727535,0.6246130239017605,0.5375607381033163,0.5810868810025385
193,qwen,5,4.041958116740212,0.13773368728965604,0.6621755637187917,0.4042898807858364,0.5332327222523141
194,gemma,5,3.2920695830969797,0.2640899974609997,0.0,0.7751837309466837,0.38759186547334185
194,human,18,3.427485340004755,0.4712174418935056,0.0,1.0,0.5
194,llama,2,4.0,0.8877517691836976,0.6082867250785118,1.0,0.8041433625392559
194,mistral,5,3.989551963700052,0.23390099176690066,0.5948678067375918,0.6865699012200265,0.6407188539788091
194,qwen,3,4.2041747932591695,0.8301584448783107,0.8705182870068134,1.0,0.9352591435034068
195,gemma,5,4.043884722297403,0.05187869147852926,0.6646499964164678,0.15227959409139374,0.40846479525393076
195,human,7,3.6749109597405303,0.20257110898869893,0.19075914769141056,0.5946072534271457,0.39268320055927813
195,llama,5,4.090924323496077,0.05587095199312453,0.7250652313135351,0.16399808184317657,0.4445316565783558
195,mistral,5,4.102612996955067,0.11289675852323819,0.7400775599614202,0.3313860097891619,0.535731784875291
195,qwen,5,4.118085600298872,0.114713859802271,0.7599497727707302,0.3367197496601567,0.5483347612154434
196,gemma,5,4.024471809850803,0.20326364416110354,0.6397170540527785,0.5966400528664191,0.6181785534595987
196,human,6,3.687465685663818,0.23170732426830465,0.20688378940595611,0.680130826009428,0.44350730770769203
196,llama,5,4.12511137891718,0.09145252070925909,0.768973320053096,0.26844070918797897,0.5187070146205375
196,mistral,5,3.798455072074782,0.0621455636816857,0.34943282639244866,0.18241595811923214,0.2659243922558404
196,qwen,5,4.1339392537794275,0.17329811827067837,0.7803113867002179,0.5086822037133113,0.6444967952067646
197,gemma,5,3.8604177574816276,0.1053582016151086,0.42901450009535286,0.30925807338043526,0.36913628673789406
197,human,7,3.8134089784672063,0.3305416805441197,0.3686388516202419,0.9702394472377439,0.6694391494289929
197,llama,5,4.021945521172443,0.09247058988134868,0.6364724193188158,0.2714290490220113,0.45395073417041354
197,mistral,5,4.115645705539803,0.05106284414681837,0.75681609792577,0.14988483630215965,0.4533504671139648
197,qwen,5,4.089644350880379,0.08046714263313082,0.7234213005771194,0.23619531388795212,0.47980830723253576
198,gemma,5,4.099525262502598,0.09428801582616719,0.7361118332653592,0.27676374188493114,0.5064377875751451
198,human,5,4.126849907739856,0.3641393012691545,0.7712061967042749,1.0,0.8856030983521375
198,llama,5,4.105168939588007,0.19724355667849897,0.7433602807034679,0.5789692818404168,0.6611647812719423
198,mistral,5,4.117174451704253,0.1656798458194618,0.7587795405628182,0.486320278161873,0.6225499093623456
198,qwen,5,4.11196664410359,0.11615492548949584,0.7520909013848639,0.34094971174392386,0.5465203065643939
199,gemma,5,4.116856583552922,0.11319339930526844,0.7583712871223212,0.3322567398825995,0.5453140135024603
199,human,6,3.613338892525321,0.38070401625700806,0.11167916382433446,1.0,0.5558395819121672
199,llama,5,4.124754113048928,0.10493937162006314,0.7685144662192808,0.3080286811228217,0.5382715736710513
199,mistral,5,4.107296135303225,0.09438958102028021,0.7460923410426732,0.27706186633820007,0.5115771036904366
199,qwen,5,4.086806739497191,0.13290906222868407,0.7197768190361762,0.39012815224200753,0.5549524856390918
