prompt_id,source,sent_len_mean,sent_len_var,adj_adv_ratio,mean_syllables,dialogue_ratio,punct_expressivity,sent_start_pron_ratio
0,human,17.08108108108108,163.20964207450692,0.2579505300344242,1.4350649350649352,0.0,0.48648648647333825,0.6756756756574143
0,human,16.404761904761905,80.33616780045352,0.22159090909027956,1.4534711964549483,0.0,0.11904761904478459,0.2619047618985261
0,human,15.215384615384615,141.8920710059172,0.24850894632157355,1.434375,0.7692307692189349,0.16923076922816568,0.49230769230011834
0,human,10.08695652173913,35.766351606805294,0.23540856031082605,1.3165919282511211,0.0,0.10434782608604914,0.5391304347779206
0,human,10.476190476190476,77.5827664399093,0.29464285714022637,1.4036697247706422,0.0,0.04761904761678005,0.47619047616780047
1,human,13.305084745762711,85.43234702671646,0.32880434782519347,1.3120204603580563,0.033898305084171215,0.0,0.5084745762625683
1,human,12.736842105263158,49.82548476454294,0.31140350877056405,1.2612419700214133,0.0,0.13157894736495845,0.6315789473518006
1,human,13.03225806451613,124.67637877211239,0.28504672897063066,1.35678391959799,0.0,0.09677419354526536,0.3870967741810614
1,human,12.833333333333334,41.22222222222222,0.22857142856979593,1.4296028880866427,0.0,0.0833333333298611,0.3333333333194444
1,human,12.513274336283185,100.5684078627927,0.31268436578124975,1.342612419700214,0.0,0.336283185837732,0.5132743362786436
2,human,15.846153846153847,119.66863905325444,0.323529411761534,1.5052083333333333,0.0,0.07692307691715976,0.15384615383431952
2,human,16.82758620689655,122.34958382877525,0.21771217712096785,1.4061855670103092,0.5517241379120095,0.27586206895600474,0.41379310343400716
2,human,17.170212765957448,86.4391127206881,0.217889908256381,1.3453416149068322,0.17021276595382528,0.19148936169805345,0.3191489361634224
2,human,11.461538461538462,52.710059171597635,0.24354243542345558,1.3138297872340425,0.0,0.34615384614718936,0.46153846152958583
2,human,13.0,34.833333333333336,0.27848101265470276,1.2727272727272727,0.0,0.16666666665277777,0.49999999995833333
3,human,17.555555555555557,96.20246913580247,0.21763085399389084,1.323076923076923,0.0,0.11111111110864198,0.5333333333214815
3,human,10.88679245283019,33.76076895692417,0.2627450980381853,1.2875,0.0,0.0,0.45283018867070135
3,human,11.975,57.574374999999996,0.2089887640444742,1.244258872651357,0.4624999999942187,0.26249999999671875,0.49999999999375
3,human,14.36231884057971,57.100609115731984,0.23716381418034924,1.2901168969181722,0.0,0.17391304347574038,0.5797101449191346
3,human,8.793478260869565,45.05517485822306,0.2955801104964211,1.2677878395860285,0.0,0.14130434782455104,0.5978260869500236
4,human,16.43548387096774,110.72970863683663,0.2935222672058836,1.381965552178318,0.0,0.12903225806243498,0.4516129032185224
4,human,12.515151515151516,70.24977043158862,0.25123152709235846,1.368811881188119,0.0,0.12121212120844813,0.6060606060422407
4,human,18.323529411764707,70.45415224913495,0.2824675324666154,1.321311475409836,0.0,0.17647058823010384,0.6470588235103807
4,human,10.191780821917808,51.90842559579659,0.21937321937259438,1.389270976616231,0.0,0.10958904109438919,0.43835616437755676
4,human,12.917808219178083,75.41790204541188,0.28671328671261836,1.3007769145394006,0.0,0.43835616437755676,0.43835616437755676
5,human,8.835443037974683,29.27671847460343,0.20869565217330813,1.298270893371758,0.6329113923970517,0.07594936708764621,0.5443037974614645
5,human,11.45945945945946,38.4645726807889,0.22102425875951207,1.3145654834761322,0.0,0.13513513513330896,0.5135135135065741
5,human,14.00943396226415,73.72632609469562,0.24096385542132384,1.2467153284671533,0.0,0.830188679237451,0.42452830188278745
5,human,13.27659574468085,67.39157990040744,0.30627306272949717,1.2847571189279732,0.0,0.12765957446536896,0.5957446808383885
6,human,13.787878787878787,50.34894398530761,0.21266968325695626,1.431111111111111,0.0,0.0,0.21212121211478424
6,human,23.2,46.160000000000004,0.13725490195809306,1.236842105263158,0.0,0.0,0.39999999992
6,human,18.681818181818183,53.39876033057851,0.2399999999988,1.3065693430656935,0.0,0.09090909090495868,0.18181818180991735
6,human,26.77777777777778,221.50617283950618,0.30894308942838256,1.4789915966386555,0.0,0.0,0.3333333332962963
6,human,18.423076923076923,149.62869822485206,0.292951541849575,1.3539915966386555,0.0,0.01923076923039941,0.24999999999519232
7,human,10.238095238095237,32.46712018140589,0.29411764705594,1.283720930232558,0.0,0.0952380952335601,0.3809523809342404
7,human,10.75,146.0056818181818,0.24302788844524692,1.4397463002114166,0.7272727272561984,0.2499999999943182,0.4999999999886364
7,human,11.222222222222221,52.950617283950606,0.19607843137062667,1.4221105527638191,0.0,0.11111111110493826,0.1666666666574074
7,human,15.585365853658537,80.3890541344438,0.26245847175992537,1.3381642512077294,0.0,0.1219512195092207,0.512195121938727
7,human,12.071428571428571,60.92346938775511,0.11578947368299168,1.5060240963855422,0.0,0.49999999996428574,0.35714285711734695
8,human,11.5625,38.99609375,0.22222222221975307,1.2681564245810055,0.0,0.31249999998046873,0.249999999984375
8,human,13.0,58.810810810810814,0.19711538461443695,1.3090128755364807,0.0,0.16216216215777943,0.48648648647333825
8,human,15.357142857142858,102.51530612244896,0.26804123711063876,1.328502415458937,0.0,0.35714285711734695,0.6428571428112245
8,human,22.4,98.84,0.3679245282984158,1.2660550458715596,0.0,0.0,0.29999999997
8,human,12.666666666666666,85.96825396825395,0.3005319148928177,1.4324324324324325,0.0,0.1587301587276392,0.3174603174552784
9,human,22.68421052631579,58.63711911357341,0.18652849740835997,1.330232558139535,0.0,0.0,0.26315789472299167
9,human,12.833333333333334,65.25,0.2365591397824026,1.308695652173913,0.0,0.1666666666574074,0.6111111110771605
9,human,11.69811320754717,89.41829832680669,0.2705882352933218,1.411371237458194,0.0,0.24528301886329656,0.26415094339124245
9,human,17.07894736842105,139.80955678670358,0.15642458100514967,1.4827044025157232,0.0,0.026315789472991694,0.21052631578393355
9,human,9.307692307692308,30.36686390532545,0.213114754094867,1.4201680672268908,0.0,0.30769230766863903,0.4615384615029586
10,human,11.785714285714286,67.56122448979593,0.21637426900521528,1.3040123456790123,0.0,0.16071428571141583,0.33928571427965565
10,human,10.444444444444445,47.35802469135802,0.26027397260202667,1.3763440860215055,0.0,0.24999999999652778,0.3055555555513117
10,human,13.88888888888889,77.87654320987652,0.2666666666651852,1.374331550802139,0.0,0.11111111110699588,0.48148148146364883
10,human,15.282051282051283,124.58711374095991,0.28957528957473055,1.3404825737265416,0.0,0.38461538461045364,0.3333333333290598
10,human,13.573770491803279,43.96586938994894,0.25534591194936435,1.4142414860681114,0.5081967213073099,0.11475409835971513,0.3442622950791454
11,human,11.666666666666666,59.32222222222223,0.3342857142847592,1.3559822747415067,0.0,0.06666666666555555,0.39999999999333335
11,human,16.846153846153847,39.66863905325443,0.25714285714040813,1.4027777777777777,0.0,0.2307692307514793,0.4615384615029586
11,human,10.244897959183673,280.225739275302,0.323193916348581,1.5212121212121212,0.0,0.06122448979466889,0.387755102032903
11,human,17.647058823529413,98.69896193771625,0.3142857142834694,1.3886925795053005,0.0,0.117647058816609,0.235294117633218
11,human,19.692307692307693,60.674556213017745,0.24299065420333651,1.4221311475409837,0.0,0.07692307691715976,0.3846153845857988
12,human,34.23529411764706,30.415224913494814,0.34113712374467847,1.4191304347826086,0.0,0.0,0.588235294083045
12,human,12.833333333333334,39.472222222222214,0.2947368421037119,1.4385026737967914,0.0,0.0,0.3333333333222222
12,human,12.454545454545455,40.429752066115704,0.32894736841672434,1.686131386861314,0.0,0.2727272727024793,0.18181818180165288
12,human,20.32,175.41760000000002,0.20512820512732852,1.438976377952756,0.0799999999968,0.0,0.4799999999808
12,human,14.266666666666667,64.99555555555557,0.2488687782794169,1.4441805225653206,0.0,0.0,0.3666666666544444
13,human,9.907692307692308,48.23763313609467,0.21902017291003165,1.4451612903225806,0.0,0.36923076922508874,0.35384615384071005
13,human,9.1,55.849999999999994,0.20912547528437594,1.4162995594713657,1.0399999999792,0.21999999999560002,0.21999999999560002
13,human,10.364705882352942,43.54934256055363,0.22869955156899396,1.396694214876033,0.0,0.3058823529375778,0.34117647058422146
13,human,10.666666666666666,30.013888888888886,0.18749999999926759,1.3782696177062375,0.0,0.22916666666189237,0.22916666666189237
13,human,10.065420560747663,49.706000524063235,0.2770642201829779,1.4065116279069767,0.5981308411159053,0.14953271027897633,0.29906542055795265
14,human,29.0,251.5,0.1896551724105232,1.2695652173913043,0.0,0.0,0.2499999999375
14,human,15.866666666666667,115.84888888888888,0.23809523809452948,1.257100149476831,0.0,0.19999999999555557,0.31111111110419754
14,human,15.658536585365853,68.66389054134444,0.2803738317748275,1.32398753894081,0.04878048780368829,0.04878048780368829,0.4634146341350387
14,human,14.857142857142858,85.83673469387756,0.3687943262385192,1.2779661016949153,0.0,0.28571428570068025,0.47619047616780047
14,human,21.625,385.734375,0.2530120481897227,1.2638036809815951,0.0,0.124999999984375,0.24999999996875
15,human,8.681818181818182,27.5805785123967,0.2530120481897227,1.3423913043478262,0.0,0.136363636357438,0.545454545429752
15,human,13.692307692307692,53.57199211045364,0.26542056074716747,1.4207968901846453,0.0,0.12820512820348454,0.46153846153254435
15,human,12.395061728395062,42.066148452979725,0.2044088176348609,1.3783783783783783,0.9629629629510745,0.0987654320975461,0.6296296296218564
15,human,12.476190476190476,52.63038548752834,0.23999999999808,1.3254901960784313,0.0,0.0952380952335601,0.42857142855102043
15,human,13.137931034482758,103.77407847800235,0.18518518518420538,1.3989071038251366,0.0,0.5172413792925089,0.24137931033650417
16,human,16.555555555555557,211.4320987654321,0.2589285714274155,1.3723653395784543,0.0,0.18518518517832647,0.37037037035665293
16,human,8.777777777777779,37.7283950617284,0.1788990825679867,1.395505617977528,0.0,0.14814814814540467,0.33333333332716053
16,human,14.235294117647058,40.2681660899654,0.2594936708855285,1.3347150259067357,0.3823529411708477,0.1323529411745242,0.47058823528719723
16,human,13.222222222222221,32.32098765432099,0.29012345678833257,1.2997118155619596,0.0,0.03703703703566529,0.5555555555349794
16,human,14.446428571428571,87.5328443877551,0.2309582309576635,1.3528662420382165,0.0,0.35714285713647964,0.42857142856377556
17,human,10.529411764705882,30.13148788927336,0.10204081632548938,1.2402234636871508,0.0,0.117647058816609,0.235294117633218
17,human,10.922480620155039,48.31957214109728,0.2682539682535425,1.2790874524714828,0.0,0.2170542635642089,0.5038759689883421
17,human,10.0,39.08571428571429,0.19354838709614985,1.2149253731343284,0.0,0.3142857142812245,0.6571428571334693
17,human,12.256410256410257,37.523997370151214,0.17922606924607082,1.4291799787007455,0.0,0.141025641023833,0.34615384614940825
17,human,19.84090909090909,87.088326446281,0.23786407766932557,1.3146198830409357,0.0,0.0,0.1818181818140496
18,human,9.602739726027398,35.47232126102458,0.26492537313333986,1.20125786163522,0.0,0.32876712328316754,0.47945205478795266
18,human,10.886363636363637,83.07799586776859,0.269473684209959,1.2078212290502792,0.0,0.49999999999431816,0.2272727272701446
18,human,11.709677419354838,68.98022892819978,0.2874251496988777,1.2852760736196318,0.0,0.5161290322414152,0.3870967741810614
18,human,9.909090909090908,31.446280991735538,0.19811320754530082,1.18348623853211,1.1818181817644628,0.49999999997727274,0.3636363636198347
18,human,10.777777777777779,75.20987654320987,0.23239436619554654,1.3212996389891696,0.0,0.18518518517832647,0.14814814814266117
19,human,16.904761904761905,61.22902494331067,0.24581005586454857,1.3690140845070422,0.0,0.04761904761678005,0.0952380952335601
19,human,14.777777777777779,88.12839506172841,0.16964285714235225,1.3539156626506024,0.31111111110419754,0.04444444444345679,0.28888888888246916
19,human,11.080645161290322,35.4289802289282,0.3162393162384153,1.4505988023952097,0.0,0.016129032257804373,0.30645161289828304
19,human,17.194444444444443,60.04552469135802,0.22049689440925313,1.4394184168012925,0.05555555555401235,0.05555555555401235,0.3888888888780865
19,human,11.45,30.3975,0.2575107296126287,1.389010989010989,0.0,0.0,0.47499999998812503
20,human,12.8125,115.50234375,0.255274261602837,1.3175257731958763,0.0,0.29999999999625,0.4124999999948437
20,human,12.051724137931034,106.56629013079666,0.24639769452414065,1.3086862885857862,0.5172413793058859,0.15517241379176575,0.5431034482711802
20,human,9.98360655737705,50.57350174684224,0.2352941176462899,1.329093799682035,0.0,0.4754098360577802,0.426229508189734
20,human,8.117647058823529,34.92733564013841,0.23076923076568046,1.3458646616541354,0.0,0.235294117633218,0.5294117646747405
20,human,16.12987012987013,159.48962725586108,0.2652705061077395,1.3604269293924467,0.0,0.06493506493422162,0.5714285714211502
21,human,9.658536585365853,25.932183224271267,0.25824175824033935,1.283116883116883,0.0,0.07317073170553243,0.5365853658405711
21,human,7.833333333333333,34.18055555555556,0.370078740156509,1.3821478382147838,0.0,0.21874999999772135,0.3541666666629774
21,human,10.958333333333334,88.78993055555554,0.24324324324105184,1.5868725868725868,0.0,0.4166666666493056,0.374999999984375
21,human,11.9375,83.68359375,0.2494529540475942,1.3183807439824946,0.0,0.29999999999625,0.4749999999940625
21,human,17.625,101.296875,0.32481751824698973,1.4444444444444444,0.0,0.06249999999804688,0.49999999998437505
22,human,11.53125,56.8115234375,0.27607361963020816,1.3932584269662922,0.0,0.281249999991211,0.5312499999833985
22,human,12.782608695652174,112.03969754253309,0.2734082396993505,1.309782608695652,0.0,0.02173913043431002,0.5217391304234404
22,human,11.741935483870968,68.57856399583767,0.23361823361756803,1.4225352112676057,0.0,0.06451612903121749,0.4999999999919355
22,human,13.064516129032258,59.41519250780438,0.3015075376869271,1.400516795865633,0.0,0.0645161290301769,0.22580645160561916
22,human,12.217391304347826,42.416509136735975,0.2912482065992952,1.267005721551176,0.0,0.04347826086925016,0.6014492753579606
23,human,5.56,21.766400000000004,0.2637362637352977,1.3972602739726028,0.0,0.3199999999968,0.2399999999976
23,human,7.529411764705882,23.739331026528255,0.23888888888756174,1.3225806451612903,0.0,0.13725490195809306,0.45098039214802005
23,human,8.876923076923077,39.72331360946745,0.20582877959889648,1.3444544634806133,0.0,0.08461538461473374,0.5846153846108876
23,human,10.45,66.3475,0.21363636363539257,1.2793017456359101,0.0,0.274999999993125,0.34999999999125003
23,human,8.163841807909604,58.159596539946996,0.20078226857861697,1.35605511240029,0.0,0.24293785310597213,0.25988700564824924
24,human,12.12962962962963,74.44615912208504,0.426282051280685,1.4063492063492065,0.0,0.5740740740634431,0.5185185185089164
24,human,14.129032258064516,49.98335067637876,0.24016563146948205,1.4303652968036529,1.1612903225619147,0.19354838709365246,0.3870967741873049
24,human,13.324324324324325,65.46238130021915,0.34468085106236307,1.3914807302231238,0.0,0.0,0.48648648647333825
24,human,16.378048780487806,115.74732302201072,0.2652705061077395,1.3265306122448979,0.0,0.0,0.6829268292599643
24,human,11.454545454545455,33.15702479338843,0.35384615384071005,1.4435483870967742,0.0,0.09090909090082644,0.2727272727024793
25,human,10.73913043478261,40.88846880907372,0.3462603878106752,1.26931330472103,0.0,0.054347826086365784,0.7499999999918477
25,human,11.689655172413794,19.041617122473248,0.2533333333316445,1.225609756097561,0.0,0.27586206895600474,0.5517241379120095
25,human,13.431818181818182,62.56353305785125,0.2916666666655619,1.3327586206896551,0.0,0.1363636363605372,0.6363636363491736
25,human,12.130434782608695,23.243856332703213,0.3194444444422261,1.2734082397003745,0.0,0.0,0.5652173912797731
25,human,7.802083333333333,35.59624565972223,0.1511936339518536,1.3275109170305677,0.0,0.3020833333301866,0.34374999999641925
26,human,8.432692307692308,40.649315828402365,0.19679633867231855,1.3496420047732698,0.0,0.22115384615171968,0.3173076923046413
26,human,15.355555555555556,103.25135802469136,0.2806451612894173,1.2606707317073171,0.0,0.44444444443456793,0.31111111110419754
26,human,16.105263157894736,105.46260387811634,0.302013422816765,1.3663366336633664,0.0,0.0,0.3684210526121884
26,human,11.925373134328359,29.889953218979723,0.19740259740208468,1.2848020434227332,0.0,0.07462686567052795,0.3432835820844286
26,human,18.566666666666666,310.6455555555556,0.18749999999931066,1.302063789868668,0.0,0.6666666666444444,0.4666666666511111
27,human,12.444444444444445,44.91358024691359,0.28358208954800623,1.385321100917431,0.0,0.11111111109876542,0.0
27,human,15.714285714285714,22.775510204081634,0.2745098039161861,1.2596153846153846,0.0,0.0,0.2857142856734694
27,human,18.0,67.42857142857143,0.22413793103061833,1.3781512605042017,0.0,0.0,0.2857142856734694
27,human,25.666666666666668,486.22222222222223,0.1562499999975586,1.1812080536912752,0.0,0.16666666663888888,0.0
27,human,10.090909090909092,28.991735537190085,0.17460317460040314,1.3942307692307692,0.0,0.36363636360330576,0.2727272727024793
28,human,12.333333333333334,50.44444444444444,0.2894736842086219,1.34375,0.0,0.0,0.37037037035665293
28,human,8.172413793103448,24.234641300039637,0.20731707317009965,1.3608695652173912,0.0,0.2528735632154842,0.2643678160889153
28,human,7.0,23.263157894736842,0.39655172413109396,1.358974358974359,0.0,0.26315789472299167,0.4210526315567867
28,human,10.307692307692308,67.40532544378699,0.22053231939079646,1.3823529411764706,0.0,0.49999999999038464,0.5384615384511835
28,human,11.083333333333334,86.57638888888889,0.2972350230407898,1.3743718592964824,0.13888888888695988,0.05555555555478395,0.4305555555495756
29,human,9.414473684210526,36.50584314404432,0.2185007974478174,1.2979985174203112,0.0,0.08552631578891101,0.5263157894702216
29,human,8.90566037735849,34.46279814880741,0.2130434782599433,1.3593073593073592,0.8679245282855109,0.22641509433535068,0.47169811319864724
29,human,10.871794871794872,32.4707429322814,0.28124999999853517,1.3308823529411764,0.0,0.3076923076844182,0.48717948716699544
29,human,11.653846153846153,36.91863905325443,0.36065573770196185,1.3156028368794326,0.0,0.5769230769008876,0.5384615384408284
29,human,12.419354838709678,133.5983350676379,0.25683060109149275,1.2680965147453083,0.0,0.9999999999677419,0.1935483870905307
30,human,14.321428571428571,229.28954081632656,0.28909952606498057,1.3626943005181347,0.0,0.42857142855612246,0.32142857141709186
30,human,14.363636363636363,26.231404958677686,0.34210526315339335,1.3205128205128205,0.0,0.09090909090082644,0.2727272727024793
30,human,13.875,38.484375,0.28712871286844427,1.3693693693693694,0.1249999999921875,0.06249999999609375,0.49999999996875
30,human,13.583333333333334,43.13194444444444,0.23111111111059754,1.3415384615384616,0.1111111111095679,0.06944444444347994,0.5972222222139274
30,human,10.384615384615385,61.23668639053255,0.2882882882856911,1.3585657370517927,0.0,0.0,0.692307692281065
31,human,10.88888888888889,46.48765432098766,0.24875621890423505,1.3430079155672823,0.0,0.3611111111010803,0.4444444444320988
31,human,19.185185185185187,160.2249657064472,0.2798353909453505,1.463265306122449,0.0,0.14814814814266117,0.5185185184993141
31,human,17.70175438596491,118.73561095721759,0.3015873015867032,1.4325153374233128,0.0,0.01754385964881502,0.3859649122739305
31,human,16.962962962962962,152.85048010973935,0.30909090908950415,1.497737556561086,0.0,0.14814814814266117,0.5555555555349794
31,human,10.5,53.15,0.20921985815528646,1.33605220228385,0.0,0.01666666666638889,0.4499999999925
32,human,9.564102564102564,32.758711374096,0.21084337349270577,1.345821325648415,0.0,0.3076923076844182,0.2564102564036818
32,human,15.176470588235293,94.02768166089965,0.2366412213722394,1.3975903614457832,0.0,0.0588235294083045,0.470588235266436
32,human,11.149425287356323,43.7822697846479,0.24439461883353275,1.3920086393088553,0.0,0.1264367816077421,0.39080459769665743
32,human,10.244897959183673,62.266555601832565,0.2226804123706749,1.3251282051282052,0.0,0.10204081632548938,0.41836734693450645
32,human,11.2,29.04,0.23308270676516482,1.3273381294964028,0.1599999999936,0.0799999999968,0.5599999999776
33,human,10.0,86.47368421052632,0.23157894736720222,1.354054054054054,0.0,0.7631578947167591,0.342105263148892
33,human,17.88,46.45226666666667,0.35266457680195507,1.3869969040247678,0.0,0.5066666666599111,0.5199999999930667
33,human,9.673913043478262,54.915406427221185,0.31455399060885186,1.4172494172494172,0.0,0.08695652173724008,0.5869565217263706
33,human,14.636363636363637,82.9586776859504,0.21951219511927422,1.414012738853503,0.0,0.18181818180165288,0.2727272727024793
33,human,11.520833333333334,48.24956597222222,0.2206405693942326,1.3333333333333333,0.0,0.22916666666189237,0.2916666666605903
34,human,6.8,22.73142857142857,0.1846153846139645,1.4906542056074767,0.0,0.0,0.1714285714236735
34,human,10.217391304347826,84.95274102079395,0.1284403669712987,1.4716157205240175,0.0,0.0,0.13043478260302457
34,human,16.176470588235293,101.43944636678201,0.20229007633510576,1.775925925925926,0.0,0.0,0.20588235293512114
34,human,9.954545454545455,59.861570247933884,0.09523809523718821,1.4146341463414633,0.0,0.0,0.31818181816735536
34,human,8.05,18.9475,0.2439024390214158,1.3691275167785235,0.0,0.0499999999975,0.3499999999825
35,human,14.1,71.69,0.2567567567532871,1.5072463768115942,0.0,0.0,0.29999999997
35,human,14.75,73.4375,0.18749999999707032,1.4137931034482758,0.0,0.0,0.74999999990625
35,human,16.818181818181817,35.376033057851245,0.23604060913645675,1.5314207650273224,0.0,0.0227272727267562,0.2045454545408058
35,human,9.272727272727273,26.19834710743801,0.29787234041919425,1.3529411764705883,0.36363636360330576,0.18181818180165288,0.5454545454049586
35,human,18.333333333333332,56.72222222222222,0.1869158878487204,1.4351851851851851,0.0,0.0,0.33333333330555553
36,human,14.822222222222223,102.72395061728396,0.14912280701710784,1.4589147286821706,0.6222222222083951,0.06666666666518518,0.24444444443901236
36,human,8.796296296296296,46.31035665294923,0.23451327433524552,1.310421286031042,0.0,0.27777777777263374,0.38888888888168727
36,human,11.851063829787234,38.3820733363513,0.15467625899224938,1.3589251439539347,1.2340425531652333,0.08510638297691264,0.29787234041919425
36,human,8.0,62.38709677419355,0.20149253731192918,1.3733905579399142,0.0,0.32258064515088447,0.41935483869614987
36,human,9.219178082191782,30.74648151623194,0.21118012422294666,1.3655394524959743,0.0,0.24657534246237567,0.3698630136935635
37,human,10.474358974358974,55.22370151216306,0.2396907216488668,1.3671970624235006,0.15384615384418146,0.038461538461045365,0.43589743589184743
37,human,14.133333333333333,42.91555555555556,0.19354838709469302,1.3091787439613527,0.0,0.06666666666222222,0.3333333333111111
37,human,15.88888888888889,47.20987654320989,0.24999999999671052,1.4859154929577465,0.0,0.0,0.3333333332962963
37,human,19.285714285714285,173.15646258503398,0.28787878787733395,1.3661616161616161,0.0,0.14285714285034012,0.6190476190181405
37,human,10.277777777777779,49.089506172839506,0.1818181818161157,1.4863387978142077,0.0,0.05555555555246913,0.6111111110771605
38,human,15.307692307692308,146.2130177514793,0.35483870967360387,1.2670157068062826,0.0,0.0,0.30769230766863903
38,human,16.571428571428573,152.530612244898,0.295999999997632,1.669603524229075,0.0,0.0,0.35714285711734695
38,human,12.166666666666666,101.69444444444444,0.3865546218454911,1.3611111111111112,0.0,0.3333333333148148,0.38888888886728395
38,human,14.72,73.9616,0.4234693877529415,1.5552486187845305,0.0,0.1199999999952,0.3199999999872
38,human,27.875,81.859375,0.23846153845970416,1.336322869955157,0.0,0.0,0.0
39,human,13.463414634146341,69.37061273051755,0.27155172413676054,1.2948960302457466,0.0,0.1219512195092207,0.2439024390184414
39,human,5.56,7.6064,0.41176470587629754,1.2573529411764706,0.0,0.1199999999952,0.2399999999904
39,human,20.666666666666668,188.44444444444446,0.21568627450768935,1.453551912568306,0.0,0.0,0.11111111109876542
39,human,10.555555555555555,29.20987654320988,0.15686274509701398,1.4063604240282686,0.0,0.0,0.29629629628532234
39,human,9.225,51.049375,0.21306818181757653,1.3053221288515406,0.0,0.13749999999828125,0.3874999999951562
40,human,8.895348837209303,33.3960248783126,0.19346049046268812,1.5762032085561497,0.0,0.04651162790643591,0.33720930232166035
40,human,13.236842105263158,56.44390581717452,0.24279835390846585,1.283132530120482,0.0,0.026315789472991694,0.6315789473518006
40,human,12.528301886792454,48.173727305090786,0.20189274447885838,1.3484162895927603,0.1886792452794589,0.05660377358383767,0.45283018867070135
40,human,15.20754716981132,48.202207191171226,0.26119402985009654,1.36318407960199,0.3207547169750801,0.13207547169562123,0.5660377358383767
40,human,14.22972972972973,46.420197224251275,0.23709369024811264,1.3782483156881618,0.0,0.09459459459331629,0.44594594593991965
41,human,10.958333333333334,12.123263888888891,0.2611940298487971,1.4106463878326996,0.6666666666388888,0.2083333333246528,0.3333333333194444
41,human,13.181818181818182,22.330578512396695,0.2763157894700485,1.5912408759124088,0.0,0.09090909090082644,0.36363636360330576
41,human,15.807692307692308,74.07840236686391,0.2863849765244771,1.3857493857493857,0.0,0.038461538460059175,0.19230769230029585
41,human,16.982758620689655,131.8100475624257,0.23705179282821304,1.4004065040650406,0.6896551724019025,0.13793103448038052,0.3620689655109988
41,human,15.201754385964913,118.49438288704215,0.24311377245479868,1.3408262454434994,0.0,0.3421052631548938,0.3421052631548938
42,human,10.98360655737705,63.49153453372749,0.257575757574977,1.278125,0.0,0.655737704907283,0.44262295081241604
42,human,13.1,154.89000000000001,0.3262411347494593,1.4522821576763485,0.0,0.699999999965,0.19999999999
42,human,11.576923076923077,42.32100591715976,0.24436741767721948,1.332761578044597,0.0,0.11538461538350592,0.39423076922697853
42,human,15.176470588235293,124.02768166089966,0.28358208955012254,1.45136186770428,0.0,0.0,0.588235294083045
42,human,22.454545454545453,303.61157024793397,0.243999999999512,1.472764645426516,0.0,0.3181818181745868,0.681818181802686
43,human,8.1875,16.15234375,0.15942028985276202,1.449612403100775,0.0,0.18749999998828126,0.18749999998828126
43,human,15.625,60.984375,0.19999999999692306,1.5655737704918034,0.0,0.124999999984375,0.124999999984375
43,human,14.941176470588236,88.2318339100346,0.23846153846062132,1.4123711340206186,0.0,0.1470588235250865,0.17647058823010384
43,human,20.733333333333334,233.66222222222225,0.2983425414348158,1.5258064516129033,0.0,0.06666666666222222,0.19999999998666668
43,human,12.296296296296296,42.4554183813443,0.2130518234160978,1.4531722054380665,0.3950617283901844,0.0987654320975461,0.3950617283901844
44,human,9.297297297297296,34.911614317019726,0.2823920265771349,1.327613104524181,0.0,0.05405405405332359,0.5810810810732286
44,human,13.0,133.2463768115942,0.23584905660321734,1.3606936416184972,0.0,0.4927536231812644,0.4057971014433942
44,human,9.4,61.862222222222236,0.2994791666658868,1.2515042117930204,0.42222222221753086,0.22222222221975307,0.4777777777724691
44,human,9.033333333333333,82.67666666666668,0.2318840579704544,1.3654353562005277,0.0,0.4888888888834568,0.4333333333285185
44,human,9.615384615384615,37.62130177514793,0.2875536480674354,1.3940677966101696,0.0,0.32692307691678996,0.6346153846031806
45,human,15.538461538461538,39.479289940828394,0.2977528089870913,1.260545905707196,0.0,0.0,0.8076923076612426
45,human,6.512820512820513,17.275476660092043,0.4418604651128538,1.2489795918367348,0.0,0.4102564102458909,0.3846153846055227
45,human,8.958333333333334,24.373263888888886,0.2258064516104752,1.2788461538461537,0.0,0.12499999999479167,0.4583333333142361
45,human,9.545454545454545,76.8388429752066,0.24870466321114662,1.2530413625304135,0.0,0.227272727267562,0.795454545436467
45,human,17.5,77.51666666666667,0.32126696832433815,1.241779497098646,0.0,0.19999999999333334,0.3999999999866667
46,human,12.311111111111112,28.303209876543214,0.2542372881347314,1.312043795620438,0.0,0.13333333333037037,0.31111111110419754
46,human,11.8,82.56000000000002,0.20588235293915802,1.2245762711864407,0.0,0.1499999999925,0.499999999975
46,human,17.48148148148148,75.80521262002743,0.24481327800728295,1.319915254237288,0.5185185184993141,0.07407407407133058,0.29629629628532234
46,human,16.8,85.96,0.3235294117599481,1.3532934131736527,0.0,0.0,0.69999999993
46,human,14.411764705882353,28.595155709342556,0.2611940298487971,1.471311475409836,0.0,0.0,0.2941176470415225
47,human,8.555555555555555,171.2691358024691,0.2073170731694676,1.2356164383561643,0.0,0.5333333333214815,0.26666666666074074
47,human,20.352941176470587,189.28719723183391,0.18749999999882813,1.3363914373088686,0.0,0.6470588234913495,0.470588235266436
47,human,8.428571428571429,22.34013605442177,0.3006134969306711,1.2589285714285714,0.0,0.42857142856122454,0.5476190476060091
47,human,14.666666666666666,111.75555555555555,0.273972602738475,1.268181818181818,0.5333333333155555,0.2666666666577778,0.3666666666544444
47,human,11.470588235294118,61.07266435986158,0.2371134020594112,1.2941176470588236,0.0,0.117647058816609,0.41176470585813146
48,human,8.791666666666666,29.748263888888886,0.3608247422643214,1.4328358208955223,0.0,0.49999999997916666,0.7083333333038194
48,human,10.50943396226415,34.363118547525815,0.2763636363626314,1.324955116696589,0.41509433961480957,0.09433962263972945,0.3584905660309719
48,human,13.015037593984962,92.72157838204534,0.2054455445542012,1.3629320619785459,0.0,0.11278195488637006,0.46616541353032964
48,human,11.181818181818182,79.93057851239668,0.2076677316287295,1.4601018675721562,0.0,0.32727272726677686,0.3454545454482645
48,human,14.377777777777778,57.65728395061727,0.23398328690742623,1.5154798761609907,0.15555555555209877,0.04444444444345679,0.35555555554765433
49,human,18.94,147.2564,0.17919075144474145,1.4425349087003223,0.0,0.37999999999240003,0.1799999999964
49,human,8.608695652173912,26.28166351606805,0.20618556700924648,1.2962025316455696,0.6304347825949906,0.08695652173724008,0.6304347825949906
49,human,15.11111111111111,84.32098765432099,0.29411764705725074,1.3443037974683545,0.0,0.0,0.33333333332098763
49,human,8.625,58.373263888888886,0.2588652482260324,1.2713178294573644,0.0,0.4305555555495756,0.3611111111060957
49,human,12.08695652173913,51.25330812854441,0.24460431654588272,1.3572778827977316,0.0,0.02173913043431002,0.3043478260803403
50,human,11.47008547008547,54.45423332602819,0.20819672131113412,1.4097859327217126,0.0,0.38461538461209727,0.5470085470038717
50,human,14.307692307692308,64.8284023668639,0.21052631578836567,1.3615819209039548,0.0,0.3461538461405325,0.23076923076035502
50,human,12.060869565217391,68.4919470699433,0.3220858895700582,1.4016516516516517,0.0,0.34782608695349715,0.38260869564884686
50,human,15.130434782608695,70.11342155009451,0.2732558139518997,1.4954682779456194,0.0,0.5217391304120983,0.304347826073724
50,human,12.540983606557377,63.88766460628864,0.16890080428909143,1.369713506139154,0.0,0.3278688524536415,0.44262295081241604
51,human,8.355555555555556,30.851358024691354,0.27215189873245477,1.2915451895043732,0.0,0.28888888888246916,0.6444444444301235
51,human,22.923076923076923,238.53254437869822,0.22471910112233306,1.6193771626297577,0.0,0.0,0.07692307691715976
51,human,14.565217391304348,92.24574669187147,0.2559523809508574,1.382262996941896,0.0,0.21739130433837428,0.08695652173534972
51,human,9.446808510638299,52.587596197374374,0.1697247706414233,1.3364928909952607,0.0,0.8723404255133546,0.3829787233961069
51,human,9.900621118012422,43.77894371359129,0.233951497859866,1.3315994798439532,0.0,0.09316770186277536,0.49689440993480194
52,human,16.285714285714285,83.06122448979592,0.21212121212056934,1.3191176470588235,0.4999999999880953,0.07142857142687076,0.7857142856955783
52,human,9.18918918918919,39.23447772096421,0.24836601307027215,1.2092307692307693,0.0,0.4054054053944485,0.3513513513418554
52,human,14.37037037037037,64.82578875171468,0.3088235294102509,1.3935309973045822,0.0,0.18518518517832647,0.5185185184993141
52,human,17.0,136.85714285714286,0.25477707006288286,1.4198988195615514,1.0285714285420409,1.3428571428187757,0.42857142855918373
52,human,13.94,62.0964,0.26625386996821593,1.275297619047619,0.0,0.23999999999520003,0.5599999999888
53,human,12.222222222222221,81.72839506172839,0.2799999999944,1.303921568627451,0.0,0.3333333332962963,0.6666666665925925
53,human,13.987341772151899,95.20237141483736,0.19512195121917225,1.3153488372093023,0.0,0.16455696202323344,0.36708860759029
53,human,12.083333333333334,38.909722222222214,0.13592233009642757,1.3356973995271868,0.0,0.3055555555470679,0.3055555555470679
53,human,10.166666666666666,33.22222222222222,0.22175732217480437,1.263157894736842,0.0,0.2916666666605903,0.749999999984375
53,human,11.196078431372548,61.88312187620148,0.25684931506761355,1.2924693520140105,0.2745098039161861,0.2156862745055748,0.2156862745055748
54,human,7.896551724137931,27.8858501783591,0.24107142856927613,1.3392070484581498,0.0,0.03448275861950059,0.6551724137705113
54,human,9.016949152542374,23.508187302499284,0.23076923076838546,1.336466165413534,0.5423728813467394,0.15254237287877048,0.5762711864309107
54,human,8.0,28.0,0.3333333333285024,1.373913043478261,0.0,0.06666666666222222,0.39999999997333335
54,human,17.34375,68.9130859375,0.25357142857052295,1.2828828828828829,0.0,0.0,0.24999999999218753
54,human,6.294117647058823,26.442906574394467,0.2413793103406659,1.205607476635514,0.0,0.0,0.2941176470415225
55,human,11.494949494949495,56.4115906540149,0.2211055276378206,1.299032541776605,0.9090909090817263,0.33333333332996634,0.26262626262360983
55,human,11.6,85.83999999999999,0.2142857142850488,1.450662739322533,0.0,0.19999999999666668,0.4666666666588889
55,human,15.673469387755102,106.01582673885879,0.14898419864526188,1.417704011065007,0.0,0.2040816326488963,0.22448979591378593
55,human,20.785714285714285,121.16836734693878,0.1999999999986207,1.4452296819787986,0.0,0.14285714284693876,0.35714285711734695
55,human,8.357142857142858,36.51530612244898,0.16071428571141583,1.412280701754386,0.0,0.571428571387755,0.35714285711734695
56,human,17.263157894736842,84.95706371191136,0.21460506706376364,1.42265625,0.0,0.10526315789335179,0.32894736841672434
56,human,16.14814814814815,54.45953360768175,0.3012345679004908,1.3780193236714975,0.0,0.09259259259087792,0.4629629629543896
56,human,12.23076923076923,29.677514792899405,0.3702422145315909,1.4092409240924093,0.0,0.05769230769119823,0.36538461537758876
56,human,10.630952380952381,39.828089569160994,0.2966292134824795,1.3453908984830805,0.0,0.26190476190164397,0.3809523809478458
56,human,13.085714285714285,50.53551020408164,0.2857142857129252,1.3444444444444446,0.0,0.1714285714236735,0.42857142855918373
57,human,17.25,95.1875,0.276785714283243,1.2705314009661837,0.0,0.0,0.08333333332638888
57,human,14.741935483870968,60.449531737773164,0.3212435233143977,1.27816091954023,0.0,0.0645161290301769,0.41935483869614987
57,human,10.142857142857142,24.40816326530612,0.27692307691881657,1.348148148148148,0.0,0.21428571427040816,0.49999999996428574
57,human,12.358490566037736,53.097899608401555,0.22157434402267764,1.3763955342902712,0.0,0.11320754716767534,0.11320754716767534
57,human,12.880597014925373,70.64245934506572,0.2512690355323572,1.2851985559566788,0.0,0.08955223880463355,0.4477611940231677
58,human,14.393939393939394,26.966023875114782,0.31958762886532044,1.3423913043478262,0.0,0.015151515151285582,0.5454545454462809
58,human,9.736842105263158,38.40443213296398,0.2882882882856911,1.3591160220994476,0.0,0.052631578944598335,0.157894736833795
58,human,19.48,205.6096,0.32743362831713524,1.3895833333333334,0.0,0.0399999999984,0.3199999999872
58,human,7.384615384615385,40.544378698224854,0.24489795917867557,1.3894736842105264,0.0,0.7692307691715976,0.4615384615029586
58,human,11.642857142857142,98.51530612244899,0.3214285714247449,1.4423076923076923,0.0,0.6428571428112245,0.49999999996428574
59,human,20.25,84.02083333333333,0.27338129496206204,1.5614035087719298,0.0,0.08333333332638888,0.08333333332638888
59,human,19.0,137.2,0.27559055117893233,1.3406593406593406,0.0,0.06666666666222222,0.3333333333111111
59,human,26.181818181818183,125.42148760330578,0.3027027027010665,1.900763358778626,0.0,0.0,0.2727272727024793
59,human,18.96551724137931,82.58501783590962,0.2686084142386129,1.6003824091778203,0.0,0.0,0.13793103447800237
59,human,16.473684210526315,112.03878116343492,0.392156862742535,1.4595469255663431,0.0,0.0,0.3684210526121884
60,human,13.962962962962964,106.20850480109742,0.2816326530606497,1.3354661791590494,0.0,0.0,0.4074074074023777
60,human,11.9,15.890000000000004,0.11688311688159891,1.272300469483568,0.0,0.0,0.99999999995
60,human,16.231884057971016,89.83028775467338,0.2974051896201649,1.2948243992606285,0.0,0.043478260868935095,0.3333333333285024
60,human,14.035714285714286,75.53443877551021,0.27071823204270323,1.3376288659793814,0.0,0.035714285713010205,0.6428571428341837
60,human,10.461538461538462,33.32544378698225,0.1967213114721849,1.28125,0.0,0.0,0.6153846153372781
61,human,10.203125,42.443115234375,0.3201320132002636,1.3583724569640063,0.0,0.18749999999707032,0.49999999999218747
61,human,10.942857142857143,34.68244897959183,0.234999999998825,1.321148825065274,0.11428571428244899,0.028571428570612248,0.3714285714179592
61,human,8.112676056338028,33.73378297956754,0.30418250950512515,1.3525179856115108,0.0,0.14788732394262052,0.5422535211229419
61,human,13.113636363636363,76.69163223140498,0.2688172043001118,1.3527272727272728,0.0,0.3181818181745868,0.5909090908956612
61,human,9.703703703703704,24.671467764060353,0.25256673511241773,1.3463796477495107,0.0,0.12037037036925582,0.5648148148095851
62,human,12.25,49.0625,0.26148409893900537,1.3139931740614335,0.16666666666319446,0.12499999999739585,0.6458333333198785
62,human,14.5,62.964285714285715,0.3065326633150426,1.369727047146402,0.0,0.10714285713903061,0.5357142856951531
62,human,7.230769230769231,25.364327979712595,0.23837209302256288,1.4449685534591195,0.0,0.01098901098889023,0.527472527466731
62,human,10.208333333333334,59.664930555555564,0.3050847457601264,1.3673469387755102,0.0,0.0,0.49999999997916666
62,human,16.097560975609756,65.01487209994052,0.32978723404138377,1.3559055118110237,0.0,0.04878048780368829,0.5609756097424152
63,human,19.866666666666667,319.18222222222226,0.33093525179618033,1.2304964539007093,0.0,0.8666666666088889,0.2666666666488889
63,human,14.243243243243244,57.5354273192111,0.2738589211606894,1.3687258687258688,0.0,0.10810810810518627,0.4054054053944485
63,human,8.878787878787879,27.01561065197429,0.22448979591684023,1.352112676056338,0.0,0.1818181818126722,0.5454545454380166
63,human,11.787878787878787,44.10651974288338,0.2391304347819589,1.2422192151556157,0.0,0.30303030302571166,0.5454545454462809
63,human,15.471153846153847,71.40301405325444,0.30537352555661157,1.3523927905531385,0.0,0.038461538461168635,0.4519230769187315
64,human,20.2,117.92,0.2687224669591686,1.3171717171717172,0.0,0.0,0.7599999999696
64,human,10.584905660377359,67.81511807286104,0.26613965744365464,1.3337423312883436,0.0,0.23270440251425972,0.515723270437008
64,human,8.942708333333334,43.74150933159722,0.25788751714642266,1.2676488643339472,0.0,0.30208333333176,0.5729166666636828
64,human,10.0,42.41095890410959,0.22144846796626538,1.3570441988950277,0.013698630136892476,0.09589041095824734,0.5958904109548228
64,human,11.367088607594937,61.574106713667696,0.23556581986088784,1.4232987312572087,0.0,0.2278481012629386,0.379746835438231
65,human,7.954545454545454,36.2706611570248,0.2759643916905758,1.2571428571428571,0.045454545454028925,0.10227272727156508,0.42045454544976757
65,human,10.806122448979592,52.74812578092461,0.24063116370761217,1.3290891283055828,0.0,0.05102040816274469,0.5408163265250937
65,human,8.950819672131148,43.75167965600645,0.2581818181808794,1.3052434456928839,0.0,0.04918032786804623,0.4754098360577802
65,human,9.5,32.75,0.24561403508628296,1.3424657534246576,0.0,0.199999999995,0.5999999999850001
65,human,11.24561403508772,38.641428131732845,0.2857142857133139,1.3428571428571427,0.0,0.07017543859526008,0.43859649122037553
66,human,11.930232558139535,59.8788534342888,0.2298387096764926,1.3382045929018789,0.0,0.30232558138831805,0.4651162790589508
66,human,13.875,113.859375,0.2599999999948,1.280373831775701,0.0,0.624999999921875,0.624999999921875
66,human,12.166666666666666,51.58333333333334,0.24999999999759615,1.3509615384615385,0.0,0.22222222220987653,0.3333333333148148
66,human,23.565217391304348,202.8544423440454,0.22909090909007604,1.4686346863468636,0.9565217390888469,0.3478260869413989,0.47826086954442343
66,human,10.428571428571429,50.911564625850325,0.20754716980936275,1.3744292237442923,0.7619047618684808,0.28571428570068025,0.28571428570068025
67,human,16.53125,94.16569010416667,0.21428571428544096,1.398095238095238,0.49999999999479167,0.02083333333311632,0.47916666666167534
67,human,10.76923076923077,56.48520710059172,0.23076923076627218,1.2028985507246377,0.0,0.07692307691715976,0.30769230766863903
67,human,7.7924528301886795,26.617301530793878,0.264999999998675,1.3241895261845387,0.0,0.13207547169562123,0.5471698113104307
67,human,11.235294117647058,29.591695501730104,0.15217391304182418,1.193717277486911,0.0,0.0,0.41176470585813146
67,human,8.696969696969697,22.57483930211203,0.19354838709521333,1.348432055749129,0.24242424241689625,0.0909090909063361,0.5454545454380166
68,human,15.0,86.27777777777777,0.29999999999892857,1.4386617100371748,0.0,0.16666666666203706,0.3888888888780865
68,human,9.238095238095237,33.32426303854876,0.18181818181634526,1.4444444444444444,0.0,0.14285714285034012,0.28571428570068025
68,human,9.482142857142858,27.678252551020403,0.31007751937864314,1.369140625,0.0,0.0,0.4464285714205995
68,human,16.823529411764707,56.38062283737025,0.1907514450856026,1.7107142857142856,0.0,0.0,0.352941176449827
68,human,8.958041958041958,28.347889872365393,0.22239999999964416,1.321857485988791,0.0,0.10489510489437137,0.531468531464815
69,human,11.205128205128204,32.98356344510191,0.2807881773385183,1.2587412587412588,0.0,0.02564102564036818,0.6923076922899409
69,human,11.434782608695652,97.98487712665407,0.21678321678170084,1.4124513618677044,0.0,0.26086956520604915,0.17391304347069944
69,human,21.956521739130434,246.82419659735348,0.22007722007637037,1.427974947807933,0.0,0.04347826086767486,0.39130434780907375
69,human,10.923076923076923,17.45562130177515,0.2173913043446755,1.4609929078014185,0.0,0.0,0.30769230766863903
69,human,14.581395348837209,115.87128177393186,0.2455621301767883,1.430622009569378,0.18604651162358032,0.09302325581179016,0.511627906964846
70,human,12.438202247191011,77.07764171190506,0.20207253885975462,1.4023508137432188,0.4719101123542482,0.08988764044842823,0.41573033707398055
70,human,16.857142857142858,66.69387755102042,0.3701657458543085,1.5331412103746398,0.0,0.0,0.14285714285034012
70,human,17.5,49.55,0.26506024096225866,1.478134110787172,0.0,0.0499999999975,0.2499999999875
70,human,16.7,54.21,0.17045454545260846,1.467065868263473,0.19999999998,0.19999999998,0.19999999998
70,human,10.782608695652174,27.99621928166352,0.3181818181794077,1.6099585062240664,0.0,0.0,0.26086956520604915
71,human,11.639344262295081,48.09943563558182,0.23054755043161226,1.3584637268847795,0.0,0.11475409835877452,0.426229508189734
71,human,13.355555555555556,59.6069135802469,0.2170542635650502,1.3147208121827412,0.0,0.11111111110864198,0.6222222222083951
71,human,12.448979591836734,50.94127446897126,0.3254237288124562,1.3766447368421053,0.12244897958933779,0.06122448979466889,0.5918367346817993
71,human,14.82857142857143,61.3991836734694,0.3387755102026989,1.2975708502024292,0.0,0.3714285714179592,0.42857142855918373
71,human,11.680851063829786,37.0258035310095,0.2771084337338269,1.3532710280373832,0.0,0.08510638297691264,0.5106382978614759
72,human,16.46153846153846,190.32544378698228,0.2566371681404574,1.5390243902439025,0.0,0.46153846152071004,0.2692307692204142
72,human,13.333333333333334,41.522222222222226,0.2317380352638999,1.464102564102564,0.0,0.19999999999666668,0.21666666666305556
72,human,10.101449275362318,54.35202688510816,0.24431818181748774,1.3497757847533631,0.0,0.4057971014433942,0.31884057970552404
72,human,18.0,83.15384615384616,0.1976284584972426,1.618705035971223,0.0,0.1538461538402367,0.3846153846005917
72,human,15.948717948717949,107.43326758711376,0.24262295081887666,1.3979933110367893,0.0,0.4102564102458909,0.17948717948257728
73,human,7.357142857142857,35.015306122448976,0.18817204300974102,1.2551020408163265,0.0,0.32142857142283165,0.4821428571342475
73,human,11.181818181818182,58.05785123966942,0.3009708737834857,1.2995391705069124,0.0,0.5909090908822314,0.49999999997727274
73,human,13.296296296296296,188.6529492455418,0.24203821655896793,1.2737752161383284,0.0,0.33333333332098763,0.7407407407133059
73,human,14.869047619047619,142.08999433106578,0.29276315789425533,1.3720359771054784,0.0,0.22619047618778343,0.4166666666617063
73,human,8.192307692307692,23.386094674556208,0.4430379746779362,1.1925133689839573,0.0,0.5384615384408284,0.5769230769008876
74,human,10.717948717948717,40.71531886916502,0.3021978021961418,1.2868020304568528,0.0,0.20512820512294544,0.6410256410092046
74,human,13.446808510638299,98.33227704843819,0.24054982817786755,1.3701923076923077,0.0,0.3829787233961069,0.3617021276518787
74,human,11.5,52.48529411764706,0.26523297490991893,1.3829029385574354,0.0,0.14705882352797,0.41176470587831604
74,human,10.649122807017545,59.57863958140966,0.1923714759532465,1.3956594323873122,0.0,0.403508771926285,0.2982456140324715
74,human,8.761363636363637,24.56805268595041,0.2802547770691712,1.3786407766990292,0.0,0.5227272727213326,0.37499999999573863
75,human,18.41176470588235,157.71280276816614,0.25342465753337867,1.2578512396694215,0.0,0.08823529411505192,0.23529411764013844
75,human,15.92,150.87359999999998,0.19117647058729817,1.3875968992248062,0.0,0.0399999999984,0.2399999999904
75,human,10.082474226804123,25.189074290572854,0.217573221756867,1.3641133263378804,0.0,0.07216494845286428,0.6391752577253693
75,human,15.333333333333334,65.33333333333333,0.23606557376971782,1.256797583081571,0.0,0.04444444444345679,0.5999999999866668
75,human,14.735294117647058,79.45934256055365,0.2289915966381744,1.2997002997002998,0.44117647058174736,0.23529411764359862,0.49999999999264705
76,human,11.681818181818182,87.39876033057853,0.27350427350193585,1.3471074380165289,0.0,0.272727272714876,0.545454545429752
76,human,14.25,60.104166666666664,0.3416149068301763,1.305810397553517,0.0,0.1666666666597222,0.5833333333090278
76,human,10.627450980392156,64.07689350249905,0.30212765957318244,1.307843137254902,0.0,0.31372549018992696,0.5686274509692426
76,human,12.343283582089553,87.0015593673424,0.2759562841522515,1.25,0.0,0.22388059701158386,0.41791044775495656
76,human,12.10344827586207,52.575505350772886,0.3006535947692768,1.2222222222222223,0.0,0.5862068965315101,0.6896551723900118
77,human,8.591836734693878,31.05789254477301,0.25520833333200416,1.3804627249357326,0.0,0.387755102032903,0.5306122448871304
77,human,10.5,33.62931034482759,0.1777108433729587,1.4466338259441707,0.27586206896076104,0.2931034482708086,0.25862068965071344
77,human,11.306748466257668,69.84455568519705,0.2951388888885473,1.3523545706371192,0.0,0.2822085889553239,0.44171779140833306
77,human,11.777777777777779,62.28395061728396,0.37398373983435784,1.3365384615384615,0.0,0.05555555555246913,0.44444444441975306
77,human,11.463414634146341,99.69581598255006,0.2548725637177588,1.36404833836858,0.0,0.46341463414257383,0.357723577232864
78,human,14.044776119402986,127.14724883047448,0.23913043478208884,1.3743078626799556,0.0,0.3134328358162174,0.43283582088906214
78,human,12.823529411764707,28.02768166089966,0.2962962962947286,1.2571428571428571,0.0,0.1470588235250865,0.5294117646903115
78,human,10.0,5.076923076923077,0.09259259259087792,1.3875968992248062,0.0,0.0,0.6923076922544379
78,human,8.346938775510203,49.287796751353596,0.311557788943158,1.2372881355932204,0.0,0.44897959182757186,0.36734693876801333
78,human,14.478260869565217,48.07561436672968,0.23255813953353166,1.3323262839879153,0.0,0.21739130433837428,0.43478260867674856
79,human,14.176470588235293,29.792387543252595,0.24137931034274673,1.6652542372881356,0.0,0.0,0.6470588234913495
79,human,8.708333333333334,34.20659722222222,0.35353535353178245,1.2995169082125604,0.0,0.0,0.374999999984375
79,human,41.0,628.0,0.3515624999972535,1.6176470588235294,0.0,0.0,0.0
79,human,18.266666666666666,32.86222222222222,0.20289855072316743,1.354014598540146,0.0,0.0,0.7333333332844444
79,human,12.159574468085106,53.77240832956088,0.2875695732833255,1.3433242506811989,0.0,0.10638297872227252,0.4255319148890901
80,human,11.487179487179487,60.04470742932279,0.20940170940081454,1.3160270880361173,0.0,0.02564102564036818,0.3333333333247864
80,human,16.586206896551722,93.48394768133176,0.189393939393222,1.5021008403361344,0.0,0.03448275861950059,0.17241379309750296
80,human,14.095238095238095,115.9909297052154,0.19999999999833332,1.2346570397111913,0.0,0.14285714285034012,0.3809523809342404
80,human,18.85,106.62750000000001,0.2899408284006513,1.3944444444444444,0.0,0.0499999999975,0.5499999999725
80,human,8.909090909090908,27.931129476584022,0.22992700729843094,1.3620071684587813,0.12121212121028466,0.5151515151437098,0.39393939393342514
81,human,12.78125,52.2958984375,0.21287128712765907,1.357843137254902,0.0,0.06249999999804688,0.3749999999882813
81,human,7.7272727272727275,48.120425029515935,0.21739130434709902,1.3249158249158248,0.7662337662238151,0.35064935064479674,0.3246753246711081
81,human,10.653846153846153,57.68786982248521,0.3221757322162252,1.297196261682243,0.0,0.28846153845599115,0.32692307691678996
81,human,12.386363636363637,78.00981404958678,0.2784313725479277,1.3284403669724771,0.4090909090816116,0.3636363636280992,0.3863636363548554
81,human,15.7,126.74333333333331,0.25213675213567466,1.3698924731182796,0.0,0.03333333333222222,0.29999999999
82,human,17.88888888888889,32.98765432098766,0.19480519480266487,1.4906832298136645,0.0,0.22222222219753085,0.11111111109876542
82,human,9.652173913043478,34.09640831758035,0.18421052631498155,1.3371298405466971,0.0,0.08695652173724008,0.5434782608577505
82,human,15.882352941176471,100.22145328719724,0.24999999999821432,1.4851851851851852,0.0,0.0,0.470588235266436
82,human,16.745454545454546,77.28066115702481,0.2419354838704103,1.4282511210762332,0.0,0.19999999999636364,0.5090909090816529
82,human,13.296296296296296,63.17146776406035,0.21686746987821165,1.2896935933147633,0.0,0.07407407407133058,0.33333333332098763
83,human,11.313725490196079,24.646674356016913,0.2444444444435391,1.3663003663003663,0.0,0.11764705882122262,0.37254901960053827
83,human,9.175,27.944374999999997,0.1491712707174079,1.2650273224043715,1.0999999999725,0.274999999993125,0.42499999998937504
83,human,10.2,49.510000000000005,0.1968911917088244,1.33248730964467,0.0,0.14999999999625002,0.64999999998375
83,human,10.0,59.55555555555556,0.2967032967000362,1.2732558139534884,0.0,0.1666666666574074,0.5555555555246914
83,human,10.516129032258064,36.70135275754422,0.19018404907858785,1.321875,0.0,0.16129032257544224,0.3870967741810614
84,human,9.333333333333334,66.48888888888888,0.2530120481897227,1.3484848484848484,0.0,0.13333333332444444,0.2666666666488889
84,human,10.846153846153847,13.976331360946743,0.23076923076568046,1.25,0.0,0.07692307691715976,0.6923076922544379
84,human,12.957446808510639,46.21095518334087,0.24999999999914385,1.3261943986820428,0.404255319140335,0.10638297872114079,0.42553191488456316
84,human,10.846153846153847,25.514792899408285,0.25714285713918367,1.2765957446808511,1.0769230768402367,0.30769230766863903,0.4615384615029586
84,human,7.05,26.247499999999995,0.1917808219151811,1.3623188405797102,0.0,0.39999999998,0.499999999975
85,human,8.96774193548387,100.41831425598332,0.26470588235099485,1.2817460317460319,0.0,0.290322580635796,0.41935483869614987
85,human,15.384615384615385,72.698224852071,0.25396825396691025,1.2663185378590078,0.0,0.0,0.5384615384408284
85,human,13.833333333333334,36.97222222222222,0.16249999999796874,1.240506329113924,0.0,0.0,0.08333333332638888
85,human,9.153846153846153,24.437869822485204,0.2272727272712515,1.218562874251497,0.0,0.23076923076331363,0.6923076922899409
85,human,13.795918367346939,78.08079966680549,0.2629870129861591,1.3604826546003017,0.0,0.02040816326488963,0.6734693877413578
86,human,11.0,76.61290322580645,0.2052785923747646,1.4848,0.0,0.19354838709365246,0.24193548386706556
86,human,33.75,217.1875,0.37454545454409255,1.4990366088631986,0.0,0.06249999999609375,0.249999999984375
86,human,13.172413793103448,44.28061831153389,0.1923076923066357,1.5905511811023623,0.0,0.06896551723900118,0.3448275861950059
86,human,12.380952380952381,64.80725623582767,0.1911764705868296,1.5254901960784313,0.0,0.04761904761678005,0.04761904761678005
86,human,15.613861386138614,109.10832271345944,0.2715231788075874,1.4684914067472947,0.03960396039564749,0.25742574257170864,0.2376237623738849
87,human,10.555555555555555,32.15802469135802,0.2255319148926573,1.2966101694915255,0.26666666666074074,0.08888888888691358,0.48888888887802473
87,human,18.066666666666666,99.26222222222223,0.24409448818705437,1.3231939163498099,0.0,0.06666666666222222,0.39999999997333335
87,human,11.477611940298507,49.95099131209623,0.2880886426584818,1.353185595567867,0.0,0.22388059701158386,0.5671641790960125
87,human,9.348484848484848,45.06037649219467,0.20532915360469384,1.3139344262295083,0.21969696969530533,0.26515151514950647,0.3863636363607094
87,human,12.735294117647058,52.8416955017301,0.169811320753916,1.414519906323185,0.0,0.029411764705017305,0.32352941175519034
88,human,7.931034482758621,50.68489892984544,0.15447154471419128,1.3,0.0,0.37931034481450654,0.5862068965315101
88,human,12.107142857142858,49.73852040816327,0.32894736841888855,1.3130699088145896,0.0,0.178571428565051,0.42857142855612246
88,human,12.895833333333334,70.84331597222223,0.2753164556953313,1.3657718120805369,0.0,0.3124999999934896,0.39583333332508686
88,human,11.282608695652174,36.6375236294896,0.2278481012648614,1.3703703703703705,0.0,0.06521739130293006,0.5869565217263706
88,human,15.8125,56.819010416666664,0.30791788856214686,1.4067114093959732,0.0,0.020833333332899308,0.541666666655382
89,human,10.150684931506849,51.44304747607432,0.23243243243180425,1.384507042253521,0.0,0.15068493150478512,0.3835616438303622
89,human,15.872727272727273,141.16561983471075,0.34168564920195515,1.2919179734620023,0.0,0.14545454545190084,0.3636363636297521
89,human,21.266666666666666,46.06222222222222,0.2556390977424388,1.3059936908517351,0.0,0.3333333333111111,0.3333333333111111
89,human,17.5,145.58333333333334,0.3017241379284334,1.561904761904762,0.0,0.0,0.24999999997916666
89,human,15.204545454545455,83.75361570247935,0.27499999999914065,1.3657407407407407,0.0,0.1590909090872934,0.4772727272618802
90,human,11.925925925925926,31.32784636488341,0.30872483221269315,1.295031055900621,0.14814814814266117,0.11111111110699588,0.5555555555349794
90,human,6.9375,19.93359375,0.15517241379042807,1.2222222222222223,0.0,0.1249999999921875,0.6249999999609375
90,human,8.147727272727273,33.78499483471074,0.33944954128336563,1.2373134328358208,0.0,0.2613636363606663,0.443181818176782
90,human,9.047619047619047,37.71201814058957,0.23157894736720222,1.3026315789473684,0.09523809523582767,0.047619047617913836,0.6190476190328799
90,human,17.15,207.47750000000002,0.24930747922368612,1.4860088365243005,0.0,0.024999999999375,0.42499999998937504
91,human,15.25,35.3875,0.3071428571406633,1.3980263157894737,0.0,0.0,0.2499999999875
91,human,8.285714285714286,17.68979591836735,0.27777777777557316,1.3633217993079585,0.0,0.057142857141224496,0.5999999999828572
91,human,10.903225806451612,32.409989594172735,0.208860759492349,1.4053254437869822,0.0,0.09677419354526536,0.5483870967565037
91,human,9.355555555555556,27.651358024691355,0.2205128205116897,1.3381294964028776,0.0,0.0,0.44444444443456793
91,human,10.636363636363637,24.0495867768595,0.2456140350834103,1.2589285714285714,0.0,0.0,0.0
92,human,16.806451612903224,174.22060353798125,0.2909836065561845,1.3366141732283465,0.0,0.0,0.6129032257866805
92,human,21.8125,65.52734375,0.18562874251385852,1.298550724637681,0.0,0.1249999999921875,0.6874999999570313
92,human,11.287878787878787,48.720156106519745,0.19553072625643708,1.3439667128987518,0.0,0.31818181817699726,0.5757575757488521
92,human,13.40983606557377,133.78285407148616,0.2206235011985117,1.3458549222797926,0.0,0.09836065573609246,0.3278688524536415
92,human,12.948717948717949,90.30506245890862,0.20416666666581598,1.3225806451612903,0.0,0.2564102564036818,0.46153846152662725
93,human,13.5,30.85,0.25974025973688647,1.3208955223880596,0.0,0.09999999999,0.39999999996
93,human,17.761904761904763,73.13378684807256,0.16315789473598338,1.4164305949008498,0.0,0.1904761904671202,0.1904761904671202
93,human,15.785714285714286,91.8826530612245,0.3027522935752041,1.4497607655502391,0.14285714284693876,0.0,0.4285714285408163
93,human,8.595744680851064,24.581258488003623,0.31034482758442333,1.2681564245810055,0.0,0.42553191488456316,0.3617021276518787
93,human,10.172413793103448,39.07372175980975,0.2981818181807339,1.3531468531468531,0.0,0.2413793103406659,0.5172413793014269
94,human,16.685185185185187,84.69718792866941,0.22737819025469286,1.4840989399293287,0.0,0.222222222218107,0.42592592591803846
94,human,8.658536585365853,45.93218322427127,0.23668639053114388,1.3607954545454546,0.0,0.14634146341106485,0.4878048780368828
94,human,15.627450980392156,32.39061899269512,0.23056300268034702,1.2699619771863118,0.0,0.019607843136870435,0.6666666666535949
94,human,15.2,99.09333333333333,0.2578124999989929,1.502202643171806,0.0,0.06666666666444444,0.19999999999333334
94,human,14.24390243902439,68.03807257584772,0.28673835125345254,1.3839441535776615,0.0,0.09756097560737657,0.2926829268221297
95,human,11.944444444444445,69.83024691358025,0.2992700729905163,1.52803738317757,0.0,0.7777777777345679,0.38888888886728395
95,human,9.821428571428571,36.64668367346939,0.19083969465503178,1.3955223880597014,0.0,0.178571428565051,0.4642857142691327
95,human,13.083333333333334,128.90972222222223,0.22222222221947874,1.4774193548387098,0.0,0.24999999997916666,0.41666666663194446
95,human,10.923076923076923,30.840236686390533,0.26451612903055155,1.4746376811594204,0.0,0.11538461538017751,0.23076923076035502
95,human,13.31578947368421,48.11080332409973,0.2803030303009068,1.4417670682730923,0.0,0.0,0.31578947366759
96,human,20.0,71.75,0.1868131868111339,1.4873417721518987,0.0,0.0,0.0
96,human,22.27027027027027,44.57560262965667,0.30272952853522894,1.3671970624235006,0.0,0.0,0.32432432431555885
96,human,18.666666666666668,262.8888888888889,0.2440476190461664,1.401197604790419,0.0,0.0,0.38888888886728395
96,human,14.96774193548387,91.25702393340269,0.27777777777649176,1.3137254901960784,0.0645161290301769,0.48387096772632676,0.32258064515088447
96,human,13.7,60.276666666666664,0.2511627906965062,1.4405940594059405,0.0,0.09999999999666667,0.29999999999
97,human,11.725274725274724,51.05639415529525,0.2301587301582735,1.3383458646616542,0.4395604395556092,0.2197802197778046,0.4615384615333897
97,human,13.191780821917808,68.94952148620754,0.2754629629623253,1.3372465314834578,0.0,0.06849315068399324,0.3972602739671608
97,human,13.933333333333334,109.39555555555555,0.2610837438410784,1.2839506172839505,0.0,0.3666666666544444,0.4333333333188889
97,human,13.1875,52.65234375,0.24576271186232404,1.4333333333333333,0.0,0.06249999999609375,0.1249999999921875
97,human,10.583333333333334,48.86805555555555,0.28665207877398985,1.270899470899471,0.0,0.2708333333305121,0.49999999999479167
98,human,14.894736842105264,168.14681440443212,0.21785714285636482,1.302025782688766,0.0,0.21052631578393355,0.15789473683795016
98,human,28.818181818181817,164.1487603305785,0.2087912087900616,1.623003194888179,0.0,0.0,0.18181818180165288
98,human,16.2,56.55999999999999,0.19540229884945173,1.4559748427672956,0.0,0.2499999999875,0.19999999999
98,human,19.466666666666665,116.51555555555554,0.1904761904750567,1.4021739130434783,0.0,0.13333333332444444,0.2666666666488889
98,human,9.551020408163266,41.96168263223657,0.21610169491433856,1.334065934065934,0.0,0.1428571428542274,0.34693877550312374
99,human,8.559139784946236,36.397040120245116,0.2815789473676801,1.3536269430051813,0.0,0.07526881720349173,0.3440860215016765
99,human,16.105263157894736,127.0415512465374,0.2601626016239011,1.303921568627451,0.0,0.10526315788919667,0.6842105262797784
99,human,20.16,125.7344,0.2850877192969952,1.2188139059304703,0.0,0.199999999992,0.5199999999792
99,human,15.947368421052632,73.6814404432133,0.284697508895784,1.3554817275747508,0.0,0.10526315789196677,0.2631578947299169
99,human,12.35897435897436,39.66600920447074,0.35885167463943135,1.256842105263158,0.0,0.05128205128073636,0.5384615384477318
100,human,16.3,102.16,0.27999999999925335,1.4813664596273293,0.44999999998875007,0.07499999999812501,0.17499999999562502
100,human,11.846153846153847,38.3353057199211,0.23809523809410432,1.3097345132743363,0.0,0.5384615384477318,0.5128205128073636
100,human,11.919642857142858,73.96675701530613,0.22457627118612347,1.4051012753188297,0.0,0.08928571428491709,0.26785714285475126
100,human,20.11111111111111,136.18765432098766,0.2860360360353918,1.5330243337195828,0.0,0.0,0.48888888887802473
100,human,10.28,25.7216,0.16528925619698107,1.2862745098039217,0.0,0.0,0.6399999999744
101,human,11.564705882352941,84.78698961937717,0.24951267056481577,1.379837067209776,0.37647058823086504,0.08235294117550172,0.5411764705818685
101,human,9.714285714285714,37.53741496598639,0.23076923076669484,1.4293193717277486,0.0,0.28571428570068025,0.5238095237845805
101,human,11.63888888888889,60.50848765432099,0.15841584158337418,1.5326876513317191,0.9999999999722223,0.24999999999305558,0.3055555555470679
101,human,5.7894736842105265,22.58725761772853,0.3421052631548938,1.268181818181818,0.6315789473518006,0.342105263148892,0.2631578947299169
101,human,11.2,61.15999999999999,0.38636363635924587,1.4669811320754718,0.0,0.499999999975,0.499999999975
102,human,6.088235294117647,20.256920415224915,0.2702702702678354,1.3725490196078431,0.0,0.029411764705017305,0.23529411764013844
102,human,16.94,305.8564,0.2611764705876208,1.4468339307048985,0.0,0.3599999999928,0.23999999999520003
102,human,9.08849557522124,71.90367295794503,0.20076481835525667,1.3640167364016735,0.0,0.2654867256613674,0.30973451327159524
102,human,12.0,68.91666666666667,0.2736156351782619,1.3628472222222223,0.6041666666540799,0.270833333327691,0.2916666666605903
102,human,15.375,87.859375,0.2537878787869175,1.3791666666666667,0.0,0.18749999999414066,0.18749999999414066
103,human,8.727272727272727,59.56198347107438,0.26470588235034603,1.3038674033149171,0.0,0.272727272714876,0.2272727272623967
103,human,10.352459016393443,75.55610051061544,0.2714285714281406,1.3291976840363937,0.0,0.147540983605348,0.4508196721274523
103,human,13.85576923076923,70.35419748520711,0.2641221374041769,1.333570412517781,0.0,0.13461538461409023,0.44230769230343936
103,human,7.415929203539823,26.614613517111753,0.23019801980141041,1.2616707616707616,0.0,0.3805309734479599,0.44247787610227896
103,human,17.054054054054053,74.42951059167275,0.25483870967659733,1.4128,0.4324324324207451,0.027027027026296568,0.4054054053944485
104,human,9.555555555555555,20.358024691358022,0.3139534883684424,1.2790697674418605,0.22222222220987653,0.3333333333148148,0.4999999999722222
104,human,9.235294117647058,14.062283737024222,0.3333333333287037,1.2580645161290323,0.0,0.117647058816609,0.5294117646747405
104,human,10.578947368421053,24.243767313019394,0.23913043478000945,1.3333333333333333,0.0,0.21052631577839334,0.6842105262797784
104,human,27.033333333333335,137.0988888888889,0.24129353233770823,1.3957016434892542,0.0,0.03333333333222222,0.19999999999333334
104,human,10.455696202531646,98.67841692036532,0.23421052631517314,1.2923673997412677,0.0,0.12658227847941034,0.3417721518944079
105,human,8.95,22.247500000000002,0.2564102564069691,1.3125,0.0,0.19999999999,0.5499999999725
105,human,15.307692307692308,88.54635108481261,0.3166023166017054,1.3271929824561404,0.43589743589184743,0.3205128205087114,0.4871794871732413
105,human,11.053333333333333,53.303822222222216,0.2539267015700159,1.2714113389626056,0.3999999999946666,0.09333333333208889,0.5866666666588444
105,human,7.037037037037037,33.29492455418381,0.26744186046200646,1.2914285714285714,0.0,0.37037037035665293,0.22222222221399177
105,human,11.153846153846153,66.99731038192577,0.254878048780177,1.3214747736093144,0.0,0.25874125873944936,0.5454545454507311
106,human,12.393258426966293,83.58692084332787,0.1852517985608179,1.3084291187739463,0.0,0.39325842696187346,0.40449438201792703
106,human,10.177631578947368,42.027657548476455,0.21256684491950192,1.3429336905559277,0.0,0.19736842105133312,0.4736842105231995
106,human,9.166666666666666,28.472222222222218,0.17307692307359468,1.2857142857142858,0.0,0.0,0.24999999997916666
106,human,9.738461538461538,75.4239053254438,0.2156249999993262,1.411861614497529,0.0,0.13846153845940828,0.33846153845633137
106,human,11.5,65.86290322580645,0.17927170868297124,1.4183381088825215,0.0,0.4032258064451093,0.3225806451560874
107,human,9.291666666666666,39.623263888888886,0.22522522522319616,1.2876712328767124,0.0,0.12499999999479167,0.12499999999479167
107,human,13.204545454545455,63.48088842975207,0.20141342756112576,1.362657091561939,0.0,0.2045454545408058,0.340909090901343
107,human,15.8,105.36,0.19999999999897436,1.469496021220159,0.0,0.399999999984,0.3599999999856
107,human,9.5,56.9375,0.2671232876694033,1.3791946308724832,0.49999999998437505,0.3124999999902344,0.4062499999873047
107,human,12.571428571428571,73.07606679035251,0.305732484075784,1.4407894736842106,0.0,0.18181818181582055,0.402597402592174
108,human,8.867647058823529,54.467776816608996,0.24642857142769134,1.2775735294117647,0.0,0.22058823529087368,0.47058823528719723
108,human,11.072916666666666,68.54676649305556,0.34050880626156455,1.3804453049370764,0.0,0.24999999999739583,0.44791666666200086
108,human,14.44186046511628,80.15359653866955,0.34304207119630087,1.393687707641196,0.0,0.2325581395294754,0.2325581395294754
108,human,13.642857142857142,69.10260770975054,0.22569027611017325,1.365910413030832,0.25396825396623834,0.1825396825382338,0.3174603174577979
108,human,11.088235294117647,47.84515570934257,0.24479166666539173,1.3902439024390243,0.0,0.1470588235250865,0.32352941175519034
109,human,7.5,18.85,0.20192307692113534,1.4325581395348836,0.0,0.49999999998333333,0.5666666666477778
109,human,8.863636363636363,29.57231404958678,0.29523809523528344,1.3796791443850267,0.0,0.18181818180991735,0.31818181816735536
109,human,13.017857142857142,79.5532525510204,0.255131964808636,1.4390934844192635,0.0,0.14285714285459183,0.4464285714205995
109,human,10.282051282051283,36.0999342537804,0.20100502512461807,1.325,0.0,0.0,0.5384615384477318
109,human,8.198473282442748,24.739234310354874,0.23056300268034702,1.2129455909943714,0.0,0.17557251908262922,0.5419847328202902
110,human,16.4,186.44,0.30337078651344523,1.3658536585365855,0.59999999994,0.49999999995,0.09999999999
110,human,7.571428571428571,77.38775510204083,0.169811320751513,1.23,0.0,0.571428571387755,0.2857142856938775
110,human,15.4375,99.05859375,0.2278481012648614,1.5031847133757963,0.0,0.34374999998925787,0.24999999999218753
110,human,12.056603773584905,53.94019223923104,0.2581699346396792,1.3731825525040389,0.0,0.15094339622356712,0.509433962254539
110,human,10.6375,61.65609374999999,0.23913043478208884,1.5547445255474452,0.0,0.39999999999499997,0.19999999999749998
111,human,14.305555555555555,80.98996913580247,0.3226452905805157,1.3139059304703475,0.0,0.16666666666435184,0.3055555555513117
111,human,19.88888888888889,103.1358024691358,0.20588235294031143,1.2725563909774436,0.0,0.07407407407133058,0.5925925925706447
111,human,16.608695652173914,57.542533081285455,0.252747252745864,1.3835978835978835,0.0,0.3478260869413989,0.43478260867674856
111,human,13.0,69.77777777777777,0.1896551724105232,1.3333333333333333,0.0,0.4444444443950617,0.3333333332962963
112,human,9.521739130434783,67.8147448015123,0.23529411764590544,1.2572115384615385,0.0,0.2173913043431002,0.5217391304234404
112,human,12.421052631578947,106.40166204986149,0.2723004694822897,1.3123644251626898,0.0,0.2631578947299169,0.3684210526218837
112,human,10.054054054054054,70.91599707815924,0.34224598930298267,1.3633802816901408,0.0,0.21621621621037254,0.4324324324207451
112,human,13.323529411764707,60.01297577854671,0.2293144208032404,1.3597701149425288,0.0,0.11764705882179931,0.3088235294072232
112,human,12.457831325301205,51.453041079982576,0.23829787233991853,1.3077679449360866,0.0,0.03614457831281753,0.542168674692263
113,human,12.973684210526315,33.18351800554017,0.24897959183571847,1.343558282208589,0.0,0.2631578947299169,0.6315789473518006
113,human,14.142857142857142,94.55102040816325,0.1818181818161157,1.4450261780104712,0.0,0.14285714284693876,0.571428571387755
113,human,18.333333333333332,73.42222222222222,0.28517110266051265,1.3271375464684014,0.0,0.1333333333288889,0.8333333333055556
113,human,7.91358024691358,40.81969212010364,0.24422442244143822,1.3492586490939045,0.0,0.30864197530483156,0.5925925925852766
113,human,12.615384615384615,116.77514792899407,0.2583170254398076,1.3735926305015353,0.6666666666581196,0.282051282047666,0.5256410256342866
114,human,22.6,247.57333333333335,0.27586206896393184,1.4213649851632046,0.0,0.0,0.39999999997333335
114,human,10.0125,47.687343750000004,0.22879177377833215,1.3453145057766367,0.0,0.19999999999749998,0.3249999999959375
114,human,14.257142857142858,96.13387755102039,0.2995780590704659,1.379381443298969,0.0,0.057142857141224496,0.3714285714179592
114,human,10.558823529411764,62.18771626297578,0.2359882005892744,1.3714689265536724,0.0,0.058823529410899654,0.5294117646980968
114,human,13.727272727272727,115.38016528925623,0.23300970873711002,1.5058626465661642,0.0,0.0681818181802686,0.3636363636280992
115,human,28.18918918918919,419.1804236669102,0.3235867446387454,1.2972195589645255,0.810810810788897,0.32432432431555885,0.5135135134996348
115,human,15.285714285714286,131.27551020408163,0.2794117647045127,1.362530413625304,0.0,0.42857142855612246,0.39285714284311224
115,human,12.268292682926829,52.342653182629384,0.27555555555433087,1.2650103519668736,0.0,0.2926829268221297,0.5853658536442594
115,human,8.375,35.442708333333336,0.33701657458377343,1.2942643391521198,0.041666666665798616,0.041666666665798616,0.5833333333211806
115,human,20.910714285714285,254.11702806122452,0.24247787610576554,1.4908933217692975,0.0,0.23214285713871174,0.41071428570695157
116,human,13.733333333333333,126.19555555555553,0.2188940092160855,1.4878980891719744,0.0,0.3666666666605556,0.23333333332944445
116,human,11.038461538461538,47.29339250493096,0.24726477024015917,1.3705521472392639,0.0,0.24358974358662064,0.24358974358662064
116,human,16.68,29.577599999999997,0.21658986175015396,1.4818401937046004,0.0,0.0,0.0799999999968
116,human,16.3,62.343333333333334,0.25670498084192833,1.4697286012526096,0.0,0.09999999999666667,0.29999999999
116,human,11.954545454545455,46.04338842975207,0.24999999999791667,1.4054054054054055,0.0,0.136363636357438,0.545454545429752
117,human,9.235294117647058,62.82698961937716,0.28395061728219784,1.3597359735973598,0.0,0.4117647058702423,0.5588235293953288
117,human,15.6,44.04,0.3666666666605556,1.2464788732394365,0.0,0.19999999998,0.49999999995
117,human,11.642857142857142,36.2295918367347,0.24324324323995616,1.31875,0.0,0.07142857142346938,0.4285714285408163
117,human,23.25,82.9375,0.14606741572869586,1.3406593406593406,0.0,0.24999999996875,0.24999999996875
117,human,13.625,41.359375,0.2857142857115646,1.3981042654028435,0.0,0.1249999999921875,0.43749999997265626
118,human,13.166666666666666,43.47222222222222,0.2844036697221614,1.3433476394849786,0.0,0.22222222220987653,0.7777777777345679
118,human,10.033333333333333,67.47666666666669,0.2729468599027224,1.3699095022624435,0.0,0.21111111110876543,0.5222222222164198
118,human,12.980392156862745,52.80353710111495,0.3022598870047959,1.45,0.03921568627374087,0.0,0.31372549018992696
118,human,24.615384615384617,96.0828402366864,0.30344827585997625,1.4276315789473684,0.0,0.3846153845857988,0.5384615384201183
118,human,15.76,56.022400000000005,0.244897959182424,1.3715012722646311,0.3199999999872,0.0399999999984,0.4399999999824
119,human,12.84,71.8144,0.20779220779153315,1.5234248788368336,0.0,0.23999999999520003,0.41999999999160004
119,human,16.2,116.76000000000002,0.23321554770235614,1.4162754303599374,0.0,0.47499999998812503,0.29999999999250004
119,human,23.75,320.9875,0.29807692307549005,1.3555555555555556,0.0,1.2499999999375,0.3499999999825
119,human,10.805825242718447,52.68074276557639,0.27037773359787204,1.3577386468952735,0.0,0.00970873786398341,0.6310679611589216
119,human,9.527777777777779,74.08256172839506,0.22372881355856364,1.34472049689441,0.0,0.3611111111060957,0.37499999999479167
120,human,12.964285714285714,54.17729591836735,0.2142857142845369,1.3909348441926346,0.0,0.10714285713903061,0.21428571427806123
120,human,13.5,187.65,0.41071428570695157,1.2442748091603053,0.0,0.0,0.69999999993
120,human,25.0,456.5,0.2173913043431002,1.36,0.0,0.0,0.499999999875
120,human,21.428571428571427,139.9591836734694,0.24096385541878357,1.4055944055944056,0.0,0.0,0.4285714285102041
120,human,8.875,55.776041666666664,0.25723472668727576,1.3673469387755102,0.0,0.3472222222173997,0.4583333333269676
121,human,8.543478260869565,19.900283553875237,0.2690355329935582,1.335978835978836,0.0,0.2173913043431002,0.47826086955482044
121,human,11.4,63.139999999999986,0.2371134020594112,1.273972602739726,0.0,0.3499999999825,0.5499999999725
121,human,16.5,68.61363636363636,0.2609523809518839,1.2965708989805376,0.0,0.06060606060514233,0.4848484848411386
121,human,15.454545454545455,31.88429752066116,0.2804878048746282,1.4268292682926829,0.0,0.09090909090082644,0.45454545450413225
121,human,13.869565217391305,44.46124763705103,0.29612403100729284,1.3629864972200159,0.0,0.11956521739000472,0.35869565217001415
122,human,9.097560975609756,37.08804283164783,0.27576601671232376,1.317348377997179,0.0,0.32926829267891133,0.30487804877676977
122,human,11.029761904761905,43.80268565759637,0.23255813953462617,1.39633129516398,0.0,0.11309523809456491,0.3869047619024589
122,human,9.158415841584159,52.07391432212528,0.21991701244767653,1.4004352557127313,0.25742574257170864,0.2673267326706205,0.3168316831651799
122,human,10.3,47.07666666666666,0.25443786982173244,1.446843853820598,0.0,0.11666666666472222,0.41666666665972224
122,human,9.330434782608696,69.10820415879017,0.2324723247228183,1.3499520613614573,0.0,0.13043478260756144,0.3391304347796597
123,human,7.379310344827586,14.614744351961951,0.22999999999885,1.2860576923076923,0.0,0.2413793103406659,0.5689655172315696
123,human,8.551020408163266,28.043315285297787,0.19540229884945173,1.2428940568475453,0.0,0.12244897958933779,0.6938775510062475
123,human,8.88,45.8256,0.21844660194068716,1.2877358490566038,0.0,0.6599999999868,0.5199999999896
123,human,9.325,45.68604166666666,0.25086505190268016,1.2944896115627822,0.33333333333055554,0.2333333333313889,0.2749999999977083
123,human,9.80952380952381,28.058956916099778,0.2613065326620035,1.3153846153846154,0.0,0.5476190476060091,0.4047619047522676
124,human,7.594594594594595,27.80861943024105,0.305785123964415,1.0342205323193916,0.0,0.18918918918407598,0.4594594594470417
124,human,9.923076923076923,31.455621301775146,0.29702970296735615,1.0238095238095237,0.0,0.11538461538017751,0.4999999999807692
124,human,11.166666666666666,28.694444444444443,0.344827586202933,1.04,0.0,0.0,0.6666666666296296
124,human,11.363636363636363,24.77685950413223,0.22807017543459526,1.0085470085470085,0.0,0.09090909090082644,0.2727272727024793
124,human,10.5625,38.62109375,0.21195652173797852,1.0537313432835822,0.0,0.03124999999902344,0.1562499999951172
125,human,8.5,38.65,0.29487179486801446,1.2638036809815951,0.0,0.1499999999925,0.2499999999875
125,human,9.866666666666667,56.38222222222223,0.2601626016239011,1.2753623188405796,0.0,0.19999999999333334,0.59999999998
125,human,12.551724137931034,67.17835909631393,0.24127906976674046,1.31524926686217,0.0,0.2931034482708086,0.5689655172315696
125,human,15.26923076923077,99.5044378698225,0.24401913875481332,1.524547803617571,0.0,0.0,0.3461538461405325
125,human,15.659574468085106,193.28836577636943,0.15441176470550388,1.2771739130434783,1.2340425531652333,0.12765957446536896,0.3617021276518787
126,human,12.11111111111111,103.98765432098764,0.3333333333306878,1.4403669724770642,0.22222222220987653,0.05555555555246913,0.1666666666574074
126,human,12.649122807017545,127.52600800246229,0.2038567493107332,1.2727272727272727,0.0,0.35087719297630043,0.3333333333274854
126,human,8.772727272727273,26.76652892561983,0.16842105263069254,1.3105263157894738,0.8181818181632232,0.0909090909070248,0.4772727272618802
126,human,10.886363636363637,49.05526859504132,0.25847457627009124,1.3549060542797495,0.6363636363491736,0.0681818181802686,0.5454545454421488
126,human,14.727272727272727,85.19834710743801,0.17222222222126543,1.3975155279503106,0.7272727272396694,0.2272727272623967,0.272727272714876
127,human,16.176470588235293,116.61591695501728,0.19463087248191524,1.3503649635036497,0.0,0.235294117633218,0.41176470585813146
127,human,11.031746031746032,42.316452506928684,0.18181818181764864,1.436231884057971,0.0,0.09523809523658353,0.5079365079284455
127,human,12.5,21.05,0.22727272727143596,1.3581267217630855,0.0,0.0,0.49999999998333333
127,human,15.0,79.76470588235294,0.23308270676516482,1.376984126984127,0.0,0.0588235294083045,0.2941176470415225
127,human,18.113636363636363,123.19163223140495,0.23631840795961115,1.3751568381430364,0.0,0.0227272727267562,0.3181818181745868
128,human,10.926829268292684,49.531231409875076,0.34848484848308847,1.2941176470588236,0.0,0.41463414633135043,0.3902439024295063
128,human,7.08,26.4736,0.3086419753067368,1.3769470404984423,0.0,0.37999999999240003,0.3599999999928
128,human,12.5,68.9342105263158,0.3364928909936659,1.3621867881548975,0.0,0.15789473683795016,0.5526315789328256
128,human,8.0,13.0,0.35294117646366785,1.2242990654205608,0.0,0.07142857142346938,0.2857142856938775
128,human,11.75,64.6875,0.39062499999389644,1.3065693430656935,0.0,0.24999999997916666,0.49999999995833333
129,human,21.5,47.61363636363637,0.2995780590704659,1.4245689655172413,0.0,0.0,0.18181818180991735
129,human,15.25,44.9375,0.29230769230319525,1.2627118644067796,0.0,0.0,0.24999999996875
129,human,15.0,10.222222222222221,0.28947368420671743,1.5,0.0,0.0,0.11111111109876542
129,human,14.851851851851851,84.64471879286693,0.311557788943158,1.296875,0.0,0.25925925924965704,0.5185185184993141
129,human,25.571428571428573,139.81632653061223,0.3478260869546314,1.4046242774566473,0.0,0.07142857142346938,0.0
130,human,8.908163265306122,47.63442315701791,0.305555555554784,1.3226190476190476,0.0,0.010204081632548937,0.4285714285670554
130,human,16.926829268292682,200.84830458060682,0.30136986301266655,1.2786647314949202,0.0,0.170731707312909,0.5365853658405711
130,human,7.896551724137931,27.81688466111771,0.2980392156851057,1.192488262910798,0.0,0.229885057468622,0.7816091953933149
130,human,8.955223880597014,18.192024949877478,0.4262948207154331,1.2416225749559082,0.0,0.07462686567052795,0.582089552230118
130,human,12.088888888888889,73.23654320987654,0.2906976744174779,1.3434535104364327,0.0,0.19999999999555557,0.5333333333214815
131,human,17.564102564102566,118.96383957922419,0.196825396824772,1.2884615384615385,0.0,0.1282051282018409,0.5897435897284682
131,human,14.0,43.68,0.2599999999982667,1.2886904761904763,0.0,0.0799999999968,0.5199999999792
131,human,16.85483870967742,94.34989594172735,0.2605633802810785,1.2741116751269035,0.0,0.12903225806243498,0.5967741935387617
131,human,10.80952380952381,33.67800453514739,0.22549019607622067,1.4017857142857142,0.0,0.04761904761678005,0.6190476190181405
131,human,20.75,21.4375,0.26249999999671875,1.3132530120481927,0.0,0.0,0.624999999921875
132,human,15.566265060240964,127.49862098998402,0.21601208459181873,1.42601246105919,0.7349397590272898,0.39759036144099286,0.40963855421193207
132,human,8.1,46.52636363636364,0.24669603524174738,1.3767605633802817,0.0,0.39090909090553716,0.2999999999972727
132,human,16.46153846153846,12.248520710059172,0.20754716980936275,1.3896713615023475,0.0,0.15384615383431952,0.30769230766863903
132,human,10.857142857142858,39.074829931972786,0.2210526315766205,1.163716814159292,0.0,0.0952380952335601,0.7619047618684808
132,human,10.588888888888889,24.17543209876543,0.3366336633655034,1.320945945945946,0.0,0.13333333333185185,0.5999999999933333
133,human,14.147058823529411,44.7136678200692,0.15510204081569348,1.3418259023354564,0.0,0.11764705882006922,0.4117647058702423
133,human,9.36734693877551,29.497709287796756,0.271794871793478,1.2766439909297052,0.0,0.12244897958933779,0.7142857142711371
133,human,10.222222222222221,52.0246913580247,0.1842105263141736,1.2307692307692308,0.0,0.18518518517832647,0.8148148147846365
133,human,11.76,26.022399999999998,0.3124999999980469,1.304029304029304,0.0,0.0399999999984,0.4799999999808
133,human,12.555555555555555,41.91358024691358,0.29464285714022637,1.3766816143497758,0.0,0.05555555555246913,0.44444444441975306
134,human,14.75,35.854166666666664,0.3225806451578217,1.5568181818181819,0.0,0.0,0.33333333330555553
134,human,15.681818181818182,58.17148760330577,0.2592592592584591,1.2454545454545454,0.0,0.227272727267562,0.3636363636280992
134,human,14.744186046511627,40.05083829096809,0.20820189274382273,1.3238546603475514,0.04651162790589508,0.02325581395294754,0.32558139534126557
134,human,13.241379310344827,121.49346016646848,0.19791666666563587,1.4092140921409213,0.0,0.13793103447800237,0.27586206895600474
134,human,10.65,35.927499999999995,0.17592592592429698,1.4647887323943662,0.499999999975,0.0499999999975,0.2499999999875
135,human,8.330769230769231,30.005976331360944,0.2448512585806754,1.2908560311284047,0.0,0.09230769230698226,0.6923076923023669
135,human,13.857142857142858,63.74149659863945,0.20512820512754767,1.4102112676056338,0.0,0.16666666666269842,0.2619047618985261
135,human,12.969696969696969,47.2415059687787,0.3195266272170442,1.2444444444444445,0.0,0.0,0.6060606060422407
135,human,15.923076923076923,65.76331360946746,0.32663316582750435,1.337468982630273,0.0,0.038461538460059175,0.5769230769008876
135,human,11.58904109589041,51.296866203790586,0.26489226869421434,1.2784338098197638,0.0,0.08219178082135485,0.520547945201914
136,human,7.5625,18.49609375,0.3207547169750801,1.2564102564102564,0.0,0.0,0.49999999996875
136,human,5.0,8.75,0.3174603174552784,1.3421052631578947,0.0,0.0,0.12499999999479167
136,human,15.137931034482758,104.87752675386443,0.21999999999890002,1.2222222222222223,0.0,0.20689655171700358,0.7931034482485136
136,human,17.689320388349515,141.3792063342445,0.25057736720525337,1.3618266978922717,0.0,0.01941747572796682,0.4854368931991705
136,human,17.29090909090909,206.78809917355377,0.23181818181765496,1.3344556677890012,0.0,0.09090909090743803,0.6181818181705786
137,human,11.96875,23.8427734375,0.21857923497148318,1.3315508021390374,0.06249999999804688,0.0,0.7187499999775392
137,human,10.10344827586207,37.1961950059453,0.27480916030429464,1.2935153583617747,0.27586206896076104,0.03448275862009513,0.8103448275722355
137,human,12.142857142857142,55.06530612244897,0.26221079691449306,1.2521419828641371,0.0,0.07142857142755102,0.4571428571363265
137,human,12.6,37.339999999999996,0.19402985074482068,1.2793522267206479,0.0,0.099999999995,0.3499999999825
137,human,16.875,113.359375,0.12121212121028466,1.451851851851852,0.0,0.124999999984375,0.0
138,human,8.725,50.099374999999995,0.2142857142845369,1.3470588235294119,0.0,0.79999999998,0.22499999999437503
138,human,12.65,150.62750000000003,0.24786324786112937,1.3551020408163266,0.0,0.9499999999525,0.39999999998
138,human,14.104166666666666,53.134982638888886,0.2662889518406054,1.5366218236173392,0.0,0.10416666666449653,0.22916666666189237
138,human,12.714285714285714,113.26530612244898,0.21893491124195583,1.3135048231511255,0.36734693876801333,0.06122448979466889,0.2653061224435652
138,human,14.785714285714286,106.12074829931973,0.21656050955345046,1.3514851485148516,0.0,0.09523809523582767,0.30952380951643993
139,human,7.648148148148148,25.191015089163237,0.12931034482702883,1.4640198511166254,0.0,0.37037037036351167,0.222222222218107
139,human,14.0,57.05882352941177,0.2764227642265186,1.490280777537797,0.0,0.17647058823010384,0.23529411764013844
139,human,13.333333333333334,114.44444444444444,0.30645161289828304,1.358974358974359,0.0,0.22222222219753085,0.3333333332962963
139,human,18.2,64.02666666666667,0.2434210526299775,1.5018726591760299,0.0,0.0,0.3333333333111111
139,human,14.112676056338028,91.45209283872246,0.2457627118638861,1.3995656894679696,0.0,0.22535211267288235,0.3661971830934338
140,human,11.985507246376812,23.202688510817058,0.2784503631954517,1.365792759051186,0.0,0.014492753622978366,0.34782608695148076
140,human,12.479166666666666,32.916232638888886,0.21799307958402078,1.3659359190556493,0.0,0.0,0.45833333332378473
140,human,13.846153846153847,39.91479289940828,0.25840336134399494,1.3970420932878271,0.0,0.06153846153751479,0.27692307691881657
140,human,16.91588785046729,127.53498122106734,0.2730455075842788,1.3495934959349594,0.0,0.2616822429882086,0.457943925229365
140,human,14.107142857142858,135.23852040816328,0.16176470588155997,1.2924281984334203,0.0,0.10714285713903061,0.4642857142691327
141,human,16.526315789473685,137.5124653739612,0.295081967210696,1.3129032258064517,0.0,0.31578947366759,0.3684210526121884
141,human,9.198630136986301,41.62492963032463,0.22294022617088377,1.2738367658276124,0.0,0.23972602739561832,0.4863013698596829
141,human,13.217391304347826,91.3875236294896,0.2627737226258192,1.3231292517006803,0.0,0.0,0.47826086954442343
141,human,8.537190082644628,26.546137558909912,0.26422764227588574,1.388,0.0,0.16528925619698107,0.4297520661121508
141,human,10.228571428571428,41.71918367346939,0.23241590213996205,1.300578034682081,0.0,0.3142857142812245,0.5714285714204081
142,human,26.428571428571427,299.9591836734694,0.3258426966255523,1.2189349112426036,0.0,0.1428571428367347,0.4285714285102041
142,human,9.857142857142858,16.8843537414966,0.27731092436741756,1.4685990338164252,0.0,0.04761904761678005,0.04761904761678005
142,human,26.444444444444443,264.91358024691357,0.31782945736187734,1.2393162393162394,0.0,0.0,0.11111111109876542
142,human,41.666666666666664,1340.2222222222222,0.2077922077895092,1.368,0.0,0.0,0.0
142,human,28.8,250.95999999999998,0.21917808218877838,1.3309859154929577,0.0,0.19999999996,0.0
143,human,9.506666666666666,43.31662222222222,0.20777279521643083,1.3525594808940158,0.0,0.2933333333313778,0.6066666666626223
143,human,15.545454545454545,115.70247933884298,0.24107142857035238,1.27,0.0,0.0,0.6969696969485768
143,human,14.184615384615384,58.58130177514793,0.27437641723293793,1.3904555314533622,0.0,0.09230769230627218,0.41538461537822485
143,human,12.030303030303031,80.63544536271809,0.2270531400955215,1.376590330788804,0.0,0.06060606060422406,0.6666666666464647
143,human,70.33333333333333,328.22222222222223,0.30526315789152353,1.3476190476190477,0.0,0.0,0.6666666664444444
144,human,19.029411764705884,86.6756055363322,0.2629969418952202,1.528301886792453,0.0,0.0,0.4117647058702423
144,human,14.804878048780488,79.76680547293277,0.2781456953633174,1.5442404006677797,0.0,0.170731707312909,0.2926829268221297
144,human,11.53191489361702,56.972385694884565,0.31182795698812965,1.3062730627306274,0.04255319148845632,0.17021276595382528,0.19148936169805345
144,human,13.30232558139535,75.09464575446188,0.3254237288124562,1.4618117229129663,0.0,0.09302325581179016,0.2325581395294754
144,human,10.92,45.433600000000006,0.2474226804115209,1.5018450184501846,0.0,0.0399999999992,0.299999999994
145,human,36.625,648.984375,0.175999999998592,1.250936329588015,0.0,1.4999999998125,0.24999999996875
145,human,11.859649122807017,97.73468759618343,0.26595744680756755,1.3048211508553655,0.0,0.17543859648815022,0.6315789473573408
145,human,9.962264150943396,52.90423638305446,0.275362318839582,1.330708661417323,0.0,0.20754716980740479,0.6603773584781061
145,human,13.261682242990654,107.55769062800245,0.30459770114898765,1.4356005788712012,0.0,0.16822429906384836,0.29906542055795265
145,human,11.357142857142858,58.75340136054422,0.2599704579021271,1.254945054945055,0.5555555555511463,0.14285714285600906,0.20634920634756865
146,human,16.555555555555557,144.91358024691357,0.30487804877676977,1.3424657534246576,0.0,0.0,0.5555555554938272
146,human,16.944444444444443,46.16358024691359,0.2597402597385731,1.4295081967213115,0.0,0.0,0.22222222220987653
146,human,14.071428571428571,42.63775510204082,0.288888888885679,1.2756756756756757,0.0,0.0,0.7142857142346939
146,human,10.928571428571429,25.137755102040817,0.20833333333188658,1.4205298013245033,0.0,0.0,0.5357142856951531
146,human,14.806451612903226,68.28511966701352,0.21645021644927945,1.4354485776805253,0.0,0.0,0.5161290322414152
147,human,19.166666666666668,80.47222222222221,0.23214285713871174,1.4414414414414414,0.0,0.0,0.33333333327777775
147,human,12.652173913043478,52.748582230623825,0.23448275861907256,1.3402061855670102,0.17391304347069944,0.0,0.39130434780907375
147,human,10.91304347826087,40.86200378071834,0.2611940298487971,1.254980079681275,0.0,0.08695652173534972,0.3478260869413989
147,human,22.714285714285715,103.06122448979593,0.26666666666562094,1.3676470588235294,0.0,0.0952380952335601,0.28571428570068025
147,human,12.390243902439025,56.82331945270672,0.2124999999991146,1.3552894211576847,0.0,0.0,0.7073170731534801
148,human,10.216666666666667,55.03638888888889,0.2508090614882673,1.3064913722267872,0.2583333333311805,0.15833333333201388,0.524999999995625
148,human,16.738095238095237,155.90759637188208,0.3047945205469014,1.2404129793510323,0.0,0.023809523808956918,0.3809523809433107
148,human,44.0,1964.6666666666667,0.28787878787442606,1.2748091603053435,0.0,0.0,0.3333333332222222
148,human,9.4,50.14000000000001,0.2291666666642795,1.3636363636363635,0.0,0.0,0.5499999999725
148,human,14.736842105263158,65.8781163434903,0.2434210526299775,1.332142857142857,0.0,0.157894736833795,0.5263157894459833
149,human,17.875,652.109375,0.24358974358662064,1.3617021276595744,0.0,0.24999999996875,0.374999999953125
149,human,12.256410256410257,73.57527942143327,0.24774774774663177,1.3397435897435896,0.0,0.1538461538422091,0.6666666666495727
149,human,12.666666666666666,69.1388888888889,0.2922535211257315,1.2823529411764707,0.0,0.16666666666319446,0.6041666666540799
149,human,7.896103896103896,32.326867937257546,0.2424242424234262,1.2767710049423393,0.6493506493422162,0.5324675324606173,0.4935064935000843
149,human,8.070422535211268,22.37532235667527,0.28294573643301185,1.2976406533575318,0.0,0.2112676056308272,0.33802816900932353
150,human,12.333333333333334,36.6031746031746,0.2916666666653164,1.2244897959183674,0.0,0.2619047618985261,0.6666666666507937
150,human,7.514285714285714,30.021224489795916,0.31092436974528637,1.3493975903614457,0.0,0.5142857142710204,0.3714285714179592
150,human,10.117647058823529,68.16262975778545,0.3096774193528408,1.25,0.0,0.38235294116522495,0.6176470588053634
150,human,20.1,150.42333333333332,0.29213483145958,1.33616298811545,0.0,0.09999999999666667,0.6666666666444444
150,human,10.80952380952381,55.24943310657597,0.30357142857007335,1.2834467120181405,0.0,0.33333333332539683,0.3571428571343538
151,human,6.476190476190476,22.24943310657596,0.34782608695148076,1.3805970149253732,0.0,0.0,0.42857142855102043
151,human,11.0,26.833333333333332,0.35714285713647964,1.3700787401574803,0.0,0.16666666665277777,0.6666666666111111
151,human,6.828125,38.642333984375,0.20971302428209776,1.3271028037383177,0.0,0.09374999999926759,0.2031249999984131
151,human,9.857142857142858,22.217687074829932,0.3111111111076543,1.2525773195876289,0.0,0.3809523809342404,0.5714285714013605
151,human,22.90909090909091,71.53719008264461,0.17293233082576745,1.3293650793650793,0.09090909090082644,0.36363636360330576,0.2727272727024793
152,human,14.0,15.555555555555555,0.2985074626821118,1.2704918032786885,0.0,0.0,0.4444444443950617
152,human,21.11111111111111,12.098765432098766,0.1199999999988,1.379120879120879,0.0,0.0,0.22222222219753085
152,human,15.0,298.3636363636364,0.21176470587986157,1.3312883435582823,0.0,0.09090909090082644,0.36363636360330576
152,human,15.0,66.0,0.24590163934023113,1.5142857142857142,0.0,0.0,0.2857142856734694
152,human,5.947368421052632,14.891966759002772,0.12068965517033295,1.2252252252252251,0.0,0.052631578944598335,0.21052631577839334
153,human,16.454545454545453,73.15702479338843,0.16494845360654692,1.4333333333333333,0.0,0.36363636360330576,0.2727272727024793
153,human,8.090909090909092,30.809917355371905,0.21874999999829103,1.3667953667953667,0.0,0.0,0.5151515151359045
153,human,8.48,30.0096,0.2616822429882086,1.180094786729858,0.0799999999968,0.0399999999984,0.6799999999728
153,human,12.52,53.60959999999999,0.16149068322881063,1.329073482428115,0.2399999999904,0.0799999999968,0.6799999999728
153,human,10.292134831460674,49.083196566090145,0.3062200956930473,1.331807780320366,0.0,0.21348314606501703,0.5056179775224088
154,human,10.081632653061224,42.72802998750521,0.30630630630492656,1.3123689727463312,0.0,0.10204081632444816,0.5714285714169096
154,human,15.461538461538462,86.52544378698224,0.2429149797565933,1.2878486055776892,0.0,0.3230769230719526,0.5384615384532544
154,human,11.41025641025641,76.54963839579224,0.2843137254897315,1.3164750957854405,0.0,0.29059829059580683,0.44444444444064574
154,human,13.984615384615385,55.27668639053255,0.3266832917697589,1.3026166097838452,0.0,0.06153846153751479,0.507692307684497
154,human,9.883720930232558,55.474851270957274,0.2864321608033004,1.2617924528301887,0.6976744185965387,0.20930232557896158,0.5813953488304489
155,human,10.185714285714285,42.55122448979593,0.16870415647880513,1.406827880512091,0.0,0.04285714285653061,0.18571428571163265
155,human,10.14516129032258,41.54344432882414,0.1769911504419558,1.3503184713375795,0.48387096773413113,0.30645161289828304,0.3225806451560874
155,human,18.044444444444444,247.598024691358,0.2339901477826749,1.3639846743295019,0.0,0.11111111110864198,0.37777777776938276
155,human,8.826086956521738,31.274102079395092,0.22666666666565927,1.3728395061728396,0.47826086955482044,0.1956521739087902,0.23913043477741022
155,human,13.058823529411764,26.878892733564015,0.1965811965795164,1.4136363636363636,0.0,0.0,0.588235294083045
156,human,12.475409836065573,52.905133028755714,0.30407523510876466,1.2623626373626373,0.0,0.16393442622682075,0.5737704917938726
156,human,13.32,86.6576,0.29787234042447563,1.3142857142857143,0.0,0.1599999999968,0.45999999999080005
156,human,10.580882352941176,76.22875216262977,0.24300441826179234,1.2637439109255393,0.36764705882082616,0.29411764705666094,0.39705882352649224
156,human,11.372093023255815,40.04759329367226,0.21031746031662574,1.4735729386892178,0.0,0.18604651162358032,0.2790697674353705
156,human,9.733333333333333,26.19555555555556,0.11842105263002077,1.2411347517730495,0.0,0.06666666666222222,0.2666666666488889
157,human,11.5,60.78846153846154,0.2844827586182372,1.2737226277372262,0.0,0.1538461538402367,0.42307692306065087
157,human,11.88888888888889,51.20987654320988,0.17543859648815022,1.3364485981308412,0.0,0.0,0.0
157,human,10.666666666666666,82.22222222222223,0.26315789473222534,1.2421875,0.0,0.0,0.49999999995833333
157,human,7.166666666666667,22.86111111111111,0.21495327102602846,1.2640692640692641,0.0,0.3333333333240741,0.6666666666481482
157,human,9.14018691588785,35.22333828281947,0.20798319327687398,1.238870792616721,0.0,0.5607476635461612,0.4018691588747489
158,human,9.825581395348838,49.353299080584115,0.28249999999929376,1.3341232227488151,0.511627906970795,0.05813953488304489,0.5465116279006219
158,human,14.191489361702128,52.4101403349932,0.24147727272658673,1.4187116564417177,0.0,0.17021276595382528,0.34042553190765057
158,human,16.20967741935484,69.23022892819978,0.23320158102720712,1.3041289023162135,0.0,0.08064516128902185,0.1129032258046306
158,human,7.6761904761904765,34.866575963718816,0.20757020756995412,1.346875,0.6190476190446712,0.27142857142727894,0.4142857142837415
158,human,12.621621621621621,27.74872169466764,0.17167381974175247,1.417558886509636,0.0,0.0,0.5135135134996348
159,human,12.083969465648854,60.35172775479284,0.2774647887320036,1.2664816099930605,0.0,0.30534351144805083,0.4274809160272712
159,human,8.142857142857142,34.92764378478664,0.2672955974834362,1.3747927031509122,0.0,0.1688311688289762,0.38961038960532973
159,human,9.767857142857142,36.678252551020414,0.2259414225931969,1.2811918063314711,0.0,0.10714285714094389,0.41071428570695157
159,human,16.27777777777778,192.97839506172838,0.2335766423340615,1.2473867595818815,0.0,0.1666666666574074,0.4999999999722222
159,human,12.73972602739726,112.79527115781573,0.24705882352883046,1.2906724511930585,0.027397260273597297,0.13698630136798648,0.5479452054719459
160,human,16.0,54.13333333333333,0.29464285714022637,1.3829787234042554,0.0,0.0,0.46666666663555556
160,human,10.764705882352942,36.70934256055363,0.29444444444280865,1.3495702005730659,0.0,0.5588235293953288,0.26470588234515574
160,human,19.11111111111111,79.87654320987654,0.2812499999970703,1.2732558139534884,0.22222222219753085,0.22222222219753085,0.5555555554938272
160,human,11.75,76.4375,0.2941176470553633,1.3798882681564246,0.0,0.0,0.3749999999765625
160,human,14.933333333333334,57.66222222222222,0.3027522935752041,1.3794642857142858,0.0,0.0,0.5333333332977778
161,human,7.684210526315789,19.005540166204984,0.18666666666542223,1.2920962199312716,0.7368421052437674,0.49999999998684214,0.342105263148892
161,human,13.080357142857142,76.16318558673468,0.2244604316543533,1.4312242090784044,0.0,0.06249999999944196,0.4999999999955357
161,human,17.974358974358974,80.33267587113743,0.24999999999918832,1.3815201192250373,0.0,0.05128205128073636,0.6666666666495727
161,human,17.666666666666668,87.02222222222223,0.19999999999929827,1.3913894324853229,0.0,0.09999999999666667,0.3666666666544444
161,human,13.107142857142858,51.452806122448976,0.2912087912071912,1.3315068493150686,0.0,0.0,0.5714285714081633
162,human,21.666666666666668,127.02222222222223,0.12426035502885054,1.4330218068535825,0.0,0.0,0.06666666666222222
162,human,9.705882352941176,20.089965397923873,0.2183908045951909,1.4606060606060607,0.0,0.0,0.352941176449827
162,human,15.169811320754716,183.34852260590958,0.20865139949056324,1.4372574385510997,0.0,0.11320754716767534,0.26415094339124245
162,human,19.875,72.859375,0.21052631578670358,1.3459119496855345,0.0,0.0,0.124999999984375
162,human,23.0625,55.30859375,0.2801932367136223,1.5494505494505495,0.0,0.0,0.249999999984375
163,human,10.971830985915492,62.590755802420155,0.2735294117639014,1.3482993197278912,0.0,0.2394366197149375,0.49295774647193014
163,human,6.973684210526316,11.02562326869806,0.26829268292464803,1.214574898785425,0.0,0.0,0.5263157894598338
163,human,7.560975609756097,26.97798929208804,0.30281690140631823,1.3466666666666667,0.0,0.1219512195092207,0.5365853658405711
163,human,15.785714285714286,84.04931972789116,0.2851985559561639,1.2934083601286173,0.0,0.07142857142772109,0.5119047618986677
163,human,13.361538461538462,103.27698224852071,0.2797927461136272,1.3660012099213552,0.0,0.2538461538442012,0.3923076923046746
164,human,19.846153846153847,176.66863905325442,0.2181069958838761,1.2347140039447733,0.0,0.038461538460059175,0.3846153846005917
164,human,19.375,40.921875,0.30434782608593863,1.3377265238879736,0.0,0.09374999999707033,0.43749999998632816
164,human,15.666666666666666,324.9629629629629,0.2088888888879605,1.458937198067633,0.0,0.18518518517832647,0.5185185184993141
164,human,13.43859649122807,62.45675592489997,0.27118644067720005,1.3625,0.0,0.03508771929763004,0.5614035087620807
164,human,13.064516129032258,67.02809573361081,0.2723004694822897,1.471604938271605,0.0,0.16129032257544224,0.290322580635796
165,human,19.772727272727273,118.35743801652892,0.1845238095227112,1.2922705314009661,0.0,0.09090909090495868,0.5909090908822314
165,human,13.670731707317072,62.75743604997026,0.25159914712099873,1.2847926267281107,0.0,0.06097560975535395,0.46341463414069006
165,human,18.125,61.109375,0.15517241379042807,1.295774647887324,0.0,0.124999999984375,0.624999999921875
165,human,14.73972602739726,44.028147870144494,0.26862745097986546,1.2946096654275092,0.054794520547194595,0.0,0.5890410958823419
165,human,15.44,121.3664,0.1446540880494047,1.3093333333333332,0.5599999999776,0.0,0.3599999999856
166,human,8.823529411764707,32.22376009227221,0.269058295962919,1.1495535714285714,0.6274509803798539,0.45098039214802005,0.37254901960053827
166,human,8.222222222222221,30.728395061728392,0.3684210526267313,1.1971830985915493,0.0,0.22222222220987653,0.38888888886728395
166,human,6.2,15.982222222222221,0.2666666666648889,1.2608695652173914,0.0,0.11111111110864198,0.42222222221283956
166,human,5.352941176470588,9.757785467128025,0.33695652173546786,1.2415730337078652,0.0,0.26470588234515574,0.3529411764602077
166,human,6.769230769230769,13.63905325443787,0.23749999999703125,1.188235294117647,0.0,0.11538461538017751,0.3846153846005917
167,human,12.225,67.424375,0.28571428571308527,1.314533622559653,0.0,0.17499999999562502,0.54999999998625
167,human,10.551724137931034,32.936979785969086,0.2281879194615558,1.3433333333333333,0.0,0.06896551723900118,0.4482758620535077
167,human,13.29,81.6059,0.2052067381313856,1.3674698795180722,0.1599999999984,0.21999999999779998,0.5099999999949
167,human,14.142857142857142,65.20181405895693,0.24390243902414238,1.3799772468714449,0.09523809523733938,0.11111111111022927,0.37301587301291256
167,human,15.198347107438016,121.59702206133461,0.29922992299197004,1.391304347826087,0.0,0.2561983471053207,0.4297520661121508
168,human,8.45,16.7475,0.42708333332888454,1.3609467455621302,0.0,0.1499999999925,0.299999999985
168,human,9.0,34.38461538461539,0.23966942148562256,1.3273542600896862,0.0,0.3076923076804734,0.46153846152071004
168,human,21.823529411764707,115.91003460207612,0.2617801047106713,1.4238227146814404,0.0,0.0588235294083045,0.352941176449827
168,human,11.979166666666666,36.603732638888886,0.3260869565205577,1.3780918727915195,0.0,0.062499999998697923,0.4999999999895834
168,human,12.787878787878787,175.9853076216712,0.35426008968451006,1.4240963855421687,0.0,0.0,0.33333333332323234
169,human,10.037383177570094,70.55935016158618,0.25678496868422385,1.2677702044790653,0.0,0.10280373831679622,0.5046728971915451
169,human,16.523809523809526,44.63038548752835,0.24137931034344037,1.4106583072100314,0.0,0.0,0.5238095237845805
169,human,18.74074074074074,94.11796982167353,0.28384279475858587,1.2966804979253113,0.0,0.0,0.5555555555349794
169,human,13.214285714285714,47.02551020408163,0.379746835438231,1.3103448275862069,0.0,0.0,0.571428571387755
169,human,13.0,49.583333333333336,0.24836601307027215,1.3914473684210527,0.0,0.0833333333298611,0.4166666666493056
170,human,39.5,736.25,0.295454545451188,1.2658227848101267,0.0,0.2499999999375,0.0
170,human,6.84,18.3744,0.27956989247011216,1.548780487804878,0.0,0.3199999999872,0.2799999999888
170,human,19.727272727272727,52.01652892561984,0.2736842105234349,1.4325581395348836,0.0,0.0,0.36363636360330576
170,human,19.41176470588235,57.88927335640139,0.15846994535432532,1.4228395061728396,0.0,0.0,0.0
170,human,13.5,43.333333333333336,0.22777777777651237,1.6175548589341693,0.0,0.0,0.12499999999479167
171,human,12.307692307692308,87.67455621301777,0.22222222222098767,1.410828025477707,0.0,0.3076923076804734,0.2692307692204142
171,human,14.513513513513514,94.19576333089846,0.11475409836018544,1.3507462686567164,0.0,0.054054054052593135,0.5135135134996348
171,human,12.714285714285714,125.5612244897959,0.29347826086797024,1.4767441860465116,0.0,0.14285714285204082,0.32142857141709186
171,human,11.090909090909092,43.96143250688704,0.19999999999948054,1.4371584699453552,0.39393939393342514,0.13636363636157023,0.37878787878213954
171,human,10.0,39.111111111111114,0.3511904761883858,1.4376811594202898,0.0,0.13888888888503087,0.24999999999305558
172,human,15.6,63.64,0.30666666666257775,1.396103896103896,0.0,0.0,0.69999999993
172,human,17.714285714285715,71.74693877551022,0.14159292035356463,1.3973727422003284,0.0,0.14285714285306123,0.39999999998857144
172,human,12.357142857142858,89.2295918367347,0.2941176470553633,1.3254437869822486,0.0,0.07142857142346938,0.4285714285408163
172,human,15.733333333333333,66.72888888888887,0.22222222222032287,1.2739130434782608,0.0,0.13333333332444444,0.46666666663555556
172,human,19.266666666666666,110.3288888888889,0.23577235772166039,1.4175438596491228,0.0,0.13333333332444444,0.6666666666222222
173,human,14.5,168.75,0.25423728813128416,1.4766355140186915,0.0,0.24999999996875,0.4999999999375
173,human,16.0,79.57142857142857,0.3177570093428247,1.3271028037383177,0.0,0.0,0.6428571428112245
173,human,14.523809523809524,104.63038548752833,0.315068493148527,1.3614035087719298,0.0,0.1904761904671202,0.5714285714013605
173,human,15.727272727272727,70.74380165289257,0.36486486485993425,1.4634146341463414,0.0,0.18181818180165288,0.7272727272066115
173,human,15.928571428571429,58.06632653061225,0.32727272726975204,1.3636363636363635,0.0,0.14285714284693876,0.35714285711734695
174,human,9.340909090909092,61.31559917355371,0.22222222222098767,1.346633416458853,0.0,0.1590909090872934,0.2045454545408058
174,human,13.208333333333334,63.373263888888886,0.24573378839506577,1.3213703099510603,0.0,0.41666666665798613,0.4999999999895834
174,human,13.372093023255815,125.67550027041645,0.35185185185054874,1.3508137432188065,0.0,0.18604651162358032,0.2325581395294754
174,human,17.27777777777778,130.75617283950615,0.328467153282274,1.3597359735973598,0.6666666666296296,0.11111111110493826,0.5555555555246914
174,human,10.5,57.95,0.26288659793678926,1.4038461538461537,0.14999999999625002,0.199999999995,0.24999999999375003
175,human,7.190476190476191,15.678004535147393,0.19444444444174383,1.2702702702702702,0.0,0.14285714285034012,0.5238095237845805
175,human,11.733333333333333,216.46222222222215,0.2830188679218583,1.469387755102041,0.0,0.19999999998666668,0.13333333332444444
175,human,11.415584415584416,67.24287400910778,0.27664670658649504,1.3818393480791618,0.0,0.15584415584314387,0.4090909090882527
175,human,6.896551724137931,49.196195005945306,0.2272727272701446,1.2417582417582418,0.0,0.13793103447800237,0.31034482757550536
175,human,8.066666666666666,62.39555555555556,0.24999999999895833,1.3418803418803418,0.0,0.21666666666305556,0.5499999999908334
176,human,10.464285714285714,61.39158163265306,0.34810126582058165,1.3614035087719298,0.0,0.10714285713903061,0.32142857141709186
176,human,8.928571428571429,44.28061224489795,0.12698412698311917,1.3319148936170213,0.0,0.178571428565051,0.6428571428341837
176,human,20.75,566.4375,0.2957746478831581,1.4578313253012047,0.0,0.374999999953125,0.374999999953125
176,human,11.903225806451612,219.18418314255982,0.35393258426866875,1.3663793103448276,0.0,0.37096774192950055,0.3870967741873049
176,human,12.378787878787879,89.23530762167124,0.2656641604003367,1.3855109961190168,0.0,0.12121212121028466,0.5303030302949954
177,human,13.727272727272727,75.92561983471074,0.2499999999983553,1.3774834437086092,0.0,0.272727272714876,0.18181818180991735
177,human,12.25,78.55113636363636,0.2738589211606894,1.3384912959381043,0.0,0.2499999999943182,0.454545454535124
177,human,13.629032258064516,76.00754422476588,0.23056300268034702,1.2921348314606742,0.0,0.25806451612486997,0.435483870960718
177,human,9.956521739130435,59.60680529300567,0.25714285714040813,1.290909090909091,0.0,0.17391304347069944,0.6956521738827978
177,human,7.853658536585366,21.149315883402735,0.23076923076761702,1.1580756013745706,0.0,0.5853658536442594,0.5609756097424152
178,human,9.258064516129032,38.44953173777316,0.2777777777758488,1.4657039711191335,0.0,0.0645161290301769,0.3548387096659729
178,human,8.935779816513762,48.73899503408804,0.30829015543961585,1.3194748358862145,0.0,0.41284403669346015,0.5045871559586735
178,human,15.125,50.109375,0.29090909090732786,1.4238227146814404,0.0,0.2916666666545139,0.6249999999739584
178,human,15.0625,52.30859375,0.407999999996736,1.4564315352697095,0.0,0.1249999999921875,0.31249999998046873
178,human,8.380952380952381,41.66439909297052,0.2595419847318338,1.384313725490196,0.0,0.09523809523658353,0.47619047618291765
179,human,23.09090909090909,114.26446280991735,0.178861788616432,1.443089430894309,0.0,0.0,0.5454545454049586
179,human,12.25287356321839,138.11996300700227,0.21980198019758457,1.3695014662756597,0.0,0.4367816091903818,0.3103448275826397
179,human,11.457142857142857,36.991020408163266,0.23645320196927858,1.4209183673469388,0.0,0.028571428570612248,0.31428571427673474
179,human,10.676470588235293,69.57179930795849,0.20398009950147275,1.4155124653739612,0.23529411764013844,0.23529411764013844,0.44117647057525955
179,human,17.44736842105263,106.0893351800554,0.22641509433891066,1.4041204437400951,0.0,0.4210526315678671,0.3684210526218837
180,human,6.409090909090909,19.514462809917358,0.24460431654500286,1.437956204379562,0.0,0.454545454535124,0.2499999999943182
180,human,8.166666666666666,22.805555555555554,0.3999999999955555,1.3842105263157896,0.0,0.0833333333298611,0.6249999999739584
180,human,8.0,22.842105263157894,0.1219512195107079,1.475177304964539,0.0,0.21052631577839334,0.47368421050138504
180,human,11.411764705882353,89.06574394463668,0.4827586206841062,1.3275862068965518,0.0,0.0588235294083045,0.5294117646747405
180,human,13.928571428571429,50.63775510204082,0.3267326732640917,1.3541666666666667,0.0,0.07142857142346938,0.4285714285408163
181,human,19.40740740740741,110.53772290809327,0.29083665338529546,1.3831041257367387,0.0,0.0,0.37037037035665293
181,human,10.54054054054054,45.545653761869964,0.22564102563986851,1.361256544502618,0.0,0.21621621621037254,0.4594594594470417
181,human,10.695652173913043,38.211720226843106,0.2642276422753487,1.282520325203252,0.0,0.1956521739087902,0.3913043478175804
181,human,11.88,26.745599999999996,0.19097222222155913,1.3175675675675675,0.0,0.0199999999996,0.2599999999948
181,human,20.13888888888889,132.17515432098764,0.22256097560907756,1.3508522727272727,0.0,0.027777777777006175,0.3888888888780865
182,human,8.62962962962963,39.122085048010966,0.3099999999969,1.309090909090909,0.0,0.18518518517832647,0.5185185184993141
182,human,7.111111111111111,6.765432098765433,0.1578947368393352,1.1932773109243697,0.0,0.22222222220987653,0.6111111110771605
182,human,16.21818181818182,74.60694214876034,0.2674999999993313,1.2900232018561484,0.0,0.07272727272595042,0.5818181818076034
182,human,9.08,22.633599999999998,0.2234042553167723,1.272300469483568,0.0,0.0,0.6399999999744
182,human,15.142857142857142,100.6938775510204,0.22222222221997753,1.2864077669902914,0.0,0.07142857142346938,0.7857142856581633
183,human,21.714285714285715,139.82312925170066,0.3392070484566555,1.3808463251670378,0.0,0.0,0.23809523808390023
183,human,9.090909090909092,39.29476584022038,0.19047619047489472,1.2925170068027212,0.0,0.1818181818126722,0.3939393939274564
183,human,15.357142857142858,67.80102040816327,0.14432989690572856,1.2488262910798122,0.0,0.0,0.35714285711734695
183,human,15.05,47.447500000000005,0.24647887323770087,1.4186851211072664,0.0,0.099999999995,0.39999999998
183,human,12.0,31.866666666666667,0.21951219511927422,1.304093567251462,0.0,0.39999999997333335,0.2666666666488889
184,human,20.095238095238095,72.46712018140589,0.2202380952367843,1.4371980676328502,0.0,0.14285714285034012,0.3333333333174603
184,human,10.35593220338983,45.28009192760701,0.23049645389989187,1.3300492610837438,0.5423728813467394,0.25423728813128416,0.33898305084171215
184,human,7.681818181818182,23.398760330578508,0.22509225092167864,1.288659793814433,0.0,0.22727272726928374,0.28787878787442606
184,human,8.17910447761194,56.206727556248616,0.2361111111102913,1.4230769230769231,1.462686567142348,0.2985074626821118,0.32835820895032297
184,human,7.958333333333333,23.93576388888889,0.23180592991851265,1.309065934065934,0.0,0.2291666666642795,0.3020833333301866
185,human,16.41304347826087,86.546786389414,0.2898089171965293,1.3583333333333334,0.0,0.06521739130293006,0.4999999999891305
185,human,10.159090909090908,25.179235537190085,0.26767676767541576,1.3830275229357798,0.0,0.0909090909070248,0.7727272727097108
185,human,10.223021582733812,36.89270741680036,0.2475386779180766,1.2730471498944405,0.3884892086302987,0.0719424460426479,0.5323741007155944
185,human,11.2,119.49333333333333,0.4155844155790184,1.353658536585366,0.0,0.9999999999333333,0.46666666663555556
185,human,9.883720930232558,49.21903731746891,0.264999999998675,1.3471882640586796,0.0,0.13953488371768524,0.5348837209177935
186,human,19.642857142857142,62.15816326530613,0.23310810810732058,1.618348623853211,0.0,0.0,0.21428571427806123
186,human,8.725806451612904,41.23126951092611,0.20350877192911052,1.4049904030710172,0.0,0.29032258064047867,0.09677419354682623
186,human,12.618181818181819,54.85421487603307,0.22570532915289748,1.3533834586466165,0.0,0.10909090908892563,0.5454545454446281
186,human,29.0,52.5,0.19696969696671257,1.4196428571428572,0.0,0.0,0.0
187,human,14.11111111111111,46.20987654320987,0.2545454545445289,1.358,0.3333333333240741,0.1111111111080247,0.3888888888780865
187,human,18.137931034482758,133.84304399524376,0.2472727272718281,1.5456310679611651,0.0,0.03448275861950059,0.27586206895600474
187,human,29.6,49.839999999999996,0.2957746478831581,1.3617021276595744,0.79999999984,0.39999999992,0.39999999992
187,human,9.686274509803921,52.25451749327181,0.2817460317449137,1.3731958762886598,0.0,0.19607843136870437,0.4901960784217609
187,human,10.382352941176471,72.11851211072664,0.27976190476023954,1.3940298507462687,0.0,0.4117647058702423,0.3529411764602077
188,human,20.304347826086957,279.60302457466923,0.2652173913031947,1.3361884368308352,0.0,0.39130434780907375,0.47826086954442343
188,human,11.05,62.6475,0.24999999999739583,1.3424657534246576,0.0,0.0499999999975,0.5499999999725
188,human,16.071428571428573,50.63775510204082,0.21052631578762696,1.4823008849557522,0.0,0.0,0.4285714285408163
188,human,8.303030303030303,38.75665748393021,0.31851851851615914,1.4851851851851852,0.0,0.0909090909063361,0.4545454545316805
188,human,10.928571428571429,51.29489795918368,0.28010471204115156,1.480263157894737,0.0,0.028571428571020407,0.4142857142797959
189,human,11.322033898305085,70.45561620224073,0.21140939597244493,1.2621359223300972,0.0,0.08474576271042804,0.5423728813467394
189,human,15.366666666666667,75.76555555555555,0.3798076923058663,1.327790973871734,0.0,0.89999999997,0.59999999998
189,human,10.428571428571429,26.244897959183675,0.23809523809145883,1.318840579710145,0.14285714284693876,0.21428571427040816,0.35714285711734695
189,human,10.849056603773585,37.97721609113564,0.17870722433392128,1.2380952380952381,0.6037735848942685,0.1886792452794589,0.43396226414275546
189,human,10.931818181818182,102.7453512396694,0.2488687782794169,1.3013392857142858,0.0,0.4318181818083678,0.4999999999886364
190,human,24.846153846153847,254.74556213017746,0.2298136645948459,1.416403785488959,0.0,0.8461538460887574,0.4615384615029586
190,human,14.857142857142858,56.26530612244898,0.2376237623738849,1.5,0.0,0.21428571427040816,0.4285714285408163
190,human,12.722222222222221,105.42283950617283,0.1559633027508627,1.5360360360360361,0.0,0.3333333333148148,0.4999999999722222
190,human,11.569230769230769,72.15289940828401,0.23622047244032487,1.452316076294278,0.36923076922508874,0.24615384615005917,0.30769230768757394
190,human,17.846153846153847,212.97633136094674,0.23015873015781685,1.4366515837104072,0.0,0.0,0.07692307692011835
191,human,13.583333333333334,168.57638888888886,0.21739130434546314,1.371069182389937,0.0,0.16666666665277777,0.49999999995833333
191,human,20.11764705882353,113.33910034602077,0.2681388012609838,1.4410029498525074,0.0,0.0,0.5294117646903115
191,human,10.850746268656716,45.05235018935175,0.317142857141951,1.3579387186629526,0.10447761193873914,0.01492537313410559,0.5223880596936957
191,human,11.223880597014926,59.93495210514592,0.2818428184274205,1.4645340751043114,0.0,0.13432835820695033,0.582089552230118
191,human,11.333333333333334,57.38888888888889,0.20454545454390496,1.3717472118959109,0.0,0.04166666666493055,0.5833333333090278
192,human,12.413793103448276,50.44946492271106,0.24460431654641066,1.354564755838641,0.0,0.12931034482647147,0.525862068960984
192,human,9.875,63.171875,0.29323308270456216,1.4222972972972974,0.0,0.12499999999609376,0.5312499999833985
192,human,9.254901960784315,64.0330642060746,0.16894977168872627,1.3452115812917596,0.0,0.019607843136870435,0.45098039214802005
192,human,12.72549019607843,50.669742406766616,0.3174061433436266,1.352253756260434,0.0,0.05882352941061131,0.5098039215586313
192,human,14.326530612244898,53.811745106205755,0.2880258899667054,1.4167893961708395,0.0,0.04081632652977926,0.6122448979466889
193,human,12.194444444444445,54.2121913580247,0.2871287128698657,1.3294392523364487,0.0,0.027777777777006175,0.3333333333240741
193,human,7.761904761904762,25.686167800453518,0.23177083333272977,1.3079800498753118,0.0,0.11428571428462585,0.5047619047570975
193,human,10.333333333333334,54.88888888888889,0.18631178707153495,1.4116465863453815,0.0,0.31372549018992696,0.31372549018992696
193,human,11.653846153846153,57.34171597633136,0.2677165354320169,1.3196428571428571,0.0,0.28846153845599115,0.519230769220784
193,human,9.714285714285714,23.48979591836735,0.32183908045853704,1.3919694072657744,0.0,0.12499999999776787,0.4821428571342475
194,human,13.0,52.92307692307692,0.3233532934112374,1.2041420118343196,0.1538461538402367,0.1538461538402367,0.46153846152071004
194,human,10.31578947368421,32.21606648199446,0.2736842105234349,1.312169312169312,0.0,0.0,0.3684210526121884
194,human,6.869565217391305,13.069943289224954,0.30508474575754096,1.1319444444444444,0.0,0.47826086954442343,0.5217391304120983
194,human,6.529411764705882,9.778546712802768,0.3333333333263889,1.3365384615384615,0.0,0.235294117633218,0.470588235266436
194,human,13.285714285714286,60.34693877551022,0.35353535353178245,1.4193548387096775,1.285714285622449,0.4285714285408163,0.571428571387755
195,human,11.131868131868131,46.31228112546793,0.2434077079102568,1.311491935483871,0.0,0.24175824175558505,0.41758241757782877
195,human,16.733333333333334,54.773333333333326,0.26262626262559946,1.399734395750332,0.0,0.0,0.31111111110419754
195,human,10.67605633802817,27.711961912318987,0.31142857142768166,1.3059299191374663,0.0,0.04225352112616544,0.577464788724261
195,human,9.666666666666666,22.138888888888886,0.1983471074363773,1.3449781659388647,0.0,0.0,0.3333333333194444
195,human,16.296296296296298,95.9122085048011,0.28767123287539875,1.3394077448747153,0.0,0.0,0.48148148146364883
196,human,13.266666666666667,57.862222222222236,0.2804878048763385,1.297082228116711,0.0,0.1666666666611111,0.7333333333088888
196,human,8.48447204968944,37.26839242313183,0.2962382445136423,1.34624145785877,0.0,0.055900621117665215,0.5590062111766522
196,human,12.512820512820513,53.224194608809995,0.263374485595624,1.5225806451612902,0.0,0.05128205128073636,0.3846153846055227
196,human,8.479452054794521,34.60574216550948,0.335907335906039,1.332737030411449,0.0,0.20547945205197973,0.6575342465663351
196,human,8.074074074074074,19.253772290809334,0.27102803738064457,1.3413461538461537,0.0,0.25925925924965704,0.37037037035665293
197,human,11.894736842105264,35.35734072022161,0.282442748089447,1.4513274336283186,0.0,0.21052631577839334,0.47368421050138504
197,human,14.692307692307692,70.62327416173571,0.26923076922982786,1.3525305410122164,0.35897435896515456,0.02564102564036818,0.46153846152662725
197,human,31.0,137.0,0.24324324324192842,1.5451612903225806,0.9999999999,0.0,0.29999999997
197,human,10.758620689655173,49.14863258026159,0.37974683544063453,1.5326797385620916,0.0,0.10344827585850179,0.27586206895600474
197,human,13.444444444444445,113.35802469135803,0.22222222222045854,1.3417721518987342,0.0,0.2777777777623457,0.11111111110493826
198,human,14.954545454545455,39.49793388429753,0.2656249999979248,1.3492063492063493,0.0,0.6363636363347107,0.40909090907231405
198,human,11.642857142857142,32.65816326530612,0.1975308641950922,1.272108843537415,0.2857142856938775,0.07142857142346938,0.4285714285408163
198,human,18.857142857142858,75.83673469387756,0.1896551724105232,1.3435114503816794,0.0,0.2857142856734694,0.4285714285102041
198,human,15.875,51.359375,0.24324324323995616,1.5590551181102361,0.0,0.0,0.24999999996875
198,human,11.5625,61.37109375,0.3157894736800554,1.2067039106145252,0.0,0.43749999997265626,0.6249999999609375
199,human,12.555555555555555,16.691358024691354,0.28318584070545855,1.4026548672566372,0.0,0.0,0.38888888886728395
199,human,15.285714285714286,129.48979591836738,0.24576271186232404,1.425233644859813,0.0,0.0,0.07142857142346938
199,human,17.428571428571427,50.24489795918368,0.28813559321545534,1.371900826446281,0.0,0.0,0.5714285713469388
199,human,8.133333333333333,18.048888888888886,0.29059829059580683,1.243801652892562,0.0,0.06666666666444444,0.3999999999866667
199,human,11.142857142857142,49.61451247165534,0.3006756756746599,1.3081570996978853,0.0,0.03174603174552784,0.5238095238012094
0,gemma,11.027777777777779,47.58256172839506,0.2688679245270337,1.544529262086514,0.05555555555401235,0.08333333333101853,0.3333333333240741
0,gemma,9.840909090909092,22.95196280991735,0.24267782426676704,1.6027713625866051,0.0454545454535124,0.0,0.3181818181745868
0,gemma,11.15,26.577499999999997,0.2008196721303245,1.5923423423423424,0.39999999999,0.04999999999875,0.29999999999250004
0,gemma,10.702127659574469,53.01765504753281,0.20454545454467976,1.5294117647058822,0.08510638297691264,0.04255319148845632,0.5106382978614759
0,gemma,10.577777777777778,40.910617283950614,0.18061674008731007,1.5064102564102564,0.04444444444345679,0.08888888888691358,0.44444444443456793
1,gemma,16.13888888888889,59.286265432098766,0.193661971830304,1.350785340314136,0.2222222222160494,0.05555555555401235,0.49999999998611117
1,gemma,13.277777777777779,43.70061728395061,0.28514056224785084,1.3680851063829786,0.2222222222160494,0.05555555555401235,0.5833333333171297
1,gemma,14.454545454545455,33.09641873278237,0.26209677419249156,1.4127659574468086,0.0,0.12121212120844813,0.6060606060422407
1,gemma,15.8125,62.15234375,0.25316455696095713,1.3765182186234817,0.0,0.0,0.3749999999882813
1,gemma,11.94,29.896400000000003,0.2474916387951589,1.347008547008547,0.11999999999760001,0.0199999999996,0.599999999988
2,gemma,13.756756756756756,48.83272461650839,0.25769230769131657,1.408906882591093,0.37837837836815197,0.08108108107888971,0.5405405405259314
2,gemma,13.046511627906977,58.23039480800432,0.22648083623614468,1.4389799635701275,0.4651162790589508,0.13953488371768524,0.41860465115305573
2,gemma,11.954545454545455,69.40702479338843,0.2546125461245217,1.485207100591716,0.5909090908956612,0.227272727267562,0.4999999999886364
2,gemma,10.256410256410257,26.34451019066404,0.2604651162778583,1.5396419437340154,0.4102564102458909,0.1538461538422091,0.5641025640881
2,gemma,15.205882352941176,75.69290657439446,0.2565055762072249,1.495049504950495,0.4117647058702423,0.08823529411505192,0.7058823529204153
3,gemma,9.98,36.9396,0.1862348178130112,1.3436213991769548,0.47999999999040005,0.21999999999560002,0.5199999999896
3,gemma,11.097560975609756,42.185603807257586,0.16956521739056712,1.3545454545454545,0.341463414625818,0.1219512195092207,0.6585365853497919
3,gemma,9.20754716981132,25.10786756852973,0.15254237288070957,1.3101265822784811,0.49056603772659313,0.1886792452794589,0.6037735848942685
3,gemma,9.361702127659575,33.50746944318696,0.1682692307684218,1.3371824480369514,0.21276595744228158,0.23404255318650974,0.4680851063730195
3,gemma,9.787234042553191,38.12494341330919,0.1948051948043515,1.3875278396436526,0.17021276595382528,0.12765957446536896,0.5744680850941603
4,gemma,11.045454545454545,27.043388429752063,0.21235521235439245,1.4625,0.1818181818140496,0.0,0.4318181818083678
4,gemma,12.32258064516129,19.121748178980233,0.19801980197921773,1.4763157894736842,0.1290322580603538,0.0645161290301769,0.2580645161207076
4,gemma,14.1875,24.71484375,0.21031746031662574,1.4712389380530972,0.24999999999218753,0.0,0.43749999998632816
4,gemma,11.904761904761905,39.467120181405896,0.20149253731268102,1.4274193548387097,0.19047619047165534,0.16666666666269842,0.47619047617913834
4,gemma,12.2,46.90999999999999,0.24015748031401513,1.4656964656964657,0.29999999999250004,0.0999999999975,0.47499999998812503
5,gemma,9.0,30.528301886792452,0.26160337552632235,1.3574561403508771,0.5283018867824849,0.3207547169750801,0.49056603772659313
5,gemma,9.918367346938776,27.585172844648064,0.26859504132120415,1.3801295896328294,0.938775510184923,0.30612244897334445,0.6326530612115786
5,gemma,11.175,39.994375,0.25225225225111597,1.3271028037383177,1.0999999999725,0.37499999999062505,0.574999999985625
5,gemma,10.482142857142858,43.428252551020414,0.24149659863863437,1.3599290780141844,0.8035714285570791,0.23214285713871174,0.5178571428478954
5,gemma,7.65625,27.5068359375,0.21145374449246057,1.3659574468085107,0.6562499999897461,0.2656249999958496,0.671874999989502
6,gemma,16.818181818181817,51.694214876033065,0.19138755980769673,1.5041322314049588,0.18181818180991735,0.0,0.2272727272623967
6,gemma,14.472222222222221,46.41589506172839,0.14388489208581337,1.525390625,0.1111111111080247,0.0,0.3611111111010803
6,gemma,14.71875,40.1396484375,0.2243346007596033,1.5649350649350648,0.0,0.0,0.281249999991211
6,gemma,16.64516129032258,46.035379812695105,0.23484848484759527,1.4881889763779528,0.2580645161207076,0.03225806451508845,0.48387096772632676
6,gemma,13.46875,38.5615234375,0.12340425531862381,1.5539906103286385,0.18749999999414066,0.03124999999902344,0.34374999998925787
7,gemma,10.18918918918919,18.423666910153393,0.19095477386838716,1.546195652173913,0.10810810810518627,0.08108108107888971,0.3513513513418554
7,gemma,10.313725490196079,16.960399846212997,0.19927536231811857,1.493230174081238,0.39215686273740874,0.09803921568435219,0.5098039215586313
7,gemma,9.470588235294118,21.935409457900807,0.2047244094480129,1.4581589958158996,0.35294117646366785,0.03921568627374087,0.4313725490111496
7,gemma,11.941176470588236,28.878892733564015,0.20743034055663334,1.515,0.15686274509496348,0.019607843136870435,0.4313725490111496
7,gemma,11.130434782608695,33.59168241965974,0.21771217712096785,1.5298804780876494,0.08695652173724008,0.0,0.4999999999891305
8,gemma,10.925,35.269375000000004,0.2177777777768099,1.5737327188940091,0.199999999995,0.12499999999687501,0.39999999999
8,gemma,17.1,72.75666666666666,0.26277372262677823,1.5148514851485149,0.06666666666444444,0.09999999999666667,0.3666666666544444
8,gemma,10.659090909090908,22.542871900826448,0.28571428571315194,1.4676724137931034,0.1363636363605372,0.0,0.454545454535124
8,gemma,14.484848484848484,86.67401285583105,0.24347826086850663,1.4809322033898304,0.06060606060422406,0.0909090909063361,0.5454545454380166
8,gemma,11.81081081081081,58.09934258582906,0.23684210526211913,1.5524475524475525,0.21621621621037254,0.10810810810518627,0.21621621621037254
9,gemma,14.413793103448276,44.656361474435194,0.22274881516482112,1.4393203883495145,0.06896551723900118,0.0,0.41379310343400716
9,gemma,9.431818181818182,33.19989669421488,0.176767676766784,1.3728813559322033,0.4999999999886364,0.113636363633781,0.3636363636280992
9,gemma,12.225,43.574374999999996,0.28906249999887085,1.4772727272727273,0.24999999999375003,0.07499999999812501,0.47499999998812503
9,gemma,11.25,63.74305555555556,0.1915887850458337,1.4141414141414141,0.6111111110941359,0.1111111111080247,0.3611111111010803
9,gemma,14.35,38.87749999999999,0.1638225255967105,1.4157894736842105,0.199999999995,0.024999999999375,0.47499999998812503
10,gemma,9.4,24.32,0.20588235294031143,1.4578833693304536,0.6799999999864,0.1799999999964,0.43999999999120004
10,gemma,7.814814814814815,28.002743484224965,0.16894977168872627,1.3903614457831326,0.5925925925816187,0.05555555555452675,0.35185185184533607
10,gemma,10.081632653061224,17.993336109954186,0.19841269841191106,1.4515463917525773,0.5714285714169096,0.08163265305955852,0.5102040816222407
10,gemma,10.489795918367347,30.943773427738442,0.20224719101047847,1.449901768172888,0.5714285714169096,0.10204081632444816,0.5102040816222407
10,gemma,11.31578947368421,27.952908587257614,0.18840579710053912,1.4285714285714286,0.9473684210277009,0.23684210525692523,0.39473684209487536
11,gemma,13.6875,39.27734375,0.28451882845069243,1.5446224256292906,0.06249999999804688,0.03124999999902344,0.3124999999902344
11,gemma,11.314285714285715,27.529795918367345,0.26829268292552055,1.5555555555555556,0.0,0.028571428570612248,0.39999999998857144
11,gemma,12.272727272727273,19.228650137741045,0.32589285714140226,1.6559405940594059,0.0,0.0,0.4545454545316805
11,gemma,14.206896551724139,32.92271105826397,0.2560386473417583,1.5760598503740648,0.0,0.10344827585850179,0.4482758620535077
11,gemma,10.935483870967742,34.06035379812695,0.25730994151896314,1.5327380952380953,0.0,0.0645161290301769,0.41935483869614987
12,gemma,14.852941176470589,53.36072664359862,0.25270758122652454,1.5050100200400802,0.0,0.029411764705017305,0.4705882352802769
12,gemma,13.942857142857143,45.996734693877556,0.20542635658835107,1.5257731958762886,0.11428571428244899,0.0,0.5999999999828572
12,gemma,15.724137931034482,43.44114149821642,0.1829787234034767,1.4887387387387387,0.13793103447800237,0.0,0.5172413792925089
12,gemma,13.558823529411764,39.128892733564015,0.23873873873766335,1.5315904139433552,0.05882352941003461,0.0,0.4705882352802769
12,gemma,17.4,34.56,0.17488789237589739,1.4787735849056605,0.0,0.0,0.5599999999776
13,gemma,14.764705882352942,48.29757785467128,0.19791666666597946,1.5,0.3529411764602077,0.08823529411505192,0.44117647057525955
13,gemma,14.090909090909092,21.400826446280988,0.19999999999942858,1.5752066115702479,0.0,0.0,0.3636363636280992
13,gemma,14.068181818181818,49.972623966942145,0.16666666666619587,1.5159128978224456,0.3181818181745868,0.0681818181802686,0.2727272727210744
13,gemma,12.913793103448276,48.52705112960762,0.201856148491411,1.5525606469002695,0.31034482758085613,0.12068965517033295,0.2931034482708086
13,gemma,12.679245283018869,25.010323958704166,0.20351758793918714,1.5853293413173652,0.26415094339124245,0.05660377358383767,0.3207547169750801
14,gemma,12.166666666666666,33.08333333333333,0.3030303030289912,1.4439140811455846,0.0,0.05555555555401235,0.5833333333171297
14,gemma,10.096153846153847,44.740754437869825,0.275362318839582,1.4260700389105059,0.6923076922943787,0.15384615384319528,0.4038461538383876
14,gemma,12.307692307692308,57.341222879684395,0.2943548387084905,1.4211663066954643,0.7692307692110454,0.17948717948257728,0.3846153846055227
14,gemma,11.763157894736842,45.128116343490305,0.2252252252242107,1.4249422632794457,0.10526315789196677,0.05263157894598339,0.5263157894598338
14,gemma,11.897435897435898,67.0664036817883,0.26470588235182896,1.35,0.2564102564036818,0.07692307692110455,0.5384615384477318
15,gemma,11.928571428571429,42.87585034013605,0.29213483145958,1.4578313253012047,0.5238095237970521,0.11904761904478459,0.45238095237018144
15,gemma,9.862745098039216,35.72625913110342,0.2293233082698146,1.3762575452716297,0.11764705882122262,0.03921568627374087,0.4901960784217609
15,gemma,12.28125,43.2021484375,0.2723004694822897,1.4010282776349614,0.12499999999609376,0.03124999999902344,0.4062499999873047
15,gemma,9.476190476190476,40.439909297052154,0.26570048309050387,1.4267352185089974,0.14285714285374151,0.07142857142687076,0.4999999999880953
15,gemma,10.604166666666666,49.239149305555564,0.28089887640344235,1.346613545816733,0.0,0.0,0.5833333333211806
16,gemma,9.818181818181818,43.14876033057851,0.2409090909079959,1.5035294117647058,0.8636363636167356,0.3181818181745868,0.340909090901343
16,gemma,10.136363636363637,43.29958677685951,0.2510288065833291,1.5080459770114942,1.0909090908842975,0.3181818181745868,0.4090909090816116
16,gemma,9.296296296296296,35.541838134430726,0.197674418603885,1.415289256198347,1.0740740740541839,0.27777777777263374,0.42592592591803846
16,gemma,7.746031746031746,21.80851599899219,0.22388059701409,1.375796178343949,0.9206349206203074,0.3015873015825145,0.4603174603101537
16,gemma,9.389830508474576,42.23786268313703,0.2681159420280141,1.405253283302064,0.8135593220201092,0.30508474575754096,0.4237288135521402
17,gemma,12.8125,47.15234375,0.17073170731624035,1.4763092269326683,0.12499999999609376,0.03124999999902344,0.4687499999853516
17,gemma,13.23404255319149,42.90267089180624,0.19677419354775236,1.4543946932006633,0.3829787233961069,0.04255319148845632,0.531914893605704
17,gemma,13.146341463414634,32.95419393218322,0.1908127208473823,1.4657794676806084,0.14634146341106485,0.024390243901844143,0.43902439023319456
17,gemma,14.75,32.375,0.19183673469309456,1.4837310195227766,0.06249999999804688,0.0,0.49999999998437505
17,gemma,11.6,32.011428571428574,0.2488687782794169,1.4974747474747474,0.28571428570612245,0.057142857141224496,0.42857142855918373
18,gemma,9.023809523809524,22.547052154195015,0.22826086956397684,1.3601108033240996,1.0476190475941043,0.42857142856122454,0.28571428570748303
18,gemma,7.0,19.18032786885246,0.283236994218016,1.2717948717948717,1.1147540983423812,0.5245901639258265,0.5081967213031443
18,gemma,7.7272727272727275,17.607438016528924,0.1949685534578933,1.3446153846153845,1.13636363633781,0.2727272727210744,0.4090909090816116
18,gemma,7.739130434782608,26.36672967863894,0.244999999998775,1.4188790560471976,0.8695652173724008,0.28260869564603025,0.2608695652117202
18,gemma,7.65,23.027500000000003,0.2709677419337357,1.2198581560283688,0.9999999999750001,0.34999999999125003,0.39999999999
19,gemma,11.837837837837839,20.298027757487212,0.20524017467159283,1.4269141531322507,0.0,0.08108108107888971,0.5135135134996348
19,gemma,11.69767441860465,29.094645754461872,0.16793893129706894,1.4317269076305221,0.13953488371768524,0.02325581395294754,0.4651162790589508
19,gemma,11.877551020408163,37.20949604331528,0.16556291390673655,1.480836236933798,0.08163265305955852,0.1428571428542274,0.48979591835735115
19,gemma,12.909090909090908,46.80991735537191,0.2510638297861657,1.494033412887828,0.12121212120844813,0.0909090909063361,0.4545454545316805
19,gemma,13.428571428571429,35.95918367346938,0.25652173912931947,1.4557235421166306,0.22857142856489798,0.1714285714236735,0.5428571428416327
20,gemma,9.366666666666667,23.26555555555556,0.2103321033202571,1.4277879341864717,0.4999999999916667,0.1333333333311111,0.5666666666572222
20,gemma,11.130434782608695,62.98298676748582,0.24315068493067415,1.5960396039603961,0.7826086956351608,0.17391304347448017,0.34782608694896033
20,gemma,11.090909090909092,45.682644628099176,0.22151898734107114,1.488135593220339,0.690909090896529,0.27272727272231406,0.5272727272631406
20,gemma,9.849056603773585,44.76966892132433,0.24054982817786755,1.4536489151873768,0.6037735848942685,0.20754716980740479,0.47169811319864724
20,gemma,11.4,51.17333333333334,0.2243346007596033,1.437125748502994,0.6222222222083951,0.13333333333037037,0.44444444443456793
21,gemma,12.128205128205128,59.701512163050616,0.28461538461429,1.5427350427350428,0.7692307692110454,0.23076923076331363,0.43589743588625907
21,gemma,12.81081081081081,65.8290723155588,0.2791666666655035,1.5723404255319149,0.9189189188940834,0.29729729728926224,0.4324324324207451
21,gemma,10.023809523809524,20.261337868480723,0.2511013215847969,1.5404761904761906,0.9523809523582767,0.30952380951643993,0.4999999999880953
21,gemma,11.404255319148936,25.517428700769578,0.2724137931025089,1.6428571428571428,0.7659574467922138,0.17021276595382528,0.42553191488456316
21,gemma,10.37704918032787,32.75947325987638,0.2524590163926149,1.5128617363344052,0.7540983606433754,0.22950819671754905,0.5409836065485085
22,gemma,10.782608695652174,36.17013232514178,0.20377358490489142,1.4071729957805907,0.2608695652117202,0.06521739130293006,0.6086956521606806
22,gemma,12.973684210526315,34.55193905817175,0.2344322344313757,1.5900621118012421,0.21052631578393355,0.10526315789196677,0.39473684209487536
22,gemma,11.382978723404255,35.08736985061113,0.22895622895545806,1.4857142857142858,0.5957446808383885,0.14893617020959712,0.3191489361634224
22,gemma,10.577777777777778,31.577283950617282,0.25287356321742194,1.5161290322580645,0.6666666666518519,0.37777777776938276,0.44444444443456793
22,gemma,11.574468085106384,44.7976459936623,0.20437956204304972,1.4545454545454546,0.34042553190765057,0.14893617020959712,0.5744680850941603
23,gemma,12.212121212121213,20.167125803489444,0.1906976744177177,1.4075,0.0,0.0,0.4242424242295685
23,gemma,10.0,28.048780487804876,0.17224880382692706,1.3836633663366336,0.0,0.04878048780368829,0.5853658536442594
23,gemma,11.45945945945946,30.842951059167273,0.18487394957905515,1.5023696682464456,0.054054054052593135,0.0,0.29729729728926224
23,gemma,12.972972972972974,27.918188458729,0.21072796934785162,1.5273109243697478,0.10810810810518627,0.054054054052593135,0.21621621621037254
23,gemma,12.395348837209303,34.5646295294754,0.1660899653973492,1.448015122873346,0.37209302324716065,0.04651162790589508,0.30232558138831805
24,gemma,12.9,30.939999999999998,0.21554770317945038,1.6411764705882352,0.04999999999875,0.04999999999875,0.324999999991875
24,gemma,10.282608695652174,35.289697542533084,0.29007633587675546,1.5479744136460554,0.2173913043431002,0.2608695652117202,0.23913043477741022
24,gemma,10.244897959183673,20.756351520199917,0.23863636363545973,1.6047904191616766,0.08163265305955852,0.18367346938400667,0.22448979591378593
24,gemma,11.078947368421053,30.02008310249307,0.24390243902339878,1.6,0.21052631578393355,0.23684210525692523,0.15789473683795016
24,gemma,13.65625,39.4755859375,0.2352941176460702,1.5563218390804598,0.06249999999804688,0.06249999999804688,0.281249999991211
25,gemma,15.15,36.4775,0.198198198197603,1.5041597337770383,0.14999999999625002,0.04999999999875,0.5249999999868751
25,gemma,19.0,142.06451612903226,0.1724137931029078,1.4543889845094664,0.2580645161207076,0.03225806451508845,0.48387096772632676
25,gemma,15.766666666666667,50.24555555555556,0.20640569394944341,1.5303030303030303,0.1333333333288889,0.03333333333222222,0.29999999999
25,gemma,15.8,81.69333333333334,0.20973782771457028,1.4848484848484849,0.2666666666577778,0.0,0.3999999999866667
25,gemma,17.25,71.02083333333333,0.2139737991257032,1.478908188585608,0.0833333333298611,0.0,0.4166666666493056
26,gemma,9.892857142857142,42.059948979591844,0.246575342464909,1.4343807763401109,0.35714285713647964,0.07142857142729592,0.5535714285615434
26,gemma,10.767857142857142,33.24968112244898,0.22049689440925313,1.3996627318718382,0.32142857142283165,0.03571428571364796,0.3749999999933036
26,gemma,10.804878048780488,31.425342058298632,0.2291666666657118,1.3881278538812785,0.2439024390184414,0.07317073170553243,0.5853658536442594
26,gemma,10.38888888888889,38.27469135802468,0.24398625429469423,1.411231884057971,0.14814814814540467,0.07407407407270233,0.4629629629543896
26,gemma,10.52,33.0096,0.2272727272718664,1.365234375,0.39999999999200003,0.11999999999760001,0.5399999999892
27,gemma,11.842105263157896,36.343490304709135,0.21052631578855033,1.381489841986456,0.0,0.026315789472991694,0.5526315789328256
27,gemma,10.45,22.447499999999998,0.23364485981199232,1.4097560975609755,0.0,0.0,0.5249999999868751
27,gemma,13.0,34.80952380952381,0.20761245674668646,1.4851851851851852,0.047619047617913836,0.0,0.3571428571343538
27,gemma,12.743589743589743,34.754766600920455,0.16412213740395373,1.433609958506224,0.0,0.0,0.5384615384477318
27,gemma,14.18918918918919,40.369612856099344,0.23321554770235614,1.4260700389105059,0.0,0.027027027026296568,0.6216216216048212
28,gemma,13.279069767441861,37.08491076257437,0.2709030100325388,1.433392539964476,0.32558139534126557,0.02325581395294754,0.6279069767295836
28,gemma,10.044444444444444,29.82024691358025,0.21030042918364678,1.4089887640449439,0.6222222222083951,0.11111111110864198,0.44444444443456793
28,gemma,11.542857142857143,38.59102040816326,0.18407960198913395,1.440506329113924,0.28571428570612245,0.028571428570612248,0.42857142855918373
28,gemma,14.290322580645162,40.077003121748184,0.20657276995208182,1.4147465437788018,0.0,0.03225806451508845,0.6129032257866805
28,gemma,12.891891891891891,47.82615047479912,0.22580645161199273,1.4279569892473118,0.32432432431555885,0.027027027026296568,0.3513513513418554
29,gemma,9.73913043478261,23.10586011342155,0.3093220338969944,1.4350797266514805,0.6956521738979207,0.08695652173724008,0.5434782608577505
29,gemma,11.628571428571428,43.547755102040824,0.21860465116177394,1.4761904761904763,0.342857142847347,0.1714285714236735,0.5428571428416327
29,gemma,9.529411764705882,29.54325259515571,0.23749999999901042,1.3389121338912133,0.7058823529273357,0.19607843136870437,0.5294117646955018
29,gemma,10.682926829268293,22.118976799524095,0.20444444444353582,1.408450704225352,0.6341463414479477,0.2926829268221297,0.512195121938727
29,gemma,10.58,36.1636,0.23420074349355316,1.369942196531792,0.39999999999200003,0.19999999999600002,0.5199999999896
30,gemma,11.02127659574468,25.084653689452242,0.22813688212841013,1.4644268774703557,0.7659574467922138,0.21276595744228158,0.5744680850941603
30,gemma,11.604651162790697,46.89021092482423,0.16799999999932802,1.466804979253112,0.41860465115305573,0.20930232557652786,0.4651162790589508
30,gemma,12.232558139534884,54.03893996755003,0.17375886524761078,1.4904214559386972,0.6976744185884263,0.13953488371768524,0.30232558138831805
30,gemma,12.725,47.799375,0.23193916349721697,1.4123505976095618,0.49999999998750005,0.14999999999625002,0.54999999998625
30,gemma,9.789473684210526,42.692520775623265,0.20284697508824612,1.4540441176470589,0.7368421052502309,0.21052631578578027,0.5263157894644507
31,gemma,15.0,55.878787878787875,0.22764227642183887,1.4439918533604887,0.12121212120844813,0.0909090909063361,0.4242424242295685
31,gemma,16.166666666666668,48.00555555555555,0.20769230769150887,1.4769874476987448,0.0,0.0,0.4666666666511111
31,gemma,12.272727272727273,74.19834710743802,0.27014218009350643,1.4974874371859297,0.5454545454380166,0.1818181818126722,0.33333333332323234
31,gemma,12.868421052631579,58.06163434903047,0.21611721611642448,1.5330578512396693,0.15789473683795016,0.0,0.21052631578393355
31,gemma,16.4,52.373333333333335,0.17358490565972232,1.5991820040899796,0.0,0.03333333333222222,0.3999999999866667
32,gemma,12.81578947368421,49.36080332409972,0.1789883268475526,1.4648760330578512,0.21052631578393355,0.0,0.5263157894598338
32,gemma,11.3125,49.798177083333336,0.1958762886591207,1.4878048780487805,0.6249999999869792,0.08333333333159723,0.41666666665798613
32,gemma,10.458333333333334,40.70659722222222,0.11742424242379763,1.429158110882957,0.5833333333211806,0.0,0.4999999999895834
32,gemma,9.271186440677965,25.72306808388394,0.21160409556241774,1.451310861423221,0.5762711864309107,0.06779661016834243,0.3559322033837978
32,gemma,9.172413793103448,33.211652794292505,0.18587360594726443,1.416184971098266,0.5517241379215221,0.08620689655023782,0.4137931034411415
33,gemma,11.520833333333334,40.791232638888886,0.20064724919028917,1.5137111517367459,0.3333333333263889,0.12499999999739585,0.43749999999088546
33,gemma,11.534883720930232,38.29529475392105,0.2206405693942326,1.5274949083503055,0.2790697674353705,0.255813953482423,0.37209302324716065
33,gemma,12.630434782608695,36.406899810964084,0.18918918918862107,1.5331010452961673,0.3043478260803403,0.0,0.2608695652117202
33,gemma,14.194444444444445,64.7121913580247,0.19795221842935853,1.5925196850393701,0.27777777777006174,0.1111111111080247,0.3611111111010803
33,gemma,14.375,41.984375,0.14860681114505075,1.5413005272407734,0.0999999999975,0.0,0.274999999993125
34,gemma,8.948717948717949,61.946088099934244,0.10880829015487664,1.822349570200573,0.0,0.0,0.0
34,gemma,11.548387096774194,56.376690946930275,0.15533980582448864,1.7787114845938374,0.0,0.0,0.03225806451508845
34,gemma,15.791666666666666,88.41493055555556,0.11162790697622499,1.9177718832891246,0.0,0.0,0.0
34,gemma,11.78125,67.0458984375,0.13274336283127106,1.9573333333333334,0.0,0.0,0.03124999999902344
34,gemma,18.105263157894736,43.67313019390582,0.12499999999939905,1.944767441860465,0.0,0.0,0.0
35,gemma,9.976190476190476,26.832766439909307,0.24050632911290926,1.6140776699029127,0.3809523809433107,0.16666666666269842,0.28571428570748303
35,gemma,13.258064516129032,49.73985431841832,0.18565400843803523,1.6004962779156326,0.7096774193319458,0.1290322580603538,0.1290322580603538
35,gemma,9.0,25.681818181818183,0.19823788546168178,1.5421994884910486,0.4999999999886364,0.0909090909070248,0.2499999999943182
35,gemma,10.571428571428571,40.95918367346939,0.171999999999312,1.4988558352402745,0.7142857142687076,0.14285714285374151,0.2619047618985261
35,gemma,10.675675675675675,28.327246165084002,0.22169811320650143,1.4973821989528795,0.2702702702629657,0.18918918918407598,0.4594594594470417
36,gemma,9.254545454545454,46.26247933884298,0.17843866170937384,1.389795918367347,0.7272727272595042,0.21818181817785126,0.4181818181742149
36,gemma,8.245283018867925,22.713421146315415,0.20564516128949337,1.4669811320754718,0.6415094339501602,0.15094339622356712,0.3962264150868637
36,gemma,10.446808510638299,26.50248981439565,0.18749999999931066,1.4799154334038056,0.80851063828067,0.21276595744228158,0.27659574467496606
36,gemma,10.125,45.817708333333336,0.1596958174898871,1.443736730360934,0.541666666655382,0.12499999999739585,0.270833333327691
36,gemma,10.148148148148149,47.16323731138546,0.21885521885448198,1.501908396946565,0.444444444436214,0.1111111111090535,0.37037037036351167
37,gemma,9.833333333333334,40.638888888888886,0.20588235294031143,1.4017467248908297,0.5833333333211806,0.16666666666319446,0.41666666665798613
37,gemma,12.264705882352942,14.076989619377162,0.21929824561307326,1.4409638554216868,0.4117647058702423,0.0,0.49999999998529415
37,gemma,13.307692307692308,37.05917159763313,0.25257731958632695,1.433139534883721,0.0,0.0,0.3461538461405325
37,gemma,11.125,44.984375,0.20994475138005556,1.4362606232294617,0.06249999999804688,0.0,0.5312499999833985
37,gemma,12.791666666666666,20.24826388888889,0.22674418604519336,1.4503311258278146,0.5833333333090278,0.0833333333298611,0.374999999984375
38,gemma,17.40740740740741,52.09327846364883,0.26618705035875473,1.6111111111111112,0.0,0.07407407407133058,0.40740740739231823
38,gemma,16.653846153846153,72.9955621301775,0.3067729083653117,1.6162790697674418,0.0,0.0,0.2692307692204142
38,gemma,17.0,42.666666666666664,0.288209606985641,1.7254901960784315,0.0,0.0952380952335601,0.23809523808390023
38,gemma,20.28,44.2816,0.2920634920625649,1.746031746031746,0.0,0.0,0.2399999999904
38,gemma,22.894736842105264,129.46260387811634,0.29230769230656806,1.6566820276497696,0.21052631577839334,0.0,0.31578947366759
39,gemma,9.630434782608695,20.232986767485823,0.25423728813451596,1.4058956916099774,0.5652173912920605,0.06521739130293006,0.5869565217263706
39,gemma,15.0,65.25,0.24291497975610157,1.4331896551724137,0.12499999999609376,0.0,0.5937499999814454
39,gemma,13.13953488372093,41.00378583017848,0.2214285714277806,1.4252669039145907,0.18604651162358032,0.04651162790589508,0.34883720929421314
39,gemma,10.194444444444445,35.82330246913581,0.17460317460225078,1.422343324250681,0.6111111110941359,0.16666666666203706,0.3333333333240741
39,gemma,11.8,33.448888888888895,0.1804511278188705,1.394686907020873,0.6222222222083951,0.04444444444345679,0.5555555555432099
40,gemma,12.6,43.040000000000006,0.20647773279268633,1.4736842105263157,0.057142857141224496,0.028571428570612248,0.5428571428416327
40,gemma,13.942857142857143,54.22530612244899,0.21212121212040863,1.4844074844074844,0.22857142856489798,0.0,0.5428571428416327
40,gemma,15.857142857142858,53.33673469387755,0.21052631578862135,1.3909090909090909,0.21428571427806123,0.035714285713010205,0.42857142855612246
40,gemma,22.61111111111111,89.12654320987654,0.17621145374371713,1.454320987654321,0.0,0.0,0.44444444441975306
40,gemma,15.758620689655173,36.25208085612366,0.17916666666592015,1.4144736842105263,0.13793103447800237,0.0,0.6206896551510107
41,gemma,11.340425531914894,40.650067904028965,0.20065789473618206,1.4526515151515151,0.9999999999787235,0.14893617020959712,0.2553191489307379
41,gemma,12.844444444444445,52.53135802469136,0.1823708206681387,1.4904013961605584,0.9333333333125927,0.06666666666518518,0.26666666666074074
41,gemma,11.25531914893617,46.99864191942055,0.2152317880787575,1.4961977186311788,1.063829787211408,0.10638297872114079,0.3617021276518787
41,gemma,13.121951219512194,33.814396192742414,0.22666666666591112,1.4542056074766354,0.7073170731534801,0.04878048780368829,0.2439024390184414
41,gemma,11.482758620689655,28.90487514863258,0.17426273458398323,1.4147812971342384,0.5862068965416172,0.05172413793014269,0.32758620689090373
42,gemma,7.48051948051948,17.34052960026986,0.24482758620605233,1.384070796460177,0.6233766233685275,0.29870129869741946,0.4155844155790184
42,gemma,9.775,39.474374999999995,0.21182266009747872,1.454780361757106,0.49999999998750005,0.14999999999625002,0.574999999985625
42,gemma,10.568181818181818,47.790805785123965,0.2594142259403372,1.4923413566739605,0.8636363636167356,0.3636363636280992,0.568181818168905
42,gemma,8.653061224489797,27.736776343190343,0.17224880382692706,1.3914081145584725,0.7346938775360267,0.3265306122382341,0.5102040816222407
42,gemma,11.0,43.1063829787234,0.1811023622040114,1.3683168316831684,1.1489361701883205,0.3191489361634224,0.531914893605704
43,gemma,13.229166666666666,36.34331597222222,0.24147727272658673,1.5987261146496816,0.2499999999947917,0.14583333333029516,0.2916666666605903
43,gemma,14.774193548387096,28.819979188345474,0.27499999999901786,1.7356828193832599,0.1290322580603538,0.03225806451508845,0.09677419354526536
43,gemma,13.516129032258064,39.152965660770036,0.21367521367430053,1.5885167464114833,0.2580645161207076,0.16129032257544224,0.22580645160561916
43,gemma,12.756756756756756,25.10299488677867,0.2147887323936099,1.724946695095949,0.48648648647333825,0.0,0.24324324323666913
43,gemma,16.413793103448278,31.759809750297265,0.2183908045968644,1.5864978902953586,0.3448275861950059,0.0,0.27586206895600474
44,gemma,6.47945205479452,20.468755864139613,0.25974025973913534,1.3995726495726495,0.8767123287551135,0.28767123287277163,0.49315068492475134
44,gemma,10.10204081632653,31.35693461057893,0.22540983606464998,1.4536082474226804,1.3061224489529364,0.24489795917867557,0.387755102032903
44,gemma,10.26086956521739,41.71455576559546,0.20675105485144832,1.4453961456102784,1.3043478260586012,0.23913043477741022,0.28260869564603025
44,gemma,9.565217391304348,59.28922495274102,0.25777777777663213,1.4587155963302751,1.086956521715501,0.3043478260803403,0.36956521738327036
44,gemma,8.37037037037037,33.49245541838134,0.21794871794778656,1.483221476510067,0.7222222222088478,0.29629629629080934,0.40740740739986286
45,gemma,11.484848484848484,51.037649219467404,0.26923076922928996,1.415549597855228,0.0,0.0,0.5454545454380166
45,gemma,12.03125,51.7177734375,0.16753926701482966,1.4120734908136483,0.0,0.0,0.5312499999833985
45,gemma,12.864864864864865,55.252008765522284,0.23364485981199232,1.3758099352051836,0.054054054052593135,0.0,0.7027027026837108
45,gemma,13.89655172413793,45.747919143876345,0.17948717948625906,1.3542713567839195,0.0,0.0,0.6206896551510107
45,gemma,13.3,34.54333333333333,0.24271844660076353,1.469387755102041,0.19999999999333334,0.03333333333222222,0.4666666666511111
46,gemma,16.806451612903224,37.446409989594166,0.13059701492488585,1.4090019569471623,0.0,0.0,0.41935483869614987
46,gemma,12.146341463414634,37.39321832242713,0.14285714285661957,1.467479674796748,0.0,0.0,0.41463414633135043
46,gemma,12.673469387755102,34.26072469804248,0.18674698795124475,1.3739837398373984,0.12244897958933779,0.04081632652977926,0.48979591835735115
46,gemma,14.487804878048781,20.786436644854252,0.15838509316721,1.4365482233502538,0.0,0.0,0.341463414625818
46,gemma,15.0,24.4,0.16197183098534518,1.478846153846154,0.0,0.0,0.3714285714179592
47,gemma,8.368421052631579,23.706371191135737,0.1999999999987879,1.4415584415584415,0.9999999999736843,0.23684210525692523,0.49999999998684214
47,gemma,10.25,45.96022727272727,0.27380952380843726,1.509009009009009,0.7727272727097108,0.1363636363605372,0.568181818168905
47,gemma,9.098039215686274,28.676662821991545,0.2563025210073265,1.3915929203539823,0.47058823528489047,0.11764705882122262,0.4901960784217609
47,gemma,11.261904761904763,52.57426303854876,0.21912350597522262,1.4804347826086957,0.6666666666507937,0.19047619047165534,0.4999999999880953
47,gemma,9.607843137254902,30.04229142637447,0.19140624999925232,1.4612159329140462,0.8627450980222992,0.2156862745055748,0.45098039214802005
48,gemma,10.145833333333334,31.332899305555554,0.31153846153726333,1.4324324324324325,0.16666666666319446,0.10416666666449653,0.3749999999921875
48,gemma,11.311111111111112,31.369876543209877,0.28793774318954113,1.4870775347912524,0.04444444444345679,0.13333333333037037,0.28888888888246916
48,gemma,11.86111111111111,61.84182098765432,0.2102803738307931,1.4495192307692308,0.27777777777006174,0.13888888888503087,0.3055555555470679
48,gemma,10.53061224489796,39.718450645564346,0.244274809159373,1.384,0.5714285714169096,0.2040816326488963,0.42857142856268227
48,gemma,13.222222222222221,35.2283950617284,0.2292490118568014,1.4796573875802999,0.3888888888780865,0.08333333333101853,0.5555555555401235
49,gemma,12.375,42.834375,0.2029520295195463,1.5030425963488845,0.04999999999875,0.0,0.34999999999125003
49,gemma,10.047619047619047,26.854875283446706,0.1877934272291653,1.5523809523809524,0.14285714285374151,0.023809523808956918,0.33333333332539683
49,gemma,11.487179487179487,35.070348454963835,0.20338983050761275,1.4641255605381165,0.20512820512294544,0.0,0.35897435896515456
49,gemma,12.212121212121213,56.894398530762174,0.21782178217713952,1.4020100502512562,0.24242424241689625,0.0,0.5454545454380166
49,gemma,12.026315789473685,42.341412742382275,0.21599999999913602,1.5377777777777777,0.05263157894598339,0.0,0.2631578947299169
50,gemma,13.09375,45.2724609375,0.23829787233941152,1.6282973621103118,0.18749999999414066,0.06249999999804688,0.49999999998437505
50,gemma,12.432432432432432,28.78597516435354,0.21825396825310217,1.6531531531531531,0.37837837836815197,0.027027027026296568,0.5405405405259314
50,gemma,12.314285714285715,46.329795918367346,0.23478260869463138,1.6431924882629108,0.0,0.0,0.42857142855918373
50,gemma,12.029411764705882,34.91089965397924,0.19004524886791835,1.6176470588235294,0.0,0.0,0.5294117646903115
50,gemma,11.45945945945946,42.30241051862673,0.2307692307682446,1.6992840095465394,0.0,0.054054054052593135,0.4054054053944485
51,gemma,10.533333333333333,32.96,0.21544715447066892,1.474468085106383,0.22222222221728397,0.08888888888691358,0.31111111110419754
51,gemma,11.942307692307692,60.131286982248525,0.21183800622986967,1.5422885572139304,0.34615384614718936,0.05769230769119823,0.46153846152958583
51,gemma,10.358490566037736,43.06016375934496,0.23321554770235614,1.516728624535316,0.3773584905589178,0.05660377358383767,0.5471698113104307
51,gemma,9.793103448275861,36.47443519619501,0.20071684587741678,1.485611510791367,0.3448275862009513,0.12068965517033295,0.4137931034411415
51,gemma,11.58,39.8436,0.20486111111039979,1.5150976909413854,0.5599999999888,0.1799999999964,0.37999999999240003
52,gemma,11.475409836065573,52.21660843859178,0.21944444444383487,1.4441176470588235,0.852459016379468,0.26229508196291323,0.3770491803216877
52,gemma,9.5,36.175925925925924,0.26022304832617016,1.45,0.5925925925816187,0.40740740739986286,0.40740740739986286
52,gemma,9.98,61.7796,0.24907063196933432,1.4846625766871167,0.9199999999816001,0.299999999994,0.47999999999040005
52,gemma,11.159090909090908,42.72469008264463,0.22348484848400196,1.4756871035940804,1.0454545454307853,0.3863636363548554,0.4090909090816116
52,gemma,13.756756756756756,51.319211102994885,0.25735294117552443,1.5313131313131314,0.6486486486311177,0.13513513513148284,0.48648648647333825
53,gemma,10.477272727272727,24.158574380165284,0.2511013215847969,1.3830734966592428,0.3181818181745868,0.0681818181802686,0.5454545454421488
53,gemma,12.673076923076923,41.29696745562129,0.21712538226233297,1.3609831029185868,0.15384615384319528,0.19230769230399408,0.519230769220784
53,gemma,15.774193548387096,45.27159209157127,0.21484374999916078,1.4192229038854807,0.1935483870905307,0.09677419354526536,0.5483870967565037
53,gemma,15.53125,41.2490234375,0.20408163265222826,1.4489795918367347,0.3124999999902344,0.18749999999414066,0.5312499999833985
53,gemma,10.047619047619047,36.140589569161,0.21243523315952106,1.362530413625304,0.47619047617913834,0.2619047618985261,0.5476190476060091
54,gemma,10.428571428571429,53.14285714285713,0.2298387096764926,1.4223107569721116,0.12244897958933779,0.0,0.4081632652977926
54,gemma,14.588235294117647,38.418685121107266,0.2274509803912649,1.3971486761710794,0.3529411764602077,0.05882352941003461,0.588235294100346
54,gemma,13.731707317073171,26.78167757287329,0.19374999999939455,1.4991023339317773,0.0,0.0,0.43902439023319456
54,gemma,11.23913043478261,40.7906427221172,0.21582733812872004,1.5019607843137255,0.3043478260803403,0.1304347826058601,0.28260869564603025
54,gemma,12.773584905660377,32.62798148807404,0.20540540540485025,1.5216741405082213,0.03773584905589178,0.0,0.3773584905589178
55,gemma,7.6909090909090905,35.88628099173554,0.17674418604568956,1.4089775561097257,0.690909090896529,0.4909090909001653,0.4181818181742149
55,gemma,8.340909090909092,33.86105371900826,0.25130890052224447,1.4173913043478261,0.681818181802686,0.454545454535124,0.4318181818083678
55,gemma,12.333333333333334,60.47863247863248,0.2862903225794908,1.4148936170212767,0.5128205128073636,0.20512820512294544,0.48717948716699544
55,gemma,10.098039215686274,32.67666282199154,0.25416666666560767,1.354251012145749,0.6274509803798539,0.33333333332679743,0.4313725490111496
55,gemma,9.727272727272727,22.052892561983473,0.22093023255728322,1.4186046511627908,0.6181818181705786,0.3818181818112397,0.5090909090816529
56,gemma,11.040816326530612,37.182007496876295,0.250996015935255,1.4226415094339622,0.04081632652977926,0.08163265305955852,0.44897959182757186
56,gemma,10.155172413793103,27.99316290130796,0.2422145328711342,1.4041811846689896,0.10344827586028538,0.12068965517033295,0.5689655172315696
56,gemma,11.555555555555555,34.15802469135802,0.27125506072764677,1.4523809523809523,0.13333333333037037,0.04444444444345679,0.5111111110997532
56,gemma,13.68421052631579,58.6371191135734,0.2509363295870752,1.5450980392156863,0.3157894736759003,0.13157894736495845,0.6578947368247923
56,gemma,16.166666666666668,37.60555555555557,0.25193798449514754,1.521829521829522,0.0,0.0,0.3999999999866667
57,gemma,14.151515151515152,60.18916437098256,0.24999999999899195,1.3874458874458875,0.1818181818126722,0.0909090909063361,0.5454545454380166
57,gemma,11.909090909090908,29.77961432506887,0.24875621890423505,1.3890339425587468,0.12121212120844813,0.0909090909063361,0.5757575757401286
57,gemma,21.05263157894737,43.62880886426593,0.2475728155327788,1.349246231155779,0.10526315788919667,0.052631578944598335,0.4210526315567867
57,gemma,15.785714285714286,53.73979591836735,0.30434782608563327,1.3735498839907192,0.42857142855612246,0.10714285713903061,0.42857142855612246
57,gemma,14.666666666666666,32.888888888888886,0.27710843373327043,1.4455445544554455,0.0952380952335601,0.14285714285034012,0.3333333333174603
58,gemma,14.842105263157896,56.76454293628808,0.17586206896491083,1.4735883424408014,0.15789473683795016,0.2631578947299169,0.3684210526218837
58,gemma,15.121212121212121,69.80348943985308,0.2625899280566094,1.640081799591002,0.30303030302112033,0.2727272727190083,0.33333333332323234
58,gemma,12.923076923076923,86.01972386587772,0.26492537313333986,1.5670731707317074,0.20512820512294544,0.2564102564036818,0.43589743588625907
58,gemma,12.954545454545455,53.31611570247935,0.2432432432424215,1.451086956521739,0.4090909090816116,0.113636363633781,0.454545454535124
58,gemma,12.658536585365853,51.24925639500298,0.2272727272718664,1.418467583497053,0.341463414625818,0.024390243901844143,0.3902439024295063
59,gemma,13.181818181818182,55.37603305785124,0.18918918918862107,1.5034602076124568,0.3636363636280992,0.0454545454535124,0.2045454545408058
59,gemma,10.116279069767442,29.684153596538668,0.21115537848521454,1.5433255269320842,0.511627906964846,0.0,0.20930232557652786
59,gemma,13.096153846153847,68.35613905325445,0.19592875318016303,1.6143497757847534,0.03846153846079882,0.01923076923039941,0.30769230768639055
59,gemma,11.76086956521739,38.051512287334596,0.19243986254229403,1.5018796992481203,0.3043478260803403,0.02173913043431002,0.4999999999891305
59,gemma,15.848484848484848,58.79522497704316,0.14814814814759947,1.493230174081238,0.24242424241689625,0.0,0.3636363636253444
60,gemma,12.8125,36.90234375,0.2758620689643282,1.4367245657568237,0.3749999999882813,0.12499999999609376,0.49999999998437505
60,gemma,13.657142857142857,37.31102040816326,0.19999999999916668,1.3970276008492568,0.11428571428244899,0.0,0.5999999999828572
60,gemma,13.379310344827585,45.7526753864447,0.19473684210423825,1.4202127659574468,0.3448275861950059,0.10344827585850179,0.5517241379120095
60,gemma,17.178571428571427,37.64668367346938,0.29496402877591743,1.6331236897274632,0.0,0.0,0.39285714284311224
60,gemma,13.794117647058824,60.22231833910034,0.20535714285622608,1.3608695652173912,0.05882352941003461,0.0,0.6176470588053634
61,gemma,13.117647058823529,34.1038062283737,0.2376681614339118,1.4454545454545455,0.0,0.0,0.3529411764602077
61,gemma,16.933333333333334,36.062222222222225,0.24124513618583174,1.5375494071146245,0.0,0.0,0.3999999999866667
61,gemma,11.627906976744185,42.60573282855598,0.19917012448050136,1.408997955010225,0.09302325581179016,0.0,0.4651162790589508
61,gemma,15.911764705882353,43.256920415224904,0.2166064981941639,1.433145009416196,0.0,0.0,0.20588235293512114
61,gemma,15.342857142857143,63.6538775510204,0.20863309352442938,1.476280834914611,0.28571428570612245,0.0,0.6571428571240817
62,gemma,10.088888888888889,26.480987654320987,0.22267206477642643,1.4249422632794457,0.5777777777649383,0.13333333333037037,0.48888888887802473
62,gemma,9.75,33.03365384615385,0.20962199312642743,1.511156186612576,0.5769230769119823,0.11538461538239646,0.38461538460798816
62,gemma,9.862068965517242,55.56718192627823,0.21355932203317438,1.4318996415770608,0.7241379310219976,0.1896551724105232,0.3793103448210464
62,gemma,11.25,35.6875,0.2040816326523671,1.5365344467640918,0.4090909090816116,0.1363636363605372,0.3863636363548554
62,gemma,12.395348837209303,72.23904813412655,0.1908127208473823,1.509727626459144,0.8837209302120066,0.16279069767063278,0.37209302324716065
63,gemma,9.50909090909091,28.504462809917364,0.24354243542345558,1.4777562862669245,0.07272727272595042,0.018181818181487605,0.5636363636261157
63,gemma,11.133333333333333,34.69333333333334,0.1724137931027877,1.4610655737704918,0.0,0.0,0.44444444443456793
63,gemma,11.6,30.684444444444445,0.27573529411663333,1.423529411764706,0.13333333333037037,0.022222222221728396,0.5333333333214815
63,gemma,12.31578947368421,45.4792243767313,0.24481327800728295,1.363834422657952,0.0,0.0,0.4210526315678671
63,gemma,9.377358490566039,32.80099679601282,0.20306513409883883,1.4200819672131149,0.15094339622356712,0.0,0.43396226414275546
64,gemma,11.317073170731707,24.655562165377752,0.20901639344176634,1.4385964912280702,0.4878048780368828,0.04878048780368829,0.4634146341350387
64,gemma,14.842105263157896,47.81717451523545,0.20071684587741678,1.4682395644283122,0.3157894736759003,0.10526315789196677,0.47368421051385046
64,gemma,10.522727272727273,37.74948347107438,0.20704845814886763,1.3844444444444444,0.5909090908956612,0.2045454545408058,0.4772727272618802
64,gemma,10.96078431372549,27.684736639753936,0.21071428571353318,1.4397810218978102,0.6274509803798539,0.19607843136870437,0.5490196078323722
64,gemma,9.23404255319149,26.562245359891353,0.21524663677033523,1.4355971896955504,0.4680851063730195,0.04255319148845632,0.5106382978614759
65,gemma,10.333333333333334,38.17460317460318,0.2196261682232728,1.4413145539906103,0.0,0.09523809523582767,0.28571428570748303
65,gemma,10.763157894736842,40.02285318559556,0.2407407407396262,1.451851851851852,0.15789473683795016,0.05263157894598339,0.23684210525692523
65,gemma,9.738095238095237,27.526643990929703,0.1932367149749119,1.4166666666666667,0.0,0.09523809523582767,0.42857142856122454
65,gemma,10.695652173913043,40.47258979206049,0.21825396825310217,1.4416666666666667,0.0,0.0,0.3913043478175804
65,gemma,8.60377358490566,23.031683873264505,0.21428571428481394,1.4466666666666668,0.03773584905589178,0.11320754716767534,0.30188679244713423
66,gemma,14.25925925925926,57.00685871056242,0.18279569892374842,1.488,0.14814814814266117,0.11111111110699588,0.7037037036776406
66,gemma,11.906976744186046,60.36343969713358,0.22093023255728322,1.5776892430278884,0.13953488371768524,0.16279069767063278,0.4651162790589508
66,gemma,13.433333333333334,34.912222222222226,0.21989528795696392,1.4987277353689568,0.06666666666444444,0.09999999999666667,0.5333333333155555
66,gemma,12.891891891891891,31.98831263696129,0.23599999999905602,1.488272921108742,0.054054054052593135,0.10810810810518627,0.5135135134996348
66,gemma,13.242424242424242,81.39577594123048,0.23853211009064895,1.5082352941176471,0.1818181818126722,0.06060606060422406,0.6363636363443527
67,gemma,12.86046511627907,54.58518117901569,0.2258064516120939,1.4319419237749547,0.13953488371768524,0.06976744185884262,0.4418604651060033
67,gemma,9.92156862745098,42.66051518646674,0.2368421052622675,1.404,0.31372549018992696,0.11764705882122262,0.6078431372429836
67,gemma,9.3125,40.048177083333336,0.21973094170305055,1.4220183486238531,0.41666666665798613,0.20833333332899306,0.541666666655382
67,gemma,11.0,35.86046511627907,0.24576271186336543,1.4063829787234043,0.13953488371768524,0.1162790697647377,0.511627906964846
67,gemma,12.1,40.339999999999996,0.20816326530527282,1.386892177589852,0.49999999998750005,0.0999999999975,0.54999999998625
68,gemma,10.295454545454545,36.2081611570248,0.24803149606201563,1.4721603563474388,0.4999999999886364,0.1363636363605372,0.2954545454478306
68,gemma,13.935483870967742,39.86680541103017,0.23404255319049344,1.5352112676056338,0.3870967741810614,0.1290322580603538,0.2580645161207076
68,gemma,12.357142857142858,25.89625850340136,0.2659932659923704,1.541501976284585,0.3809523809433107,0.14285714285374151,0.33333333332539683
68,gemma,12.463414634146341,41.76085663295657,0.2412587412578977,1.6500994035785288,0.04878048780368829,0.1219512195092207,0.2682926829202856
68,gemma,11.571428571428571,30.38775510204082,0.23999999999912727,1.550420168067227,0.47619047617913834,0.11904761904478459,0.3809523809433107
69,gemma,10.76086956521739,44.051512287334596,0.2702702702692268,1.4876543209876543,0.3043478260803403,0.04347826086862004,0.4565217391205104
69,gemma,11.979166666666666,35.43706597222222,0.18918918918855004,1.411660777385159,0.41666666665798613,0.10416666666449653,0.6249999999869792
69,gemma,8.931034482758621,26.65041617122473,0.23333333333246914,1.551383399209486,0.03448275862009513,0.03448275862009513,0.4310344827511891
69,gemma,12.317073170731707,59.38726948245091,0.26353790613623274,1.5212121212121212,0.14634146341106485,0.024390243901844143,0.4878048780368828
69,gemma,10.134615384615385,29.001109467455624,0.23381294963944674,1.5096899224806202,0.26923076922559175,0.05769230769119823,0.46153846152958583
70,gemma,16.96875,55.2802734375,0.18749999999938324,1.6078799249530957,0.0,0.0,0.21874999999316408
70,gemma,15.366666666666667,47.03222222222223,0.1686746987945033,1.6114790286975718,0.0,0.0,0.29999999999
70,gemma,12.84375,47.4443359375,0.226244343890379,1.6228710462287104,0.0,0.09374999999707033,0.21874999999316408
70,gemma,13.722222222222221,37.64506172839506,0.15570934256001484,1.6224489795918366,0.1111111111080247,0.0,0.16666666666203706
70,gemma,14.148148148148149,55.311385459533604,0.19369369369282122,1.6517150395778364,0.14814814814266117,0.11111111110699588,0.33333333332098763
71,gemma,8.777777777777779,35.06172839506173,0.2410071942437374,1.3974358974358974,0.41269841269186197,0.3015873015825145,0.47619047618291765
71,gemma,10.826086956521738,57.14366729678638,0.31496062992001983,1.4612244897959183,0.5217391304234404,0.2173913043431002,0.5434782608577505
71,gemma,11.11111111111111,50.13580246913581,0.32673267326624844,1.4227504244482174,0.5925925925816187,0.35185185184533607,0.444444444436214
71,gemma,11.083333333333334,44.61805555555555,0.26254826254724883,1.4223484848484849,0.3749999999921875,0.18749999999609376,0.6458333333198785
71,gemma,10.23404255319149,36.00905387052965,0.22175732217480437,1.270042194092827,0.42553191488456316,0.12765957446536896,0.6382978723268448
72,gemma,17.041666666666668,50.62326388888889,0.24999999999897543,1.8666666666666667,0.4166666666493056,0.0833333333298611,0.1666666666597222
72,gemma,9.576923076923077,27.667159763313613,0.20384615384536983,1.5185185185185186,0.7692307692159763,0.09615384615199704,0.6346153846031806
72,gemma,17.68,100.1376,0.2918454935609792,1.5681818181818181,0.3199999999872,0.0399999999984,0.399999999984
72,gemma,10.574468085106384,32.24445450430059,0.20610687022822097,1.5918367346938775,0.21276595744228158,0.0,0.42553191488456316
72,gemma,11.88888888888889,53.987654320987644,0.18987341772071784,1.596244131455399,0.1111111111080247,0.1111111111080247,0.27777777777006174
73,gemma,9.258620689655173,24.15725326991677,0.21774193548299298,1.5191570881226053,0.827586206882283,0.1896551724105232,0.4310344827511891
73,gemma,7.9423076923076925,21.246671597633142,0.30845771144125145,1.325,1.076923076902367,0.4038461538383876,0.38461538460798816
73,gemma,9.869565217391305,44.85255198487713,0.32876712328617,1.5466970387243735,0.7826086956351608,0.36956521738327036,0.5434782608577505
73,gemma,8.416666666666666,23.976388888888888,0.3188976377940201,1.4323770491803278,0.7666666666538889,0.3499999999941667,0.4666666666588889
73,gemma,8.666666666666666,42.046783625731,0.25702811244876694,1.417536534446764,1.1929824561194213,0.42105263157156053,0.3333333333274854
74,gemma,11.23404255319149,34.306926210955176,0.25735294117552443,1.5374280230326296,0.4680851063730195,0.10638297872114079,0.42553191488456316
74,gemma,12.275,41.199374999999996,0.27380952380843726,1.5093555093555093,0.29999999999250004,0.024999999999375,0.54999999998625
74,gemma,10.162162162162161,22.189919649379107,0.2765957446793798,1.6010928961748634,0.32432432431555885,0.13513513513148284,0.5675675675522279
74,gemma,9.017857142857142,32.23182397959184,0.253012048191755,1.4828282828282828,0.6071428571320153,0.23214285713871174,0.4999999999910715
74,gemma,7.131147540983607,27.622144584789037,0.2613065326620035,1.4470588235294117,0.29508196720827734,0.4098360655670519,0.44262295081241604
75,gemma,13.083333333333334,61.909722222222236,0.1821862348170762,1.5225806451612902,0.1111111111080247,0.08333333333101853,0.49999999998611117
75,gemma,10.488888888888889,38.60543209876544,0.1999999999992,1.5333333333333334,0.39999999999111113,0.17777777777382717,0.31111111110419754
75,gemma,9.829787234042554,32.651878678134906,0.2345679012336026,1.5163398692810457,0.29787234041919425,0.2553191489307379,0.29787234041919425
75,gemma,10.511111111111111,27.183209876543216,0.17669172932264401,1.5553191489361702,0.22222222221728397,0.24444444443901236,0.37777777776938276
75,gemma,10.439024390243903,31.612135633551457,0.20762711864318803,1.5460992907801419,0.341463414625818,0.07317073170553243,0.3902439024295063
76,gemma,10.895833333333334,36.55164930555555,0.2664092664082378,1.3980392156862744,0.6249999999869792,0.08333333333159723,0.41666666665798613
76,gemma,7.714285714285714,22.307977736549166,0.22471910112275387,1.3130590339892665,0.4155844155790184,0.2077922077895092,0.441558441552707
76,gemma,10.938775510204081,49.07788421491044,0.2499999999990809,1.4061302681992338,0.6938775510062475,0.22448979591378593,0.5102040816222407
76,gemma,10.016666666666667,36.24972222222222,0.20070422535140597,1.3099824868651488,0.8333333333194445,0.2833333333286111,0.4666666666588889
76,gemma,8.982142857142858,29.231823979591834,0.275999999998896,1.352577319587629,0.5714285714183673,0.21428571428188778,0.4821428571342475
77,gemma,12.117647058823529,28.515570934256054,0.21782178217713952,1.3407960199004976,1.058823529380623,0.20588235293512114,0.49999999998529415
77,gemma,12.64516129032258,55.19667013527575,0.24867724867593294,1.3984375,0.580645161271592,0.1290322580603538,0.7096774193319458
77,gemma,10.8,46.91,0.26442307692180567,1.3708133971291867,0.64999999998375,0.12499999999687501,0.5999999999850001
77,gemma,11.878787878787879,28.95500459136823,0.22580645161168922,1.3657894736842104,0.6060606060422407,0.12121212120844813,0.6969696969485768
77,gemma,14.0,53.03448275862069,0.2572815533968093,1.4860759493670885,0.41379310343400716,0.03448275861950059,0.6551724137705113
78,gemma,11.822222222222223,30.057283950617283,0.2696245733779194,1.476280834914611,0.22222222221728397,0.04444444444345679,0.26666666666074074
78,gemma,10.7,28.690000000000005,0.19133574007151144,1.4222648752399232,0.43999999999120004,0.11999999999760001,0.47999999999040005
78,gemma,12.256410256410257,34.29322813938199,0.21513944223021858,1.4501061571125264,0.1538461538422091,0.02564102564036818,0.46153846152662725
78,gemma,9.770833333333334,29.759982638888886,0.2172284644186621,1.4924731182795699,0.3333333333263889,0.08333333333159723,0.2916666666605903
78,gemma,10.306122448979592,37.64098292378176,0.23193916349721697,1.4464646464646465,0.04081632652977926,0.06122448979466889,0.4081632652977926
79,gemma,12.486486486486486,28.736303871439002,0.17488789237589739,1.3955555555555557,0.2702702702629657,0.08108108107888971,0.5945945945785245
79,gemma,14.545454545454545,35.76308539944904,0.21739130434696685,1.5263157894736843,0.06060606060422406,0.0,0.5454545454380166
79,gemma,10.307692307692308,23.5207100591716,0.1963636363629223,1.58206106870229,0.11538461538239646,0.05769230769119823,0.6153846153727811
79,gemma,11.833333333333334,25.583333333333332,0.14414414414349486,1.4497607655502391,0.2222222222160494,0.027777777777006175,0.49999999998611117
79,gemma,12.444444444444445,35.35802469135802,0.18584070796377947,1.4266365688487586,0.05555555555401235,0.027777777777006175,0.6666666666481482
80,gemma,13.911764705882353,50.139273356401375,0.17499999999927085,1.4539614561027838,0.3529411764602077,0.11764705882006922,0.4117647058702423
80,gemma,11.659090909090908,28.95196280991735,0.16791044776056752,1.427734375,0.0909090909070248,0.0681818181802686,0.454545454535124
80,gemma,12.5,46.8,0.1797752808982031,1.4305835010060362,0.44999999998875007,0.324999999991875,0.37499999999062505
80,gemma,12.95,42.7475,0.17557251908329935,1.4322709163346614,0.199999999995,0.0,0.44999999998875007
80,gemma,15.162162162162161,35.05478451424396,0.19097222222155913,1.436265709156194,0.37837837836815197,0.10810810810518627,0.5135135134996348
81,gemma,11.0,38.0,0.12328767123231377,1.4279661016949152,0.511627906964846,0.2325581395294754,0.3953488372001082
81,gemma,11.365853658536585,28.914931588340274,0.16738197424820866,1.4859611231101513,0.5853658536442594,0.14634146341106485,0.4878048780368828
81,gemma,10.94,35.4564,0.1970260223041003,1.4172794117647058,0.43999999999120004,0.21999999999560002,0.599999999988
81,gemma,12.209302325581396,56.770146024878315,0.18461538461467455,1.4187380497131932,0.4651162790589508,0.255813953482423,0.4883720930118984
81,gemma,10.513513513513514,28.95252008765522,0.20689655172311874,1.4961038961038962,0.48648648647333825,0.10810810810518627,0.4594594594470417
82,gemma,12.738095238095237,32.28854875283447,0.25510204081545884,1.5228136882129277,0.047619047617913836,0.09523809523582767,0.3809523809433107
82,gemma,14.757575757575758,62.00183654729109,0.23904382470024285,1.5221052631578946,0.0,0.0,0.4848484848337925
82,gemma,14.764705882352942,58.35640138408305,0.28723404255217294,1.5697211155378485,0.05882352941003461,0.029411764705017305,0.3529411764602077
82,gemma,13.666666666666666,50.58585858585858,0.26562499999896244,1.5291479820627802,0.4242424242295685,0.0909090909063361,0.30303030302112033
82,gemma,16.5,53.05,0.2277580071166272,1.5061475409836065,0.0,0.03333333333222222,0.2666666666577778
83,gemma,12.25,33.604166666666664,0.20779220779153315,1.4175257731958764,0.08333333333159723,0.020833333332899308,0.43749999999088546
83,gemma,13.387096774193548,47.97918834547347,0.18103448275784037,1.457002457002457,0.1935483870905307,0.03225806451508845,0.1935483870905307
83,gemma,11.583333333333334,26.29861111111111,0.20183486238439527,1.353658536585366,0.6666666666481482,0.08333333333101853,0.4166666666550926
83,gemma,13.32258064516129,23.057232049947974,0.23109243697381895,1.4628712871287128,0.1935483870905307,0.03225806451508845,0.5483870967565037
83,gemma,11.68421052631579,23.95290858725762,0.16734693877482718,1.4090909090909092,0.5263157894598338,0.05263157894598339,0.342105263148892
84,gemma,11.906976744186046,42.130881557598705,0.20377358490489142,1.4094488188976377,0.8372093023061115,0.06976744185884262,0.4651162790589508
84,gemma,10.479166666666666,36.791232638888886,0.1901140684403418,1.3887733887733889,0.8749999999817709,0.270833333327691,0.41666666665798613
84,gemma,10.76923076923077,54.28007889546352,0.2139534883710979,1.4111922141119222,0.5128205128073636,0.20512820512294544,0.5128205128073636
84,gemma,13.720930232558139,32.94537587885343,0.23076923076849112,1.4947552447552448,0.511627906964846,0.18604651162358032,0.30232558138831805
84,gemma,12.54054054054054,60.24835646457268,0.22692307692220415,1.5634743875278396,0.7027027026837108,0.29729729728926224,0.4054054053944485
85,gemma,8.537037037037036,22.915294924554185,0.2025316455687657,1.4144144144144144,0.5925925925816187,0.05555555555452675,0.4999999999907408
85,gemma,10.928571428571429,39.63775510204081,0.18584070796377947,1.3849557522123894,0.5714285714149661,0.047619047617913836,0.45238095237018144
85,gemma,12.55813953488372,30.6652244456463,0.17164179104413568,1.4225621414913958,0.32558139534126557,0.02325581395294754,0.5813953488236885
85,gemma,11.170212765957446,38.694431869624275,0.24041811846606126,1.4158415841584158,0.3829787233961069,0.10638297872114079,0.44680851062879134
85,gemma,11.837837837837839,44.40613586559532,0.17821782178129597,1.351288056206089,0.4324324324207451,0.10810810810518627,0.4594594594470417
86,gemma,11.463414634146341,45.126710291493154,0.19622641509359914,1.6837606837606838,0.19512195121475315,0.024390243901844143,0.2682926829202856
86,gemma,12.25,50.2875,0.23484848484759527,1.5728952772073923,0.34999999999125003,0.0,0.324999999991875
86,gemma,11.042553191489361,32.0832956088728,0.21575342465679537,1.684108527131783,0.08510638297691264,0.04255319148845632,0.3191489361634224
86,gemma,10.930232558139535,40.204434829637634,0.20802919707953274,1.7207792207792207,0.37209302324716065,0.04651162790589508,0.30232558138831805
86,gemma,12.333333333333334,29.84126984126984,0.2535211267596707,1.6147859922178989,0.33333333332539683,0.047619047617913836,0.33333333332539683
87,gemma,14.34375,67.8505859375,0.26890756302408025,1.4292035398230087,0.18749999999414066,0.0,0.49999999998437505
87,gemma,12.911764705882353,47.962802768166085,0.23111111111008395,1.4475524475524475,0.0,0.029411764705017305,0.38235294116522495
87,gemma,11.883720930232558,34.19578150351541,0.22857142857061225,1.4543650793650793,0.13953488371768524,0.04651162790589508,0.34883720929421314
87,gemma,11.352941176470589,43.44405997693195,0.2605633802807727,1.375886524822695,0.03921568627374087,0.07843137254748174,0.5098039215586313
87,gemma,12.567567567567568,54.46165084002922,0.27433628318462683,1.4509803921568627,0.0,0.24324324323666913,0.4324324324207451
88,gemma,14.11111111111111,26.320987654320984,0.26666666666562094,1.4451097804391217,0.05555555555401235,0.0,0.4444444444320988
88,gemma,10.340909090909092,26.497417355371905,0.22649572649475858,1.487750556792873,0.0,0.0454545454535124,0.4318181818083678
88,gemma,10.48076923076923,29.749630177514796,0.2361623616227448,1.4428044280442804,0.03846153846079882,0.05769230769119823,0.48076923075998523
88,gemma,10.317073170731707,22.558001189767996,0.2616822429894314,1.4412470023980815,0.09756097560737657,0.09756097560737657,0.5609756097424152
88,gemma,10.357142857142858,20.848639455782312,0.26991150442358447,1.4013921113689096,0.0,0.14285714285374151,0.42857142856122454
89,gemma,11.369565217391305,34.406899810964084,0.20437956204304972,1.510597302504817,0.3913043478175804,0.2173913043431002,0.3260869565146503
89,gemma,13.292682926829269,40.548483045806066,0.183520599250249,1.415270018621974,0.4878048780368828,0.1219512195092207,0.5365853658405711
89,gemma,12.243243243243244,26.832724616508397,0.2170212765948212,1.4481236203090508,0.10810810810518627,0.0,0.5405405405259314
89,gemma,11.270833333333334,37.90581597222222,0.18181818181749312,1.4887640449438202,0.41666666665798613,0.16666666666319446,0.45833333332378473
89,gemma,13.057142857142857,64.56816326530613,0.19282511210675865,1.3666666666666667,0.6285714285534695,0.14285714285306123,0.5714285714122449
90,gemma,11.435897435897436,47.93819855358317,0.2510638297861657,1.5237020316027088,0.05128205128073636,0.02564102564036818,0.46153846152662725
90,gemma,12.804878048780488,57.083878643664484,0.23308270676604106,1.4615384615384615,0.0,0.0,0.4878048780368828
90,gemma,10.2,47.626666666666665,0.30172413792973396,1.4864864864864864,0.04444444444345679,0.13333333333037037,0.42222222221283956
90,gemma,13.552631578947368,50.56301939058172,0.2302405498273875,1.4980314960629921,0.0,0.026315789472991694,0.6052631578788089
90,gemma,10.772727272727273,50.811983471074385,0.2195121951210589,1.4935622317596566,0.1363636363605372,0.1590909090872934,0.4090909090816116
91,gemma,12.166666666666666,28.853174603174597,0.19188191881848016,1.554240631163708,0.0,0.0,0.4999999999880953
91,gemma,12.176470588235293,25.674740484429066,0.182242990653354,1.6014492753623188,0.0,0.0,0.5294117646903115
91,gemma,12.515151515151516,25.40128558310376,0.19718309859062355,1.6210268948655258,0.12121212120844813,0.0,0.4545454545316805
91,gemma,12.166666666666666,37.02777777777777,0.16877637130730475,1.5881006864988558,0.0,0.0,0.4444444444320988
91,gemma,11.571428571428571,29.863945578231295,0.17441860465048675,1.5010309278350515,0.0,0.023809523808956918,0.45238095237018144
92,gemma,8.154929577464788,18.018250347153348,0.2214983713347834,1.3754512635379061,0.33802816900932353,0.1830985915467169,0.5492957746401508
92,gemma,11.581395348837209,46.28988642509465,0.23846153846062132,1.4439834024896265,0.7906976744002164,0.2325581395294754,0.4651162790589508
92,gemma,11.465116279069768,25.783666846944296,0.243999999999024,1.4549266247379455,0.6046511627766361,0.09302325581179016,0.558139534870741
92,gemma,10.865384615384615,40.693417159763314,0.23905723905643417,1.4385321100917432,0.423076923068787,0.11538461538239646,0.48076923075998523
92,gemma,9.545454545454545,31.88429752066116,0.2610062893073553,1.3928571428571428,0.30303030302571166,0.13636363636157023,0.6818181818078513
93,gemma,12.846153846153847,46.95069033530572,0.22388059701409,1.6985743380855398,0.10256410256147272,0.07692307692110455,0.5128205128073636
93,gemma,12.030303030303031,31.544536271809,0.26511627906853436,1.6742424242424243,0.0,0.0909090909063361,0.6666666666464647
93,gemma,14.28125,44.1396484375,0.24031007751844843,1.5956043956043957,0.24999999999218753,0.03124999999902344,0.4687499999853516
93,gemma,11.75609756097561,63.111243307555014,0.2727272727262397,1.6436058700209644,0.2439024390184414,0.07317073170553243,0.36585365852766216
93,gemma,12.285714285714286,40.29931972789115,0.2359154929569158,1.708984375,0.7142857142687076,0.09523809523582767,0.6666666666507937
94,gemma,12.117647058823529,37.04498269896194,0.19665271966444917,1.5173267326732673,0.11764705882006922,0.0,0.23529411764013844
94,gemma,11.23076923076923,34.741617357001964,0.1904761904753659,1.4731934731934733,0.46153846152662725,0.10256410256147272,0.2564102564036818
94,gemma,14.064516129032258,51.67325702393341,0.1752988047801781,1.5614849187935034,0.1290322580603538,0.0,0.1290322580603538
94,gemma,11.974358974358974,40.2301117685733,0.15859030836934543,1.4385964912280702,0.1538461538422091,0.17948717948257728,0.2564102564036818
94,gemma,10.9,23.890000000000004,0.22026431717964642,1.5465116279069768,0.199999999995,0.0,0.37499999999062505
95,gemma,12.0,32.78947368421053,0.1611570247927225,1.5066964285714286,0.2631578947299169,0.0,0.39473684209487536
95,gemma,10.930232558139535,34.90210924824229,0.20992366412133617,1.4732334047109208,0.511627906964846,0.16279069767063278,0.41860465115305573
95,gemma,10.27450980392157,34.159938485198,0.2535211267596707,1.5029126213592232,0.11764705882122262,0.0,0.41176470587427916
95,gemma,17.0,34.869565217391305,0.2211538461527829,1.6629213483146068,0.7826086956181475,0.13043478260302457,0.21739130433837428
95,gemma,12.024390243902438,37.87745389649019,0.19047619047543463,1.5072164948453608,0.14634146341106485,0.04878048780368829,0.512195121938727
96,gemma,12.88888888888889,44.043209876543216,0.255999999998976,1.4497816593886463,0.3888888888780865,0.05555555555401235,0.3888888888780865
96,gemma,17.11111111111111,92.61728395061728,0.1999999999992,1.5403050108932461,0.37037037035665293,0.03703703703566529,0.48148148146364883
96,gemma,15.68,54.6176,0.26767676767541576,1.4479166666666667,0.3199999999872,0.1199999999952,0.4799999999808
96,gemma,16.185185185185187,34.521262002743484,0.24675324675217858,1.5011494252873563,0.37037037035665293,0.0,0.5555555555349794
96,gemma,12.527777777777779,39.860339506172835,0.2336065573760918,1.400447427293065,0.3333333333240741,0.027777777777006175,0.5833333333171297
97,gemma,13.545454545454545,56.36914600550964,0.23999999999904,1.6207674943566592,0.4242424242295685,0.1818181818126722,0.4545454545316805
97,gemma,10.956521739130435,25.172022684310022,0.24723247232381096,1.5120967741935485,0.3043478260803403,0.0,0.47826086955482044
97,gemma,12.159090909090908,46.224690082644635,0.2474226804115209,1.5635673624288424,0.3181818181745868,0.0454545454535124,0.4999999999886364
97,gemma,14.90625,49.0849609375,0.2357723577226188,1.5546038543897216,0.06249999999804688,0.0,0.3749999999882813
97,gemma,11.227272727272727,48.81198347107438,0.2651515151505108,1.5093555093555093,0.3181818181745868,0.0454545454535124,0.6136363636224174
98,gemma,14.5,66.72619047619048,0.22881355932138753,1.6316666666666666,0.33333333332539683,0.11904761904478459,0.2619047618985261
98,gemma,14.333333333333334,52.88888888888889,0.23100303951297568,1.5417376490630323,0.42857142856122454,0.11904761904478459,0.28571428570748303
98,gemma,14.707317073170731,45.76799524092802,0.22023809523743978,1.6305084745762712,0.3902439024295063,0.1219512195092207,0.31707317072397384
98,gemma,10.755102040816327,50.59308621407747,0.2278911564618099,1.5913555992141455,0.9795918367147023,0.3265306122382341,0.16326530611911705
98,gemma,11.571428571428571,55.42857142857143,0.2019867549662186,1.508108108108108,0.9795918367147023,0.2653061224435652,0.3265306122382341
99,gemma,12.512195121951219,36.786436644854255,0.24163568773144375,1.5166994106090372,0.19512195121475315,0.024390243901844143,0.5365853658405711
99,gemma,10.69047619047619,25.8327664399093,0.2731092436963315,1.484304932735426,0.14285714285374151,0.023809523808956918,0.5476190476060091
99,gemma,14.5,36.75,0.2693726937259433,1.4258188824662814,0.05555555555401235,0.0,0.5277777777631173
99,gemma,15.151515151515152,46.49219467401286,0.230452674896171,1.517102615694165,0.06060606060422406,0.0,0.7272727272506888
99,gemma,12.232558139534884,33.57382368848025,0.2599277978329967,1.4865900383141764,0.18604651162358032,0.06976744185884262,0.4651162790589508
100,gemma,15.63888888888889,32.84182098765432,0.16129032258012488,1.424187725631769,0.3888888888780865,0.027777777777006175,0.5277777777631173
100,gemma,18.03448275862069,63.75743162901308,0.20284697508824612,1.4817658349328215,0.20689655171700358,0.0,0.41379310343400716
100,gemma,15.282051282051283,38.458908612754776,0.17538461538407574,1.4839797639123102,0.10256410256147272,0.0,0.3333333333247864
100,gemma,14.419354838709678,35.27575442247658,0.2297872340415754,1.4363636363636363,0.0,0.0,0.3548387096659729
100,gemma,17.75862068965517,75.49346016646848,0.22471910112275387,1.4260355029585798,0.27586206895600474,0.0,0.48275862067300834
101,gemma,12.068181818181818,56.74535123966941,0.23076923076834321,1.4990548204158791,0.2727272727210744,0.1363636363605372,0.3863636363548554
101,gemma,11.794871794871796,46.11176857330703,0.29333333333202966,1.449339207048458,0.0,0.05128205128073636,0.43589743588625907
101,gemma,10.883720930232558,21.68415359653867,0.23829787233941152,1.4451612903225806,0.32558139534126557,0.06976744185884262,0.4651162790589508
101,gemma,13.333333333333334,41.299145299145295,0.26523297490944364,1.539651837524178,0.0,0.05128205128073636,0.4102564102458909
101,gemma,11.736842105263158,48.45706371191135,0.23451327433524552,1.452054794520548,0.05263157894598339,0.0,0.2894736842029086
102,gemma,12.704545454545455,73.66270661157027,0.2046204620455293,1.4358047016274864,0.1818181818140496,0.0454545454535124,0.3636363636280992
102,gemma,11.076923076923077,35.40433925049308,0.17446808510564057,1.4651162790697674,0.6153846153688364,0.0,0.4102564102458909
102,gemma,17.821428571428573,89.36096938775509,0.16465863453749133,1.4662576687116564,0.357142857130102,0.0,0.5357142856951531
102,gemma,12.076923076923077,58.48126232741617,0.22709163346523073,1.4270152505446623,0.5128205128073636,0.1538461538422091,0.3333333333247864
102,gemma,13.35897435897436,86.07626561472715,0.16845878136140338,1.4776699029126215,0.2564102564036818,0.07692307692110455,0.35897435896515456
103,gemma,12.5,39.838235294117645,0.272340425530756,1.4508393285371703,0.588235294100346,0.029411764705017305,0.32352941175519034
103,gemma,11.0,38.81818181818182,0.27480916030429464,1.4873949579831933,0.0909090909070248,0.0,0.4999999999886364
103,gemma,11.588235294117647,31.71280276816609,0.21800947867195258,1.4738219895287958,0.5294117646903115,0.029411764705017305,0.5588235293953288
103,gemma,13.647058823529411,41.581314878892734,0.19183673469309456,1.5022321428571428,0.294117647050173,0.05882352941003461,0.49999999998529415
103,gemma,16.033333333333335,82.96555555555554,0.23954372623483064,1.6004273504273505,0.0,0.0,0.6666666666444444
104,gemma,12.931818181818182,35.927169421487605,0.18794326241068107,1.3691756272401434,0.0454545454535124,0.0454545454535124,0.568181818168905
104,gemma,12.866666666666667,25.09333333333334,0.2549668874163743,1.4128919860627178,0.35555555554765433,0.04444444444345679,0.6888888888735804
104,gemma,13.119047619047619,56.15249433106574,0.22887323943581384,1.4063079777365493,0.047619047617913836,0.047619047617913836,0.5714285714149661
104,gemma,13.72972972972973,50.791818845872896,0.20622568093304972,1.4111776447105788,0.0,0.0,0.4594594594470417
104,gemma,11.377777777777778,25.21283950617284,0.1760299625461572,1.4291338582677164,0.22222222221728397,0.06666666666518518,0.5111111110997532
105,gemma,13.853658536585366,27.295657346817375,0.23549488054527135,1.4145454545454546,0.09756097560737657,0.0,0.6341463414479477
105,gemma,14.333333333333334,41.68888888888888,0.2283105022820625,1.477434679334917,0.06666666666444444,0.06666666666444444,0.59999999998
105,gemma,13.027777777777779,29.749228395061728,0.2297872340415754,1.5704989154013016,0.05555555555401235,0.027777777777006175,0.6111111110941359
105,gemma,14.236842105263158,37.9702216066482,0.22413793103370988,1.5,0.10526315789196677,0.0,0.49999999998684214
105,gemma,12.096153846153847,44.43306213017752,0.2179487179480194,1.4159869494290376,0.0,0.0,0.5384615384511835
106,gemma,10.25,40.645833333333336,0.1921568627443445,1.4033264033264032,0.3333333333263889,0.16666666666319446,0.47916666665668406
106,gemma,9.18,38.34759999999999,0.13414634146286933,1.5235955056179775,0.23999999999520003,0.1399999999972,0.45999999999080005
106,gemma,10.382978723404255,21.215029425079223,0.18217054263495283,1.4240506329113924,0.17021276595382528,0.02127659574422816,0.48936170211724767
106,gemma,11.24390243902439,20.867340868530636,0.1570247933877809,1.4766146993318485,0.43902439023319456,0.07317073170553243,0.41463414633135043
106,gemma,13.609756097560975,35.311124330755504,0.2040816326523671,1.492619926199262,0.2926829268221297,0.04878048780368829,0.4878048780368828
107,gemma,15.428571428571429,101.61632653061224,0.21269841269773748,1.715648854961832,0.5714285714122449,0.22857142856489798,0.45714285712979597
107,gemma,12.0,43.06122448979592,0.2543352601148719,1.702608695652174,0.7551020408009164,0.18367346938400667,0.36734693876801333
107,gemma,10.518518518518519,44.43484224965706,0.21587301587233057,1.6818181818181819,0.6296296296179699,0.27777777777263374,0.35185185184533607
107,gemma,12.0,52.78048780487805,0.25177304964449726,1.6485355648535565,0.6341463414479477,0.3902439024295063,0.4634146341350387
107,gemma,13.428571428571429,56.30204081632652,0.2007722007714256,1.6470588235294117,0.9142857142595919,0.14285714285306123,0.28571428570612245
108,gemma,14.78125,42.1083984375,0.270370370369369,1.6319148936170214,0.18749999999414066,0.12499999999609376,0.34374999998925787
108,gemma,11.03921568627451,45.018069973087286,0.23566878980816666,1.5368043087971275,0.2745098039161861,0.07843137254748174,0.47058823528489047
108,gemma,13.106382978723405,42.64825712992304,0.2245508982029205,1.5516666666666667,0.5957446808383885,0.10638297872114079,0.531914893605704
108,gemma,12.113636363636363,52.37345041322314,0.2610169491516576,1.5028462998102468,0.3181818181745868,0.113636363633781,0.340909090901343
108,gemma,12.268292682926829,52.147531231409886,0.2481481481472291,1.5702479338842976,0.3902439024295063,0.2439024390184414,0.4878048780368828
109,gemma,8.150943396226415,36.543253826984696,0.2688679245270337,1.3559718969555035,0.7547169811178356,0.30188679244713423,0.5283018867824849
109,gemma,10.389830508474576,36.71243895432347,0.18566775244239198,1.443894389438944,0.3728813559258834,0.05084745762625682,0.4067796610100546
109,gemma,12.041666666666666,36.62326388888889,0.20430107526808494,1.4230769230769231,0.3333333333263889,0.020833333332899308,0.6666666666527779
109,gemma,13.054054054054054,83.02410518626735,0.21484374999916078,1.5051975051975053,0.5405405405259314,0.10810810810518627,0.32432432431555885
109,gemma,8.754716981132075,28.411534353862578,0.21973094170305055,1.415929203539823,0.5660377358383767,0.1886792452794589,0.6603773584781061
110,gemma,10.875,40.359375,0.1864406779653117,1.4046511627906977,0.29999999999250004,0.22499999999437503,0.42499999998937504
110,gemma,12.023809523809524,29.547052154195008,0.19097222222155913,1.5030425963488845,0.19047619047165534,0.16666666666269842,0.42857142856122454
110,gemma,9.959183673469388,36.97792586422324,0.175999999999296,1.3771186440677967,0.6122448979466889,0.1428571428542274,0.44897959182757186
110,gemma,9.647058823529411,29.914648212226066,0.18571428571362245,1.5311203319502074,0.5490196078323722,0.23529411764244523,0.35294117646366785
110,gemma,12.435897435897436,55.476660092044696,0.2243346007596033,1.4957805907172996,0.46153846152662725,0.28205128204405,0.35897435896515456
111,gemma,12.142857142857142,48.36734693877551,0.25342465753337867,1.4127806563039724,0.0,0.0,0.4693877550924615
111,gemma,12.105263157894736,26.831024930747922,0.24267782426676704,1.4647577092511013,0.0,0.0,0.342105263148892
111,gemma,12.214285714285714,32.35884353741496,0.1762452107272941,1.4644268774703557,0.0,0.023809523808956918,0.5476190476060091
111,gemma,13.5,52.55,0.1908127208473823,1.4583333333333333,0.04999999999875,0.024999999999375,0.44999999998875007
111,gemma,14.314285714285715,37.644081632653055,0.2125984251960134,1.4597938144329896,0.0,0.057142857141224496,0.4857142857004082
112,gemma,10.978260869565217,32.62996219281663,0.22440944881801414,1.436105476673428,0.3043478260803403,0.06521739130293006,0.4565217391205104
112,gemma,13.387096774193548,50.62434963579605,0.24311926605393067,1.4188861985472154,0.6451612903017689,0.09677419354526536,0.3870967741810614
112,gemma,13.68421052631579,40.26869806094182,0.24124513618583174,1.535294117647059,0.3157894736759003,0.0,0.6315789473518006
112,gemma,11.0,46.91304347826087,0.2346570397103442,1.47,0.4347826086862004,0.02173913043431002,0.3913043478175804
112,gemma,11.58974358974359,51.113740959894805,0.22123893805211842,1.5136363636363637,0.5641025640881,0.05128205128073636,0.48717948716699544
113,gemma,11.92156862745098,37.09188773548635,0.21538461538395268,1.522689075630252,0.31372549018992696,0.05882352941061131,0.41176470587427916
113,gemma,13.235294117647058,30.356401384083043,0.22175732217480437,1.487584650112867,0.4705882352802769,0.08823529411505192,0.6470588235103807
113,gemma,9.140625,29.839599609375,0.2948717948708498,1.4325744308231174,0.5624999999912109,0.0781249999987793,0.5624999999912109
113,gemma,10.6,29.189999999999998,0.20704845814886763,1.4471153846153846,0.34999999999125003,0.04999999999875,0.5999999999850001
113,gemma,12.4,46.540000000000006,0.26356589147184667,1.4373716632443532,0.54999999998625,0.07499999999812501,0.5999999999850001
114,gemma,11.390243902439025,89.06722189173111,0.21153846153764794,1.5664488017429194,0.4878048780368828,0.3902439024295063,0.2439024390184414
114,gemma,11.056603773584905,30.808116767532937,0.257575757574977,1.5634782608695652,0.7924528301737274,0.22641509433535068,0.43396226414275546
114,gemma,15.243243243243244,81.75164353542732,0.2156249999993262,1.5989208633093526,0.7027027026837108,0.08108108107888971,0.3513513513418554
114,gemma,13.052631578947368,56.47091412742382,0.23809523809442826,1.6843177189409368,0.47368421051385046,0.10526315789196677,0.23684210525692523
114,gemma,12.578947368421053,77.82271468144044,0.250896057346771,1.6321353065539113,0.47368421051385046,0.4210526315678671,0.3684210526218837
115,gemma,11.212765957446809,41.35898596650068,0.22641509433876825,1.3783783783783783,0.5531914893499321,0.10638297872114079,0.44680851062879134
115,gemma,10.510204081632653,42.98458975426905,0.24999999999899195,1.4217821782178217,0.48979591835735115,0.10204081632444816,0.5306122448871304
115,gemma,10.533333333333333,36.02666666666667,0.28270042193973544,1.359743040685225,0.5777777777649383,0.15555555555209877,0.42222222221283956
115,gemma,14.0,62.146341463414636,0.24916943521511906,1.4215167548500882,0.3902439024295063,0.14634146341106485,0.36585365852766216
115,gemma,11.613636363636363,56.00981404958679,0.27237354085497134,1.4107142857142858,0.681818181802686,0.2499999999943182,0.5454545454421488
116,gemma,16.451612903225808,54.50572320499479,0.23076923076834321,1.4780876494023905,0.5161290322414152,0.0,0.290322580635796
116,gemma,12.545454545454545,64.85399449035812,0.24545454545342976,1.5901234567901235,0.06060606060422406,0.03030303030211203,0.4242424242295685
116,gemma,15.11111111111111,49.432098765432094,0.18345323740941205,1.6044776119402986,0.2222222222160494,0.05555555555401235,0.5277777777631173
116,gemma,8.096153846153847,34.279215976331365,0.21757322175641183,1.6225490196078431,0.34615384614718936,0.28846153845599115,0.28846153845599115
116,gemma,12.31578947368421,58.63711911357341,0.19391634980914862,1.5531453362255965,0.3684210526218837,0.026315789472991694,0.3157894736759003
117,gemma,13.382352941176471,41.11851211072664,0.2213438735169117,1.4642857142857142,0.23529411764013844,0.029411764705017305,0.294117647050173
117,gemma,18.666666666666668,49.022222222222226,0.19601328903589366,1.3937728937728937,0.06666666666444444,0.0,0.4333333333188889
117,gemma,12.6,40.01142857142858,0.20814479637914868,1.4627906976744185,0.11428571428244899,0.028571428570612248,0.5142857142710204
117,gemma,11.194444444444445,36.21219135802469,0.22842639593792677,1.3969465648854962,0.2222222222160494,0.05555555555401235,0.5555555555401235
117,gemma,15.266666666666667,35.1288888888889,0.32314410480208233,1.3590909090909091,0.4666666666511111,0.0,0.7999999999733334
118,gemma,12.675,55.66937499999999,0.2344322344313757,1.51340206185567,0.64999999998375,0.12499999999687501,0.42499999998937504
118,gemma,14.105263157894736,46.51523545706371,0.20274914089277407,1.5996204933586338,0.3684210526218837,0.10526315789196677,0.47368421051385046
118,gemma,11.673913043478262,44.04584120982987,0.23129251700601602,1.5854126679462572,0.47826086955482044,0.1304347826058601,0.47826086955482044
118,gemma,12.0,48.18604651162791,0.24113475177219457,1.5308151093439364,0.558139534870741,0.09302325581179016,0.558139534870741
118,gemma,12.880952380952381,53.057256235827666,0.27124183006447306,1.5169811320754718,0.42857142856122454,0.11904761904478459,0.5476190476060091
119,gemma,12.295454545454545,38.70816115702479,0.206293706292985,1.5609756097560976,0.6590909090759298,0.1363636363605372,0.5227272727153927
119,gemma,14.342105263157896,48.59349030470914,0.18681318681250253,1.510091743119266,0.47368421051385046,0.0,0.47368421051385046
119,gemma,14.763157894736842,34.654432132964,0.182758620689025,1.4527629233511588,0.6315789473518006,0.15789473683795016,0.49999999998684214
119,gemma,11.83673469387755,45.891711786755515,0.16233766233713529,1.5493934142114385,0.36734693876801333,0.04081632652977926,0.55102040815202
119,gemma,12.042553191489361,60.72159348121322,0.17421602787395743,1.499108734402852,0.42553191488456316,0.08510638297691264,0.531914893605704
120,gemma,19.5,132.35,0.23529411764590544,1.5471204188481675,0.19999999999,0.099999999995,0.4499999999775
120,gemma,15.464285714285714,46.60586734693878,0.20276497695759096,1.392434988179669,0.07142857142602041,0.07142857142602041,0.4642857142691327
120,gemma,12.38888888888889,44.459876543209866,0.188596491227243,1.4,0.7222222222021606,0.05555555555401235,0.472222222209105
120,gemma,16.033333333333335,58.43222222222222,0.24999999999909422,1.4531914893617022,0.5333333333155555,0.09999999999666667,0.4333333333188889
120,gemma,20.217391304347824,98.43100189035916,0.24999999999892242,1.4285714285714286,0.0,0.0,0.5217391304120983
121,gemma,9.411764705882353,22.20299884659747,0.23809523809436597,1.5263157894736843,0.5098039215586313,0.29411764705305654,0.35294117646366785
121,gemma,7.964912280701754,29.1917513080948,0.26377952755801665,1.4642857142857142,0.35087719297630043,0.21052631578578027,0.4736842105180056
121,gemma,7.568965517241379,29.279726516052317,0.22767857142755502,1.4495412844036697,0.17241379310047564,0.17241379310047564,0.4137931034411415
121,gemma,8.363636363636363,36.95867768595042,0.23489932885827217,1.4513761467889907,0.181818181815427,0.22727272726928374,0.31818181817699726
121,gemma,7.880597014925373,17.53798173312542,0.28671328671228424,1.3692307692307693,0.26865671641390065,0.16417910447516149,0.3582089552185342
122,gemma,13.444444444444445,32.858024691358025,0.21323529411686312,1.5291666666666666,0.6666666666481482,0.1111111111080247,0.3055555555470679
122,gemma,12.18421052631579,47.25554016620499,0.1901140684403418,1.539301310043668,0.6315789473518006,0.23684210525692523,0.39473684209487536
122,gemma,9.212765957446809,26.039837030330464,0.17479674796676914,1.5794392523364487,0.8936170212575827,0.21276595744228158,0.19148936169805345
122,gemma,12.447368421052632,28.66828254847645,0.24528301886699894,1.5698924731182795,0.5789473684058172,0.07894736841897508,0.4473684210408588
122,gemma,11.162162162162161,37.05478451424397,0.18220338982973644,1.5443349753694582,1.0270270269992696,0.48648648647333825,0.32432432431555885
123,gemma,16.125,28.296875,0.22661870503515605,1.431640625,0.12499999999609376,0.03124999999902344,0.281249999991211
123,gemma,12.545454545454545,41.747933884297524,0.2368421052623788,1.5427509293680297,0.3636363636280992,0.0454545454535124,0.4318181818083678
123,gemma,14.314285714285715,39.472653061224484,0.20224719101047847,1.509090909090909,0.342857142847347,0.08571428571183674,0.39999999998857144
123,gemma,12.340909090909092,25.17923553719008,0.27304964538910265,1.4838709677419355,0.0909090909070248,0.113636363633781,0.3636363636280992
123,gemma,13.323529411764707,33.51297577854672,0.24799999999900801,1.4446902654867257,0.11764705882006922,0.0,0.4117647058702423
124,gemma,2.044776119402985,0.3114279349521052,0.147540983605348,1.1386861313868613,0.05970149253642236,0.0,0.10447761193873914
124,gemma,2.6056338028169015,1.619123189843285,0.20909090908900826,1.037837837837838,0.22535211267288235,0.028169014084110294,0.46478873238781987
124,gemma,2.7547169811320753,1.0530437878248486,0.12962962962842936,1.0753424657534247,0.26415094339124245,0.03773584905589178,0.339622641503026
124,gemma,2.5806451612903225,0.7918834547346515,0.21999999999853334,1.10062893081761,0.032258064515608746,0.0,0.016129032257804373
124,gemma,2.56140350877193,0.8778085564789168,0.18852459016238915,1.1575342465753424,0.10526315789289013,0.0,0.14035087719052017
125,gemma,10.211538461538462,28.782174556213015,0.23103448275782404,1.4526112185686655,0.6923076922943787,0.17307692307359468,0.34615384614718936
125,gemma,16.225806451612904,95.33610822060353,0.24513618676947418,1.4525252525252526,0.2580645161207076,0.0645161290301769,0.4516129032112383
125,gemma,12.44,45.6464,0.21183800622986967,1.434640522875817,0.43999999999120004,0.059999999998800006,0.49999999999000005
125,gemma,11.38,56.755599999999994,0.25531914893526486,1.4165170556552962,0.6399999999872,0.1599999999968,0.43999999999120004
125,gemma,12.152173913043478,53.6507561436673,0.1700680272103059,1.3697632058287796,0.3913043478175804,0.15217391304017014,0.4565217391205104
126,gemma,11.40625,28.9287109375,0.23913043478130908,1.3475783475783476,1.124999999964844,0.34374999998925787,0.4687499999853516
126,gemma,8.452830188679245,34.17230331078676,0.24390243902339878,1.4375,0.7169811320619438,0.1886792452794589,0.28301886791918834
126,gemma,8.772727272727273,40.90289256198347,0.18749999999909855,1.4850948509485096,1.2272727272448347,0.5454545454421488,0.340909090901343
126,gemma,11.555555555555555,21.1358024691358,0.19545454545365704,1.3591022443890275,0.777777777756173,0.19444444443904324,0.2222222222160494
126,gemma,13.24390243902439,73.6478286734087,0.22866894197874174,1.422138836772983,0.682926829251636,0.170731707312909,0.4878048780368828
127,gemma,14.024390243902438,30.072575847709704,0.1661341853029836,1.4493783303730017,0.0,0.0,0.31707317072397384
127,gemma,12.333333333333334,31.972222222222218,0.1646706586821417,1.4615384615384615,0.041666666665798616,0.062499999998697923,0.41666666665798613
127,gemma,12.714285714285714,36.57142857142857,0.1783625730988937,1.4381107491856677,0.3265306122382341,0.04081632652977926,0.42857142856268227
127,gemma,15.976190476190476,23.11848072562358,0.15774647887279508,1.4343891402714932,0.09523809523582767,0.047619047617913836,0.5714285714149661
127,gemma,13.24390243902439,33.11124330755503,0.14915254237237577,1.4448669201520912,0.09756097560737657,0.0,0.41463414633135043
128,gemma,15.928571428571429,25.494897959183675,0.255999999997952,1.5296803652968036,0.14285714284693876,0.0,0.35714285711734695
128,gemma,15.19047619047619,37.58276643990929,0.20359281437003837,1.490506329113924,0.47619047616780047,0.0952380952335601,0.6666666666349206
128,gemma,13.461538461538462,50.32544378698224,0.23463687150706908,1.4431486880466473,0.3846153846005917,0.0,0.5384615384408284
128,gemma,9.958333333333334,36.289930555555564,0.24761904761668935,1.3215859030837005,0.0,0.0833333333298611,0.7083333333038194
128,gemma,12.26923076923077,53.04289940828403,0.22292993630431257,1.4455128205128205,0.0,0.038461538460059175,0.5384615384408284
129,gemma,20.466666666666665,18.915555555555557,0.23863636363500776,1.5895765472312704,0.0,0.0,0.06666666666222222
129,gemma,19.571428571428573,31.673469387755098,0.18787878787764922,1.5714285714285714,0.0,0.0,0.0
129,gemma,23.90909090909091,42.8099173553719,0.20915032679601864,1.5458015267175573,0.0,0.0,0.18181818180165288
129,gemma,21.4,29.706666666666667,0.20634920634811457,1.653125,0.0,0.0,0.19999999998666668
129,gemma,20.0,17.857142857142858,0.1801242236013657,1.4892857142857143,0.0,0.0,0.21428571427040816
130,gemma,14.75,73.0,0.21428571428475765,1.3771551724137931,0.12499999999609376,0.06249999999804688,0.49999999998437505
130,gemma,11.166666666666666,59.99603174603175,0.26635514018567125,1.3422222222222222,0.14285714285374151,0.047619047617913836,0.5952380952239229
130,gemma,11.352941176470589,52.463667820069205,0.21910112359427472,1.2981029810298104,0.23529411764013844,0.1470588235250865,0.4705882352802769
130,gemma,10.444444444444445,29.524691358024693,0.2459016393429186,1.3398876404494382,0.0,0.027777777777006175,0.49999999998611117
130,gemma,11.513513513513514,54.30387143900657,0.23762376237506128,1.3349633251833741,0.16216216215777943,0.0,0.7027027026837108
131,gemma,11.133333333333333,35.404444444444444,0.21886792452747597,1.4028629856850716,0.17777777777382717,0.06666666666518518,0.39999999999111113
131,gemma,12.325581395348838,38.03353163872363,0.2267657992556626,1.3969465648854962,0.0,0.04651162790589508,0.511627906964846
131,gemma,11.595238095238095,34.33616780045352,0.2016460905341496,1.3661087866108788,0.23809523808956917,0.07142857142687076,0.5714285714149661
131,gemma,12.369565217391305,53.711247637051045,0.22895622895545806,1.4341637010676156,0.2608695652117202,0.06521739130293006,0.6304347825949906
131,gemma,13.3,44.96,0.19629629629556927,1.4091778202676863,0.14999999999625002,0.12499999999687501,0.47499999998812503
132,gemma,12.125,22.309375,0.21487603305696334,1.4714587737843552,0.0999999999975,0.04999999999875,0.47499999998812503
132,gemma,14.135135135135135,35.468224981738494,0.22837370242135513,1.6165703275529866,0.0,0.10810810810518627,0.3513513513418554
132,gemma,11.465116279069768,26.388318009734988,0.19421487603225532,1.472457627118644,0.0,0.02325581395294754,0.6976744185884263
132,gemma,11.404761904761905,43.098072562358276,0.16455696202462214,1.4555084745762712,0.28571428570748303,0.047619047617913836,0.4999999999880953
132,gemma,12.763157894736842,26.075484764542935,0.155999999999376,1.606694560669456,0.05263157894598339,0.05263157894598339,0.47368421051385046
133,gemma,15.068965517241379,44.82282996432818,0.27433628318462683,1.4452214452214451,0.13793103447800237,0.0,0.4482758620535077
133,gemma,14.8125,31.33984375,0.21487603305696334,1.42548596112311,0.0,0.0,0.43749999998632816
133,gemma,13.375,67.934375,0.19999999999929827,1.4393939393939394,0.79999999998,0.17499999999562502,0.37499999999062505
133,gemma,11.617647058823529,36.353806228373706,0.28169014084374794,1.4727272727272727,0.7647058823304499,0.029411764705017305,0.38235294116522495
133,gemma,11.2,40.71,0.2252252252242107,1.4170506912442395,0.34999999999125003,0.07499999999812501,0.54999999998625
134,gemma,11.595744680851064,33.177003168854675,0.2126245847169016,1.570110701107011,0.5957446808383885,0.12765957446536896,0.44680851062879134
134,gemma,14.476190476190476,35.10657596371882,0.23749999999925783,1.5553719008264464,0.0,0.023809523808956918,0.4999999999880953
134,gemma,18.0,56.827586206896555,0.2344827586198811,1.5899419729206963,0.3448275861950059,0.06896551723900118,0.37931034481450654
134,gemma,14.76923076923077,25.100591715976332,0.2171052631571806,1.512280701754386,0.4102564102458909,0.05128205128073636,0.5128205128073636
134,gemma,15.522727272727273,46.658574380165284,0.20596205962003805,1.5156017830609212,0.0,0.0,0.3181818181745868
135,gemma,11.688888888888888,31.36987654320987,0.215384615383787,1.3747572815533982,0.35555555554765433,0.08888888888691358,0.5555555555432099
135,gemma,10.75,42.354166666666664,0.2509363295870752,1.3820662768031189,0.4999999999895834,0.0,0.47916666665668406
135,gemma,11.777777777777779,53.37283950617283,0.225190839693797,1.4192307692307693,0.39999999999111113,0.04444444444345679,0.46666666665629636
135,gemma,10.648148148148149,35.005829903978054,0.2152317880787575,1.4257950530035335,0.5185185185089164,0.07407407407270233,0.444444444436214
135,gemma,11.0,36.04255319148936,0.23605150214490966,1.2943548387096775,0.2553191489307379,0.04255319148845632,0.6382978723268448
136,gemma,11.114285714285714,24.44408163265306,0.18134715025812775,1.4675324675324675,0.057142857141224496,0.0,0.5142857142710204
136,gemma,14.435897435897436,43.11768573307035,0.28776978417162674,1.4363636363636363,0.05128205128073636,0.02564102564036818,0.6666666666495727
136,gemma,10.13953488372093,31.143320713899403,0.20370370370276064,1.3981264637002342,0.2790697674353705,0.04651162790589508,0.4883720930118984
136,gemma,11.372093023255815,35.67550027041645,0.20425531914806702,1.459915611814346,0.13953488371768524,0.02325581395294754,0.6976744185884263
136,gemma,12.35897435897436,36.33267587113742,0.2350597609552388,1.4778947368421054,0.2564102564036818,0.02564102564036818,0.48717948716699544
137,gemma,13.634146341463415,30.183224271267097,0.24203821655973873,1.4280442804428044,0.3902439024295063,0.04878048780368829,0.36585365852766216
137,gemma,14.785714285714286,23.882653061224485,0.28444444444318023,1.4691358024691359,0.0,0.0,0.42857142855612246
137,gemma,17.11111111111111,52.395061728395056,0.2868525896402914,1.4351648351648352,0.14814814814266117,0.0,0.37037037035665293
137,gemma,15.058823529411764,35.70242214532872,0.2272727272718664,1.3884462151394423,0.17647058823010384,0.11764705882006922,0.5294117646903115
137,gemma,13.179487179487179,45.685733070348455,0.25999999999913337,1.404809619238477,0.6153846153688364,0.10256410256147272,0.2564102564036818
138,gemma,8.981481481481481,20.129286694101513,0.20992366412133617,1.4535864978902953,0.1111111111090535,0.07407407407270233,0.38888888888168727
138,gemma,11.022727272727273,68.02221074380166,0.19622641509359914,1.4926624737945493,0.5454545454421488,0.227272727267562,0.227272727267562
138,gemma,9.279069767441861,37.96863169280692,0.16190476190399095,1.3871794871794871,0.7441860464943213,0.4418604651060033,0.41860465115305573
138,gemma,10.113636363636363,35.64617768595042,0.1755102040809163,1.4826789838337182,0.7727272727097108,0.4999999999886364,0.3181818181745868
138,gemma,7.982142857142857,32.80325255102041,0.2186234817804914,1.5697940503432495,0.6785714285593113,0.28571428570918367,0.39285714285012757
139,gemma,11.311111111111112,29.41432098765432,0.23636363636277688,1.482,0.6666666666518519,0.13333333333037037,0.46666666665629636
139,gemma,14.216216216216216,41.35865595325055,0.23310810810732058,1.666023166023166,0.10810810810518627,0.16216216215777943,0.5135135134996348
139,gemma,11.761904761904763,58.70521541950112,0.2078853046587531,1.549792531120332,0.8571428571224491,0.11904761904478459,0.4047619047522676
139,gemma,12.282051282051283,56.92044707429324,0.22761194029765816,1.5878524945770065,0.6153846153688364,0.1282051282018409,0.2564102564036818
139,gemma,12.930232558139535,47.32071389940509,0.2890365448495381,1.6014760147601477,0.32558139534126557,0.02325581395294754,0.5348837209177935
140,gemma,10.543478260869565,22.769848771266542,0.2509505703412511,1.4853556485355648,0.08695652173724008,0.08695652173724008,0.6304347825949906
140,gemma,11.404761904761905,21.14569160997732,0.2357414448660238,1.5127659574468084,0.047619047617913836,0.023809523808956918,0.5476190476060091
140,gemma,12.605263157894736,40.39681440443214,0.20816326530527282,1.4610526315789474,0.15789473683795016,0.026315789472991694,0.49999999998684214
140,gemma,11.581395348837209,33.49918875067605,0.23999999999904,1.4613821138211383,0.0,0.02325581395294754,0.4883720930118984
140,gemma,13.2,35.06,0.2315789473676085,1.4779270633397312,0.0,0.0,0.6999999999825001
141,gemma,11.4,40.14,0.2798353909453505,1.437641723356009,0.199999999995,0.07499999999812501,0.47499999998812503
141,gemma,11.575757575757576,58.36547291092745,0.24365482233378857,1.4133333333333333,0.24242424241689625,0.06060606060422406,0.6666666666464647
141,gemma,10.545454545454545,34.357024793388426,0.29738562091406084,1.4348591549295775,0.5454545454446281,0.12727272727041322,0.4909090909001653
141,gemma,10.181818181818182,34.14876033057852,0.26694915254124174,1.4655963302752293,0.3636363636280992,0.0681818181802686,0.5454545454421488
141,gemma,11.522727272727273,25.34039256198347,0.24137931034390278,1.4488977955911824,0.454545454535124,0.1363636363605372,0.4318181818083678
142,gemma,13.515151515151516,27.158861340679522,0.19672131147460362,1.4977168949771689,0.3636363636253444,0.03030303030211203,0.5151515151359045
142,gemma,14.5,76.30555555555556,0.196491228069486,1.4504854368932039,0.94444444441821,0.1111111111080247,0.4444444444320988
142,gemma,14.714285714285714,41.204081632653065,0.1904761904753659,1.3415233415233416,0.21428571427806123,0.035714285713010205,0.39285714284311224
142,gemma,11.256410256410257,37.1137409598948,0.20576131687158125,1.3935185185185186,0.5641025640881,0.10256410256147272,0.3846153846055227
142,gemma,12.63888888888889,31.67515432098766,0.3074074074062689,1.5,0.4444444444320988,0.027777777777006175,0.3888888888780865
143,gemma,11.380952380952381,35.09297052154195,0.25193798449514754,1.537313432835821,0.23809523808956917,0.023809523808956918,0.47619047617913834
143,gemma,14.628571428571428,39.547755102040824,0.2437275985654347,1.5956607495069033,0.22857142856489798,0.028571428570612248,0.42857142855918373
143,gemma,11.447368421052632,29.931440443213294,0.2540983606546963,1.4894117647058824,0.2631578947299169,0.0,0.4473684210408588
143,gemma,12.282051282051283,47.843523997370156,0.29007633587675546,1.4851694915254237,0.2564102564036818,0.05128205128073636,0.35897435896515456
143,gemma,10.081632653061224,24.31986672219908,0.24999999999913194,1.5430327868852458,0.2040816326488963,0.04081632652977926,0.4693877550924615
144,gemma,11.522727272727273,44.113119834710744,0.19083969465576017,1.5871743486973948,0.0,0.0,0.454545454535124
144,gemma,11.5,34.726190476190474,0.18146718146648083,1.6659574468085105,0.14285714285374151,0.09523809523582767,0.3571428571343538
144,gemma,9.482142857142858,28.99968112244898,0.17114093959674115,1.6137667304015297,0.07142857142729592,0.053571428570471945,0.19642857142506379
144,gemma,13.093023255813954,34.037858301784745,0.2322580645153798,1.6486486486486487,0.18604651162358032,0.02325581395294754,0.37209302324716065
144,gemma,13.4375,39.74609375,0.19886363636307142,1.6858475894245724,0.08333333333159723,0.062499999998697923,0.270833333327691
145,gemma,14.91891891891892,67.4799123447772,0.17391304347763076,1.4422018348623853,0.32432432431555885,0.027027027026296568,0.48648648647333825
145,gemma,12.763157894736842,38.44390581717451,0.22891566264968308,1.4874476987447698,0.2631578947299169,0.0,0.7368421052437674
145,gemma,11.837209302325581,24.694429421308815,0.23015873015781685,1.4228456913827656,0.4651162790589508,0.1162790697647377,0.4418604651060033
145,gemma,13.055555555555555,38.2746913580247,0.18614718614638032,1.4978260869565216,0.3333333333240741,0.0,0.3611111111010803
145,gemma,15.0,43.333333333333336,0.21610169491433856,1.517453798767967,0.3636363636253444,0.0,0.5757575757401286
146,gemma,19.344827586206897,53.053507728894175,0.264331210190241,1.5224416517055654,0.0,0.0,0.6206896551510107
146,gemma,16.153846153846153,39.8224852071006,0.26200873362331,1.5560859188544154,0.0,0.11538461538017751,0.3076923076804734
146,gemma,13.9,37.440000000000005,0.24028268551151843,1.4056603773584906,0.0,0.024999999999375,0.49999999998750005
146,gemma,12.8125,29.58984375,0.3318965517227074,1.5036674816625917,0.0,0.0,0.3749999999882813
146,gemma,13.972222222222221,28.193672839506174,0.25939849623962635,1.42,0.0,0.0,0.5277777777631173
147,gemma,17.807692307692307,47.693786982248525,0.22568093385126195,1.5426695842450766,0.1538461538402367,0.0,0.3076923076804734
147,gemma,16.766666666666666,54.312222222222225,0.2267657992556626,1.4538152610441768,0.0,0.0,0.2666666666577778
147,gemma,14.9,40.35666666666667,0.22033898304991384,1.4943820224719102,0.06666666666444444,0.0,0.49999999998333333
147,gemma,15.666666666666666,35.62222222222223,0.15999999999936002,1.4828326180257512,0.0,0.0,0.49999999998333333
147,gemma,13.266666666666667,39.528888888888886,0.22972972972869493,1.4597989949748744,0.0,0.0,0.3999999999866667
148,gemma,12.928571428571429,47.56632653061224,0.21276595744567678,1.4422535211267606,0.0,0.0,0.357142857130102
148,gemma,22.714285714285715,67.6326530612245,0.20353982300794896,1.374468085106383,0.0,0.0,0.6190476190181405
148,gemma,15.03225806451613,39.77315296566076,0.1601731601724668,1.3725490196078431,0.0645161290301769,0.0,0.580645161271592
148,gemma,16.85185185185185,32.79286694101509,0.24663677129934244,1.4096916299559472,0.14814814814266117,0.0,0.5555555555349794
148,gemma,17.5,55.45,0.2222222222213708,1.5098039215686274,0.1333333333288889,0.0,0.59999999998
149,gemma,12.973684210526315,36.02562326869806,0.2569169960464154,1.3727087576374746,0.10526315789196677,0.0,0.49999999998684214
149,gemma,13.314285714285715,36.44408163265306,0.25847457627009124,1.4495614035087718,0.0,0.057142857141224496,0.39999999998857144
149,gemma,11.088888888888889,20.52543209876543,0.21673003802198962,1.5221774193548387,0.26666666666074074,0.15555555555209877,0.35555555554765433
149,gemma,10.433962264150944,46.92488430046281,0.21863799283075758,1.413162705667276,0.15094339622356712,0.07547169811178356,0.509433962254539
149,gemma,8.0,24.548387096774192,0.24799999999900801,1.3732251521298176,0.48387096773413113,0.14516129032023933,0.4193548387029137
150,gemma,10.704545454545455,41.38997933884298,0.21115537848521454,1.3763440860215055,0.2727272727210744,0.1363636363605372,0.4999999999886364
150,gemma,11.42,44.4436,0.2206405693942326,1.5391459074733096,0.47999999999040005,0.1799999999964,0.41999999999160004
150,gemma,9.055555555555555,26.941358024691354,0.23412698412605507,1.4747899159663866,0.444444444436214,0.18518518518175583,0.4999999999907408
150,gemma,11.571428571428571,37.006802721088434,0.21224489795831739,1.4050104384133613,0.47619047617913834,0.07142857142687076,0.6190476190328799
150,gemma,10.23404255319149,34.86011770031689,0.19758064516049365,1.4621848739495797,0.42553191488456316,0.21276595744228158,0.404255319140335
151,gemma,12.916666666666666,36.076388888888886,0.2551440329207607,1.3908296943231442,0.27777777777006174,0.13888888888503087,0.472222222209105
151,gemma,14.571428571428571,56.673469387755105,0.22026431717964642,1.4306930693069306,0.357142857130102,0.035714285713010205,0.42857142855612246
151,gemma,16.37037037037037,37.93689986282579,0.20901639344176634,1.4724770642201834,0.14814814814266117,0.0,0.37037037035665293
151,gemma,14.5,57.61842105263158,0.21639344262224133,1.412523020257827,0.3157894736759003,0.026315789472991694,0.39473684209487536
151,gemma,14.340425531914894,52.43730194658215,0.19783197831924706,1.4527736131934033,0.3829787233961069,0.08510638297691264,0.404255319140335
152,gemma,19.8,47.226666666666674,0.2530864197515242,1.4137931034482758,0.39999999997333335,0.06666666666222222,0.19999999998666668
152,gemma,20.8,42.826666666666675,0.25454545454391186,1.4096774193548387,0.0,0.0,0.6666666666222222
152,gemma,16.526315789473685,52.144044321329645,0.23809523809382088,1.3961661341853036,0.10526315788919667,0.0,0.47368421050138504
152,gemma,22.307692307692307,90.05917159763314,0.1999999999986207,1.3737024221453287,0.0,0.0,0.3846153845857988
152,gemma,23.071428571428573,54.494897959183675,0.24725274725138874,1.432601880877743,0.0,0.0,0.2857142856938775
153,gemma,8.770491803278688,36.57027680730985,0.25769230769131657,1.2787524366471734,0.655737704907283,0.18032786884950283,0.49180327868046225
153,gemma,10.826086956521738,43.7523629489603,0.23749999999901042,1.3258196721311475,0.2608695652117202,0.06521739130293006,0.6521739130293006
153,gemma,10.41304347826087,59.63374291115312,0.2284482758610843,1.35181236673774,0.5652173912920605,0.1304347826058601,0.5434782608577505
153,gemma,12.727272727272727,35.83471074380165,0.26388888888797263,1.3781818181818182,0.3181818181745868,0.0681818181802686,0.4772727272618802
153,gemma,10.634615384615385,46.46264792899409,0.22222222222139917,1.323475046210721,0.38461538460798816,0.19230769230399408,0.5576923076815828
154,gemma,11.891304347826088,36.0968809073724,0.22857142857061225,1.420152091254753,0.7391304347665407,0.17391304347448017,0.3260869565146503
154,gemma,13.743589743589743,46.395792241946076,0.21146953404942126,1.473384030418251,0.6153846153688364,0.17948717948257728,0.35897435896515456
154,gemma,13.58695652173913,93.85113421550093,0.2777777777769204,1.4218487394957984,0.5217391304234404,0.1086956521715501,0.4999999999891305
154,gemma,12.948717948717949,41.58711374095989,0.22180451127736164,1.5225409836065573,0.6153846153688364,0.17948717948257728,0.46153846152662725
154,gemma,13.340909090909092,48.58832644628099,0.21035598705433542,1.478108581436077,0.6363636363491736,0.1363636363605372,0.454545454535124
155,gemma,14.289473684210526,56.73199445983381,0.24999999999918832,1.6585820895522387,0.47368421051385046,0.05263157894598339,0.47368421051385046
155,gemma,10.931818181818182,45.69989669421488,0.16799999999932802,1.5404255319148936,0.1818181818140496,0.0681818181802686,0.4772727272618802
155,gemma,11.936170212765957,58.78315980081486,0.20711974109965334,1.565217391304348,0.42553191488456316,0.04255319148845632,0.27659574467496606
155,gemma,10.883720930232558,41.63764196863169,0.28195488721698514,1.6349892008639308,0.18604651162358032,0.04651162790589508,0.41860465115305573
155,gemma,13.93939393939394,51.753902662993575,0.2734082396993505,1.653421633554084,0.30303030302112033,0.0909090909063361,0.3939393939274564
156,gemma,9.086206896551724,33.423602853745535,0.25498007968025904,1.3948919449901769,0.6206896551617123,0.20689655172057075,0.4655172413712842
156,gemma,10.148148148148149,33.42249657064472,0.24468085106296214,1.4169811320754717,0.5185185185089164,0.18518518518175583,0.35185185184533607
156,gemma,10.07843137254902,38.77816224529027,0.21074380165202172,1.3547094188376754,0.6274509803798539,0.17647058823183392,0.6078431372429836
156,gemma,10.425925925925926,37.42969821673526,0.24999999999910716,1.36996336996337,0.37037037036351167,0.222222222218107,0.5370370370270919
156,gemma,11.119047619047619,24.057256235827662,0.2612612612600844,1.4192139737991267,0.14285714285374151,0.023809523808956918,0.42857142856122454
157,gemma,10.666666666666666,45.644444444444446,0.26724137930919295,1.3851063829787233,0.7555555555387655,0.17777777777382717,0.6666666666518519
157,gemma,12.113636363636363,44.055268595041326,0.23076923076834321,1.323699421965318,0.8181818181632232,0.0681818181802686,0.6590909090759298
157,gemma,17.806451612903224,65.05931321540064,0.18819188191812475,1.365491651205937,0.1290322580603538,0.0,0.6451612903017689
157,gemma,12.628571428571428,63.89061224489795,0.21145374449246057,1.3537735849056605,0.9142857142595919,0.19999999999428572,0.45714285712979597
157,gemma,13.317073170731707,46.558001189768,0.24513618676947418,1.3333333333333333,0.14634146341106485,0.0,0.512195121938727
158,gemma,11.837837837837839,22.189919649379103,0.2511013215847969,1.461187214611872,0.0,0.027027027026296568,0.5405405405259314
158,gemma,12.88888888888889,29.476543209876542,0.21212121212049792,1.4377162629757785,0.39999999999111113,0.06666666666518518,0.5999999999866668
158,gemma,10.69811320754717,44.24848700605198,0.19655172413725328,1.5017667844522968,0.41509433961480957,0.05660377358383767,0.6226415094222143
158,gemma,13.421052631578947,29.45429362880886,0.20446096654199086,1.4941176470588236,0.15789473683795016,0.026315789472991694,0.6052631578788089
158,gemma,10.363636363636363,25.185950413223136,0.1950207468871576,1.468131868131868,0.3636363636280992,0.0454545454535124,0.5909090908956612
159,gemma,13.361702127659575,49.76278859212313,0.3042168674689632,1.4320388349514563,0.7234042553037574,0.14893617020959712,0.48936170211724767
159,gemma,11.813953488372093,64.47701460248784,0.24731182795610285,1.5130784708249496,0.511627906964846,0.06976744185884262,0.5348837209177935
159,gemma,11.975,64.174375,0.23599999999905602,1.4408602150537635,0.54999999998625,0.14999999999625002,0.574999999985625
159,gemma,10.10204081632653,22.82632236568097,0.23461538461448225,1.4196242171189979,0.5714285714169096,0.06122448979466889,0.5918367346817993
159,gemma,12.44186046511628,42.01406165494862,0.24028268551151843,1.365234375,0.7906976744002164,0.04651162790589508,0.4883720930118984
160,gemma,11.027777777777779,40.304783950617285,0.2633928571416813,1.5670886075949366,0.05555555555401235,0.027777777777006175,0.24999999999305558
160,gemma,14.035714285714286,41.24872448979591,0.259259259258059,1.4561855670103092,0.14285714285204082,0.0,0.5714285714081633
160,gemma,14.2,38.49333333333333,0.28936170212642826,1.508274231678487,0.0,0.0,0.4666666666511111
160,gemma,10.806451612903226,36.60770031217482,0.27777777777637486,1.5740181268882176,0.0,0.0,0.290322580635796
160,gemma,17.44,99.3664,0.1983471074371969,1.450574712643678,0.0,0.0,0.3199999999872
161,gemma,13.179487179487179,25.32675871137409,0.1782945736427198,1.5257936507936507,0.10256410256147272,0.07692307692110455,0.35897435896515456
161,gemma,12.5,34.107142857142854,0.20224719101047847,1.4519230769230769,0.0,0.0,0.45238095237018144
161,gemma,10.854166666666666,24.41623263888889,0.2260273972594999,1.5694980694980696,0.08333333333159723,0.041666666665798616,0.3749999999921875
161,gemma,12.676470588235293,42.748269896193776,0.16113744075753017,1.468384074941452,0.0,0.08823529411505192,0.294117647050173
161,gemma,11.195121951219512,30.35217132659131,0.24774774774663177,1.4537444933920705,0.04878048780368829,0.19512195121475315,0.3902439024295063
162,gemma,15.8125,47.02734375,0.16603773584843004,1.4850299401197604,0.12499999999609376,0.0,0.49999999998437505
162,gemma,14.555555555555555,34.46913580246914,0.1815068493144469,1.5534351145038168,0.2222222222160494,0.027777777777006175,0.3055555555470679
162,gemma,18.964285714285715,43.24872448979592,0.182758620689025,1.5284090909090908,0.0,0.0,0.42857142855612246
162,gemma,14.771428571428572,66.40489795918367,0.1950354609922162,1.6450980392156862,0.057142857141224496,0.028571428570612248,0.19999999999428572
162,gemma,17.6875,39.08984375,0.1477663230235472,1.4973166368515205,0.12499999999609376,0.0,0.4687499999853516
163,gemma,16.060606060606062,64.17814508723599,0.2057761732844557,1.462715105162524,0.3636363636253444,0.03030303030211203,0.4242424242295685
163,gemma,14.242424242424242,37.51698806244261,0.20703124999919129,1.4649122807017543,0.30303030302112033,0.03030303030211203,0.4242424242295685
163,gemma,12.512195121951219,46.59131469363474,0.20817843866093616,1.437125748502994,0.341463414625818,0.024390243901844143,0.512195121938727
163,gemma,13.307692307692308,58.5207100591716,0.21453287197157603,1.47117296222664,0.2564102564036818,0.02564102564036818,0.3846153846055227
163,gemma,13.025641025641026,64.1275476660092,0.18148148148080934,1.476861167002012,0.4102564102458909,0.05128205128073636,0.35897435896515456
164,gemma,11.74468085106383,32.65821638750566,0.2021660649812196,1.4681238615664844,0.17021276595382528,0.02127659574422816,0.5531914893499321
164,gemma,13.882352941176471,26.16262975778547,0.21317829457281715,1.4978448275862069,0.05882352941003461,0.0,0.32352941175519034
164,gemma,11.18421052631579,44.30817174515235,0.18867924528212887,1.4639423076923077,0.0,0.05263157894598339,0.4210526315678671
164,gemma,13.555555555555555,27.469135802469136,0.22592592592508917,1.397119341563786,0.05555555555401235,0.0,0.472222222209105
164,gemma,14.764705882352942,31.82698961937716,0.2350746268647945,1.496993987975952,0.11764705882006922,0.029411764705017305,0.49999999998529415
165,gemma,16.428571428571427,60.887755102040806,0.2644628099162626,1.509933774834437,0.42857142855612246,0.035714285713010205,0.5714285714081633
165,gemma,14.421052631578947,43.875346260387815,0.20289855072390256,1.5276752767527675,0.2631578947299169,0.0,0.5263157894598338
165,gemma,14.9375,38.99609375,0.18875502007956324,1.5,0.0,0.06249999999804688,0.4687499999853516
165,gemma,16.0,29.548387096774192,0.1704545454538998,1.5537525354969575,0.0645161290301769,0.0,0.4516129032112383
165,gemma,15.35483870967742,44.09989594172736,0.17760617760549188,1.5116279069767442,0.1935483870905307,0.0645161290301769,0.41935483869614987
166,gemma,15.516129032258064,47.34651404786681,0.17777777777711934,1.4644351464435146,0.0645161290301769,0.0,0.22580645160561916
166,gemma,9.829268292682928,17.458655562165376,0.1933962264141821,1.345088161209068,0.5365853658405711,0.09756097560737657,0.43902439023319456
166,gemma,13.885714285714286,29.30122448979592,0.20229007633510576,1.4173553719008265,0.1714285714236735,0.08571428571183674,0.31428571427673474
166,gemma,9.875,21.192708333333332,0.1535269709537198,1.3776824034334765,0.12499999999739585,0.0,0.6041666666540799
166,gemma,12.931818181818182,26.790805785123965,0.25786163521931493,1.4566371681415928,0.0,0.0,0.2499999999943182
167,gemma,10.7,39.21000000000001,0.23049645389989187,1.5028355387523629,0.11999999999760001,0.0799999999984,0.5399999999892
167,gemma,8.866666666666667,31.382222222222218,0.21568627450909908,1.5893536121673004,0.6333333333227779,0.1666666666638889,0.38333333332694447
167,gemma,10.434782608695652,46.89792060491494,0.26217228464321285,1.4249471458773784,0.6086956521606806,0.2173913043431002,0.3913043478175804
167,gemma,10.907407407407407,32.78772290809327,0.244372990352912,1.4775862068965517,0.33333333332716053,0.09259259259087792,0.4629629629543896
167,gemma,10.525423728813559,48.01206549841999,0.22865853658466873,1.4567699836867862,0.5762711864309107,0.2372881355891985,0.4406779660942258
168,gemma,12.113636363636363,49.2370867768595,0.2517985611501734,1.4465648854961832,0.0,0.113636363633781,0.3863636363548554
168,gemma,13.333333333333334,50.427350427350426,0.2713178294563127,1.4951267056530215,0.0,0.0,0.5897435897284682
168,gemma,14.567567567567568,46.3535427319211,0.22262773722546486,1.4542056074766354,0.10810810810518627,0.13513513513148284,0.4594594594470417
168,gemma,12.820512820512821,44.403681788297156,0.24163568773144375,1.5653923541247485,0.05128205128073636,0.05128205128073636,0.46153846152662725
168,gemma,12.818181818181818,26.694214876033058,0.2850877192969952,1.4868735083532219,0.0,0.0,0.33333333332323234
169,gemma,13.617647058823529,29.530276816609,0.1762452107272941,1.6203904555314534,0.17647058823010384,0.029411764705017305,0.49999999998529415
169,gemma,16.17241379310345,36.28061831153389,0.14693877550960432,1.6129032258064515,0.20689655171700358,0.0,0.48275862067300834
169,gemma,13.969696969696969,52.817263544536274,0.19730941703947397,1.5456521739130435,0.0,0.0,0.6969696969485768
169,gemma,13.725,33.349375,0.19999999999931034,1.4926739926739927,0.0,0.0,0.39999999999
169,gemma,15.65625,61.2880859375,0.21402214022061247,1.588,0.06249999999804688,0.0,0.5312499999833985
170,gemma,12.194444444444445,59.98996913580246,0.2738589211606894,1.5898617511520738,0.16666666666203706,0.05555555555401235,0.4166666666550926
170,gemma,9.566037735849056,42.283374866500516,0.21212121212040863,1.472,0.30188679244713423,0.03773584905589178,0.26415094339124245
170,gemma,11.571428571428571,46.29251700680272,0.28461538461429,1.494692144373673,0.47619047617913834,0.16666666666269842,0.47619047617913834
170,gemma,11.325581395348838,53.24283396430502,0.288461538460429,1.611344537815126,0.41860465115305573,0.18604651162358032,0.4883720930118984
170,gemma,10.428571428571429,38.302040816326524,0.28787878787733395,1.5826330532212884,0.342857142847347,0.0,0.2571428571355102
171,gemma,11.864864864864865,63.63038714390064,0.17374517374450293,1.6125290023201857,0.13513513513148284,0.0,0.32432432431555885
171,gemma,15.366666666666667,32.76555555555556,0.18215613382831913,1.611842105263158,0.0,0.03333333333222222,0.1666666666611111
171,gemma,12.25,42.90972222222222,0.21739130434696685,1.6529680365296804,0.0,0.0,0.27777777777006174
171,gemma,14.59375,42.8662109375,0.2518518518509191,1.5625,0.0,0.0,0.3124999999902344
171,gemma,12.81578947368421,47.676592797783925,0.23426573426491518,1.6591375770020533,0.0,0.026315789472991694,0.2631578947299169
172,gemma,11.89795918367347,38.66305705955852,0.21337579617766442,1.5711805555555556,0.2040816326488963,0.02040816326488963,0.48979591835735115
172,gemma,14.147058823529411,38.713667820069205,0.20746887966718894,1.4294736842105262,0.5294117646903115,0.029411764705017305,0.5588235293953288
172,gemma,15.678571428571429,39.432397959183675,0.25416666666560767,1.5311778290993072,0.07142857142602041,0.0,0.5357142856951531
172,gemma,11.64864864864865,25.254930606281956,0.17903930130926185,1.5339578454332552,0.21621621621037254,0.0,0.32432432431555885
172,gemma,11.28888888888889,47.76098765432099,0.21739130434703843,1.4251497005988023,0.22222222221728397,0.022222222221728396,0.46666666665629636
173,gemma,14.823529411764707,40.20415224913495,0.13333333333281047,1.4208416833667334,0.4705882352802769,0.11764705882006922,0.44117647057525955
173,gemma,12.63888888888889,53.786265432098766,0.21171171171075806,1.3736017897091723,0.777777777756173,0.19444444443904324,0.4444444444320988
173,gemma,15.933333333333334,57.395555555555546,0.17338709677349443,1.4221748400852878,0.1333333333288889,0.0,0.59999999998
173,gemma,18.391304347826086,77.54253308128544,0.2008928571419603,1.486810551558753,0.0,0.0,0.304347826073724
173,gemma,14.25,70.04464285714286,0.2009345794383134,1.515075376884422,0.14285714285204082,0.10714285713903061,0.178571428565051
174,gemma,12.131578947368421,23.851108033240997,0.22707423580686867,1.4517543859649122,0.3157894736759003,0.10526315789196677,0.7105263157707757
174,gemma,9.390243902439025,29.116002379535995,0.23563218390669177,1.3590425531914894,0.341463414625818,0.1219512195092207,0.4878048780368828
174,gemma,8.442857142857143,23.703877551020412,0.2525951557084685,1.3373493975903614,0.4571428571363265,0.09999999999857143,0.3714285714232653
174,gemma,11.542857142857143,35.96244897959184,0.2435233160609144,1.306532663316583,0.45714285712979597,0.1714285714236735,0.45714285712979597
174,gemma,8.377777777777778,30.50172839506173,0.1989247311817262,1.4093406593406594,0.7111111110953087,0.28888888888246916,0.6666666666518519
175,gemma,9.288461538461538,27.78217455621302,0.2720306513399539,1.5669456066945606,0.15384615384319528,0.09615384615199704,0.34615384614718936
175,gemma,10.853658536585366,19.83224271267103,0.23809523809420738,1.473922902494331,0.0,0.0,0.41463414633135043
175,gemma,8.8,35.54461538461538,0.24836601307108377,1.5724381625441697,0.18461538461254437,0.07692307692189349,0.4769230769157396
175,gemma,9.563636363636364,38.82776859504134,0.272727272726281,1.5596153846153846,0.18181818181487605,0.018181818181487605,0.5272727272631406
175,gemma,8.06,35.8964,0.19211822660003883,1.4568527918781726,0.2799999999944,0.21999999999560002,0.47999999999040005
176,gemma,12.222222222222221,38.89506172839506,0.2045454545445248,1.4131455399061033,0.2222222222160494,0.13888888888503087,0.3888888888780865
176,gemma,11.789473684210526,42.27146814404432,0.22270742357981352,1.4543378995433789,0.2631578947299169,0.0,0.5789473684058172
176,gemma,12.571428571428571,59.73061224489797,0.20524017467159283,1.4640371229698377,0.45714285712979597,0.1714285714236735,0.39999999998857144
176,gemma,13.64516129032258,49.51925078043704,0.2629310344816253,1.5299760191846523,0.4516129032112383,0.1935483870905307,0.5161290322414152
176,gemma,9.659090909090908,35.724690082644635,0.21126760563281097,1.3492822966507176,0.2727272727210744,0.113636363633781,0.5454545454421488
177,gemma,13.774193548387096,35.271592091571286,0.27049180327758,1.4929577464788732,0.1290322580603538,0.0,0.48387096772632676
177,gemma,14.4,75.10666666666665,0.18260869565137997,1.4004683840749415,0.2666666666577778,0.06666666666444444,0.3666666666544444
177,gemma,12.827586206896552,33.03923900118906,0.2311557788933108,1.456989247311828,0.06896551723900118,0.0,0.41379310343400716
177,gemma,15.3,42.07666666666667,0.21645021644927945,1.4342984409799555,0.19999999999333334,0.03333333333222222,0.5666666666477778
177,gemma,13.75,30.9375,0.20408163265222826,1.4543378995433789,0.3749999999882813,0.18749999999414066,0.49999999998437505
178,gemma,12.113636363636363,48.87345041322314,0.2773722627727103,1.528301886792453,0.1818181818140496,0.0681818181802686,0.5227272727153927
178,gemma,9.5,38.21,0.24291497975610157,1.5042735042735043,0.23999999999520003,0.1399999999972,0.3599999999928
178,gemma,9.41304347826087,26.24243856332703,0.23605150214490966,1.5651162790697675,0.17391304347448017,0.17391304347448017,0.36956521738327036
178,gemma,9.714285714285714,31.020408163265305,0.24583333333230903,1.5808510638297872,0.3265306122382341,0.1428571428542274,0.44897959182757186
178,gemma,6.671052631578948,16.93126731301939,0.30501930501812735,1.4771371769383699,0.4473684210467451,0.14473684210335871,0.5657894736767659
179,gemma,11.357142857142858,33.99149659863946,0.2267657992556626,1.5188470066518847,0.23809523808956917,0.09523809523582767,0.5238095237970521
179,gemma,13.5,46.36764705882353,0.23694779116370704,1.5701357466063348,0.8235294117404846,0.1470588235250865,0.3529411764602077
179,gemma,13.333333333333334,44.35555555555555,0.26200873362331,1.6306068601583112,0.1333333333288889,0.0,0.5333333333155555
179,gemma,13.342857142857143,40.05387755102041,0.21774193548299298,1.628440366972477,0.39999999998857144,0.11428571428244899,0.3714285714179592
179,gemma,13.125,38.171875,0.2389380530962879,1.5012106537530265,0.12499999999609376,0.0,0.34374999998925787
180,gemma,11.941176470588236,31.114186851211077,0.2077294685980303,1.6253101736972704,0.0,0.0,0.7647058823304499
180,gemma,12.470588235294118,33.01384083044983,0.23999999999893334,1.50354609929078,0.05882352941003461,0.029411764705017305,0.6470588235103807
180,gemma,8.942857142857143,20.39673469387755,0.2236842105248442,1.4583333333333333,0.0,0.0,0.6285714285534695
180,gemma,13.321428571428571,24.575255102040813,0.18539325842592477,1.5013404825737264,0.0,0.0,0.7857142856862245
180,gemma,13.303030303030303,35.544536271809,0.19534883720839374,1.4553775743707094,0.06060606060422406,0.0,0.6666666666464647
181,gemma,9.928571428571429,42.25680272108843,0.29107981220520623,1.4567307692307692,0.0,0.16666666666269842,0.45238095237018144
181,gemma,9.306122448979592,26.130778842149102,0.24561403508664206,1.4563758389261745,0.0,0.10204081632444816,0.4693877550924615
181,gemma,12.64864864864865,54.768444119795475,0.2804878048769086,1.5,0.0,0.027027027026296568,0.5135135134996348
181,gemma,8.543859649122806,23.16035703293321,0.2690763052198029,1.4677754677754677,0.0,0.17543859648815022,0.6315789473573408
181,gemma,10.088888888888889,36.25876543209876,0.1814159292027371,1.5331858407079646,0.08888888888691358,0.08888888888691358,0.5555555555432099
182,gemma,9.875,42.259375,0.2994652406401098,1.3002610966057442,0.04999999999875,0.34999999999125003,0.29999999999250004
182,gemma,7.081632653061225,30.646397334443982,0.35672514619674434,1.415151515151515,0.0,0.1428571428542274,0.3265306122382341
182,gemma,9.0,30.807692307692307,0.28571428571308527,1.3764172335600906,0.0,0.13461538461279587,0.4038461538383876
182,gemma,9.976744186046512,34.720389399675504,0.35046728971798846,1.3936430317848412,0.04651162790589508,0.13953488371768524,0.2790697674353705
182,gemma,9.431818181818182,33.972623966942145,0.28634361233354033,1.4306930693069306,0.0,0.0681818181802686,0.1818181818140496
183,gemma,8.206896551724139,20.95719381688466,0.2448979591826739,1.4814814814814814,0.6551724137818075,0.2413793103406659,0.39655172413109396
183,gemma,12.0,44.89230769230769,0.1510791366902852,1.4560943643512452,0.6461538461439053,0.030769230768757396,0.507692307684497
183,gemma,10.209677419354838,29.230228928199793,0.252124645891637,1.6554487179487178,0.3225806451560874,0.14516129032023933,0.37096774192950055
183,gemma,9.716981132075471,31.750088999643992,0.21254355400622807,1.5375494071146245,0.5660377358383767,0.13207547169562123,0.41509433961480957
183,gemma,8.64406779661017,29.61907497845447,0.2328244274800274,1.6127049180327868,0.474576271178397,0.2033898305050273,0.4237288135521402
184,gemma,10.30952380952381,41.26133786848072,0.24034334763845347,1.4695863746958637,0.9999999999761906,0.45238095237018144,0.19047619047165534
184,gemma,9.042553191489361,33.65776369397917,0.2083333333324653,1.4285714285714286,0.9787234042344953,0.21276595744228158,0.3191489361634224
184,gemma,8.565217391304348,37.76748582230624,0.25352112675937316,1.5013192612137203,0.8260869565037808,0.3913043478175804,0.34782608694896033
184,gemma,7.9393939393939394,48.602387511478426,0.26241134751679995,1.5230460921843687,0.8787878787745638,0.4545454545385675,0.37878787878213954
184,gemma,11.146341463414634,73.58834027364662,0.25403225806349183,1.4886363636363635,1.0731707316811423,0.21951219511659728,0.21951219511659728
185,gemma,12.41304347826087,38.45982986767486,0.23489932885827217,1.3913824057450628,0.34782608694896033,0.06521739130293006,0.5869565217263706
185,gemma,14.131578947368421,72.11426592797783,0.18085106382914592,1.484732824427481,0.0,0.0,0.5263157894598338
185,gemma,10.534883720930232,32.806922660897776,0.26180257510617255,1.5707865168539326,0.511627906964846,0.18604651162358032,0.5813953488236885
185,gemma,14.21951219512195,54.75669244497323,0.2195121951211864,1.4246100519930676,0.0,0.04878048780368829,0.5365853658405711
185,gemma,11.375,36.084375,0.20814479637914868,1.402247191011236,0.14999999999625002,0.0999999999975,0.6749999999831251
186,gemma,11.095238095238095,31.18140589569161,0.12931034482702883,1.4712389380530972,0.3809523809433107,0.0,0.5952380952239229
186,gemma,11.083333333333334,47.86805555555555,0.21959459459385272,1.5411089866156789,0.3749999999921875,0.062499999998697923,0.3541666666592882
186,gemma,17.25,50.104166666666664,0.23502304147357134,1.521410579345088,0.3333333333194444,0.04166666666493055,0.374999999984375
186,gemma,12.578947368421053,38.87534626038781,0.16269841269776708,1.5872340425531914,0.21052631578393355,0.15789473683795016,0.4473684210408588
186,gemma,12.292682926829269,40.207019631171924,0.29213483145958,1.5,0.2926829268221297,0.04878048780368829,0.5609756097424152
187,gemma,9.814285714285715,43.00836734693876,0.22015915119305,1.497730711043873,0.5714285714204081,0.18571428571163265,0.3142857142812245
187,gemma,10.764705882352942,39.70934256055363,0.22276029055636137,1.5298295454545454,0.44117647058174736,0.08823529411634948,0.3529411764653979
187,gemma,9.408163265306122,31.05789254477301,0.1913043478252552,1.4965986394557824,0.7346938775360267,0.30612244897334445,0.4081632652977926
187,gemma,10.574468085106384,38.329560887279314,0.22021660649739994,1.496881496881497,0.5531914893499321,0.21276595744228158,0.34042553190765057
187,gemma,11.222222222222221,49.728395061728385,0.23357664233491396,1.4896694214876034,0.7111111110953087,0.13333333333037037,0.37777777776938276
188,gemma,12.0,39.351351351351354,0.272340425530756,1.4572072072072073,0.16216216215777943,0.054054054052593135,0.4054054053944485
188,gemma,10.488888888888889,38.69432098765432,0.20661157024708013,1.4792122538293218,0.17777777777382717,0.06666666666518518,0.42222222221283956
188,gemma,10.12,29.265600000000003,0.19083969465576017,1.5009940357852882,0.2799999999944,0.0,0.37999999999240003
188,gemma,15.63888888888889,39.00848765432099,0.24429967426630522,1.5044883303411132,0.27777777777006174,0.08333333333101853,0.27777777777006174
188,gemma,12.447368421052632,40.036703601108044,0.1829787234034767,1.4688172043010752,0.3157894736759003,0.05263157894598339,0.6052631578788089
189,gemma,14.36,44.550399999999996,0.1780104712032565,1.532033426183844,0.4799999999808,0.2399999999904,0.0799999999968
189,gemma,11.88888888888889,37.098765432098766,0.2583732057403906,1.4757281553398058,0.49999999998611117,0.19444444443904324,0.472222222209105
189,gemma,9.714285714285714,38.91836734693877,0.1614583333324924,1.4133663366336633,0.5238095237970521,0.19047619047165534,0.47619047617913834
189,gemma,11.883720930232558,46.14926987560844,0.14767932489389166,1.374,0.6976744185884263,0.30232558138831805,0.37209302324716065
189,gemma,8.071428571428571,11.887755102040817,0.13181818181758265,1.400447427293065,0.7142857142729593,0.23214285713871174,0.5535714285615434
190,gemma,13.863636363636363,39.70867768595042,0.21538461538395268,1.5409015025041737,0.5454545454421488,0.0681818181802686,0.454545454535124
190,gemma,12.551020408163266,58.247396917950844,0.23906705539288903,1.5820895522388059,0.8571428571253645,0.12244897958933779,0.4081632652977926
190,gemma,12.931818181818182,33.0180785123967,0.24038461538384492,1.61981981981982,0.681818181802686,0.0681818181802686,0.4090909090816116
190,gemma,12.555555555555555,52.335802469135785,0.2275641025633732,1.5591397849462365,0.7111111110953087,0.22222222221728397,0.46666666665629636
190,gemma,13.95,55.597500000000004,0.24758842443650295,1.636697247706422,0.79999999998,0.12499999999687501,0.42499999998937504
191,gemma,10.71111111111111,32.69432098765432,0.1983471074371969,1.4184100418410042,0.6222222222083951,0.11111111110864198,0.5555555555432099
191,gemma,13.631578947368421,60.12742382271467,0.18309859154865107,1.4182879377431907,0.3684210526218837,0.07894736841897508,0.47368421051385046
191,gemma,12.76923076923077,35.9723865877712,0.21886792452747597,1.4777327935222673,0.5641025640881,0.0,0.5384615384477318
191,gemma,12.205128205128204,43.188691650230105,0.21632653061136195,1.4947368421052631,0.5128205128073636,0.17948717948257728,0.6410256410092046
191,gemma,10.326530612244898,23.730112453144525,0.1712062256802677,1.4311377245508983,0.7346938775360267,0.1428571428542274,0.4693877550924615
192,gemma,10.954545454545455,22.816115702479337,0.2784313725479277,1.4748953974895398,0.1363636363605372,0.0,0.5227272727153927
192,gemma,9.439024390243903,30.68530636525877,0.190721649483553,1.3890339425587468,0.09756097560737657,0.0,0.4634146341350387
192,gemma,10.405405405405405,37.91672753834916,0.2525252525239772,1.3773087071240107,0.0,0.0,0.4054054053944485
192,gemma,10.0,20.1,0.2511848341220323,1.4362244897959184,0.39999999999,0.0999999999975,0.39999999999
192,gemma,11.3,40.010000000000005,0.18777292576337218,1.4521158129175946,0.04999999999875,0.0,0.44999999998875007
193,gemma,10.384615384615385,31.51873767258382,0.2794117647045127,1.4183673469387754,0.10256410256147272,0.10256410256147272,0.5128205128073636
193,gemma,9.894736842105264,30.971375807940905,0.2633451957286002,1.4130434782608696,0.10526315789289013,0.052631578946445066,0.43859649122037553
193,gemma,13.69767441860465,81.69929691725257,0.27681660899558197,1.3771626297577855,0.09302325581179016,0.04651162790589508,0.4418604651060033
193,gemma,13.526315789473685,32.880886426592795,0.3281853281840611,1.416015625,0.05263157894598339,0.05263157894598339,0.47368421051385046
193,gemma,10.545454545454545,36.20247933884298,0.28506787330187755,1.4298245614035088,0.0,0.0227272727267562,0.5454545454421488
194,gemma,24.130434782608695,323.5047258979206,0.252365930598573,1.418018018018018,0.0,0.0,0.7826086956181475
194,gemma,35.68421052631579,740.5318559556786,0.15104166666627333,1.5014749262536873,0.0,0.0,0.9999999999473684
194,gemma,37.69230769230769,775.7514792899408,0.24909747292328846,1.5,0.0,0.0,0.9999999999230769
194,gemma,37.285714285714285,545.2040816326531,0.2689873417713007,1.4406130268199233,0.0,0.0,0.9999999999285715
194,gemma,21.96153846153846,217.4215976331361,0.3209459459448617,1.4028021015761822,0.0,0.0,0.692307692281065
195,gemma,10.08,27.0336,0.2181818181810248,1.4576612903225807,0.0399999999992,0.0399999999992,0.39999999999200003
195,gemma,12.263157894736842,33.61495844875346,0.21115537848521454,1.5682819383259912,0.05263157894598339,0.05263157894598339,0.39473684209487536
195,gemma,12.64102564102564,35.15318869165023,0.23188405797017433,1.6673553719008265,0.05128205128073636,0.0,0.43589743588625907
195,gemma,12.72972972972973,41.494521548575605,0.19844357976576482,1.5432900432900434,0.054054054052593135,0.10810810810518627,0.37837837836815197
195,gemma,11.11111111111111,17.65432098765432,0.28124999999874445,1.537084398976982,0.0,0.027777777777006175,0.27777777777006174
196,gemma,11.020833333333334,39.228732638888886,0.2546125461245217,1.491395793499044,0.541666666655382,0.020833333332899308,0.43749999999088546
196,gemma,11.789473684210526,37.06094182825484,0.24229074889761107,1.5704545454545455,0.4210526315678671,0.10526315789196677,0.5789473684058172
196,gemma,15.75,64.61607142857143,0.19246861924605663,1.591647331786543,0.14285714285204082,0.0,0.6428571428341837
196,gemma,10.869565217391305,53.46124763705103,0.15810276679779406,1.485655737704918,0.47826086955482044,0.1086956521715501,0.4130434782518904
196,gemma,13.607142857142858,42.024234693877546,0.18556701030832182,1.654353562005277,0.28571428570408164,0.0,0.49999999998214284
197,gemma,10.681818181818182,30.0805785123967,0.22314049586684653,1.4120171673819744,0.3181818181745868,0.113636363633781,0.4999999999886364
197,gemma,11.78125,33.1708984375,0.19354838709573363,1.481283422459893,0.06249999999804688,0.03124999999902344,0.6874999999785157
197,gemma,13.121212121212121,39.74288337924702,0.1415929203533558,1.5,0.5454545454380166,0.0,0.3636363636253444
197,gemma,13.125,35.109375,0.19306930692973728,1.441747572815534,0.12499999999609376,0.12499999999609376,0.5937499999814454
197,gemma,12.764705882352942,34.297577854671275,0.2159624413135401,1.4524361948955917,0.17647058823010384,0.08823529411505192,0.49999999998529415
198,gemma,10.2,43.2,0.2272727272718664,1.4161616161616162,0.3199999999936,0.21999999999560002,0.5799999999884
198,gemma,13.073170731707316,38.11659726353361,0.25590551181001614,1.4158790170132325,0.09756097560737657,0.024390243901844143,0.5853658536442594
198,gemma,11.319148936170214,28.85559076505206,0.27177700348337364,1.4809160305343512,0.21276595744228158,0.02127659574422816,0.44680851062879134
198,gemma,13.577777777777778,38.46617283950617,0.28481012658137717,1.5192629815745393,0.22222222221728397,0.11111111110864198,0.5777777777649383
198,gemma,13.170731707317072,44.33670434265318,0.3011152416345684,1.4944237918215613,0.0,0.024390243901844143,0.6097560975461036
199,gemma,15.6875,29.90234375,0.23193916349721697,1.4392712550607287,0.0,0.0,0.43749999998632816
199,gemma,12.605263157894736,37.92313019390582,0.29133858267601837,1.4327731092436975,0.0,0.10526315789196677,0.3157894736759003
199,gemma,13.30952380952381,35.166099773242635,0.2384341637002191,1.4809437386569873,0.0,0.0,0.5714285714149661
199,gemma,12.475,70.89937499999999,0.24719101123502926,1.4392712550607287,0.49999999998750005,0.12499999999687501,0.39999999999
199,gemma,13.1875,25.83984375,0.23478260869463138,1.5178997613365155,0.06249999999804688,0.0,0.24999999999218753
0,llama,10.75609756097561,23.355145746579417,0.21890547263572685,1.322654462242563,0.09756097560737657,0.09756097560737657,0.4878048780368828
0,llama,11.804878048780488,32.986317668054724,0.18867924528212887,1.3547717842323652,0.0,0.0,0.41463414633135043
0,llama,15.72972972972973,42.52154857560262,0.1964285714278699,1.3948275862068966,0.0,0.027027027026296568,0.5135135134996348
0,llama,14.075,38.919375,0.1963636363629223,1.4018018018018017,0.39999999999,0.07499999999812501,0.574999999985625
0,llama,15.545454545454545,29.823691460055095,0.21982758620594903,1.388560157790927,0.0,0.0,0.6060606060422407
1,llama,11.333333333333334,21.042735042735043,0.22330097087270243,1.3294930875576036,0.0,0.0,0.6410256410092046
1,llama,17.0,34.3448275862069,0.19183673469309456,1.3817427385892116,0.27586206895600474,0.03448275861950059,0.4482758620535077
1,llama,13.705882352941176,19.91349480968858,0.2600896860974884,1.271111111111111,0.0,0.0,0.6176470588053634
1,llama,17.03448275862069,19.75743162901308,0.24675324675217858,1.343157894736842,0.0,0.0,0.6206896551510107
1,llama,13.613636363636363,40.600723140495866,0.3356890459352096,1.4365217391304348,0.0,0.0227272727267562,0.3863636363548554
2,llama,14.0,65.58823529411765,0.22173913043381854,1.4430107526881721,0.4705882352802769,0.1470588235250865,0.6176470588053634
2,llama,19.620689655172413,107.4768133174792,0.20512820512754767,1.4697247706422019,0.48275862067300834,0.06896551723900118,0.27586206895600474
2,llama,14.64516129032258,44.099895941727375,0.2145922746771906,1.509009009009009,0.2580645161207076,0.03225806451508845,0.1935483870905307
2,llama,13.511627906976743,69.97079502433748,0.2556390977433999,1.3098591549295775,0.32558139534126557,0.02325581395294754,0.558139534870741
2,llama,19.375,108.65104166666667,0.19354838709599376,1.5296703296703296,0.6666666666388888,0.2083333333246528,0.3333333333194444
3,llama,10.155555555555555,31.33135802469136,0.16746411483173462,1.288248337028825,0.31111111110419754,0.13333333333037037,0.5999999999866668
3,llama,14.272727272727273,32.6831955922865,0.19905213270047845,1.2810457516339868,0.5454545454380166,0.0909090909063361,0.6969696969485768
3,llama,10.086206896551724,35.18222354340072,0.21348314606661617,1.290035587188612,0.5172413793014269,0.12068965517033295,0.6379310344717598
3,llama,10.224489795918368,32.58225739275302,0.19298245613950446,1.3509127789046653,0.12244897958933779,0.16326530611911705,0.6938775510062475
3,llama,11.833333333333334,36.900793650793645,0.19838056680081628,1.3987730061349692,0.19047619047165534,0.16666666666269842,0.4999999999880953
4,llama,17.967741935483872,27.386056191467233,0.17793594305986501,1.3695652173913044,0.1935483870905307,0.0,0.4516129032112383
4,llama,16.8,29.893333333333334,0.20325203251949897,1.4133064516129032,0.19999999999333334,0.0,0.29999999999
4,llama,15.909090909090908,34.62809917355372,0.1865079365071964,1.3934740882917467,0.12121212120844813,0.0,0.5151515151359045
4,llama,13.864864864864865,56.44119795471148,0.2055335968371323,1.4086444007858545,0.21621621621037254,0.24324324323666913,0.37837837836815197
4,llama,15.9,34.623333333333335,0.20502092050123424,1.3609341825902335,0.2666666666577778,0.1333333333288889,0.3666666666544444
5,llama,11.720930232558139,37.27095727420226,0.20796460176899131,1.3276955602536997,0.6046511627766361,0.20930232557652786,0.6046511627766361
5,llama,10.843137254901961,50.95578623606305,0.21370967741849312,1.330188679245283,0.5882352941061131,0.17647058823183392,0.5686274509692426
5,llama,9.206896551724139,31.991676575505352,0.21296296296197703,1.3528265107212476,0.4137931034411415,0.25862068965071344,0.5344827586114744
5,llama,10.938775510204081,37.81257809246148,0.22267206477642643,1.3937007874015748,0.44897959182757186,0.30612244897334445,0.48979591835735115
5,llama,8.586206896551724,24.932223543400717,0.2447257383955919,1.3411016949152543,0.4137931034411415,0.17241379310047564,0.5689655172315696
6,llama,19.217391304347824,23.387523629489603,0.20434782608606805,1.5296803652968036,0.0,0.0,0.3478260869413989
6,llama,20.681818181818183,58.94421487603306,0.2155172413783814,1.5440528634361232,0.0,0.0,0.3636363636198347
6,llama,20.44,41.526399999999995,0.2159090909082731,1.4118811881188118,0.0,0.0,0.1199999999952
6,llama,26.555555555555557,50.246913580246904,0.18548387096699404,1.5965665236051503,0.0,0.0,0.11111111110493826
6,llama,23.444444444444443,123.91358024691357,0.15454545454475208,1.5214285714285714,0.6666666666296296,0.11111111110493826,0.1666666666574074
7,llama,14.290322580645162,28.980228928199793,0.2280701754375962,1.4785553047404063,0.1935483870905307,0.0,0.3870967741810614
7,llama,12.805555555555555,32.656635802469125,0.16379310344756987,1.4596949891067539,0.1111111111080247,0.0,0.4166666666550926
7,llama,11.263157894736842,24.66759002770083,0.18981481481393606,1.4688995215311005,0.15789473683795016,0.026315789472991694,0.39473684209487536
7,llama,12.261904761904763,21.240929705215418,0.20912547528437594,1.4735812133072408,0.0,0.0,0.47619047617913834
7,llama,16.833333333333332,61.416666666666664,0.2524590163926149,1.4405940594059405,0.05555555555401235,0.05555555555401235,0.3055555555470679
8,llama,13.075,24.769375000000004,0.18490566037666073,1.4058252427184466,0.0999999999975,0.0,0.6749999999831251
8,llama,17.178571428571427,36.28954081632653,0.15789473684146602,1.5263157894736843,0.0,0.0,0.4642857142691327
8,llama,13.405405405405405,23.59240321402484,0.23744292237334502,1.374493927125506,0.0,0.054054054052593135,0.7567567567363039
8,llama,15.0,39.81818181818182,0.19305019304944768,1.5244897959183674,0.0,0.0,0.6363636363443527
8,llama,16.15625,19.1318359375,0.1678832116782194,1.5393700787401574,0.06249999999804688,0.0,0.5937499999814454
9,llama,18.884615384615383,65.56360946745562,0.1651376146781416,1.410204081632653,0.0,0.07692307692011835,0.3846153846005917
9,llama,18.52,43.8496,0.17872340425455863,1.5189309576837418,0.0,0.0,0.2799999999888
9,llama,14.151515151515152,29.0376492194674,0.223999999999104,1.4891774891774892,0.0,0.0,0.2727272727190083
9,llama,12.702702702702704,21.668371073776477,0.20588235294016724,1.334065934065934,0.054054054052593135,0.027027027026296568,0.6216216216048212
9,llama,12.909090909090908,43.96143250688705,0.19806763284928472,1.419431279620853,0.5454545454380166,0.0909090909063361,0.5757575757401286
10,llama,11.911111111111111,51.63654320987655,0.1821862348170762,1.4139886578449905,0.44444444443456793,0.06666666666518518,0.5999999999866668
10,llama,14.022222222222222,41.93283950617284,0.2175438596483595,1.3893376413570275,0.5333333333214815,0.04444444444345679,0.5333333333214815
10,llama,15.282051282051283,46.30506245890861,0.20141342756112576,1.3401015228426396,0.6666666666495727,0.05128205128073636,0.6923076922899409
10,llama,13.837837837837839,30.24397370343316,0.21285140562163515,1.286282306163022,0.6486486486311177,0.027027027026296568,0.5675675675522279
10,llama,14.09375,42.0224609375,0.23853211009064895,1.382882882882883,0.43749999998632816,0.03124999999902344,0.5937499999814454
11,llama,14.794117647058824,29.692906574394463,0.1651376146781416,1.3578528827037772,0.0,0.0,0.588235294100346
11,llama,16.34375,19.2880859375,0.22222222222130775,1.4836852207293667,0.0,0.0,0.6562499999794923
11,llama,13.818181818181818,22.51239669421487,0.2088888888879605,1.490990990990991,0.0,0.06060606060422406,0.4242424242295685
11,llama,16.322580645161292,33.57336108220604,0.2213438735169117,1.5745967741935485,0.0,0.0645161290301769,0.41935483869614987
11,llama,14.0,35.142857142857146,0.18672199170047005,1.4877049180327868,0.0,0.057142857141224496,0.4857142857004082
12,llama,16.2,23.22666666666667,0.27888446215028334,1.4845360824742269,0.0,0.0,0.4333333333188889
12,llama,20.357142857142858,40.586734693877546,0.21864951768418442,1.502664298401421,0.0,0.0,0.28571428570408164
12,llama,21.25,80.6875,0.2444444444435391,1.591549295774648,0.0,0.0,0.12499999999479167
12,llama,12.818181818181818,17.603305785123965,0.2036199095013411,1.4491725768321513,0.0,0.0,0.2727272727190083
12,llama,16.428571428571427,28.10204081632653,0.2489270386255411,1.4770240700218817,0.0,0.035714285713010205,0.4642857142691327
13,llama,17.64864864864865,49.41709276844412,0.16353887399419964,1.5132605304212168,0.32432432431555885,0.027027027026296568,0.16216216215777943
13,llama,17.242424242424242,18.789715335169884,0.18289085545668765,1.6455696202531647,0.0,0.0,0.3636363636253444
13,llama,18.46153846153846,14.479289940828407,0.1811594202891987,1.5172413793103448,0.0,0.0,0.2692307692204142
13,llama,18.0,34.46666666666667,0.18874172185367966,1.6084452975047985,0.0,0.0,0.3333333333222222
13,llama,18.653846153846153,74.9955621301775,0.1785714285708488,1.7740585774058577,0.0,0.0,0.038461538460059175
14,llama,12.435897435897436,49.0664036817883,0.20901639344176634,1.4394904458598725,0.5128205128073636,0.20512820512294544,0.5384615384477318
14,llama,13.116279069767442,58.707409410492154,0.2745901639333009,1.2781954887218046,0.09302325581179016,0.1162790697647377,0.558139534870741
14,llama,15.205128205128204,60.778435239973696,0.2743055555546031,1.4028268551236749,0.10256410256147272,0.1282051282018409,0.5641025640881
14,llama,15.0,31.575757575757574,0.22033898304991384,1.3347457627118644,0.0,0.0909090909063361,0.6969696969485768
14,llama,12.311111111111112,28.080987654320992,0.22058823529330668,1.4858223062381852,0.31111111110419754,0.06666666666518518,0.5555555555432099
15,llama,13.86111111111111,23.841820987654323,0.2139917695464445,1.3810483870967742,0.16666666666203706,0.0,0.5833333333171297
15,llama,12.194444444444445,45.323302469135804,0.2889908256867478,1.3940092165898617,0.16666666666203706,0.16666666666203706,0.5555555555401235
15,llama,14.342105263157896,44.6461218836565,0.26277372262677823,1.366852886405959,0.2631578947299169,0.026315789472991694,0.49999999998684214
15,llama,15.454545454545455,36.61157024793388,0.18292682926754908,1.3674698795180722,0.3636363636253444,0.06060606060422406,0.5757575757401286
15,llama,15.256410256410257,49.42143326758711,0.20714285714211736,1.4216867469879517,0.35897435896515456,0.02564102564036818,0.5897435897284682
16,llama,9.711864406779661,30.272910083309394,0.23357664233491396,1.3547794117647058,0.474576271178397,0.13559322033668486,0.5254237288046538
16,llama,13.162790697674419,48.97349918875068,0.20774647887250794,1.3879781420765027,0.4651162790589508,0.06976744185884262,0.3953488372001082
16,llama,12.934782608695652,48.582703213610586,0.24137931034399526,1.3881118881118881,0.6521739130293006,0.15217391304017014,0.5217391304234404
16,llama,9.421052631578947,30.98060941828255,0.18918918918845873,1.3852140077821011,0.4912280701668206,0.17543859648815022,0.5087719298156356
16,llama,12.088888888888889,69.90320987654322,0.20538720538651387,1.508604206500956,0.9777777777560495,0.35555555554765433,0.39999999999111113
17,llama,14.655172413793103,41.88109393579072,0.1928934010142493,1.3789731051344742,0.5517241379120095,0.0,0.5517241379120095
18,llama,8.857142857142858,22.22959183673469,0.21487603305696334,1.3405172413793103,0.8214285714139031,0.17857142856823982,0.4999999999910715
18,llama,9.74468085106383,48.57311000452693,0.1970443349743988,1.4248210023866348,0.8510638297691263,0.2553191489307379,0.5744680850941603
18,llama,11.0,54.869565217391305,0.19166666666586807,1.2933884297520661,1.2608695651899813,0.1304347826058601,0.4130434782518904
18,llama,9.75,93.36931818181819,0.21621621621524229,1.3903614457831326,1.818181818140496,0.227272727267562,0.4772727272618802
18,llama,7.770491803278689,20.471916151572163,0.1651376146781416,1.3894009216589862,0.9836065573609245,0.09836065573609246,0.5081967213031443
19,llama,16.727272727272727,25.47107438016529,0.16799999999932802,1.3919413919413919,0.0,0.0,0.6060606060422407
19,llama,12.066666666666666,42.01777777777777,0.1722846441941113,1.3843283582089552,0.35555555554765433,0.04444444444345679,0.5777777777649383
19,llama,15.0625,26.62109375,0.15254237288070957,1.4208333333333334,0.06249999999804688,0.0,0.7187499999775392
19,llama,13.411764705882353,26.889273356401386,0.14611872146052002,1.3608017817371938,0.17647058823010384,0.0,0.44117647057525955
19,llama,13.129032258064516,42.886576482830385,0.1697247706414233,1.5199004975124377,0.1935483870905307,0.03225806451508845,0.3870967741810614
20,llama,14.181818181818182,44.088154269972456,0.19396551724054326,1.4070021881838075,0.4848484848337925,0.06060606060422406,0.6363636363443527
20,llama,12.658536585365853,48.761451516954196,0.19396551724054326,1.3713163064833005,0.2439024390184414,0.04878048780368829,0.6585365853497919
20,llama,15.181818181818182,49.421487603305785,0.183520599250249,1.4969325153374233,0.24242424241689625,0.0,0.24242424241689625
20,llama,13.095238095238095,29.800453514739225,0.1730769230762574,1.4479553903345725,0.3809523809433107,0.07142857142687076,0.5476190476060091
20,llama,12.692307692307692,50.26429980276133,0.20512820512732852,1.3248945147679325,0.5128205128073636,0.1282051282018409,0.5128205128073636
21,llama,11.391304347826088,41.36862003780718,0.2580645161281073,1.580078125,0.7391304347665407,0.15217391304017014,0.3043478260803403
21,llama,12.2,25.21,0.2758620689644603,1.5909090909090908,0.34999999999125003,0.0,0.5999999999850001
21,llama,15.771428571428572,64.17632653061226,0.2499999999990809,1.569060773480663,0.7428571428359184,0.31428571427673474,0.42857142855918373
21,llama,11.306122448979592,30.416493127863394,0.20437956204304972,1.4990825688073395,0.8163265305955852,0.06122448979466889,0.44897959182757186
21,llama,10.886363636363637,58.41890495867769,0.2974137931021663,1.4565217391304348,0.6363636363491736,0.1363636363605372,0.5227272727153927
22,llama,17.14814814814815,72.42249657064473,0.203999999999184,1.566893424036281,0.14814814814266117,0.03703703703566529,0.14814814814266117
22,llama,14.7,44.07666666666667,0.2469135802458975,1.6057007125890737,0.2666666666577778,0.06666666666444444,0.1666666666611111
22,llama,14.102564102564102,51.784352399737024,0.2101694915247113,1.5536723163841808,0.3076923076844182,0.07692307692110455,0.2564102564036818
22,llama,11.772727272727273,30.630165289256194,0.22887323943581384,1.4737903225806452,0.1363636363605372,0.0454545454535124,0.3181818181745868
22,llama,13.317073170731707,44.36287923854848,0.20538720538651387,1.5350194552529184,0.3902439024295063,0.09756097560737657,0.3902439024295063
23,llama,13.8125,17.96484375,0.1999999999991111,1.408878504672897,0.0,0.03124999999902344,0.3124999999902344
23,llama,17.03846153846154,31.806213017751478,0.19626168224207355,1.345537757437071,0.0,0.0,0.3846153846005917
23,llama,13.45945945945946,46.140248356464575,0.16049382715983337,1.3788819875776397,0.37837837836815197,0.054054054052593135,0.3513513513418554
23,llama,12.743589743589743,36.08809993425378,0.1811320754710146,1.4037267080745341,0.5128205128073636,0.02564102564036818,0.3333333333247864
23,llama,13.794871794871796,44.368178829717294,0.16083916083859848,1.4476190476190476,0.3076923076844182,0.0,0.28205128204405
24,llama,11.23076923076923,31.203155818540434,0.20883534136462317,1.6129032258064515,0.1538461538422091,0.3076923076844182,0.23076923076331363
24,llama,10.555555555555555,19.1358024691358,0.22545454545372562,1.407871198568873,0.33333333332716053,0.27777777777263374,0.40740740739986286
24,llama,16.21875,81.7958984375,0.15298507462629485,1.4485436893203882,0.24999999999218753,0.24999999999218753,0.24999999999218753
24,llama,15.833333333333334,54.40555555555555,0.2017543859640274,1.4397463002114166,0.19999999999333334,0.06666666666444444,0.3333333333222222
24,llama,15.457142857142857,45.733877551020406,0.19540229884982604,1.4432029795158288,0.11428571428244899,0.11428571428244899,0.31428571427673474
25,llama,23.73076923076923,166.35059171597635,0.21035598705433542,1.414075286415712,0.0,0.038461538460059175,0.3846153846005917
25,llama,15.612903225806452,119.39854318418317,0.1724137931027877,1.4504310344827587,0.1935483870905307,0.0645161290301769,0.32258064515088447
25,llama,16.0,27.294117647058822,0.21328671328596754,1.3327067669172932,0.05882352941003461,0.0,0.4705882352802769
25,llama,19.0,36.5,0.23529411764624467,1.4856596558317399,0.0,0.035714285713010205,0.21428571427806123
25,llama,20.115384615384617,53.94822485207101,0.18390804597630686,1.5009784735812133,0.07692307692011835,0.0,0.3076923076804734
26,llama,11.609756097560975,67.79892920880427,0.23474178403645662,1.3224400871459694,0.09756097560737657,0.31707317072397384,0.5609756097424152
26,llama,10.125,28.645089285714285,0.22648083623614468,1.3711711711711712,0.21428571428188778,0.10714285714094389,0.4821428571342475
26,llama,14.15,81.8775,0.21328671328596754,1.370503597122302,0.49999999998750005,0.14999999999625002,0.44999999998875007
26,llama,12.268292682926829,46.68411659726354,0.23293172690669506,1.4110429447852761,0.2926829268221297,0.024390243901844143,0.4878048780368828
26,llama,10.377777777777778,41.56839506172839,0.21681415929107606,1.4094827586206897,0.17777777777382717,0.022222222221728396,0.7111111110953087
27,llama,13.205882352941176,39.57525951557094,0.236111111110018,1.3078651685393259,0.11764705882006922,0.05882352941003461,0.676470588215398
27,llama,14.5625,36.62109375,0.1967871485935872,1.4357298474945535,0.0,0.0,0.3124999999902344
27,llama,23.714285714285715,88.48979591836736,0.2603773584895835,1.4314516129032258,0.0,0.0,0.0952380952335601
27,llama,14.78125,39.1083984375,0.17256637168065236,1.3449023861171367,0.06249999999804688,0.18749999999414066,0.49999999998437505
27,llama,11.238095238095237,26.705215419501137,0.16666666666591592,1.3493449781659388,0.19047619047165534,0.07142857142687076,0.5952380952239229
28,llama,15.636363636363637,23.62534435261708,0.17972350230331927,1.3438735177865613,0.0,0.0,0.6363636363443527
28,llama,15.2,24.293333333333333,0.14611872146052002,1.4483516483516483,0.0,0.0,0.5333333333155555
28,llama,15.030303030303031,48.75665748393021,0.2326530612235402,1.4505050505050505,0.0,0.06060606060422406,0.4848484848337925
28,llama,13.216216216216216,26.007304601899193,0.18552036199011077,1.3186582809224319,0.2702702702629657,0.0,0.6756756756574143
28,llama,15.852941176470589,14.478373702422145,0.26190476190372264,1.4026974951830442,0.0,0.0,0.588235294100346
29,llama,13.822222222222223,49.34617283950618,0.19672131147476485,1.3741610738255035,0.6666666666518519,0.04444444444345679,0.6222222222083951
29,llama,16.454545454545453,113.46005509641874,0.21292775665318278,1.3969754253308129,0.5454545454380166,0.06060606060422406,0.4848484848337925
29,llama,12.592592592592593,55.315500685871065,0.21165644171714215,1.4027149321266967,0.5925925925816187,0.20370370369993143,0.5555555555452675
29,llama,14.804878048780488,61.52290303390838,0.2325581395341111,1.3491525423728814,0.341463414625818,0.21951219511659728,0.3902439024295063
29,llama,14.023255813953488,60.7203893996755,0.19926199261919092,1.3116438356164384,0.6976744185884263,0.13953488371768524,0.5813953488236885
30,llama,10.51063829787234,48.29244001810773,0.1865079365071964,1.4602510460251046,0.936170212746039,0.29787234041919425,0.23404255318650974
30,llama,10.690909090909091,41.15900826446281,0.23793103448193817,1.436077057793345,0.690909090896529,0.23636363635933885,0.4363636363557025
30,llama,12.071428571428571,59.78061224489796,0.19771863117795546,1.506122448979592,0.5714285714149661,0.19047619047165534,0.28571428570748303
30,llama,9.776119402985074,36.114056582757854,0.22327044025087023,1.3386327503974562,0.5671641790960125,0.16417910447516149,0.4029850746208509
30,llama,12.043478260869565,56.34593572778827,0.21376811594125447,1.4397031539888683,0.8260869565037808,0.3043478260803403,0.28260869564603025
31,llama,20.444444444444443,51.50617283950617,0.23508771929742076,1.4099264705882353,0.0,0.0,0.14814814814266117
31,llama,14.580645161290322,23.727367325702392,0.1548117154805238,1.4161073825503356,0.1290322580603538,0.0,0.1935483870905307
31,llama,15.903225806451612,31.7003121748179,0.20955882352864133,1.6069958847736625,0.0,0.0,0.290322580635796
31,llama,15.090909090909092,35.41597796143251,0.26556016597400184,1.3828920570264767,0.30303030302112033,0.15151515151056016,0.4545454545316805
31,llama,13.878787878787879,31.01561065197429,0.17063492063424351,1.5121951219512195,0.1818181818126722,0.0,0.3939393939274564
32,llama,12.0,53.19047619047619,0.2170542635650502,1.413087934560327,0.5238095237970521,0.047619047617913836,0.5238095237970521
32,llama,13.8,34.071111111111115,0.1920529801318144,1.3976897689768977,0.7111111110953087,0.11111111110864198,0.5333333333214815
32,llama,10.34,32.944399999999995,0.12399999999950401,1.3171717171717172,0.6799999999864,0.0799999999984,0.5399999999892
32,llama,12.212121212121213,49.37924701561065,0.16477272727179107,1.293193717277487,1.030303030271809,0.12121212120844813,0.6363636363443527
32,llama,11.627906976744185,29.070849107625744,0.15503875968932157,1.3830645161290323,0.13953488371768524,0.04651162790589508,0.34883720929421314
33,llama,13.705882352941176,50.20761245674741,0.2268907563015677,1.4539473684210527,0.4705882352802769,0.11764705882006922,0.49999999998529415
33,llama,17.72972972972973,29.27830533235939,0.17222222222174383,1.5412844036697249,0.16216216215777943,0.027027027026296568,0.24324324323666913
33,llama,17.09090909090909,51.900826446280995,0.20529801324435332,1.4382826475849733,0.0,0.03030303030211203,0.33333333332323234
33,llama,19.258064516129032,57.481789802289285,0.18126888217467896,1.4661016949152543,0.1290322580603538,0.03225806451508845,0.2580645161207076
33,llama,23.208333333333332,53.99826388888889,0.1794019933548857,1.5036231884057971,0.24999999998958333,0.04166666666493055,0.3333333333194444
34,llama,17.925925925925927,67.55006858710561,0.10646387832659139,1.71900826446281,0.0,0.0,0.14814814814266117
34,llama,23.0,56.26086956521739,0.16549295774589615,1.6786389413988658,0.0,0.0,0.21739130433837428
34,llama,20.14814814814815,47.311385459533604,0.11513157894698971,1.7458563535911602,0.0,0.0,0.07407407407133058
34,llama,9.933333333333334,81.69555555555554,0.08805031446513192,1.7228915662650603,0.0,0.0,0.0
34,llama,11.8,96.12363636363638,0.09189189189164354,1.7941176470588236,0.0,0.0,0.10909090908892563
35,llama,16.586206896551722,106.72532699167657,0.1936507936501789,1.7228144989339018,0.41379310343400716,0.10344827585850179,0.24137931033650417
35,llama,10.826086956521738,35.66540642722118,0.15209125475227342,1.5320512820512822,0.6521739130293006,0.1304347826058601,0.28260869564603025
35,llama,14.625,57.234375,0.20502092050123424,1.407079646017699,0.43749999998632816,0.1562499999951172,0.34374999998925787
35,llama,15.296296296296296,36.578875171467764,0.17826086956444234,1.561881188118812,0.07407407407133058,0.0,0.25925925924965704
35,llama,10.275,31.999374999999997,0.14084507042187397,1.5246753246753246,0.79999999998,0.12499999999687501,0.39999999999
36,llama,14.71875,60.2646484375,0.21212121212029386,1.3392461197339247,0.562499999982422,0.0,0.34374999998925787
36,llama,12.853658536585366,50.75907198096371,0.1620553359677389,1.438976377952756,0.6341463414479477,0.07317073170553243,0.36585365852766216
36,llama,13.135135135135135,33.68444119795471,0.1387755102035152,1.439232409381663,0.6486486486311177,0.10810810810518627,0.37837837836815197
36,llama,11.619047619047619,24.28344671201814,0.18007662835180047,1.496842105263158,0.47619047617913834,0.047619047617913836,0.33333333332539683
36,llama,11.971428571428572,50.42775510204081,0.17924528301802245,1.4527363184079602,0.5142857142710204,0.14285714285306123,0.3714285714179592
37,llama,14.324324324324325,24.002921840759683,0.17094017093944044,1.3186180422264875,0.21621621621037254,0.0,0.6216216216048212
37,llama,14.363636363636363,53.62534435261708,0.18454935622238391,1.3706896551724137,0.24242424241689625,0.0909090909063361,0.4545454545316805
37,llama,18.36842105263158,26.969529085872576,0.19565217391198017,1.3959537572254335,0.10526315788919667,0.0,0.31578947366759
37,llama,17.071428571428573,19.20918367346939,0.2719665271955148,1.3078556263269638,0.0,0.07142857142602041,0.28571428570408164
37,llama,15.065217391304348,27.84357277882798,0.1611940298502651,1.3601756954612005,0.04347826086862004,0.0,0.5217391304234404
38,llama,30.5625,56.62109375,0.34246575342348473,1.6198347107438016,0.0,0.0,0.1249999999921875
38,llama,29.733333333333334,161.39555555555555,0.2307692307682965,1.7545454545454546,0.2666666666488889,0.13333333332444444,0.19999999998666668
38,llama,24.458333333333332,135.24826388888889,0.2656716417902517,1.5536332179930796,0.6666666666388888,0.0,0.374999999984375
38,llama,33.666666666666664,53.42222222222222,0.2793103448266231,1.6144578313253013,0.13333333332444444,0.0,0.0
38,llama,29.466666666666665,53.31555555555555,0.340996168581069,1.6514806378132119,0.0,0.0,0.19999999998666668
39,llama,15.903225806451612,51.958376690946935,0.17557251908329935,1.4865424430641823,0.5161290322414152,0.0645161290301769,0.1935483870905307
39,llama,14.82857142857143,54.88489795918367,0.19087136929381382,1.3937621832358675,0.342857142847347,0.0,0.31428571427673474
39,llama,15.9375,67.05859375,0.20727272727197357,1.448,0.3124999999902344,0.09374999999707033,0.18749999999414066
39,llama,13.25,26.6375,0.21052631578868225,1.4065510597302504,0.199999999995,0.024999999999375,0.47499999998812503
39,llama,19.884615384615383,46.332840236686394,0.17578124999931335,1.41699604743083,0.07692307692011835,0.0,0.2692307692204142
40,llama,20.6,30.32,0.20542635658835107,1.4407114624505928,0.0,0.0,0.399999999984
40,llama,20.91304347826087,33.992438563327035,0.22633744855873936,1.4330543933054394,0.0,0.0,0.39130434780907375
40,llama,20.083333333333332,51.90972222222223,0.23106060605973083,1.4763948497854078,0.0,0.0,0.4583333333142361
40,llama,22.304347826086957,37.08128544423441,0.21621621621538142,1.428,0.08695652173534972,0.0,0.3478260869413989
40,llama,16.444444444444443,35.50617283950617,0.25791855203503206,1.3707093821510297,0.44444444442798353,0.0,0.5925925925706447
41,llama,16.103448275862068,34.29964328180737,0.18181818181746318,1.4164859002169197,0.48275862067300834,0.0,0.20689655171700358
41,llama,17.15625,27.0068359375,0.1209964412807082,1.4506517690875234,0.24999999999218753,0.03124999999902344,0.21874999999316408
41,llama,15.864864864864865,29.73849525200876,0.17721518987285692,1.4278260869565218,0.7027027026837108,0.027027027026296568,0.21621621621037254
41,llama,21.357142857142858,54.22959183673469,0.2201257861628298,1.4057724957555178,0.49999999998214284,0.0,0.10714285713903061
41,llama,22.52,59.04959999999999,0.17301038062223872,1.491891891891892,0.5599999999776,0.0,0.2399999999904
42,llama,10.081632653061224,25.136193252811324,0.19665271966444917,1.3305263157894738,0.48979591835735115,0.1428571428542274,0.3265306122382341
42,llama,10.142857142857142,34.24489795918367,0.226244343890379,1.325678496868476,0.48979591835735115,0.12244897958933779,0.55102040815202
42,llama,11.720930232558139,36.06165494862087,0.2025316455687657,1.4830339321357286,0.6046511627766361,0.09302325581179016,0.6744186046354786
42,llama,12.204545454545455,48.7081611570248,0.22529644268685656,1.3980582524271845,0.5454545454421488,0.1590909090872934,0.5454545454421488
42,llama,10.105263157894736,25.041551246537395,0.22692307692220415,1.3537906137184115,0.5263157894644507,0.12280701754170514,0.6140350877085258
43,llama,15.0,23.933333333333334,0.19433198380488126,1.5838926174496644,0.06666666666444444,0.03333333333222222,0.03333333333222222
43,llama,15.3,66.67666666666668,0.17391304347750475,1.4901098901098901,0.3999999999866667,0.03333333333222222,0.4333333333188889
43,llama,17.555555555555557,59.95061728395062,0.23104693140710814,1.6595289079229123,0.14814814814266117,0.11111111110699588,0.11111111110699588
43,llama,12.484848484848484,47.94674012855831,0.19457013574572593,1.5459057071960298,0.3636363636253444,0.0909090909063361,0.4242424242295685
43,llama,19.869565217391305,84.98298676748583,0.17621145374371713,1.4525386313465785,0.3478260869413989,0.0,0.3478260869413989
44,llama,10.92,40.873599999999996,0.2519685039360159,1.4334600760456273,0.47999999999040005,0.1399999999972,0.599999999988
44,llama,9.83673469387755,44.38150770512287,0.24017467248803417,1.4086021505376345,0.6938775510062475,0.2653061224435652,0.48979591835735115
44,llama,11.229166666666666,31.426649305555557,0.2068965517234245,1.6881091617933723,0.6666666666527779,0.12499999999739585,0.39583333332508686
44,llama,10.346938775510203,49.77759266972096,0.21900826446190494,1.4414784394250513,0.5306122448871304,0.2040816326488963,0.6122448979466889
44,llama,11.23913043478261,32.22542533081286,0.1730769230762574,1.5179282868525896,0.5652173912920605,0.1956521739087902,0.5869565217263706
45,llama,14.820512820512821,60.45496383957923,0.22764227642183887,1.281867145421903,0.1538461538422091,0.0,0.6923076922899409
45,llama,11.066666666666666,24.328888888888887,0.16818181818105374,1.3448275862068966,0.08888888888691358,0.0,0.5999999999866668
45,llama,16.0,30.057142857142857,0.18430034129629932,1.492619926199262,0.22857142856489798,0.0,0.3714285714179592
45,llama,11.441176470588236,54.54065743944638,0.20231213872715428,1.3597883597883598,0.23529411764013844,0.11764705882006922,0.6176470588053634
45,llama,14.606060606060606,66.29935720844811,0.18032786885171997,1.4743589743589745,0.4242424242295685,0.06060606060422406,0.4848484848337925
46,llama,17.925925925925927,25.84636488340192,0.15325670498025573,1.5369978858350952,0.0,0.0,0.22222222221399177
46,llama,15.419354838709678,32.37252861602497,0.16465863453749133,1.3707627118644068,0.32258064515088447,0.09677419354526536,0.3870967741810614
46,llama,17.0,73.94444444444444,0.1848484848479247,1.3671742808798646,0.2222222222160494,0.027777777777006175,0.3333333333240741
46,llama,20.59259259259259,28.019204389574764,0.14715719063495936,1.381651376146789,0.0,0.0,0.03703703703566529
46,llama,19.0,19.48148148148148,0.167272727272119,1.4493041749502982,0.0,0.0,0.25925925924965704
47,llama,11.791666666666666,48.37326388888889,0.16923076923011834,1.3075539568345325,0.6249999999869792,0.14583333333029516,0.41666666665798613
47,llama,11.045454545454545,43.54338842975207,0.2149122807008118,1.3718487394957983,0.5454545454421488,0.0909090909070248,0.5227272727153927
47,llama,13.666666666666666,39.863247863247864,0.18725099601519024,1.3552123552123552,0.5128205128073636,0.23076923076331363,0.5384615384477318
47,llama,11.529411764705882,58.837370242214526,0.1752577319578595,1.4047619047619047,0.7647058823304499,0.20588235293512114,0.5294117646903115
47,llama,10.931818181818182,36.15444214876033,0.2284482758610843,1.3706896551724137,0.5909090908956612,0.1818181818140496,0.340909090901343
48,llama,15.34375,46.9755859375,0.21052631578868225,1.515527950310559,0.3124999999902344,0.06249999999804688,0.1562499999951172
48,llama,10.291666666666666,27.289930555555557,0.20816326530527282,1.3647540983606556,0.2499999999947917,0.062499999998697923,0.4999999999895834
48,llama,8.39344262295082,19.84520290244557,0.18773946360081326,1.4928716904276986,0.26229508196291323,0.213114754094867,0.31147540983095945
48,llama,11.21951219512195,39.14693634741226,0.23043478260769376,1.4170403587443947,0.341463414625818,0.09756097560737657,0.36585365852766216
48,llama,9.616666666666667,23.436388888888892,0.2302158273373014,1.3850267379679144,0.4333333333261111,0.14999999999750002,0.4499999999925
49,llama,13.204545454545455,41.117252066115704,0.2126245847169016,1.4388111888111887,0.0909090909070248,0.0681818181802686,0.4318181818083678
49,llama,15.03225806451613,46.16024973985432,0.18450184501776937,1.683297180043384,0.1290322580603538,0.03225806451508845,0.3548387096659729
49,llama,16.821428571428573,49.14668367346939,0.211999999999152,1.5321888412017168,0.28571428570408164,0.21428571427806123,0.357142857130102
49,llama,20.52173913043478,50.4234404536862,0.14746543778733887,1.4064516129032258,0.08695652173534972,0.04347826086767486,0.39130434780907375
49,llama,16.37037037037037,46.381344307270226,0.17872340425455863,1.5022831050228311,0.0,0.03703703703566529,0.29629629628532234
50,llama,12.571428571428571,37.04489795918368,0.2436974789905727,1.6420323325635104,0.0,0.11428571428244899,0.39999999998857144
50,llama,17.0,36.32258064516129,0.17301038062223872,1.7148362235067438,0.2580645161207076,0.0645161290301769,0.32258064515088447
50,llama,19.25,40.901785714285715,0.23208191126200656,1.7272727272727273,0.28571428570408164,0.10714285713903061,0.357142857130102
50,llama,19.714285714285715,68.41836734693878,0.19607843137190825,1.6703703703703703,0.07142857142602041,0.035714285713010205,0.21428571427806123
50,llama,19.96,47.8784,0.26394052044511546,1.6673469387755102,0.3199999999872,0.0,0.3599999999856
51,llama,15.612903225806452,38.30176899063476,0.15859030836934543,1.3830227743271222,0.1935483870905307,0.0645161290301769,0.48387096772632676
51,llama,12.553191489361701,59.01312811226801,0.2518518518509191,1.3461538461538463,0.29787234041919425,0.21276595744228158,0.42553191488456316
51,llama,11.6875,33.798177083333336,0.20588235294041957,1.4066543438077634,0.45833333332378473,0.0,0.5624999999882813
51,llama,13.323529411764707,57.57179930795848,0.13716814159231341,1.5363636363636364,0.23529411764013844,0.08823529411505192,0.5294117646903115
51,llama,13.025,43.12437500000001,0.13793103448223015,1.3784860557768925,0.49999999998750005,0.0999999999975,0.5249999999868751
52,llama,13.837837837837839,80.78451424397369,0.18548387096699404,1.4178498985801218,0.810810810788897,0.2702702702629657,0.6486486486311177
52,llama,9.156862745098039,21.936178392925797,0.19823788546168178,1.410989010989011,0.4313725490111496,0.15686274509496348,0.5098039215586313
52,llama,15.53125,48.8115234375,0.2835249042134731,1.4446764091858038,0.3749999999882813,0.34374999998925787,0.3749999999882813
52,llama,17.24137931034483,69.83828775267538,0.2336065573760918,1.4279918864097363,0.0,0.06896551723900118,0.24137931033650417
52,llama,11.543478260869565,28.11767485822306,0.20912547528437594,1.435700575815739,0.4347826086862004,0.08695652173724008,0.47826086955482044
53,llama,13.088888888888889,51.680987654320994,0.2438162544160996,1.3006872852233677,0.08888888888691358,0.24444444443901236,0.42222222221283956
53,llama,13.735294117647058,27.194636678200688,0.21634615384511374,1.420704845814978,0.23529411764013844,0.17647058823010384,0.5294117646903115
53,llama,10.466666666666667,27.359999999999996,0.16923076922990138,1.287912087912088,0.7999999999822223,0.13333333333037037,0.7777777777604938
53,llama,12.115384615384615,48.10207100591716,0.24390243902354042,1.252931323283082,0.46153846152958583,0.17307692307359468,0.519230769220784
53,llama,12.487804878048781,37.37180249851279,0.2589285714274155,1.3052208835341366,0.5365853658405711,0.07317073170553243,0.7804878048590126
54,llama,19.62962962962963,25.566529492455416,0.18928571428503826,1.4524714828897338,0.0,0.0,0.14814814814266117
54,llama,21.782608695652176,29.387523629489603,0.18637992831474418,1.53,0.0,0.0,0.0
54,llama,17.857142857142858,58.9795918367347,0.15267175572460812,1.492929292929293,0.0,0.0,0.10714285713903061
54,llama,19.88,39.785599999999995,0.22021660649739994,1.45841784989858,0.0,0.0,0.1199999999952
54,llama,24.36842105263158,81.2853185595568,0.17338709677349443,1.497816593886463,0.0,0.0,0.157894736833795
55,llama,10.894736842105264,41.91874422899354,0.25255972696159534,1.3560477001703577,0.4912280701668206,0.28070175438104034,0.43859649122037553
55,llama,9.156862745098039,41.661668589004236,0.1999999999991111,1.4595842956120093,0.4313725490111496,0.5490196078323722,0.5686274509692426
55,llama,13.581395348837209,73.26663061114115,0.20070422535140597,1.3667883211678833,0.2790697674353705,0.13953488371768524,0.511627906964846
55,llama,11.666666666666666,68.0138888888889,0.2361623616227448,1.4127579737335836,0.4999999999895834,0.41666666665798613,0.41666666665798613
55,llama,10.372549019607844,33.645520953479426,0.17355371900754732,1.3081510934393639,0.4313725490111496,0.33333333332679743,0.5294117646955018
56,llama,12.64102564102564,34.64036817882971,0.2622222222210568,1.3711340206185567,0.05128205128073636,0.05128205128073636,0.5384615384477318
56,llama,12.55,50.6975,0.23107569721023477,1.4308617234468939,0.0,0.0999999999975,0.44999999998875007
56,llama,12.279069767441861,21.317468902109244,0.23371647509489,1.409356725146199,0.0,0.0,0.4651162790589508
56,llama,17.28125,49.8896484375,0.21153846153764794,1.40625,0.06249999999804688,0.0,0.6562499999794923
56,llama,11.91304347826087,35.1663516068053,0.1967871485935872,1.3320964749536177,0.04347826086862004,0.08695652173724008,0.4347826086862004
57,llama,20.291666666666668,51.78993055555555,0.26141078838065807,1.2893081761006289,0.0833333333298611,0.0833333333298611,0.2916666666545139
57,llama,18.0,67.07142857142857,0.2236286919821788,1.3480885311871227,0.21428571427806123,0.07142857142602041,0.42857142855612246
57,llama,19.695652173913043,53.255198487712676,0.27155172413676054,1.3946188340807175,0.17391304347069944,0.08695652173534972,0.39130434780907375
57,llama,21.545454545454547,43.97520661157024,0.20704845814886763,1.349680170575693,0.18181818180991735,0.0,0.3636363636198347
57,llama,18.88,48.90559999999999,0.25833333333225694,1.4197002141327624,0.2399999999904,0.0,0.3199999999872
58,llama,18.655172413793103,76.77764565992867,0.19531249999923708,1.4045801526717556,0.6896551723900118,0.10344827585850179,0.5517241379120095
58,llama,16.633333333333333,40.36555555555556,0.2307692307682446,1.4198782961460445,0.1333333333288889,0.1666666666611111,0.5666666666477778
58,llama,12.795454545454545,49.253615702479344,0.24302788844524692,1.3904235727440146,0.5454545454421488,0.1590909090872934,0.5909090908956612
58,llama,14.142857142857142,37.779591836734696,0.21632653061136195,1.4948875255623721,0.28571428570612245,0.08571428571183674,0.342857142847347
58,llama,21.0,84.16,0.23214285714202806,1.521484375,0.399999999984,0.1199999999952,0.2799999999888
59,llama,14.1875,54.08984375,0.16465863453749133,1.5022935779816513,0.43749999998632816,0.09374999999707033,0.34374999998925787
59,llama,13.46808510638298,22.63196016296967,0.1777108433729587,1.4690553745928339,0.42553191488456316,0.0,0.42553191488456316
59,llama,13.511111111111111,44.072098765432095,0.1419939577034985,1.5008547008547009,0.44444444443456793,0.06666666666518518,0.24444444443901236
59,llama,16.45945945945946,18.410518626734845,0.1842900302109236,1.5016611295681064,0.054054054052593135,0.0,0.16216216215777943
59,llama,12.682926829268293,39.14336704342653,0.19097222222155913,1.52,0.5365853658405711,0.1219512195092207,0.21951219511659728
60,llama,23.5,31.35,0.21276595744590313,1.4555314533622559,0.0,0.0,0.499999999975
60,llama,21.928571428571427,44.923469387755105,0.2012987012973942,1.3908794788273615,0.0,0.0,0.2857142856938775
60,llama,17.444444444444443,15.135802469135804,0.23926380367951375,1.4426751592356688,0.0,0.0,0.2777777777623457
60,llama,20.227272727272727,19.99380165289256,0.20547945205385626,1.3764172335600906,0.0,0.0,0.31818181816735536
60,llama,14.947368421052632,22.997229916897506,0.22307692307520713,1.3380782918149465,0.10526315788919667,0.052631578944598335,0.4210526315567867
61,llama,16.823529411764707,54.439446366782015,0.14661654135283228,1.3374777975133214,0.23529411764013844,0.08823529411505192,0.38235294116522495
61,llama,13.235294117647058,31.35640138408305,0.26956521739013234,1.3905191873589164,0.0,0.0,0.20588235293512114
61,llama,15.794117647058824,20.339965397923876,0.20912547528437594,1.4384328358208955,0.0,0.029411764705017305,0.44117647057525955
61,llama,18.0,23.923076923076923,0.22222222222123458,1.3605150214592274,0.1538461538402367,0.0,0.42307692306065087
61,llama,22.47826086956522,34.336483931947065,0.2023809523801493,1.4366471734892787,0.0,0.0,0.5652173912797731
62,llama,11.869565217391305,48.80907372400757,0.24014336917476653,1.3981308411214954,0.2608695652117202,0.06521739130293006,0.6086956521606806
62,llama,11.955555555555556,29.331358024691365,0.18503937007801166,1.3660377358490565,0.22222222221728397,0.11111111110864198,0.37777777776938276
62,llama,12.395833333333334,45.90581597222222,0.18181818181759152,1.3641025641025641,0.12499999999739585,0.10416666666449653,0.39583333332508686
62,llama,12.846153846153847,36.1301775147929,0.16883116883043797,1.37782340862423,0.2564102564036818,0.07692307692110455,0.5641025640881
62,llama,10.906976744186046,27.293672255273123,0.19444444444354425,1.3986784140969164,0.41860465115305573,0.20930232557652786,0.511627906964846
63,llama,14.45945945945946,37.275383491599705,0.2592592592581924,1.375,0.0,0.054054054052593135,0.48648648647333825
63,llama,12.813953488372093,26.24445646295295,0.2222222222213404,1.3041894353369763,0.0,0.02325581395294754,0.6279069767295836
63,llama,13.891891891891891,26.691015339663988,0.19183673469309456,1.3490196078431373,0.0,0.13513513513148284,0.5675675675522279
63,llama,12.805555555555555,30.656635802469136,0.20657276995208182,1.3934065934065933,0.0,0.0,0.5833333333171297
63,llama,14.0,32.35897435897436,0.2283464566920144,1.3062730627306274,0.05128205128073636,0.02564102564036818,0.5128205128073636
64,llama,16.515151515151516,84.55280073461893,0.21115537848521454,1.2962962962962963,0.30303030302112033,0.0,0.6060606060422407
64,llama,16.029411764705884,36.1461937716263,0.20992366412133617,1.4011406844106464,0.17647058823010384,0.0,0.4705882352802769
64,llama,12.974358974358974,44.17882971729125,0.2410071942437374,1.501002004008016,0.6153846153688364,0.07692307692110455,0.46153846152662725
64,llama,14.525,25.399375,0.21276595744605403,1.3823008849557523,0.29999999999250004,0.04999999999875,0.54999999998625
64,llama,14.210526315789474,30.166204986149584,0.2113207547161837,1.402621722846442,0.0,0.026315789472991694,0.47368421051385046
65,llama,12.256410256410257,41.37015121630507,0.2322274881505582,1.3062098501070665,0.0,0.05128205128073636,0.7179487179303091
65,llama,12.647058823529411,31.326412918108428,0.22499999999919643,1.3348982785602503,0.0,0.0,0.6078431372429836
65,llama,11.641509433962264,24.796012815948743,0.21328671328596754,1.2988313856427378,0.22641509433535068,0.03773584905589178,0.6037735848942685
65,llama,13.15,40.1275,0.2008368200828417,1.3288201160541586,0.0999999999975,0.07499999999812501,0.5999999999850001
65,llama,11.270833333333334,29.489149305555554,0.26720647773171174,1.3723608445297504,0.041666666665798616,0.020833333332899308,0.6249999999869792
66,llama,11.591836734693878,42.81299458558934,0.214285714284949,1.3889908256880734,0.48979591835735115,0.12244897958933779,0.387755102032903
66,llama,15.75,46.5625,0.2436974789905727,1.360323886639676,0.24999999999218753,0.09374999999707033,0.4687499999853516
66,llama,14.27027027027027,113.44046749452153,0.2274509803912649,1.4115384615384616,0.32432432431555885,0.08108108107888971,0.3513513513418554
66,llama,17.84375,46.3193359375,0.21897810218898184,1.411764705882353,0.3749999999882813,0.06249999999804688,0.49999999998437505
66,llama,13.666666666666666,53.45299145299145,0.1999999999992157,1.4533333333333334,0.5128205128073636,0.10256410256147272,0.3076923076844182
67,llama,12.638297872340425,24.358533272974192,0.19838056680081628,1.2830508474576272,0.12765957446536896,0.19148936169805345,0.6595744680710729
67,llama,13.725,20.649375,0.1666666666660053,1.3228782287822878,0.49999999998750005,0.17499999999562502,0.574999999985625
67,llama,11.16326530612245,26.014160766347363,0.14682539682481419,1.2960893854748603,0.24489795917867557,0.1428571428542274,0.6734693877413578
67,llama,10.0,27.88888888888889,0.22177419354749286,1.291044776119403,0.37037037036351167,0.222222222218107,0.6296296296179699
67,llama,10.857142857142858,31.83673469387755,0.17924528301802245,1.3008849557522124,0.09523809523582767,0.19047619047165534,0.5952380952239229
68,llama,14.529411764705882,37.07266435986159,0.19379844961165196,1.5073375262054507,0.4705882352802769,0.20588235293512114,0.3529411764602077
68,llama,17.875,66.859375,0.19097222222155913,1.4763636363636363,0.562499999982422,0.09374999999707033,0.4687499999853516
68,llama,16.366666666666667,25.365555555555552,0.2140077821003346,1.5290456431535269,0.1333333333288889,0.0,0.3999999999866667
68,llama,15.580645161290322,42.75962539021853,0.18421052631509696,1.5557894736842106,0.1290322580603538,0.0645161290301769,0.1290322580603538
68,llama,16.620689655172413,86.44233055885849,0.1818181818174305,1.5336225596529285,0.3448275861950059,0.10344827585850179,0.27586206895600474
69,llama,15.833333333333334,88.08333333333331,0.24579124579041822,1.5140845070422535,0.1111111111080247,0.05555555555401235,0.3611111111010803
69,llama,14.702702702702704,25.127830533235937,0.19434628975196344,1.5314814814814814,0.2702702702629657,0.08108108107888971,0.5135135134996348
69,llama,11.951219512195122,30.24152290303391,0.15094339622584552,1.5928270042194093,0.341463414625818,0.07317073170553243,0.41463414633135043
69,llama,12.023809523809524,36.16609977324263,0.18930041152185473,1.4661190965092403,0.33333333332539683,0.07142857142687076,0.5238095237970521
69,llama,12.657894736842104,38.90927977839336,0.20689655172324614,1.3810526315789473,0.10526315789196677,0.05263157894598339,0.5789473684058172
70,llama,14.2,18.16,0.1485943775094434,1.7654028436018958,0.0,0.0,0.09999999999666667
70,llama,16.11111111111111,28.691358024691358,0.1774193548379943,1.728735632183908,0.37037037035665293,0.0,0.29629629628532234
70,llama,22.857142857142858,64.12244897959184,0.20149253731268102,1.5762004175365345,0.0,0.0,0.14285714285034012
70,llama,18.22222222222222,41.432098765432094,0.1730769230762574,1.5959183673469388,0.0,0.0,0.29629629628532234
70,llama,17.137931034482758,35.015457788347206,0.20212765957375134,1.689516129032258,0.27586206895600474,0.0,0.20689655171700358
71,llama,11.875,53.459375,0.2159624413135401,1.3831168831168832,0.24999999999375003,0.14999999999625002,0.54999999998625
71,llama,10.150943396226415,46.31683873264505,0.27519379844854575,1.3969171483622351,0.5283018867824849,0.09433962263972945,0.5660377358383767
71,llama,9.75,37.61057692307692,0.21428571428475765,1.353061224489796,0.23076923076479292,0.15384615384319528,0.5576923076815828
71,llama,12.782608695652174,54.996219281663514,0.2206405693942326,1.3617391304347826,0.5652173912920605,0.17391304347448017,0.6521739130293006
71,llama,10.666666666666666,32.06535947712418,0.3230769230756805,1.344632768361582,0.2745098039161861,0.09803921568435219,0.5294117646955018
72,llama,16.394736842105264,44.238919667590025,0.25663716814083587,1.650974025974026,0.05263157894598339,0.23684210525692523,0.4210526315678671
72,llama,16.866666666666667,26.582222222222228,0.19531249999923708,1.5240963855421688,0.19999999999333334,0.0,0.3666666666544444
72,llama,18.8,53.64571428571429,0.2112676056332077,1.6394453004622496,0.5142857142710204,0.0,0.45714285712979597
72,llama,27.38888888888889,36.237654320987644,0.20155038759611804,1.6196319018404908,0.7777777777345679,0.05555555555246913,0.11111111110493826
72,llama,18.296296296296298,49.245541838134436,0.19926199261919092,1.6509240246406571,0.44444444442798353,0.0,0.22222222221399177
73,llama,10.717391304347826,28.202741020793948,0.3051643192473936,1.3711790393013101,0.6086956521606806,0.08695652173724008,0.6521739130293006
73,llama,10.075471698113208,38.86222855108579,0.3176470588222837,1.31640625,0.7547169811178356,0.30188679244713423,0.6037735848942685
73,llama,10.638297872340425,46.78406518786782,0.3237704918019518,1.448559670781893,0.6382978723268448,0.12765957446536896,0.6808510638153011
73,llama,9.101694915254237,32.667624245906346,0.2909836065561845,1.4153543307086613,0.779661016935938,0.2711864406733697,0.5593220338888251
73,llama,12.35,62.8775,0.2874999999988021,1.484076433121019,0.79999999998,0.17499999999562502,0.49999999998750005
74,llama,10.291666666666666,62.87326388888889,0.17083333333262155,1.3621052631578947,0.6666666666527779,0.16666666666319446,0.47916666665668406
74,llama,12.042553191489361,25.402444545042997,0.266666666665731,1.5072202166064983,0.2553191489307379,0.08510638297691264,0.48936170211724767
74,llama,12.121212121212121,43.07621671258035,0.2585365853645925,1.5078534031413613,0.7878787878549128,0.3636363636253444,0.4848484848337925
74,llama,12.55,38.2475,0.18725099601519024,1.5257731958762886,0.14999999999625002,0.12499999999687501,0.34999999999125003
74,llama,11.6,44.089999999999996,0.19999999999897436,1.316628701594533,0.44999999998875007,0.17499999999562502,0.624999999984375
75,llama,16.28125,41.6396484375,0.2222222222213404,1.4563106796116505,0.18749999999414066,0.03124999999902344,0.4687499999853516
75,llama,15.419354838709678,59.01768990634756,0.16597510373375116,1.4131355932203389,0.3870967741810614,0.0645161290301769,0.290322580635796
75,llama,16.0,42.1875,0.22709163346523073,1.4015748031496063,0.3749999999882813,0.06249999999804688,0.5312499999833985
75,llama,15.823529411764707,61.96885813148789,0.22779922779834827,1.4067796610169492,0.17647058823010384,0.05882352941003461,0.5294117646903115
75,llama,12.35135135135135,52.33601168736303,0.22279792745998553,1.3355263157894737,0.21621621621037254,0.08108108107888971,0.48648648647333825
76,llama,10.224489795918368,24.378175760099957,0.2307692307682446,1.340956340956341,0.16326530611911705,0.0,0.42857142856268227
76,llama,10.096153846153847,35.54844674556213,0.2377049180318127,1.3032128514056225,0.8076923076767752,0.05769230769119823,0.36538461537758876
76,llama,12.292682926829269,42.49970255800118,0.26956521739013234,1.2770833333333333,0.6341463414479477,0.1219512195092207,0.6341463414479477
76,llama,12.278688524590164,52.00429991937651,0.20615384615321183,1.3099579242636745,0.3934426229443698,0.016393442622682077,0.4590163934350981
76,llama,12.608695652173912,42.02079395085066,0.2251655629131617,1.359375,0.5217391304234404,0.0,0.4130434782518904
77,llama,15.46875,24.7490234375,0.21296296296197703,1.3209876543209877,0.12499999999609376,0.0,0.6562499999794923
77,llama,19.071428571428573,41.20918367346938,0.2133891213380193,1.3901515151515151,0.0,0.0,0.49999999998214284
77,llama,15.857142857142858,24.922448979591838,0.1818181818174305,1.3827838827838828,0.28571428570612245,0.0,0.685714285694694
77,llama,10.956521739130435,24.476370510396983,0.20444444444353582,1.2941176470588236,0.4347826086862004,0.08695652173724008,0.6304347825949906
77,llama,12.238095238095237,50.70521541950114,0.16738197424820866,1.3399602385685885,0.47619047617913834,0.07142857142687076,0.5238095237970521
78,llama,12.837837837837839,28.568298027757482,0.1882352941169089,1.5140997830802603,0.16216216215777943,0.08108108107888971,0.2702702702629657
78,llama,11.317073170731707,29.679952409280187,0.20816326530527282,1.5043859649122806,0.3902439024295063,0.19512195121475315,0.2926829268221297
78,llama,11.64864864864865,28.28195763330898,0.19736842105176594,1.4930232558139536,0.16216216215777943,0.08108108107888971,0.16216216215777943
78,llama,14.666666666666666,58.4888888888889,0.1926229508188827,1.5412844036697249,0.19999999999333334,0.1333333333288889,0.23333333332555556
78,llama,11.69047619047619,45.308956916099774,0.17454545454481984,1.6247422680412371,0.28571428570748303,0.047619047617913836,0.23809523808956917
79,llama,15.580645161290322,34.11446409989595,0.16525423728743538,1.473460721868365,0.1290322580603538,0.0,0.48387096772632676
79,llama,13.926829268292684,35.140987507436044,0.17472118959042857,1.444043321299639,0.2439024390184414,0.07317073170553243,0.4878048780368828
79,llama,14.365853658536585,44.085663295657355,0.1724137931027877,1.315424610051993,0.09756097560737657,0.07317073170553243,0.4878048780368828
79,llama,15.441176470588236,52.71712802768167,0.14173228346400893,1.4027237354085602,0.0,0.029411764705017305,0.294117647050173
79,llama,12.820512820512821,30.044707429322806,0.211999999999152,1.3971774193548387,0.0,0.02564102564036818,0.46153846152662725
80,llama,17.137931034482758,48.18787158145066,0.1806722689068039,1.4081632653061225,0.27586206895600474,0.03448275861950059,0.37931034481450654
80,llama,15.470588235294118,46.07266435986159,0.20973782771457028,1.505791505791506,0.23529411764013844,0.0,0.3529411764602077
80,llama,17.0,20.90909090909091,0.1841155234650393,1.2725598526703499,0.0,0.06060606060422406,0.5151515151359045
80,llama,15.96875,43.7802734375,0.1882352941169089,1.466,0.18749999999414066,0.0,0.43749999998632816
80,llama,16.58823529411765,44.653979238754324,0.1897106109318659,1.580935251798561,0.17647058823010384,0.0,0.20588235293512114
81,llama,13.588235294117647,50.83044982698962,0.16666666666589508,1.3260393873085339,0.294117647050173,0.20588235293512114,0.5294117646903115
81,llama,11.6,37.989999999999995,0.1745283018859692,1.3869565217391304,0.49999999998750005,0.07499999999812501,0.5999999999850001
81,llama,12.222222222222221,72.45061728395062,0.18691588784959387,1.459090909090909,0.4444444444320988,0.13888888888503087,0.4166666666550926
81,llama,12.243243243243244,34.238130021913804,0.18604651162704167,1.4444444444444444,0.5405405405259314,0.08108108107888971,0.5135135134996348
81,llama,16.275862068965516,58.13079667063021,0.17521367521292644,1.417558886509636,0.20689655171700358,0.0,0.3448275861950059
82,llama,13.789473684210526,36.27146814404433,0.20138888888818962,1.5428015564202335,0.10526315789196677,0.05263157894598339,0.49999999998684214
82,llama,17.03846153846154,62.65236686390533,0.26122448979485213,1.6183908045977011,0.0,0.0,0.3461538461405325
82,llama,18.333333333333332,52.138888888888886,0.19583333333251737,1.4452214452214451,0.0,0.04166666666493055,0.374999999984375
82,llama,18.655172413793103,24.087990487514865,0.2611683848788276,1.667300380228137,0.0,0.0,0.5172413792925089
82,llama,20.074074074074073,70.06858710562416,0.2499999999990809,1.4438202247191012,0.07407407407133058,0.0,0.62962962960631
83,llama,18.333333333333332,65.33333333333333,0.19622641509359914,1.3786008230452675,0.14814814814266117,0.07407407407133058,0.11111111110699588
83,llama,16.464285714285715,42.46301020408163,0.22088353413565912,1.4133333333333333,0.14285714285204082,0.035714285713010205,0.28571428570408164
83,llama,20.68,58.857600000000005,0.22180451127736164,1.40234375,0.0,0.0,0.2399999999904
83,llama,17.433333333333334,29.645555555555553,0.1601562499993744,1.3667953667953667,0.06666666666444444,0.0,0.29999999999
83,llama,20.818181818181817,87.33057851239673,0.21681415929107606,1.4336283185840708,0.09090909090495868,0.04545454545247934,0.272727272714876
84,llama,10.674418604651162,33.52190373174689,0.20812182741011107,1.3280542986425339,0.511627906964846,0.13953488371768524,0.5348837209177935
84,llama,10.08695652173913,43.7750472589792,0.22972972972869493,1.3636363636363635,0.0,0.15217391304017014,0.47826086955482044
84,llama,15.724137931034482,42.54458977407848,0.14218009478605603,1.346938775510204,0.41379310343400716,0.06896551723900118,0.6206896551510107
84,llama,12.083333333333334,33.24305555555556,0.20999999999895,1.3159144893111638,0.4444444444320988,0.05555555555401235,0.3888888888780865
84,llama,13.2,45.260000000000005,0.2460937499990387,1.4466403162055337,0.49999999998750005,0.17499999999562502,0.47499999998812503
85,llama,16.085714285714285,36.42122448979592,0.2217898832676195,1.315884476534296,0.22857142856489798,0.057142857141224496,0.6285714285534695
85,llama,11.266666666666667,24.90666666666667,0.143999999999424,1.3860759493670887,0.48888888887802473,0.022222222221728396,0.44444444443456793
85,llama,14.1,35.223333333333336,0.18407960198913395,1.2645631067961165,0.3999999999866667,0.1333333333288889,0.4333333333188889
85,llama,10.16,25.494400000000006,0.22556390977358812,1.3849462365591398,0.5199999999896,0.059999999998800006,0.43999999999120004
85,llama,13.756756756756756,36.29218407596786,0.22321428571328925,1.2774327122153208,0.4324324324207451,0.16216216215777943,0.6756756756574143
86,llama,17.0,46.96551724137931,0.16666666666595442,1.431211498973306,0.48275862067300834,0.0,0.5517241379120095
86,llama,13.709677419354838,60.91571279916754,0.16666666666591592,1.5493975903614459,0.3870967741810614,0.09677419354526536,0.290322580635796
86,llama,13.444444444444445,30.080246913580247,0.1387755102035152,1.4363256784968685,0.27777777777006174,0.16666666666203706,0.3611111111010803
86,llama,13.523809523809524,41.34467120181406,0.18999999999936668,1.4792792792792793,0.28571428570748303,0.047619047617913836,0.2619047618985261
86,llama,13.5,22.355263157894736,0.18852459016316178,1.5308151093439364,0.2631578947299169,0.026315789472991694,0.39473684209487536
87,llama,14.5625,37.93359375,0.1864406779653117,1.4226579520697167,0.0,0.06249999999804688,0.3749999999882813
87,llama,17.392857142857142,48.38137755102041,0.24576271186336543,1.4904458598726114,0.0,0.0,0.4642857142691327
87,llama,12.317073170731707,45.04580606781677,0.230452674896171,1.395959595959596,0.0,0.1219512195092207,0.2439024390184414
87,llama,12.452380952380953,33.62868480725623,0.21011673151669216,1.419921875,0.0,0.09523809523582767,0.42857142856122454
87,llama,9.538461538461538,17.4792899408284,0.19491525423646222,1.3695198329853862,0.0,0.09615384615199704,0.38461538460798816
88,llama,14.214285714285714,16.215986394557824,0.229681978797775,1.401023890784983,0.0,0.0,0.5238095237970521
88,llama,10.790697674418604,18.956192536506222,0.19831223628608308,1.4684095860566448,0.0,0.04651162790589508,0.32558139534126557
88,llama,13.051282051282051,19.843523997370156,0.2025316455687657,1.346613545816733,0.0,0.0,0.6153846153688364
88,llama,13.710526315789474,22.626731301939056,0.24513618676947418,1.3248031496062993,0.0,0.026315789472991694,0.5789473684058172
88,llama,13.263157894736842,15.03601108033241,0.1752988047801781,1.355421686746988,0.0,0.0,0.4473684210408588
89,llama,14.09375,61.7724609375,0.17391304347742073,1.3811659192825112,0.49999999998437505,0.21874999999316408,0.4687499999853516
89,llama,13.30952380952381,28.92800453514739,0.20074349442304557,1.3899821109123434,0.09523809523582767,0.0,0.5238095237970521
89,llama,13.4,47.64,0.1434426229502318,1.3397312859884838,0.44999999998875007,0.07499999999812501,0.47499999998812503
89,llama,14.588235294117647,42.712802768166085,0.16810344827513748,1.3523421588594704,0.4117647058702423,0.029411764705017305,0.676470588215398
89,llama,10.227272727272727,22.721074380165284,0.1780104712032565,1.334090909090909,0.227272727267562,0.0454545454535124,0.6136363636224174
90,llama,16.818181818181817,18.876033057851238,0.18726591760229488,1.469835466179159,0.0,0.03030303030211203,0.4848484848337925
90,llama,15.96875,40.9052734375,0.2371541501966911,1.3929273084479372,0.0,0.0,0.562499999982422
90,llama,17.71875,69.7021484375,0.20532319391556914,1.374331550802139,0.06249999999804688,0.09374999999707033,0.3749999999882813
90,llama,17.90909090909091,34.02203856749311,0.2474916387951589,1.4923076923076923,0.0,0.0909090909063361,0.33333333332323234
90,llama,17.612903225806452,46.172736732570236,0.2217898832676195,1.3709981167608287,0.0,0.09677419354526536,0.48387096772632676
91,llama,12.365853658536585,24.329565734681736,0.17786561264751832,1.4612326043737573,0.04878048780368829,0.07317073170553243,0.6341463414479477
91,llama,11.909090909090908,26.567493112947655,0.16203703703628689,1.5526992287917738,0.06060606060422406,0.0,0.3939393939274564
91,llama,13.166666666666666,34.24999999999999,0.1535269709537198,1.509761388286334,0.05555555555401235,0.0,0.49999999998611117
91,llama,14.363636363636363,48.65564738292011,0.16597510373375116,1.4489361702127659,0.1818181818126722,0.03030303030211203,0.4545454545316805
91,llama,13.75,18.6875,0.15207373271819322,1.4772727272727273,0.18749999999414066,0.0,0.24999999999218753
92,llama,14.741935483870968,95.41727367325701,0.17391304347742073,1.3800904977375565,0.32258064515088447,0.1935483870905307,0.48387096772632676
92,llama,12.0,43.5,0.23144104803392385,1.3340471092077089,0.54999999998625,0.274999999993125,0.37499999999062505
92,llama,14.105263157894736,71.46260387811635,0.21673003802198962,1.4304761904761905,0.2631578947299169,0.026315789472991694,0.4473684210408588
92,llama,17.551724137931036,52.10939357907253,0.19341563785928637,1.4415322580645162,0.20689655171700358,0.0,0.5172413792925089
92,llama,12.152173913043478,44.56379962192816,0.20075757575681533,1.4181818181818182,0.47826086955482044,0.1956521739087902,0.6086956521606806
93,llama,20.875,33.942708333333336,0.2572614107873143,1.5616161616161617,0.0,0.0,0.5833333333090278
93,llama,16.448275862068964,38.73008323424494,0.23193916349721697,1.6744186046511629,0.0,0.10344827585850179,0.5517241379120095
93,llama,14.84375,16.0693359375,0.23170731707222883,1.5898520084566596,0.12499999999609376,0.0,0.43749999998632816
93,llama,20.695652173913043,64.29867674858222,0.23170731707222883,1.477801268498943,0.08695652173534972,0.04347826086767486,0.608695652147448
94,llama,15.428571428571429,48.24489795918367,0.2694063926928338,1.5233644859813085,0.0,0.07142857142602041,0.24999999999107142
94,llama,18.363636363636363,28.32231404958678,0.19230769230676775,1.6095717884130982,0.0,0.0,0.136363636357438
94,llama,17.133333333333333,25.515555555555558,0.21428571428486395,1.4588235294117646,0.1333333333288889,0.0,0.3333333333222222
94,llama,15.758620689655173,34.66587395957194,0.17446808510564057,1.4933628318584071,0.20689655171700358,0.0,0.24137931033650417
94,llama,13.696969696969697,86.39302112029385,0.19282511210675865,1.42,0.4242424242295685,0.12121212120844813,0.3636363636253444
95,llama,16.5,26.916666666666668,0.20647773279268633,1.4958677685950412,0.06666666666444444,0.03333333333222222,0.5333333333155555
95,llama,16.06896551724138,37.92627824019025,0.20704845814886763,1.5336225596529285,0.0,0.0,0.41379310343400716
95,llama,18.310344827586206,16.076099881093935,0.22614840989319382,1.587878787878788,0.06896551723900118,0.0,0.37931034481450654
95,llama,12.7,39.71,0.21886792452747597,1.4723926380368098,0.0999999999975,0.0999999999975,0.42499999998937504
95,llama,13.805555555555555,41.878858024691354,0.1926229508188827,1.4514767932489452,0.1111111111080247,0.0,0.5555555555401235
96,llama,14.030303030303031,21.847566574839302,0.25590551181001614,1.4391304347826086,0.12121212120844813,0.03030303030211203,0.24242424241689625
96,llama,21.217391304347824,50.604914933837414,0.21428571428486395,1.3497942386831276,0.26086956520604915,0.08695652173534972,0.39130434780907375
96,llama,22.90909090909091,25.900826446280995,0.22509225092167864,1.450199203187251,0.0,0.0,0.31818181816735536
96,llama,18.782608695652176,20.170132325141772,0.20642201834767698,1.4032634032634033,0.0,0.0,0.26086956520604915
96,llama,22.63157894736842,37.18005540166205,0.19902912621262608,1.2570093457943925,0.0,0.0,0.4210526315567867
97,llama,10.245283018867925,25.883232467070126,0.20377358490489142,1.4961977186311788,0.30188679244713423,0.07547169811178356,0.5471698113104307
97,llama,10.808510638297872,64.66545948392938,0.2610294117637462,1.477366255144033,0.21276595744228158,0.19148936169805345,0.44680851062879134
97,llama,10.442307692307692,23.93897928994083,0.23272727272642646,1.4943820224719102,0.23076923076479292,0.13461538461279587,0.423076923068787
97,llama,11.758620689655173,24.49346016646849,0.1942857142851592,1.4783258594917787,0.17241379310047564,0.10344827586028538,0.5517241379215221
97,llama,13.6,43.668571428571425,0.223999999999104,1.5183585313174945,0.45714285712979597,0.08571428571183674,0.3714285714179592
98,llama,11.846153846153847,37.46351084812624,0.17299578058998738,1.4563758389261745,0.7179487179303091,0.1282051282018409,0.43589743588625907
98,llama,13.902439024390244,42.624628197501494,0.21428571428501855,1.5601436265709157,0.2439024390184414,0.0,0.2682926829202856
98,llama,13.210526315789474,65.37673130193906,0.2572614107873143,1.4497907949790796,0.5263157894598338,0.05263157894598339,0.47368421051385046
98,llama,10.73469387755102,37.09287796751353,0.13846153846100592,1.457593688362919,0.2857142857084548,0.10204081632444816,0.30612244897334445
98,llama,14.5,52.661764705882355,0.20233463034940727,1.5185185185185186,0.17647058823010384,0.08823529411505192,0.23529411764013844
99,llama,13.390243902439025,37.40868530636525,0.22348484848400196,1.4149532710280375,0.4878048780368828,0.1219512195092207,0.4634146341350387
99,llama,20.333333333333332,61.13888888888889,0.19841269841191106,1.4430379746835442,0.0,0.0,0.2083333333246528
99,llama,17.333333333333332,51.676767676767675,0.1818181818175461,1.4087719298245613,0.30303030302112033,0.03030303030211203,0.2727272727190083
99,llama,12.947368421052632,18.734072022160664,0.24710424710329304,1.3558282208588956,0.10526315789196677,0.0,0.47368421051385046
99,llama,17.387096774193548,104.75338189386055,0.192452830187953,1.5066162570888468,0.32258064515088447,0.03225806451508845,0.32258064515088447
100,llama,21.32,37.7376,0.23773584905570666,1.5358490566037737,0.0,0.0399999999984,0.5199999999792
100,llama,15.96774193548387,16.547346514047867,0.1865079365071964,1.4489795918367347,0.1935483870905307,0.0,0.3548387096659729
100,llama,19.0,19.666666666666668,0.15677966101628485,1.6013215859030836,0.0,0.0,0.2916666666545139
100,llama,18.923076923076923,36.14792899408285,0.2295719844349044,1.4408163265306122,0.0,0.0,0.46153846152071004
100,llama,17.655172413793103,36.22592152199763,0.20331950207384517,1.3215686274509804,0.0,0.0,0.3448275861950059
101,llama,12.0,31.954545454545453,0.16475095785377492,1.4177949709864603,0.4090909090816116,0.0227272727267562,0.454545454535124
101,llama,13.575757575757576,33.82001836547292,0.2047619047609297,1.4382022471910112,0.24242424241689625,0.06060606060422406,0.5757575757401286
101,llama,16.451612903225808,30.505723204994794,0.2511627906965062,1.3274509803921568,0.0,0.0,0.48387096772632676
101,llama,12.904761904761905,32.657596371882086,0.17647058823464534,1.4591078066914498,0.0,0.0,0.4047619047522676
101,llama,16.12121212121212,36.2277318640955,0.2249999999990625,1.355263157894737,0.12121212120844813,0.03030303030211203,0.5757575757401286
102,llama,18.137931034482758,39.63614744351962,0.2163120567368216,1.5096525096525097,0.06896551723900118,0.03448275861950059,0.27586206895600474
102,llama,19.82758620689655,43.86682520808562,0.13712374581893938,1.44070796460177,0.48275862067300834,0.10344827585850179,0.13793103447800237
102,llama,15.838709677419354,74.52237252861603,0.19421487603225532,1.3641975308641976,0.580645161271592,0.09677419354526536,0.32258064515088447
102,llama,23.26086956521739,79.49716446124764,0.17182130584133395,1.5391969407265775,0.17391304347069944,0.0,0.21739130433837428
102,llama,21.074074074074073,44.66117969821675,0.18181818181759152,1.4594594594594594,0.0,0.03703703703566529,0.11111111110699588
103,llama,15.655172413793103,69.39833531510108,0.24255319148832957,1.4627539503386005,0.13793103447800237,0.0,0.17241379309750296
103,llama,53.095238095238095,11416.27664399093,0.21473029045620878,1.9325539568345325,0.0952380952335601,0.0,0.14285714285034012
103,llama,11.761904761904763,34.56235827664399,0.18930041152185473,1.3933747412008282,0.14285714285374151,0.0,0.45238095237018144
103,llama,10.794871794871796,52.72715318869166,0.1999999999991111,1.3934837092731829,0.3076923076844182,0.02564102564036818,0.3333333333247864
103,llama,12.425,40.394375000000004,0.19838056680081628,1.4115226337448559,0.199999999995,0.024999999999375,0.34999999999125003
104,llama,13.605263157894736,44.08102493074793,0.1782945736427198,1.376953125,0.0,0.07894736841897508,0.3684210526218837
104,llama,12.333333333333334,34.65079365079365,0.2432432432423041,1.314,0.23809523808956917,0.0,0.45238095237018144
104,llama,16.794117647058822,50.92820069204153,0.22260273972526506,1.3309734513274336,0.294117647050173,0.029411764705017305,0.44117647057525955
104,llama,14.125,32.734375,0.21052631578855033,1.3825503355704698,0.3124999999902344,0.09374999999707033,0.43749999998632816
104,llama,18.44,41.206399999999995,0.21917808219078003,1.34878587196468,0.0799999999968,0.0,0.5199999999792
105,llama,13.432432432432432,34.02921840759679,0.3116883116869624,1.361344537815126,0.0,0.0,0.7027027026837108
105,llama,17.333333333333332,52.66666666666668,0.22897196261575248,1.3093681917211328,0.0,0.0,0.5925925925706447
105,llama,16.548387096774192,56.054110301768986,0.21610169491433856,1.4217821782178217,0.1290322580603538,0.03225806451508845,0.5161290322414152
105,llama,15.67741935483871,18.15400624349636,0.28761061946775396,1.40084388185654,0.0,0.0,0.7741935483621228
105,llama,15.131578947368421,65.79847645429363,0.23999999999912727,1.4502712477396023,0.0,0.10526315789196677,0.5263157894598338
106,llama,13.263157894736842,33.93074792243767,0.12648221343823526,1.465587044534413,0.0,0.0,0.39473684209487536
106,llama,11.75,35.9375,0.13888888888824588,1.3529411764705883,0.14999999999625002,0.024999999999375,0.44999999998875007
106,llama,20.53846153846154,63.32544378698224,0.168421052630988,1.4346153846153846,0.1538461538402367,0.0,0.2692307692204142
106,llama,14.514285714285714,66.53551020408163,0.1811023622040114,1.391919191919192,0.39999999998857144,0.028571428570612248,0.45714285712979597
106,llama,13.692307692307692,55.5463510848126,0.2015209125467623,1.3624031007751938,0.4102564102458909,0.05128205128073636,0.3846153846055227
107,llama,14.179487179487179,66.91650230111769,0.19298245613967374,1.5757009345794393,0.5128205128073636,0.1538461538422091,0.4102564102458909
107,llama,15.5,91.38333333333334,0.24999999999903846,1.6852678571428572,0.59999999998,0.09999999999666667,0.1666666666611111
107,llama,14.030303030303031,68.27180899908173,0.19691119691043665,1.6839729119638827,0.6666666666464647,0.12121212120844813,0.30303030302112033
107,llama,14.325581395348838,173.10329908058415,0.24495677233358804,1.6044520547945205,0.558139534870741,0.13953488371768524,0.3953488372001082
107,llama,14.05,94.39750000000001,0.18122977346219668,1.5714285714285714,0.64999999998375,0.14999999999625002,0.34999999999125003
108,llama,17.357142857142858,25.30102040816327,0.23412698412605507,1.4803312629399585,0.14285714285204082,0.0,0.39285714284311224
108,llama,16.0,31.870967741935484,0.19305019304944768,1.5113871635610765,0.0645161290301769,0.03225806451508845,0.48387096772632676
108,llama,15.272727272727273,36.01652892561983,0.20883534136462317,1.4016064257028114,0.0,0.15151515151056016,0.5454545454380166
108,llama,13.91891891891892,30.93937180423667,0.2392156862735717,1.400390625,0.16216216215777943,0.0,0.4594594594470417
108,llama,12.355555555555556,15.784691358024695,0.2015209125467623,1.355072463768116,0.04444444444345679,0.06666666666518518,0.5999999999866668
109,llama,13.095238095238095,45.75283446712018,0.16974169741634781,1.417439703153989,0.33333333332539683,0.023809523808956918,0.5952380952239229
109,llama,15.393939393939394,50.35996326905418,0.20392156862665128,1.3711340206185567,0.7878787878549128,0.03030303030211203,0.4242424242295685
109,llama,11.891891891891891,17.555880204528854,0.1519607843129806,1.3078703703703705,0.5945945945785245,0.054054054052593135,0.6216216216048212
109,llama,13.225,23.674374999999998,0.21940928269949617,1.3320235756385068,0.39999999999,0.024999999999375,0.6999999999825001
109,llama,11.857142857142858,31.061224489795915,0.19557195571883554,1.3268206039076376,0.48979591835735115,0.04081632652977926,0.7142857142711371
110,llama,13.8125,73.71484375,0.16949152542301063,1.541371158392435,0.3124999999902344,0.21874999999316408,0.21874999999316408
110,llama,14.277777777777779,48.533950617283956,0.1672597864762731,1.565922920892495,0.49999999998611117,0.13888888888503087,0.3333333333240741
110,llama,14.393939393939394,27.51147842056933,0.1864406779653117,1.4081196581196582,0.30303030302112033,0.0909090909063361,0.4848484848337925
110,llama,11.9,35.99,0.17472118959042857,1.4505494505494505,0.5999999999850001,0.12499999999687501,0.42499999998937504
110,llama,12.55,22.1975,0.15748031496000992,1.4146341463414633,0.24999999999375003,0.12499999999687501,0.22499999999437503
111,llama,17.323529411764707,41.98356401384082,0.18772563176827536,1.3758620689655172,0.05882352941003461,0.05882352941003461,0.588235294100346
111,llama,15.612903225806452,23.979188345473464,0.20171673819655916,1.412262156448203,0.0,0.0,0.580645161271592
111,llama,15.575757575757576,48.97153351698806,0.20799999999916802,1.4455445544554455,0.0,0.0,0.5454545454380166
111,llama,17.435897435897434,44.656147271531886,0.1914191419135597,1.3610271903323263,0.0,0.0,0.5641025640881
111,llama,15.823529411764707,45.55709342560553,0.21985815602758915,1.4390243902439024,0.0,0.029411764705017305,0.294117647050173
112,llama,12.097560975609756,40.28316478286734,0.20158102766718744,1.418556701030928,0.7317073170553243,0.024390243901844143,0.5853658536442594
112,llama,15.393939393939394,48.42056932966024,0.19999999999916668,1.362,0.30303030302112033,0.06060606060422406,0.5757575757401286
112,llama,16.82608695652174,72.4914933837429,0.2355769230757905,1.4959349593495934,0.5217391304120983,0.04347826086767486,0.304347826073724
112,llama,14.333333333333334,19.401709401709407,0.20080321285059918,1.32,0.0,0.0,0.48717948716699544
112,llama,13.0,50.833333333333336,0.2088888888879605,1.411378555798687,0.3888888888780865,0.05555555555401235,0.5555555555401235
113,llama,12.64864864864865,26.606281957633307,0.2469135802458975,1.5109649122807018,0.32432432431555885,0.10810810810518627,0.5675675675522279
113,llama,16.02857142857143,43.85632653061225,0.18339100345957304,1.5045207956600362,0.1714285714236735,0.0,0.42857142855918373
113,llama,14.511627906976743,37.040562466197954,0.26726726726646466,1.490228013029316,0.09302325581179016,0.06976744185884262,0.5813953488236885
113,llama,18.5,62.5625,0.26797385620827463,1.5205479452054795,0.18749999999414066,0.03124999999902344,0.43749999998632816
113,llama,16.029411764705884,66.73442906574394,0.2591240875902952,1.3806818181818181,0.3529411764602077,0.11764705882006922,0.4117647058702423
114,llama,17.12121212121212,166.47015610651974,0.20344827586136743,1.5342960288808665,0.5454545454380166,0.15151515151056016,0.5454545454380166
114,llama,18.142857142857142,82.6938775510204,0.21238938053034695,1.5872,0.7428571428359184,0.39999999998857144,0.342857142847347
114,llama,17.17142857142857,78.88489795918369,0.22077922077850398,1.4639175257731958,0.5142857142710204,0.14285714285306123,0.42857142855918373
114,llama,14.925,59.26937499999999,0.21568627450909908,1.4871355060034306,0.34999999999125003,0.29999999999250004,0.324999999991875
114,llama,18.3125,178.27734375,0.24285714285627552,1.4052173913043478,0.3749999999882813,0.21874999999316408,0.4687499999853516
115,llama,11.346938775510203,52.38983756768014,0.24230769230676036,1.3430127041742286,0.4081632652977926,0.04081632652977926,0.6938775510062475
115,llama,14.021739130434783,41.58648393194707,0.2668918918909902,1.33596214511041,0.4347826086862004,0.02173913043431002,0.5869565217263706
115,llama,12.846153846153847,48.74556213017751,0.21086261980763304,1.3629402756508422,0.5769230769119823,0.13461538461279587,0.5961538461423816
115,llama,18.133333333333333,93.58222222222223,0.2373540856021893,1.3602251407129455,0.3333333333222222,0.03333333333222222,0.5333333333155555
115,llama,17.137931034482758,43.98097502972652,0.18981481481393606,1.4012219959266803,0.13793103447800237,0.0,0.5517241379120095
116,llama,14.852941176470589,45.713667820069205,0.15018315018260006,1.5612244897959184,0.4117647058702423,0.1470588235250865,0.4117647058702423
116,llama,11.024390243902438,33.682331945270676,0.15767634854706358,1.6108597285067874,0.341463414625818,0.1219512195092207,0.31707317072397384
116,llama,13.314285714285715,65.01551020408162,0.20085470085384252,1.5222222222222221,0.28571428570612245,0.22857142856489798,0.45714285712979597
116,llama,17.129032258064516,21.144640998959414,0.19999999999925927,1.5456273764258555,0.1290322580603538,0.0,0.3548387096659729
116,llama,15.344827586206897,38.77764565992865,0.20183486238439527,1.4931818181818182,0.3448275861950059,0.13793103447800237,0.41379310343400716
117,llama,16.896551724137932,54.36860879904876,0.22580645161199273,1.4372384937238494,0.06896551723900118,0.0,0.3448275861950059
117,llama,23.0,46.36363636363637,0.13805970149202218,1.4104627766599598,0.0,0.0,0.31818181816735536
117,llama,22.45,67.14750000000001,0.1702127659567225,1.463302752293578,0.19999999999,0.0,0.299999999985
117,llama,10.298245614035087,32.244382887042164,0.22145328719646556,1.362369337979094,0.28070175438104034,0.07017543859526008,0.5087719298156356
117,llama,16.93548387096774,29.544224765868883,0.1958041958035112,1.5279383429672446,0.0645161290301769,0.03225806451508845,0.2580645161207076
118,llama,17.766666666666666,29.578888888888894,0.21969696969613753,1.5165692007797271,0.3999999999866667,0.03333333333222222,0.5666666666477778
118,llama,16.53125,53.9365234375,0.211999999999152,1.4077669902912622,0.24999999999218753,0.03124999999902344,0.5937499999814454
118,llama,13.368421052631579,47.232686980609415,0.19841269841191106,1.5533199195171026,0.4210526315678671,0.18421052631094184,0.5789473684058172
118,llama,14.971428571428572,29.5134693877551,0.2510638297861657,1.3510848126232742,0.7999999999771429,0.028571428570612248,0.4857142857004082
118,llama,12.405405405405405,48.4572680788897,0.19230769230687048,1.4854586129753915,0.32432432431555885,0.13513513513148284,0.5675675675522279
119,llama,14.195121951219512,42.5960737656157,0.19512195121883233,1.4702797202797202,0.4878048780368828,0.09756097560737657,0.4634146341350387
119,llama,13.5,36.9,0.14661654135283228,1.4858757062146892,0.44999999998875007,0.04999999999875,0.5999999999850001
119,llama,14.484848484848484,36.00734618916438,0.22131147540892906,1.5285412262156448,0.5454545454380166,0.1818181818126722,0.5454545454380166
119,llama,15.64516129032258,36.55150884495317,0.18565400843803523,1.4780793319415448,0.5161290322414152,0.03225806451508845,0.5483870967565037
119,llama,12.952380952380953,44.90249433106576,0.1428571428566058,1.4462962962962962,0.42857142856122454,0.07142857142687076,0.4047619047522676
120,llama,30.93548387096774,987.0926118626429,0.22428571428539387,1.7202944269190326,0.16129032257544224,0.09677419354526536,0.1935483870905307
120,llama,14.707317073170731,52.45092207019631,0.19444444444384432,1.4057239057239057,0.4878048780368828,0.04878048780368829,0.19512195121475315
120,llama,20.22222222222222,90.39506172839505,0.19407894736778264,1.5647279549718573,0.5185185184993141,0.07407407407133058,0.18518518517832647
120,llama,24.0625,173.30859375,0.2536585365841285,1.604221635883905,0.249999999984375,0.1249999999921875,0.43749999997265626
120,llama,18.1875,59.27734375,0.14333333333285556,1.4982578397212543,0.18749999999414066,0.03124999999902344,0.3749999999882813
121,llama,10.30952380952381,36.59467120181406,0.16071428571356824,1.405152224824356,0.33333333332539683,0.09523809523582767,0.42857142856122454
121,llama,13.948717948717949,49.689677843523995,0.18490566037666073,1.387037037037037,0.05128205128073636,0.1282051282018409,0.3333333333247864
121,llama,10.326530612244898,33.07705122865473,0.2055335968371323,1.363817097415507,0.2857142857084548,0.06122448979466889,0.6122448979466889
121,llama,10.392156862745098,42.23836985774702,0.20610687022822097,1.4266666666666667,0.35294117646366785,0.17647058823183392,0.45098039214802005
121,llama,9.254901960784315,20.42522106881968,0.20481927710761116,1.4444444444444444,0.03921568627374087,0.09803921568435219,0.47058823528489047
122,llama,13.612903225806452,32.753381893860556,0.20283018867828856,1.434889434889435,0.4516129032112383,0.16129032257544224,0.3870967741810614
122,llama,15.542857142857143,28.419591836734696,0.182130584191814,1.599250936329588,0.1714285714236735,0.028571428570612248,0.1714285714236735
122,llama,12.071428571428571,52.494897959183675,0.21484374999916078,1.427402862985685,0.7142857142687076,0.21428571428061227,0.47619047617913834
122,llama,12.052631578947368,64.47091412742382,0.25114155251026876,1.4601769911504425,0.3684210526218837,0.342105263148892,0.6578947368247923
122,llama,11.560975609756097,33.807257584770966,0.21863799283075758,1.607843137254902,0.4878048780368828,0.2439024390184414,0.2926829268221297
123,llama,16.736842105263158,27.93074792243767,0.232628398790838,1.3748006379585327,0.15789473683795016,0.0,0.4210526315678671
123,llama,13.583333333333334,42.409722222222214,0.16269841269776708,1.4258872651356993,0.27777777777006174,0.16666666666203706,0.5277777777631173
123,llama,21.17391304347826,50.57844990548203,0.22619047618957863,1.4244306418219461,0.0,0.13043478260302457,0.47826086954442343
123,llama,21.615384615384617,134.00591715976333,0.2315789473676085,1.305605786618445,0.7692307692011834,0.0,0.3076923076804734
123,llama,15.3,34.21,0.17796610169416116,1.3714285714285714,0.2666666666577778,0.0,0.49999999998333333
124,llama,2.6455696202531644,0.35539176414036217,0.28846153845968936,1.0956937799043063,0.0,0.0,0.012658227847941034
124,llama,2.125,0.109375,0.29999999999857146,1.1357466063348416,0.0,0.0,0.0
124,llama,2.090909090909091,0.10537190082644629,0.3223684210505108,1.184782608695652,0.0,0.0,0.23863636363365184
124,llama,2.8412698412698414,0.3081380700428319,0.28630705394072076,1.1173184357541899,0.0,0.0,0.11111111111022927
124,llama,2.6346153846153846,0.6549556213017751,0.16450216450145239,1.1605839416058394,0.0,0.0,0.0
125,llama,14.8125,41.96484375,0.2326530612235402,1.4549356223175967,0.3749999999882813,0.12499999999609376,0.5312499999833985
125,llama,16.242424242424242,51.698806244260794,0.19999999999923077,1.3976608187134503,0.3636363636253444,0.06060606060422406,0.5454545454380166
125,llama,15.964285714285714,49.67729591836734,0.1813953488363656,1.2947845804988662,0.9285714285382654,0.21428571427806123,0.42857142855612246
125,llama,11.840909090909092,42.08832644628098,0.17355371900754732,1.3075396825396826,0.4999999999886364,0.0909090909070248,0.6590909090759298
125,llama,10.466666666666667,33.53777777777778,0.20689655172324614,1.3579175704989155,0.5777777777649383,0.19999999999555557,0.5555555555432099
126,llama,11.452380952380953,48.48582766439909,0.21739130434696685,1.3969957081545064,0.9523809523582767,0.19047619047165534,0.3809523809433107
126,llama,10.642857142857142,45.03911564625851,0.20283018867828856,1.38755980861244,0.6666666666507937,0.11904761904478459,0.3809523809433107
126,llama,11.645833333333334,37.39539930555556,0.18532818532746978,1.3638059701492538,0.541666666655382,0.10416666666449653,0.4999999999895834
126,llama,9.821428571428571,25.96811224489796,0.21621621621538142,1.3622350674373795,0.6785714285593113,0.24999999999553574,0.5535714285615434
126,llama,9.164179104477611,34.55513477389173,0.2733118971052305,1.4013722126929673,0.7462686567052795,0.10447761193873914,0.4925373134254845
127,llama,20.09090909090909,37.082644628099175,0.12499999999947917,1.427906976744186,0.0,0.0,0.136363636357438
127,llama,14.61111111111111,27.070987654320987,0.14432989690672052,1.4770459081836327,0.27777777777006174,0.027777777777006175,0.2222222222160494
127,llama,18.576923076923077,48.47485207100591,0.1685823754782813,1.4046121593291405,0.1538461538402367,0.1538461538402367,0.3076923076804734
127,llama,15.205882352941176,16.98702422145329,0.1626297577849044,1.498015873015873,0.05882352941003461,0.0,0.1470588235250865
127,llama,14.588235294117647,28.59515570934256,0.12648221343823526,1.35625,0.3529411764602077,0.0,0.32352941175519034
128,llama,21.41176470588235,36.59515570934256,0.21686746987821165,1.448753462603878,0.0,0.0,0.7647058823079584
128,llama,20.285714285714285,38.394557823129254,0.17560975609670434,1.4489311163895486,0.0952380952335601,0.0,0.5714285714013605
128,llama,18.375,24.401041666666668,0.2247706422008038,1.400921658986175,0.0833333333298611,0.0,0.7916666666336806
128,llama,17.692307692307693,25.59763313609467,0.2510638297861657,1.4569536423841059,0.0,0.0,0.5384615384408284
128,llama,18.80952380952381,28.344671201814062,0.24731182795565962,1.398477157360406,0.0952380952335601,0.04761904761678005,0.7142857142517007
129,llama,26.875,30.984375,0.1991341991333371,1.5244755244755244,0.0,0.0,0.06249999999609375
129,llama,22.636363636363637,20.867768595041323,0.18518518518449933,1.590725806451613,0.0,0.0,0.09090909090495868
129,llama,22.272727272727273,25.834710743801654,0.2196078431363937,1.4448979591836735,0.0,0.0,0.136363636357438
129,llama,30.466666666666665,73.18222222222222,0.2083333333324653,1.5663716814159292,0.0,0.0,0.06666666666222222
129,llama,27.11764705882353,207.98615916955015,0.20564516128949337,1.5466377440347072,0.0,0.0,0.0588235294083045
130,llama,9.89795918367347,47.969179508538105,0.18571428571340137,1.2875264270613107,0.04081632652977926,0.16326530611911705,0.5714285714169096
130,llama,13.175,32.194375,0.25791855203503206,1.284,0.0,0.0,0.724999999981875
130,llama,10.488888888888889,26.605432098765423,0.25242718446479406,1.3259423503325942,0.04444444444345679,0.04444444444345679,0.6888888888735804
130,llama,7.420289855072464,21.20016803192606,0.23744292237334502,1.2602459016393444,0.2608695652136106,0.07246376811489183,0.594202898542113
130,llama,11.21951219512195,20.903033908387865,0.2708333333319228,1.3241379310344827,0.0,0.04878048780368829,0.5853658536442594
131,llama,15.533333333333333,38.78222222222222,0.24444444444335803,1.3839285714285714,0.06666666666444444,0.06666666666444444,0.3666666666544444
131,llama,14.352941176470589,35.87543252595157,0.22222222222119342,1.2541322314049588,0.05882352941003461,0.0,0.6470588235103807
131,llama,15.125,35.421875,0.15596330275157816,1.2964509394572026,0.3124999999902344,0.12499999999609376,0.49999999998437505
131,llama,13.416666666666666,19.24305555555555,0.1727272727264876,1.3204301075268816,0.16666666666203706,0.027777777777006175,0.7222222222021606
131,llama,14.368421052631579,28.337950138504155,0.18918918918845873,1.3717472118959109,0.0,0.0,0.684210526297784
132,llama,16.466666666666665,29.84888888888889,0.21982758620594903,1.5195071868583163,0.06666666666444444,0.0,0.3999999999866667
132,llama,15.17142857142857,61.22775510204083,0.16141732283401017,1.5,0.0,0.0,0.31428571427673474
132,llama,17.0,78.0,0.20318725099520643,1.4589178356713426,0.3999999999866667,0.06666666666444444,0.19999999999333334
132,llama,15.64516129032258,22.293444328824144,0.1914893617013128,1.446808510638298,0.1290322580603538,0.0,0.3548387096659729
132,llama,13.439024390243903,39.41701368233194,0.21789883268397706,1.4543761638733705,0.14634146341106485,0.07317073170553243,0.4634146341350387
133,llama,17.0,30.72,0.23873873873766335,1.4406779661016949,0.0,0.0,0.199999999992
133,llama,16.029411764705884,32.26384083044983,0.24999999999916667,1.5046382189239331,0.17647058823010384,0.1470588235250865,0.49999999998529415
133,llama,16.041666666666668,31.956597222222225,0.284999999998575,1.6210526315789473,0.0,0.0,0.5416666666440972
133,llama,14.666666666666666,21.037037037037035,0.1813953488363656,1.4036458333333333,0.0,0.0,0.25925925924965704
133,llama,11.543478260869565,32.248109640831764,0.21455938697235802,1.461089494163424,0.3043478260803403,0.1304347826058601,0.36956521738327036
134,llama,14.21951219512195,26.95181439619274,0.25559105431228246,1.4822695035460993,0.682926829251636,0.09756097560737657,0.36585365852766216
134,llama,17.24137931034483,64.94173602853746,0.17175572519018414,1.5555555555555556,0.41379310343400716,0.06896551723900118,0.27586206895600474
134,llama,14.294117647058824,28.85467128027682,0.19672131147460362,1.4927234927234927,0.23529411764013844,0.1470588235250865,0.5294117646903115
134,llama,14.113636363636363,64.41890495867769,0.20743034055663334,1.5008130081300812,0.454545454535124,0.113636363633781,0.4772727272618802
134,llama,12.604651162790697,50.61114115738237,0.23773584905570666,1.4738805970149254,0.37209302324716065,0.06976744185884262,0.4883720930118984
135,llama,10.48936170212766,29.56903576278859,0.1990950226235335,1.378099173553719,0.21276595744228158,0.10638297872114079,0.6170212765826166
135,llama,13.27027027027027,22.467494521548577,0.19907407407315245,1.3049792531120332,0.6486486486311177,0.08108108107888971,0.5675675675522279
135,llama,15.236842105263158,50.39127423822716,0.17254901960716648,1.3274021352313168,0.10526315789196677,0.0,0.5789473684058172
135,llama,13.902439024390244,38.03926234384296,0.20463320463241455,1.3068592057761732,0.2926829268221297,0.04878048780368829,0.6341463414479477
135,llama,12.36,30.1504,0.16666666666608798,1.39,0.47999999999040005,0.0799999999984,0.6799999999864
136,llama,14.08108108108108,37.31775018261505,0.18461538461467455,1.4305283757338552,0.0,0.054054054052593135,0.4324324324207451
136,llama,12.307692307692308,32.623274161735694,0.16279069767366144,1.3653846153846154,0.0,0.07692307692110455,0.5641025640881
136,llama,12.658536585365853,17.15169541939322,0.1387755102035152,1.3745019920318724,0.0,0.0,0.5365853658405711
136,llama,11.255813953488373,24.376419686316925,0.23423423423317913,1.4021052631578947,0.0,0.06976744185884262,0.6046511627766361
136,llama,16.363636363636363,32.71625344352617,0.1917293233075499,1.428030303030303,0.0,0.0,0.5454545454380166
137,llama,14.972972972972974,87.97224251278304,0.20070422535140597,1.3808630393996248,0.9189189188940834,0.13513513513148284,0.5135135134996348
137,llama,20.185185185185187,62.37311385459534,0.21223021582657473,1.4320754716981132,0.14814814814266117,0.0,0.25925925924965704
137,llama,14.483870967741936,29.28199791883455,0.20425531914806702,1.4851258581235698,0.2580645161207076,0.03225806451508845,0.2580645161207076
137,llama,17.77777777777778,26.39506172839506,0.23166023165933722,1.4186046511627908,0.0,0.0,0.37037037035665293
137,llama,14.885714285714286,40.55836734693878,0.1890909090902215,1.4488188976377954,0.057142857141224496,0.08571428571183674,0.342857142847347
138,llama,16.8125,52.21484375,0.20274914089277407,1.5009451795841209,0.43749999998632816,0.12499999999609376,0.281249999991211
138,llama,10.596153846153847,41.548446745562124,0.21189591077988143,1.4446529080675423,0.38461538460798816,0.32692307691678996,0.30769230768639055
138,llama,13.0,53.30434782608695,0.17821782178159004,1.465195246179966,0.6521739130293006,0.36956521738327036,0.3043478260803403
138,llama,18.38235294117647,68.05968858131487,0.19614147909904778,1.4640522875816993,0.294117647050173,0.1470588235250865,0.294117647050173
138,llama,12.0,43.1,0.20901639344176634,1.464818763326226,0.54999999998625,0.47499999998812503,0.24999999999375003
139,llama,16.64516129032258,52.80957336108221,0.19926199261919092,1.7125984251968505,0.3870967741810614,0.1290322580603538,0.22580645160561916
139,llama,12.368421052631579,39.33795013850416,0.17796610169416116,1.5098901098901099,0.0,0.13157894736495845,0.2631578947299169
139,llama,16.09090909090909,72.32506887052341,0.27574750830473177,1.572549019607843,0.30303030302112033,0.03030303030211203,0.33333333332323234
139,llama,21.772727272727273,65.08471074380166,0.20863309352442938,1.8224101479915433,0.0,0.0,0.2272727272623967
139,llama,18.62962962962963,30.825788751714683,0.21561338289882673,1.7183673469387755,0.14814814814266117,0.0,0.07407407407133058
140,llama,14.805555555555555,68.48996913580245,0.20454545454467976,1.3851992409867173,0.0,0.08333333333101853,0.6666666666481482
140,llama,13.513513513513514,40.574141709276844,0.2084942084934035,1.3914807302231238,0.0,0.027027027026296568,0.5945945945785245
140,llama,12.761904761904763,49.60997732426304,0.24999999999903846,1.3924528301886792,0.33333333332539683,0.16666666666269842,0.5238095237970521
140,llama,17.03125,25.2177734375,0.18727915194280115,1.4732965009208103,0.0,0.0,0.3749999999882813
140,llama,18.133333333333333,31.782222222222224,0.2786259541974098,1.3766233766233766,0.06666666666444444,0.0,0.4333333333188889
141,llama,13.694444444444445,49.87885802469136,0.25210084033507524,1.4028925619834711,0.2222222222160494,0.13888888888503087,0.3888888888780865
141,llama,12.944444444444445,39.16358024691358,0.23478260869463138,1.3473451327433628,0.1111111111080247,0.027777777777006175,0.5833333333171297
141,llama,15.5,81.1875,0.19444444444367284,1.545643153526971,0.18749999999414066,0.0,0.5937499999814454
141,llama,21.863636363636363,74.02685950413223,0.31272727272613554,1.590717299578059,0.0,0.09090909090495868,0.31818181816735536
141,llama,14.333333333333334,46.166666666666664,0.20168067226806016,1.4135188866799204,0.16666666666203706,0.08333333333101853,0.3333333333240741
142,llama,13.902439024390244,160.7709696609161,0.20080321285059918,1.2550091074681238,0.7317073170553243,0.14634146341106485,0.5853658536442594
142,llama,12.659090909090908,47.088326446281,0.18661971830920204,1.4180478821362799,0.8181818181632232,0.1590909090872934,0.5454545454421488
142,llama,20.48148148148148,51.43484224965706,0.1672597864762731,1.3506493506493507,0.29629629628532234,0.03703703703566529,0.29629629628532234
142,llama,20.807692307692307,203.23224852071007,0.20306513409883883,1.3465160075329567,0.3076923076804734,0.07692307692011835,0.42307692306065087
142,llama,27.55,828.4475,0.17441860465048675,1.4099264705882353,0.699999999965,0.0499999999975,0.4499999999775
143,llama,16.21875,26.7333984375,0.26277372262677823,1.5398058252427185,0.0,0.0,0.3124999999902344
143,llama,17.90909090909091,32.74931129476584,0.224299065419862,1.5181347150259068,0.12121212120844813,0.0,0.30303030302112033
143,llama,15.612903225806452,24.882414151925083,0.21933085501777203,1.5326315789473683,0.0,0.0,0.32258064515088447
143,llama,13.116279069767442,46.98647917793401,0.3223443223431416,1.3629893238434163,0.32558139534126557,0.02325581395294754,0.5348837209177935
143,llama,16.457142857142856,26.99102040816327,0.22812499999928712,1.568421052631579,0.0,0.0,0.42857142855918373
144,llama,14.736842105263158,31.77285318559557,0.14084507042203928,1.5913200723327305,0.21052631578393355,0.0,0.342105263148892
144,llama,19.6,30.480000000000004,0.2295719844349044,1.623456790123457,0.1599999999936,0.0799999999968,0.2799999999888
144,llama,19.347826086956523,50.83553875236294,0.2204724409440139,1.7201834862385321,0.08695652173534972,0.08695652173534972,0.13043478260302457
144,llama,14.057142857142857,50.453877551020405,0.16597510373375116,1.6111111111111112,0.39999999998857144,0.0,0.4857142857004082
144,llama,14.314285714285715,43.92979591836734,0.1910112359543408,1.608433734939759,0.11428571428244899,0.0,0.39999999998857144
145,llama,14.617647058823529,46.47145328719723,0.2235772357714489,1.3887733887733889,0.23529411764013844,0.05882352941003461,0.4117647058702423
145,llama,16.7,32.81,0.16423357664173638,1.496969696969697,0.19999999999333334,0.0,0.19999999999333334
145,llama,18.586206896551722,37.00118906064209,0.17622950819599906,1.4101123595505618,0.0,0.03448275861950059,0.5517241379120095
145,llama,12.945945945945946,40.9700511322133,0.17391304347750475,1.4622030237580994,0.4324324324207451,0.10810810810518627,0.37837837836815197
145,llama,14.657894736842104,43.11980609418282,0.18852459016316178,1.3461538461538463,0.3157894736759003,0.13157894736495845,0.6578947368247923
146,llama,20.652173913043477,36.226843100189036,0.2702702702692268,1.5367965367965368,0.0,0.0,0.26086956520604915
146,llama,24.58823529411765,100.00692041522491,0.22077922077826503,1.5576923076923077,0.0,0.0,0.235294117633218
146,llama,22.727272727272727,59.471074380165284,0.23193916349721697,1.559118236472946,0.0,0.0,0.4545454545247934
146,llama,16.7,25.410000000000007,0.22177419354749286,1.488888888888889,0.0,0.0,0.5333333333155555
146,llama,16.0,57.30769230769231,0.2837837837825055,1.5735294117647058,0.46153846152071004,0.11538461538017751,0.4999999999807692
147,llama,19.761904761904763,29.990929705215414,0.16814159291961,1.4938271604938271,0.0,0.0,0.42857142855102043
147,llama,18.59259259259259,29.796982167352535,0.15441176470531467,1.5414141414141413,0.0,0.0,0.22222222221399177
147,llama,15.774193548387096,15.8522372528616,0.24799999999900801,1.4028629856850716,0.0,0.03225806451508845,0.3548387096659729
147,llama,18.5,27.48076923076923,0.18532818532746978,1.531512605042017,0.0,0.0,0.3076923076804734
147,llama,16.28,38.52160000000001,0.22897196261575248,1.588089330024814,0.0,0.0,0.399999999984
148,llama,20.772727272727273,45.90289256198347,0.25454545454429756,1.3636363636363635,0.09090909090495868,0.0,0.49999999997727274
148,llama,15.8125,31.02734375,0.2230483271367173,1.4732510288065843,0.06249999999804688,0.0,0.3749999999882813
148,llama,18.666666666666668,38.64646464646465,0.21978021977941473,1.3459016393442622,0.12121212120844813,0.03030303030211203,0.4848484848337925
148,llama,26.19047619047619,84.91609977324262,0.24302788844524692,1.3197026022304832,0.0952380952335601,0.0,0.6666666666349206
148,llama,22.681818181818183,90.85330578512396,0.1561181434592569,1.4483471074380165,0.272727272714876,0.09090909090495868,0.3636363636198347
149,llama,11.347826086956522,26.270321361058613,0.27038626609326016,1.3326771653543308,0.0,0.06521739130293006,0.47826086955482044
149,llama,10.608695652173912,30.10775047258978,0.1914893617013128,1.3623188405797102,0.08695652173724008,0.17391304347448017,0.4999999999891305
149,llama,16.285714285714285,56.089795918367344,0.23134328358122633,1.3093525179856116,0.057142857141224496,0.057142857141224496,0.5714285714122449
149,llama,13.35,56.927499999999995,0.1899224806194189,1.3409090909090908,0.04999999999875,0.07499999999812501,0.54999999998625
149,llama,13.709677419354838,37.4318418314256,0.1519607843129806,1.4105011933174225,0.0645161290301769,0.1290322580603538,0.41935483869614987
150,llama,15.03125,53.9677734375,0.22764227642183887,1.424628450106157,0.49999999998437505,0.03124999999902344,0.5312499999833985
150,llama,17.142857142857142,59.40816326530613,0.1865079365071964,1.492600422832981,0.49999999998214284,0.14285714285204082,0.28571428570408164
150,llama,8.942307692307692,50.93897928994083,0.23829787233941152,1.36784140969163,0.6538461538335799,0.17307692307359468,0.423076923068787
150,llama,10.974358974358974,50.94806048652203,0.18055555555471967,1.348894348894349,0.4102564102458909,0.1538461538422091,0.4102564102458909
150,llama,9.596153846153847,59.93306213017751,0.20661157024708013,1.429460580912863,0.49999999999038464,0.24999999999519232,0.5384615384511835
151,llama,16.689655172413794,56.558858501783575,0.2016460905341496,1.3940677966101696,0.41379310343400716,0.17241379309750296,0.3448275861950059
151,llama,14.642857142857142,43.65816326530613,0.1913043478252552,1.3366093366093366,0.357142857130102,0.07142857142602041,0.32142857141709186
151,llama,18.466666666666665,69.51555555555555,0.25735294117552443,1.3978300180831826,0.06666666666444444,0.06666666666444444,0.23333333332555556
151,llama,17.20689655172414,54.71581450653984,0.1882352941169089,1.3709016393442623,0.0,0.06896551723900118,0.20689655171700358
151,llama,17.61764705882353,41.647923875432525,0.18999999999936668,1.3752151462994837,0.7058823529204153,0.05882352941003461,0.26470588234515574
152,llama,35.5,119.10714285714286,0.2979591836722532,1.3581488933601609,0.0,0.0,0.07142857142346938
152,llama,36.0,108.83333333333333,0.23529411764590544,1.3271461716937354,0.0,0.0,0.49999999995833333
152,llama,32.388888888888886,87.12654320987654,0.22945205479373476,1.4479717813051147,0.11111111110493826,0.0,0.38888888886728395
152,llama,25.88235294117647,41.04498269896194,0.2463768115930127,1.3613636363636363,0.117647058816609,0.0,0.5294117646747405
152,llama,31.4,163.57333333333335,0.21621621621524229,1.3347921225382933,0.13333333332444444,0.0,0.8666666666088889
153,llama,13.75,37.96527777777778,0.20353982300794896,1.3047034764826175,0.27777777777006174,0.1111111111080247,0.49999999998611117
153,llama,12.583333333333334,60.354166666666664,0.18048780487716837,1.3574766355140186,0.6666666666481482,0.27777777777006174,0.3888888888780865
153,llama,15.023809523809524,61.07086167800453,0.218241042344566,1.3705501618122977,0.28571428570748303,0.07142857142687076,0.3571428571343538
153,llama,10.729166666666666,40.15581597222222,0.19838056680081628,1.342741935483871,0.2916666666605903,0.14583333333029516,0.47916666665668406
153,llama,10.44,36.0064,0.23478260869463138,1.25440313111546,0.39999999999200003,0.2599999999948,0.45999999999080005
154,llama,18.25925925925926,79.8957475994513,0.21097046413413093,1.48125,0.22222222221399177,0.14814814814266117,0.48148148146364883
154,llama,15.029411764705882,40.322664359861584,0.20703124999919129,1.4173387096774193,0.6470588235103807,0.05882352941003461,0.588235294100346
154,llama,11.883720930232558,38.753921038399135,0.24999999999899195,1.3353413654618473,0.6046511627766361,0.1162790697647377,0.5348837209177935
154,llama,9.327586206896552,35.013376932223544,0.23868312757103424,1.355899419729207,0.5172413793014269,0.22413793103061833,0.4655172413712842
154,llama,10.16326530612245,28.708038317367766,0.2286821705417493,1.370600414078675,0.5306122448871304,0.10204081632444816,0.4081632652977926
155,llama,10.10909090909091,67.44264462809917,0.1950354609922162,1.4672897196261683,0.32727272726677686,0.07272727272595042,0.4727272727186777
155,llama,12.0,81.13636363636364,0.2148148148140192,1.4221789883268483,0.454545454535124,0.0681818181802686,0.4090909090816116
155,llama,17.151515151515152,80.24977043158862,0.21003134796172404,1.618705035971223,0.24242424241689625,0.03030303030211203,0.24242424241689625
155,llama,15.363636363636363,53.07988980716253,0.22592592592508917,1.584016393442623,0.12121212120844813,0.06060606060422406,0.4545454545316805
155,llama,15.305555555555555,55.43441358024692,0.18789808917137613,1.6233766233766234,0.49999999998611117,0.027777777777006175,0.3055555555470679
156,llama,12.439024390243903,47.9535990481856,0.2139917695464445,1.3367139959432048,0.43902439023319456,0.19512195121475315,0.512195121938727
156,llama,12.727272727272727,37.28925619834711,0.25819672131041727,1.3127272727272727,0.1363636363605372,0.113636363633781,0.6136363636224174
156,llama,10.574468085106384,45.265731100045265,0.28054298642406994,1.270103092783505,0.17021276595382528,0.23404255318650974,0.6170212765826166
156,llama,11.311111111111112,51.32543209876543,0.19753086419671798,1.374493927125506,0.39999999999111113,0.11111111110864198,0.46666666665629636
156,llama,14.516129032258064,45.088449531737766,0.2975609756083046,1.366742596810934,0.2580645161207076,0.1290322580603538,0.5483870967565037
157,llama,13.864864864864865,53.90065741417092,0.223999999999104,1.319755600814664,0.5945945945785245,0.10810810810518627,0.4324324324207451
157,llama,13.642857142857142,42.372448979591844,0.2482758620681094,1.3423423423423424,0.6190476190328799,0.07142857142687076,0.47619047617913834
157,llama,14.485714285714286,81.56408163265307,0.17578124999931335,1.3026584867075666,0.5142857142710204,0.028571428570612248,0.4857142857004082
157,llama,14.516129032258064,34.1207075962539,0.19402985074530335,1.311926605504587,0.6451612903017689,0.03225806451508845,0.7419354838470343
157,llama,17.620689655172413,26.028537455410223,0.2600896860974884,1.294234592445328,0.20689655171700358,0.0,0.6206896551510107
158,llama,15.96774193548387,17.902185223725287,0.20416666666581598,1.3938775510204082,0.0,0.0,0.5161290322414152
158,llama,14.0,35.729729729729726,0.15624999999938965,1.4252427184466019,0.37837837836815197,0.027027027026296568,0.6216216216048212
158,llama,11.210526315789474,17.008310249307478,0.19811320754623532,1.3476190476190477,0.10526315789196677,0.0,0.5526315789328256
158,llama,18.035714285714285,21.32015306122449,0.15234374999940492,1.4576612903225807,0.0,0.0,0.49999999998214284
158,llama,10.577777777777778,32.46617283950617,0.24657534246462753,1.4461206896551724,0.35555555554765433,0.15555555555209877,0.5111111110997532
159,llama,14.421052631578947,54.77008310249308,0.2183908045968644,1.4003795066413662,0.3684210526218837,0.05263157894598339,0.49999999998684214
159,llama,15.722222222222221,55.922839506172835,0.20149253731268102,1.3474264705882353,0.27777777777006174,0.13888888888503087,0.3888888888780865
159,llama,17.147058823529413,63.7136678200692,0.1901140684403418,1.3732142857142857,0.3529411764602077,0.1470588235250865,0.5294117646903115
159,llama,17.166666666666668,62.27222222222222,0.20762711864318803,1.4523326572008113,0.5333333333155555,0.09999999999666667,0.6333333333122222
159,llama,13.488372093023257,30.808004326663056,0.21140939597244493,1.5488454706927175,0.32558139534126557,0.02325581395294754,0.6279069767295836
160,llama,14.485714285714286,56.93551020408163,0.203999999999184,1.43,0.11428571428244899,0.0,0.3714285714179592
160,llama,16.25,41.11607142857143,0.1357466063342274,1.3861607142857142,0.14285714285204082,0.035714285713010205,0.4642857142691327
160,llama,13.571428571428571,32.00680272108843,0.27205882352841154,1.3368794326241136,0.28571428570748303,0.023809523808956918,0.42857142856122454
160,llama,14.666666666666666,38.70707070707071,0.20920502091962676,1.434873949579832,0.0,0.03030303030211203,0.6969696969485768
160,llama,16.64516129032258,50.55150884495317,0.2569169960464154,1.3603960396039605,0.0645161290301769,0.09677419354526536,0.3870967741810614
161,llama,13.135135135135135,29.684441197954712,0.17316017315942356,1.4513457556935818,0.0,0.0,0.4594594594470417
161,llama,15.21875,25.6083984375,0.2286821705417493,1.5802469135802468,0.06249999999804688,0.09374999999707033,0.281249999991211
161,llama,14.162162162162161,54.24397370343316,0.17760617760549188,1.4224806201550388,0.054054054052593135,0.027027027026296568,0.29729729728926224
161,llama,15.193548387096774,71.18834547346513,0.17351598173436752,1.3961456102783727,0.0,0.03225806451508845,0.3870967741810614
161,llama,12.382978723404255,18.449071978270712,0.21180555555482014,1.4679376083188909,0.08510638297691264,0.0,0.3617021276518787
162,llama,21.8,66.16000000000001,0.1285714285709694,1.5278810408921932,0.0,0.0,0.199999999992
162,llama,18.59259259259259,64.90809327846364,0.1521739130429269,1.5828343313373254,0.07407407407133058,0.11111111110699588,0.11111111110699588
162,llama,20.391304347826086,40.933837429111534,0.1556420233456979,1.5757575757575757,0.0,0.0,0.04347826086767486
162,llama,20.76,27.702399999999997,0.1476014760142155,1.5445736434108528,0.1599999999936,0.0,0.2799999999888
162,llama,21.545454545454547,52.793388429752056,0.19379844961165196,1.6673728813559323,0.0,0.0,0.04545454545247934
163,llama,14.483870967741936,54.1207075962539,0.21138211382027894,1.5370786516853931,0.2580645161207076,0.09677419354526536,0.32258064515088447
163,llama,12.625,28.934375,0.16269841269776708,1.440881763527054,0.49999999998750005,0.0999999999975,0.29999999999250004
163,llama,12.85,23.777499999999996,0.19391634980914862,1.4431137724550898,0.44999999998875007,0.04999999999875,0.324999999991875
163,llama,16.323529411764707,44.2188581314879,0.1567944250865617,1.4767225325884543,0.294117647050173,0.08823529411505192,0.294117647050173
163,llama,12.415094339622641,34.582413670345325,0.2095808383227258,1.3724569640062598,0.3773584905589178,0.20754716980740479,0.3773584905589178
164,llama,14.342857142857143,36.22530612244898,0.1802575107288401,1.3586065573770492,0.28571428570612245,0.028571428570612248,0.42857142855918373
164,llama,14.263157894736842,36.7202216066482,0.1557971014487109,1.50853889943074,0.21052631578393355,0.05263157894598339,0.4210526315678671
164,llama,12.5,26.98913043478261,0.1888888888881893,1.3810375670840787,0.47826086955482044,0.1086956521715501,0.4999999999891305
164,llama,13.837837837837839,42.189919649379114,0.1803921568620377,1.4503042596348885,0.21621621621037254,0.16216216215777943,0.4054054053944485
164,llama,12.844444444444445,25.598024691358024,0.18060200668835918,1.4080560420315236,0.0,0.022222222221728396,0.33333333332592596
165,llama,15.647058823529411,57.69896193771626,0.19465648854887538,1.4339622641509433,0.11764705882006922,0.029411764705017305,0.44117647057525955
165,llama,12.65,49.1275,0.2016460905341496,1.43,0.44999999998875007,0.04999999999875,0.5249999999868751
165,llama,22.217391304347824,71.648393194707,0.26691729323207924,1.536345776031434,0.43478260867674856,0.0,0.6521739130151228
165,llama,15.75,38.0625,0.21457489878455638,1.4596774193548387,0.3749999999882813,0.0,0.5937499999814454
165,llama,20.217391304347824,43.561436672967865,0.22891566264968308,1.5454545454545454,0.3478260869413989,0.0,0.5652173912797731
166,llama,15.382352941176471,34.11851211072664,0.2055335968371323,1.2660194174757282,0.4705882352802769,0.029411764705017305,0.4705882352802769
166,llama,13.633333333333333,13.29888888888889,0.24229074889761107,1.4563591022443891,0.0,0.0,0.4333333333188889
166,llama,15.441176470588236,37.952422145328725,0.20331950207384517,1.3129770992366412,0.0,0.05882352941003461,0.5294117646903115
166,llama,15.117647058823529,32.33910034602076,0.22692307692220415,1.3722334004024146,0.23529411764013844,0.05882352941003461,0.4117647058702423
166,llama,14.878787878787879,18.530762167125804,0.20817843866093616,1.3860369609856262,0.0,0.0,0.24242424241689625
167,llama,12.914285714285715,24.249795918367347,0.21052631578862135,1.52,0.39999999998857144,0.057142857141224496,0.5428571428416327
167,llama,12.191489361702128,55.34631054775917,0.18430034129629932,1.4300884955752213,0.4680851063730195,0.19148936169805345,0.48936170211724767
167,llama,12.390243902439025,61.75014872099941,0.21235521235439245,1.4251012145748987,0.09756097560737657,0.14634146341106485,0.5365853658405711
167,llama,11.108108108108109,35.66398831263697,0.20270270270178964,1.588089330024814,0.32432432431555885,0.13513513513148284,0.4054054053944485
167,llama,11.942857142857143,35.48244897959183,0.2270531400955215,1.4044117647058822,0.39999999998857144,0.11428571428244899,0.5714285714122449
168,llama,17.357142857142858,26.301020408163264,0.19166666666586807,1.480083857442348,0.0,0.0,0.5357142856951531
168,llama,16.571428571428573,31.887755102040817,0.18807339449455013,1.4134199134199135,0.0,0.0,0.5714285714081633
168,llama,15.935483870967742,33.54422476586889,0.20851063829698507,1.389344262295082,0.0,0.0,0.6451612903017689
168,llama,18.464285714285715,32.463010204081634,0.242424242423193,1.4171539961013646,0.0,0.0,0.714285714260204
168,llama,15.225806451612904,61.01352757544224,0.2465116279058302,1.3698924731182796,0.1935483870905307,0.0645161290301769,0.5483870967565037
169,llama,14.6,21.54,0.2277580071166272,1.419298245614035,0.14999999999625002,0.04999999999875,0.574999999985625
169,llama,17.8,42.693333333333335,0.2258064516120939,1.515209125475285,0.0,0.0,0.5666666666477778
169,llama,16.875,35.859375,0.2047244094480129,1.5113207547169811,0.12499999999609376,0.0,0.6562499999794923
169,llama,14.666666666666666,20.822222222222226,0.17030567685515152,1.560919540229885,0.0,0.0,0.4333333333188889
169,llama,14.822222222222223,53.835061728395054,0.2274143302173601,1.3603053435114503,0.22222222221728397,0.06666666666518518,0.5555555555432099
170,llama,12.205128205128204,58.82971729125575,0.16814159291961,1.3974082073434124,0.3076923076844182,0.02564102564036818,0.6410256410092046
170,llama,8.948275862068966,31.84215219976219,0.19841269841191106,1.3727810650887573,0.27586206896076104,0.03448275862009513,0.6551724137818075
170,llama,16.862068965517242,76.32580261593341,0.22406639004056406,1.4978991596638656,0.20689655171700358,0.03448275861950059,0.5172413792925089
170,llama,12.333333333333334,60.68376068376069,0.2139917695464445,1.4285714285714286,0.6666666666495727,0.1538461538422091,0.5641025640881
170,llama,12.025,27.874374999999997,0.2649572649561327,1.4127659574468086,0.29999999999250004,0.12499999999687501,0.54999999998625
171,llama,16.2,26.026666666666664,0.23809523809429328,1.51340206185567,0.0,0.0,0.19999999999333334
171,llama,12.45945945945946,56.140248356464575,0.17916666666592015,1.5679824561403508,0.2702702702629657,0.13513513513148284,0.3513513513418554
171,llama,14.285714285714286,41.804081632653066,0.23599999999905602,1.4156626506024097,0.11428571428244899,0.08571428571183674,0.22857142856489798
171,llama,16.322580645161292,47.31529656607701,0.1801470588228671,1.50398406374502,0.0,0.0,0.32258064515088447
171,llama,17.814814814814813,22.891632373113854,0.23913043478174228,1.6673773987206824,0.29629629628532234,0.03703703703566529,0.25925925924965704
172,llama,16.322580645161292,28.86368366285119,0.1722689075623014,1.3963782696177063,0.1290322580603538,0.0,0.5483870967565037
172,llama,15.515151515151516,27.280073461891643,0.23628691983022665,1.3713163064833005,0.0,0.0,0.6363636363443527
172,llama,15.09375,66.7099609375,0.2435897435887026,1.2980972515856237,0.6874999999785157,0.06249999999804688,0.562499999982422
172,llama,14.59375,61.9287109375,0.24122807017438058,1.3783185840707965,0.12499999999609376,0.06249999999804688,0.43749999998632816
172,llama,14.088235294117647,46.31574394463668,0.23206751054754404,1.3600867678958786,0.5294117646903115,0.08823529411505192,0.5588235293953288
173,llama,15.117647058823529,53.75086505190311,0.19672131147460362,1.4095427435387673,0.3529411764602077,0.05882352941003461,0.6176470588053634
173,llama,20.321428571428573,58.00382653061225,0.18215613382831913,1.4157706093189963,0.357142857130102,0.035714285713010205,0.5714285714081633
173,llama,17.62962962962963,40.97393689986283,0.19444444444354425,1.3744588744588744,0.0,0.0,0.5555555555349794
173,llama,21.0,84.75,0.1415929203533558,1.386317907444668,0.24999999998958333,0.0833333333298611,0.5416666666440972
173,llama,17.51851851851852,60.397805212620035,0.18777292576337218,1.386609071274298,0.0,0.03703703703566529,0.5925925925706447
174,llama,11.375,28.140625,0.21518987341704054,1.295774647887324,0.28124999999560546,0.09374999999853516,0.5781249999909668
174,llama,14.621621621621621,72.34331628926223,0.26556016597400184,1.3313725490196078,0.8648648648414902,0.16216216215777943,0.18918918918407598
174,llama,9.142857142857142,18.265306122448983,0.21874999999902345,1.33402489626556,0.42857142856377556,0.03571428571364796,0.4821428571342475
174,llama,8.421052631578947,25.050784856879044,0.18907563025130641,1.3028322440087146,0.7017543859526009,0.10526315789289013,0.5087719298156356
174,llama,13.054054054054054,15.186267348429507,0.18018018017936857,1.3958333333333333,0.32432432431555885,0.0,0.6756756756574143
175,llama,12.0625,34.600260416666664,0.2030075187962293,1.3456140350877193,0.0,0.16666666666319446,0.5208333333224827
175,llama,14.694444444444445,39.60108024691358,0.27169811320652193,1.55,0.0,0.13888888888503087,0.5555555555401235
175,llama,14.875,46.171875,0.22672064777236148,1.5835095137420718,0.24999999999218753,0.09374999999707033,0.43749999998632816
175,llama,12.729166666666666,31.364149305555554,0.21383647798674896,1.4850993377483444,0.0,0.041666666665798616,0.47916666665668406
175,llama,9.083333333333334,18.868055555555554,0.18421052631498155,1.5161290322580645,0.16666666666319446,0.062499999998697923,0.4999999999895834
176,llama,16.733333333333334,49.99555555555557,0.1829787234034767,1.3422131147540983,0.19999999999333334,0.1333333333288889,0.4666666666511111
176,llama,13.952380952380953,66.04535147392289,0.18613138686063457,1.3344947735191637,0.6190476190328799,0.047619047617913836,0.6666666666507937
176,llama,18.25925925925926,23.599451303155007,0.17073170731637916,1.425357873210634,0.07407407407133058,0.0,0.5925925925706447
176,llama,19.615384615384617,47.69822485207101,0.17842323651378247,1.41,0.23076923076035502,0.11538461538017751,0.6153846153609468
176,llama,20.24,70.9024,0.21940928269949617,1.276553106212425,0.0,0.0,0.6399999999744
177,llama,17.96551724137931,62.65398335315102,0.1844262295074409,1.360236220472441,0.06896551723900118,0.0,0.37931034481450654
177,llama,19.666666666666668,33.138888888888886,0.19444444444367284,1.4350649350649352,0.6666666666388888,0.2916666666545139,0.374999999984375
177,llama,16.285714285714285,38.63265306122448,0.21982758620594903,1.3820224719101124,0.21428571427806123,0.0,0.178571428565051
177,llama,18.076923076923077,40.37869822485207,0.17105263157819714,1.3512931034482758,0.0,0.0,0.3461538461405325
177,llama,15.962962962962964,40.99862825788752,0.18181818181731188,1.4149184149184149,0.14814814814266117,0.0,0.5555555555349794
178,llama,12.28125,80.2021484375,0.24999999999869793,1.4526315789473685,0.3124999999902344,0.12499999999609376,0.5937499999814454
178,llama,12.179487179487179,23.890861275476663,0.2579365079354844,1.5304347826086957,0.3076923076844182,0.05128205128073636,0.46153846152662725
178,llama,11.925,25.519375000000004,0.2297872340415754,1.4655172413793103,0.44999999998875007,0.12499999999687501,0.5249999999868751
178,llama,11.621621621621621,36.45142439737035,0.22026431717964642,1.4703087885985748,0.2702702702629657,0.10810810810518627,0.5135135134996348
178,llama,12.216216216216216,43.35865595325054,0.24324324324214758,1.471655328798186,0.21621621621037254,0.21621621621037254,0.5135135134996348
179,llama,13.583333333333334,38.354166666666664,0.23846153846062132,1.661825726141079,0.2222222222160494,0.0,0.2222222222160494
179,llama,13.571428571428571,47.15918367346939,0.22021660649739994,1.6753246753246753,0.28571428570612245,0.028571428570612248,0.22857142856489798
179,llama,12.375,22.796875,0.1491712707174079,1.6115702479338843,0.49999999998437505,0.1562499999951172,0.4687499999853516
179,llama,22.363636363636363,51.50413223140495,0.21402214022061247,1.768267223382046,0.09090909090495868,0.0,0.2272727272623967
179,llama,20.583333333333332,28.076388888888886,0.260700389104044,1.524793388429752,0.0833333333298611,0.0,0.3333333333194444
180,llama,15.357142857142858,36.22959183673469,0.2167487684718387,1.3536299765807962,0.0,0.0,0.6071428571211734
180,llama,14.571428571428571,20.102040816326532,0.1783783783774142,1.4120603015075377,0.0,0.0,0.7857142856862245
180,llama,13.8,23.245714285714282,0.24630541871799852,1.379668049792531,0.0,0.0,0.5142857142710204
180,llama,15.774193548387096,48.81997918834548,0.2723004694822897,1.3698347107438016,0.0,0.22580645160561916,0.41935483869614987
180,llama,14.666666666666666,28.1010101010101,0.27981651376018435,1.3702928870292888,0.0,0.0,0.6060606060422407
181,llama,13.63888888888889,28.17515432098766,0.23904382470024285,1.464358452138493,0.0,0.0,0.638888888871142
181,llama,33.48148148148148,4459.286694101509,0.22603719599395417,1.7831858407079646,0.0,0.0,0.44444444442798353
181,llama,15.827586206896552,35.65992865636147,0.25764192139625486,1.5272331154684096,0.06896551723900118,0.06896551723900118,0.37931034481450654
181,llama,14.064516129032258,45.221644120707595,0.25974025973913534,1.6022988505747127,0.0,0.0,0.41935483869614987
181,llama,11.142857142857142,31.360544217687078,0.2727272727260331,1.4150537634408602,0.0,0.21428571428061227,0.6190476190328799
182,llama,8.966666666666667,26.865555555555556,0.2931034482745987,1.3151515151515152,0.03333333333277778,0.14999999999750002,0.4999999999916667
182,llama,10.382978723404255,21.98098687188773,0.3116883116869624,1.331896551724138,0.0,0.14893617020959712,0.44680851062879134
182,llama,12.047619047619047,37.90249433106576,0.23555555555450866,1.2760736196319018,0.0,0.09523809523582767,0.5714285714149661
182,llama,11.918367346938776,38.23823406913785,0.32549019607715496,1.32486388384755,0.0,0.16326530611911705,0.4693877550924615
182,llama,14.0,21.135135135135137,0.20675105485144832,1.2971887550200802,0.0,0.054054054052593135,0.5675675675522279
183,llama,15.457142857142857,35.44816326530612,0.15624999999938965,1.3561904761904762,0.11428571428244899,0.028571428570612248,0.45714285712979597
183,llama,11.840909090909092,30.497417355371894,0.14181818181766612,1.37573385518591,0.4999999999886364,0.0227272727267562,0.5909090908956612
183,llama,15.441176470588236,34.834775086505196,0.20075757575681533,1.4814814814814814,0.5294117646903115,0.11764705882006922,0.44117647057525955
183,llama,11.934782608695652,41.58270321361058,0.21641791044695366,1.3958724202626642,0.6521739130293006,0.1956521739087902,0.5217391304234404
183,llama,12.613636363636363,43.91890495867768,0.19999999999928572,1.4528650646950092,0.4090909090816116,0.0454545454535124,0.568181818168905
184,llama,11.116279069767442,33.54461871281774,0.2036199095013411,1.341628959276018,0.6046511627766361,0.02325581395294754,0.6976744185884263
184,llama,14.432432432432432,90.02921840759677,0.1760299625461572,1.426923076923077,0.6486486486311177,0.18918918918407598,0.32432432431555885
184,llama,15.333333333333334,46.1010101010101,0.1913043478252552,1.3125,0.0,0.06060606060422406,0.3636363636253444
184,llama,14.675675675675675,60.81373265157048,0.23255813953398236,1.3460076045627376,0.7027027026837108,0.10810810810518627,0.5135135134996348
184,llama,14.243243243243244,64.77867056245435,0.23437499999908448,1.39009900990099,0.810810810788897,0.10810810810518627,0.4054054053944485
185,llama,14.5,19.316666666666666,0.2352941176460702,1.508158508158508,0.0,0.0,0.5333333333155555
185,llama,13.975609756097562,20.609161213563354,0.21897810218898184,1.4349376114081998,0.0,0.04878048780368829,0.5853658536442594
185,llama,13.186046511627907,29.453758788534344,0.22614840989319382,1.4583333333333333,0.37209302324716065,0.06976744185884262,0.3953488372001082
185,llama,18.285714285714285,57.56122448979592,0.26394052044511546,1.514,0.0,0.0,0.24999999999107142
185,llama,17.193548387096776,37.70447450572321,0.20883534136462317,1.3904761904761904,0.0,0.0,0.41935483869614987
186,llama,17.896551724137932,36.43757431629013,0.20769230769150887,1.4808853118712273,0.41379310343400716,0.03448275861950059,0.6896551723900118
186,llama,15.2,77.12,0.2643171806155757,1.6801075268817205,0.2399999999904,0.0,0.3599999999856
186,llama,14.628571428571428,30.119183673469387,0.18461538461467455,1.4742268041237114,0.5714285714122449,0.057142857141224496,0.45714285712979597
186,llama,12.636363636363637,43.95867768595042,0.23357664233491396,1.4953095684803002,0.454545454535124,0.0227272727267562,0.4318181818083678
186,llama,18.258064516129032,39.48178980228928,0.2295719844349044,1.3297491039426523,0.1290322580603538,0.0,0.5483870967565037
187,llama,12.864864864864865,30.76552227903579,0.18333333333256946,1.4632516703786191,0.5945945945785245,0.054054054052593135,0.32432432431555885
187,llama,12.108108108108109,48.474799123447774,0.19999999999913046,1.4488372093023256,0.5945945945785245,0.18918918918407598,0.3513513513418554
187,llama,12.818181818181818,33.19421487603305,0.206293706292985,1.4379699248120301,0.454545454535124,0.0909090909070248,0.4090909090816116
187,llama,9.770833333333334,27.051649305555554,0.19008264462731372,1.4229885057471265,0.7916666666501737,0.3124999999934896,0.43749999999088546
187,llama,14.472222222222221,70.58256172839506,0.17472118959042857,1.4314928425357873,0.3333333333240741,0.05555555555401235,0.27777777777006174
188,llama,14.411764705882353,49.006920415224904,0.2336065573760918,1.4625,0.0,0.05882352941003461,0.7352941176254326
188,llama,14.714285714285714,21.518367346938778,0.21457489878455638,1.4274353876739563,0.0,0.08571428571183674,0.5714285714122449
188,llama,17.357142857142858,68.44387755102039,0.1788990825679867,1.3713692946058091,0.14285714285204082,0.035714285713010205,0.49999999998214284
188,llama,13.421052631578947,19.71745152354571,0.17857142857071998,1.391732283464567,0.0,0.0,0.6315789473518006
188,llama,17.580645161290324,101.53381893860563,0.2482758620681094,1.566420664206642,0.0645161290301769,0.09677419354526536,0.580645161271592
189,llama,15.67741935483871,39.83142559833506,0.17924528301802245,1.4082474226804125,0.9677419354526535,0.16129032257544224,0.3548387096659729
189,llama,14.485714285714286,63.27836734693878,0.19396551724054326,1.368421052631579,0.342857142847347,0.22857142856489798,0.2571428571355102
189,llama,14.0,47.875,0.17733990147695894,1.3325892857142858,0.49999999998437505,0.12499999999609376,0.43749999998632816
189,llama,16.125,65.734375,0.1742738589204387,1.3567134268537073,0.562499999982422,0.281249999991211,0.3749999999882813
189,llama,12.7,50.71,0.17959183673396087,1.41869918699187,0.8499999999787501,0.22499999999437503,0.44999999998875007
190,llama,16.756756756756758,74.34623813002193,0.20195439739347898,1.5346534653465347,0.7567567567363039,0.13513513513148284,0.4054054053944485
190,llama,16.12121212121212,84.83379247015611,0.1299212598420082,1.5889101338432123,0.6666666666464647,0.0909090909063361,0.4545454545316805
190,llama,15.181818181818182,76.42148760330578,0.2149253731336868,1.4984756097560976,0.5454545454421488,0.0909090909070248,0.4090909090816116
190,llama,13.560975609756097,53.31945270672219,0.2163120567368216,1.5685185185185184,0.5853658536442594,0.09756097560737657,0.4878048780368828
190,llama,13.813953488372093,44.84910762574365,0.13533834586415286,1.389655172413793,0.6511627906825311,0.09302325581179016,0.37209302324716065
191,llama,18.071428571428573,46.20918367346938,0.1686274509797309,1.4308617234468939,0.49999999998214284,0.178571428565051,0.6785714285471939
191,llama,17.142857142857142,31.69387755102041,0.12612612612555799,1.3920335429769393,0.14285714285204082,0.0,0.4642857142691327
191,llama,16.933333333333334,23.39555555555556,0.11764705882306806,1.4543650793650793,0.1333333333288889,0.0,0.6666666666444444
191,llama,17.074074074074073,26.587105624142662,0.17117117117040015,1.3916849015317287,0.29629629628532234,0.0,0.5555555555349794
191,llama,13.676470588235293,41.33650519031142,0.17982456140272007,1.3398268398268398,0.4117647058702423,0.029411764705017305,0.294117647050173
192,llama,14.23076923076923,34.741617357001964,0.2025316455687657,1.2865064695009243,0.05128205128073636,0.0,0.5128205128073636
192,llama,12.615384615384615,27.67258382642999,0.23628691983022665,1.3224489795918368,0.05128205128073636,0.0,0.5384615384477318
192,llama,12.289473684210526,31.468836565096957,0.22321428571328925,1.4017467248908297,0.0,0.10526315789196677,0.3684210526218837
192,llama,14.5,25.2,0.20895522387981735,1.287215411558669,0.0,0.0,0.624999999984375
192,llama,11.170212765957446,41.673155273879594,0.1967871485935872,1.393063583815029,0.04255319148845632,0.06382978723268448,0.531914893605704
193,llama,16.444444444444443,39.191358024691354,0.26492537313333986,1.4003496503496504,0.0,0.027777777777006175,0.5555555555401235
193,llama,11.6,25.140000000000004,0.20179372197218928,1.445916114790287,0.24999999999375003,0.29999999999250004,0.324999999991875
193,llama,12.65,43.027499999999996,0.23981900452380173,1.3702213279678068,0.0,0.274999999993125,0.42499999998937504
193,llama,13.028571428571428,40.25632653061224,0.3474178403739558,1.368421052631579,0.0,0.028571428570612248,0.5999999999828572
193,llama,10.923076923076923,38.22485207100591,0.25482625482527094,1.366120218579235,0.0,0.11538461538239646,0.423076923068787
194,llama,20.5,120.25,0.4326465927092985,1.9743260590500642,0.0,0.0,0.0
194,llama,25.0,140.0,0.3333333333328723,1.8741463414634147,0.0,0.0,0.0
195,llama,17.03030303030303,28.756657483930212,0.19732441471505913,1.5260323159784561,0.1818181818126722,0.0,0.4848484848337925
195,llama,13.18918918918919,22.477720964207453,0.22799999999908802,1.56198347107438,0.10810810810518627,0.0,0.4324324324207451
195,llama,17.413793103448278,35.55291319857313,0.22175732217480437,1.3963039014373717,0.06896551723900118,0.10344827585850179,0.5172413792925089
195,llama,13.7,23.51,0.21532846715249881,1.461111111111111,0.04999999999875,0.04999999999875,0.5249999999868751
195,llama,10.867924528301886,31.171235315058745,0.20529801324435332,1.4692442882249561,0.3773584905589178,0.11320754716767534,0.3584905660309719
196,llama,17.5625,52.93359375,0.16901408450644714,1.460144927536232,0.24999999999218753,0.06249999999804688,0.3749999999882813
196,llama,16.166666666666668,31.47222222222222,0.24999999999900796,1.53125,0.59999999998,0.0,0.3333333333222222
196,llama,13.394736842105264,43.76523545706371,0.2103321033202571,1.507070707070707,0.5789473684058172,0.21052631578393355,0.3684210526218837
196,llama,12.575,22.044375000000002,0.2181818181810248,1.6024590163934427,0.14999999999625002,0.04999999999875,0.34999999999125003
196,llama,16.06451612903226,59.931321540062434,0.2213438735169117,1.545267489711934,0.5161290322414152,0.0645161290301769,0.32258064515088447
197,llama,15.129032258064516,31.402705515088442,0.19742489270301536,1.3956989247311828,0.1935483870905307,0.0645161290301769,0.2580645161207076
197,llama,14.382352941176471,19.17733564013841,0.2469635627520366,1.4532224532224531,0.23529411764013844,0.05882352941003461,0.4117647058702423
197,llama,16.576923076923077,45.244082840236686,0.1421568627444012,1.449648711943794,0.1538461538402367,0.0,0.3846153846005917
197,llama,14.93939393939394,45.63269054178146,0.18775510204005,1.420618556701031,0.1818181818126722,0.0,0.33333333332323234
197,llama,17.925925925925927,49.25377229080933,0.20229007633510576,1.4556962025316456,0.29629629628532234,0.22222222221399177,0.14814814814266117
198,llama,15.222222222222221,49.72839506172839,0.2688172043001118,1.3078358208955223,0.16666666666203706,0.1111111111080247,0.3333333333240741
198,llama,14.216216216216216,56.54784514243974,0.2418032786875336,1.3800383877159308,0.10810810810518627,0.13513513513148284,0.5135135134996348
198,llama,18.59259259259259,73.79698216735254,0.271999999998912,1.4532520325203253,0.22222222221399177,0.07407407407133058,0.44444444442798353
198,llama,14.243243243243244,55.643535427319215,0.2529644268764705,1.3846153846153846,0.16216216215777943,0.2702702702629657,0.48648648647333825
198,llama,17.8,51.89333333333333,0.28676470588129865,1.4335260115606936,0.06666666666444444,0.06666666666444444,0.5333333333155555
199,llama,18.24,80.3424,0.147826086955879,1.4179775280898876,0.2399999999904,0.0,0.3599999999856
199,llama,16.72,52.4416,0.18840579710053912,1.4110576923076923,0.0,0.1199999999952,0.3599999999856
199,llama,18.6,41.68,0.1829787234034767,1.5119305856832972,0.0799999999968,0.0,0.3599999999856
199,llama,16.833333333333332,39.97222222222222,0.15015974440846594,1.4496644295302012,0.3333333333240741,0.027777777777006175,0.3055555555470679
199,llama,19.035714285714285,76.39158163265309,0.183520599250249,1.3796992481203008,0.14285714285204082,0.0,0.42857142855612246
0,mistral,12.82,38.3476,0.23174603174529604,1.4890625,0.0799999999984,0.0,0.3399999999932
0,mistral,12.255813953488373,24.795024337479713,0.19540229884982604,1.4933333333333334,0.0,0.0,0.37209302324716065
0,mistral,15.818181818181818,17.148760330578515,0.2027777777772145,1.5646551724137931,0.0909090909070248,0.0,0.3863636363548554
0,mistral,23.454545454545453,63.217630853994486,0.18010752688123627,1.51875808538163,0.0,0.0,0.3939393939274564
0,mistral,13.46875,27.0615234375,0.18536585365763236,1.4593967517401392,0.0,0.0,0.4687499999853516
1,mistral,15.38888888888889,32.293209876543216,0.2911877394624859,1.3302411873840445,0.0,0.0,0.4166666666550926
1,mistral,20.413793103448278,79.89774078478003,0.2499999999990809,1.275438596491228,0.0,0.0,0.3448275861950059
1,mistral,16.871794871794872,44.5733070348455,0.23333333333255557,1.2707692307692309,0.0,0.0,0.6410256410092046
1,mistral,18.46875,58.6240234375,0.21974522292923648,1.423728813559322,0.24999999999218753,0.0,0.18749999999414066
1,mistral,16.258064516129032,66.12695109261185,0.2447257383955919,1.352,0.2580645161207076,0.0645161290301769,0.3870967741810614
2,mistral,11.340909090909092,29.72469008264463,0.27160493827048726,1.365904365904366,0.2727272727210744,0.0,0.4090909090816116
2,mistral,11.3125,40.37109375,0.24931506849246765,1.4169054441260744,0.5937499999907226,0.0781249999987793,0.2968749999953613
2,mistral,18.56756756756757,60.62381300219138,0.24923076923000237,1.4283604135893648,0.16216216215777943,0.0,0.5675675675522279
2,mistral,11.311475409836065,30.67347487234614,0.2445141065823056,1.4251497005988023,0.5245901639258265,0.032786885245364154,0.6065573770392368
2,mistral,14.363636363636363,30.170798898071627,0.20564516128949337,1.521551724137931,0.06060606060422406,0.0909090909063361,0.24242424241689625
3,mistral,13.113636363636363,35.10072314049587,0.1541353383452852,1.2942206654991244,0.0454545454535124,0.0227272727267562,0.5227272727153927
3,mistral,14.151515151515152,31.643709825528006,0.19823788546168178,1.3763440860215055,0.12121212120844813,0.0,0.4848484848337925
3,mistral,12.744186046511627,28.888047593293678,0.19708029197008364,1.3166666666666667,0.37209302324716065,0.0,0.7906976744002164
3,mistral,12.604651162790697,22.239048134126552,0.17786561264751832,1.3882575757575757,0.13953488371768524,0.06976744185884262,0.34883720929421314
3,mistral,11.220338983050848,21.595518529158284,0.21621621621548576,1.293394777265745,0.033898305084171215,0.033898305084171215,0.6101694915150819
4,mistral,16.21875,33.0458984375,0.20075757575681533,1.3578336557059962,0.06249999999804688,0.0,0.18749999999414066
4,mistral,17.28125,44.1396484375,0.1582733812943947,1.431159420289855,0.12499999999609376,0.0,0.43749999998632816
4,mistral,15.382352941176471,40.94204152249135,0.17928286852518216,1.4235976789168279,0.3529411764602077,0.08823529411505192,0.44117647057525955
4,mistral,20.714285714285715,76.84693877551021,0.17197452229244595,1.4558058925476602,0.14285714285204082,0.035714285713010205,0.24999999999107142
4,mistral,20.0,44.55172413793103,0.16785714285654338,1.3576388888888888,0.06896551723900118,0.0,0.3448275861950059
5,mistral,17.95744680851064,150.9769126301494,0.21447721179567164,1.3714637146371464,0.8936170212575827,0.404255319140335,0.48936170211724767
5,mistral,13.866666666666667,65.36000000000001,0.2335526315781791,1.3832236842105263,0.8444444444256791,0.17777777777382717,0.28888888888246916
5,mistral,12.492307692307692,68.3730177514793,0.21568627450919978,1.3123425692695214,0.5230769230688758,0.36923076922508874,0.5999999999907693
5,mistral,15.818181818181818,39.90633608815426,0.2350427350417306,1.3424124513618676,0.12121212120844813,0.06060606060422406,0.4848484848337925
5,mistral,13.96774193548387,43.57960457856399,0.2487804878036645,1.4232558139534883,0.580645161271592,0.16129032257544224,0.32258064515088447
6,mistral,20.964285714285715,32.82015306122449,0.21034482758548156,1.4905982905982906,0.0,0.0,0.21428571427806123
6,mistral,17.774193548387096,24.303850156087417,0.15034965034912465,1.5036496350364963,0.0,0.0,0.1935483870905307
6,mistral,16.3,20.810000000000002,0.1543209876538447,1.4639016897081414,0.04999999999875,0.0,0.29999999999250004
6,mistral,21.625,59.796875,0.16759776536266036,1.5072254335260116,0.0,0.0,0.18749999999414066
6,mistral,21.291666666666668,57.539930555555564,0.16412213740395373,1.4635108481262327,0.0,0.0,0.24999999998958333
7,mistral,17.264705882352942,36.72404844290657,0.2499999999990809,1.3754266211604096,0.294117647050173,0.0,0.4705882352802769
7,mistral,16.81578947368421,20.255540166204987,0.2179487179480194,1.40282131661442,0.15789473683795016,0.0,0.49999999998684214
7,mistral,13.688888888888888,27.458765432098758,0.11564625850300801,1.3973941368078175,0.0,0.0,0.39999999999111113
7,mistral,14.142857142857142,31.60816326530612,0.1864406779653117,1.3760162601626016,0.1714285714236735,0.0,0.2571428571355102
7,mistral,16.097560975609756,28.91731112433075,0.1540785498484771,1.4327666151468315,0.0,0.0,0.4878048780368828
8,mistral,21.023255813953487,59.79015684153596,0.17293233082663426,1.3145071982281284,0.0,0.0,0.5813953488236885
8,mistral,14.552631578947368,37.668282548476455,0.18309859154865107,1.5334538878842676,0.0,0.05263157894598339,0.2894736842029086
8,mistral,16.04,96.11840000000002,0.16032608695608608,1.4357682619647356,0.0399999999992,0.0399999999992,0.41999999999160004
8,mistral,24.34375,72.7880859375,0.18028169014033724,1.3561290322580646,0.0,0.0,0.3749999999882813
9,mistral,18.2,55.22666666666667,0.16153846153784024,1.3717948717948718,0.0,0.0,0.23333333332555556
9,mistral,25.258064516129032,58.64308012486993,0.23013698630073937,1.3508322663252241,0.16129032257544224,0.0,0.290322580635796
9,mistral,18.0,33.31578947368421,0.19277108433676876,1.3888888888888888,0.0,0.0,0.4210526315678671
9,mistral,15.454545454545455,65.46005509641874,0.1691729323301911,1.4586614173228347,0.06060606060422406,0.0,0.33333333332323234
9,mistral,20.185185185185187,47.33607681755829,0.15867158671528167,1.4825688073394496,0.07407407407133058,0.0,0.25925925924965704
10,mistral,12.069767441860465,31.320713899405085,0.1925925925918793,1.3834296724470134,0.6046511627766361,0.06976744185884262,0.37209302324716065
10,mistral,11.666666666666666,32.79365079365079,0.20564516128949337,1.404123711340206,0.28571428570748303,0.047619047617913836,0.45238095237018144
10,mistral,13.702702702702704,45.45215485756026,0.1596958174898871,1.4198019801980197,0.37837837836815197,0.054054054052593135,0.4324324324207451
10,mistral,16.35135135135135,45.41709276844412,0.1714285714279592,1.4288079470198676,0.2702702702629657,0.0,0.48648648647333825
10,mistral,14.789473684210526,59.00831024930748,0.2049469964657069,1.4272890484739678,0.6315789473518006,0.07894736841897508,0.2631578947299169
11,mistral,16.606060606060606,28.056932966023872,0.24542124542034646,1.586837294332724,0.0,0.06060606060422406,0.5151515151359045
11,mistral,17.59375,38.9912109375,0.28163265306007496,1.4689165186500888,0.0,0.0,0.6874999999785157
11,mistral,16.02857142857143,12.770612244897958,0.2480916030524882,1.4928571428571429,0.0,0.028571428570612248,0.4857142857004082
11,mistral,16.818181818181817,19.966942148760328,0.2366412213731426,1.4249547920433996,0.0,0.0,0.6969696969485768
11,mistral,14.942857142857143,31.88244897959183,0.2754237288123923,1.479923518164436,0.0,0.0,0.685714285694694
12,mistral,18.680851063829788,46.72793119058398,0.24475524475467422,1.448512585812357,0.0,0.0,0.23404255318650974
12,mistral,19.25,56.854166666666664,0.1610169491518601,1.4517543859649122,0.0,0.0,0.1666666666597222
12,mistral,19.72222222222222,43.31172839506172,0.24079320113246236,1.4188998589562765,0.0,0.027777777777006175,0.24999999999305558
12,mistral,13.974358974358974,38.076265614727156,0.1636363636357686,1.4362292051756007,0.0,0.0,0.3076923076844182
13,mistral,14.166666666666666,21.08333333333334,0.21724137930959572,1.5768463073852295,0.0,0.0,0.27777777777006174
13,mistral,16.194444444444443,18.656635802469136,0.19999999999934426,1.4756944444444444,0.0,0.0,0.24999999999305558
13,mistral,17.741935483870968,99.35275754422476,0.20394736842038175,1.6171003717472119,0.0,0.0,0.0645161290301769
13,mistral,14.757575757575758,17.57759412304867,0.15471698113149163,1.645360824742268,0.0,0.0,0.3636363636253444
13,mistral,14.945945945945946,37.18626734842951,0.14335664335614212,1.553903345724907,0.6486486486311177,0.027027027026296568,0.4054054053944485
14,mistral,20.192307692307693,53.46301775147929,0.24497991967773103,1.445506692160612,0.0,0.0,0.5769230769008876
14,mistral,15.585365853658537,45.218322427126715,0.22258064516057233,1.3553459119496856,0.2926829268221297,0.024390243901844143,0.4878048780368828
14,mistral,19.384615384615383,49.31360946745561,0.23140495867672975,1.4151696606786428,0.3076923076804734,0.07692307692011835,0.3846153846005917
14,mistral,15.195121951219512,44.64485425342058,0.22992700729843094,1.3429951690821256,0.0,0.0,0.7073170731534801
14,mistral,21.85185185185185,50.27434842249657,0.20557491289126978,1.4610169491525424,0.0,0.0,0.44444444442798353
15,mistral,13.729166666666666,52.322482638888886,0.18152866241980406,1.3444613050075873,0.4999999999895834,0.08333333333159723,0.541666666655382
15,mistral,18.128205128205128,66.36817882971728,0.22023809523743978,1.399429386590585,0.35897435896515456,0.05128205128073636,0.5128205128073636
15,mistral,11.844827586206897,25.09661117717004,0.28656716417824907,1.2992592592592593,0.3793103448210464,0.05172413793014269,0.5689655172315696
15,mistral,13.148148148148149,42.64471879286694,0.25071225071153647,1.348441926345609,0.6296296296179699,0.1111111111090535,0.5555555555452675
15,mistral,11.333333333333334,31.597222222222218,0.18473895582255126,1.2734082397003745,0.41666666665798613,0.08333333333159723,0.7291666666514758
16,mistral,15.18918918918919,64.96420745069393,0.24398625429469423,1.4835766423357664,0.37837837836815197,0.16216216215777943,0.4054054053944485
16,mistral,16.757575757575758,59.69880624426079,0.24014336917476653,1.4324817518248176,0.6060606060422407,0.0909090909063361,0.5757575757401286
16,mistral,19.615384615384617,64.77514792899409,0.2186234817804914,1.3976377952755905,0.0,0.0,0.46153846152071004
16,mistral,18.38095238095238,95.09297052154196,0.20537897310463232,1.4927152317880794,0.6190476190328799,0.07142857142687076,0.28571428570748303
17,mistral,17.46153846153846,23.530571992110453,0.15204678362528642,1.3805309734513274,0.0,0.0,0.43589743588625907
17,mistral,17.25,44.1875,0.1839464882936992,1.3818770226537216,0.0,0.0,0.6666666666481482
17,mistral,15.982142857142858,68.37468112244899,0.19471153846107042,1.4060402684563758,0.0,0.07142857142729592,0.3749999999933036
17,mistral,11.818181818181818,27.021487603305786,0.1687116564412003,1.4742589703588143,0.10909090908892563,0.03636363636297521,0.3818181818112397
17,mistral,14.083333333333334,28.659722222222225,0.1502890173406061,1.4414003044140031,0.4999999999895834,0.12499999999739585,0.3749999999921875
18,mistral,7.203389830508475,25.61964952599828,0.27884615384481326,1.373134328358209,0.0,0.08474576271042804,0.4237288135521402
18,mistral,8.14,34.6004,0.2590909090897314,1.3248081841432224,0.0,0.0799999999984,0.3399999999932
18,mistral,8.0,24.0,0.21232876712183338,1.5317460317460319,0.7647058823304499,0.11764705882006922,0.4117647058702423
18,mistral,11.390243902439025,51.99405116002379,0.22268907562931645,1.3771929824561404,0.7804878048590126,0.024390243901844143,0.3902439024295063
18,mistral,8.084745762711865,32.484343579431204,0.2599118942719828,1.2745098039215685,0.0,0.10169491525251365,0.30508474575754096
19,mistral,12.08695652173913,22.73156899810964,0.1611721611715708,1.382940108892922,0.17391304347448017,0.0,0.3913043478175804
19,mistral,18.774193548387096,55.59417273673259,0.1590909090903065,1.3827586206896552,0.0,0.0,0.580645161271592
19,mistral,14.526315789473685,36.705447830101576,0.15228426395900435,1.431159420289855,0.17543859648815022,0.0,0.4561403508691905
19,mistral,15.30952380952381,50.59467120181406,0.15131578947318647,1.3793103448275863,0.14285714285374151,0.023809523808956918,0.4999999999880953
19,mistral,17.93103448275862,34.822829964328186,0.20799999999916802,1.3822393822393821,0.27586206895600474,0.0,0.41379310343400716
20,mistral,14.790697674418604,43.7934018388318,0.23423423423353085,1.4,0.18604651162358032,0.02325581395294754,0.2790697674353705
20,mistral,16.96969696969697,66.08999081726354,0.2164948453600808,1.3634719710669079,0.30303030302112033,0.03030303030211203,0.4848484848337925
20,mistral,17.42105263157895,59.664819944598335,0.20065789473618206,1.3936170212765957,0.3157894736759003,0.026315789472991694,0.342105263148892
20,mistral,20.21875,131.2958984375,0.2610062893073553,1.4078125,0.49999999998437505,0.06249999999804688,0.34374999998925787
20,mistral,13.083333333333334,44.020833333333336,0.19282511210675865,1.3695652173913044,0.3333333333240741,0.05555555555401235,0.4166666666550926
21,mistral,16.657894736842106,43.856648199445985,0.19770773638911832,1.6160130718954249,0.47368421051385046,0.13157894736495845,0.2631578947299169
21,mistral,17.78787878787879,36.167125803489434,0.2588996763745667,1.6106346483704974,0.30303030302112033,0.06060606060422406,0.2727272727190083
21,mistral,13.119047619047619,33.77154195011338,0.22140221402132323,1.4862385321100917,0.14285714285374151,0.09523809523582767,0.28571428570748303
21,mistral,13.744186046511627,66.98107084910762,0.2508833922252619,1.5034129692832765,0.37209302324716065,0.1162790697647377,0.4883720930118984
21,mistral,16.893617021276597,43.75464010864644,0.18749999999956599,1.6353240152477764,0.21276595744228158,0.04255319148845632,0.3829787233961069
22,mistral,15.708333333333334,51.039930555555564,0.21715817694311754,1.5177111716621254,0.08333333333159723,0.0,0.3749999999921875
22,mistral,12.204081632653061,38.08079966680549,0.21165644171714215,1.506993006993007,0.04081632652977926,0.04081632652977926,0.2653061224435652
22,mistral,17.59259259259259,24.908093278463646,0.1694214876026057,1.4831223628691983,0.0,0.0,0.11111111110699588
22,mistral,19.21875,61.1083984375,0.2360248447197639,1.5117845117845117,0.3749999999882813,0.03124999999902344,0.34374999998925787
23,mistral,15.555555555555555,14.024691358024691,0.2525252525244023,1.435483870967742,0.0,0.0,0.4166666666550926
23,mistral,11.902439024390244,31.89292088042832,0.15503875968932157,1.429769392033543,0.341463414625818,0.04878048780368829,0.43902439023319456
23,mistral,16.666666666666668,42.64646464646465,0.19047619047549277,1.3418181818181818,0.0,0.0,0.3636363636253444
23,mistral,23.0,79.52,0.20608108108038486,1.4746059544658494,0.0,0.0,0.1199999999952
23,mistral,13.81081081081081,19.072315558802046,0.18775510204005,1.3464566929133859,0.0,0.0,0.6216216216048212
24,mistral,16.28125,26.6396484375,0.22866894197874174,1.6238003838771593,0.06249999999804688,0.03124999999902344,0.12499999999609376
24,mistral,11.377358490566039,32.15948736205055,0.2119205298006228,1.4026622296173046,0.3773584905589178,0.09433962263972945,0.339622641503026
24,mistral,14.2,27.24,0.18611111111059414,1.4002828854314002,0.39999999999200003,0.0799999999984,0.3399999999932
24,mistral,20.322580645161292,86.99271592091571,0.21451104100878704,1.4681528662420382,0.1290322580603538,0.09677419354526536,0.1935483870905307
24,mistral,14.3125,37.33984375,0.1913043478252552,1.4307692307692308,0.18749999999414066,0.0,0.12499999999609376
25,mistral,14.386363636363637,50.10072314049587,0.19108280254716217,1.413290113452188,0.5909090908956612,0.0227272727267562,0.4772727272618802
25,mistral,18.789473684210527,34.11357340720222,0.18207282913114267,1.387005649717514,0.2631578947299169,0.0,0.3157894736759003
25,mistral,18.774193548387096,27.723204994797083,0.18987341772091812,1.4162348877374784,0.1290322580603538,0.0,0.32258064515088447
25,mistral,17.333333333333332,48.35555555555555,0.16417910447699935,1.423529411764706,0.06666666666444444,0.0,0.23333333332555556
25,mistral,13.688888888888888,37.41432098765432,0.2187499999993164,1.416260162601626,0.0,0.0,0.19999999999555557
26,mistral,13.25,29.104166666666668,0.19865319865252978,1.3476190476190477,0.08333333333159723,0.041666666665798616,0.45833333332378473
26,mistral,16.235294117647058,54.415224913494804,0.21031746031662574,1.3613138686131387,0.11764705882006922,0.08823529411505192,0.44117647057525955
26,mistral,9.866666666666667,35.04888888888889,0.22127659574373926,1.4174311926605505,0.35555555554765433,0.06666666666518518,0.5111111110997532
26,mistral,16.363636363636363,35.27685950413224,0.20231213872773898,1.3630041724617525,0.0454545454535124,0.0227272727267562,0.454545454535124
26,mistral,14.038461538461538,30.84467455621302,0.2148760330572593,1.3756906077348066,0.0,0.0,0.48076923075998523
27,mistral,14.733333333333333,37.59555555555555,0.17040358744318204,1.4206896551724137,0.1333333333288889,0.0,0.3666666666544444
27,mistral,19.170731707317074,35.60499702558001,0.21108179419469372,1.3847133757961783,0.0,0.0,0.4878048780368828
27,mistral,22.52173913043478,52.4234404536862,0.18461538461467455,1.447265625,0.17391304347069944,0.0,0.304347826073724
27,mistral,13.403846153846153,36.202292899408285,0.19047619047565695,1.42507204610951,0.23076923076479292,0.0,0.38461538460798816
27,mistral,26.72,45.0816,0.17924528301830425,1.3748103186646434,0.0,0.0,0.3199999999872
28,mistral,14.452380952380953,34.15249433106575,0.15646258503348143,1.3871499176276771,0.0,0.0,0.5476190476060091
28,mistral,16.142857142857142,45.265306122448976,0.19047619047543463,1.2943262411347518,0.342857142847347,0.057142857141224496,0.5142857142710204
28,mistral,17.785714285714285,31.596938775510207,0.12204724409400769,1.4137931034482758,0.14285714285204082,0.035714285713010205,0.178571428565051
28,mistral,17.68,45.7376,0.19724770642111356,1.5769230769230769,0.0,0.0,0.3199999999872
28,mistral,15.264705882352942,49.0181660899654,0.2014652014644635,1.4844961240310077,0.17647058823010384,0.029411764705017305,0.44117647057525955
29,mistral,14.348484848484848,32.68158861340679,0.21396396396348208,1.3391115926327193,0.27272727272314046,0.0,0.4545454545385675
29,mistral,16.545454545454547,44.12672176308539,0.18461538461467455,1.3866171003717471,0.24242424241689625,0.06060606060422406,0.5454545454380166
29,mistral,13.75,51.82386363636363,0.19655172413725328,1.4517766497461928,0.5909090908956612,0.1590909090872934,0.3863636363548554
29,mistral,14.647058823529411,50.87543252595155,0.2307692307682446,1.3824130879345604,0.5294117646903115,0.08823529411505192,0.5588235293953288
29,mistral,12.525,36.299375,0.1999999999991837,1.416326530612245,0.54999999998625,0.04999999999875,0.6749999999831251
30,mistral,17.441176470588236,36.18771626297578,0.18999999999936668,1.5296108291032149,0.3529411764602077,0.0,0.3529411764602077
30,mistral,16.605263157894736,48.02839335180055,0.18292682926773499,1.5328,0.10526315789196677,0.0,0.47368421051385046
30,mistral,19.862068965517242,57.912009512485135,0.1799999999994,1.6252189141856392,0.0,0.0,0.4482758620535077
30,mistral,12.88888888888889,22.98765432098765,0.16612377850108756,1.4397905759162304,0.31111111110419754,0.022222222221728396,0.37777777776938276
30,mistral,14.277777777777779,36.20061728395061,0.192452830187953,1.4911937377690803,0.16666666666203706,0.0,0.4166666666550926
31,mistral,14.2,10.426666666666668,0.19266055045783184,1.3576470588235294,0.0,0.0,0.1666666666611111
31,mistral,19.233333333333334,34.44555555555556,0.19407894736778264,1.4670138888888888,0.0,0.0,0.1666666666611111
31,mistral,20.75,36.4375,0.1947565543063867,1.4216867469879517,0.0,0.0,0.0833333333298611
31,mistral,13.558823529411764,20.30536332179931,0.2540983606546963,1.3934782608695653,0.0,0.0,0.294117647050173
31,mistral,16.392857142857142,24.452806122448976,0.20425531914806702,1.4442013129102844,0.0,0.0,0.21428571427806123
32,mistral,18.4,38.400000000000006,0.18834080717404333,1.456140350877193,0.0,0.0,0.199999999992
32,mistral,14.255813953488373,26.934559221200647,0.17333333333275555,1.361247947454844,0.18604651162358032,0.0,0.255813953482423
32,mistral,17.829268292682926,34.43426531826294,0.19174041297878544,1.4173553719008265,0.0,0.0,0.341463414625818
32,mistral,10.781818181818181,31.73421487603305,0.14705882352893118,1.4567474048442905,0.21818181817785126,0.054545454544462815,0.4909090909001653
32,mistral,15.487804878048781,25.274241522903033,0.20127795527092243,1.4190476190476191,0.19512195121475315,0.0,0.19512195121475315
33,mistral,17.923076923076923,29.045364891518737,0.19944598337894892,1.5573065902578798,0.0,0.0,0.1538461538422091
33,mistral,16.833333333333332,37.567460317460316,0.16909620991204347,1.4936170212765958,0.14285714285374151,0.023809523808956918,0.30952380951643993
33,mistral,18.23076923076923,47.1775147928994,0.17760617760549188,1.6744186046511629,0.0,0.0,0.23076923076035502
33,mistral,14.515151515151516,30.067952249770435,0.1752988047801781,1.5115789473684211,0.0,0.0,0.12121212120844813
33,mistral,18.925925925925927,28.883401920438953,0.1556420233456979,1.493069306930693,0.0,0.03703703703566529,0.29629629628532234
34,mistral,18.535714285714285,47.0344387755102,0.12867647058776222,1.6608863198458574,0.0,0.0,0.10714285713903061
34,mistral,13.733333333333333,115.92888888888888,0.11926605504532448,1.691747572815534,0.0,0.0,0.0
34,mistral,22.23076923076923,42.86982248520711,0.13541666666619648,1.6197916666666667,0.0,0.0,0.42307692306065087
34,mistral,15.037037037037036,86.85048010973937,0.1374407582931875,1.7185185185185186,0.0,0.0,0.03703703703566529
34,mistral,15.096774193548388,74.60353798126951,0.11475409836018544,1.685897435897436,0.0,0.0,0.03225806451508845
35,mistral,21.59259259259259,24.982167352537726,0.18305084745700662,1.471502590673575,0.0,0.0,0.14814814814266117
35,mistral,10.36734693877551,32.15077051228655,0.19133574007151144,1.5281124497991967,0.2857142857084548,0.0,0.3265306122382341
35,mistral,16.37837837837838,30.12710007304602,0.14754098360607365,1.4983388704318936,0.0,0.0,0.24324324323666913
35,mistral,17.81081081081081,53.072315558802046,0.1981707317067129,1.4403669724770642,0.21621621621037254,0.027027027026296568,0.29729729728926224
35,mistral,9.98,37.2996,0.15693430656877033,1.6252631578947367,0.599999999988,0.0799999999984,0.299999999994
36,mistral,13.204545454545455,43.38997933884298,0.13141025640983522,1.435626102292769,0.3636363636280992,0.113636363633781,0.2727272727210744
36,mistral,13.833333333333334,30.63888888888889,0.18359374999928285,1.5173116089613035,0.4444444444320988,0.0,0.27777777777006174
36,mistral,10.89795918367347,36.21407746772178,0.14503816793837773,1.446393762183236,0.6938775510062475,0.06122448979466889,0.5306122448871304
36,mistral,19.25,62.25,0.1506024096381006,1.487603305785124,0.18749999999414066,0.12499999999609376,0.12499999999609376
36,mistral,15.567567567567568,61.056245434623804,0.20486111111039979,1.4507042253521127,0.37837837836815197,0.08108108107888971,0.29729729728926224
37,mistral,16.651162790697676,76.92482422931313,0.19354838709620661,1.4101838755304101,0.0,0.0,0.2790697674353705
37,mistral,14.439024390243903,33.66091612135634,0.1644736842099853,1.3756432246998285,0.09756097560737657,0.0,0.341463414625818
37,mistral,13.955555555555556,27.06469135802469,0.21194029850683005,1.35828025477707,0.08888888888691358,0.022222222221728396,0.28888888888246916
37,mistral,13.193548387096774,30.34963579604578,0.2201834862375221,1.5135135135135136,0.0645161290301769,0.09677419354526536,0.290322580635796
38,mistral,21.466666666666665,95.84888888888888,0.18803418803365232,1.47196261682243,0.0,0.0,0.23333333332555556
38,mistral,21.303030303030305,56.08999081726355,0.2506963788293853,1.4022824536376606,0.0,0.0,0.1818181818126722
38,mistral,26.80952380952381,54.058956916099774,0.178343949044018,1.5240641711229947,0.0,0.0,0.14285714285034012
38,mistral,21.714285714285715,44.204081632653065,0.2654867256629337,1.51900826446281,0.07142857142602041,0.0,0.39285714284311224
39,mistral,19.310344827586206,55.93816884661118,0.198529411763976,1.4392857142857143,0.0,0.06896551723900118,0.37931034481450654
39,mistral,21.346153846153847,54.53402366863904,0.19133574007151144,1.4368231046931408,0.0,0.0,0.19230769230029585
39,mistral,17.96551724137931,30.791914387633778,0.23571428571344388,1.4,0.0,0.0,0.24137931033650417
39,mistral,14.222222222222221,24.89506172839506,0.17748917748840914,1.392578125,0.1111111111080247,0.0,0.3888888888780865
40,mistral,15.290322580645162,25.431841831425597,0.211999999999152,1.365180467091295,0.1290322580603538,0.0,0.48387096772632676
40,mistral,16.2,51.89333333333333,0.1844262295074409,1.4645833333333333,0.0,0.09999999999666667,0.3666666666544444
40,mistral,17.6,29.24,0.16422287389981166,1.4028571428571428,0.0999999999975,0.0,0.39999999999
40,mistral,16.40625,41.0537109375,0.19615384615309173,1.4022988505747127,0.12499999999609376,0.03124999999902344,0.3749999999882813
40,mistral,19.814814814814813,36.07681755829904,0.18279569892407602,1.4800759013282732,0.07407407407133058,0.0,0.25925925924965704
41,mistral,14.848484848484848,40.43158861340679,0.16803278688455725,1.4567901234567902,0.6666666666464647,0.0,0.3939393939274564
41,mistral,13.325,46.519375000000004,0.18900343642546735,1.5018939393939394,0.79999999998,0.04999999999875,0.14999999999625002
41,mistral,16.161290322580644,45.10301768990635,0.12015503875922422,1.388663967611336,0.6451612903017689,0.0,0.22580645160561916
41,mistral,15.804878048780488,35.669244497323014,0.17701863353982292,1.4143302180685358,0.09756097560737657,0.0,0.21951219511659728
41,mistral,17.32,34.857600000000005,0.23605150214490966,1.4116279069767441,0.1599999999936,0.0,0.2399999999904
42,mistral,12.196078431372548,36.58900422914264,0.23508771929742076,1.3365695792880259,0.6274509803798539,0.09803921568435219,0.5294117646955018
42,mistral,14.065217391304348,54.53922495274101,0.1986062717763115,1.270606531881804,0.3913043478175804,0.02173913043431002,0.4999999999891305
42,mistral,12.254901960784315,37.52326028450596,0.20261437908430519,1.3241491085899513,0.8627450980222992,0.07843137254748174,0.5490196078323722
42,mistral,15.25,40.82386363636363,0.16233766233713529,1.2713643178410794,0.5454545454421488,0.113636363633781,0.4318181818083678
42,mistral,11.659090909090908,42.31559917355372,0.20717131474021047,1.400390625,0.5909090908956612,0.1590909090872934,0.3863636363548554
43,mistral,14.75,37.1875,0.17832167832105483,1.5152057245080501,0.24999999999375003,0.0,0.274999999993125
43,mistral,21.0,25.272727272727273,0.19028340080894623,1.6579520697167756,0.0,0.0,0.09090909090495868
43,mistral,11.958333333333334,26.581597222222218,0.18900343642546735,1.5555555555555556,0.3749999999921875,0.020833333332899308,0.3749999999921875
43,mistral,14.73913043478261,33.801512287334596,0.1592920353977602,1.5439642324888228,0.1304347826058601,0.0,0.34782608694896033
43,mistral,14.19047619047619,46.439909297052154,0.2437499999992383,1.6104553119730185,0.09523809523582767,0.0,0.09523809523582767
44,mistral,13.022727272727273,71.43130165289257,0.17490494296511444,1.3992994746059544,0.4999999999886364,0.1363636363605372,0.2954545454478306
44,mistral,19.703703703703702,59.615912208504795,0.20895522387981735,1.4990548204158791,0.8888888888559671,0.11111111110699588,0.5185185184993141
44,mistral,12.681818181818182,36.44421487603305,0.19999999999925927,1.4259927797833936,0.5454545454421488,0.1363636363605372,0.6363636363491736
44,mistral,13.292682926829269,58.889946460440214,0.15185185185128944,1.4860853432282004,0.7804878048590126,0.024390243901844143,0.512195121938727
44,mistral,19.03125,60.0302734375,0.1700680272103059,1.5454545454545454,0.18749999999414066,0.0,0.5312499999833985
45,mistral,14.490196078431373,53.465590157631674,0.18100890207661421,1.4049247606019153,0.07843137254748174,0.0,0.5686274509692426
45,mistral,13.114285714285714,35.30122448979591,0.17647058823449563,1.4758771929824561,0.057142857141224496,0.0,0.42857142855918373
45,mistral,15.771428571428572,37.26204081632654,0.18076923076853552,1.4696132596685083,0.11428571428244899,0.0,0.45714285712979597
45,mistral,15.5,47.55434782608695,0.16932907348188714,1.3943262411347517,0.04347826086862004,0.0,0.5652173912920605
45,mistral,15.485714285714286,31.62122448979592,0.16849816849755128,1.4458955223880596,0.22857142856489798,0.0,0.342857142847347
46,mistral,16.193548387096776,35.38189386056191,0.19285714285645408,1.4196787148594376,0.0,0.0,0.1290322580603538
46,mistral,17.29268292682927,51.37775133848899,0.16711590296450912,1.4096728307254622,0.2926829268221297,0.0,0.2439024390184414
46,mistral,18.96875,50.8427734375,0.15131578947318647,1.3735537190082645,0.12499999999609376,0.0,0.1562499999951172
46,mistral,17.043478260869566,55.780718336483936,0.19907407407315245,1.4282051282051282,0.0,0.0,0.08695652173534972
46,mistral,17.962962962962962,43.51714677640604,0.21111111111032924,1.4916666666666667,0.0,0.0,0.11111111110699588
47,mistral,11.76595744680851,22.349479402444544,0.21771217712096785,1.3512014787430684,0.42553191488456316,0.17021276595382528,0.6170212765826166
47,mistral,11.513513513513514,22.35792549306063,0.23039215686161574,1.4184914841849148,0.7567567567363039,0.10810810810518627,0.5135135134996348
47,mistral,13.8,45.010000000000005,0.20205479451985597,1.4242990654205607,0.54999999998625,0.0999999999975,0.39999999999
47,mistral,11.333333333333334,34.581196581196586,0.23873873873766335,1.3707093821510297,0.8717948717725181,0.1282051282018409,0.3333333333247864
48,mistral,14.808510638297872,27.048438207333636,0.1869436201774868,1.366136034732272,0.0,0.0,0.48936170211724767
48,mistral,13.26086956521739,26.236294896030245,0.16831683168261283,1.4123539232053421,0.3913043478175804,0.08695652173724008,0.36956521738327036
48,mistral,12.744186046511627,21.911303407247164,0.23166023165933722,1.3376146788990826,0.0,0.1162790697647377,0.6046511627766361
48,mistral,10.928571428571429,34.3234693877551,0.256338028168292,1.3136729222520107,0.17142857142612244,0.028571428571020407,0.5428571428493877
48,mistral,15.659090909090908,34.72469008264463,0.24404761904689273,1.3653566229985443,0.0,0.0681818181802686,0.4999999999886364
49,mistral,15.617647058823529,35.41262975778547,0.22614840989319382,1.5566037735849056,0.11764705882006922,0.0,0.294117647050173
49,mistral,21.96,41.318400000000004,0.2181818181810248,1.5237226277372262,0.0,0.0,0.2799999999888
49,mistral,16.606060606060606,32.117539026629935,0.21245421245343424,1.434622467771639,0.06060606060422406,0.0,0.33333333332323234
49,mistral,20.06451612903226,50.64099895941727,0.17449664429471645,1.449438202247191,0.1290322580603538,0.0,0.1290322580603538
49,mistral,13.344827586206897,27.950059453032104,0.1457286432153481,1.3937823834196892,0.06896551723900118,0.0,0.13793103447800237
50,mistral,17.375,24.067708333333332,0.23287671232770377,1.6521739130434783,0.0,0.0,0.5833333333090278
50,mistral,16.26086956521739,18.01890359168242,0.19902912621262608,1.6576086956521738,0.0,0.0,0.3478260869413989
50,mistral,15.9,41.15666666666666,0.2509505703412511,1.7040169133192389,0.0,0.0,0.3999999999866667
50,mistral,15.578947368421053,34.92797783933517,0.2327868852451384,1.6506849315068493,0.0,0.0,0.39473684209487536
50,mistral,19.275862068965516,53.92390011890607,0.18466898954639488,1.5949367088607596,0.0,0.0,0.5172413792925089
51,mistral,18.5,45.01923076923077,0.1610486891379736,1.7251585623678647,0.0,0.0,0.07692307692011835
51,mistral,15.44186046511628,35.64196863169281,0.18181818181759152,1.4305343511450381,0.18604651162358032,0.06976744185884262,0.511627906964846
51,mistral,16.194444444444443,41.71219135802469,0.1908127208473823,1.4344827586206896,0.05555555555401235,0.0,0.3611111111010803
51,mistral,17.636363636363637,43.564738292011015,0.20068027210816095,1.4922279792746114,0.30303030302112033,0.0,0.24242424241689625
51,mistral,14.685714285714285,51.12979591836736,0.15686274509742407,1.5470588235294118,0.057142857141224496,0.028571428570612248,0.22857142856489798
52,mistral,12.020833333333334,27.812065972222225,0.19133574007151144,1.4168126094570928,0.4999999999895834,0.10416666666449653,0.45833333332378473
52,mistral,17.77777777777778,56.395061728395056,0.2169117647050849,1.6102783725910064,0.22222222221399177,0.0,0.22222222221399177
52,mistral,15.03125,35.2177734375,0.1752988047801781,1.5819327731092436,0.12499999999609376,0.03124999999902344,0.281249999991211
52,mistral,16.433333333333334,35.11222222222223,0.21771217712096785,1.5938144329896908,0.0,0.0,0.29999999999
52,mistral,22.0625,67.55859375,0.22754491017895945,1.4360795454545454,0.0,0.0,0.49999999998437505
53,mistral,12.72340425531915,33.05115436849253,0.19850187265843258,1.2718120805369129,0.12765957446536896,0.08510638297691264,0.8510638297691263
53,mistral,15.170731707317072,50.775728732897086,0.1890909090902215,1.3117932148626819,0.2926829268221297,0.170731707312909,0.6341463414479477
53,mistral,17.484848484848484,26.795224977043155,0.1730769230762574,1.3743500866551126,0.30303030302112033,0.12121212120844813,0.4848484848337925
53,mistral,15.414634146341463,49.267102914931584,0.20860927152248807,1.3740095087163233,0.2439024390184414,0.07317073170553243,0.14634146341106485
53,mistral,15.476190476190476,58.96371882086167,0.24671052631497795,1.3179723502304148,0.33333333332539683,0.2619047618985261,0.3809523809433107
54,mistral,20.423076923076923,33.167159763313606,0.21189591077988143,1.586337760910816,0.0,0.0,0.2692307692204142
54,mistral,17.666666666666668,34.388888888888886,0.17699115044169475,1.555023923444976,0.0,0.0,0.24999999998958333
54,mistral,17.357142857142858,32.086734693877546,0.21632653061136195,1.4,0.0,0.0,0.32142857141709186
54,mistral,19.714285714285715,56.27551020408163,0.1557971014487109,1.5591985428051003,0.0,0.0,0.178571428565051
54,mistral,19.318181818181817,70.12603305785125,0.1737089201869779,1.3797169811320755,0.0,0.0,0.2272727272623967
55,mistral,10.5,47.67307692307692,0.26639344262185904,1.3056603773584905,0.6923076922943787,0.46153846152958583,0.46153846152958583
55,mistral,13.795454545454545,66.88997933884298,0.26440677966012066,1.4610169491525424,0.4090909090816116,0.340909090901343,0.4318181818083678
55,mistral,12.313432835820896,67.70773000668301,0.2442159383027141,1.3808322824716268,0.5970149253642236,0.253731343279795,0.582089552230118
55,mistral,10.596491228070175,46.59156663588796,0.20701754385892276,1.4392361111111112,0.5263157894644507,0.3157894736786704,0.5087719298156356
55,mistral,10.877551020408163,21.985006247396917,0.20338983050761275,1.376984126984127,0.5306122448871304,0.48979591835735115,0.387755102032903
56,mistral,15.91891891891892,39.26369612856099,0.2622377622368453,1.429541595925297,0.0,0.10810810810518627,0.4324324324207451
56,mistral,15.125,24.901041666666668,0.23676012460985435,1.300275482093664,0.0,0.0,0.749999999984375
56,mistral,14.878048780487806,24.009518143961923,0.26245847175992537,1.372937293729373,0.0,0.0,0.682926829251636
56,mistral,19.77777777777778,37.20987654320987,0.15019762845790435,1.397748592870544,0.0,0.0,0.62962962960631
56,mistral,17.772727272727273,84.90289256198348,0.21428571428510204,1.3935897435897435,0.227272727267562,0.0227272727267562,0.2045454545408058
57,mistral,20.68,39.2576,0.2631578947357767,1.3365758754863812,0.3199999999872,0.0799999999968,0.5199999999792
57,mistral,17.22222222222222,39.461728395061726,0.2884097035032657,1.3430079155672823,0.44444444443456793,0.11111111110864198,0.5111111110997532
57,mistral,14.891304347826088,36.87948960302457,0.24342105263077823,1.256060606060606,0.3043478260803403,0.1086956521715501,0.23913043477741022
57,mistral,15.783783783783784,37.250547845142435,0.21863799283075758,1.3020833333333333,0.2702702702629657,0.08108108107888971,0.3513513513418554
57,mistral,14.18421052631579,36.4134349030471,0.2415094339613528,1.3408662900188324,0.3157894736759003,0.07894736841897508,0.47368421051385046
58,mistral,19.555555555555557,67.80246913580245,0.1730769230762574,1.4239543726235742,0.44444444442798353,0.07407407407133058,0.33333333332098763
58,mistral,20.28,66.7616,0.18846153846081362,1.614604462474645,0.1599999999936,0.0,0.2799999999888
58,mistral,14.571428571428571,20.359183673469392,0.1950354609922162,1.4597249508840864,0.1714285714236735,0.028571428570612248,0.14285714285306123
58,mistral,16.838709677419356,56.07075962539023,0.1788321167876685,1.4113060428849902,0.3870967741810614,0.0,0.41935483869614987
58,mistral,19.766666666666666,63.712222222222216,0.13870967741890738,1.5285961871750433,0.19999999999333334,0.03333333333222222,0.1666666666611111
59,mistral,20.90909090909091,30.173553719008268,0.20377358490489142,1.6269315673289184,0.0,0.0,0.2272727272623967
59,mistral,15.387096774193548,46.88241415192508,0.2213438735169117,1.5711206896551724,0.1290322580603538,0.0645161290301769,0.41935483869614987
59,mistral,17.363636363636363,42.47382920110193,0.1637010676150758,1.4311270125223614,0.0,0.0,0.4545454545316805
59,mistral,13.046511627906977,36.78853434288805,0.20068027210816095,1.4479553903345725,0.18604651162358032,0.0,0.32558139534126557
59,mistral,20.571428571428573,27.387755102040813,0.168421052630988,1.4842105263157894,0.0,0.0,0.357142857130102
60,mistral,14.581818181818182,40.78876033057851,0.22162162162102264,1.3939774153074027,0.21818181817785126,0.018181818181487605,0.4727272727186777
60,mistral,20.75,90.0375,0.14786967418509306,1.4200968523002422,0.0999999999975,0.0,0.37499999999062505
60,mistral,15.486486486486486,66.5200876552228,0.16981132075407618,1.324955116696589,0.8648648648414902,0.027027027026296568,0.32432432431555885
60,mistral,13.578947368421053,18.61218836565097,0.17537313432770385,1.4483430799220274,0.05263157894598339,0.0,0.2631578947299169
60,mistral,16.12121212121212,36.10651974288338,0.16877637130730475,1.3239171374764596,0.0,0.0,0.4242424242295685
61,mistral,19.64864864864865,25.68736303871439,0.19166666666613427,1.4868603042876902,0.0,0.0,0.21621621621037254
61,mistral,14.268292682926829,34.342653182629384,0.20344827586136743,1.4129692832764504,0.19512195121475315,0.024390243901844143,0.4878048780368828
61,mistral,18.576923076923077,22.474852071005913,0.18875502007956324,1.4677754677754677,0.0,0.0,0.4999999999807692
61,mistral,20.73076923076923,33.58136094674556,0.19924812030000283,1.4192949907235621,0.0,0.0,0.3846153846005917
61,mistral,17.928571428571427,37.59013605442177,0.20749279538845103,1.343957503320053,0.19047619047165534,0.0,0.45238095237018144
62,mistral,11.290909090909091,37.95173553719008,0.19594594594528397,1.359016393442623,0.5818181818076034,0.18181818181487605,0.3999999999927273
62,mistral,12.410714285714286,32.49202806122449,0.21813031161411295,1.3887240356083086,0.6785714285593113,0.12499999999776787,0.32142857142283165
62,mistral,11.46,38.368399999999994,0.18874172185367966,1.4514991181657848,0.599999999988,0.09999999999800001,0.3399999999932
62,mistral,13.977272727272727,28.658574380165284,0.17218543046300602,1.3787375415282392,0.2727272727210744,0.0227272727267562,0.5227272727153927
63,mistral,15.534883720930232,32.7604110329908,0.20689655172348936,1.4177978883861238,0.04651162790589508,0.0,0.4883720930118984
63,mistral,16.11627906976744,23.870200108166575,0.2244318181811806,1.4277456647398843,0.0,0.0,0.37209302324716065
63,mistral,25.95,59.847500000000004,0.1976284584972426,1.512720156555773,0.0,0.0499999999975,0.2499999999875
63,mistral,19.24,28.342399999999998,0.2350597609552388,1.4572025052192066,0.0,0.0,0.5199999999792
63,mistral,20.88888888888889,26.39506172839506,0.2569444444435523,1.477638640429338,0.0,0.0,0.14814814814266117
64,mistral,15.41025641025641,29.011176857330703,0.23549488054527135,1.4483333333333333,0.0,0.0,0.3333333333247864
64,mistral,15.085714285714285,30.649795918367342,0.17557251908329935,1.4015151515151516,0.11428571428244899,0.0,0.4857142857004082
64,mistral,10.272727272727273,43.56198347107438,0.2047619047609297,1.3701149425287356,0.4999999999886364,0.0681818181802686,0.5454545454421488
64,mistral,14.775,51.97437500000001,0.21782178217749895,1.4497444633730834,0.34999999999125003,0.024999999999375,0.44999999998875007
64,mistral,10.857142857142858,32.163265306122454,0.2629310344816253,1.3447619047619048,0.4081632652977926,0.04081632652977926,0.6530612244764682
65,mistral,15.0,44.256410256410255,0.24731182795610285,1.3927958833619212,0.0,0.05128205128073636,0.5641025640881
65,mistral,19.62857142857143,61.37632653061225,0.2031746031739582,1.3537117903930131,0.057142857141224496,0.057142857141224496,0.5142857142710204
65,mistral,16.804878048780488,39.181439619274244,0.21249999999933594,1.269956458635704,0.0,0.024390243901844143,0.5853658536442594
65,mistral,12.466666666666667,16.560000000000002,0.22962962962877917,1.2929475587703436,0.04444444444345679,0.0,0.6222222222083951
65,mistral,17.147058823529413,34.41955017301038,0.21403508771854726,1.3190394511149228,0.0,0.05882352941003461,0.7352941176254326
66,mistral,12.425,24.344375000000003,0.24347826086850663,1.4016227180527383,0.44999999998875007,0.04999999999875,0.5249999999868751
66,mistral,14.8,38.46,0.16433566433508975,1.4576271186440677,0.04999999999875,0.04999999999875,0.42499999998937504
66,mistral,16.25,36.473214285714285,0.28444444444318023,1.5110132158590308,0.07142857142602041,0.0,0.6071428571211734
66,mistral,13.216216216216216,33.466764061358646,0.16956521739056712,1.455486542443064,0.21621621621037254,0.054054054052593135,0.4594594594470417
66,mistral,19.153846153846153,41.28402366863906,0.195999999999216,1.4939759036144578,0.1538461538402367,0.0,0.3846153846005917
67,mistral,17.555555555555557,27.061728395061728,0.2294372294362362,1.2914893617021277,0.07407407407133058,0.03703703703566529,0.62962962960631
67,mistral,12.702127659574469,28.166591217745584,0.18374558303822,1.3781512605042017,0.21276595744228158,0.04255319148845632,0.6808510638153011
67,mistral,14.458333333333334,32.83159722222222,0.24062499999924805,1.3473227206946454,0.12499999999739585,0.041666666665798616,0.6458333333198785
67,mistral,12.58695652173913,38.807655954631386,0.213523131671838,1.3622183708838822,0.1304347826058601,0.04347826086862004,0.6304347825949906
67,mistral,9.584905660377359,30.808828764684943,0.24999999999895833,1.3455284552845528,0.5283018867824849,0.07547169811178356,0.6603773584781061
68,mistral,18.257142857142856,55.44816326530612,0.2401215805463826,1.5772870662460567,0.0,0.11428571428244899,0.19999999999428572
68,mistral,18.296296296296298,46.2085048010974,0.29411764705767013,1.6198347107438016,0.0,0.0,0.18518518517832647
68,mistral,21.071428571428573,43.78061224489796,0.21666666666594445,1.5204778156996588,0.0,0.0,0.178571428565051
68,mistral,20.076923076923077,54.6094674556213,0.22846441947479976,1.6003861003861004,0.0,0.0,0.2692307692204142
68,mistral,19.23076923076923,40.28007889546352,0.24266666666601958,1.5047106325706594,0.0,0.0,0.3076923076844182
69,mistral,14.69047619047619,63.499433106575964,0.237179487178727,1.446843853820598,0.6666666666507937,0.11904761904478459,0.6428571428418368
69,mistral,14.666666666666666,30.88888888888889,0.18047337278053116,1.513719512195122,0.0,0.0,0.48888888887802473
69,mistral,14.439024390243903,21.31945270672219,0.18092105263098382,1.4855687606112054,0.0,0.0,0.5853658536442594
69,mistral,15.425,30.444375,0.2006688963203991,1.3522727272727273,0.0,0.0,0.64999999998375
69,mistral,18.161290322580644,40.651404786680544,0.2175438596483595,1.452930728241563,0.0,0.0,0.41935483869614987
70,mistral,17.310344827586206,54.07609988109394,0.21093749999917605,1.5751503006012024,0.0,0.0,0.20689655171700358
70,mistral,20.48,34.9696,0.1724137931027877,1.5854616895874263,0.1599999999936,0.0,0.1599999999936
70,mistral,18.24,44.2624,0.1869565217383176,1.5518763796909492,0.0,0.0,0.0399999999984
70,mistral,18.607142857142858,51.88137755102041,0.2419928825614164,1.5461538461538462,0.0,0.0,0.14285714285204082
70,mistral,20.620689655172413,34.99405469678954,0.21118012422294666,1.6421404682274248,0.0,0.0,0.3448275861950059
71,mistral,17.451612903225808,47.53798126951092,0.20425531914806702,1.3475836431226766,0.5161290322414152,0.0,0.7096774193319458
71,mistral,14.512820512820513,20.454963839579225,0.13899613899560234,1.4148936170212767,0.4102564102458909,0.02564102564036818,0.46153846152662725
71,mistral,24.321428571428573,80.28954081632652,0.18300653594711436,1.3220588235294117,0.0,0.0,0.49999999998214284
71,mistral,16.387096774193548,46.94693028095733,0.17672413793027275,1.3609467455621302,0.3870967741810614,0.09677419354526536,0.6774193548168574
71,mistral,11.044444444444444,52.931358024691356,0.22692307692220415,1.4202898550724639,0.5333333333214815,0.06666666666518518,0.5111111110997532
72,mistral,20.5,46.333333333333336,0.27391304347706996,1.6341463414634145,0.0,0.3333333333194444,0.12499999999479167
72,mistral,25.962962962962962,59.368998628257884,0.26098901098829397,1.66189111747851,0.14814814814266117,0.0,0.11111111110699588
72,mistral,23.076923076923077,60.84023668639053,0.19867549668808387,1.620748299319728,0.0,0.0,0.2692307692204142
72,mistral,16.37837837837838,42.34331628926225,0.26687116564335317,1.6978297161936562,0.0,0.0,0.21621621621037254
72,mistral,17.21875,29.9208984375,0.2432432432424215,1.6062846580406653,0.0,0.0,0.18749999999414066
73,mistral,14.529411764705882,64.83737024221453,0.2638297872329199,1.4061855670103092,0.9999999999705883,0.1470588235250865,0.49999999998529415
73,mistral,11.608695652173912,38.9773156899811,0.25199999999899203,1.4619883040935673,0.9565217391096409,0.1956521739087902,0.4347826086862004
73,mistral,12.507936507936508,53.10707986898462,0.2485875706207667,1.3801324503311259,0.6984126984016126,0.19047619047316705,0.5396825396739733
73,mistral,14.204545454545455,49.88997933884297,0.2482993197270466,1.4674267100977199,0.8181818181632232,0.0909090909070248,0.3181818181745868
73,mistral,12.976744186046512,60.022714981070855,0.26428571428477043,1.3759124087591241,1.3953488371768525,0.04651162790589508,0.4418604651060033
74,mistral,15.137931034482758,45.77407847800237,0.21904761904657596,1.4508009153318078,0.06896551723900118,0.0,0.5172413792925089
74,mistral,17.52777777777778,43.58256172839506,0.20640569394944341,1.4465709728867624,0.0,0.0,0.3611111111010803
74,mistral,11.511111111111111,39.18320987654321,0.19548872180377636,1.5303643724696356,0.8444444444256791,0.06666666666518518,0.46666666665629636
74,mistral,14.263157894736842,30.088642659279774,0.22592592592508917,1.4962686567164178,0.47368421051385046,0.07894736841897508,0.4473684210408588
74,mistral,10.58695652173913,30.45982986767487,0.1653846153839793,1.5809128630705394,0.17391304347448017,0.0,0.4347826086862004
75,mistral,24.18918918918919,64.63988312636961,0.1818181818177686,1.4899328859060403,0.0,0.0,0.2702702702629657
75,mistral,12.564102564102564,42.45101906640369,0.18257261410712627,1.453416149068323,0.3076923076844182,0.10256410256147272,0.43589743588625907
75,mistral,17.1,42.55666666666666,0.2222222222213404,1.4039215686274509,0.0,0.0,0.2666666666577778
75,mistral,14.96551724137931,38.99881093935791,0.20930232558042186,1.444700460829493,0.06896551723900118,0.06896551723900118,0.17241379309750296
75,mistral,16.178571428571427,34.3609693877551,0.21940928269949617,1.479028697571744,0.07142857142602041,0.0,0.357142857130102
76,mistral,11.058823529411764,22.231833910034602,0.11904761904691044,1.332425068119891,1.058823529380623,0.08823529411505192,0.38235294116522495
76,mistral,19.333333333333332,46.282828282828284,0.17391304347763076,1.3742138364779874,0.24242424241689625,0.0,0.30303030302112033
76,mistral,11.0,26.413793103448278,0.208791208790444,1.2952380952380953,0.6206896551617123,0.12068965517033295,0.5172413793014269
76,mistral,17.125,42.171875,0.1865079365071964,1.3413729128014842,0.18749999999414066,0.0,0.4062499999873047
76,mistral,16.575757575757574,90.48668503213958,0.17557251908329935,1.4322344322344323,0.3636363636253444,0.0,0.33333333332323234
77,mistral,16.38888888888889,45.23765432098765,0.1864406779654697,1.4779661016949153,0.0,0.05555555555401235,0.4444444444320988
77,mistral,15.525,25.699375000000003,0.16981132075418298,1.4569105691056912,0.0999999999975,0.0,0.34999999999125003
77,mistral,10.26530612244898,24.76634735526864,0.20408163265222826,1.3830645161290323,0.24489795917867557,0.02040816326488963,0.36734693876801333
77,mistral,15.289473684210526,37.731994459833786,0.17808219178021206,1.4065743944636677,0.10526315789196677,0.0,0.23684210525692523
77,mistral,18.071428571428573,19.56632653061224,0.17063492063424351,1.4229249011857708,0.07142857142602041,0.0,0.39285714284311224
78,mistral,13.512195121951219,31.957168352171323,0.1921708185046542,1.4972577696526508,0.341463414625818,0.04878048780368829,0.341463414625818
78,mistral,13.204545454545455,62.93543388429753,0.2724358974350243,1.4991304347826087,0.227272727267562,0.0909090909070248,0.454545454535124
78,mistral,17.555555555555557,76.08024691358023,0.2521994134889965,1.515055467511886,0.2222222222160494,0.0,0.1111111111080247
78,mistral,14.95,24.247499999999995,0.2126245847169016,1.4914383561643836,0.34999999999125003,0.07499999999812501,0.37499999999062505
78,mistral,15.15,23.527500000000003,0.22491349480891035,1.4162520729684909,0.04999999999875,0.0,0.44999999998875007
79,mistral,16.448275862068964,42.66111771700356,0.16450216450145239,1.4978813559322033,0.06896551723900118,0.0,0.5172413792925089
79,mistral,16.866666666666667,67.51555555555555,0.21900826446190494,1.3976143141153081,0.0,0.0,0.4333333333188889
79,mistral,14.466666666666667,25.782222222222224,0.15238095238022675,1.4441860465116279,0.0,0.0,0.5333333333155555
79,mistral,23.681818181818183,46.489669421487605,0.215384615383787,1.5953757225433527,0.09090909090495868,0.0,0.2272727272623967
79,mistral,19.76,58.74239999999999,0.14682539682481419,1.460446247464503,0.0,0.0,0.3199999999872
80,mistral,16.048780487804876,56.875669244497324,0.18181818181761186,1.4855403348554033,0.09756097560737657,0.024390243901844143,0.36585365852766216
80,mistral,14.875,23.046875,0.2572614107873143,1.5094736842105263,0.0,0.0,0.24999999999218753
80,mistral,15.484848484848484,26.7346189164371,0.1686274509797309,1.4715127701375246,0.0,0.0,0.2727272727190083
80,mistral,16.10810810810811,35.501826150474805,0.14754098360607365,1.4880952380952381,0.10810810810518627,0.0,0.2702702702629657
81,mistral,21.666666666666668,57.33333333333334,0.19280205655477428,1.465982028241335,0.0,0.0,0.3055555555470679
81,mistral,12.916666666666666,37.57638888888889,0.15646258503348143,1.280388978930308,0.3333333333263889,0.08333333333159723,0.6874999999856771
81,mistral,18.857142857142858,52.69387755102041,0.20195439739347898,1.3727272727272728,0.11428571428244899,0.0,0.5714285714122449
81,mistral,16.16216216216216,86.73046018991965,0.17490494296511444,1.3183333333333334,0.6486486486311177,0.18918918918407598,0.6216216216048212
81,mistral,11.65,18.927500000000002,0.16585365853577633,1.409871244635193,0.0,0.0,0.724999999981875
82,mistral,14.904761904761905,30.99092970521542,0.20860927152248807,1.4184168012924072,0.0,0.0,0.4047619047522676
82,mistral,18.71875,21.9521484375,0.23566878980816666,1.569983136593592,0.0,0.0,0.3124999999902344
82,mistral,16.733333333333334,29.46222222222222,0.2841328413273648,1.551792828685259,0.0,0.0,0.4333333333188889
82,mistral,14.275,28.599375,0.20447284344982597,1.5283687943262412,0.24999999999375003,0.0,0.199999999995
82,mistral,17.46875,33.9990234375,0.23272727272642646,1.4355716878402904,0.0,0.0,0.34374999998925787
83,mistral,14.621621621621621,30.613586559532507,0.2359154929569158,1.433579335793358,0.0,0.0,0.29729729728926224
83,mistral,15.970588235294118,35.32266435986159,0.22027972027895007,1.503717472118959,0.0,0.0,0.08823529411505192
83,mistral,16.17948717948718,42.91650230111768,0.1477987421379,1.3885350318471337,0.0,0.0,0.35897435896515456
83,mistral,20.48148148148148,61.434842249657066,0.20547945205409082,1.5081967213114753,0.14814814814266117,0.03703703703566529,0.07407407407133058
83,mistral,22.037037037037038,55.22085048010973,0.18152866241980406,1.4627118644067796,0.0,0.0,0.11111111110699588
84,mistral,12.6875,28.96484375,0.23178807946943117,1.3356164383561644,0.749999999984375,0.14583333333029516,0.3541666666592882
84,mistral,12.26,35.232400000000005,0.19014084506975304,1.3344425956738768,0.6799999999864,0.11999999999760001,0.39999999999200003
84,mistral,11.836363636363636,32.1004958677686,0.23569023568944214,1.3022151898734178,0.7636363636224794,0.09090909090743803,0.5818181818076034
84,mistral,10.6875,20.381510416666668,0.23571428571344388,1.4442231075697212,0.4999999999895834,0.08333333333159723,0.45833333332378473
84,mistral,10.694915254237289,50.44929617925884,0.19999999999935483,1.401639344262295,0.8474576271042804,0.25423728813128416,0.33898305084171215
85,mistral,14.352941176470589,42.6401384083045,0.13080168776316117,1.4103092783505156,0.294117647050173,0.0,0.3529411764602077
85,mistral,17.032258064516128,38.998959417273674,0.18490566037666073,1.4740882917466411,0.1290322580603538,0.0,0.2580645161207076
85,mistral,12.444444444444445,33.00246913580247,0.1660899653973492,1.32486388384755,0.22222222221728397,0.0,0.28888888888246916
85,mistral,13.104166666666666,38.13498263888889,0.18060200668835918,1.4365971107544142,0.12499999999739585,0.041666666665798616,0.3749999999921875
85,mistral,16.40625,47.8037109375,0.12399999999950401,1.471264367816092,0.12499999999609376,0.0,0.43749999998632816
86,mistral,18.22222222222222,64.32098765432099,0.1882352941169089,1.5679012345679013,0.22222222221399177,0.0,0.14814814814266117
86,mistral,13.78048780487805,32.951814396192745,0.21739130434709902,1.5474060822898033,0.09756097560737657,0.0,0.14634146341106485
86,mistral,16.783783783783782,53.57487216946676,0.17956656346693634,1.535303776683087,0.10810810810518627,0.08108108107888971,0.21621621621037254
86,mistral,18.63888888888889,78.73070987654322,0.1598837209297678,1.5421686746987953,0.2222222222160494,0.05555555555401235,0.19444444443904324
86,mistral,17.7027027027027,67.61431701972244,0.1746987951801967,1.551301684532925,0.21621621621037254,0.0,0.29729729728926224
87,mistral,15.148148148148149,33.68175582990398,0.2599999999987,1.4107579462102688,0.0,0.11111111110699588,0.22222222221399177
87,mistral,16.66,46.3844,0.22105263157836566,1.3863912515188335,0.0799999999984,0.0399999999992,0.5399999999892
87,mistral,20.85185185185185,88.34842249657065,0.17557251908329935,1.3589285714285715,0.14814814814266117,0.03703703703566529,0.29629629628532234
87,mistral,18.391304347826086,95.89035916824197,0.25242718446479406,1.3767772511848342,0.0,0.0,0.39130434780907375
87,mistral,12.58974358974359,38.95989480604865,0.20078740157401265,1.3987603305785123,0.20512820512294544,0.07692307692110455,0.2564102564036818
88,mistral,14.311111111111112,32.036543209876534,0.25174825174737153,1.365203761755486,0.0,0.04444444444345679,0.6666666666518519
88,mistral,16.045454545454547,34.179752066115704,0.1863354037261294,1.3574468085106384,0.0,0.0,0.681818181802686
88,mistral,14.316666666666666,42.14972222222222,0.17128463476027384,1.3442240373395566,0.0,0.0,0.7333333333211112
88,mistral,16.227272727272727,38.90289256198347,0.22222222222155488,1.3851540616246498,0.0,0.0,0.5454545454421488
88,mistral,14.150943396226415,33.52438590245639,0.24438202247122365,1.3751668891855808,0.0,0.0,0.6037735848942685
89,mistral,21.06896551724138,80.54696789536266,0.1740614334465049,1.4271685761047463,0.13793103447800237,0.03448275861950059,0.37931034481450654
89,mistral,12.051282051282051,21.94608809993425,0.1516587677717931,1.451063829787234,0.0,0.0,0.5128205128073636
89,mistral,11.658536585365853,19.785841760856634,0.1574074074066787,1.3200836820083681,0.0,0.0,0.4878048780368828
89,mistral,21.6,52.96,0.18749999999921876,1.2796296296296297,0.8799999999648,0.1599999999936,0.4399999999824
89,mistral,20.51851851851852,35.731138545953364,0.16479400749001952,1.4086799276672695,0.0,0.0,0.44444444442798353
90,mistral,14.047619047619047,38.426303854875286,0.2260061919497647,1.5051194539249146,0.28571428570748303,0.047619047617913836,0.28571428570748303
90,mistral,16.228571428571428,44.86204081632652,0.25483870967659733,1.5432098765432098,0.057142857141224496,0.028571428570612248,0.22857142856489798
90,mistral,18.387096774193548,37.140478668054115,0.26984126984041323,1.4463971880492092,0.0,0.0,0.3548387096659729
90,mistral,22.29032258064516,79.04474505723205,0.21965317919011662,1.4840579710144928,0.0,0.0,0.290322580635796
90,mistral,15.511111111111111,33.094320987654314,0.1834319526621792,1.3638968481375358,0.0,0.0,0.5555555555432099
91,mistral,13.275862068965518,25.234244946492268,0.16751269035447963,1.574025974025974,0.27586206895600474,0.0,0.20689655171700358
91,mistral,20.428571428571427,29.173469387755098,0.22393822393735932,1.446584938704028,0.0,0.0,0.42857142855612246
91,mistral,12.227272727272727,45.175619834710744,0.16731517509662525,1.4384328358208955,0.227272727267562,0.0,0.3181818181745868
91,mistral,11.955555555555556,13.953580246913578,0.15510204081569348,1.479553903345725,0.13333333333037037,0.0,0.46666666665629636
91,mistral,11.772727272727273,18.90289256198347,0.19999999999925927,1.5802707930367506,0.0909090909070248,0.0,0.227272727267562
92,mistral,14.405405405405405,79.48429510591673,0.175999999999296,1.3460803059273423,0.054054054052593135,0.10810810810518627,0.5135135134996348
92,mistral,17.805555555555557,51.15663580246914,0.18478260869498267,1.330683624801272,0.3888888888780865,0.027777777777006175,0.6944444444251544
92,mistral,20.032258064516128,39.192507804370436,0.22442244224348376,1.413290113452188,0.0,0.0,0.5483870967565037
92,mistral,16.642857142857142,52.30102040816327,0.21818181818082646,1.4793028322440087,0.14285714285204082,0.0,0.4642857142691327
92,mistral,14.92,43.553599999999996,0.2031746031739582,1.3170731707317074,0.0799999999984,0.0,0.699999999986
93,mistral,18.181818181818183,14.421487603305781,0.19626168224207355,1.5639097744360901,0.0,0.0,0.272727272714876
93,mistral,16.392857142857142,31.95280612244898,0.18220338982973644,1.4192139737991267,0.0,0.0,0.21428571427806123
93,mistral,17.78125,36.9208984375,0.1850533807822596,1.3859649122807018,0.0,0.0,0.3124999999902344
93,mistral,23.82608695652174,72.83931947069941,0.1815068493144469,1.614814814814815,0.08695652173534972,0.0,0.08695652173534972
93,mistral,20.8,37.52,0.132352941175984,1.5134615384615384,0.0,0.0,0.0799999999968
94,mistral,20.52,54.4096,0.19202898550655062,1.5568627450980392,0.1599999999936,0.0,0.0799999999968
94,mistral,17.8,43.89333333333333,0.16165413533773815,1.5047258979206048,0.0,0.0,0.2666666666577778
94,mistral,12.424242424242424,45.09274563820019,0.22767857142755502,1.5829268292682928,0.0,0.03030303030211203,0.0
94,mistral,18.833333333333332,29.55555555555556,0.21834061135275834,1.599109131403118,0.0,0.0,0.0833333333298611
94,mistral,15.911111111111111,80.16987654320988,0.1639344262290603,1.5259467040673211,0.08888888888691358,0.0,0.19999999999555557
95,mistral,15.048780487804878,31.022010707911964,0.20265780730829683,1.457516339869281,0.0,0.0,0.512195121938727
95,mistral,18.607142857142858,40.80994897959183,0.2737226277362273,1.535294117647059,0.0,0.0,0.21428571427806123
95,mistral,15.4,28.125714285714285,0.23371647509489,1.5257142857142858,0.685714285694694,0.0,0.31428571427673474
95,mistral,25.40740740740741,64.38957475994513,0.20180722891505481,1.4306569343065694,0.07407407407133058,0.0,0.18518518517832647
95,mistral,20.571428571428573,42.24489795918367,0.29059829059746267,1.4860335195530727,0.5142857142710204,0.0,0.28571428570612245
96,mistral,23.0,45.36842105263158,0.19905213270047845,1.374712643678161,0.0,0.0,0.26315789472299167
96,mistral,22.846153846153847,93.13017751479289,0.1707317073164783,1.3873720136518772,0.0,0.0,0.3846153846005917
96,mistral,19.02857142857143,46.59918367346938,0.1938461538455574,1.4253048780487805,0.0,0.0,0.39999999998857144
96,mistral,27.36,130.3904,0.21474358974290148,1.2763157894736843,0.0,0.0,0.399999999984
96,mistral,26.555555555555557,51.0246913580247,0.24513618676947418,1.5125523012552302,0.0,0.0,0.2777777777623457
97,mistral,16.20689655172414,28.1640903686088,0.2435897435887026,1.5450643776824033,0.0,0.0,0.24137931033650417
97,mistral,15.871794871794872,46.368178829717294,0.2809364548485587,1.4297385620915033,0.0,0.0,0.7692307692110454
97,mistral,13.475,27.199374999999996,0.26086956521636023,1.4379699248120301,0.0,0.0,0.47499999998812503
97,mistral,20.571428571428573,36.24489795918367,0.21951219512128198,1.4708333333333334,0.0,0.0,0.4857142857004082
97,mistral,13.411764705882353,17.83044982698962,0.2252252252242107,1.592511013215859,0.0,0.0,0.4705882352802769
98,mistral,20.076923076923077,25.99408284023669,0.1704545454538998,1.5775193798449612,0.0,0.0,0.19230769230029585
98,mistral,21.37037037037037,41.34430727023319,0.2152317880787575,1.5894736842105264,0.14814814814266117,0.0,0.22222222221399177
98,mistral,15.8,72.66,0.24085365853585106,1.488,0.34999999999125003,0.04999999999875,0.37499999999062505
98,mistral,18.392857142857142,41.73852040816327,0.13779527559000868,1.572549019607843,0.0,0.035714285713010205,0.21428571427806123
98,mistral,16.61764705882353,35.58910034602076,0.2918032786875679,1.5410714285714286,0.05882352941003461,0.0,0.08823529411505192
99,mistral,17.9,68.35666666666665,0.19029850746197652,1.5234521575984992,0.0,0.0,0.3333333333222222
99,mistral,14.303030303030303,38.27180899908173,0.1576576576569475,1.3834745762711864,0.06060606060422406,0.0,0.5151515151359045
99,mistral,15.771428571428572,49.204897959183675,0.19083969465576017,1.44,0.0,0.0,0.42857142855918373
99,mistral,23.074074074074073,120.36488340192042,0.216718266253199,1.4871382636655948,0.14814814814266117,0.0,0.25925925924965704
99,mistral,17.458333333333332,25.248263888888886,0.18571428571340137,1.5728155339805825,0.0,0.0,0.4166666666493056
100,mistral,17.605263157894736,21.291551246537395,0.16618911174737483,1.4728915662650603,0.0,0.0,0.3684210526218837
100,mistral,15.714285714285714,29.41836734693877,0.19230769230687048,1.5593607305936072,0.0,0.0,0.39285714284311224
100,mistral,22.03846153846154,45.960059171597635,0.14864864864814648,1.5323992994746058,0.0,0.0,0.23076923076035502
100,mistral,19.035714285714285,24.463010204081634,0.28373702422047153,1.5733082706766917,0.0,0.0,0.28571428570408164
100,mistral,19.8,28.08,0.1610486891379736,1.5723014256619146,0.0,0.0,0.3199999999872
101,mistral,14.4,44.69714285714286,0.21311475409748723,1.3777335984095427,0.22857142856489798,0.0,0.22857142856489798
101,mistral,16.568627450980394,33.02960399846213,0.19889502762375996,1.335308056872038,0.0,0.0,0.6666666666535949
101,mistral,15.68421052631579,28.637119113573405,0.20930232558058412,1.3154362416107384,0.0,0.0,0.6578947368247923
101,mistral,20.75862068965517,41.907253269916765,0.21254355400622807,1.4130434782608696,0.0,0.0,0.3448275861950059
101,mistral,18.210526315789473,44.37673130193906,0.19558359621389407,1.3309248554913296,0.0,0.0,0.5526315789328256
102,mistral,23.583333333333332,109.57638888888887,0.14028776978366803,1.3683274021352314,0.0,0.04166666666493055,0.2083333333246528
102,mistral,28.72222222222222,68.42283950617283,0.1793103448269679,1.5952848722986248,0.11111111110493826,0.0,0.1666666666574074
102,mistral,26.523809523809526,46.820861678004526,0.17667844522905768,1.4530685920577617,0.0,0.0,0.0
102,mistral,22.31578947368421,60.95290858725761,0.20179372197218928,1.491686460807601,0.0,0.0,0.21052631577839334
102,mistral,15.764705882352942,39.17993079584775,0.17100371747148327,1.4127579737335836,0.11764705882006922,0.0,0.4705882352802769
103,mistral,20.545454545454547,53.33884297520661,0.2687224669591686,1.5202702702702702,0.0,0.0,0.31818181816735536
103,mistral,21.392857142857142,24.595663265306122,0.2581699346396792,1.5315161839863713,0.14285714285204082,0.0,0.32142857141709186
103,mistral,13.81081081081081,61.504747991234495,0.2420634920625315,1.448207171314741,0.0,0.0,0.4324324324207451
103,mistral,14.605263157894736,36.29155124653739,0.2304832713746079,1.4936708860759493,0.0,0.0,0.3684210526218837
103,mistral,12.45,54.34749999999999,0.2375478927193964,1.4765784114052953,0.14999999999625002,0.0,0.5249999999868751
104,mistral,17.058823529411764,57.584775086505196,0.1947194719465521,1.4344827586206896,0.05882352941003461,0.0,0.44117647057525955
104,mistral,17.485714285714284,35.84979591836734,0.1821192052974102,1.455592105263158,0.0,0.0,0.42857142855918373
104,mistral,15.186046511627907,60.849107625743635,0.18154761904707872,1.4735202492211839,0.2325581395294754,0.0,0.30232558138831805
104,mistral,17.21212121212121,36.16712580348944,0.18613138686063457,1.3650793650793651,0.0,0.0,0.4848484848337925
104,mistral,18.103448275862068,41.47205707491083,0.2213740458006818,1.3950381679389312,0.0,0.0,0.3448275861950059
105,mistral,17.444444444444443,40.52469135802469,0.21337579617766442,1.3961661341853036,0.0,0.0,0.3055555555470679
105,mistral,21.84375,45.1943359375,0.2219020172904268,1.504297994269341,0.0,0.0,0.43749999998632816
105,mistral,15.571428571428571,23.730612244897955,0.2129963898909278,1.5363128491620113,0.22857142856489798,0.028571428570612248,0.45714285712979597
105,mistral,25.76,71.62240000000001,0.25249169435132063,1.4090202177293936,0.0,0.0,0.399999999984
105,mistral,16.71875,41.4521484375,0.2510288065833291,1.4161958568738229,0.0,0.0,0.5312499999833985
106,mistral,18.4,27.373333333333335,0.16498316498260948,1.489833641404806,0.1333333333288889,0.0,0.2666666666577778
106,mistral,14.6,43.973333333333336,0.20087336244453768,1.4851258581235698,0.0,0.0,0.3333333333222222
106,mistral,16.166666666666668,21.361111111111107,0.20092378752840434,1.4341801385681294,0.03703703703635117,0.0,0.33333333332716053
106,mistral,20.322580645161292,31.44432882414152,0.21316614419995875,1.4297124600638977,0.0,0.0,0.22580645160561916
106,mistral,16.375,21.934375,0.16969696969645548,1.3721286370597243,0.04999999999875,0.0,0.324999999991875
107,mistral,16.0,35.470588235294116,0.18081180811741399,1.5205223880597014,0.4705882352802769,0.0,0.44117647057525955
107,mistral,15.96551724137931,64.86087990487515,0.2267657992556626,1.6425438596491229,0.41379310343400716,0.0,0.24137931033650417
107,mistral,19.391304347826086,67.62948960302458,0.24669603524120398,1.5846501128668171,0.608695652147448,0.0,0.39130434780907375
107,mistral,12.914893617021276,46.88637392485286,0.16716417910397863,1.6281407035175879,0.7659574467922138,0.10638297872114079,0.21276595744228158
107,mistral,17.03448275862069,58.99881093935791,0.25482625482527094,1.6687116564417177,0.20689655171700358,0.0,0.13793103447800237
108,mistral,17.2,26.76,0.21235521235439245,1.3914728682170543,0.1333333333288889,0.0,0.4666666666511111
108,mistral,15.272727272727273,28.622589531680443,0.24398625429469423,1.4770459081836327,0.0,0.0,0.1818181818126722
108,mistral,11.525,29.249374999999997,0.2155172413783814,1.4934497816593886,0.199999999995,0.0999999999975,0.44999999998875007
108,mistral,15.78125,35.6708984375,0.25899280575446404,1.5657370517928286,0.0,0.0,0.34374999998925787
108,mistral,14.692307692307692,37.828402366863905,0.22580645161186266,1.563157894736842,0.07692307692011835,0.0,0.2692307692204142
109,mistral,13.072727272727272,42.46743801652893,0.179894179893704,1.3607503607503608,0.6181818181705786,0.07272727272595042,0.4909090909001653
109,mistral,17.35135135135135,47.41709276844412,0.14950166112907143,1.4059561128526645,0.4324324324207451,0.08108108107888971,0.48648648647333825
109,mistral,14.033898305084746,61.422579718471695,0.17402597402552203,1.474390243902439,0.5423728813467394,0.06779661016834243,0.45762711863631145
109,mistral,9.915254237288135,29.399597816719332,0.18881118881052864,1.3321799307958477,0.2033898305050273,0.10169491525251365,0.6101694915150819
109,mistral,10.46031746031746,22.121441169060223,0.22847682119129645,1.349618320610687,0.5396825396739733,0.03174603174552784,0.5238095238012094
110,mistral,11.657894736842104,35.54085872576178,0.27312775330276157,1.4462242562929062,0.05263157894598339,0.05263157894598339,0.5263157894598338
110,mistral,12.66,45.344399999999986,0.1655405405399813,1.358428805237316,0.39999999999200003,0.19999999999600002,0.5399999999892
110,mistral,13.282608695652174,58.46361058601135,0.18506493506433422,1.456198347107438,0.47826086955482044,0.1304347826058601,0.3260869565146503
110,mistral,13.21951219512195,59.00059488399762,0.21799307958402078,1.509469696969697,0.8780487804663891,0.09756097560737657,0.36585365852766216
110,mistral,11.9375,24.975260416666668,0.17687074829871813,1.5451263537906137,0.2499999999947917,0.10416666666449653,0.2499999999947917
111,mistral,22.08,23.753600000000002,0.13833992094806982,1.411978221415608,0.0,0.0,0.2799999999888
111,mistral,11.862745098039216,28.54978854286812,0.24999999999905304,1.3411371237458194,0.03921568627374087,0.03921568627374087,0.5098039215586313
111,mistral,25.90909090909091,50.74931129476583,0.22538860103568553,1.3461988304093566,0.0,0.0,0.30303030302112033
111,mistral,21.36,41.9904,0.22556390977358812,1.450281425891182,0.0,0.0,0.5199999999792
111,mistral,17.54054054054054,31.329437545653768,0.20937499999934572,1.3539412673879443,0.0,0.0,0.6216216216048212
112,mistral,20.76,40.9824,0.18725099601519024,1.466796875,0.0,0.0,0.2399999999904
112,mistral,19.703703703703702,42.20850480109739,0.19923371647433244,1.4651600753295668,0.0,0.0,0.18518518517832647
112,mistral,18.64,35.430400000000006,0.15767634854706358,1.4396551724137931,0.0,0.0,0.4399999999824
112,mistral,15.794117647058824,27.86937716262976,0.2415094339613528,1.3703007518796992,0.0,0.05882352941003461,0.38235294116522495
112,mistral,14.69047619047619,48.975623582766445,0.2006688963203991,1.3251231527093597,0.19047619047165534,0.07142857142687076,0.47619047617913834
113,mistral,14.428571428571429,39.76870748299319,0.18749999999934897,1.375,0.6666666666507937,0.09523809523582767,0.6190476190328799
113,mistral,15.88888888888889,39.876543209876544,0.200913242008215,1.494061757719715,0.14814814814266117,0.0,0.40740740739231823
113,mistral,14.5625,64.43359375,0.21818181818082646,1.381578947368421,0.49999999998437505,0.06249999999804688,0.562499999982422
113,mistral,14.833333333333334,50.749999999999986,0.20532319391556914,1.4819047619047618,0.2222222222160494,0.027777777777006175,0.472222222209105
113,mistral,13.375,61.796875,0.19999999999904763,1.381294964028777,0.3124999999902344,0.03124999999902344,0.49999999998437505
114,mistral,22.0625,105.74609375,0.1896551724132481,1.5405405405405406,0.24999999999218753,0.03124999999902344,0.281249999991211
114,mistral,13.657894736842104,46.06717451523546,0.20676691729245578,1.5689320388349515,0.47368421051385046,0.13157894736495845,0.3684210526218837
114,mistral,14.755555555555556,68.85135802469136,0.2309941520461082,1.4732824427480915,0.26666666666074074,0.19999999999555557,0.28888888888246916
114,mistral,17.193548387096776,64.09157127991676,0.214285714284949,1.5348399246704332,0.32258064515088447,0.1935483870905307,0.3548387096659729
114,mistral,19.857142857142858,59.40816326530612,0.20955882352864133,1.539855072463768,0.357142857130102,0.10714285713903061,0.32142857141709186
115,mistral,12.25531914893617,39.12630149388864,0.20306513409883883,1.3155080213903743,0.29787234041919425,0.04255319148845632,0.5744680850941603
115,mistral,11.955555555555556,29.46469135802469,0.21031746031662574,1.3489681050656661,0.08888888888691358,0.022222222221728396,0.6222222222083951
115,mistral,12.224489795918368,44.582257392753014,0.24999999999910716,1.3668941979522184,0.5306122448871304,0.10204081632444816,0.7142857142711371
115,mistral,12.634146341463415,41.3051754907793,0.2798353909453505,1.3019607843137255,0.5365853658405711,0.07317073170553243,0.5365853658405711
115,mistral,15.0,51.45454545454545,0.1749999999995139,1.3693251533742332,0.5090909090816529,0.054545454544462815,0.5272727272631406
116,mistral,15.424242424242424,27.82001836547291,0.18072289156553928,1.5533596837944663,0.0,0.0,0.5454545454380166
116,mistral,19.2,50.80000000000001,0.19230769230687048,1.5041666666666667,0.0,0.0,0.2399999999904
116,mistral,18.32,56.45759999999999,0.20535714285622608,1.5748898678414096,0.0,0.0,0.199999999992
116,mistral,21.25,48.25,0.20062695924701998,1.5393759286775632,0.0,0.06249999999804688,0.49999999998437505
116,mistral,15.419354838709678,21.017689906347552,0.17748917748840914,1.5789473684210527,0.0,0.0,0.6129032257866805
117,mistral,19.043478260869566,38.30245746691871,0.22123893805211842,1.4508009153318078,0.17391304347069944,0.04347826086767486,0.3478260869413989
117,mistral,16.896551724137932,56.16171224732461,0.25842696629116696,1.4815573770491803,0.13793103447800237,0.06896551723900118,0.3448275861950059
117,mistral,23.823529411764707,69.20415224913495,0.20707070706966127,1.5477386934673367,0.0,0.0,0.470588235266436
117,mistral,20.076923076923077,26.840236686390533,0.24913494809602377,1.5135135135135136,0.0,0.0,0.07692307692011835
117,mistral,18.48,20.4096,0.1581196581189824,1.50109409190372,0.0,0.0,0.0799999999968
118,mistral,23.52,70.08959999999999,0.23741007194159205,1.477815699658703,0.0,0.0,0.4799999999808
118,mistral,24.92,32.473600000000005,0.1914191419135597,1.497584541062802,0.0799999999968,0.0,0.5599999999776
118,mistral,16.0,80.16666666666667,0.1886120996434569,1.5,0.3333333333240741,0.027777777777006175,0.4166666666550926
118,mistral,23.304347826086957,63.95085066162571,0.2366412213731426,1.4906716417910448,0.0,0.0,0.6521739130151228
118,mistral,14.210526315789474,36.53462603878116,0.20754716981053756,1.4205607476635513,0.2631578947299169,0.05263157894598339,0.6315789473518006
119,mistral,18.548387096774192,92.37669094693028,0.1462450592879595,1.3971377459749552,0.6451612903017689,0.0,0.4516129032112383
119,mistral,17.647058823529413,112.22837370242213,0.18085106382914592,1.4824120603015076,0.4705882352802769,0.0,0.38235294116522495
119,mistral,14.045454545454545,41.90702479338842,0.1496598639450692,1.4401294498381878,0.4090909090816116,0.0227272727267562,0.340909090901343
119,mistral,14.413793103448276,27.277051129607607,0.13953488372028125,1.6339712918660287,0.3448275861950059,0.0,0.41379310343400716
119,mistral,14.848484848484848,42.37098255280074,0.16525423728743538,1.563265306122449,0.24242424241689625,0.06060606060422406,0.6363636363443527
120,mistral,28.875,92.109375,0.1859504132223721,1.4478260869565218,0.0,0.0,0.3749999999765625
120,mistral,17.685714285714287,37.30122448979591,0.15202702702651344,1.5072933549432739,0.0,0.0,0.31428571427673474
120,mistral,26.45,81.4475,0.1890909090902215,1.5162523900573615,0.0,0.0,0.39999999998
120,mistral,24.434782608695652,62.593572778827976,0.18309859154865107,1.5099457504520795,0.0,0.0,0.43478260867674856
120,mistral,18.0,25.586206896551722,0.16803278688455725,1.4034749034749034,0.06896551723900118,0.0,0.48275862067300834
121,mistral,14.96875,22.5927734375,0.263374485595624,1.4126315789473685,0.0,0.09374999999707033,0.3749999999882813
121,mistral,17.88372093023256,26.10275824770146,0.25599999999931733,1.4408322496749024,0.0,0.0,0.7441860464943213
121,mistral,17.46938775510204,31.432736359850065,0.2536945812801633,1.4304093567251461,0.0,0.0,0.6326530612115786
121,mistral,16.714285714285715,49.58503401360544,0.220858895704844,1.412268188302425,0.0,0.047619047617913836,0.5714285714149661
122,mistral,23.2,93.66000000000001,0.17982456140272007,1.5088105726872247,0.499999999975,0.0499999999975,0.2499999999875
122,mistral,14.911764705882353,29.551038062283734,0.18146718146648083,1.562874251497006,0.23529411764013844,0.029411764705017305,0.26470588234515574
122,mistral,17.352941176470587,45.816608996539784,0.2027027027020179,1.5145797598627788,0.0,0.0,0.3529411764602077
122,mistral,18.384615384615383,45.36489151873767,0.22128851540554262,1.4714086471408647,0.1538461538422091,0.02564102564036818,0.3076923076844182
122,mistral,22.193548387096776,84.0270551508845,0.1952662721887714,1.4751461988304093,0.0,0.0,0.48387096772632676
123,mistral,16.363636363636363,54.23140495867769,0.22285714285650612,1.3807531380753137,0.2727272727210744,0.0681818181802686,0.2954545454478306
123,mistral,19.464285714285715,59.0344387755102,0.1730769230762574,1.4180478821362799,0.0,0.0,0.357142857130102
123,mistral,17.37142857142857,17.033469387755105,0.22945205479373476,1.4328358208955223,0.11428571428244899,0.028571428570612248,0.5428571428416327
123,mistral,16.25,36.973214285714285,0.1622807017536742,1.4533333333333334,0.14285714285204082,0.0,0.357142857130102
123,mistral,17.454545454545453,32.67217630853994,0.22140221402132323,1.3485915492957747,0.12121212120844813,0.0,0.6363636363443527
124,mistral,5.285714285714286,76.96598639455782,0.3490566037702919,1.045045045045045,0.0,0.0,0.23809523808390023
124,mistral,4.805555555555555,0.7121913580246915,0.2844036697221614,1.152046783625731,0.0,0.0,0.6111111110941359
124,mistral,3.2295081967213113,1.5210964794410111,0.13636363636294765,1.3197969543147208,0.22950819671754905,0.0,0.0
124,mistral,6.161290322580645,10.070759625390219,0.3315789473666759,1.0994764397905759,0.0,0.0,0.0
124,mistral,1.0444444444444445,0.042469135802469124,0.19565217391091683,1.3085106382978724,0.0,0.0,0.011111111110987655
125,mistral,16.517241379310345,62.249702734839474,0.17105263157819714,1.3898305084745763,0.06896551723900118,0.0,0.5172413792925089
125,mistral,12.53191489361702,19.22770484382073,0.18819188191812475,1.3642611683848798,0.08510638297691264,0.0,0.34042553190765057
125,mistral,14.476190476190476,29.96371882086168,0.2437275985654347,1.3512110726643598,0.14285714285374151,0.023809523808956918,0.4047619047522676
125,mistral,16.73170731707317,57.659726353361094,0.20127795527092243,1.3485967503692762,0.2439024390184414,0.024390243901844143,0.512195121938727
125,mistral,20.7,29.660000000000004,0.21534653465293233,1.3730255164034022,0.0999999999975,0.0,0.42499999998937504
126,mistral,18.17241379310345,49.65992865636147,0.21454545454467439,1.461089494163424,0.5517241379120095,0.0,0.48275862067300834
126,mistral,16.29268292682927,57.57287328970852,0.2147058823523097,1.396969696969697,0.3902439024295063,0.024390243901844143,0.43902439023319456
126,mistral,13.488888888888889,57.316543209876535,0.1700680272103059,1.410472972972973,0.44444444443456793,0.08888888888691358,0.35555555554765433
126,mistral,17.678571428571427,47.932397959183675,0.1895161290314939,1.4326530612244899,0.28571428570408164,0.0,0.357142857130102
126,mistral,18.233333333333334,52.04555555555556,0.19485294117575422,1.3869158878504673,0.4666666666511111,0.03333333333222222,0.19999999999333334
127,mistral,14.916666666666666,27.6875,0.16236162361563705,1.4176029962546817,0.3333333333240741,0.05555555555401235,0.27777777777006174
127,mistral,12.523809523809524,23.344671201814055,0.18305084745700662,1.455078125,0.0,0.0,0.30952380951643993
127,mistral,18.6,35.36000000000001,0.14406779660955904,1.4533622559652928,0.0,0.0,0.199999999992
127,mistral,17.23076923076923,39.61341222879685,0.17595307917836964,1.37987987987988,0.0,0.0,0.28205128204405
127,mistral,13.894736842105264,24.04155124653739,0.14396887159477056,1.4274809160305344,0.0,0.0,0.18421052631094184
128,mistral,18.04,41.7184,0.18461538461443788,1.4053452115812917,0.0,0.0,0.5199999999792
128,mistral,20.238095238095237,23.60997732426304,0.20765027322290902,1.3820754716981132,0.0,0.04761904761678005,0.5238095237845805
128,mistral,20.653846153846153,52.841715976331365,0.16355140186839462,1.2921348314606742,0.0,0.0,0.5769230769008876
128,mistral,18.782608695652176,60.77882797731569,0.1614583333324924,1.3903002309468822,0.0,0.0,0.5217391304120983
128,mistral,19.333333333333332,57.93650793650795,0.1271676300570684,1.3620689655172413,0.3809523809342404,0.0,0.3809523809342404
129,mistral,21.64,56.9504,0.1771217712170586,1.4222222222222223,0.0,0.0,0.3599999999856
129,mistral,21.9,30.889999999999997,0.22175732217480437,1.596774193548387,0.0,0.0,0.0499999999975
129,mistral,24.529411764705884,26.13148788927336,0.273972602738475,1.4508393285371703,0.0,0.0,0.117647058816609
129,mistral,20.565217391304348,38.680529300567116,0.1814345991553526,1.4207188160676534,0.0,0.0,0.3478260869413989
129,mistral,19.5,29.75,0.2660098522154384,1.3907455012853471,0.0,0.0,0.3499999999825
130,mistral,15.108108108108109,44.258582907231556,0.17842323651378247,1.2830540037243947,0.0,0.0,0.5675675675522279
130,mistral,17.967741935483872,27.192507804370454,0.2537878787869175,1.4201077199281866,0.0,0.0,0.48387096772632676
130,mistral,18.193548387096776,75.51092611862641,0.1983471074371969,1.3062730627306274,0.0,0.0,0.6451612903017689
130,mistral,10.306122448979592,30.62057476051645,0.214285714284621,1.3346855983772818,0.0,0.0,0.5714285714169096
130,mistral,12.901960784313726,26.362937331795465,0.2120141342748692,1.2657450076804915,0.0,0.0,0.764705882337947
131,mistral,16.93103448275862,39.098692033293695,0.22509225092167864,1.4916666666666667,0.13793103447800237,0.0,0.17241379309750296
131,mistral,18.70967741935484,54.27055150884497,0.2093023255807,1.4913194444444444,0.0,0.0,0.2580645161207076
131,mistral,15.787878787878787,22.773186409550046,0.15953307392934035,1.4050880626223092,0.0,0.0,0.2727272727190083
131,mistral,18.894736842105264,26.04155124653739,0.2543352601148719,1.3566433566433567,0.10526315789196677,0.0,0.4210526315678671
131,mistral,14.575757575757576,39.516988062442614,0.20799999999916802,1.4012605042016806,0.30303030302112033,0.0,0.21212121211478424
132,mistral,19.6,36.56,0.17355371900754732,1.5030674846625767,0.0,0.0,0.4399999999824
132,mistral,15.194444444444445,30.212191358024693,0.1760563380275491,1.5596330275229358,0.0,0.0,0.2222222222160494
132,mistral,17.45945945945946,27.005113221329438,0.18289085545668765,1.5124610591900312,0.0,0.0,0.21621621621037254
132,mistral,18.393939393939394,54.84481175390266,0.2099999999993,1.4578512396694214,0.0,0.03030303030211203,0.3939393939274564
132,mistral,14.806451612903226,42.28511966701353,0.23684210526211913,1.4716157205240175,0.0,0.0,0.3870967741810614
133,mistral,16.818181818181817,26.81542699724518,0.20289855072390256,1.46,0.1818181818126722,0.0,0.4242424242295685
133,mistral,19.833333333333332,21.416666666666668,0.20923913043421402,1.3994374120956399,0.05555555555401235,0.0,0.16666666666203706
133,mistral,20.035714285714285,41.891581632653065,0.20618556700960075,1.4018181818181819,0.07142857142602041,0.0,0.32142857141709186
133,mistral,15.277777777777779,33.367283950617285,0.21379310344753866,1.54,0.05555555555401235,0.0,0.4444444444320988
133,mistral,18.242424242424242,26.123048668503216,0.20819112627915293,1.3956594323873122,0.0,0.06060606060422406,0.33333333332323234
134,mistral,19.0,38.608695652173914,0.17156862745013937,1.494279176201373,0.0,0.0,0.39130434780907375
134,mistral,18.838709677419356,44.328824141519256,0.18749999999934897,1.4688581314878892,0.0,0.0,0.22580645160561916
134,mistral,20.04,38.4384,0.19354838709599376,1.4809619238476954,0.0,0.0,0.3599999999856
134,mistral,25.5,43.55,0.20158102766718744,1.5254901960784313,0.0,0.0,0.2499999999875
134,mistral,21.681818181818183,46.94421487603306,0.25210084033507524,1.6134453781512605,0.0,0.0,0.3636363636198347
135,mistral,13.405405405405405,29.268078889700508,0.21212121212040863,1.4979674796747968,0.0,0.0,0.18918918918407598
135,mistral,11.321428571428571,22.89668367346939,0.13157894736798822,1.3980582524271845,0.4642857142774235,0.01785714285682398,0.4464285714205995
135,mistral,13.6,35.739999999999995,0.17692307692239645,1.4291044776119404,0.0,0.0,0.29999999999250004
135,mistral,15.96551724137931,35.96432818073722,0.2259414225931969,1.5086580086580086,0.0,0.0,0.31034482757550536
136,mistral,15.620689655172415,25.61474435196195,0.2909836065561845,1.5299334811529934,0.0,0.0,0.20689655171700358
136,mistral,14.846153846153847,26.694280078895464,0.21474358974290148,1.466204506065858,0.1538461538422091,0.05128205128073636,0.3333333333247864
136,mistral,15.55,36.4975,0.21405750798653655,1.464926590538336,0.0,0.0,0.47499999998812503
136,mistral,15.34375,23.9755859375,0.23228346456601465,1.446985446985447,0.0,0.0,0.43749999998632816
136,mistral,17.454545454545453,32.005509641873275,0.24149659863863437,1.4868189806678382,0.0,0.0,0.4545454545316805
137,mistral,15.941176470588236,45.82006920415226,0.21126760563305894,1.4419475655430711,0.05882352941003461,0.0,0.294117647050173
137,mistral,17.0,24.823529411764707,0.2251655629131617,1.440207972270364,0.05882352941003461,0.0,0.26470588234515574
137,mistral,19.333333333333332,48.592592592592595,0.17843866170937384,1.3844660194174758,0.37037037035665293,0.03703703703566529,0.22222222221399177
137,mistral,16.514285714285716,23.67836734693877,0.24666666666584444,1.4080560420315236,0.22857142856489798,0.0,0.39999999998857144
137,mistral,17.833333333333332,30.86111111111111,0.20845921450088079,1.3421875,0.0,0.0,0.3611111111010803
138,mistral,15.975609756097562,52.5116002379536,0.20064724919028917,1.4808575803981623,0.14634146341106485,0.024390243901844143,0.41463414633135043
138,mistral,18.347826086956523,48.74858223062382,0.21890547263572685,1.3627684964200477,0.0,0.0,0.3478260869413989
138,mistral,13.41025641025641,58.959894806048666,0.17375886524761078,1.4596153846153845,0.5128205128073636,0.1538461538422091,0.3333333333247864
138,mistral,14.731707317073171,44.196311719214755,0.22807017543779626,1.4276206322795342,0.0,0.0,0.36585365852766216
138,mistral,17.65714285714286,42.51102040816327,0.23051948051873208,1.3739837398373984,0.11428571428244899,0.028571428570612248,0.31428571427673474
139,mistral,14.595238095238095,14.859977324263038,0.199999999999375,1.5880398671096345,0.09523809523582767,0.0,0.28571428570748303
139,mistral,17.884615384615383,26.332840236686387,0.20542635658835107,1.6282608695652174,0.07692307692011835,0.0,0.2692307692204142
139,mistral,18.2,62.42666666666667,0.16254416961073306,1.523191094619666,0.1333333333288889,0.03333333333222222,0.29999999999
139,mistral,15.4375,25.12109375,0.2362204724400149,1.592292089249493,0.06249999999804688,0.0,0.281249999991211
139,mistral,18.193548387096776,37.18834547346514,0.22499999999929687,1.693284936479129,0.0,0.0,0.3548387096659729
140,mistral,17.428571428571427,46.673469387755105,0.19758064516049365,1.3524590163934427,0.0,0.0,0.42857142855612246
140,mistral,18.17142857142857,28.599183673469387,0.17230769230716214,1.4519685039370078,0.0,0.0,0.342857142847347
140,mistral,15.970588235294118,26.38148788927336,0.19557195571883554,1.433579335793358,0.0,0.0,0.4705882352802769
140,mistral,16.703703703703702,47.68998628257888,0.2307692307682446,1.4910313901345291,0.0,0.03703703703566529,0.33333333332098763
140,mistral,18.192307692307693,23.23224852071006,0.195999999999216,1.4756871035940804,0.0,0.0,0.3076923076804734
141,mistral,15.833333333333334,30.97222222222222,0.20863309352442938,1.3493761140819964,0.0,0.0,0.49999999998611117
141,mistral,13.359375,31.730224609375,0.18346253229926754,1.2889963724304716,0.4062499999936523,0.062499999999023434,0.5937499999907226
141,mistral,19.88888888888889,49.58024691358025,0.1921568627443445,1.5262172284644195,0.22222222221399177,0.0,0.29629629628532234
141,mistral,16.333333333333332,29.11111111111111,0.1606714628293509,1.330681818181818,0.0,0.0,0.4814814814725652
141,mistral,17.4375,41.30859375,0.19850187265843258,1.362657091561939,0.0,0.0,0.4062499999873047
142,mistral,32.36363636363637,279.1404958677686,0.20858895705393504,1.1744186046511629,1.0909090908099173,0.09090909090082644,0.36363636360330576
142,mistral,37.714285714285715,192.48979591836732,0.16733067729017,1.2979127134724857,0.571428571387755,0.0,0.07142857142346938
142,mistral,18.5625,7.12109375,0.19424460431514934,1.2695035460992907,0.0,0.0,0.249999999984375
142,mistral,28.785714285714285,40.31122448979592,0.13471502590603776,1.2323232323232323,0.0,0.0,0.0
142,mistral,25.833333333333332,114.30555555555554,0.12820512820430638,1.3,0.0,0.0,0.08333333332638888
143,mistral,15.454545454545455,32.55096418732783,0.2323943661963648,1.50398406374502,0.0,0.0,0.4545454545316805
143,mistral,14.73913043478261,21.410207939508506,0.18803418803365232,1.4474074074074075,0.08695652173724008,0.0,0.3260869565146503
143,mistral,15.192307692307692,40.15532544378698,0.2110091743109587,1.574742268041237,0.0,0.0,0.3076923076804734
143,mistral,19.44,60.086400000000005,0.2598425196840164,1.4368530020703933,0.1599999999936,0.0,0.4799999999808
143,mistral,17.77777777777778,59.432098765432094,0.24060150375849398,1.4873417721518987,0.0,0.0,0.14814814814266117
144,mistral,13.243243243243244,26.40029218407597,0.15671641790986302,1.7028688524590163,0.10810810810518627,0.0,0.24324324323666913
144,mistral,15.25,25.375,0.1882352941169089,1.6301652892561984,0.0,0.0,0.18749999999414066
144,mistral,12.44186046511628,20.52568956192537,0.18309859154865107,1.566854990583804,0.0,0.0,0.18604651162358032
144,mistral,18.633333333333333,39.23222222222221,0.18965517241313912,1.7279279279279278,0.0,0.0,0.1666666666611111
144,mistral,16.942857142857143,23.082448979591835,0.14569536423792817,1.6386404293381038,0.0,0.0,0.28571428570612245
145,mistral,19.53125,27.8115234375,0.17647058823464534,1.3296,0.24999999999218753,0.0,0.49999999998437505
145,mistral,13.285714285714286,27.48979591836735,0.2181069958838761,1.3478260869565217,0.0,0.0,0.7142857142687076
145,mistral,13.857142857142858,21.97959183673469,0.21403508771854726,1.3726169844020797,0.23809523808956917,0.047619047617913836,0.42857142856122454
145,mistral,21.0,58.06666666666667,0.16722408026699925,1.492063492063492,0.0,0.0,0.3333333333222222
145,mistral,22.93548387096774,55.86680541103017,0.2030303030296878,1.3971830985915492,0.0645161290301769,0.0,0.3548387096659729
146,mistral,19.0,26.285714285714285,0.20912547528437594,1.4705882352941178,0.0,0.0,0.32142857141709186
146,mistral,18.31578947368421,74.37396121883657,0.235127478752875,1.5565217391304347,0.05263157894598339,0.026315789472991694,0.39473684209487536
146,mistral,19.02857142857143,26.827755102040815,0.24324324324251279,1.4389140271493213,0.0,0.0,0.3714285714179592
146,mistral,20.608695652173914,32.49905482041589,0.24050632911290926,1.3966244725738397,0.0,0.0,0.5217391304120983
146,mistral,16.333333333333332,35.0,0.2175438596483595,1.403747870528109,0.0,0.0,0.4166666666550926
147,mistral,21.057142857142857,54.11102040816326,0.1818181818176653,1.4164383561643836,0.0,0.0,0.3714285714179592
147,mistral,22.88888888888889,91.76543209876542,0.20379146919334698,1.5257985257985258,0.0,0.0,0.1666666666574074
147,mistral,15.758620689655173,23.769322235434014,0.19905213270047845,1.4451754385964912,0.0,0.0,0.3448275861950059
147,mistral,30.57894736842105,117.29639889196676,0.19926199261919092,1.4643478260869565,0.0,0.0,0.3684210526121884
147,mistral,23.705882352941178,94.79584775086505,0.2512820512807627,1.41439205955335,0.0,0.0,0.2941176470415225
148,mistral,24.5,73.61363636363636,0.18725099601519024,1.5363128491620113,0.0,0.0,0.31818181816735536
148,mistral,19.483870967741936,38.507804370447445,0.24999999999910716,1.2587064676616915,0.0,0.0,0.8064516128772112
148,mistral,15.909090909090908,27.234159779614327,0.24799999999900801,1.4211538461538462,0.0,0.0,0.5757575757401286
148,mistral,23.142857142857142,29.360544217687078,0.26209677419249156,1.3703703703703705,0.0,0.0,0.3333333333174603
148,mistral,21.083333333333332,38.57638888888889,0.20731707316988895,1.445328031809145,0.0833333333298611,0.0,0.374999999984375
149,mistral,13.45945945945946,40.572680788897,0.21757322175641183,1.3588709677419355,0.0,0.054054054052593135,0.48648648647333825
149,mistral,21.0,46.22222222222222,0.2607142857133546,1.3515901060070672,0.0,0.0,0.7777777777489712
149,mistral,18.032258064516128,26.99895941727368,0.25581395348738056,1.3441441441441442,0.0,0.0,0.580645161271592
149,mistral,17.11111111111111,47.098765432098766,0.23745819397913895,1.3847402597402598,0.0,0.1111111111080247,0.3055555555470679
149,mistral,14.844444444444445,43.90913580246914,0.22539682539610986,1.3313343328335832,0.0,0.04444444444345679,0.48888888887802473
150,mistral,17.27027027027027,29.981008035062082,0.20900321543341158,1.3677621283255086,0.0,0.0,0.7567567567363039
150,mistral,15.145833333333334,29.16623263888889,0.1936507936501789,1.340220385674931,0.16666666666319446,0.0,0.6041666666540799
150,mistral,15.733333333333333,27.262222222222213,0.2256637168131608,1.4131355932203389,0.0,0.0,0.3666666666544444
150,mistral,15.775,39.524375,0.19850187265843258,1.2777777777777777,0.34999999999125003,0.04999999999875,0.5999999999850001
150,mistral,13.660714285714286,45.04559948979592,0.2062146892649542,1.3206806282722514,0.6071428571320153,0.03571428571364796,0.5178571428478954
151,mistral,17.68421052631579,35.58448753462604,0.2559523809516192,1.4005979073243646,0.15789473683795016,0.07894736841897508,0.2894736842029086
151,mistral,21.318181818181817,64.30785123966942,0.2745901639333009,1.3198294243070363,0.0,0.0,0.3636363636198347
151,mistral,19.307692307692307,48.905325443786985,0.18503937007801166,1.3353293413173652,0.23076923076035502,0.0,0.2692307692204142
151,mistral,25.958333333333332,87.87326388888887,0.27076923076839765,1.537842190016103,0.4166666666493056,0.0,0.24999999998958333
151,mistral,20.434782608695652,60.50661625708885,0.21576763485387648,1.4123931623931625,0.5217391304120983,0.0,0.17391304347069944
152,mistral,20.807692307692307,47.463017751479285,0.2078853046587531,1.3414179104477613,0.0,0.0,0.23076923076035502
152,mistral,33.625,59.984375,0.17424242424176423,1.333955223880597,0.1249999999921875,0.0,0.0
152,mistral,17.6,116.24,0.21621621621524229,1.394431554524362,0.3199999999872,0.2399999999904,0.3199999999872
152,mistral,17.64516129032258,89.90634755463059,0.18772563176827536,1.3658088235294117,0.1290322580603538,0.0,0.3548387096659729
152,mistral,18.0,50.76923076923077,0.2920353982287963,1.3752711496746204,0.1538461538402367,0.0,0.42307692306065087
153,mistral,12.727272727272727,39.51652892561984,0.24409448818801538,1.274864376130199,0.454545454535124,0.0681818181802686,0.6136363636224174
153,mistral,16.2,52.337777777777774,0.1927374301670594,1.4091539528432733,0.48888888887802473,0.04444444444345679,0.35555555554765433
153,mistral,19.482758620689655,82.8703923900119,0.22265624999913025,1.3807829181494662,0.48275862067300834,0.03448275861950059,0.7241379310095125
153,mistral,11.24,28.382399999999997,0.18055555555492864,1.3786231884057971,0.3599999999928,0.0399999999992,0.5399999999892
154,mistral,13.513513513513514,57.27684441197954,0.22007722007637037,1.4139344262295082,0.5945945945785245,0.08108108107888971,0.3513513513418554
154,mistral,15.75,28.616071428571427,0.2034632034623227,1.3976744186046512,0.714285714260204,0.035714285713010205,0.28571428570408164
154,mistral,9.777777777777779,28.839506172839506,0.15129151291457088,1.3916500994035785,0.7037037036906721,0.1111111111090535,0.5185185185089164
154,mistral,13.756756756756756,54.83272461650839,0.21093749999917605,1.4518072289156627,0.6486486486311177,0.054054054052593135,0.48648648647333825
154,mistral,10.844827586206897,33.544887039239,0.17607973421868411,1.3166666666666667,0.6206896551617123,0.05172413793014269,0.39655172413109396
155,mistral,15.8,40.90285714285714,0.22260273972526506,1.5795246800731262,0.0,0.028571428570612248,0.342857142847347
155,mistral,14.4375,22.80859375,0.2716535433060171,1.5480349344978166,0.0,0.0,0.24999999999218753
155,mistral,14.793103448275861,34.37098692033294,0.24229074889761107,1.624413145539906,0.0,0.0,0.37931034481450654
155,mistral,20.29032258064516,77.43184183142559,0.2607361963182186,1.5560897435897436,0.0,0.0645161290301769,0.2580645161207076
155,mistral,24.285714285714285,65.3469387755102,0.20454545454487347,1.5663189269746647,0.0,0.0,0.21428571427806123
156,mistral,17.0,66.58064516129032,0.29921259842401887,1.4383301707779885,0.0,0.0,0.5161290322414152
156,mistral,17.90909090909091,32.20385674931129,0.23333333333246914,1.3214890016920473,0.12121212120844813,0.0,0.4242424242295685
156,mistral,17.28125,69.7646484375,0.24812030075094693,1.4527272727272726,0.0,0.0,0.3749999999882813
156,mistral,23.74074074074074,55.525377229080924,0.258278145694509,1.3677621283255086,0.14814814814266117,0.03703703703566529,0.33333333332098763
156,mistral,19.666666666666668,37.55555555555555,0.21739130434688092,1.444915254237288,0.1666666666597222,0.0,0.3333333333194444
157,mistral,16.394736842105264,53.02839335180055,0.1974921630087853,1.4228187919463087,0.3684210526218837,0.026315789472991694,0.4210526315678671
157,mistral,12.716981132075471,28.089711641153436,0.19614147909904778,1.2795698924731183,0.339622641503026,0.03773584905589178,0.5849056603663225
157,mistral,17.060606060606062,31.511478420569325,0.1818181818175461,1.4743589743589745,0.4242424242295685,0.0,0.33333333332323234
157,mistral,12.976744186046512,55.60411032990806,0.20740740740663924,1.3707052441229657,0.32558139534126557,0.06976744185884262,0.41860465115305573
157,mistral,14.581395348837209,40.196863169280704,0.25255972696159534,1.2613636363636365,0.18604651162358032,0.0,0.41860465115305573
158,mistral,14.53125,35.4990234375,0.18807339449455013,1.4043478260869566,0.0,0.0,0.5312499999833985
158,mistral,14.235294117647058,41.65051903114187,0.2083333333325442,1.4511434511434511,0.0,0.0,0.32352941175519034
158,mistral,16.214285714285715,45.38265306122448,0.20338983050761275,1.4823788546255507,0.0,0.0,0.21428571427806123
158,mistral,15.538461538461538,51.94082840236686,0.134999999999325,1.4133663366336633,0.1538461538402367,0.0,0.5769230769008876
158,mistral,16.885714285714286,26.84408163265306,0.1328671328666683,1.3571428571428572,0.0,0.0,0.4857142857004082
159,mistral,15.418604651162791,41.68523526230395,0.2214765100663709,1.4098613251155625,0.2325581395294754,0.0,0.5813953488236885
159,mistral,13.944444444444445,31.608024691358025,0.189393939393222,1.4066390041493777,0.777777777756173,0.027777777777006175,0.3055555555470679
159,mistral,12.454545454545455,49.0206611570248,0.2608695652164461,1.3950850661625709,0.5454545454421488,0.0909090909070248,0.4318181818083678
159,mistral,23.375,57.046875,0.24250681198844004,1.4248985115020298,0.0,0.0,0.3749999999882813
159,mistral,19.90909090909091,50.628099173553714,0.19444444444395342,1.4508670520231215,0.0,0.0,0.6136363636224174
160,mistral,19.785714285714285,52.23979591836734,0.19379844961165196,1.3,0.0,0.0,0.4642857142691327
160,mistral,19.033333333333335,28.298888888888886,0.2384341637002191,1.3905429071803852,0.0,0.0,0.3999999999866667
160,mistral,18.125,30.109375,0.1979865771805437,1.3356643356643356,0.0,0.0,0.3749999999882813
160,mistral,19.318181818181817,23.762396694214875,0.20560747663455325,1.325358851674641,0.0,0.0,0.4545454545247934
160,mistral,16.40740740740741,17.64883401920439,0.17757009345711416,1.3634259259259258,0.0,0.0,0.40740740739231823
161,mistral,16.3,40.54333333333334,0.2084942084934035,1.568788501026694,0.0,0.0,0.29999999999
161,mistral,13.205882352941176,14.86937716262976,0.2605042016795777,1.595505617977528,0.0,0.0,0.3529411764602077
161,mistral,16.583333333333332,21.854166666666668,0.141304347825575,1.4431239388794568,0.0,0.027777777777006175,0.5277777777631173
161,mistral,18.931818181818183,24.790805785123965,0.16473317865391013,1.4475271411338964,0.0,0.0,0.0909090909070248
161,mistral,16.94736842105263,33.31301939058172,0.21587301587233057,1.5023474178403755,0.0,0.07894736841897508,0.3684210526218837
162,mistral,21.26086956521739,47.32325141776938,0.17338709677349443,1.6127049180327868,0.0,0.0,0.17391304347069944
162,mistral,22.17391304347826,27.274102079395085,0.2183908045968644,1.594488188976378,0.0,0.0,0.17391304347069944
162,mistral,18.464285714285715,76.24872448979592,0.16796874999934389,1.5185909980430528,0.0,0.0,0.07142857142602041
162,mistral,19.923076923076923,32.37869822485207,0.14503816793837773,1.5859375,0.0,0.0,0.23076923076035502
162,mistral,16.814814814814813,27.11385459533608,0.10799999999956801,1.5676274944567627,0.0,0.0,0.22222222221399177
163,mistral,16.0,54.875,0.20430107526808494,1.4388777555110221,0.3124999999902344,0.03124999999902344,0.34374999998925787
163,mistral,16.651162790697676,38.4131963223364,0.20294117646999135,1.3758765778401123,0.2790697674353705,0.0,0.4418604651060033
163,mistral,17.466666666666665,37.13777777777778,0.22982885085518379,1.4437340153452685,0.17777777777382717,0.022222222221728396,0.22222222221728397
163,mistral,15.839285714285714,28.706313775510203,0.237250554323199,1.479498861047836,0.07142857142729592,0.0,0.3749999999933036
163,mistral,14.866666666666667,35.09333333333333,0.19883040935614377,1.3714285714285714,0.39999999999111113,0.022222222221728396,0.37777777776938276
164,mistral,15.3,39.943333333333335,0.24066390041393917,1.4857768052516411,0.0,0.0,0.4333333333188889
164,mistral,22.14814814814815,85.31138545953361,0.17049180327812954,1.5675675675675675,0.07407407407133058,0.0,0.14814814814266117
164,mistral,22.72,58.7616,0.17921146953340786,1.5017921146953406,0.0,0.0,0.2799999999888
164,mistral,19.384615384615383,43.87771203155819,0.2296918767500569,1.4563492063492063,0.0,0.0,0.3333333333247864
164,mistral,19.612903225806452,51.140478668054115,0.18452380952326036,1.5933884297520662,0.0,0.0,0.22580645160561916
165,mistral,21.586206896551722,43.070154577883464,0.206293706292985,1.402555910543131,0.0,0.0,0.31034482757550536
165,mistral,16.76923076923077,75.15187376725838,0.2027027027020179,1.395738203957382,0.05128205128073636,0.0,0.43589743588625907
165,mistral,17.0,74.72727272727273,0.2170542635650502,1.4095744680851063,0.0,0.0,0.33333333332323234
165,mistral,19.0,76.72,0.19282511210675865,1.414736842105263,0.0,0.0,0.2799999999888
166,mistral,15.178571428571429,35.503826530612244,0.1382488479256302,1.3629807692307692,0.07142857142602041,0.0,0.39285714284311224
166,mistral,11.377777777777778,29.879506172839505,0.22101449275282242,1.4941176470588236,0.44444444443456793,0.11111111110864198,0.44444444443456793
166,mistral,17.03846153846154,21.80621301775148,0.16738197424820866,1.3793103448275863,0.0,0.0,0.3461538461405325
166,mistral,13.46875,21.4365234375,0.1212121212115965,1.448356807511737,0.3749999999882813,0.03124999999902344,0.3124999999902344
166,mistral,14.375,30.817708333333332,0.18461538461443788,1.5029585798816567,0.0,0.0,0.4166666666493056
167,mistral,17.285714285714285,43.575510204081624,0.24584717607891746,1.439469320066335,0.11428571428244899,0.0,0.2571428571355102
167,mistral,11.58,30.723599999999998,0.17966101694854353,1.4063047285464099,0.39999999999200003,0.1399999999972,0.6199999999876
167,mistral,12.69047619047619,25.928004535147394,0.24999999999911973,1.4605263157894737,0.0,0.0,0.6904761904597506
167,mistral,10.84,20.9744,0.20610687022822097,1.4878048780487805,0.19999999999600002,0.0199999999996,0.599999999988
167,mistral,17.870967741935484,39.3381893860562,0.2181818181810248,1.518181818181818,0.1290322580603538,0.0645161290301769,0.5161290322414152
168,mistral,16.872340425531913,49.47306473517429,0.2795969773292705,1.4489281210592686,0.0,0.0,0.3829787233961069
168,mistral,28.1,99.99000000000001,0.24528301886699894,1.3511586452762923,0.0,0.0,0.39999999998
168,mistral,18.514285714285716,30.078367346938784,0.21656050955345046,1.4666666666666666,0.0,0.0,0.42857142855918373
168,mistral,16.53125,20.6240234375,0.266666666665679,1.4114285714285715,0.06249999999804688,0.0,0.4687499999853516
168,mistral,15.105263157894736,39.8836565096953,0.1917293233075499,1.3450087565674256,0.3157894736759003,0.05263157894598339,0.6578947368247923
169,mistral,17.17241379310345,40.487514863258035,0.1569506726450361,1.3453815261044177,0.0,0.0,0.3448275861950059
169,mistral,14.644444444444444,35.51802469135802,0.18867924528242555,1.4534351145038167,0.08888888888691358,0.06666666666518518,0.33333333332592596
169,mistral,15.59375,56.8662109375,0.15767634854706358,1.355421686746988,0.24999999999218753,0.06249999999804688,0.24999999999218753
169,mistral,15.724137931034482,25.09631391200951,0.14691943127892457,1.432967032967033,0.0,0.0,0.27586206895600474
169,mistral,16.192307692307693,22.463017751479292,0.18181818181731188,1.368171021377672,0.0,0.0,0.6538461538210059
170,mistral,15.15625,52.8193359375,0.23012552301158945,1.4896265560165975,0.0,0.03124999999902344,0.3749999999882813
170,mistral,11.25531914893617,36.31779085559076,0.2518518518509191,1.4396887159533074,0.2553191489307379,0.02127659574422816,0.404255319140335
170,mistral,15.477272727272727,45.61311983471075,0.2067901234561519,1.418639053254438,0.1818181818140496,0.0227272727267562,0.5227272727153927
170,mistral,13.0,34.390243902439025,0.2415094339613528,1.4752851711026616,0.09756097560737657,0.04878048780368829,0.2926829268221297
170,mistral,17.742857142857144,53.44816326530612,0.1904761904755426,1.5290322580645161,0.0,0.0,0.5714285714122449
171,mistral,18.0,18.0,0.23396226415006052,1.5617283950617284,0.0,0.0,0.07407407407133058
171,mistral,20.923076923076923,72.37869822485206,0.18118466898891575,1.654981549815498,0.0,0.0,0.11538461538017751
171,mistral,18.555555555555557,34.839506172839506,0.2591240875902952,1.6192384769539079,0.0,0.0,0.03703703703566529
171,mistral,16.79310344827586,40.78478002378122,0.20392156862665128,1.5679012345679013,0.0,0.0,0.17241379309750296
171,mistral,24.866666666666667,42.24888888888889,0.2106666666661049,1.5450874831763122,0.0,0.0,0.0
172,mistral,15.318181818181818,35.489669421487605,0.20943952802298102,1.4480712166172107,0.454545454535124,0.0,0.2727272727210744
172,mistral,15.18421052631579,36.88711911357342,0.18214285714220663,1.4171029668411868,0.05263157894598339,0.0,0.4473684210408588
172,mistral,20.822222222222223,39.34617283950617,0.20913461538411265,1.3569131832797428,0.0,0.0,0.5999999999866668
172,mistral,18.487179487179485,41.42932281393819,0.18103448275810047,1.506258692628651,0.20512820512294544,0.02564102564036818,0.2564102564036818
172,mistral,16.485714285714284,37.564081632653064,0.13861386138568116,1.4991273996509598,0.11428571428244899,0.028571428570612248,0.28571428570612245
173,mistral,22.956521739130434,64.38941398865784,0.24497991967773103,1.3548387096774193,0.0,0.0,0.43478260867674856
173,mistral,26.6,84.96000000000002,0.20723684210458146,1.3580060422960725,0.0799999999968,0.0,0.399999999984
173,mistral,15.236842105263158,30.65443213296399,0.19548872180377636,1.3791304347826088,0.21052631578393355,0.07894736841897508,0.6315789473518006
173,mistral,18.037037037037038,55.73936899862825,0.15068493150616127,1.2556701030927835,0.14814814814266117,0.11111111110699588,0.48148148146364883
173,mistral,16.862068965517242,69.98097502972651,0.1904761904753659,1.4223602484472049,0.0,0.17241379309750296,0.17241379309750296
174,mistral,12.416666666666666,32.65972222222222,0.14617940199286983,1.4199655765920827,0.20833333332899306,0.041666666665798616,0.10416666666449653
174,mistral,16.03125,71.5302734375,0.1727272727264876,1.341948310139165,0.24999999999218753,0.03124999999902344,0.281249999991211
174,mistral,14.617021276595745,60.02354006337709,0.18791946308661772,1.3313868613138686,0.21276595744228158,0.04255319148845632,0.531914893605704
174,mistral,14.5,38.125,0.19767441860407653,1.406657018813314,0.41666666665798613,0.041666666665798616,0.3541666666592882
174,mistral,13.777777777777779,51.19506172839505,0.19230769230707595,1.448051948051948,0.13333333333037037,0.022222222221728396,0.37777777776938276
175,mistral,14.102564102564102,40.50230111768573,0.2170818505330353,1.4722222222222223,0.0,0.0,0.5897435897284682
175,mistral,13.770491803278688,34.70142434829347,0.21220159151137347,1.392814371257485,0.0,0.016393442622682077,0.6065573770392368
175,mistral,12.75,26.1375,0.22709163346523073,1.4459724950884087,0.0999999999975,0.0,0.49999999998750005
175,mistral,15.242424242424242,51.274563820018365,0.21093749999917605,1.4950099800399201,0.0,0.03030303030211203,0.33333333332323234
175,mistral,17.678571428571427,57.71811224489796,0.27312775330276157,1.370672097759674,0.0,0.035714285713010205,0.714285714260204
176,mistral,13.325,23.619374999999998,0.18148148148080934,1.460952380952381,0.14999999999625002,0.0,0.37499999999062505
176,mistral,16.515151515151516,37.76492194674013,0.23643410852621538,1.3941068139963169,0.06060606060422406,0.0,0.4545454545316805
176,mistral,22.22222222222222,54.320987654321,0.17161716171560523,1.4016806722689075,0.0,0.0,0.14814814814266117
176,mistral,16.896551724137932,40.230677764565996,0.21317829457281715,1.517453798767967,0.0,0.0,0.27586206895600474
176,mistral,15.413793103448276,25.13912009512485,0.21367521367430053,1.4808988764044944,0.06896551723900118,0.0,0.31034482757550536
177,mistral,24.692307692307693,32.8284023668639,0.14563106796069375,1.360759493670886,0.23076923076035502,0.0,0.19230769230029585
177,mistral,15.7,45.75999999999999,0.20364741641275488,1.403225806451613,0.29999999999250004,0.024999999999375,0.49999999998750005
177,mistral,18.25925925925926,35.22908093278463,0.18725099601519024,1.4156378600823045,0.0,0.0,0.29629629628532234
177,mistral,16.77777777777778,40.395061728395056,0.19105691056832905,1.4181818181818182,0.22222222221399177,0.0,0.22222222221399177
177,mistral,23.47826086956522,117.640831758034,0.1282051282046586,1.4925093632958801,0.08695652173534972,0.0,0.21739130433837428
178,mistral,17.066666666666666,46.24,0.20491803278632537,1.433420365535248,0.0,0.0,0.7111111110953087
178,mistral,14.6,39.989999999999995,0.23549488054527135,1.4716006884681583,0.0,0.04999999999875,0.64999999998375
178,mistral,14.576923076923077,23.436390532544383,0.2285714285707755,1.5013192612137203,0.0,0.0,0.7115384615247782
178,mistral,13.73913043478261,13.10586011342155,0.26845637583802534,1.4610492845786964,0.08695652173724008,0.06521739130293006,0.6521739130293006
178,mistral,15.173913043478262,22.100189035916827,0.2595870206482018,1.5057803468208093,0.08695652173724008,0.02173913043431002,0.6304347825949906
179,mistral,13.333333333333334,26.01709401709402,0.2166666666657639,1.5163776493256262,0.05128205128073636,0.07692307692110455,0.5384615384477318
179,mistral,16.875,40.921875,0.23104693140710814,1.5988700564971752,0.0,0.03124999999902344,0.21874999999316408
179,mistral,16.96551724137931,35.274673008323425,0.2539062499990082,1.6872427983539096,0.0,0.0,0.17241379309750296
179,mistral,17.294117647058822,47.325259515570934,0.21202531645502523,1.797945205479452,0.0,0.0,0.26470588234515574
179,mistral,15.527777777777779,49.138117283950606,0.2951388888878641,1.5985663082437276,0.05555555555401235,0.16666666666203706,0.24999999999305558
180,mistral,11.447368421052632,18.14196675900277,0.22169811320650143,1.4285714285714286,0.0,0.0,0.39473684209487536
180,mistral,17.11111111111111,24.02469135802469,0.21759259259158523,1.3831168831168832,0.0,0.0,0.7407407407133059
180,mistral,13.613636363636363,13.418904958677684,0.1722846441941113,1.4006677796327212,0.0,0.0,0.7272727272561984
180,mistral,18.8,55.04,0.23931623931521662,1.5553191489361702,0.0,0.0,0.599999999976
180,mistral,18.11111111111111,23.20987654320988,0.16239316239246843,1.3975409836065573,0.0,0.0,0.37037037035665293
181,mistral,14.76923076923077,16.67751479289941,0.24848484848409552,1.2877604166666667,0.0,0.0,0.6153846153727811
181,mistral,20.933333333333334,39.79555555555556,0.2194357366764281,1.4864433811802233,0.0,0.0,0.1666666666611111
181,mistral,25.24,60.3424,0.26623376623290185,1.3407290015847861,0.0,0.0,0.2799999999888
181,mistral,22.727272727272727,123.56198347107438,0.2782608695640076,1.382,0.0,0.0,0.545454545429752
182,mistral,16.897435897435898,33.52794214332675,0.26797385620827463,1.3459787556904401,0.0,0.0,0.5641025640881
182,mistral,14.5,44.4,0.2170542635650502,1.2620689655172415,0.0,0.0,0.624999999984375
182,mistral,22.444444444444443,29.50617283950617,0.21768707482919156,1.4504950495049505,0.0,0.0,0.40740740739231823
182,mistral,15.78125,55.9208984375,0.281512605040834,1.3016194331983806,0.43749999998632816,0.0,0.562499999982422
182,mistral,12.906976744186046,23.293672255273123,0.22821576763390783,1.249063670411985,0.0,0.0,0.6279069767295836
183,mistral,13.3,59.260000000000005,0.13503649634987214,1.4540229885057472,0.49999999998750005,0.04999999999875,0.274999999993125
183,mistral,17.125,28.546875,0.15267175572460812,1.4203703703703703,0.18749999999414066,0.0,0.34374999998925787
183,mistral,11.608695652173912,32.9773156899811,0.17721518987267,1.349146110056926,0.3913043478175804,0.06521739130293006,0.5217391304234404
183,mistral,11.590909090909092,30.01446280991735,0.16666666666598917,1.4455645161290323,0.4090909090816116,0.0454545454535124,0.6136363636224174
183,mistral,15.375,33.442708333333336,0.1921052631573892,1.4836065573770492,0.08333333333159723,0.0,0.2916666666605903
184,mistral,14.025641025641026,48.94806048652203,0.20588235294041957,1.4796296296296296,0.35897435896515456,0.07692307692110455,0.28205128204405
184,mistral,12.604166666666666,48.947482638888886,0.2880794701977216,1.4220338983050846,1.083333333310764,0.2499999999947917,0.22916666666189237
184,mistral,16.345454545454544,89.35338842975206,0.16933638443897178,1.3621867881548975,0.5090909090816529,0.07272727272595042,0.27272727272231406
184,mistral,15.05,48.347500000000004,0.1947194719465521,1.384873949579832,0.44999999998875007,0.07499999999812501,0.37499999999062505
184,mistral,12.756756756756756,55.04894083272462,0.21115537848521454,1.5366379310344827,0.5945945945785245,0.13513513513148284,0.3513513513418554
185,mistral,18.428571428571427,22.959183673469386,0.1899224806194189,1.5262135922330098,0.0,0.0,0.24999999999107142
185,mistral,19.103448275862068,17.816884661117715,0.24344569288298337,1.5471014492753623,0.0,0.0,0.6896551723900118
185,mistral,16.10810810810811,26.691015339663988,0.23508771929742076,1.4536256323777403,0.0,0.0,0.5405405405259314
185,mistral,19.916666666666668,51.99305555555555,0.16956521739056712,1.4903640256959314,0.0,0.0,0.3333333333194444
185,mistral,16.82758620689655,59.2461355529132,0.19230769230687048,1.4054054054054055,0.13793103447800237,0.03448275861950059,0.5172413792925089
186,mistral,12.743589743589743,15.831689677843524,0.20816326530527282,1.3995943204868153,0.0,0.0,0.4102564102458909
186,mistral,12.914285714285715,33.84979591836734,0.20982142857049188,1.4508928571428572,0.342857142847347,0.08571428571183674,0.45714285712979597
186,mistral,12.651162790697674,36.366684694429416,0.17391304347763076,1.5019011406844107,0.4651162790589508,0.02325581395294754,0.32558139534126557
186,mistral,12.972972972972974,32.350620891161434,0.22529644268685656,1.4968017057569296,0.21621621621037254,0.0,0.2702702702629657
186,mistral,11.45945945945946,19.32943754565376,0.17903930130926185,1.4697336561743342,0.16216216215777943,0.0,0.4054054053944485
187,mistral,13.5625,21.99609375,0.1777777777772134,1.40282131661442,0.3333333333263889,0.062499999998697923,0.270833333327691
187,mistral,14.577777777777778,57.35506172839507,0.17460317460262031,1.490566037735849,0.48888888887802473,0.04444444444345679,0.37777777776938276
187,mistral,10.035714285714286,41.570153061224495,0.19377162629690736,1.4322820037105752,0.5714285714183673,0.07142857142729592,0.39285714285012757
187,mistral,11.795918367346939,43.22365680966264,0.20805369127446963,1.4545454545454546,0.44897959182757186,0.04081632652977926,0.3265306122382341
187,mistral,13.439024390243903,34.343842950624634,0.17375886524761078,1.4377358490566037,0.682926829251636,0.0,0.3902439024295063
188,mistral,15.61111111111111,27.459876543209877,0.24163568773144375,1.4341637010676156,0.0,0.0,0.5277777777631173
188,mistral,20.142857142857142,30.479591836734695,0.23655913978409837,1.4937833037300177,0.0,0.0,0.24999999999107142
188,mistral,12.361702127659575,28.103214124038022,0.21666666666594445,1.4143356643356644,0.0,0.0,0.4680851063730195
188,mistral,15.880952380952381,47.2953514739229,0.23684210526246538,1.5157894736842106,0.09523809523582767,0.0,0.30952380951643993
188,mistral,18.0,37.125,0.16433566433508975,1.4838709677419355,0.0,0.0,0.43749999998632816
189,mistral,24.448275862068964,82.10939357907253,0.22364217252324717,1.4203102961918195,0.3448275861950059,0.06896551723900118,0.24137931033650417
189,mistral,13.227272727272727,45.40289256198347,0.1596958174898871,1.3752151462994837,0.7272727272561984,0.1590909090872934,0.4318181818083678
189,mistral,21.425,57.29437499999999,0.14325842696588972,1.4014002333722286,0.199999999995,0.024999999999375,0.274999999993125
189,mistral,18.0,82.81818181818181,0.1358695652166529,1.4568527918781726,0.6363636363347107,0.272727272714876,0.3636363636198347
189,mistral,18.62962962962963,131.12208504801094,0.16465863453749133,1.435129740518962,0.6666666666419753,0.29629629628532234,0.29629629628532234
190,mistral,15.0,38.93333333333333,0.1369863013692375,1.437219730941704,0.4666666666511111,0.06666666666444444,0.3333333333222222
190,mistral,14.971428571428572,54.88489795918367,0.18410041840927155,1.4545454545454546,0.057142857141224496,0.028571428570612248,0.2571428571355102
190,mistral,23.375,113.65104166666667,0.22105263157817176,1.5080789946140036,0.5833333333090278,0.0,0.3333333333194444
190,mistral,19.266666666666666,58.7288888888889,0.16990291262094684,1.380787037037037,0.6222222222083951,0.0,0.44444444443456793
190,mistral,11.0,39.96078431372549,0.14545454545401654,1.3675675675675676,0.7058823529273357,0.09803921568435219,0.37254901960053827
191,mistral,13.833333333333334,31.338888888888896,0.15492957746406136,1.4806763285024154,0.3333333333222222,0.0,0.3333333333222222
191,mistral,14.586206896551724,29.07015457788347,0.17061611374326724,1.438095238095238,0.6206896551510107,0.0,0.3448275861950059
191,mistral,13.794871794871796,61.086127547666,0.1797752808982031,1.5093632958801497,0.5641025640881,0.05128205128073636,0.48717948716699544
191,mistral,21.08695652173913,41.81852551984877,0.19028340080894623,1.5819327731092436,0.0,0.0,0.26086956520604915
191,mistral,13.476190476190476,59.05895691609978,0.15570934256001484,1.463587921847247,0.42857142856122454,0.0,0.4047619047522676
192,mistral,16.0,39.945945945945944,0.2567567567558893,1.3915254237288135,0.16216216215777943,0.0,0.4594594594470417
192,mistral,17.205882352941178,47.22231833910035,0.1811594202891987,1.3529411764705883,0.0,0.0,0.38235294116522495
192,mistral,19.666666666666668,40.222222222222214,0.17866666666619022,1.383399209486166,0.0,0.0,0.35897435896515456
192,mistral,13.894736842105264,34.25207756232686,0.16269841269776708,1.4457142857142857,0.0,0.0,0.4210526315678671
192,mistral,15.441176470588236,26.952422145328722,0.2016129032249935,1.3639846743295019,0.17647058823010384,0.0,0.588235294100346
193,mistral,17.794117647058822,42.457612456747405,0.18666666666604445,1.404399323181049,0.05882352941003461,0.0,0.294117647050173
193,mistral,14.0,29.91304347826087,0.20420420420359098,1.474339035769829,0.4347826086862004,0.04347826086862004,0.3260869565146503
193,mistral,17.428571428571427,32.70204081632653,0.22442244224348376,1.542763157894737,0.0,0.0,0.39999999998857144
193,mistral,17.08,36.0336,0.19181585677700302,1.3910482921083627,0.19999999999600002,0.0199999999996,0.41999999999160004
193,mistral,18.823529411764707,49.43944636678201,0.22112211221049136,1.3996865203761755,0.11764705882006922,0.0,0.44117647057525955
194,mistral,9.794117647058824,11.04584775086505,0.194999999999025,1.4561933534743203,0.0,0.0,0.38235294116522495
194,mistral,15.448275862068966,46.17835909631391,0.13733905579340197,1.3865168539325843,0.06896551723900118,0.0,0.20689655171700358
194,mistral,14.958333333333334,25.123263888888886,0.21276595744567678,1.3854748603351956,0.0,0.0,0.2916666666545139
194,mistral,14.8,46.96,0.20938628158769176,1.4150197628458498,0.0,0.0,0.22857142856489798
194,mistral,12.61111111111111,23.237654320987655,0.23206751054754404,1.36,0.4444444444320988,0.027777777777006175,0.3333333333240741
195,mistral,13.636363636363637,35.746556473829195,0.20535714285622608,1.484375,0.06060606060422406,0.0,0.5454545454380166
195,mistral,14.333333333333334,39.03703703703704,0.25388601036137887,1.4779220779220779,0.0,0.03703703703566529,0.44444444442798353
195,mistral,12.058823529411764,16.46712802768166,0.1462264150936499,1.542997542997543,0.0,0.0,0.4117647058702423
195,mistral,15.424242424242424,42.78971533516988,0.22709163346523073,1.4426877470355732,0.0,0.0,0.33333333332323234
195,mistral,23.0,38.76923076923077,0.2328767123279696,1.473063973063973,0.0,0.0,0.19230769230029585
196,mistral,17.107142857142858,45.30994897959183,0.13080168776316117,1.6294736842105264,0.28571428570408164,0.0,0.28571428570408164
196,mistral,16.708333333333332,26.456597222222218,0.2139534883710979,1.6574307304785894,0.0,0.0,0.24999999998958333
196,mistral,16.583333333333332,49.354166666666664,0.19661016949085897,1.554806070826307,0.1111111111080247,0.0,0.3333333333240741
196,mistral,17.40625,58.0537109375,0.1672597864762731,1.5711678832116789,0.0,0.0,0.281249999991211
196,mistral,16.4,50.290000000000006,0.2048192771078168,1.5919629057187017,0.29999999999250004,0.0,0.324999999991875
197,mistral,15.607843137254902,48.1991541714725,0.12430939226484998,1.4088050314465408,0.0,0.0,0.45098039214802005
197,mistral,17.333333333333332,41.25925925925926,0.15021459227403341,1.4946236559139785,0.0,0.0,0.29629629628532234
197,mistral,14.75,21.3375,0.14006514657934832,1.4888507718696398,0.04999999999875,0.0,0.0999999999975
197,mistral,16.448275862068964,20.247324613555293,0.17131474103517405,1.504255319148936,0.0,0.0,0.03448275861950059
197,mistral,15.405405405405405,24.349159970781592,0.16901408450644714,1.4578096947935368,0.0,0.027027027026296568,0.054054054052593135
198,mistral,13.575,43.144375000000004,0.2272727272718664,1.390018484288355,0.0,0.0999999999975,0.44999999998875007
198,mistral,14.785714285714286,67.97789115646259,0.24382716049307462,1.3723577235772357,0.33333333332539683,0.16666666666269842,0.47619047617913834
198,mistral,14.25,55.41477272727273,0.2152777777770303,1.3311897106109325,0.0909090909070248,0.0454545454535124,0.6136363636224174
198,mistral,15.666666666666666,25.37373737373737,0.22222222222130775,1.390715667311412,0.0,0.0,0.4848484848337925
198,mistral,15.818181818181818,28.754820936639113,0.2532188841190849,1.3564547206165702,0.0,0.0,0.6060606060422407
199,mistral,16.17948717948718,23.839579224194612,0.1903323262834129,1.507223113964687,0.1538461538422091,0.0,0.3076923076844182
199,mistral,14.868421052631579,33.06163434903047,0.2067796610162482,1.4768683274021353,0.3684210526218837,0.026315789472991694,0.3157894736759003
199,mistral,12.025,32.524375000000006,0.18217054263495283,1.5126050420168067,0.29999999999250004,0.04999999999875,0.34999999999125003
199,mistral,16.833333333333332,53.9388888888889,0.24175824175735622,1.532934131736527,0.1333333333288889,0.03333333333222222,0.2666666666577778
199,mistral,12.657894736842104,34.22506925207756,0.19291338582601217,1.4416666666666667,0.2631578947299169,0.026315789472991694,0.342105263148892
0,qwen,15.931034482758621,41.44351961950059,0.26160337552632235,1.5152173913043478,0.0,0.06896551723900118,0.27586206895600474
0,qwen,21.448275862068964,55.14387633769322,0.3065015479866672,1.573743922204214,0.13793103447800237,0.0,0.27586206895600474
0,qwen,13.58974358974359,50.08809993425378,0.2302158273373014,1.4561068702290076,0.20512820512294544,0.07692307692110455,0.28205128204405
0,qwen,11.75,44.8875,0.20312499999920655,1.4453961456102784,0.39999999999,0.024999999999375,0.17499999999562502
0,qwen,13.5,47.5,0.2509505703412511,1.4299065420560748,0.5999999999850001,0.04999999999875,0.37499999999062505
1,qwen,16.72972972972973,22.68371073776479,0.2099644128106407,1.3143322475570032,0.16216216215777943,0.0,0.5675675675522279
1,qwen,13.966666666666667,37.83222222222222,0.24770642201721238,1.3510895883777239,0.19999999999333334,0.03333333333222222,0.6333333333122222
1,qwen,15.607142857142858,35.38137755102041,0.2263157894724931,1.3216783216783217,0.21428571427806123,0.0,0.49999999998214284
1,qwen,11.638297872340425,28.784065187867817,0.2580645161279917,1.2686567164179106,0.0,0.02127659574422816,0.5531914893499321
1,qwen,15.868421052631579,48.06163434903048,0.2526690391450083,1.3283082077051926,0.05263157894598339,0.0,0.5526315789328256
2,qwen,13.526315789473685,76.09141274238227,0.24902723735311663,1.4185110663983904,0.5263157894598338,0.07894736841897508,0.5789473684058172
2,qwen,8.0,31.661538461538463,0.19999999999923077,1.3298969072164948,0.49230769230011834,0.15384615384378697,0.49230769230011834
2,qwen,12.979166666666666,37.18706597222222,0.24281150159666834,1.434640522875817,0.3749999999921875,0.062499999998697923,0.39583333332508686
2,qwen,8.857142857142858,21.918367346938776,0.21874999999902345,1.3614457831325302,0.6530612244764682,0.1428571428542274,0.4081632652977926
2,qwen,14.119047619047619,85.81916099773241,0.24999999999915543,1.4243478260869564,0.5238095237970521,0.11904761904478459,0.23809523808956917
3,qwen,10.807692307692308,26.078402366863905,0.19343065693360062,1.323049001814882,0.19230769230399408,0.05769230769119823,0.519230769220784
3,qwen,10.26984126984127,50.1652809271857,0.1808873720130345,1.3060897435897436,0.793650793638196,0.17460317460040314,0.5079365079284455
3,qwen,11.647058823529411,44.50288350634372,0.15410958904056812,1.3010204081632653,0.5098039215586313,0.07843137254748174,0.4313725490111496
3,qwen,11.270833333333334,43.23914930555555,0.21739130434696685,1.2687140115163147,0.6666666666527779,0.12499999999739585,0.3749999999921875
3,qwen,11.696969696969697,33.544536271809,0.20435967302396632,1.2678100263852243,0.27272727272314046,0.06060606060514233,0.5303030302949954
4,qwen,11.777777777777779,40.22839506172839,0.2489270386255411,1.4714285714285715,0.27777777777006174,0.2222222222160494,0.24999999999305558
4,qwen,12.763157894736842,44.9702216066482,0.17647058823455264,1.4116424116424116,0.3684210526218837,0.05263157894598339,0.47368421051385046
4,qwen,11.714285714285714,39.3469387755102,0.18699186991793906,1.4651162790697674,0.47619047617913834,0.11904761904478459,0.45238095237018144
4,qwen,15.348837209302326,53.76203353163873,0.21003134796172404,1.3876923076923078,0.4651162790589508,0.13953488371768524,0.41860465115305573
4,qwen,17.178571428571427,45.28954081632652,0.22709163346523073,1.419287211740042,0.357142857130102,0.07142857142602041,0.32142857141709186
5,qwen,13.25,60.36931818181818,0.21532846715249881,1.3812056737588652,0.6363636363491736,0.1590909090872934,0.340909090901343
5,qwen,10.775510204081632,39.970012494793835,0.23387096774099247,1.2636916835699796,0.6122448979466889,0.387755102032903,0.48979591835735115
5,qwen,10.66,35.34439999999999,0.29136690647377206,1.367063492063492,0.599999999988,0.39999999999200003,0.37999999999240003
5,qwen,10.719298245614034,53.64050477069868,0.2480916030524882,1.2688927943760984,0.4912280701668206,0.21052631578578027,0.6140350877085258
5,qwen,8.984126984126984,47.15847820609725,0.2611940298497717,1.3484251968503937,0.793650793638196,0.5714285714195012,0.47619047618291765
6,qwen,20.761904761904763,45.89569160997732,0.16071428571356824,1.535632183908046,0.0952380952335601,0.0,0.1904761904671202
6,qwen,21.77777777777778,52.98765432098766,0.1743772241986677,1.4655172413793103,0.18518518517832647,0.03703703703566529,0.29629629628532234
6,qwen,19.384615384615383,68.23668639053254,0.15767634854706358,1.3067729083665338,0.1538461538402367,0.0,0.2692307692204142
6,qwen,18.884615384615383,38.10207100591716,0.1740890688252061,1.4521384928716905,0.0,0.0,0.2692307692204142
6,qwen,20.80952380952381,46.058956916099774,0.17808219178000875,1.423963133640553,0.0,0.0,0.0952380952335601
7,qwen,18.615384615384617,53.67258382642998,0.21929824561339387,1.4242424242424243,0.0,0.0,0.3846153846055227
7,qwen,12.022222222222222,28.021728395061736,0.20078740157401265,1.3079777365491652,0.0,0.0,0.39999999999111113
7,qwen,14.59375,35.5537109375,0.2791666666655035,1.3490364025695931,0.0,0.0,0.5312499999833985
7,qwen,13.854166666666666,19.29123263888889,0.22865853658466873,1.4385432473444613,0.0,0.0,0.45833333332378473
7,qwen,12.350877192982455,35.596183441058784,0.16374269005800077,1.4173913043478261,0.0,0.0,0.6140350877085258
8,qwen,13.321428571428571,27.503826530612248,0.1630434782604265,1.4129554655870444,0.0,0.0,0.4464285714205995
8,qwen,15.071428571428571,38.20918367346939,0.24666666666584444,1.2809523809523808,0.0,0.0,0.5238095237970521
8,qwen,12.541666666666666,25.956597222222225,0.17090909090846942,1.2745424292845258,0.2916666666605903,0.041666666665798616,0.5208333333224827
8,qwen,15.068181818181818,43.60898760330579,0.2719298245606084,1.4833333333333334,0.0,0.0,0.4090909090816116
8,qwen,12.71875,49.4521484375,0.274999999998625,1.3526448362720402,0.3749999999882813,0.12499999999609376,0.5312499999833985
9,qwen,16.710526315789473,36.36357340720222,0.14950166112907143,1.3606299212598425,0.10526315789196677,0.0,0.3684210526218837
9,qwen,17.333333333333332,67.85858585858587,0.13857677902569823,1.311387900355872,0.6060606060422407,0.15151515151056016,0.24242424241689625
9,qwen,14.978260869565217,55.93431001890359,0.20420420420359098,1.4410480349344978,0.2173913043431002,0.06521739130293006,0.2608695652117202
9,qwen,10.305084745762711,22.788279230106294,0.19614147909904778,1.3766666666666667,0.33898305084171215,0.06779661016834243,0.33898305084171215
9,qwen,17.964285714285715,28.67729591836735,0.16182572614040736,1.36779324055666,0.0,0.0,0.32142857141709186
10,qwen,14.484848484848484,56.613406795224975,0.20799999999916802,1.3714902807775378,0.6666666666464647,0.06060606060422406,0.4545454545316805
10,qwen,12.394736842105264,48.92313019390582,0.15637860082240174,1.4132762312633833,0.684210526297784,0.10526315789196677,0.49999999998684214
10,qwen,12.607142857142858,50.23852040816326,0.19298245613922232,1.36,0.7857142856862245,0.10714285713903061,0.4642857142691327
10,qwen,14.829787234042554,76.39655952919873,0.1983471074374701,1.438953488372093,0.6382978723268448,0.04255319148845632,0.42553191488456316
10,qwen,11.8,41.28727272727272,0.2370820668685803,1.384375,0.4727272727186777,0.054545454544462815,0.4545454545371901
11,qwen,17.966666666666665,27.365555555555556,0.22878228782203403,1.4601113172541744,0.0,0.03333333333222222,0.29999999999
11,qwen,17.285714285714285,28.718367346938773,0.26855123674816767,1.4122516556291391,0.0,0.057142857141224496,0.39999999998857144
11,qwen,20.423076923076923,22.551775147928993,0.23846153846062132,1.4433962264150944,0.0,0.038461538460059175,0.3846153846005917
11,qwen,13.666666666666666,18.0,0.2965116279052529,1.4119241192411924,0.0,0.03703703703566529,0.37037037035665293
11,qwen,18.4,57.35999999999999,0.2624434389128396,1.4,0.0,0.0,0.399999999984
12,qwen,17.78787878787879,43.19742883379247,0.24671052631497795,1.4828767123287672,0.06060606060422406,0.0,0.2727272727190083
12,qwen,17.48,54.0096,0.2796208530792435,1.411214953271028,0.0,0.0,0.399999999984
12,qwen,19.22222222222222,44.395061728395056,0.2784313725479277,1.3752417794970986,0.0,0.0,0.33333333332098763
12,qwen,15.03225806451613,42.8054110301769,0.2510638297861657,1.4525862068965518,0.0,0.0,0.22580645160561916
12,qwen,20.166666666666668,57.638888888888886,0.283999999998864,1.4926315789473685,0.0,0.0,0.1666666666597222
13,qwen,15.909090909090908,17.446280991735538,0.22355769230715491,1.6273932253313697,0.0,0.0,0.3863636363548554
13,qwen,21.285714285714285,51.275510204081634,0.26035502958502854,1.614213197969543,0.0,0.0,0.28571428570408164
13,qwen,18.470588235294116,29.307958477508652,0.1761194029845489,1.6019736842105263,0.0,0.0,0.20588235293512114
13,qwen,17.485714285714284,33.96408163265306,0.178787878787337,1.613486842105263,0.0,0.0,0.31428571427673474
13,qwen,17.333333333333332,20.622222222222224,0.1993464052281067,1.6516634050880625,0.0,0.0,0.1333333333288889
14,qwen,15.513513513513514,51.06062819576333,0.28731343283474886,1.4240837696335078,0.2702702702629657,0.10810810810518627,0.5405405405259314
14,qwen,18.91176470588235,83.60986159169549,0.2673611111101828,1.3396825396825396,0.4117647058702423,0.029411764705017305,0.44117647057525955
14,qwen,14.186046511627907,73.17468902109248,0.2912621359213875,1.3573825503355705,0.558139534870741,0.09302325581179016,0.34883720929421314
14,qwen,15.658536585365853,89.0053539559786,0.31448763250772266,1.3614649681528663,0.5853658536442594,0.2682926829202856,0.4878048780368828
14,qwen,14.63888888888889,77.89737654320987,0.26086956521636023,1.3850574712643677,0.49999999998611117,0.13888888888503087,0.3888888888780865
15,qwen,11.46808510638298,47.05749207786328,0.23188405797017433,1.3766990291262136,0.4680851063730195,0.14893617020959712,0.42553191488456316
15,qwen,10.508474576271187,30.860097673082446,0.24252491694271588,1.3133333333333332,0.30508474575754096,0.11864406779459925,0.45762711863631145
15,qwen,15.258064516129032,53.67533818938605,0.16455696202462214,1.4008528784648189,0.1290322580603538,0.0,0.3548387096659729
15,qwen,10.46938775510204,42.9021241149521,0.2529644268764705,1.3712574850299402,0.6938775510062475,0.16326530611911705,0.6122448979466889
15,qwen,10.75,17.505681818181817,0.26209677419249156,1.3834745762711864,0.227272727267562,0.0909090909070248,0.6136363636224174
16,qwen,14.38888888888889,81.79320987654322,0.21886792452747597,1.482421875,0.3888888888780865,0.1111111111080247,0.3611111111010803
16,qwen,11.520833333333334,52.12456597222223,0.1949458483747475,1.413662239089184,0.6249999999869792,0.22916666666189237,0.2916666666605903
16,qwen,15.84375,87.4443359375,0.24390243902339878,1.344689378757515,0.6249999999804688,0.18749999999414066,0.4687499999853516
16,qwen,11.857142857142858,35.265306122448976,0.24096385542071902,1.3162217659137576,0.6190476190328799,0.07142857142687076,0.3571428571343538
16,qwen,13.625,85.334375,0.22909090909007604,1.4176029962546817,0.64999999998375,0.0999999999975,0.54999999998625
17,qwen,10.166666666666666,35.6388888888889,0.18999999999936668,1.3724489795918366,0.4333333333261111,0.01666666666638889,0.4833333333252778
17,qwen,10.39655172413793,35.894470868014274,0.20711974109965334,1.432937181663837,0.4827586206813318,0.17241379310047564,0.39655172413109396
17,qwen,11.10204081632653,36.05081216159934,0.1862348178130112,1.2357563850687623,0.8571428571253645,0.12244897958933779,0.5918367346817993
17,qwen,12.577777777777778,21.08839506172839,0.15547703180157077,1.3142857142857143,0.04444444444345679,0.11111111110864198,0.33333333332592596
17,qwen,17.17241379310345,55.59096313912009,0.17857142857071998,1.4684317718940938,0.0,0.06896551723900118,0.17241379309750296
18,qwen,8.520833333333334,16.957899305555557,0.1877934272291653,1.258312020460358,0.7083333333185764,0.12499999999739585,0.3333333333263889
18,qwen,4.717391304347826,19.115784499054822,0.15044247787477483,1.255,0.0,0.3260869565146503,0.34782608694896033
18,qwen,9.257142857142858,29.448163265306118,0.17948717948602894,1.260586319218241,1.1999999999657145,0.1714285714236735,0.31428571427673474
18,qwen,11.333333333333334,71.48888888888887,0.19354838709552552,1.2044728434504792,1.8666666666044445,0.19999999999333334,0.4333333333188889
18,qwen,6.407407407407407,19.611796982167352,0.15254237288049413,1.3987730061349692,0.8148148147997257,0.18518518518175583,0.35185185184533607
19,qwen,14.30188679245283,30.625845496618016,0.16618911174737483,1.3817701453104358,0.339622641503026,0.03773584905589178,0.5283018867824849
19,qwen,13.303030303030303,36.1505968778696,0.17194570135668805,1.5011441647597255,0.3636363636253444,0.0,0.3939393939274564
19,qwen,11.613636363636363,31.146177685950416,0.1869565217383176,1.3425196850393701,0.227272727267562,0.2499999999943182,0.6136363636224174
19,qwen,16.636363636363637,44.53443526170798,0.1660777385153142,1.443014705882353,0.0,0.0,0.4242424242295685
19,qwen,15.466666666666667,51.91555555555554,0.19111111111026174,1.3698030634573304,0.19999999999333334,0.1333333333288889,0.49999999998333333
20,qwen,11.246153846153845,58.4624852071006,0.2499999999993132,1.3802228412256268,0.5846153846063905,0.04615384615313609,0.3846153846094674
20,qwen,9.758620689655173,40.97621878715814,0.24528301886699894,1.3157894736842106,0.5172413793014269,0.12068965517033295,0.5517241379215221
20,qwen,13.18867924528302,39.47383410466359,0.20658682634668687,1.379360465116279,0.30188679244713423,0.09433962263972945,0.43396226414275546
20,qwen,12.066666666666666,58.72888888888888,0.2130584192432541,1.4078212290502794,0.7555555555387655,0.11111111110864198,0.22222222221728397
20,qwen,11.241935483870968,43.05437044745058,0.2241379310338387,1.3494152046783625,0.6451612903121748,0.08064516128902185,0.5322580645075442
21,qwen,15.5625,79.30859375,0.27169811320652193,1.4969450101832993,0.6874999999785157,0.09374999999707033,0.3749999999882813
21,qwen,11.13953488372093,20.724716062736615,0.2727272727261948,1.6359743040685224,0.7906976744002164,0.1162790697647377,0.511627906964846
21,qwen,11.325,47.01937499999999,0.2322274881505582,1.4484304932735426,0.54999999998625,0.29999999999250004,0.42499999998937504
21,qwen,10.714285714285714,26.979591836734695,0.2129963898909278,1.5184466019417475,0.6530612244764682,0.16326530611911705,0.34693877550312374
21,qwen,10.955555555555556,57.99802469135803,0.3177966101681449,1.4662576687116564,0.7555555555387655,0.24444444443901236,0.5111111110997532
22,qwen,11.018867924528301,46.433606265574944,0.20805369127446963,1.3919156414762741,0.3773584905589178,0.07547169811178356,0.45283018867070135
22,qwen,11.0,34.394366197183096,0.23341523341465992,1.403693931398417,0.478873239429875,0.09859154929438603,0.43661971830370955
22,qwen,12.131578947368421,43.06163434903047,0.20247933884213853,1.523489932885906,0.4210526315678671,0.13157894736495845,0.47368421051385046
22,qwen,13.162162162162161,50.406135865595324,0.23461538461448225,1.4127659574468086,0.8648648648414902,0.16216216215777943,0.37837837836815197
22,qwen,12.936170212765957,49.7193300135808,0.2903225806441207,1.3823038397328882,0.08510638297691264,0.04255319148845632,0.531914893605704
23,qwen,11.74,41.1924,0.18867924528242555,1.4826989619377162,0.6399999999872,0.1399999999972,0.3199999999936
23,qwen,19.5,43.94230769230769,0.1999999999992157,1.4612326043737573,0.0,0.0,0.2692307692204142
23,qwen,22.08695652173913,52.51417769376182,0.25581395348738056,1.4031620553359683,0.0,0.0,0.39130434780907375
23,qwen,16.5,60.11666666666667,0.22177419354749286,1.4077868852459017,0.4666666666511111,0.06666666666444444,0.3333333333222222
23,qwen,18.678571428571427,49.78954081632653,0.24087591240788003,1.4307692307692308,0.07142857142602041,0.0,0.39285714284311224
24,qwen,14.352941176470589,47.110726643598625,0.22388059701409,1.4753086419753085,0.4117647058702423,0.11764705882006922,0.3529411764602077
24,qwen,20.838709677419356,53.554630593132146,0.2530487804870334,1.439252336448598,0.0645161290301769,0.0,0.32258064515088447
24,qwen,16.885714285714286,68.84408163265307,0.19867549668808387,1.4088586030664396,0.22857142856489798,0.057142857141224496,0.39999999998857144
24,qwen,12.612244897959183,28.523115368596414,0.24671052631497795,1.3739837398373984,0.12244897958933779,0.04081632652977926,0.2857142857084548
24,qwen,21.178571428571427,34.21811224489796,0.2171052631571806,1.4338983050847458,0.07142857142602041,0.0,0.178571428565051
25,qwen,19.4,29.72571428571429,0.24099722991622993,1.4444444444444444,0.11428571428244899,0.0,0.22857142856489798
25,qwen,15.695652173913043,35.08128544423441,0.18421052631481996,1.4066852367688023,0.0,0.0,0.21739130433837428
25,qwen,14.028169014084508,55.379488196786355,0.16806722689040324,1.3666323377960865,0.2535211267569926,0.014084507042055147,0.5633802816822059
25,qwen,19.757575757575758,46.244260789715334,0.19148936170154562,1.4404945904173108,0.0,0.0,0.3939393939274564
25,qwen,18.1875,83.77734375,0.23300970873711002,1.3304347826086957,0.06249999999804688,0.0,0.4687499999853516
26,qwen,15.975,61.124375,0.2539682539674477,1.3048973143759874,0.0999999999975,0.04999999999875,0.324999999991875
26,qwen,12.764705882352942,46.94463667820069,0.23744292237334502,1.421911421911422,0.05882352941003461,0.05882352941003461,0.44117647057525955
26,qwen,13.895833333333334,33.759982638888886,0.2265861027183487,1.4136363636363636,0.12499999999739585,0.020833333332899308,0.41666666665798613
26,qwen,9.796296296296296,34.42146776406036,0.1841155234650393,1.3874755381604698,0.5185185185089164,0.1111111111090535,0.31481481480898493
26,qwen,13.767441860465116,38.87614926987561,0.2305084745754898,1.4079173838209982,0.2790697674353705,0.02325581395294754,0.5813953488236885
27,qwen,12.541666666666666,29.498263888888886,0.19218241042282677,1.4100840336134455,0.541666666655382,0.08333333333159723,0.3541666666592882
27,qwen,13.90566037735849,28.46279814880741,0.22222222222162,1.4027397260273973,0.22641509433535068,0.05660377358383767,0.3584905660309719
27,qwen,17.642857142857142,38.58673469387755,0.17968749999929812,1.4519427402862985,0.0,0.0,0.357142857130102
27,qwen,14.522727272727273,67.15857438016529,0.19314641744488117,1.3503184713375795,0.454545454535124,0.0909090909070248,0.4772727272618802
27,qwen,15.926829268292684,42.26293872694824,0.19135802469076743,1.4126738794435858,0.04878048780368829,0.0,0.2926829268221297
28,qwen,11.132075471698114,33.699537201851186,0.24014336917476653,1.3390705679862307,0.6037735848942685,0.03773584905589178,0.5471698113104307
28,qwen,17.487179487179485,49.634451019066404,0.1893491124254753,1.3833580980683506,0.3076923076844182,0.07692307692110455,0.3333333333247864
28,qwen,15.785714285714286,19.811224489795922,0.2291666666657118,1.4634703196347032,0.14285714285204082,0.0,0.39285714284311224
28,qwen,12.65,39.1275,0.21311475409748723,1.3293413173652695,0.54999999998625,0.14999999999625002,0.42499999998937504
28,qwen,9.065217391304348,33.27835538752363,0.24311926605393067,1.3707317073170733,0.6521739130293006,0.1304347826058601,0.3260869565146503
29,qwen,13.178571428571429,52.64668367346939,0.26562499999861655,1.5331491712707181,0.357142857130102,0.28571428570408164,0.42857142855612246
29,qwen,11.891304347826088,54.87948960302457,0.2469135802458975,1.2881355932203389,0.7391304347665407,0.1304347826058601,0.5434782608577505
29,qwen,9.754716981132075,35.69455322178711,0.20769230769150887,1.3835341365461848,0.6415094339501602,0.05660377358383767,0.41509433961480957
29,qwen,12.133333333333333,32.91555555555556,0.17175572519018414,1.3735849056603773,0.7555555555387655,0.11111111110864198,0.5111111110997532
29,qwen,12.711538461538462,45.012943786982255,0.22570532915289748,1.392966360856269,0.5384615384511835,0.11538461538239646,0.49999999999038464
30,qwen,11.987654320987655,60.333180917543054,0.18260869565177695,1.3679745493107105,0.5925925925852766,0.12345679012193263,0.3950617283901844
30,qwen,11.584615384615384,65.65822485207102,0.1994818652844573,1.3712737127371273,0.8307692307564497,0.30769230768757394,0.36923076922508874
30,qwen,17.307692307692307,32.7258382642998,0.18100890207661421,1.527736131934033,0.0,0.0,0.4102564102458909
30,qwen,13.446808510638299,58.75780896333183,0.20253164556897935,1.4469453376205788,0.5106382978614759,0.06382978723268448,0.42553191488456316
30,qwen,11.60377358490566,28.31470274118903,0.1829652996839654,1.5621890547263682,0.41509433961480957,0.09433962263972945,0.3962264150868637
31,qwen,18.90909090909091,41.05234159779614,0.25078369905877496,1.414516129032258,0.1818181818126722,0.03030303030211203,0.24242424241689625
31,qwen,17.375,23.651041666666668,0.2688679245270337,1.3975903614457832,0.0,0.0,0.12499999999479167
31,qwen,18.11764705882353,31.986159169550174,0.20569620253099463,1.3762214983713354,0.0,0.0,0.17647058823010384
31,qwen,18.48148148148148,30.694101508916326,0.25714285714180757,1.3178137651821862,0.0,0.0,0.37037037035665293
31,qwen,15.96774193548387,41.966701352757546,0.23076923076834321,1.4683026584867076,0.1290322580603538,0.0,0.32258064515088447
32,qwen,13.205128205128204,50.72715318869166,0.1666666666659357,1.2450592885375493,1.1282051281762,0.1538461538422091,0.48717948716699544
32,qwen,10.326086956521738,43.8719281663516,0.2291666666657118,1.4086956521739131,0.7826086956351608,0.1086956521715501,0.3913043478175804
32,qwen,10.50943396226415,38.85368458526166,0.19277108433657522,1.3766478342749529,0.5660377358383767,0.05660377358383767,0.5660377358383767
32,qwen,12.785714285714286,38.0969387755102,0.22857142857012247,1.3314121037463977,1.428571428520408,0.28571428570408164,0.42857142855612246
32,qwen,13.866666666666667,47.09333333333334,0.21404682274175904,1.546644844517185,0.35555555554765433,0.06666666666518518,0.44444444443456793
33,qwen,16.41176470588235,54.83044982698962,0.22535211267526287,1.4512635379061372,0.23529411764013844,0.05882352941003461,0.4117647058702423
33,qwen,11.533333333333333,29.537777777777773,0.16544117646998,1.4621359223300971,0.39999999999111113,0.04444444444345679,0.35555555554765433
33,qwen,12.090909090909092,29.809917355371905,0.1595744680845405,1.4538606403013183,0.1818181818140496,0.0454545454535124,0.2727272727210744
33,qwen,12.130434782608695,36.113421550094515,0.2149837133543486,1.4805194805194806,0.5217391304234404,0.1086956521715501,0.34782608694896033
33,qwen,20.551724137931036,56.799048751486325,0.21428571428501855,1.5143338954468804,0.06896551723900118,0.03448275861950059,0.27586206895600474
34,qwen,13.625,124.634375,0.11744966442913608,1.7728119180633146,0.0,0.0,0.0
34,qwen,14.868421052631579,125.90373961218836,0.165584415583878,1.7801418439716312,0.0,0.0,0.07894736841897508
34,qwen,16.227272727272727,76.22107438016529,0.08355795148225456,1.80028129395218,0.0,0.0,0.0681818181802686
34,qwen,14.263157894736842,49.246537396121894,0.08469055374565247,1.844859813084112,0.0,0.0,0.05263157894598339
34,qwen,11.18,61.78759999999999,0.11146496815251127,1.8738738738738738,0.0,0.0,0.0
35,qwen,11.294117647058824,37.97231833910035,0.14814814814746227,1.520107238605898,0.7647058823304499,0.029411764705017305,0.3529411764602077
35,qwen,12.958333333333334,35.595486111111114,0.21843687374705725,1.5109170305676856,0.3333333333287037,0.027777777777391974,0.3611111111060957
35,qwen,9.023809523809524,21.547052154195015,0.20754716981034177,1.5626740947075208,0.5714285714149661,0.11904761904478459,0.33333333332539683
35,qwen,13.702702702702704,34.5872899926954,0.1844262295074409,1.43687374749499,0.10810810810518627,0.10810810810518627,0.5135135134996348
35,qwen,11.61111111111111,17.459876543209877,0.14409221901975766,1.5773710482529117,0.444444444436214,0.05555555555452675,0.33333333332716053
36,qwen,15.419354838709678,44.9531737773153,0.1686274509797309,1.4612068965517242,1.0322580644828303,0.32258064515088447,0.41935483869614987
36,qwen,11.825,43.694375,0.15573770491739453,1.3566739606126914,0.7499999999812501,0.12499999999687501,0.37499999999062505
36,qwen,12.333333333333334,44.079365079365076,0.1771217712170586,1.4232283464566928,0.8095238095045352,0.09523809523582767,0.3571428571343538
36,qwen,10.707317073170731,25.377751338488995,0.25974025973913534,1.4069767441860466,0.3902439024295063,0.04878048780368829,0.3902439024295063
36,qwen,11.863636363636363,60.11776859504132,0.23333333333246914,1.4137254901960785,0.681818181802686,0.1363636363605372,0.3636363636280992
37,qwen,15.020833333333334,27.603732638888886,0.2231182795692927,1.4416666666666667,0.0,0.0,0.41666666665798613
37,qwen,16.72222222222222,14.867283950617283,0.1748251748239523,1.3156146179401993,0.0,0.0,0.6666666666296296
37,qwen,18.653846153846153,36.53402366863906,0.16470588235229527,1.44258872651357,0.07692307692011835,0.0,0.19230769230029585
37,qwen,13.914893617021276,61.694884563150744,0.20749279538845103,1.4984423676012462,0.42553191488456316,0.08510638297691264,0.2553191489307379
37,qwen,14.085106382978724,48.928927116342244,0.25360230547477347,1.3898305084745763,0.6808510638153011,0.08510638297691264,0.27659574467496606
38,qwen,28.133333333333333,88.91555555555554,0.31020408163138696,1.5513126491646778,0.0,0.0,0.19999999998666668
38,qwen,47.0,174.30769230769232,0.22922636103086183,1.6095551894563427,0.15384615383431952,0.0,0.3846153845857988
38,qwen,24.4,26.74,0.2683823529401898,1.4596273291925466,0.0,0.0,0.099999999995
38,qwen,28.17391304347826,103.18714555765591,0.25377643504455055,1.462015503875969,0.26086956520604915,0.04347826086767486,0.13043478260302457
38,qwen,30.6875,85.96484375,0.30584192439757446,1.676954732510288,0.1249999999921875,0.0,0.06249999999609375
39,qwen,15.333333333333334,19.74603174603174,0.23602484471903093,1.3333333333333333,0.0952380952335601,0.0,0.3333333333174603
39,qwen,14.705882352941176,53.325259515570934,0.260700389104044,1.4518072289156627,0.3529411764602077,0.029411764705017305,0.1470588235250865
39,qwen,14.45,28.297499999999996,0.18729096989903918,1.3843478260869566,0.34999999999125003,0.04999999999875,0.17499999999562502
39,qwen,20.391304347826086,20.238185255198488,0.234309623429982,1.3747323340471092,0.0,0.0,0.08695652173534972
39,qwen,14.731707317073171,77.31826293872695,0.21379310344753866,1.4352941176470588,0.6341463414479477,0.1219512195092207,0.2682926829202856
40,qwen,21.869565217391305,65.06994328922494,0.21224489795831739,1.364185110663984,0.08695652173534972,0.0,0.3478260869413989
40,qwen,16.954545454545453,18.770661157024787,0.21546961325847808,1.3592493297587132,0.0,0.0,0.31818181816735536
40,qwen,13.885714285714286,52.72979591836734,0.26229508196613815,1.3699788583509513,0.342857142847347,0.0,0.2571428571355102
40,qwen,17.166666666666668,40.30555555555556,0.22653721682774583,1.3983606557377048,0.16666666666203706,0.0,0.3611111111010803
40,qwen,18.26923076923077,68.27366863905326,0.2489451476782745,1.375796178343949,0.0,0.0,0.46153846152071004
41,qwen,16.823529411764707,90.38062283737024,0.15254237288083886,1.3732394366197183,0.7647058823304499,0.05882352941003461,0.4117647058702423
41,qwen,11.926829268292684,60.21415823914336,0.23228346456601465,1.4456066945606694,0.682926829251636,0.14634146341106485,0.2926829268221297
41,qwen,20.689655172413794,25.317479191438764,0.2327044025149915,1.4158249158249159,0.27586206895600474,0.0,0.24137931033650417
41,qwen,20.93103448275862,69.0986920332937,0.18064516128973987,1.3822075782537067,0.9655172413460167,0.0,0.27586206895600474
41,qwen,16.11111111111111,48.0246913580247,0.18584070796377947,1.4042056074766356,0.5185185184993141,0.0,0.22222222221399177
42,qwen,11.72,43.2816,0.20071684587741678,1.3132530120481927,0.9199999999816001,0.19999999999600002,0.45999999999080005
42,qwen,13.030303030303031,39.78696051423325,0.20754716981034177,1.352803738317757,0.848484848459137,0.12121212120844813,0.33333333332323234
42,qwen,11.270833333333334,44.65581597222222,0.2419354838699922,1.3475836431226766,0.5833333333211806,0.3124999999934896,0.5208333333224827
42,qwen,12.403225806451612,44.659989594172735,0.1745152354565803,1.360372340425532,0.5483870967653486,0.19354838709365246,0.3870967741873049
42,qwen,11.884615384615385,36.56360946745562,0.2532051282043167,1.33278955954323,0.5384615384511835,0.11538461538239646,0.423076923068787
43,qwen,15.3125,40.423177083333336,0.2168674698789955,1.606896551724138,0.2499999999947917,0.041666666665798616,0.3124999999934896
43,qwen,13.88,29.505600000000005,0.21750663129915782,1.598550724637681,0.23999999999520003,0.0,0.1799999999964
43,qwen,13.444444444444445,26.86913580246913,0.18210862619750126,1.5498338870431894,0.26666666666074074,0.0,0.26666666666074074
43,qwen,13.709090909090909,23.369917355371904,0.1698564593297372,1.63841059602649,0.4727272727186777,0.0,0.2909090909038017
43,qwen,13.642857142857142,45.42006802721088,0.21086261980763304,1.5545774647887325,0.33333333332539683,0.047619047617913836,0.2619047618985261
44,qwen,12.58,64.9636,0.2302405498273875,1.382258064516129,0.599999999988,0.0399999999992,0.5799999999884
44,qwen,12.357142857142858,28.277210884353742,0.18503937007801166,1.3972868217054264,0.7142857142687076,0.11904761904478459,0.47619047617913834
44,qwen,10.025,40.974374999999995,0.19902912621262608,1.3894472361809045,0.7499999999812501,0.12499999999687501,0.37499999999062505
44,qwen,9.75,42.25416666666667,0.2481481481472291,1.3968531468531469,0.6333333333227779,0.21666666666305556,0.5499999999908334
44,qwen,13.794117647058824,26.987024221453286,0.20704845814886763,1.3468950749464668,0.5294117646903115,0.08823529411505192,0.5294117646903115
45,qwen,12.538461538461538,37.2741617357002,0.2877358490552465,1.2746331236897275,0.46153846152662725,0.0,0.6923076922899409
45,qwen,13.72972972972973,25.224251278305328,0.24050632911290926,1.300395256916996,0.0,0.0,0.7027027026837108
45,qwen,9.461538461538462,29.879289940828404,0.2407407407398491,1.3142857142857143,0.4615384615313609,0.16923076922816568,0.5999999999907693
45,qwen,11.411764705882353,29.889273356401386,0.2293333333327218,1.3763020833333333,0.3235294117599481,0.058823529410899654,0.41176470587629754
45,qwen,11.333333333333334,25.347222222222218,0.19531249999923708,1.4309701492537314,0.3749999999921875,0.020833333332899308,0.6041666666540799
46,qwen,16.733333333333334,25.062222222222218,0.225190839693797,1.4057377049180328,0.0,0.0,0.19999999999333334
46,qwen,16.346153846153847,30.610946745562135,0.15624999999930247,1.4258373205741626,0.0,0.0,0.1538461538402367
46,qwen,17.64516129032258,47.5837669094693,0.19272727272657192,1.411764705882353,0.0,0.0,0.2580645161207076
46,qwen,21.12,54.58559999999999,0.18250950570272811,1.3657142857142857,0.0,0.0,0.2799999999888
46,qwen,18.035714285714285,27.248724489795922,0.19685039370001242,1.4285714285714286,0.0,0.0,0.357142857130102
47,qwen,11.673469387755102,47.689296126613904,0.21328671328596754,1.3405017921146953,0.48979591835735115,0.18367346938400667,0.44897959182757186
47,qwen,14.361702127659575,58.954277953825255,0.2530487804870334,1.350453172205438,0.7021276595595293,0.12765957446536896,0.5531914893499321
47,qwen,12.710526315789474,42.153047091412745,0.22173913043381854,1.365904365904366,0.5789473684058172,0.05263157894598339,0.6315789473518006
47,qwen,13.74468085106383,57.083748302399265,0.23579545454478468,1.343402225755167,0.5106382978614759,0.17021276595382528,0.27659574467496606
47,qwen,12.0,52.333333333333336,0.18749999999946734,1.382183908045977,0.5333333333244444,0.1333333333311111,0.41666666665972224
48,qwen,12.761904761904763,31.086167800453516,0.19434628975196344,1.4083175803402646,0.19047619047165534,0.047619047617913836,0.28571428570748303
48,qwen,12.130434782608695,31.504725897920604,0.2714285714266327,1.3501805054151625,0.43478260867674856,0.04347826086767486,0.43478260867674856
48,qwen,12.882352941176471,38.57439446366782,0.20276497695759096,1.4325581395348836,0.17647058823010384,0.11764705882006922,0.26470588234515574
48,qwen,17.92,22.8736,0.2018779342713527,1.360178970917226,0.0,0.0399999999984,0.3599999999856
48,qwen,15.25,26.743055555555557,0.27240143369077996,1.3905109489051095,0.1111111111080247,0.05555555555401235,0.3888888888780865
49,qwen,15.241379310344827,31.83828775267539,0.21860465116177394,1.4373576309794989,0.27586206895600474,0.0,0.3448275861950059
49,qwen,17.033333333333335,31.63222222222222,0.14741035856514978,1.418467583497053,0.3999999999866667,0.0,0.3999999999866667
49,qwen,21.74074074074074,88.34019204389575,0.2164948453600808,1.4020442930153323,0.22222222221399177,0.0,0.25925925924965704
49,qwen,17.714285714285715,29.632653061224488,0.19692307692247102,1.5325732899022801,0.1714285714236735,0.0,0.31428571427673474
49,qwen,20.03125,76.5927734375,0.20540540540485025,1.6735015772870663,0.18749999999414066,0.0,0.21874999999316408
50,qwen,16.93103448275862,52.54696789536266,0.2274509803912649,1.6127049180327868,0.06896551723900118,0.0,0.41379310343400716
50,qwen,17.96969696969697,42.1505968778696,0.21538461538395268,1.6963979416809605,0.12121212120844813,0.0,0.4242424242295685
50,qwen,15.833333333333334,51.583333333333336,0.19536423840994913,1.6452762923351159,0.27777777777006174,0.027777777777006175,0.4444444444320988
50,qwen,15.375,30.484375,0.22592592592508917,1.7474541751527495,0.0,0.0,0.49999999998437505
50,qwen,15.172413793103448,25.177170035671818,0.20331950207384517,1.7165898617511521,0.0,0.0,0.5172413792925089
51,qwen,8.987341772151899,23.63275116167281,0.1892655367226292,1.3869565217391304,0.379746835438231,0.12658227847941034,0.4303797468299952
51,qwen,13.568181818181818,51.15444214876033,0.17647058823471742,1.4844290657439447,0.5454545454421488,0.2499999999943182,0.3181818181745868
51,qwen,11.595238095238095,56.24092970521542,0.23809523809429328,1.4673684210526317,0.33333333332539683,0.07142857142687076,0.4047619047522676
51,qwen,14.02,54.1796,0.19207317073112173,1.3757225433526012,0.19999999999600002,0.0,0.43999999999120004
51,qwen,12.255813953488373,29.6322336398053,0.17374517374450293,1.436046511627907,0.32558139534126557,0.06976744185884262,0.34883720929421314
52,qwen,9.177777777777777,26.2795061728395,0.15425531914811566,1.2675,0.5777777777649383,0.11111111110864198,0.5555555555432099
52,qwen,13.560975609756097,45.22189173111243,0.24468085106296214,1.3407407407407408,0.7317073170553243,0.09756097560737657,0.4634146341350387
52,qwen,15.3125,33.77734375,0.2595744680840018,1.3578732106339468,0.12499999999609376,0.0,0.3749999999882813
52,qwen,12.294117647058824,53.73702422145329,0.1635071090043519,1.3941958887545345,0.49999999999264705,0.08823529411634948,0.44117647058174736
52,qwen,10.576271186440678,38.549267451881654,0.20608108108038486,1.3338983050847457,0.5084745762625683,0.2203389830471129,0.5593220338888251
53,qwen,16.225,60.174375,0.2818181818173278,1.3740340030911902,0.0999999999975,0.24999999999375003,0.274999999993125
53,qwen,11.23728813559322,32.62166044240161,0.25217391304274733,1.3894080996884735,0.5084745762625683,0.1864406779629417,0.389830508467969
53,qwen,17.35,48.627500000000005,0.25655976676310044,1.3372093023255813,0.199999999995,0.22499999999437503,0.34999999999125003
53,qwen,15.84375,38.0693359375,0.24576271186336543,1.313373253493014,0.3749999999882813,0.18749999999414066,0.3124999999902344
53,qwen,14.735294117647058,46.253460207612456,0.23684210526211913,1.3199195171026157,0.3529411764602077,0.20588235293512114,0.44117647057525955
54,qwen,13.166666666666666,47.01388888888889,0.222222222221496,1.3488,0.4999999999895834,0.062499999998697923,0.3333333333263889
54,qwen,21.86842105263158,53.06163434903048,0.2041284403665043,1.5169082125603865,0.0,0.0,0.2631578947299169
54,qwen,15.162162162162161,35.86559532505479,0.24999999999915543,1.4936708860759493,0.054054054052593135,0.0,0.18918918918407598
54,qwen,16.058823529411764,64.76124567474048,0.18891687657383144,1.3576732673267327,0.19607843136870437,0.0,0.39215686273740874
54,qwen,14.79245283018868,68.50409398362406,0.22962962962906264,1.5013297872340425,0.5283018867824849,0.11320754716767534,0.30188679244713423
55,qwen,10.196969696969697,24.370293847566575,0.2523364485973448,1.3573667711598747,0.7878787878668503,0.13636363636157023,0.5303030302949954
55,qwen,12.041666666666666,40.289930555555564,0.24697336561683542,1.3237753882915173,0.47222222221566357,0.24999999999652778,0.47222222221566357
55,qwen,11.490196078431373,43.62245290272973,0.19133574007151144,1.320921985815603,0.39215686273740874,0.13725490195809306,0.5294117646955018
55,qwen,12.25925925925926,83.48834019204388,0.2327868852451384,1.3623417721518987,0.7777777777633745,0.7777777777633745,0.4814814814725652
55,qwen,7.898876404494382,23.8886504229264,0.20161290322526448,1.3233532934131738,0.7640449438116399,0.3258426966255523,0.34831460673765935
56,qwen,15.225,28.424374999999998,0.2247557003250008,1.4523026315789473,0.0,0.024999999999375,0.54999999998625
56,qwen,18.545454545454547,42.18732782369146,0.24579124579041822,1.3993453355155483,0.0,0.0,0.4848484848337925
56,qwen,13.375,37.434375,0.33070866141602084,1.397748592870544,0.0,0.024999999999375,0.54999999998625
56,qwen,16.105263157894736,44.16435826408126,0.24299065420503974,1.3929359823399559,0.3157894736786704,0.03508771929763004,0.5614035087620807
56,qwen,19.0,25.40740740740741,0.2510460251035521,1.43359375,0.0,0.0,0.44444444442798353
57,qwen,20.4375,54.62109375,0.37426900584576456,1.4074074074074074,0.0,0.1249999999921875,0.31249999998046873
57,qwen,16.11111111111111,33.20987654320988,0.21917808219078003,1.406032482598608,0.07407407407133058,0.07407407407133058,0.33333333332098763
57,qwen,18.05263157894737,30.78670360110803,0.28977272727108083,1.361764705882353,0.0,0.10526315788919667,0.26315789472299167
57,qwen,17.333333333333332,59.72222222222222,0.27441860464988643,1.397094430992736,0.0,0.0,0.2083333333246528
57,qwen,23.0,95.82608695652173,0.32941176470459055,1.289827255278311,0.0,0.13043478260302457,0.5217391304120983
58,qwen,13.159090909090908,42.22469008264463,0.19808306709201892,1.5506216696269983,0.4090909090816116,0.0681818181802686,0.2954545454478306
58,qwen,14.235294117647058,71.0622837370242,0.2133891213380193,1.5041322314049588,0.4705882352802769,0.05882352941003461,0.5294117646903115
58,qwen,17.057142857142857,90.22530612244898,0.21474358974290148,1.5667808219178083,0.1714285714236735,0.057142857141224496,0.42857142855918373
58,qwen,17.35483870967742,61.4547346514048,0.2302158273373014,1.5265151515151516,0.4516129032112383,0.16129032257544224,0.32258064515088447
58,qwen,17.02777777777778,76.97145061728395,0.23417721518913237,1.4451827242524917,0.5555555555401235,0.08333333333101853,0.4444444444320988
59,qwen,12.428571428571429,33.244897959183675,0.23214285714202806,1.4268774703557312,0.33333333332539683,0.023809523808956918,0.33333333332539683
59,qwen,14.325,42.919375,0.19078947368358293,1.3919156414762741,0.49999999998750005,0.024999999999375,0.24999999999375003
59,qwen,14.27659574468085,27.476686283386147,0.15151515151473413,1.5258358662613982,0.21276595744228158,0.02127659574422816,0.21276595744228158
59,qwen,12.318181818181818,41.989669421487605,0.16967509025209504,1.4714828897338403,0.4999999999886364,0.0681818181802686,0.4090909090816116
60,qwen,13.844444444444445,38.309135802469136,0.22360248447135528,1.357843137254902,0.04444444444345679,0.0,0.26666666666074074
60,qwen,20.09090909090909,31.900826446280995,0.25791855203503206,1.4874715261958997,0.09090909090495868,0.0,0.31818181816735536
60,qwen,28.75,92.85416666666667,0.25568181818036545,1.456140350877193,0.0,0.0,0.0
60,qwen,19.166666666666668,25.916666666666668,0.1923076923066357,1.5364431486880465,0.0,0.0,0.3333333333148148
60,qwen,18.31578947368421,23.90027700831025,0.2236842105248442,1.3994169096209912,0.21052631577839334,0.0,0.5263157894459833
61,qwen,15.073170731707316,26.360499702558005,0.20967741935416234,1.3685064935064934,0.04878048780368829,0.0,0.36585365852766216
61,qwen,18.416666666666668,30.409722222222218,0.2318181818171281,1.4081632653061225,0.0,0.0,0.5833333333090278
61,qwen,20.24,84.66239999999999,0.23387096774099247,1.4116465863453815,0.0799999999968,0.0,0.2399999999904
61,qwen,14.772727272727273,34.311983471074385,0.20943952802298102,1.3695652173913044,0.0909090909070248,0.0,0.454545454535124
61,qwen,12.761904761904763,28.752834467120184,0.23193916349721697,1.3465160075329567,0.28571428570748303,0.047619047617913836,0.47619047617913834
62,qwen,14.066666666666666,93.72888888888887,0.20264317180527472,1.4038929440389294,0.9333333333022222,0.3333333333222222,0.23333333332555556
62,qwen,13.18918918918919,36.63988312636961,0.19999999999923077,1.40084388185654,0.5945945945785245,0.054054054052593135,0.32432432431555885
62,qwen,11.694915254237289,80.48319448434357,0.24438202247122365,1.3785394932935917,0.5084745762625683,0.1864406779629417,0.30508474575754096
62,qwen,12.054054054054054,24.105186267348437,0.22821576763390783,1.4285714285714286,0.7027027026837108,0.054054054052593135,0.3513513513418554
62,qwen,11.378378378378379,42.289262235208184,0.2201834862375221,1.3793103448275863,0.37837837836815197,0.16216216215777943,0.3513513513418554
63,qwen,13.122448979591837,35.536026655560185,0.22530864197461326,1.381846635367762,0.2040816326488963,0.06122448979466889,0.387755102032903
63,qwen,12.777777777777779,48.672839506172835,0.22222222222127255,1.3736017897091723,0.777777777756173,0.08333333333101853,0.4166666666550926
63,qwen,13.071428571428571,24.018707482993197,0.2481481481472291,1.4146788990825687,0.0,0.0,0.42857142856122454
63,qwen,12.106382978723405,24.903576278859216,0.19855595667798356,1.4223826714801444,0.2553191489307379,0.06382978723268448,0.34042553190765057
63,qwen,13.380952380952381,34.569160997732425,0.24315068493067415,1.336314847942755,0.14285714285374151,0.0,0.5952380952239229
64,qwen,12.14,43.8804,0.20333333333265557,1.3584589614740368,0.5599999999888,0.0799999999984,0.47999999999040005
64,qwen,12.710526315789474,30.31094182825484,0.24528301886676754,1.2908704883227176,0.21052631578393355,0.026315789472991694,0.5263157894598338
64,qwen,13.4375,51.49609375,0.19117647058753245,1.3067092651757188,0.41666666665798613,0.12499999999739585,0.5833333333211806
64,qwen,15.4,47.55428571428571,0.1921568627443445,1.337686567164179,0.342857142847347,0.0,0.6571428571240817
64,qwen,18.77777777777778,38.39506172839506,0.21632653061136195,1.4158415841584158,0.44444444442798353,0.07407407407133058,0.5555555555349794
65,qwen,15.37037037037037,54.89986282578875,0.19999999999894738,1.2919708029197081,0.29629629628532234,0.03703703703566529,0.5185185184993141
65,qwen,10.45945945945946,21.70781592403214,0.18817204300974102,1.3454545454545455,0.16216216215777943,0.21621621621037254,0.5135135134996348
65,qwen,11.396825396825397,21.159989921894685,0.1916010498682635,1.3610719322990128,0.2222222222186949,0.01587301587276392,0.49206349205568156
65,qwen,9.732142857142858,20.660395408163264,0.20863309352442938,1.3947858472998138,0.4999999999910715,0.053571428570471945,0.35714285713647964
65,qwen,11.13953488372093,37.70146024878313,0.17446808510564057,1.342612419700214,0.558139534870741,0.06976744185884262,0.6046511627766361
66,qwen,15.878787878787879,56.773186409550036,0.23346303501854684,1.4665391969407267,0.4242424242295685,0.0909090909063361,0.3939393939274564
66,qwen,21.692307692307693,188.36686390532543,0.237588652481427,1.4025270758122743,0.7692307692011834,0.23076923076035502,0.46153846152071004
66,qwen,15.235294117647058,57.179930795847746,0.2709923664111794,1.4299610894941635,0.588235294100346,0.08823529411505192,0.4705882352802769
66,qwen,16.9,64.03999999999999,0.21221864951700253,1.3677130044843049,0.24999999999375003,0.12499999999687501,0.34999999999125003
66,qwen,12.85,45.527499999999996,0.1821862348170762,1.3618677042801557,0.64999999998375,0.07499999999812501,0.324999999991875
67,qwen,11.727272727272727,32.243801652892564,0.20564516128949337,1.4158415841584158,0.3181818181745868,0.113636363633781,0.4999999999886364
67,qwen,16.323529411764707,70.98356401384082,0.22692307692220415,1.2686025408348458,0.17647058823010384,0.0,0.588235294100346
67,qwen,15.382352941176471,70.47145328719724,0.24890829694214453,1.310077519379845,0.6470588235103807,0.23529411764013844,0.7058823529204153
67,qwen,14.512820512820513,41.583168967784346,0.1754385964906125,1.4516129032258065,0.2564102564036818,0.02564102564036818,0.3846153846055227
68,qwen,15.317073170731707,53.094586555621646,0.23030303030233243,1.558252427184466,0.3902439024295063,0.09756097560737657,0.21951219511659728
68,qwen,16.70731707317073,34.30458060678168,0.2664835164827844,1.584683357879234,0.04878048780368829,0.0,0.21951219511659728
68,qwen,17.107142857142858,38.09566326530612,0.2601626016249587,1.6784968684759916,0.0,0.035714285713010205,0.21428571427806123
68,qwen,12.725,27.799374999999998,0.20289855072390256,1.5409181636726548,0.49999999998750005,0.024999999999375,0.39999999999
68,qwen,15.566666666666666,54.14555555555555,0.2391752577314656,1.4234527687296417,0.1666666666638889,0.03333333333277778,0.31666666666138893
69,qwen,11.24561403508772,41.06248076331178,0.1902017291060801,1.4190476190476191,0.3859649122739305,0.052631578946445066,0.35087719297630043
69,qwen,12.243243243243244,21.535427319211102,0.2170212765948212,1.4513274336283186,0.16216216215777943,0.0,0.3513513513418554
69,qwen,13.08108108108108,52.99342585829073,0.24096385542071902,1.3875,0.32432432431555885,0.027027027026296568,0.37837837836815197
69,qwen,17.161290322580644,33.9417273673257,0.18796992481132344,1.3911368015414258,0.0,0.0,0.5483870967565037
69,qwen,15.777777777777779,47.61728395061729,0.21782178217749895,1.5660714285714286,0.2222222222160494,0.027777777777006175,0.3333333333240741
70,qwen,24.0,47.0,0.19831223628608308,1.6093023255813954,0.11111111110493826,0.0,0.22222222220987653
70,qwen,18.807692307692307,35.539940828402365,0.18918918918845873,1.6024844720496894,0.0,0.0,0.3461538461405325
70,qwen,14.8,44.260000000000005,0.21333333333262222,1.5610169491525423,0.0999999999975,0.0999999999975,0.274999999993125
70,qwen,17.857142857142858,39.55102040816327,0.21739130434703843,1.629258517034068,0.0,0.0,0.357142857130102
70,qwen,20.88,36.665600000000005,0.2040133779257391,1.7848837209302326,0.0,0.0,0.199999999992
71,qwen,11.695652173913043,41.25519848771267,0.24796747967378877,1.3780718336483933,0.7391304347665407,0.17391304347448017,0.47826086955482044
71,qwen,10.195652173913043,30.02693761814745,0.2453703703692344,1.3060344827586208,0.6521739130293006,0.17391304347448017,0.6304347825949906
71,qwen,13.3125,47.756510416666664,0.21739130434703843,1.3333333333333333,0.541666666655382,0.20833333332899306,0.47916666665668406
71,qwen,10.865384615384615,43.11649408284024,0.26984126984019907,1.3076923076923077,0.8076923076767752,0.13461538461279587,0.5576923076815828
71,qwen,10.109375,31.628662109375,0.33691756272280676,1.3349206349206348,0.437499999993164,0.218749999996582,0.5937499999907226
72,qwen,26.03448275862069,59.89536266349583,0.2325581395343429,1.8873994638069704,0.13793103447800237,0.0,0.06896551723900118
72,qwen,16.72972972972973,56.84587289992696,0.2386363636356857,1.8022875816993464,0.0,0.0,0.3513513513418554
72,qwen,23.125,79.44270833333333,0.32343234323325604,1.7295825771324864,0.0833333333298611,0.0,0.04166666666493055
72,qwen,17.896551724137932,35.40309155766945,0.2362459546917921,1.7898832684824904,0.0,0.0,0.20689655171700358
72,qwen,17.692307692307693,41.13609467455621,0.24556962025254286,1.7925925925925925,0.1538461538422091,0.02564102564036818,0.07692307692110455
73,qwen,9.423529411764706,26.526505190311415,0.28211586901692165,1.4132985658409387,0.6588235294040138,0.18823529411543252,0.38823529411307955
73,qwen,9.551020408163266,36.85964181591003,0.2752293577969026,1.3503325942350333,0.6530612244764682,0.30612244897334445,0.34693877550312374
73,qwen,14.384615384615385,50.74950690335305,0.2222222222213708,1.3465703971119134,1.0769230768954636,0.2564102564036818,0.3846153846055227
73,qwen,11.380952380952381,33.99773242630385,0.28571428571308527,1.3686534216335542,1.4761904761553288,0.14285714285374151,0.47619047617913834
73,qwen,11.508474576271187,53.47026716460786,0.2912621359213875,1.288109756097561,0.779661016935938,0.2711864406733697,0.49152542372048263
74,qwen,9.89655172413793,43.78240190249704,0.24436090225472046,1.4025044722719142,0.5517241379215221,0.13793103448038052,0.5344827586114744
74,qwen,11.16326530612245,42.62640566430654,0.2608695652164461,1.5277246653919694,0.6122448979466889,0.12244897958933779,0.48979591835735115
74,qwen,8.68421052631579,28.847645429362878,0.1474926253682965,1.3866459627329193,0.8421052631468143,0.07894736842001385,0.3552631578900623
74,qwen,10.055555555555555,49.34876543209876,0.1931034482751962,1.436,0.40740740739986286,0.03703703703635117,0.20370370369993143
74,qwen,10.157894736842104,28.448753462603875,0.182758620689025,1.434782608695652,0.3859649122739305,0.052631578946445066,0.4912280701668206
75,qwen,13.622222222222222,28.190617283950612,0.21768707482919156,1.4016666666666666,0.39999999999111113,0.022222222221728396,0.5555555555432099
75,qwen,13.58695652173913,38.93809073724008,0.2753164556953313,1.4453376205787782,0.2173913043431002,0.02173913043431002,0.6086956521606806
75,qwen,15.621621621621621,34.235208181154135,0.19732441471505913,1.4834205933682374,0.2702702702629657,0.0,0.32432432431555885
75,qwen,12.613636363636363,21.10072314049587,0.1903114186844626,1.4981684981684982,0.4090909090816116,0.0681818181802686,0.3636363636280992
75,qwen,10.35593220338983,25.415685147945993,0.24096385542096097,1.4240924092409242,0.4406779660942258,0.033898305084171215,0.3728813559258834
76,qwen,10.115384615384615,76.1405325443787,0.26171874999897765,1.3280632411067195,0.8076923076767752,0.13461538461279587,0.5769230769119823
76,qwen,8.428571428571429,28.102040816326532,0.24137931034363855,1.2262931034482758,0.5714285714183673,0.19642857142506379,0.6071428571320153
76,qwen,11.306451612903226,50.954474505723205,0.3069908814580335,1.280701754385965,0.3548387096716962,0.14516129032023933,0.4193548387029137
76,qwen,11.6,42.41777777777778,0.243999999999024,1.4150197628458498,0.7111111110953087,0.11111111110864198,0.5333333333214815
76,qwen,10.487179487179487,37.48060486522024,0.2815533980568857,1.3392857142857142,0.6153846153688364,0.05128205128073636,0.48717948716699544
77,qwen,13.0,28.384615384615383,0.26623376623290185,1.3029850746268656,0.38461538460798816,0.05769230769119823,0.6730769230639794
77,qwen,11.224489795918368,34.09246147438567,0.13654618473840746,1.3208955223880596,0.44897959182757186,0.10204081632444816,0.5306122448871304
77,qwen,16.352941176470587,40.75778546712803,0.19047619047543463,1.2942238267148014,0.05882352941003461,0.029411764705017305,0.5588235293953288
77,qwen,12.851063829787234,25.871435038478946,0.237588652481427,1.327150084317032,0.5957446808383885,0.10638297872114079,0.6170212765826166
77,qwen,16.15625,31.5068359375,0.19421487603225532,1.3643410852713178,0.0,0.0,0.5312499999833985
78,qwen,11.658536585365853,35.73706127305175,0.2283464566920144,1.4946695095948828,0.3902439024295063,0.024390243901844143,0.2926829268221297
78,qwen,9.865384615384615,28.154955621301774,0.21180555555482014,1.4621513944223108,0.26923076922559175,0.07692307692159764,0.46153846152958583
78,qwen,12.418181818181818,44.27966942148761,0.2077562326864051,1.43562874251497,0.4727272727186777,0.14545454545190084,0.32727272726677686
78,qwen,14.0,35.473684210526315,0.2535211267596707,1.4818355640535372,0.3157894736759003,0.05263157894598339,0.39473684209487536
78,qwen,12.823529411764707,17.282583621683965,0.22058823529346885,1.531587057010786,0.07843137254748174,0.019607843136870435,0.31372549018992696
79,qwen,17.576923076923077,47.244082840236686,0.1652892561976641,1.4263736263736264,0.07692307692011835,0.0,0.2692307692204142
79,qwen,16.425,43.544374999999995,0.19252873563163067,1.5091463414634145,0.0,0.0,0.29999999999250004
79,qwen,16.0,32.18181818181818,0.19855595667798356,1.5884615384615384,0.0,0.0,0.33333333332323234
79,qwen,16.64864864864865,41.146822498173854,0.2325581395341111,1.5065359477124183,0.0,0.027027027026296568,0.37837837836815197
79,qwen,18.344827586206897,26.294887039239,0.22426470588152844,1.4867924528301886,0.0,0.0,0.20689655171700358
80,qwen,15.447368421052632,51.08933518005541,0.1687116564412003,1.5069686411149825,0.3157894736759003,0.07894736841897508,0.342105263148892
80,qwen,20.161290322580644,35.16753381893861,0.1796407185623364,1.646677471636953,0.0645161290301769,0.0,0.22580645160561916
80,qwen,14.853658536585366,110.22248661511007,0.22784810126510174,1.502495840266223,0.43902439023319456,0.07317073170553243,0.31707317072397384
80,qwen,14.063829787234043,38.953372566772295,0.1706586826342196,1.4351851851851851,0.21276595744228158,0.0,0.3191489361634224
80,qwen,18.147058823529413,46.65484429065744,0.20535714285653167,1.528523489932886,0.0,0.0,0.1470588235250865
81,qwen,13.852941176470589,34.41955017301037,0.19282511210675865,1.4081196581196582,0.8823529411505191,0.1470588235250865,0.5588235293953288
81,qwen,12.675675675675675,50.705624543462385,0.20264317180527472,1.3511777301927195,0.5945945945785245,0.18918918918407598,0.5135135134996348
81,qwen,14.805555555555555,58.601080246913575,0.22709163346523073,1.3548387096774193,0.8888888888641976,0.2222222222160494,0.472222222209105
81,qwen,15.625,30.817708333333332,0.24489795918295948,1.3377837116154874,0.20833333332899306,0.020833333332899308,0.41666666665798613
81,qwen,12.342105263157896,26.488227146814403,0.20762711864318803,1.4365591397849462,0.3157894736759003,0.10526315789196677,0.3157894736759003
82,qwen,16.976190476190474,48.499433106575964,0.2442159383027141,1.5691868758915835,0.14285714285374151,0.0,0.33333333332539683
82,qwen,17.185185185185187,47.48422496570645,0.2307692307682965,1.5735930735930737,0.0,0.0,0.5555555555349794
82,qwen,19.703703703703702,47.98628257887517,0.20938628158769176,1.4981060606060606,0.0,0.0,0.25925925924965704
82,qwen,15.7,35.92999999999999,0.20190023752921166,1.532734274711168,0.11999999999760001,0.0,0.2799999999944
82,qwen,19.933333333333334,46.86222222222223,0.27652733118882145,1.5335570469798658,0.0,0.0,0.4666666666511111
83,qwen,14.23076923076923,22.254437869822485,0.22335025380597284,1.4375,0.07692307692011835,0.0,0.3461538461405325
83,qwen,14.5,28.36764705882353,0.21874999999914552,1.3564154786150713,0.11764705882006922,0.0,0.44117647057525955
83,qwen,15.24,43.06239999999999,0.17616580310789554,1.3660477453580901,0.1599999999936,0.0399999999984,0.4799999999808
83,qwen,10.893617021276595,37.116342236306025,0.23404255319065942,1.3884462151394423,0.29787234041919425,0.12765957446536896,0.23404255318650974
83,qwen,18.47222222222222,28.915895061728392,0.20294117646999135,1.4066265060240963,0.1111111111080247,0.0,0.3333333333240741
84,qwen,14.363636363636363,62.71625344352617,0.3020408163252978,1.536105032822757,0.4242424242295685,0.2727272727190083,0.3939393939274564
84,qwen,12.862745098039216,62.23606305267206,0.2339181286542868,1.412130637636081,0.8235294117485583,0.17647058823183392,0.33333333332679743
84,qwen,8.875,33.401041666666664,0.20673076922977535,1.325925925925926,0.45833333332378473,0.14583333333029516,0.3749999999921875
84,qwen,10.512195121951219,26.981558596073764,0.17435897435808023,1.284688995215311,0.682926829251636,0.14634146341106485,0.512195121938727
84,qwen,11.18867924528302,58.002135991456036,0.1764705882346835,1.3262786596119929,1.018867924509078,0.169811320751513,0.5283018867824849
85,qwen,10.25,35.0875,0.18354430379688752,1.330522765598651,0.39999999999333335,0.14999999999750002,0.5333333333244444
85,qwen,11.773584905660377,39.49590601637594,0.1924290220814119,1.3592233009708738,0.679245283006052,0.13207547169562123,0.26415094339124245
85,qwen,15.72972972972973,36.19722425127831,0.182130584191814,1.5070175438596491,0.10810810810518627,0.0,0.32432432431555885
85,qwen,13.0,20.838709677419356,0.17703349282211947,1.368421052631579,0.3870967741810614,0.0,0.41935483869614987
85,qwen,11.425,30.444375,0.21929824561307326,1.308888888888889,0.14999999999625002,0.0,0.54999999998625
86,qwen,15.35897435897436,64.0249835634451,0.2232142857136214,1.6858108108108107,0.46153846152662725,0.05128205128073636,0.28205128204405
86,qwen,15.4,35.14,0.22727272727203857,1.6019736842105263,0.0999999999975,0.0,0.24999999999375003
86,qwen,12.789473684210526,26.8679593721145,0.1540540540536377,1.4979310344827585,0.35087719297630043,0.01754385964881502,0.36842105262511543
86,qwen,17.324324324324323,57.40832724616508,0.1842900302109236,1.4684542586750788,0.21621621621037254,0.0,0.2702702702629657
86,qwen,11.541666666666666,47.74826388888889,0.21453287197157603,1.5387453874538746,0.5833333333211806,0.062499999998697923,0.39583333332508686
87,qwen,11.289473684210526,38.41620498614959,0.22173913043381854,1.3871733966745843,0.21052631578393355,0.07894736841897508,0.39473684209487536
87,qwen,11.583333333333334,35.96527777777777,0.25480769230646727,1.3886138613861385,0.0,0.13888888888503087,0.4444444444320988
87,qwen,12.534883720930232,29.50459707950243,0.31249999999885114,1.3973880597014925,0.0,0.02325581395294754,0.4651162790589508
87,qwen,13.446808510638299,41.18334087822544,0.2824675324666154,1.3375796178343948,0.34042553190765057,0.06382978723268448,0.44680851062879134
87,qwen,12.21951219512195,27.195716835217137,0.26086956521636023,1.3687374749498997,0.04878048780368829,0.04878048780368829,0.512195121938727
88,qwen,13.04,21.198400000000003,0.23711340206104087,1.3555900621118013,0.0,0.0,0.6799999999864
88,qwen,12.0625,17.225260416666668,0.19930069930000247,1.37609841827768,0.20833333332899306,0.020833333332899308,0.45833333332378473
88,qwen,19.678571428571427,47.71811224489796,0.23308270676604106,1.4142335766423357,0.0,0.0,0.42857142855612246
88,qwen,13.425531914893616,43.733816206428244,0.26279863481138976,1.4106280193236715,0.3829787233961069,0.19148936169805345,0.4680851063730195
88,qwen,12.711864406779661,31.42545245619075,0.2558823529404239,1.3626522327469552,0.13559322033668486,0.10169491525251365,0.779661016935938
89,qwen,13.179487179487179,45.8395792241946,0.17573221757248647,1.4383561643835616,0.5641025640881,0.1282051282018409,0.3846153846055227
89,qwen,14.044444444444444,45.28691358024691,0.22525597269547695,1.3470681458003169,0.5333333333214815,0.13333333333037037,0.35555555554765433
89,qwen,13.279069767441861,36.15467820443482,0.15129151291457088,1.3415929203539823,0.558139534870741,0.09302325581179016,0.2325581395294754
89,qwen,13.090909090909092,34.446280991735534,0.2101449275354705,1.4115586690017514,0.681818181802686,0.2954545454478306,0.2499999999943182
89,qwen,16.0,38.833333333333336,0.20938628158769176,1.4280762564991334,0.49999999998611117,0.05555555555401235,0.3333333333240741
90,qwen,12.851063829787234,41.91398822996831,0.2274143302173601,1.3606837606837607,0.29787234041919425,0.04255319148845632,0.44680851062879134
90,qwen,18.675,33.069374999999994,0.23848238482320194,1.360323886639676,0.0,0.0,0.5249999999868751
90,qwen,17.322580645161292,28.605619146722162,0.2315789473676085,1.433145009416196,0.0645161290301769,0.0,0.41935483869614987
90,qwen,11.666666666666666,35.606837606837594,0.17948717948641246,1.4027149321266967,0.1538461538422091,0.07692307692110455,0.6153846153688364
90,qwen,15.224489795918368,37.316951270304045,0.23243243243180425,1.3743243243243244,0.0,0.0,0.6734693877413578
91,qwen,16.347826086956523,31.83553875236294,0.21173469387701088,1.4211229946524064,0.04347826086862004,0.0,0.23913043477741022
91,qwen,13.348837209302326,26.552731206057334,0.19551282051219387,1.486013986013986,0.09302325581179016,0.0,0.30232558138831805
91,qwen,13.636363636363637,38.6404958677686,0.19488817891311538,1.4824120603015076,0.1818181818140496,0.113636363633781,0.2499999999943182
91,qwen,12.55,16.1475,0.18320610686952976,1.4830339321357286,0.04999999999875,0.024999999999375,0.34999999999125003
91,qwen,13.795454545454545,31.84452479338843,0.19108280254716217,1.3774834437086092,0.227272727267562,0.0227272727267562,0.3181818181745868
92,qwen,10.830188679245284,32.36739053043787,0.23263888888808112,1.329090909090909,0.5660377358383767,0.24528301886329656,0.43396226414275546
92,qwen,11.23404255319149,33.66862833861476,0.16796874999934389,1.3909626719056976,0.3829787233961069,0.10638297872114079,0.4680851063730195
92,qwen,9.638297872340425,22.486192847442283,0.23043478260769376,1.4357798165137614,0.6808510638153011,0.2553191489307379,0.531914893605704
92,qwen,18.7,42.14333333333333,0.20754716981053756,1.3786231884057971,0.1333333333288889,0.03333333333222222,0.3999999999866667
92,qwen,10.893617021276595,49.83974649162517,0.17948717948652204,1.4016227180527383,0.80851063828067,0.12765957446536896,0.44680851062879134
93,qwen,17.6875,38.15234375,0.2669039145897975,1.472566371681416,0.0,0.0,0.43749999998632816
93,qwen,15.05,34.147499999999994,0.29617834394810133,1.4654300168634065,0.34999999999125003,0.0,0.37499999999062505
93,qwen,13.520833333333334,75.87456597222221,0.38529411764592564,1.3673469387755102,0.6666666666527779,0.14583333333029516,0.5833333333211806
93,qwen,22.32,49.09759999999999,0.2302158273373014,1.57168458781362,0.0799999999968,0.0399999999984,0.3599999999856
93,qwen,16.363636363636363,30.655647382920108,0.27017543859554327,1.4833333333333334,0.30303030302112033,0.03030303030211203,0.21212121211478424
94,qwen,17.25925925925926,46.34019204389575,0.21599999999913602,1.5387931034482758,0.14814814814266117,0.0,0.25925925924965704
94,qwen,13.709677419354838,29.10926118626431,0.2177777777768099,1.5430622009569377,0.7741935483621228,0.03225806451508845,0.2580645161207076
94,qwen,13.605263157894736,30.29155124653739,0.19855595667798356,1.4803149606299213,0.47368421051385046,0.05263157894598339,0.342105263148892
94,qwen,18.814814814814813,38.52126200274348,0.18791946308661772,1.7396449704142012,0.07407407407133058,0.0,0.14814814814266117
94,qwen,17.653846153846153,36.99556213017752,0.24596774193449208,1.5514223194748358,0.07692307692011835,0.0,0.07692307692011835
95,qwen,20.242424242424242,53.51698806244261,0.2144927536225667,1.627946127946128,0.0,0.0,0.12121212120844813
95,qwen,12.26086956521739,28.10586011342156,0.2583586626131965,1.5305755395683454,0.2608695652117202,0.04347826086862004,0.36956521738327036
95,qwen,16.92156862745098,55.915417147251055,0.2211302211296778,1.4524361948955917,0.0,0.03921568627374087,0.4313725490111496
95,qwen,15.225,41.424375,0.19805194805130502,1.445945945945946,0.14999999999625002,0.024999999999375,0.274999999993125
95,qwen,21.2,68.88,0.23420074349355316,1.449905482041588,0.0799999999968,0.0,0.4399999999824
96,qwen,15.555555555555555,48.32098765432099,0.1906976744177177,1.4358353510895885,0.14814814814266117,0.03703703703566529,0.22222222221399177
96,qwen,20.884615384615383,25.563609467455624,0.22101449275282242,1.412639405204461,0.0,0.0,0.3461538461405325
96,qwen,19.137931034482758,49.0154577883472,0.23131672597782452,1.352833638025594,0.48275862067300834,0.10344827585850179,0.27586206895600474
96,qwen,21.807692307692307,40.61686390532544,0.24333333333252222,1.4493783303730017,0.3846153846005917,0.0,0.1538461538402367
96,qwen,16.115384615384617,35.948224852071,0.22869955156848118,1.4176610978520285,0.0,0.0,0.23076923076035502
97,qwen,14.166666666666666,42.916666666666664,0.2642276422753487,1.4793713163064832,0.0,0.027777777777006175,0.5833333333171297
97,qwen,11.83673469387755,35.32028321532695,0.27659574468001036,1.5874125874125875,0.3265306122382341,0.02040816326488963,0.34693877550312374
97,qwen,16.651162790697676,39.994591671173595,0.2682926829261022,1.5014044943820224,0.0,0.04651162790589508,0.4651162790589508
97,qwen,12.090909090909092,38.082644628099175,0.2730769230758728,1.4567669172932332,0.227272727267562,0.0454545454535124,0.4772727272618802
97,qwen,11.215686274509803,43.18877354863514,0.268656716416908,1.4395017793594307,0.8235294117485583,0.23529411764244523,0.5490196078323722
98,qwen,11.91304347826087,22.68809073724008,0.23569023568944214,1.4491682070240295,0.17391304347448017,0.02173913043431002,0.34782608694896033
98,qwen,15.5,54.36764705882353,0.2508474576262683,1.5229885057471264,0.23529411764013844,0.029411764705017305,0.3529411764602077
98,qwen,19.636363636363637,54.0495867768595,0.23796033994266869,1.5849056603773586,0.06060606060422406,0.0,0.15151515151056016
98,qwen,12.411764705882353,34.330449826989614,0.1840909090904907,1.4422604422604424,0.5882352941089966,0.11764705882179931,0.3676470588181228
98,qwen,12.348837209302326,68.18063818280153,0.26523297490944364,1.3908045977011494,0.32558139534126557,0.04651162790589508,0.30232558138831805
99,qwen,20.166666666666668,57.00555555555555,0.20833333333260995,1.4122516556291391,0.06666666666444444,0.0,0.29999999999
99,qwen,18.133333333333333,46.24888888888889,0.2230483271367173,1.3622920517560073,0.06666666666444444,0.0,0.1666666666611111
99,qwen,14.6875,17.15234375,0.18454935622238391,1.4924406047516199,0.562499999982422,0.0,0.281249999991211
99,qwen,15.783783783783784,66.33162892622352,0.20608108108038486,1.4182444061962134,0.32432432431555885,0.027027027026296568,0.4594594594470417
99,qwen,16.09375,38.6474609375,0.2055335968371323,1.446393762183236,0.06249999999804688,0.03124999999902344,0.43749999998632816
100,qwen,21.419354838709676,53.46930280957336,0.1960227272721704,1.5084226646248087,0.0,0.0,0.22580645160561916
100,qwen,15.375,61.784375,0.18711656441660393,1.473170731707317,0.199999999995,0.024999999999375,0.34999999999125003
100,qwen,19.710526315789473,33.047783933518005,0.19487179487129522,1.5241286863270778,0.0,0.026315789472991694,0.2894736842029086
100,qwen,17.685714285714287,49.01551020408164,0.19756838905715027,1.4780487804878049,0.0,0.0,0.19999999999428572
100,qwen,17.73170731707317,31.903628792385483,0.24074074074010388,1.421487603305785,0.0,0.0,0.3902439024295063
101,qwen,16.86111111111111,24.286265432098762,0.2866666666657111,1.367986798679868,0.27777777777006174,0.0,0.3888888888780865
101,qwen,14.166666666666666,53.916666666666664,0.2083333333324653,1.4043392504930967,0.1111111111080247,0.027777777777006175,0.3611111111010803
101,qwen,17.08823529411765,38.31574394463668,0.28723404255217294,1.3559027777777777,0.17647058823010384,0.11764705882006922,0.44117647057525955
101,qwen,17.03030303030303,27.2415059687787,0.1882352941169089,1.35650623885918,0.0,0.0,0.2727272727190083
101,qwen,13.305555555555555,31.101080246913583,0.19747899159580892,1.350104821802935,0.27777777777006174,0.0,0.3333333333240741
102,qwen,13.344262295081966,55.01263101316849,0.241706161136868,1.3739237392373924,0.4590163934350981,0.08196721311341038,0.3278688524536415
102,qwen,16.8,116.82666666666665,0.19354838709599376,1.393939393939394,0.6666666666444444,0.2666666666577778,0.2666666666577778
102,qwen,11.410714285714286,59.063456632653065,0.15740740740692158,1.4181523500810373,0.5714285714183673,0.21428571428188778,0.23214285713871174
102,qwen,12.916666666666666,40.78472222222222,0.20209059233379062,1.330016583747927,0.41666666665798613,0.10416666666449653,0.43749999999088546
102,qwen,16.65714285714286,56.16816326530612,0.1908127208473823,1.3806228373702423,0.5714285714122449,0.08571428571183674,0.39999999998857144
103,qwen,14.673913043478262,39.48062381852552,0.23646723646656279,1.5189681335356602,0.17391304347448017,0.02173913043431002,0.3913043478175804
103,qwen,13.214285714285714,44.91836734693878,0.2124645892345256,1.426206896551724,0.5357142857047195,0.08928571428411991,0.42857142856377556
103,qwen,14.425,34.144375000000004,0.22336769759373415,1.431095406360424,0.0,0.0,0.42499999998937504
103,qwen,14.512195121951219,39.908387864366446,0.21967213114682074,1.4923076923076923,0.04878048780368829,0.07317073170553243,0.41463414633135043
103,qwen,14.738095238095237,32.907596371882086,0.18037974683487223,1.4539473684210527,0.0,0.0,0.3809523809433107
104,qwen,14.30952380952381,45.02324263038549,0.19932432432365094,1.3401360544217686,0.23809523808956917,0.07142857142687076,0.5476190476060091
104,qwen,16.5,25.383333333333333,0.263999999998944,1.4421906693711968,0.0,0.0,0.29999999999
104,qwen,16.785714285714285,45.16836734693878,0.2521008403354283,1.3662374821173104,0.28571428570748303,0.023809523808956918,0.4999999999880953
104,qwen,20.423076923076923,40.167159763313606,0.23773584905570666,1.3886792452830188,0.0,0.0,0.42307692306065087
104,qwen,16.902439024390244,37.649018441403925,0.20930232558078693,1.3371924746743848,0.0,0.0,0.6341463414479477
105,qwen,13.549019607843137,35.46328335255671,0.23214285714216626,1.4407027818448024,0.07843137254748174,0.019607843136870435,0.47058823528489047
105,qwen,17.25925925925926,44.4883401920439,0.24799999999900801,1.507592190889371,0.07407407407133058,0.0,0.48148148146364883
105,qwen,18.594594594594593,53.538349159970785,0.22647058823462804,1.4230769230769231,0.0,0.10810810810518627,0.4054054053944485
105,qwen,16.676470588235293,52.101211072664356,0.2083333333324653,1.3505338078291815,0.0,0.0,0.5294117646903115
105,qwen,13.045454545454545,51.90702479338843,0.23722627737139698,1.358523725834798,0.2727272727210744,0.1590909090872934,0.5909090908956612
106,qwen,10.8,30.871111111111112,0.21285140562163515,1.432150313152401,0.04444444444345679,0.022222222221728396,0.39999999999111113
106,qwen,12.527777777777779,32.47145061728395,0.1803921568620377,1.492099322799097,0.1111111111080247,0.027777777777006175,0.24999999999305558
106,qwen,15.0,36.95454545454545,0.15542521994089317,1.4375963020030817,0.227272727267562,0.0,0.340909090901343
106,qwen,18.65625,34.3505859375,0.1906249999994043,1.4830508474576272,0.06249999999804688,0.0,0.34374999998925787
106,qwen,12.615384615384615,25.41617357001972,0.15708812260476213,1.3640167364016735,0.20512820512294544,0.02564102564036818,0.2564102564036818
107,qwen,12.660377358490566,42.79031683873264,0.16811594202849822,1.56006006006006,0.5660377358383767,0.13207547169562123,0.339622641503026
107,qwen,14.488888888888889,62.38320987654321,0.26062322946101807,1.5854037267080745,1.1555555555298767,0.08888888888691358,0.22222222221728397
107,qwen,11.26,53.4324,0.2586750788635373,1.7235188509874326,0.47999999999040005,0.059999999998800006,0.41999999999160004
107,qwen,12.296875,45.989990234375,0.2189616252816728,1.584516129032258,0.6249999999902344,0.14062499999780273,0.24999999999609374
107,qwen,18.319148936170212,93.91942055228613,0.22345132743313395,1.602125147579693,0.5957446808383885,0.10638297872114079,0.34042553190765057
108,qwen,15.771428571428572,36.862040816326534,0.22710622710539521,1.4314442413162705,0.057142857141224496,0.028571428570612248,0.39999999998857144
108,qwen,13.72340425531915,43.73200543232232,0.22580645161224105,1.3433544303797469,0.5106382978614759,0.12765957446536896,0.29787234041919425
108,qwen,13.294117647058824,29.07035755478663,0.2514450867044756,1.4059701492537313,0.39215686273740874,0.03921568627374087,0.2745098039161861
108,qwen,11.542372881355933,30.51939097960356,0.21067415730277902,1.3655274888558693,0.6101694915150819,0.08474576271042804,0.3220338982996266
108,qwen,17.195121951219512,28.596073765615706,0.23138297872278887,1.497150997150997,0.09756097560737657,0.024390243901844143,0.19512195121475315
109,qwen,10.43859649122807,27.544475223145586,0.24675324675244562,1.4268292682926829,0.5964912280597107,0.07017543859526008,0.5789473684108957
109,qwen,12.173913043478262,36.44801512287335,0.231617647057972,1.3913824057450628,0.5217391304234404,0.04347826086862004,0.34782608694896033
109,qwen,10.88,20.7856,0.17407407407342937,1.3339517625231911,0.47999999999040005,0.0199999999996,0.3599999999928
109,qwen,16.585365853658537,52.38905413444378,0.1782477341384343,1.3905325443786982,0.3902439024295063,0.0,0.6097560975461036
109,qwen,10.88679245283019,46.44001423994305,0.1992882562270488,1.3609154929577465,0.6037735848942685,0.11320754716767534,0.47169811319864724
110,qwen,8.402985074626866,24.539095566941413,0.16831683168261283,1.4390243902439024,0.6567164179006459,0.2985074626821118,0.3582089552185342
110,qwen,9.8125,38.610677083333336,0.17187499999932862,1.331877729257642,0.2916666666605903,0.20833333332899306,0.45833333332378473
110,qwen,11.76595744680851,37.966500679040294,0.20437956204304972,1.405156537753223,0.34042553190765057,0.21276595744228158,0.4680851063730195
110,qwen,14.823529411764707,57.91003460207611,0.2226415094331221,1.4288577154308617,0.588235294100346,0.11764705882006922,0.294117647050173
110,qwen,10.645833333333334,31.520399305555554,0.17460317460248173,1.3312883435582823,0.3333333333263889,0.22916666666189237,0.41666666665798613
111,qwen,16.1875,28.71484375,0.2432432432423041,1.3825242718446602,0.0,0.0,0.4687499999853516
111,qwen,17.291666666666668,28.12326388888889,0.24285714285598642,1.4144578313253011,0.0833333333298611,0.0,0.3333333333194444
111,qwen,20.11111111111111,35.20987654320987,0.20610687022822097,1.4177449168207024,0.0,0.0,0.29629629628532234
111,qwen,19.303030303030305,63.78696051423324,0.23939393939321396,1.4015748031496063,0.06060606060422406,0.0,0.3939393939274564
111,qwen,14.513513513513514,38.952520087655216,0.22058823529330668,1.3794392523364487,0.054054054052593135,0.0,0.48648648647333825
112,qwen,16.416666666666668,49.46527777777777,0.2536231884048782,1.359106529209622,0.27777777777006174,0.027777777777006175,0.5833333333171297
112,qwen,12.846153846153847,12.66863905325444,0.32608695651996694,1.4550898203592815,0.1538461538402367,0.0,0.3076923076804734
112,qwen,13.571428571428571,32.316326530612244,0.20297029702869818,1.3687002652519893,0.28571428570408164,0.0,0.32142857141709186
112,qwen,13.538461538461538,58.71005917159762,0.23478260869463138,1.3333333333333333,0.6153846153688364,0.28205128204405,0.5128205128073636
112,qwen,17.5,57.32692307692308,0.29707112970587,1.4483516483516483,0.1538461538402367,0.038461538460059175,0.3846153846005917
113,qwen,12.372093023255815,39.86154678204435,0.15503875968932157,1.3448275862068966,0.32558139534126557,0.04651162790589508,0.2790697674353705
113,qwen,11.038461538461538,33.99852071005916,0.2542372881347314,1.4,0.423076923068787,0.09615384615199704,0.423076923068787
113,qwen,12.465116279069768,66.94645754461871,0.19531249999923708,1.4199623352165724,0.6511627906825311,0.09302325581179016,0.5813953488236885
113,qwen,11.807017543859649,44.646968297937825,0.29850746268567613,1.3428571428571427,0.5263157894644507,0.03508771929763004,0.43859649122037553
113,qwen,12.333333333333334,37.98412698412698,0.20143884892013872,1.39009900990099,0.5714285714149661,0.09523809523582767,0.3809523809433107
114,qwen,12.680851063829786,53.40878225441376,0.23008849557454253,1.5336787564766838,0.6808510638153011,0.06382978723268448,0.3617021276518787
114,qwen,19.03125,75.1552734375,0.2319277108426749,1.5911413969335604,0.6249999999804688,0.12499999999609376,0.281249999991211
114,qwen,15.904761904761905,35.75283446712018,0.23384615384543433,1.4962292609351433,0.6666666666507937,0.07142857142687076,0.42857142856122454
114,qwen,12.549019607843137,58.09073433294886,0.21165644171714215,1.4201277955271565,0.7058823529273357,0.07843137254748174,0.45098039214802005
114,qwen,18.903225806451612,79.5067637877211,0.20538720538651387,1.5034602076124568,0.7096774193319458,0.1290322580603538,0.290322580635796
115,qwen,12.644444444444444,26.67358024691357,0.21789883268397706,1.3127272727272727,0.6222222222083951,0.11111111110864198,0.7777777777604938
115,qwen,12.456521739130435,57.59593572778827,0.21402214022061247,1.298747763864043,0.5652173912920605,0.1304347826058601,0.5217391304234404
115,qwen,14.195121951219512,33.376561570493756,0.2170542635650502,1.3518197573656845,0.19512195121475315,0.024390243901844143,0.682926829251636
115,qwen,12.529411764705882,58.44521337946943,0.23564954682708264,1.4471153846153846,0.6274509803798539,0.09803921568435219,0.5294117646955018
115,qwen,16.258064516129032,36.707596253902196,0.2352941176460702,1.382,0.0645161290301769,0.0,0.32258064515088447
116,qwen,17.78787878787879,48.83379247015611,0.1644736842099853,1.4854202401372212,0.12121212120844813,0.0,0.2727272727190083
116,qwen,16.655172413793103,36.08799048751486,0.2023809523801493,1.5253164556962024,0.20689655171700358,0.06896551723900118,0.31034482757550536
116,qwen,15.916666666666666,50.243055555555564,0.20895522387955745,1.5065963060686016,0.1666666666597222,0.0,0.4166666666493056
116,qwen,19.38095238095238,49.09297052154195,0.14594594594515706,1.400990099009901,0.5714285714013605,0.0,0.5238095237845805
116,qwen,20.80952380952381,30.820861678004533,0.17499999999912502,1.438073394495413,0.28571428570068025,0.0,0.3333333333174603
117,qwen,17.86842105263158,37.69321329639889,0.16438356164338525,1.4873323397913563,0.0,0.0,0.15789473683795016
117,qwen,14.085106382978724,44.24807605251245,0.19939577039214684,1.5068912710566615,0.29787234041919425,0.04255319148845632,0.34042553190765057
117,qwen,16.91176470588235,45.55103806228374,0.252365930598573,1.6227758007117439,0.11764705882006922,0.0,0.23529411764013844
117,qwen,17.714285714285715,32.91836734693878,0.24603174603076972,1.469601677148847,0.0,0.0,0.28571428570408164
117,qwen,14.194444444444445,48.15663580246914,0.25735294117552443,1.523715415019763,0.16666666666203706,0.027777777777006175,0.3333333333240741
118,qwen,12.3,41.660000000000004,0.20524017467159283,1.3815513626834381,0.6999999999825001,0.17499999999562502,0.624999999984375
118,qwen,14.1,57.15666666666666,0.25454545454429756,1.4449877750611246,0.59999999998,0.06666666666444444,0.49999999998333333
118,qwen,11.408163265306122,58.07830070803832,0.17525773195816063,1.401473296500921,0.8571428571253645,0.18367346938400667,0.2653061224435652
118,qwen,16.194444444444443,78.37885802469137,0.21122112211151414,1.4456140350877194,0.4444444444320988,0.2222222222160494,0.3888888888780865
118,qwen,18.074074074074073,41.92043895747598,0.21755725190756658,1.505175983436853,0.5185185184993141,0.07407407407133058,0.29629629628532234
119,qwen,15.395348837209303,38.79718766901028,0.1580547112457202,1.48714069591528,0.6976744185884263,0.04651162790589508,0.4651162790589508
119,qwen,14.702702702702704,28.100803506208912,0.17472118959042857,1.5174953959484345,0.37837837836815197,0.0,0.5945945945785245
119,qwen,17.586206896551722,85.346016646849,0.2015209125467623,1.5834970530451866,0.6206896551510107,0.03448275861950059,0.20689655171700358
119,qwen,14.078947368421053,59.9674515235457,0.16535433070801042,1.4176029962546817,0.5789473684058172,0.026315789472991694,0.3157894736759003
119,qwen,16.323529411764707,42.63062283737025,0.2116788321160158,1.4936936936936938,0.4117647058702423,0.0,0.44117647057525955
120,qwen,20.291666666666668,42.62326388888889,0.16733067729017,1.4421487603305785,0.24999999998958333,0.0,0.2916666666545139
120,qwen,23.04,69.87840000000001,0.22884012539113216,1.5894736842105264,0.0799999999968,0.0,0.199999999992
120,qwen,12.76923076923077,63.20315581854042,0.23106060605973083,1.3553719008264462,0.6666666666495727,0.10256410256147272,0.43589743588625907
120,qwen,21.954545454545453,61.8615702479339,0.23437499999908448,1.4862579281183932,0.0,0.0,0.3636363636198347
120,qwen,17.386363636363637,83.28254132231406,0.25247524752412753,1.4574468085106382,0.3181818181745868,0.0454545454535124,0.4090909090816116
121,qwen,9.32394366197183,19.035905574290815,0.20543806646463614,1.344984802431611,0.28169014084110294,0.028169014084110294,0.5915492957663162
121,qwen,12.122448979591837,24.71970012494794,0.2777777777768133,1.4310051107325383,0.24489795917867557,0.10204081632444816,0.42857142856268227
121,qwen,13.416666666666666,28.6875,0.23868312757103424,1.3555093555093556,0.1111111111080247,0.027777777777006175,0.5555555555401235
121,qwen,11.947368421052632,25.277931671283472,0.2289855072457131,1.3136966126656848,0.07017543859526008,0.0,0.42105263157156053
121,qwen,9.816326530612244,29.782590587255303,0.22707423580686867,1.3520833333333333,0.44897959182757186,0.18367346938400667,0.6530612244764682
122,qwen,12.938775510204081,55.44523115368596,0.19148936170154562,1.482258064516129,1.0612244897742609,0.24489795917867557,0.34693877550312374
122,qwen,14.976744186046512,37.97620335316388,0.25074626865596794,1.496875,0.32558139534126557,0.04651162790589508,0.16279069767063278
122,qwen,15.590909090909092,59.196280991735534,0.18823529411709344,1.5051395007342143,0.454545454535124,0.0454545454535124,0.2727272727210744
122,qwen,15.35483870967742,55.77731529656609,0.25862068965405766,1.4618644067796611,0.3870967741810614,0.7741935483621228,0.4516129032112383
122,qwen,14.944444444444445,38.16358024691358,0.19083969465576017,1.4379699248120301,0.6666666666481482,0.1111111111080247,0.4444444444320988
123,qwen,19.636363636363637,78.71625344352617,0.2265861027183487,1.3442367601246106,0.1818181818126722,0.0909090909063361,0.24242424241689625
123,qwen,15.627450980392156,71.92003075740101,0.23970944309869321,1.3908629441624365,0.39215686273740874,0.13725490195809306,0.31372549018992696
123,qwen,19.176470588235293,59.674740484429066,0.24770642201759113,1.3796296296296295,0.294117647050173,0.08823529411505192,0.49999999998529415
123,qwen,15.808510638297872,54.580353100950646,0.22067039106083614,1.393732970027248,0.42553191488456316,0.08510638297691264,0.404255319140335
123,qwen,15.705882352941176,55.14878892733564,0.18620689655108205,1.3806818181818181,0.23529411764013844,0.08823529411505192,0.3529411764602077
124,qwen,1.0,0.0,0.0,1.0625,0.0,0.0,0.0
124,qwen,1.0666666666666667,0.06222222222222223,0.1562499999951172,1.0625,0.0,0.0,0.0
124,qwen,2.0377358490566038,0.07404770380918474,0.08490566037655749,1.0648148148148149,0.0,0.0,0.0
124,qwen,1.1818181818181819,0.23966942148760328,0.21999999999560002,1.0384615384615385,0.0,0.0,0.0
125,qwen,10.76271186440678,43.536914679689744,0.2530487804870334,1.3745928338762214,0.5762711864309107,0.1864406779629417,0.4237288135521402
125,qwen,13.266666666666667,33.57333333333334,0.20618556700960075,1.3820033955857385,0.44444444443456793,0.06666666666518518,0.37777777776938276
125,qwen,9.846153846153847,42.514792899408285,0.17760617760549188,1.3875502008032128,0.46153846152958583,0.11538461538239646,0.38461538460798816
125,qwen,12.606060606060606,45.45087235996326,0.21004566209949752,1.3737864077669903,0.4242424242295685,0.15151515151056016,0.4545454545316805
125,qwen,12.23913043478261,30.094990548204162,0.2737226277362273,1.3846153846153846,0.4347826086862004,0.04347826086862004,0.3913043478175804
126,qwen,10.75925925925926,32.92352537722908,0.30097087378543375,1.47985347985348,0.5185185185089164,0.222222222218107,0.37037037036351167
126,qwen,13.585365853658537,60.340273646638906,0.2033898305077851,1.4134078212290502,0.9268292682700774,0.19512195121475315,0.170731707312909
126,qwen,11.061538461538461,46.48852071005917,0.23848238482320194,1.3362193362193362,0.6153846153751479,0.09230769230627218,0.3846153846094674
126,qwen,9.084745762711865,31.80637747773628,0.22875816993389295,1.4118773946360152,0.6440677965992532,0.15254237287877048,0.33898305084171215
126,qwen,11.016949152542374,44.22005170927895,0.19883040935614377,1.485759493670886,0.5423728813467394,0.08474576271042804,0.3559322033837978
127,qwen,15.580645161290322,29.469302809573364,0.13461538461486686,1.4170212765957446,0.1935483870905307,0.03225806451508845,0.22580645160561916
127,qwen,11.169491525423728,29.70008618213157,0.1516853932580009,1.394736842105263,0.474576271178397,0.033898305084171215,0.25423728813128416
127,qwen,14.9,22.423333333333336,0.16309012875466486,1.3609865470852018,0.06666666666444444,0.03333333333222222,0.3666666666544444
127,qwen,15.533333333333333,32.58222222222222,0.147859922178413,1.4195652173913043,0.0,0.0,0.2666666666577778
128,qwen,18.5,9.0,0.11475409835877452,1.2905405405405406,0.0,0.124999999984375,0.74999999990625
128,qwen,13.636363636363637,76.41322314049587,0.213114754094867,1.2746478873239437,0.0,0.0,0.6363636363057851
128,qwen,12.962962962962964,61.0727023319616,0.20408163265167292,1.393939393939394,0.0,0.11111111110699588,0.8148148147846365
128,qwen,15.714285714285714,40.965986394557824,0.24489795918200752,1.2340425531914894,0.0,0.0,0.6190476190181405
129,qwen,20.647058823529413,30.698961937716263,0.2054054054042951,1.4257142857142857,0.0,0.0,0.0588235294083045
129,qwen,22.833333333333332,46.361111111111114,0.19138755980769673,1.446341463414634,0.0,0.0,0.11111111110493826
129,qwen,22.76923076923077,64.1775147928994,0.22360248447066086,1.471186440677966,0.0,0.0,0.07692307691715976
129,qwen,24.05263157894737,47.31301939058172,0.25498007968025904,1.4483516483516483,0.0,0.0,0.21052631577839334
129,qwen,22.608695652173914,51.803402646502825,0.208791208790444,1.4192307692307693,0.0,0.0,0.04347826086767486
130,qwen,11.066666666666666,21.26222222222222,0.21212121212014082,1.2061855670103092,0.0,0.0,0.7111111110953087
130,qwen,12.835616438356164,52.30174516794896,0.194029850745786,1.2983957219251336,0.0,0.0,0.7123287671135297
130,qwen,15.53061224489796,32.41232819658476,0.2403560830853402,1.3337765957446808,0.04081632652977926,0.02040816326488963,0.7959183673306957
130,qwen,9.911764705882353,31.374567474048444,0.24671052631497795,1.2568807339449541,0.2647058823490484,0.04411764705817474,0.676470588225346
130,qwen,16.066666666666666,62.32888888888888,0.23870967741858481,1.239038189533239,0.44444444443456793,0.022222222221728396,0.6666666666518519
131,qwen,13.853658536585366,47.051754907792976,0.1910112359543408,1.39568345323741,0.3902439024295063,0.07317073170553243,0.5609756097424152
131,qwen,13.846153846153847,46.28402366863905,0.1406249999994507,1.3383458646616542,0.46153846152662725,0.1282051282018409,0.48717948716699544
131,qwen,17.09090909090909,52.5068870523416,0.1605351170563193,1.3567567567567567,0.0,0.0,0.2727272727190083
131,qwen,19.058823529411764,51.46712802768167,0.1883561643829166,1.33125,0.11764705882006922,0.029411764705017305,0.6176470588053634
131,qwen,17.448275862068964,34.868014268727705,0.23931623931521662,1.280561122244489,0.0,0.0,0.48275862067300834
132,qwen,15.395348837209303,47.40183883180097,0.2043343653244448,1.4196969696969697,0.18604651162358032,0.02325581395294754,0.3953488372001082
132,qwen,19.357142857142858,73.37244897959182,0.2083333333325442,1.4612476370510397,0.0,0.035714285713010205,0.28571428570408164
132,qwen,14.25,53.5875,0.1772575250830192,1.5424028268551238,0.04999999999875,0.0,0.39999999999
132,qwen,15.421052631578947,50.717451523545705,0.16107382550281518,1.4982456140350877,0.0,0.0,0.3157894736759003
132,qwen,16.0,33.40909090909091,0.1938202247185567,1.4062947067238913,0.0454545454535124,0.0,0.340909090901343
133,qwen,17.333333333333332,88.37037037037037,0.27555555555433087,1.2980561555075594,0.29629629628532234,0.0,0.5185185184993141
133,qwen,17.27659574468085,76.45540968764145,0.19999999999950618,1.4260869565217391,0.34042553190765057,0.02127659574422816,0.34042553190765057
133,qwen,16.391304347826086,18.49905482041588,0.27551020408022703,1.403183023872679,0.0,0.0,0.47826086954442343
133,qwen,19.48,52.8896,0.23749999999901042,1.3675564681724846,0.0,0.0,0.3199999999872
133,qwen,14.45,39.897499999999994,0.23655913978409837,1.4140350877192982,0.14999999999625002,0.04999999999875,0.5249999999868751
134,qwen,14.36,49.63040000000001,0.20402298850516085,1.5472496473906912,0.3599999999928,0.11999999999760001,0.41999999999160004
134,qwen,17.05,57.447500000000005,0.25543478260730745,1.631268436578171,0.39999999998,0.0,0.2499999999875
134,qwen,14.833333333333334,61.13888888888888,0.20447284344982597,1.4798711755233493,0.47619047617913834,0.09523809523582767,0.3809523809433107
134,qwen,21.2,100.75999999999999,0.26204819277029506,1.4409448818897639,0.19999999999333334,0.0,0.3333333333222222
134,qwen,14.131578947368421,50.74584487534625,0.2346570397103442,1.4747663551401868,0.2631578947299169,0.026315789472991694,0.2894736842029086
135,qwen,11.224489795918368,38.908788004997916,0.17374517374450293,1.3722222222222222,0.6530612244764682,0.06122448979466889,0.55102040815202
135,qwen,11.660377358490566,35.54503381986473,0.19379844961165196,1.2475247524752475,1.0943396226208615,0.20754716980740479,0.6037735848942685
135,qwen,11.672727272727272,41.674710743801654,0.1898305084739328,1.3264331210191083,0.8363636363484298,0.18181818181487605,0.4909090909001653
135,qwen,15.147058823529411,24.948961937716263,0.21641791044695366,1.3956692913385826,0.294117647050173,0.029411764705017305,0.17647058823010384
135,qwen,10.46808510638298,22.46174739701222,0.1803921568620377,1.387966804979253,0.12765957446536896,0.08510638297691264,0.42553191488456316
136,qwen,13.210526315789474,24.79778393351801,0.24334600760363748,1.4446680080482897,0.05263157894598339,0.0,0.39473684209487536
136,qwen,19.928571428571427,54.28061224489796,0.22758620689576695,1.3898916967509025,0.07142857142602041,0.0,0.21428571427806123
136,qwen,12.479166666666666,32.041232638888886,0.21290322580576485,1.321976149914821,0.2499999999947917,0.0,0.39583333332508686
136,qwen,13.339622641509434,51.65824136703453,0.19999999999941176,1.362844702467344,0.1886792452794589,0.09433962263972945,0.47169811319864724
136,qwen,15.217391304347826,42.21361058601135,0.24857142857071837,1.3872832369942196,0.08695652173724008,0.02173913043431002,0.34782608694896033
137,qwen,16.09375,51.6474609375,0.26217228464321285,1.3925049309664694,0.24999999999218753,0.03124999999902344,0.4687499999853516
137,qwen,16.074074074074073,24.735253772290807,0.2850877192969952,1.3548387096774193,0.0,0.0,0.48148148146364883
137,qwen,17.24137931034483,124.18311533888227,0.24999999999905304,1.4265593561368208,0.06896551723900118,0.0,0.48275862067300834
137,qwen,13.11111111111111,55.15432098765433,0.24897959183571847,1.369330453563715,0.27777777777006174,0.08333333333101853,0.4166666666550926
137,qwen,15.481481481481481,51.36076817558299,0.28506787330187755,1.3907766990291262,0.22222222221399177,0.03703703703566529,0.29629629628532234
138,qwen,13.463414634146341,41.12671029149316,0.23745819397913895,1.418348623853211,0.341463414625818,0.09756097560737657,0.14634146341106485
138,qwen,15.588235294117647,27.59515570934256,0.17760617760549188,1.3719165085388993,0.0,0.0,0.294117647050173
138,qwen,14.525,31.199374999999996,0.16312056737530808,1.3502626970227671,0.54999999998625,0.07499999999812501,0.39999999999
138,qwen,12.535714285714286,53.213010204081634,0.22946175637328764,1.3715124816446402,0.6428571428456633,0.12499999999776787,0.30357142856600766
138,qwen,15.15,54.1275,0.17832167832105483,1.3383084577114428,0.0999999999975,0.04999999999875,0.324999999991875
139,qwen,12.384615384615385,57.19822485207101,0.2352941176463668,1.5222929936305734,0.6538461538335799,0.09615384615199704,0.30769230768639055
139,qwen,17.08823529411765,54.37456747404843,0.2781249999991309,1.6730434782608696,0.23529411764013844,0.0,0.44117647057525955
139,qwen,15.735294117647058,40.488754325259514,0.1986062717763115,1.655831739961759,0.3529411764602077,0.08823529411505192,0.32352941175519034
139,qwen,12.75,47.75,0.20434782608606805,1.6426799007444168,0.49999999998437505,0.09374999999707033,0.3124999999902344
139,qwen,14.289473684210526,62.99515235457062,0.23529411764624467,1.6254752851711027,0.47368421051385046,0.13157894736495845,0.18421052631094184
140,qwen,18.37142857142857,77.09061224489797,0.25895316804336377,1.531347962382445,0.0,0.028571428570612248,0.3714285714179592
140,qwen,13.28888888888889,28.472098765432097,0.18518518518456167,1.4369747899159664,0.0,0.022222222221728396,0.37777777776938276
140,qwen,14.454545454545455,59.65702479338842,0.2309941520461082,1.5238095238095237,0.1818181818140496,0.1363636363605372,0.227272727267562
140,qwen,15.258064516129032,29.159209157127993,0.25193798449514754,1.5360169491525424,0.0,0.0,0.290322580635796
140,qwen,16.545454545454547,28.005509641873278,0.22108843537339767,1.5441176470588236,0.0,0.03030303030211203,0.24242424241689625
141,qwen,10.417721518987342,34.015382150296425,0.19847328244224308,1.352428393524284,0.3291139240464669,0.2151898734149976,0.379746835438231
141,qwen,15.735849056603774,35.02456390174439,0.19230769230723002,1.3495736906211937,0.0,0.0,0.45283018867070135
141,qwen,11.10126582278481,36.64797308123698,0.20697167755946194,1.338785046728972,0.5822784810052876,0.10126582278352828,0.4050632911341131
141,qwen,14.13888888888889,42.73070987654321,0.22131147540892906,1.3306772908366533,0.05555555555401235,0.0,0.472222222209105
141,qwen,12.106382978723405,28.818469895880487,0.25435540069597784,1.3576642335766422,0.21276595744228158,0.10638297872114079,0.3829787233961069
142,qwen,21.263157894736842,103.98337950138504,0.16666666666579863,1.2417302798982188,0.10526315788919667,0.0,0.21052631577839334
142,qwen,17.304347826086957,20.037807183364837,0.21634615384511374,1.2385786802030456,0.08695652173534972,0.0,0.26086956520604915
142,qwen,24.736842105263158,104.0886426592798,0.13247863247806635,1.3076923076923077,0.5263157894459833,0.0,0.052631578944598335
142,qwen,16.285714285714285,45.34693877551021,0.25382262996864274,1.317507418397626,0.47619047617913834,0.0,0.33333333332539683
142,qwen,15.966666666666667,70.83222222222221,0.22649572649475858,1.3927813163481952,0.3333333333222222,0.1333333333288889,0.3333333333222222
143,qwen,13.693877551020408,48.661391087047065,0.2326869806087737,1.374436090225564,0.48979591835735115,0.06122448979466889,0.2040816326488963
143,qwen,13.514285714285714,28.764081632653063,0.22556390977358812,1.5107758620689655,0.28571428570612245,0.0,0.2571428571355102
143,qwen,16.083333333333332,53.13194444444444,0.2929936305723153,1.4382608695652175,0.1111111111080247,0.0,0.4166666666550926
143,qwen,12.692307692307692,49.52071005917159,0.19277108433676876,1.4245723172628304,0.46153846152958583,0.15384615384319528,0.32692307691678996
143,qwen,13.777777777777779,32.50617283950618,0.22529644268685656,1.4200819672131149,0.2222222222160494,0.027777777777006175,0.2222222222160494
144,qwen,10.892857142857142,37.02423469387755,0.2201257861628298,1.4876441515650742,0.42857142856377556,0.01785714285682398,0.41071428570695157
144,qwen,14.35897435897436,28.076265614727152,0.20666666666597777,1.5960502692998204,0.3076923076844182,0.02564102564036818,0.2564102564036818
144,qwen,16.333333333333332,29.247863247863243,0.17575757575704318,1.519047619047619,0.20512820512294544,0.0,0.4102564102458909
144,qwen,18.09090909090909,55.59779614325069,0.20624999999935548,1.6598639455782314,0.0,0.0,0.12121212120844813
144,qwen,12.069767441860465,36.94862087614928,0.22471910112275387,1.5426356589147288,0.32558139534126557,0.02325581395294754,0.255813953482423
145,qwen,17.742857142857144,66.19102040816327,0.2013201320125369,1.4656862745098038,0.28571428570612245,0.028571428570612248,0.45714285712979597
145,qwen,11.775862068965518,37.863555291319855,0.1543209876538447,1.3515509601181683,0.4827586206813318,0.06896551724019026,0.3620689655109988
145,qwen,13.340909090909092,35.31559917355372,0.22058823529330668,1.3350785340314135,0.4090909090816116,0.0681818181802686,0.568181818168905
145,qwen,15.953488372093023,45.253650621957824,0.17696629213433437,1.4565537555228276,0.18604651162358032,0.04651162790589508,0.34883720929421314
145,qwen,15.521739130434783,51.77126654064272,0.15312499999952148,1.3460451977401129,0.3913043478175804,0.1086956521715501,0.4999999999891305
146,qwen,18.875,33.026041666666664,0.25210084033507524,1.403973509933775,0.0,0.0,0.374999999984375
146,qwen,23.72222222222222,24.53395061728395,0.31465517241243685,1.4517647058823528,0.0,0.0,0.2777777777623457
146,qwen,19.238095238095237,25.990929705215414,0.3150684931492463,1.4389027431421446,0.0,0.0,0.1904761904671202
146,qwen,17.4,25.79,0.255131964808636,1.4144927536231884,0.04999999999875,0.024999999999375,0.42499999998937504
146,qwen,19.296296296296298,33.39368998628258,0.2588235294107497,1.4576923076923076,0.0,0.0,0.44444444442798353
147,qwen,21.304347826086957,65.3421550094518,0.26104417670577895,1.4567901234567902,0.0,0.0,0.304347826073724
147,qwen,19.818181818181817,45.33057851239669,0.2678571428559471,1.4143518518518519,0.0,0.0,0.272727272714876
147,qwen,22.92,38.3936,0.2328767123279696,1.3741258741258742,0.0,0.0,0.0799999999968
147,qwen,20.217391304347824,39.039697542533084,0.24336283185733026,1.3577586206896552,0.0,0.0,0.43478260867674856
148,qwen,17.615384615384617,43.390532544378694,0.21739130434688092,1.4495614035087718,0.1538461538402367,0.0,0.46153846152071004
148,qwen,19.333333333333332,60.888888888888886,0.23770491803083849,1.4008620689655173,0.16666666665277777,0.0,0.24999999997916666
148,qwen,13.41025641025641,44.08809993425378,0.2286821705417493,1.395793499043977,0.20512820512294544,0.0,0.35897435896515456
148,qwen,17.448275862068964,30.661117717003563,0.19465648854887538,1.3916500994035785,0.06896551723900118,0.0,0.48275862067300834
148,qwen,17.46875,40.5615234375,0.22068965517165282,1.446846846846847,0.24999999999218753,0.0,0.18749999999414066
149,qwen,8.5,31.166666666666668,0.23208191126200656,1.325,0.4166666666608796,0.24999999999652778,0.4166666666608796
149,qwen,13.311111111111112,30.70320987654321,0.2573289902271748,1.322689075630252,0.08888888888691358,0.022222222221728396,0.48888888887802473
149,qwen,13.333333333333334,34.45751633986929,0.23893805309664032,1.3293591654247392,0.31372549018992696,0.05882352941061131,0.45098039214802005
149,qwen,11.210526315789474,27.166204986149584,0.25870646766040445,1.3238095238095238,0.21052631578393355,0.05263157894598339,0.6052631578788089
149,qwen,15.8,57.760000000000005,0.20524017467159283,1.3369098712446352,0.0,0.0,0.4333333333188889
150,qwen,13.395348837209303,39.773931855056794,0.20284697508824612,1.391304347826087,0.41860465115305573,0.06976744185884262,0.6744186046354786
150,qwen,10.01639344262295,32.180059123891425,0.17905405405344915,1.374581939799331,0.5245901639258265,0.16393442622682075,0.5573770491711906
150,qwen,15.487804878048781,57.225461035098164,0.26708074534078546,1.3606299212598425,0.341463414625818,0.024390243901844143,0.4634146341350387
150,qwen,15.076923076923077,57.250493096646935,0.20070422535140597,1.3622448979591837,0.5128205128073636,0.07692307692110455,0.46153846152662725
150,qwen,13.0,61.064516129032256,0.256345177664324,1.4232209737827715,0.5806451612809573,0.12903225806243498,0.564516129023153
151,qwen,20.333333333333332,67.46031746031747,0.27155172413676054,1.3938679245283019,0.0,0.0,0.28571428570068025
151,qwen,18.04,110.9184,0.2447257383955919,1.3510392609699768,0.5599999999776,0.1199999999952,0.2399999999904
151,qwen,22.272727272727273,39.83471074380165,0.23791821561249846,1.482546201232033,0.0,0.0,0.04545454545247934
151,qwen,13.58,47.3636,0.198198198197603,1.3223388305847077,0.43999999999120004,0.0399999999992,0.3399999999932
151,qwen,17.31578947368421,93.37396121883657,0.19219219219161504,1.3626543209876543,0.8947368420817176,0.13157894736495845,0.2631578947299169
152,qwen,31.333333333333332,49.333333333333336,0.24999999999831082,1.3736654804270463,0.0,0.0,0.4444444443950617
152,qwen,17.47826086956522,85.2930056710775,0.20999999999895,1.3753148614609572,0.17391304347069944,0.0,0.43478260867674856
152,qwen,18.076923076923077,46.14792899408283,0.2608695652162571,1.3091684434968016,0.23076923076035502,0.0,0.5769230769008876
152,qwen,21.4375,58.49609375,0.2662721893475369,1.3294460641399417,0.1249999999921875,0.0,0.31249999998046873
152,qwen,24.285714285714285,55.91836734693878,0.3099999999969,1.514792899408284,0.0,0.0,0.5714285713469388
153,qwen,11.93939393939394,84.96602387511479,0.2775119617211602,1.336870026525199,0.6666666666464647,0.21212121211478424,0.3939393939274564
153,qwen,11.333333333333334,35.25925925925925,0.237288135592416,1.3210084033613445,0.37037037036351167,0.07407407407270233,0.4999999999907408
153,qwen,10.641509433962264,40.4186543253827,0.2367491166069373,1.378228782287823,0.49056603772659313,0.05660377358383767,0.509433962254539
153,qwen,11.67741935483871,29.476586888657646,0.2271468144038029,1.3470254957507082,0.7096774193433923,0.08064516128902185,0.6290322580543705
153,qwen,11.489795918367347,49.35193669304456,0.27561837455732996,1.3155963302752294,0.775510204065806,0.3265306122382341,0.5102040816222407
154,qwen,11.604651162790697,52.37858301784748,0.27169811320652193,1.4135021097046414,0.6046511627766361,0.20930232557652786,0.4651162790589508
154,qwen,11.232142857142858,47.78539540816327,0.2515337423305168,1.3618090452261307,0.5714285714183673,0.12499999999776787,0.3749999999933036
154,qwen,11.479166666666666,63.41623263888889,0.25270758122652454,1.4044526901669758,0.6249999999869792,0.12499999999739585,0.3333333333263889
154,qwen,12.863636363636363,56.75413223140497,0.2645161290314048,1.482632541133455,0.681818181802686,0.113636363633781,0.2727272727210744
154,qwen,10.660377358490566,40.41295834816661,0.17880794701927546,1.380952380952381,0.6415094339501602,0.07547169811178356,0.3207547169750801
155,qwen,15.6,44.69714285714286,0.21978021977941473,1.5380333951762524,0.11428571428244899,0.0,0.31428571427673474
155,qwen,16.864864864864863,43.14390065741417,0.24342105263077823,1.4310897435897436,0.16216216215777943,0.0,0.32432432431555885
155,qwen,17.72222222222222,61.589506172839506,0.19814241486006767,1.4944532488114104,0.2222222222160494,0.0,0.24999999999305558
155,qwen,14.78125,50.5458984375,0.20901639344176634,1.5148936170212766,0.24999999999218753,0.06249999999804688,0.3749999999882813
155,qwen,15.696969696969697,22.029384756657482,0.20992366412133617,1.515625,0.1818181818126722,0.0,0.1818181818126722
156,qwen,11.781818181818181,47.770578512396696,0.24062499999924805,1.3195548489666136,0.5818181818076034,0.10909090908892563,0.4181818181742149
156,qwen,15.85,44.4775,0.23948220064647419,1.44264943457189,0.34999999999125003,0.04999999999875,0.49999999998750005
156,qwen,13.82258064516129,46.04916753381894,0.2459396751734433,1.4145758661887695,0.48387096773413113,0.20967741935145684,0.3387096774138918
156,qwen,10.871428571428572,30.39775510204081,0.20263157894683517,1.322930800542741,0.5714285714204081,0.15714285714061224,0.4142857142797959
156,qwen,13.153846153846153,28.54043392504931,0.26562499999896244,1.3346774193548387,0.46153846152662725,0.07692307692110455,0.4102564102458909
157,qwen,20.82608695652174,60.23062381852551,0.19230769230676775,1.3459119496855345,0.0,0.0,0.39130434780907375
157,qwen,12.543478260869565,21.63941398865785,0.21071428571353318,1.3309734513274336,0.3913043478175804,0.04347826086862004,0.4347826086862004
157,qwen,17.633333333333333,39.69888888888889,0.21886792452747597,1.333976833976834,0.2666666666577778,0.03333333333222222,0.5333333333155555
157,qwen,13.631578947368421,45.86426592797784,0.1965811965803565,1.2444889779559118,0.3157894736759003,0.10526315789196677,0.4473684210408588
157,qwen,11.972972972972974,38.56683710737765,0.22966507176923606,1.2622950819672132,0.37837837836815197,0.10810810810518627,0.5405405405259314
158,qwen,15.576923076923077,19.62869822485207,0.20725388600928885,1.382716049382716,0.3076923076804734,0.0,0.6538461538210059
158,qwen,12.866666666666667,35.00444444444444,0.20848056537028806,1.4107452339688042,0.17777777777382717,0.06666666666518518,0.5555555555432099
158,qwen,15.825,41.794374999999995,0.21269841269773748,1.4322169059011165,0.34999999999125003,0.04999999999875,0.39999999999
158,qwen,15.757575757575758,28.36547291092746,0.16141732283401017,1.432170542635659,0.0,0.0,0.5757575757401286
158,qwen,11.375,55.734375,0.23245614034985765,1.3956043956043955,0.8499999999787501,0.14999999999625002,0.54999999998625
159,qwen,10.267857142857142,22.196109693877556,0.2569444444435523,1.3613595706618962,0.5357142857047195,0.03571428571364796,0.5714285714183673
159,qwen,9.555555555555555,31.891358024691364,0.1904761904753659,1.4004796163069544,0.7999999999822223,0.08888888888691358,0.44444444443456793
159,qwen,10.916666666666666,31.576388888888886,0.25475285171005796,1.381139489194499,0.6249999999869792,0.14583333333029516,0.3541666666592882
159,qwen,9.771084337349398,37.33313978806793,0.2506393861886173,1.3350383631713556,0.7228915662563506,0.15662650602220932,0.40963855421193207
159,qwen,10.404761904761905,37.95521541950113,0.16740088105653128,1.39618138424821,1.1904761904478458,0.19047619047165534,0.45238095237018144
160,qwen,16.379310344827587,37.75267538644471,0.22649572649475858,1.376595744680851,0.20689655171700358,0.03448275861950059,0.41379310343400716
160,qwen,14.342857142857143,43.711020408163265,0.27626459143861376,1.345309381237525,0.342857142847347,0.028571428570612248,0.42857142855918373
160,qwen,13.368421052631579,46.33795013850414,0.22846441947479976,1.463220675944334,0.21052631578393355,0.0,0.3684210526218837
160,qwen,17.0,36.516129032258064,0.2740213523121921,1.396584440227704,0.0,0.0,0.22580645160561916
160,qwen,18.545454545454547,30.1267217630854,0.30158730158634417,1.3924466338259442,0.06060606060422406,0.0,0.3636363636253444
161,qwen,17.45945945945946,49.16727538349161,0.21130952380889492,1.497659906396256,0.0,0.0,0.29729729728926224
161,qwen,15.170212765957446,39.3327297419647,0.20285714285656328,1.4592274678111588,0.08510638297691264,0.0,0.404255319140335
161,qwen,14.333333333333334,27.42222222222222,0.23291925465766175,1.4234375,0.13333333333037037,0.0,0.42222222221283956
161,qwen,14.078947368421053,24.6516620498615,0.21561338289882673,1.452336448598131,0.0,0.05263157894598339,0.4210526315678671
161,qwen,14.93939393939394,59.81450872359963,0.21757322175641183,1.45010183299389,0.24242424241689625,0.0909090909063361,0.33333333332323234
162,qwen,19.444444444444443,54.913580246913575,0.20761245674668646,1.6812977099236641,0.0,0.0,0.18518518517832647
162,qwen,21.40909090909091,37.514462809917354,0.2362204724400149,1.7457264957264957,0.0,0.0,0.136363636357438
162,qwen,23.291666666666668,38.45659722222222,0.17064846416324012,1.5662431941923776,0.0,0.0,0.1666666666597222
162,qwen,15.771428571428572,79.0334693877551,0.19243986254229403,1.510909090909091,0.39999999998857144,0.0,0.31428571427673474
162,qwen,21.666666666666668,43.36507936507936,0.16666666666597224,1.5572687224669604,0.0,0.0,0.0952380952335601
163,qwen,18.5,63.48529411764706,0.21630094043819342,1.462157809983897,0.0,0.0,0.294117647050173
163,qwen,12.038461538461538,44.960059171597635,0.21341463414504017,1.4039087947882736,0.5384615384408284,0.038461538460059175,0.3846153846005917
163,qwen,13.372881355932204,34.74231542660155,0.23558897243048726,1.3758127438231469,0.6779661016834243,0.08474576271042804,0.5084745762625683
163,qwen,12.465116279069768,36.5743645213629,0.28057553956733605,1.4800759013282732,0.32558139534126557,0.09302325581179016,0.30232558138831805
163,qwen,12.777777777777779,37.69135802469136,0.26136363636289384,1.3751846381093058,0.4814814814725652,0.07407407407270233,0.37037037036351167
164,qwen,12.365853658536585,55.110053539559786,0.1760299625461572,1.4629258517034067,0.341463414625818,0.04878048780368829,0.512195121938727
164,qwen,16.96551724137931,33.550535077288934,0.21285140562163515,1.4049079754601228,0.06896551723900118,0.0,0.4482758620535077
164,qwen,18.470588235294116,60.602076124567475,0.1900311526473831,1.4271844660194175,0.0,0.0,0.23529411764013844
164,qwen,15.425531914893616,40.32956088727931,0.18361581920852085,1.4467496542185339,0.17021276595382528,0.06382978723268448,0.42553191488456316
164,qwen,16.30952380952381,40.49943310657596,0.21568627450919978,1.4437956204379563,0.0,0.0,0.30952380951643993
165,qwen,14.8,35.417142857142856,0.25177304964449726,1.5261121856866537,0.11428571428244899,0.028571428570612248,0.342857142847347
165,qwen,15.863636363636363,67.52685950413223,0.24316939890643943,1.4695652173913043,0.1363636363605372,0.0,0.2727272727210744
165,qwen,13.023255813953488,33.04597079502434,0.26501766784358655,1.4262589928057554,0.511627906964846,0.02325581395294754,0.30232558138831805
165,qwen,16.75,39.7375,0.2553191489353942,1.4017991004497752,0.0,0.0,0.47499999998812503
165,qwen,18.166666666666668,52.20555555555554,0.2599277978329967,1.4422018348623853,0.06666666666444444,0.0,0.4666666666511111
166,qwen,12.076923076923077,25.417159763313613,0.17737003058049736,1.4,0.26923076922559175,0.07692307692159764,0.30769230768639055
166,qwen,9.277777777777779,20.089506172839506,0.2277580071166272,1.4048582995951417,0.37037037036351167,0.0,0.2407407407362826
166,qwen,14.620689655172415,28.718192627824017,0.09251101321545149,1.0,0.0,0.0,0.03448275861950059
166,qwen,13.433333333333334,28.11222222222222,0.16071428571356824,1.4438902743142146,0.0,0.0,0.3666666666544444
166,qwen,15.172413793103448,46.34958382877527,0.15062761506213126,1.4223744292237444,0.13793103447800237,0.0,0.24137931033650417
167,qwen,11.160714285714286,30.706313775510203,0.2445141065823056,1.4489465153970826,0.42857142856377556,0.12499999999776787,0.42857142856377556
167,qwen,14.666666666666666,37.0,0.1882640586792463,1.479643765903308,0.29629629629080934,0.018518518518175583,0.4814814814725652
167,qwen,15.272727272727273,53.01652892561983,0.20882352941115054,1.4360902255639099,0.2727272727210744,0.0227272727267562,0.3181818181745868
167,qwen,12.066666666666666,37.57333333333333,0.19178082191715146,1.4811320754716981,0.31111111110419754,0.06666666666518518,0.39999999999111113
167,qwen,11.640625,32.230224609375,0.24456521739063977,1.4552957359009628,0.3437499999946289,0.109374999998291,0.32812499999487305
168,qwen,15.891891891891891,31.447772096420742,0.25974025973941645,1.4413793103448276,0.0,0.0,0.37837837836815197
168,qwen,15.6,41.21777777777778,0.21257485029876474,1.387374461979914,0.35555555554765433,0.022222222221728396,0.5999999999866668
168,qwen,17.53846153846154,44.09467455621302,0.23692307692234793,1.402061855670103,0.05128205128073636,0.07692307692110455,0.3846153846055227
168,qwen,13.52,27.7296,0.2464589235120497,1.4323922734026746,0.0799999999984,0.059999999998800006,0.3599999999928
168,qwen,17.71875,40.5771484375,0.20469798657649432,1.489247311827957,0.06249999999804688,0.03124999999902344,0.281249999991211
169,qwen,16.65625,38.9130859375,0.2256944444436608,1.5574387947269304,0.0,0.0,0.3124999999902344
169,qwen,15.657894736842104,23.804016620498615,0.2801418439706378,1.3790186125211505,0.0,0.0,0.5526315789328256
169,qwen,15.91891891891892,28.99342585829072,0.2126245847169016,1.4804753820033956,0.0,0.0,0.4324324324207451
169,qwen,16.580645161290324,32.049947970863684,0.18587360594726443,1.5039370078740157,0.0,0.0,0.3870967741810614
169,qwen,16.216216216216218,23.412710007304607,0.2445141065823056,1.5067114093959733,0.0,0.0,0.4054054053944485
170,qwen,12.022222222222222,64.82172839506174,0.2159090909082731,1.4317757009345795,0.04444444444345679,0.0,0.35555555554765433
170,qwen,19.74074074074074,118.56241426611798,0.24218749999905398,1.4593572778827977,0.22222222221399177,0.0,0.44444444442798353
170,qwen,14.878787878787879,60.045913682277316,0.24680851063724762,1.4115226337448559,0.0,0.0,0.3939393939274564
170,qwen,17.615384615384617,55.51873767258383,0.26979472140683347,1.4736070381231672,0.10256410256147272,0.0,0.43589743588625907
170,qwen,11.433962264150944,38.66073335706657,0.23839009287851892,1.4738617200674535,0.3773584905589178,0.07547169811178356,0.509433962254539
171,qwen,18.962962962962962,34.331961591220846,0.23396226415006052,1.506876227897839,0.07407407407133058,0.0,0.37037037035665293
171,qwen,14.361702127659575,40.99683114531462,0.20420420420359098,1.4134328358208956,0.2553191489307379,0.08510638297691264,0.3829787233961069
171,qwen,15.837209302325581,32.83396430502974,0.18497109826536137,1.4844444444444445,0.32558139534126557,0.0,0.30232558138831805
171,qwen,17.205128205128204,34.368178829717294,0.154970760233465,1.4746268656716417,0.1538461538422091,0.0,0.3333333333247864
171,qwen,16.068181818181817,48.15444214876032,0.17045454545406122,1.4545454545454546,0.2727272727210744,0.0227272727267562,0.2727272727210744
172,qwen,14.552631578947368,33.56301939058172,0.2499999999990809,1.4288321167883211,0.5263157894598338,0.10526315789196677,0.5526315789328256
172,qwen,15.409090909090908,36.423553719008275,0.2613981762909988,1.400887573964497,0.0,0.0454545454535124,0.568181818168905
172,qwen,20.875,42.484375,0.2215384615377799,1.3207831325301205,0.0,0.0,0.4687499999853516
172,qwen,15.0,46.645161290322584,0.2352941176460702,1.448051948051948,0.1935483870905307,0.16129032257544224,0.3548387096659729
172,qwen,13.576923076923077,32.55177514792899,0.24157303370650804,1.3693181818181819,0.1538461538402367,0.0,0.42307692306065087
173,qwen,16.166666666666668,25.272222222222226,0.2213438735169117,1.4100418410041842,0.1333333333288889,0.03333333333222222,0.4333333333188889
173,qwen,15.235294117647058,45.35640138408304,0.1561338289957021,1.3933463796477494,0.4117647058702423,0.08823529411505192,0.4117647058702423
173,qwen,20.434782608695652,123.37618147448015,0.200913242008215,1.4190064794816415,0.3478260869413989,0.04347826086767486,0.608695652147448
173,qwen,17.466666666666665,36.51555555555555,0.1895161290314939,1.3911368015414258,0.0,0.0,0.4333333333188889
173,qwen,16.625,88.609375,0.18421052631509696,1.4114285714285715,0.49999999998437505,0.09374999999707033,0.3124999999902344
174,qwen,8.833333333333334,20.11111111111111,0.19117647058753245,1.309061488673139,0.3333333333287037,0.16666666666435184,0.5416666666591435
174,qwen,12.783783783783784,44.33162892622352,0.2116182572605327,1.3913978494623656,0.16216216215777943,0.054054054052593135,0.18918918918407598
174,qwen,13.027027027027026,40.45872899926954,0.236111111110018,1.3094736842105263,0.5945945945785245,0.10810810810518627,0.4054054053944485
174,qwen,13.884615384615385,24.6405325443787,0.2716763005764643,1.3389830508474576,0.1538461538402367,0.0,0.42307692306065087
174,qwen,7.819672131147541,23.393711367911852,0.2641509433949804,1.2701525054466232,0.7868852458887396,0.3442622950763236,0.29508196720827734
175,qwen,12.214285714285714,21.930272108843536,0.23437499999908448,1.4657534246575343,0.09523809523582767,0.09523809523582767,0.5714285714149661
175,qwen,13.21951219512195,23.390838786436646,0.2169117647050849,1.4601113172541744,0.09756097560737657,0.0,0.5365853658405711
175,qwen,10.130434782608695,17.46124763705104,0.25101214574797165,1.4643628509719222,0.0,0.06521739130293006,0.3913043478175804
175,qwen,9.183333333333334,29.416388888888893,0.18794326241068107,1.5074906367041199,0.3666666666605556,0.03333333333277778,0.4999999999916667
175,qwen,14.5625,45.99609375,0.21030042918364678,1.4516129032258065,0.06249999999804688,0.0,0.562499999982422
176,qwen,13.11111111111111,30.365432098765435,0.26428571428477043,1.2919580419580419,0.6666666666518519,0.22222222221728397,0.46666666665629636
176,qwen,14.594594594594595,64.88970051132213,0.1969696969689509,1.4068441064638784,0.5405405405259314,0.16216216215777943,0.48648648647333825
176,qwen,11.575757575757576,43.54729109274564,0.23999999999936,1.373806275579809,0.6060606060514233,0.1666666666641414,0.4393939393872819
176,qwen,17.4,121.63999999999997,0.23018867924441438,1.431640625,0.3999999999866667,0.03333333333222222,0.1666666666611111
176,qwen,14.67741935483871,68.73465140478667,0.23651452282059537,1.4151785714285714,0.4516129032112383,0.03225806451508845,0.32258064515088447
177,qwen,19.08,60.393600000000006,0.18534482758540802,1.302771855010661,0.799999999968,0.0799999999968,0.3199999999872
177,qwen,16.033333333333335,47.565555555555555,0.19512195121871903,1.4076433121019107,0.3999999999866667,0.0,0.4333333333188889
177,qwen,18.32,49.8176,0.23931623931521662,1.3348017621145374,0.5599999999776,0.0,0.399999999984
177,qwen,18.0,72.70588235294117,0.22435897435753618,1.415282392026578,0.117647058816609,0.0,0.352941176449827
178,qwen,11.755555555555556,25.029135802469142,0.27675276752665406,1.4866412213740459,0.48888888887802473,0.04444444444345679,0.5999999999866668
178,qwen,13.642857142857142,27.753401360544217,0.27436823104594094,1.400709219858156,0.33333333332539683,0.047619047617913836,0.5476190476060091
178,qwen,14.217391304347826,41.90926275992439,0.2196531791894818,1.4417177914110428,0.0,0.0,0.39130434780907375
178,qwen,12.818181818181818,27.285123966942148,0.2872727272716827,1.499108734402852,0.227272727267562,0.0,0.4999999999886364
178,qwen,11.442307692307692,44.592825443786985,0.25531914893526486,1.3868243243243243,0.5769230769119823,0.11538461538239646,0.6346153846031806
179,qwen,15.736842105263158,36.40443213296398,0.25076452599311694,1.7142857142857142,0.10526315789196677,0.026315789472991694,0.3157894736759003
179,qwen,14.217391304347826,42.56143667296787,0.20630372492777563,1.6117103235747303,0.7391304347665407,0.1086956521715501,0.23913043477741022
179,qwen,13.365384615384615,38.885724852071,0.18059299191325986,1.6111929307805597,0.30769230768639055,0.0,0.24999999999519232
179,qwen,9.822784810126583,36.12049351065535,0.19306930693021518,1.6044973544973544,0.4810126582217593,0.1898734177191155,0.30379746835058485
180,qwen,15.068965517241379,22.546967895362663,0.22564102563986851,1.3915094339622642,0.0,0.0,0.6551724137705113
180,qwen,15.2,21.626666666666665,0.24107142857035238,1.460352422907489,0.0,0.0,0.49999999998333333
180,qwen,17.12,31.5456,0.24378109452615035,1.3708920187793427,0.0,0.0,0.799999999968
180,qwen,21.0,30.88,0.2377049180318127,1.4252873563218391,0.0,0.0,0.5599999999776
180,qwen,15.727272727272727,34.3801652892562,0.23036649214539076,1.4516129032258065,0.0,0.0,0.40909090907231405
181,qwen,13.5,37.138888888888886,0.25761772853114234,1.3895747599451302,0.14814814814540467,0.018518518518175583,0.5925925925816187
181,qwen,13.962962962962964,19.294924554183815,0.2870813397115451,1.5384615384615385,0.0,0.0,0.5185185184993141
181,qwen,13.486486486486486,26.57414170927684,0.295999999998816,1.414486921529175,0.0,0.0,0.5405405405259314
181,qwen,15.34375,38.2255859375,0.2450592885365808,1.4326530612244899,0.0,0.0,0.281249999991211
181,qwen,17.217391304347824,19.03969754253308,0.20207253885905663,1.4065656565656566,0.0,0.0,0.5217391304120983
182,qwen,12.875,44.609375,0.2996632996622907,1.326797385620915,0.0,0.2499999999947917,0.22916666666189237
182,qwen,9.948717948717949,30.56147271531887,0.32631578947196677,1.2727272727272727,0.3076923076844182,0.0,0.5641025640881
182,qwen,11.833333333333334,33.32936507936508,0.3363228699536488,1.3029045643153527,0.0,0.047619047617913836,0.42857142856122454
182,qwen,19.5,39.983333333333334,0.2868525896402914,1.3114186851211074,0.06666666666444444,0.03333333333222222,0.4666666666511111
182,qwen,14.078947368421053,52.28324099722991,0.23346303501854684,1.3163841807909604,0.0,0.05263157894598339,0.5263157894598338
183,qwen,9.156862745098039,21.779315647827758,0.2585365853645925,1.290249433106576,0.8627450980222992,0.11764705882122262,0.7058823529273357
183,qwen,9.755555555555556,31.384691358024686,0.2636363636351653,1.4129930394431554,0.31111111110419754,0.17777777777382717,0.5999999999866668
183,qwen,10.672413793103448,29.668549346016647,0.23426573426491518,1.3651315789473684,0.4827586206813318,0.08620689655023782,0.6551724137818075
183,qwen,12.476190476190476,47.58276643990931,0.23694779116370704,1.4375,0.6190476190328799,0.0,0.45238095237018144
183,qwen,12.651162790697674,75.34342888047593,0.18390804597630686,1.3860640301318268,0.511627906964846,0.02325581395294754,0.4418604651060033
184,qwen,13.14,64.28040000000001,0.2708933717571444,1.4591194968553458,0.7999999999840001,0.0799999999984,0.299999999994
184,qwen,14.892857142857142,53.1670918367347,0.24107142857035238,1.502439024390244,0.8571428571122449,0.178571428565051,0.10714285713903061
184,qwen,15.151515151515152,83.46189164370982,0.24313725490100732,1.4318181818181819,0.969696969667585,0.0909090909063361,0.30303030302112033
184,qwen,13.568181818181818,50.108987603305785,0.23974763406864433,1.3904109589041096,0.454545454535124,0.0454545454535124,0.227272727267562
184,qwen,12.571428571428571,63.197278911564624,0.26254826254724883,1.3818897637795275,0.7142857142687076,0.30952380951643993,0.23809523808956917
185,qwen,16.153846153846153,32.89940828402367,0.19614147909904778,1.43879173290938,0.10256410256147272,0.0,0.2564102564036818
185,qwen,13.606060606060606,34.4811753902663,0.21658986175015396,1.3963963963963963,0.06060606060422406,0.0,0.6666666666464647
185,qwen,16.435897435897434,36.60486522024983,0.20138888888818962,1.3646322378716744,0.0,0.0,0.5128205128073636
185,qwen,15.133333333333333,55.91555555555556,0.18376068375989846,1.4202247191011237,0.3333333333222222,0.0,0.3666666666544444
185,qwen,13.096774193548388,38.119667013527575,0.25265957446741316,1.346683354192741,0.3225806451560874,0.032258064515608746,0.46774193547632675
186,qwen,11.875,31.776041666666668,0.2669039145897975,1.4468864468864469,0.5833333333211806,0.22916666666189237,0.41666666665798613
186,qwen,13.682926829268293,38.41165972635336,0.27083333333239296,1.4527272727272726,0.341463414625818,0.024390243901844143,0.2682926829202856
186,qwen,13.78125,29.3583984375,0.23012552301158945,1.614678899082569,0.18749999999414066,0.0,0.3749999999882813
186,qwen,13.040816326530612,66.8554768846314,0.22222222222151677,1.4545454545454546,0.44897959182757186,0.1428571428542274,0.34693877550312374
186,qwen,14.926829268292684,30.555621653777514,0.22839506172769014,1.5291181364392679,0.0,0.0,0.36585365852766216
187,qwen,9.925925925925926,43.624142661179704,0.20212765957375134,1.4383301707779885,0.33333333332716053,0.07407407407270233,0.29629629629080934
187,qwen,10.492537313432836,41.20516818890621,0.2244318181811806,1.4157973174366616,0.5671641790960125,0.19402985074337267,0.3432835820844286
187,qwen,9.403846153846153,54.509985207100584,0.24901185770652565,1.3782051282051282,0.6923076922943787,0.32692307691678996,0.36538461537758876
187,qwen,9.883333333333333,54.969722222222224,0.22185430463502698,1.3756708407871199,0.5333333333244444,0.09999999999833334,0.39999999999333335
187,qwen,10.0,41.391304347826086,0.15767634854706358,1.437219730941704,0.4347826086862004,0.04347826086862004,0.23913043477741022
188,qwen,12.804347826086957,31.287807183364837,0.24731182795610285,1.3049403747870527,0.2173913043431002,0.17391304347448017,0.47826086955482044
188,qwen,14.560975609756097,51.9535990481856,0.17013888888829815,1.477891156462585,0.19512195121475315,0.04878048780368829,0.41463414633135043
188,qwen,13.923076923076923,15.91715976331361,0.19999999999945206,1.4521497919556172,0.30769230768639055,0.01923076923039941,0.423076923068787
188,qwen,11.74,43.312400000000004,0.25357142857052295,1.3686006825938566,0.19999999999600002,0.0399999999992,0.5199999999896
188,qwen,14.137254901960784,40.15763168012303,0.19999999999939394,1.3964088397790055,0.0,0.019607843136870435,0.47058823528489047
189,qwen,11.41025641025641,37.216305062458915,0.18055555555471967,1.4436936936936937,0.46153846152662725,0.23076923076331363,0.3333333333247864
189,qwen,16.0,48.054054054054056,0.1797752808982031,1.392554991539763,0.48648648647333825,0.08108108107888971,0.4054054053944485
189,qwen,12.574468085106384,31.86147578089633,0.13868613138635516,1.3559322033898304,0.5106382978614759,0.10638297872114079,0.404255319140335
189,qwen,11.763157894736842,49.54916897506925,0.21917808219078003,1.4429530201342282,0.5789473684058172,0.18421052631094184,0.3684210526218837
189,qwen,13.125,58.309375,0.183999999999264,1.4153846153846155,0.79999999998,0.22499999999437503,0.39999999999
190,qwen,13.104166666666666,64.21831597222221,0.16408668730599354,1.5457463884430176,0.749999999984375,0.062499999998697923,0.41666666665798613
190,qwen,11.851063829787234,26.76505205975555,0.1894736842098615,1.536231884057971,0.5957446808383885,0.06382978723268448,0.34042553190765057
190,qwen,16.060606060606062,48.29935720844813,0.13382899628203038,1.5877862595419847,0.4242424242295685,0.03030303030211203,0.3636363636253444
190,qwen,13.017857142857142,35.124681122448976,0.20810810810754565,1.477900552486188,0.5714285714183673,0.01785714285682398,0.4642857142774235
191,qwen,16.708333333333332,76.03993055555556,0.18518518518420538,1.3781094527363185,0.74999999996875,0.0833333333298611,0.5416666666440972
191,qwen,16.735294117647058,61.31228373702422,0.2233333333325889,1.5326278659611994,0.4117647058702423,0.029411764705017305,0.32352941175519034
191,qwen,13.911764705882353,48.786332179930795,0.19305019304944768,1.5991471215351811,0.3529411764602077,0.05882352941003461,0.26470588234515574
191,qwen,22.6875,86.71484375,0.20765027322290902,1.4816901408450704,0.1249999999921875,0.0,0.1249999999921875
191,qwen,16.75862068965517,29.148632580261594,0.27380952380843726,1.4669421487603307,0.06896551723900118,0.0,0.4482758620535077
192,qwen,18.64,20.9504,0.26724137930919295,1.354978354978355,0.0,0.0,0.5199999999792
192,qwen,13.0,34.36842105263158,0.25833333333225694,1.3647540983606556,0.10526315789196677,0.0,0.4210526315678671
192,qwen,11.761904761904763,34.848072562358276,0.24390243902339878,1.323045267489712,0.14285714285374151,0.0,0.4999999999880953
192,qwen,15.24390243902439,37.50148720999405,0.2006688963203991,1.367479674796748,0.2926829268221297,0.04878048780368829,0.41463414633135043
192,qwen,12.736842105263158,27.45706371191136,0.18385650224132802,1.3094736842105263,0.2631578947299169,0.0,0.5526315789328256
193,qwen,13.657894736842104,33.11980609418283,0.215384615383787,1.388235294117647,0.3157894736759003,0.10526315789196677,0.3684210526218837
193,qwen,14.14,31.1204,0.23214285714216626,1.4,0.0,0.0199999999996,0.43999999999120004
193,qwen,13.2,36.87111111111111,0.22999999999923335,1.4706896551724138,0.48888888887802473,0.13333333333037037,0.24444444443901236
193,qwen,11.927272727272728,33.812892561983475,0.24695121951144222,1.4043887147335423,0.18181818181487605,0.12727272727041322,0.3999999999927273
193,qwen,10.155172413793103,49.61385255648038,0.2576271186431945,1.314878892733564,0.6896551724019025,0.20689655172057075,0.2931034482708086
194,qwen,3.9565217391304346,1.3894139886578452,0.267080745339956,1.7142857142857142,0.0,0.04347826086862004,0.02173913043431002
194,qwen,1.4193548387096775,0.43704474505723206,0.07499999999812501,1.7954545454545454,0.0,0.0,0.03225806451508845
194,qwen,4.363636363636363,2.5950413223140494,0.29999999999250004,1.75,0.0,0.0,0.0
195,qwen,14.457142857142857,39.50530612244897,0.2536764705873027,1.4750499001996007,0.057142857141224496,0.0,0.22857142856489798
195,qwen,14.90625,58.5849609375,0.23140495867672975,1.49364406779661,0.43749999998632816,0.12499999999609376,0.3749999999882813
195,qwen,13.956521739130435,64.25897920604915,0.2097264437683595,1.5331230283911672,0.3043478260803403,0.08695652173724008,0.4999999999891305
195,qwen,17.115384615384617,43.87130177514793,0.23605150214490966,1.4977477477477477,0.07692307692011835,0.0,0.3846153846005917
195,qwen,11.902777777777779,36.64332561728395,0.20222222222177286,1.4445754716981132,0.16666666666435184,0.08333333333217592,0.26388888888522377
196,qwen,14.514285714285714,30.42122448979592,0.31451612903098985,1.4051383399209487,0.39999999998857144,0.0,0.342857142847347
196,qwen,13.10204081632653,47.60183256976261,0.21005917159701168,1.5628058727569332,0.3265306122382341,0.08163265305955852,0.4081632652977926
196,qwen,11.137931034482758,36.049940546967896,0.24495677233358804,1.5872,0.5172413793014269,0.10344827586028538,0.3448275862009513
196,qwen,14.258064516129032,32.25598335067638,0.30084745762584386,1.528735632183908,0.580645161271592,0.0645161290301769,0.3548387096659729
196,qwen,12.901639344262295,35.85917764041925,0.24619289340039038,1.383905013192612,0.6885245901526472,0.06557377049072831,0.5409836065485085
197,qwen,17.032258064516128,60.35379812695109,0.23076923076834321,1.4255725190839694,0.0,0.0,0.16129032257544224
197,qwen,14.333333333333334,49.16666666666666,0.23404255319065942,1.5108481262327416,0.1111111111080247,0.0,0.3888888888780865
197,qwen,15.71875,72.0771484375,0.21632653061136195,1.3685258964143425,0.18749999999414066,0.03124999999902344,0.24999999999218753
197,qwen,16.423076923076923,37.167159763313606,0.23394495412736724,1.4560570071258907,0.0,0.0,0.19230769230029585
197,qwen,14.357142857142858,40.83673469387755,0.18069306930648343,1.4015151515151516,0.14285714285459183,0.03571428571364796,0.24999999999553574
198,qwen,17.114285714285714,40.50122448979592,0.25324675324593104,1.3677966101694916,0.28571428570612245,0.028571428570612248,0.5714285714122449
198,qwen,14.836363636363636,62.1004958677686,0.28909952606566564,1.426270136307311,0.14545454545190084,0.07272727272595042,0.4363636363557025
198,qwen,11.392156862745098,39.29719338715879,0.27075812274270483,1.3274021352313168,0.7058823529273357,0.13725490195809306,0.5490196078323722
198,qwen,11.142857142857142,36.326530612244895,0.2796934865889667,1.3339587242026267,0.24489795917867557,0.2040816326488963,0.4693877550924615
198,qwen,15.24390243902439,33.64782867340869,0.24307692307617515,1.4211382113821138,0.09756097560737657,0.0,0.3902439024295063
199,qwen,17.1875,22.90234375,0.19148936170144862,1.4458715596330276,0.06249999999804688,0.0,0.3749999999882813
199,qwen,20.423076923076923,66.55177514792898,0.1841155234650393,1.5,0.46153846152071004,0.0,0.3076923076804734
199,qwen,20.166666666666668,40.205555555555556,0.2099644128106407,1.3681592039800996,0.06666666666444444,0.0,0.49999999998333333
199,qwen,15.696969696969697,42.393021120293845,0.1921568627443445,1.3895348837209303,0.30303030302112033,0.06060606060422406,0.4545454545316805
199,qwen,17.875,22.442708333333332,0.1314553990604157,1.3546099290780143,0.0833333333298611,0.0,0.4583333333142361
