prompt_id,source,story_id,model,Diversity,Perplexity,Coherence,QStarText
0,human,0,Human,0.8486815130882928,21.141618728637695,-2.962890625,73.49931214922604
0,human,1,Human,0.8601118059308118,14.365216255187988,-2.595703125,74.23498359006331
0,human,2,Human,0.8537086231605439,19.953868865966797,-2.94921875,73.84313708934843
1,human,0,Human,0.9531914893617022,13.986429214477539,-2.25390625,76.26512671822493
1,human,1,Human,0.9179383423065053,20.588315963745117,-2.564453125,77.00024779251049
1,human,2,Human,0.9282751469063255,16.384870529174805,-2.392578125,76.81273245806032
1,human,3,Human,0.9282751469063255,16.917682647705078,-2.412109375,76.85088878128448
2,human,0,Human,0.9541666666666667,21.29973030090332,-2.55078125,76.73028315764968
2,human,1,Human,0.9831223628691983,21.287769317626953,-2.537109375,75.51013919784357
2,human,2,Human,0.9661016949152542,26.490625381469727,-2.6796875,76.46517796095142
3,human,0,Human,0.9386501121028807,14.233039855957031,-2.07421875,76.46683251059089
3,human,1,Human,0.9446829163071614,16.461360931396484,-2.353515625,76.66579345018704
3,human,2,Human,0.9355291824332072,18.581830978393555,-2.44921875,76.9289162875779
4,human,0,Human,0.9038814053603665,17.95378875732422,-2.873046875,76.35921886720986
4,human,1,Human,0.8648439499976563,25.229473114013672,-3.22265625,74.39637362072278
4,human,2,Human,0.8787301587301587,20.630319595336914,-2.978515625,75.4242532924166
5,human,0,Human,0.9604365181560649,39.20240783691406,-3.63671875,74.76347278399197
5,human,1,Human,0.957870900313542,15.278289794921875,-2.7265625,76.13820914892669
5,human,2,Human,0.9293873364476586,33.792213439941406,-3.41796875,76.09148547694979
6,human,0,Human,0.9650655021834061,20.253955841064453,-2.439453125,76.33506018388124
6,human,1,Human,0.8969253627996883,25.414840698242188,-2.61328125,76.73553049443363
6,human,2,Human,0.9816176470588235,20.96931266784668,-2.591796875,75.55776124527115
7,human,0,Human,0.862524174372098,19.54911994934082,-2.953125,74.44136415323877
7,human,1,Human,0.8467432874378539,17.9141902923584,-2.912109375,73.21856134459804
7,human,2,Human,0.8833645806566032,22.95321273803711,-3.064453125,75.63201483927917
7,human,3,Human,0.8546054297045805,20.87577247619629,-3.009765625,73.87521847461528
8,human,0,Human,0.8850312399701522,16.980810165405273,-2.86328125,75.64491312353235
8,human,1,Human,0.8987628122998077,16.65694808959961,-2.80859375,76.19611001470874
8,human,2,Human,0.7931841469463511,13.768027305603027,-2.623046875,67.59574373708942
8,human,3,Human,0.9218142447178742,24.70079231262207,-3.23828125,76.3948116911653
9,human,0,Human,0.9097189326386533,12.62301254272461,-2.6015625,76.30015553603357
9,human,1,Human,0.8607505360571942,13.926942825317383,-2.73046875,74.16182486439993
9,human,2,Human,0.8823582820197772,16.46624755859375,-2.837890625,75.51307938058928
10,human,0,Human,0.903685830250061,9.3026762008667,-2.234375,75.87624163746004
10,human,1,Human,0.9457960199004974,27.35711669921875,-3.259765625,76.27270177757333
10,human,2,Human,0.9166845455195596,16.385805130004883,-2.775390625,76.58733370091242
11,human,0,Human,0.9405361996540648,14.427031517028809,-2.7109375,76.47209472072124
11,human,1,Human,0.9292895159246429,18.36556625366211,-2.951171875,76.59016245259299
11,human,2,Human,0.9411214953271028,23.158815383911133,-3.109375,76.50940779771632
12,human,0,Human,0.9006430842543969,18.178251266479492,-2.384765625,76.54568001099636
12,human,1,Human,0.9481865284974094,28.64534568786621,-2.650390625,77.07386056234172
12,human,2,Human,0.8910345556465933,23.345521926879883,-2.333984375,76.49379461700433
13,human,0,Human,0.8430379179163723,13.537176132202148,-2.62890625,72.83369042216177
13,human,1,Human,0.8662745477655336,19.0305118560791,-2.9609375,74.64378093791765
13,human,2,Human,0.8166016937526015,16.901065826416016,-2.876953125,70.33597029509487
14,human,0,Human,0.8894563748442232,22.817651748657227,-3.095703125,75.83706717460642
14,human,1,Human,0.9344118592211871,16.36861228942871,-2.80859375,76.59797123044649
14,human,2,Human,0.8783810866411214,20.363685607910156,-3.01171875,75.34326775531933
15,human,0,Human,0.9001496811908494,18.304073333740234,-2.34375,76.53539202465265
15,human,1,Human,0.9011052517517879,21.283151626586914,-2.580078125,76.70615769887327
15,human,2,Human,0.8798065950414621,18.77522850036621,-2.400390625,75.76484855915432
15,human,3,Human,0.8743110102637178,17.79610252380371,-2.341796875,75.40710433871912
16,human,0,Human,0.8994381378282307,18.299304962158203,-2.828125,76.30816296325581
16,human,1,Human,0.8934322401526982,18.987579345703125,-2.904296875,76.06779813102318
16,human,2,Human,0.9590930562116202,17.207487106323242,-2.8125,76.16366629982302
16,human,3,Human,0.8836117569505771,21.88627052307129,-3.021484375,75.66255052776263
17,human,0,Human,0.9092286789297658,14.415437698364258,-2.419921875,76.48124972318281
17,human,1,Human,0.9027814183777487,16.929847717285156,-2.548828125,76.49831736061738
17,human,2,Human,0.8517513821176891,15.897178649902344,-2.494140625,73.77294627057415
17,human,3,Human,0.8517513821176891,17.636507034301758,-2.591796875,73.86500240992349
18,human,0,Human,0.979381443298969,14.492032051086426,-2.669921875,75.2071602646217
18,human,1,Human,0.9523809523809523,25.62322235107422,-3.251953125,76.0985267396465
18,human,2,Human,0.9362288445593328,22.48616600036621,-3.11328125,76.52877036405289
19,human,0,Human,0.8018041615686723,12.105062484741211,-2.46484375,68.55020923443466
19,human,1,Human,0.7840508581127734,13.501076698303223,-2.595703125,66.42692548975329
19,human,2,Human,0.8420157730989075,15.768765449523926,-2.76953125,72.82285935269904
20,human,0,Human,0.9360715684994123,15.965765953063965,-2.734375,76.62116355046955
20,human,1,Human,0.9274105584642234,22.048553466796875,-3.06640625,76.62531083160995
20,human,2,Human,0.9524117843408917,15.69116497039795,-2.759765625,76.29839995798467
20,human,3,Human,0.9724770642201835,16.25593376159668,-2.72265625,75.64692310869873
21,human,0,Human,0.9381987577639752,17.465036392211914,-2.3984375,76.83203656024214
21,human,1,Human,0.9436748666507443,15.210566520690918,-2.21875,76.55369068954585
21,human,2,Human,0.9436748666507443,19.51038360595703,-2.4140625,76.88671825778083
22,human,0,Human,0.9034275127373784,13.588891983032227,-2.58984375,76.24520369236932
22,human,1,Human,0.9478514906146486,17.068193435668945,-2.876953125,76.38674123870045
22,human,2,Human,0.8988146268417865,14.074019432067871,-2.650390625,76.12465421173101
23,human,0,Human,0.898352644128228,22.61841583251953,-3.103515625,76.13109918827071
23,human,1,Human,0.9343694979054095,17.623271942138672,-2.921875,76.55839330871851
23,human,2,Human,0.9437339401288689,23.89167022705078,-3.169921875,76.3879624916323
24,human,0,Human,0.9133740789655495,11.43026065826416,-2.08203125,76.18671334258177
24,human,1,Human,0.9374735124049806,8.561114311218262,-1.896484375,75.82448636437125
24,human,2,Human,0.9374735124049806,10.903911590576172,-2.162109375,76.24980984116581
25,human,0,Human,0.9405393457117595,12.396109580993652,-2.560546875,76.38565988000067
25,human,1,Human,1.0,12.617539405822754,-2.595703125,73.79539442911154
25,human,2,Human,0.9464519976147884,9.63068675994873,-2.322265625,76.05778965399158
26,human,0,Human,0.94880174291939,17.415193557739258,-2.9296875,76.32570323828675
26,human,1,Human,0.8917114888246458,11.357728958129883,-2.560546875,75.6934440791534
26,human,2,Human,0.8953538443330739,15.484674453735352,-2.806640625,76.00202030359732
26,human,3,Human,0.9917355371900827,24.97785758972168,-3.23046875,74.32792678691006
27,human,0,Human,0.9013802219634764,56.36586380004883,-3.93359375,72.45708880413909
27,human,1,Human,0.7452438886160123,15.829795837402344,-2.689453125,61.11262320407307
27,human,2,Human,0.961624151341375,21.298383712768555,-3.08984375,75.95081239288564
27,human,3,Human,0.8956599496740489,53.57504653930664,-3.8125,73.03286703517077
28,human,0,Human,0.8872793983977845,8.017546653747559,-1.685546875,74.71050734839655
28,human,1,Human,0.8922577297137819,15.439291000366211,-2.40625,76.07748135537808
28,human,2,Human,0.9410051299886967,13.525359153747559,-2.150390625,76.42749957398506
28,human,3,Human,0.9410051299886967,15.965499877929688,-2.318359375,76.68198150292163
29,human,0,Human,0.9135999447437492,19.326824188232422,-2.50390625,76.8904811901994
29,human,1,Human,0.947136563876652,24.61023712158203,-2.59765625,77.0234325558691
29,human,2,Human,0.9315581892745718,18.450231552124023,-2.3359375,76.94014188357157
30,human,0,Human,0.9918032786885246,12.099940299987793,-2.55078125,74.33231864582456
30,human,1,Human,0.926193207561721,12.365757942199707,-2.65234375,76.42357068945677
30,human,2,Human,0.9703703703703703,12.764213562011719,-2.61328125,75.53470251145137
30,human,3,Human,0.9395118230358505,18.295137405395508,-3.041015625,76.38355132306913
31,human,0,Human,0.8772398847091089,14.884586334228516,-2.708984375,75.25370876117427
31,human,1,Human,0.8953496346077587,14.811223030090332,-2.73828125,76.01075356214226
31,human,2,Human,0.8853042643599103,16.838571548461914,-2.8125,75.70057364886057
31,human,3,Human,0.8671743378307217,13.896697044372559,-2.634765625,74.64337972292032
32,human,0,Human,0.9627983677120018,90.37109375,-4.515625,65.51379178255985
32,human,1,Human,0.87771412315505,20.28191566467285,-3.056640625,75.23407527779769
32,human,2,Human,0.9663299663299664,47.271392822265625,-3.833984375,73.36821180465027
33,human,0,Human,0.9347468015015705,28.056119918823242,-2.681640625,77.23814402590176
33,human,1,Human,0.943089430894309,26.67362403869629,-2.767578125,77.04658445854493
33,human,2,Human,0.9396551724137931,34.701560974121094,-2.943359375,76.92175011490747
34,human,0,Human,0.8915542893137733,21.131757736206055,-3.0234375,75.9557077063586
34,human,1,Human,0.9396831194922607,26.6556396484375,-3.26953125,76.33158420520921
34,human,2,Human,0.9469026548672567,29.915985107421875,-3.37109375,76.03299565410384
34,human,3,Human,0.9098971834942893,24.525379180908203,-3.21875,76.27826757812495
35,human,0,Human,0.8390974205423475,21.299421310424805,-3.04296875,72.58153283586186
35,human,1,Human,0.8619921166447685,22.74172019958496,-3.103515625,74.33853528896714
35,human,2,Human,0.8530072184996945,20.008533477783203,-3.001953125,73.71889948502893
36,human,0,Human,0.8714232737407931,8.872160911560059,-2.185546875,74.45883437746953
36,human,1,Human,0.8494936078169254,10.022446632385254,-2.357421875,73.10931541065044
36,human,2,Human,0.8386702058874511,9.182966232299805,-2.203125,72.07685526442758
37,human,0,Human,0.9723320158102767,16.61442756652832,-2.314453125,75.78591314280447
37,human,1,Human,0.9761904761904762,20.5179500579834,-2.509765625,75.84595954270567
37,human,2,Human,0.9691119691119691,21.30805015563965,-2.38671875,76.2269797504326
38,human,0,Human,0.91388198596822,15.861957550048828,-2.384765625,76.67146874004419
38,human,1,Human,0.887286745153708,17.116806030273438,-2.453125,75.99886798519326
38,human,2,Human,0.8805994233268201,20.162837982177734,-2.505859375,75.87588745190527
38,human,3,Human,0.8805994233268201,19.77261734008789,-2.484375,75.85783906904855
39,human,0,Human,0.9349280695884912,25.907230377197266,-2.470703125,77.27128387387461
39,human,1,Human,0.9337866108786611,29.011375427246094,-2.8046875,77.15870137802064
39,human,2,Human,0.9212309429700734,30.96824073791504,-2.7421875,77.22230281288297
40,human,0,Human,0.7288758441327091,19.455413818359375,-2.859375,58.71369485308634
40,human,1,Human,0.6544168835181691,11.752223014831543,-2.392578125,46.455752048793485
40,human,2,Human,0.9015707993263378,17.927433013916016,-2.884765625,76.2828632998814
40,human,3,Human,0.7813933023966999,15.039420127868652,-2.59375,66.2031557313642
41,human,0,Human,0.9042195309496347,16.768491744995117,-2.478515625,76.5409327251555
41,human,1,Human,0.9304870568028463,18.065441131591797,-2.61328125,76.87620890570078
41,human,2,Human,0.8868418249480777,15.924484252929688,-2.431640625,75.8962774164152
42,human,0,Human,0.9480372123493992,21.179113388061523,-3.087890625,76.33165684462078
42,human,1,Human,0.9368496566912813,25.38370132446289,-3.302734375,76.25403167817296
42,human,2,Human,0.9295726129019481,20.64472007751465,-2.998046875,76.65870691703621
42,human,3,Human,0.9612403100775194,27.43413543701172,-3.37890625,75.58659485641455
43,human,0,Human,0.9470873363712885,26.387460708618164,-2.76171875,76.97197623548237
43,human,1,Human,0.9462926232978031,29.785537719726562,-2.99609375,76.77318414009423
43,human,2,Human,0.9431288554808883,25.530824661254883,-2.64453125,77.10279173715446
44,human,0,Human,0.9245968963543946,23.610408782958984,-2.646484375,77.15142671366598
44,human,1,Human,0.9047216114993101,22.250242233276367,-2.71875,76.7686590233524
44,human,2,Human,0.9155901310800563,24.354482650756836,-2.71484375,77.06165886438208
44,human,3,Human,0.9155901310800563,24.886890411376953,-2.779296875,77.02745641967913
45,human,0,Human,0.892475945107524,34.678558349609375,-3.458984375,75.31382435484916
45,human,1,Human,0.9740932642487047,18.678077697753906,-2.88671875,75.57631762048422
45,human,2,Human,0.9540816326530612,41.299652099609375,-3.671875,74.74363109549408
46,human,0,Human,0.9033323461868982,82.27153015136719,-4.2421875,67.84208823806537
46,human,1,Human,0.9071121596995539,17.080995559692383,-2.81640625,76.43685403037325
46,human,2,Human,0.8969515975514981,34.53689956665039,-3.42578125,75.55792517335688
47,human,0,Human,0.9041362909828077,7.5294013023376465,-1.51953125,74.9961836011156
47,human,1,Human,0.9094202898550724,9.864861488342285,-1.814453125,75.72989647650363
47,human,2,Human,0.9188423396073668,9.133901596069336,-1.7109375,75.67224314532223
47,human,3,Human,0.9188423396073668,10.899848937988281,-1.8662109375,76.01775403872706
48,human,0,Human,0.8661793214278002,17.645105361938477,-2.849609375,74.68538978127695
48,human,1,Human,0.9301948051948051,23.101306915283203,-3.173828125,76.47839446430594
48,human,2,Human,0.8793299404032118,24.232324600219727,-3.21484375,75.21237729961175
49,human,0,Human,0.8726102031996331,10.88431453704834,-2.349609375,74.76557381915201
49,human,1,Human,0.9323122147443336,18.61285400390625,-2.935546875,76.61717288434241
49,human,2,Human,0.9569377990430622,10.847902297973633,-2.35546875,75.91299339252339
49,human,3,Human,0.9079133121460876,13.82856273651123,-2.61328125,76.35878475054562
50,human,0,Human,0.7855111096663036,11.027131080627441,-2.490234375,66.43569952937999
50,human,1,Human,0.8056832823443921,17.369401931762695,-2.91015625,69.11305039638192
50,human,2,Human,0.8284875479202706,15.88426685333252,-2.79296875,71.56803240868311
51,human,0,Human,0.8669983312862124,20.881303787231445,-3.056640625,74.65216314727527
51,human,1,Human,0.8958552086211661,17.935123443603516,-2.892578125,76.09926078266928
51,human,2,Human,0.9823943661971831,21.00136375427246,-3.048828125,75.05451685937504
51,human,3,Human,0.9226293844504609,21.93537139892578,-3.091796875,76.56303686671184
52,human,0,Human,0.9625598864375702,15.434439659118652,-2.837890625,75.89034454133292
52,human,1,Human,0.9747899159663865,19.53304672241211,-2.984375,75.46741385073835
52,human,2,Human,0.9530626409855978,18.425432205200195,-2.931640625,76.28663656779015
53,human,0,Human,0.9350272955897687,21.32820701599121,-2.720703125,76.97661697230974
53,human,1,Human,0.9471947194719472,16.8088436126709,-2.40234375,76.64621588343529
53,human,2,Human,0.9575163398692811,16.48448944091797,-2.359375,76.35529697000716
54,human,0,Human,0.9052616971086768,51.829586029052734,-3.4296875,74.64323410655886
54,human,1,Human,0.8979108071922148,45.5975341796875,-3.37109375,75.17116183528171
54,human,2,Human,0.9252200597593475,53.68975830078125,-3.515625,74.47392408559703
55,human,0,Human,0.9095981806736784,18.033227920532227,-2.830078125,76.53821884520735
55,human,1,Human,0.9265091151734749,17.844980239868164,-2.93359375,76.57965314749036
55,human,2,Human,0.9321822510604428,19.204601287841797,-2.865234375,76.73974923983337
56,human,0,Human,0.8741683598932007,22.511871337890625,-3.181640625,74.93368797014347
56,human,1,Human,0.8529946336529803,16.05710220336914,-2.78125,73.72264623470713
56,human,2,Human,0.881047236351807,26.143476486206055,-3.30859375,75.15786318317555
57,human,0,Human,0.9244691959624086,14.688851356506348,-1.9423828125,76.45053334734122
57,human,1,Human,0.938366718027735,14.155089378356934,-1.8232421875,76.23321194421246
57,human,2,Human,0.9259962049335864,11.34410285949707,-1.8310546875,76.06041669524686
58,human,0,Human,0.9557599700780774,13.540194511413574,-2.541015625,76.1639792847366
58,human,1,Human,0.9096958174904943,18.78566551208496,-2.9375,76.46235264965432
58,human,2,Human,0.9367122683858127,16.638336181640625,-2.736328125,76.66251466126073
59,human,0,Human,0.9510730301089045,16.91786766052246,-2.42578125,76.56696329541111
59,human,1,Human,0.9335114799057699,21.277189254760742,-2.509765625,77.08784775805117
59,human,2,Human,0.9448522492000753,18.294788360595703,-2.576171875,76.75875388301651
60,human,0,Human,0.8754251355872067,33.21083068847656,-3.44921875,74.58281490519616
60,human,1,Human,0.8624610639224418,23.32625389099121,-3.15234375,74.30706510887077
60,human,2,Human,0.9338364830237027,10.709293365478516,-2.392578125,76.32886448937577
60,human,3,Human,0.9011417095339905,26.975717544555664,-3.21875,76.14417268165072
61,human,0,Human,0.9447673314339982,22.65696907043457,-2.615234375,76.98219966810078
61,human,1,Human,0.9300138707571801,16.578460693359375,-2.34765625,76.82022145902643
61,human,2,Human,0.946222772637867,17.365758895874023,-2.453125,76.70194711319836
62,human,0,Human,0.8541400724512679,12.692936897277832,-2.45703125,73.70514827394071
62,human,1,Human,0.961337513061651,15.026961326599121,-2.765625,75.97206591769559
62,human,2,Human,0.8869713994539904,15.054028511047363,-2.6640625,75.7601456647035
63,human,0,Human,0.9455114625994446,15.456417083740234,-2.763671875,76.43035874973191
63,human,1,Human,0.9767441860465116,17.07535171508789,-2.849609375,75.38213334127344
63,human,2,Human,0.9570016983171221,14.035762786865234,-2.63671875,76.12655158128274
64,human,0,Human,0.8906427959645891,19.1521053314209,-3.02734375,75.80293930093401
64,human,1,Human,0.8873629983058465,14.369457244873047,-2.689453125,75.70693207511658
64,human,2,Human,0.8715264211465644,16.864147186279297,-2.896484375,74.90329308220488
65,human,0,Human,0.9819004524886877,29.350215911865234,-3.3671875,74.70945385104825
65,human,1,Human,0.9452977961265254,18.773544311523438,-2.916015625,76.5023971360262
65,human,2,Human,0.9857142857142858,21.37592315673828,-3.07421875,74.84130409099959
66,human,0,Human,0.9115845635959606,21.429410934448242,-2.29296875,76.96959121731363
66,human,1,Human,0.9283057948500683,21.705909729003906,-2.37890625,77.13683888403753
66,human,2,Human,0.9119852136630388,20.832462310791016,-2.322265625,76.95200265964388
67,human,0,Human,0.9272490214462632,15.712540626525879,-2.662109375,76.68826231399892
67,human,1,Human,0.9532288068030825,13.289615631103516,-2.66796875,76.15502527349972
67,human,2,Human,0.8439014985869929,14.816404342651367,-2.640625,73.00287547330615
68,human,0,Human,0.9309007059646361,16.6044864654541,-2.837890625,76.60295899596065
68,human,1,Human,0.8839734061283698,17.430782318115234,-2.859375,75.63242727214654
68,human,2,Human,0.9250566621782151,23.221097946166992,-3.060546875,76.68352448052133
69,human,0,Human,0.9514657430092084,8.71733283996582,-2.056640625,75.73490864086311
69,human,1,Human,0.9367716713029096,18.54341697692871,-2.89453125,76.63265505794435
69,human,2,Human,0.9196947071511532,12.602720260620117,-2.462890625,76.47659704612184
70,human,0,Human,0.9871794871794872,12.56934642791748,-2.580078125,74.652245640964
70,human,1,Human,0.9486384583158777,13.261645317077637,-2.68359375,76.25384940653065
70,human,2,Human,0.9685534591194969,13.682601928710938,-2.69140625,75.64412337644333
71,human,0,Human,0.9446808510638298,19.946552276611328,-2.216796875,76.85380119714104
71,human,1,Human,0.9272897462788173,18.960294723510742,-2.3046875,76.97301214480237
71,human,2,Human,0.9253146145576424,18.472328186035156,-2.076171875,76.83177369211656
72,human,0,Human,0.8004334099741761,15.183515548706055,-2.59765625,68.60137120050912
72,human,1,Human,0.7782750757919011,14.704418182373047,-2.59375,65.76431606851497
72,human,2,Human,0.951748616765842,12.327284812927246,-2.453125,76.18868439450839
72,human,3,Human,0.8200186455325251,12.362415313720703,-2.421875,70.60600251899132
73,human,0,Human,0.936112071947423,23.75492286682129,-2.521484375,77.17836014348869
73,human,1,Human,0.9461447670987567,24.927324295043945,-2.509765625,77.08375401158301
73,human,2,Human,0.9255467659376454,26.05866241455078,-2.51953125,77.28949441796142
74,human,0,Human,0.8417098032199493,16.048398971557617,-2.462890625,72.96892422408618
74,human,1,Human,0.8281938121125595,24.050230026245117,-2.81640625,71.98044007543062
74,human,2,Human,0.8598115692604322,16.32250213623047,-2.525390625,74.38776944557263
75,human,0,Human,0.8460053738501194,20.6702823638916,-2.912109375,73.32376389586055
75,human,1,Human,0.8917996735924667,14.683125495910645,-2.638671875,75.94022741852662
75,human,2,Human,0.9425019154419447,15.760458946228027,-2.685546875,76.56393609538472
75,human,3,Human,0.8698708403250048,14.456894874572754,-2.560546875,74.88621093205181
76,human,0,Human,0.9523809523809523,16.962039947509766,-2.06640625,76.41092731528565
76,human,1,Human,0.9231639677927823,19.287954330444336,-2.146484375,76.9183415426638
76,human,2,Human,0.927073268921095,22.854848861694336,-2.2890625,77.17496496989816
77,human,0,Human,0.9504132231404959,23.256908416748047,-3.158203125,76.24971117667914
77,human,1,Human,0.9302962282760262,22.426084518432617,-3.158203125,76.47797538381153
77,human,2,Human,0.9652173913043478,28.195344924926758,-3.318359375,75.5968608934641
77,human,3,Human,0.9625668449197861,26.922588348388672,-3.333984375,75.63525633878676
78,human,0,Human,0.9086073989295452,21.107667922973633,-3.048828125,76.41191535135972
78,human,1,Human,0.9074836099874459,27.66288948059082,-3.388671875,75.93350485542175
78,human,2,Human,0.891926968643081,23.38979148864746,-3.142578125,75.87398335719294
78,human,3,Human,0.9107154676020914,24.476709365844727,-3.19921875,76.33094357742137
79,human,0,Human,0.869614572283947,16.793472290039062,-2.43359375,75.07173711571936
79,human,1,Human,0.8680346780080276,20.289020538330078,-2.6171875,75.14685217836605
79,human,2,Human,0.842543516032783,18.205034255981445,-2.36328125,73.19041542137948
79,human,3,Human,0.842543516032783,18.128278732299805,-2.361328125,73.18522254850711
80,human,0,Human,0.9455561269811585,15.238868713378906,-2.62109375,76.51029324284475
80,human,1,Human,0.9321822510604428,20.8167667388916,-3.078125,76.53373405443348
80,human,2,Human,0.9516457494672034,17.829490661621094,-2.935546875,76.27915568126676
80,human,3,Human,0.953405017921147,18.24803352355957,-2.82421875,76.39034711623344
81,human,0,Human,0.9669421487603306,42.787574768066406,-3.361328125,75.06956386689897
81,human,1,Human,0.9516129032258065,33.703853607177734,-3.09375,76.48673715399613
81,human,2,Human,0.9753424657534246,46.38751983642578,-3.580078125,73.84563837889948
82,human,0,Human,0.8154204199276152,18.227436065673828,-2.369140625,70.5604566449442
82,human,1,Human,0.8102733400661276,15.38092041015625,-2.283203125,69.77767560935406
82,human,2,Human,0.7845503530499199,21.35731315612793,-2.52734375,67.04659259748516
82,human,3,Human,0.7845503530499199,20.866039276123047,-2.505859375,67.02639796911805
83,human,0,Human,0.9734513274336283,16.428884506225586,-2.814453125,75.53361834348212
83,human,1,Human,0.9771428571428571,22.025178909301758,-3.072265625,75.34808788567285
83,human,2,Human,0.9504113533525299,15.644306182861328,-2.69921875,76.39128873435166
84,human,0,Human,0.9173845341525464,42.45520782470703,-3.658203125,75.02023729051946
84,human,1,Human,0.9818181818181818,28.901323318481445,-3.353515625,74.74165087350737
84,human,2,Human,0.9421161825726141,27.812232971191406,-3.328125,76.19184421473773
85,human,0,Human,0.9532163742690059,24.8459529876709,-2.724609375,76.81246104997034
85,human,1,Human,0.9567901234567902,29.488534927368164,-2.8984375,76.6404174835176
85,human,2,Human,0.9838187702265372,34.78083801269531,-3.015625,75.26346236119743
86,human,0,Human,0.9650508179997733,22.496828079223633,-2.486328125,76.44378954995442
86,human,1,Human,0.9734825888105181,29.87713050842285,-2.826171875,76.0769795256987
86,human,2,Human,0.9562993294166519,23.377559661865234,-2.611328125,76.74072180824602
87,human,0,Human,0.8934787653747969,11.939949989318848,-2.466796875,75.83284323483898
87,human,1,Human,0.8311472349692774,9.402137756347656,-2.212890625,71.40871674532048
87,human,2,Human,0.8365515742404088,12.57487964630127,-2.486328125,72.23286828313621
88,human,0,Human,0.848952711353224,18.089494705200195,-2.904296875,73.41795666518843
88,human,1,Human,0.8500058572578839,30.342693328857422,-3.421875,72.96853718272557
88,human,2,Human,0.8689114538668036,25.52960205078125,-3.2109375,74.68469047930944
89,human,0,Human,0.9881422924901185,50.174293518066406,-3.87890625,71.8306345614353
89,human,1,Human,0.9811320754716981,31.604764938354492,-3.515625,74.37679460376641
89,human,2,Human,0.9587400071590502,39.288394927978516,-3.662109375,74.73833544686775
90,human,0,Human,0.7833725365741346,9.824813842773438,-2.26171875,66.03157524363087
90,human,1,Human,0.89676521210894,10.365516662597656,-2.458984375,75.80560368134265
90,human,2,Human,0.8376784251784253,12.02969741821289,-2.478515625,72.28890111217045
91,human,0,Human,0.9578651685393258,40.9660758972168,-3.0234375,76.17073588301768
91,human,1,Human,0.9754415954415955,31.705005645751953,-2.853515625,75.9572945296632
91,human,2,Human,0.956140350877193,22.815692901611328,-2.54296875,76.74858840031384
92,human,0,Human,0.8879857372289472,28.088401794433594,-3.318359375,75.49203306437103
92,human,1,Human,0.9835164835164835,20.652820587158203,-3.0546875,74.96309638012681
92,human,2,Human,0.8911649641382308,18.486494064331055,-2.93359375,75.91506220719688
93,human,0,Human,0.9692017598994344,18.114816665649414,-2.494140625,76.02931020722873
93,human,1,Human,0.9684735554300772,19.95510482788086,-2.4921875,76.1734093995764
93,human,2,Human,0.9475494552516376,20.418987274169922,-2.447265625,76.86474698381994
94,human,0,Human,0.9367345229119545,19.752832412719727,-2.892578125,76.70886344317495
94,human,1,Human,0.8712280484788524,18.771038055419922,-2.830078125,75.08668262393161
94,human,2,Human,0.9502262443438914,26.616304397583008,-3.244140625,76.19515699307756
94,human,3,Human,0.9119490325625295,17.769824981689453,-2.7578125,76.63104055210287
95,human,0,Human,0.8224419007611328,15.106611251831055,-2.609375,71.03377057437231
95,human,1,Human,0.7066746305070125,13.555097579956055,-2.568359375,55.01076465148079
95,human,2,Human,0.9640862582039053,16.992694854736328,-2.7890625,75.9955339266891
95,human,3,Human,0.8443508188938998,17.57111930847168,-2.76171875,73.1556731647355
96,human,0,Human,0.9133874137149192,14.474625587463379,-2.193359375,76.50706966949704
96,human,1,Human,0.8964445736443419,14.635331153869629,-2.19140625,76.11017181384419
96,human,2,Human,0.8797343190864277,16.671518325805664,-2.2421875,75.58984564640241
96,human,3,Human,0.8797343190864277,16.960086822509766,-2.26953125,75.61939016362352
97,human,0,Human,0.9261415736888134,18.729021072387695,-2.94140625,76.62579195147083
97,human,1,Human,0.8586863900255526,14.833317756652832,-2.7578125,74.0678287082505
97,human,2,Human,0.9668508287292817,14.998202323913574,-2.666015625,75.83561501011441
97,human,3,Human,0.9275000226747675,19.431669235229492,-3.013671875,76.56794752763554
98,human,0,Human,0.9799196787148594,30.32831382751465,-2.798828125,75.7823357308882
98,human,1,Human,0.9717741935483871,34.43983459472656,-2.939453125,75.99752167580795
98,human,2,Human,0.9881422924901185,30.247817993164062,-2.912109375,75.18441530726177
99,human,0,Human,0.9365038179257172,20.247514724731445,-2.904296875,76.72506086289258
99,human,1,Human,0.9567901234567902,18.154788970947266,-2.900390625,76.20275280165478
99,human,2,Human,0.9662631154156578,21.020551681518555,-3.009765625,75.89036377791638
100,human,0,Human,0.8260759963912329,11.717538833618164,-2.0625,71.03874526715117
100,human,1,Human,0.8394355389783409,14.108647346496582,-2.353515625,72.62123112902044
100,human,2,Human,0.8282984699669678,11.364241600036621,-2.15625,71.28606702981935
100,human,3,Human,0.8282984699669678,12.77021312713623,-2.259765625,71.45339570736985
101,human,0,Human,0.9755102040816327,23.410316467285156,-3.224609375,75.20848786218225
101,human,1,Human,0.9419534237052485,16.432037353515625,-2.9140625,76.40297872874928
101,human,2,Human,0.9349934123847167,17.90913200378418,-3.046875,76.39387652093153
102,human,0,Human,0.9181802286188884,18.561405181884766,-2.51953125,76.89729122107929
102,human,1,Human,0.9364503973130172,22.4676570892334,-2.833984375,76.91822836206455
102,human,2,Human,0.8820746319526939,19.40484046936035,-2.607421875,75.86806785409021
102,human,3,Human,0.8820746319526939,21.490495681762695,-2.73046875,75.90617431598623
103,human,0,Human,0.7483588082221442,8.102530479431152,-1.775390625,60.59152673453014
103,human,1,Human,0.7537168267936115,13.32643985748291,-2.30078125,62.245702435808425
103,human,2,Human,0.6857822897528365,9.331340789794922,-1.9208984375,51.05340245677744
103,human,3,Human,0.6857822897528365,11.552976608276367,-2.18359375,51.4500460152287
104,human,0,Human,0.93266447899599,17.826507568359375,-2.322265625,76.89212070546358
104,human,1,Human,0.9288849610547236,24.706817626953125,-2.6640625,77.18703784770801
104,human,2,Human,0.9128938126385833,31.26797103881836,-2.796875,77.07955821130032
105,human,0,Human,0.8208732946666037,18.51702308654785,-2.861328125,70.9122565424786
105,human,1,Human,0.806641528296126,18.44802474975586,-2.921875,69.27977082392013
105,human,2,Human,0.9271561584608969,20.97431182861328,-3.052734375,76.59349048588052
105,human,3,Human,0.8409404307212209,17.28069305419922,-2.828125,72.78223374960602
106,human,0,Human,0.8907050347728315,13.55702018737793,-2.595703125,75.8291803049899
106,human,1,Human,0.8902429798876781,18.954912185668945,-2.982421875,75.84196398554113
106,human,2,Human,0.8307583807236052,20.60665512084961,-3.013671875,71.82212096743106
107,human,0,Human,0.8996664195700519,21.982589721679688,-2.982421875,76.33321004363276
107,human,1,Human,0.9351809552814578,21.50470733642578,-3.01953125,76.64466116069855
107,human,2,Human,0.9066740277266593,22.57108497619629,-3.08203125,76.38743284679667
108,human,0,Human,0.9566629023150762,17.89623260498047,-2.90625,76.18249321431247
108,human,1,Human,0.9126843657817109,16.024166107177734,-2.86328125,76.4171807083863
108,human,2,Human,0.9048933710353666,19.722740173339844,-2.94921875,76.39943210977981
108,human,3,Human,0.9417040358744395,20.4726619720459,-3.064453125,76.44647124317451
109,human,0,Human,0.917525413419881,13.698370933532715,-2.677734375,76.46502384457224
109,human,1,Human,0.8987050095203775,16.69049072265625,-2.841796875,76.16285148177502
109,human,2,Human,0.932204141822964,21.832622528076172,-3.083984375,76.5756455838217
110,human,0,Human,0.9478241057188425,17.063684463500977,-2.8359375,76.43214844113771
110,human,1,Human,0.9711538461538461,21.744644165039062,-3.177734375,75.43156240426312
110,human,2,Human,0.880468251546506,14.857743263244629,-2.720703125,75.40728086233295
110,human,3,Human,0.9391263524993293,21.41584014892578,-3.15234375,76.37626276970227
111,human,0,Human,0.9165039547274713,40.19454574584961,-2.9453125,76.72889675737518
111,human,1,Human,0.9267774472748418,26.46554946899414,-2.650390625,77.24806314883688
111,human,2,Human,0.9295828051641011,24.52909278869629,-2.732421875,77.1321561503418
112,human,0,Human,0.9061211644374508,13.388854026794434,-2.587890625,76.29495204053548
112,human,1,Human,0.9834710743801653,18.84762954711914,-2.890625,75.09070775254709
112,human,2,Human,0.9126360126360127,19.654312133789062,-2.91015625,76.60144538542419
113,human,0,Human,0.9354838709677419,14.597110748291016,-2.6953125,76.55070101300089
113,human,1,Human,0.940547263681592,13.173117637634277,-2.630859375,76.42026154832504
113,human,2,Human,0.9748427672955975,16.24070167541504,-2.84375,75.4232674170326
114,human,0,Human,0.9596774193548387,36.45722961425781,-3.154296875,76.08217441240039
114,human,1,Human,0.968503937007874,33.2239875793457,-3.033203125,76.02460897469658
114,human,2,Human,0.9698275862068966,38.128665924072266,-3.16015625,75.62316817733324
115,human,0,Human,0.8698475133510408,18.490835189819336,-2.115234375,75.10615527296044
115,human,1,Human,0.8841848150334747,26.83461570739746,-2.662109375,76.2506865375077
115,human,2,Human,0.8936401996817119,22.479793548583984,-2.232421875,76.52465442060964
116,human,0,Human,0.9369758821981129,23.822402954101562,-2.404296875,77.18761598158589
116,human,1,Human,0.9335948520867571,31.203195571899414,-2.78515625,77.19092612128281
116,human,2,Human,0.9260154471042938,33.026702880859375,-2.615234375,77.31595276097406
117,human,0,Human,0.9298749421028254,28.3685302734375,-2.669921875,77.27365843344919
117,human,1,Human,0.925652841781874,28.77721405029297,-2.822265625,77.15448833740108
117,human,2,Human,0.9029860650298607,31.393375396728516,-2.68359375,76.96271754342094
118,human,0,Human,0.9109920367429478,13.691680908203125,-2.57421875,76.42435737152627
118,human,1,Human,0.9795918367346939,15.173911094665527,-2.72265625,75.21253836642346
118,human,2,Human,0.9448112688456036,14.269579887390137,-2.55859375,76.47493581493386
119,human,0,Human,0.8784543684226782,17.791643142700195,-2.884765625,75.35992143485046
119,human,1,Human,0.8633870576069809,18.587158203125,-2.896484375,74.51232390460233
119,human,2,Human,0.8460069828322783,23.416915893554688,-3.171875,73.04393594028865
119,human,3,Human,0.8440767445900822,21.080659866333008,-3.04296875,72.99995100420487
120,human,0,Human,0.9430849851902483,11.987458229064941,-2.546875,76.31753308139167
120,human,1,Human,0.9574468085106383,14.229348182678223,-2.779296875,76.02551881504749
120,human,2,Human,0.9165691593092934,14.20894718170166,-2.77734375,76.41862468466593
121,human,0,Human,0.8768917935597924,18.245723724365234,-2.27734375,75.5619678081174
121,human,1,Human,0.8611700862171514,17.30818748474121,-2.423828125,74.56608028269478
121,human,2,Human,0.8599949933398445,14.738296508789062,-2.13671875,74.21577321668349
121,human,3,Human,0.8599949933398445,15.591123580932617,-2.19921875,74.31346330163068
122,human,0,Human,0.9229859571322987,14.63003158569336,-2.689453125,76.57563029205848
122,human,1,Human,0.8907514166050752,12.728617668151855,-2.578125,75.76919293871912
122,human,2,Human,0.8965614749462731,13.449321746826172,-2.65625,75.99900677068204
123,human,0,Human,0.9114322800854161,20.363840103149414,-3.03125,76.45269536468597
123,human,1,Human,0.9114645590707452,23.738401412963867,-3.224609375,76.26511888810363
123,human,2,Human,0.8930665133526078,22.70073890686035,-3.142578125,75.88662217732988
124,human,0,Human,0.8535129791674294,21.781892776489258,-3.017578125,73.82780922765077
124,human,1,Human,0.8191124922288728,20.725482940673828,-3.033203125,70.62828006693618
124,human,2,Human,0.831259455171731,19.309492111206055,-2.974609375,71.85263413960864
124,human,3,Human,0.8548336020769908,16.867259979248047,-2.86328125,73.83578113367186
125,human,0,Human,0.9111845577937113,44.69525909423828,-3.685546875,74.69203549172165
125,human,1,Human,0.8352420486741503,17.77691650390625,-2.818359375,72.31634921240811
125,human,2,Human,0.8943338333792559,32.51646041870117,-3.41015625,75.53620557569621
126,human,0,Human,0.971830985915493,27.158056259155273,-3.205078125,75.54080139185797
126,human,1,Human,0.9650282092897442,20.63962745666504,-2.958984375,75.99133251173708
126,human,2,Human,0.9442311311876529,26.169742584228516,-3.173828125,76.44708363713276
127,human,0,Human,0.8978115727002968,19.816499710083008,-3.00390625,76.13044399952845
127,human,1,Human,0.8506005307942208,13.407301902770996,-2.580078125,73.46273462868743
127,human,2,Human,0.8336420525657071,17.3197078704834,-2.80859375,72.14709772023134
128,human,0,Human,0.9245023453168251,14.594566345214844,-2.74609375,76.53715230600103
128,human,1,Human,0.7759492012870526,13.093443870544434,-2.65234375,65.29241271117759
128,human,2,Human,0.8329013386152122,19.83254623413086,-3.091796875,71.85601935180232
129,human,0,Human,0.9042261172630678,15.85117244720459,-2.365234375,76.47802780096318
129,human,1,Human,0.9300831900817962,22.99484634399414,-2.83203125,76.98008817483223
129,human,2,Human,0.9005212975416274,17.039146423339844,-2.3359375,76.4602127804702
129,human,3,Human,0.9005212975416274,23.6314754486084,-2.712890625,76.7215088881597
130,human,0,Human,0.9052766339351705,15.901932716369629,-2.82421875,76.30269298693939
130,human,1,Human,0.8821407590907818,20.938308715820312,-3.140625,75.34509132557761
130,human,2,Human,0.8566694371150704,18.180131912231445,-2.830078125,74.09487223269237
131,human,0,Human,1.0,20.232797622680664,-1.173828125,73.05635251950085
131,human,1,Human,1.0,26.179540634155273,-1.646484375,74.05751514711584
131,human,2,Human,1.0,20.380321502685547,-1.40234375,73.4515910061813
132,human,0,Human,0.7558680406469156,12.995409965515137,-2.66015625,62.46969064316225
132,human,1,Human,0.7429472194392761,23.582183837890625,-3.126953125,60.677660885609114
132,human,2,Human,0.7197428767878865,15.10452651977539,-2.74609375,57.10014096303864
132,human,3,Human,0.8105931434790496,15.376822471618652,-2.76953125,69.67596232136502
132,human,4,Human,0.7558680406469156,16.46747398376465,-2.873046875,62.55529361532341
133,human,0,Human,0.9227019320483442,25.94236946105957,-3.27734375,76.35571698620359
133,human,1,Human,0.8866961610965152,22.615585327148438,-3.107421875,75.69302649521889
133,human,2,Human,0.895405034126924,20.426992416381836,-3.021484375,76.05960619978148
134,human,0,Human,0.8779383685494986,18.805925369262695,-2.78125,75.5063176335582
134,human,1,Human,0.9782608695652174,17.190059661865234,-2.880859375,75.27735060497972
134,human,2,Human,0.8964257582005597,11.746180534362793,-2.34375,75.9164230384525
135,human,0,Human,0.9091412774440125,18.620548248291016,-2.91015625,76.47610246097246
135,human,1,Human,0.8986959733650722,23.85674285888672,-3.173828125,76.0648099937409
135,human,2,Human,0.8853873853863485,24.309871673583984,-3.111328125,75.6982351774038
135,human,3,Human,0.9224282079243912,17.858442306518555,-2.9296875,76.57107917309516
136,human,0,Human,0.8918728390452493,15.866637229919434,-2.68359375,76.00602953831724
136,human,1,Human,0.9723193473193473,15.013254165649414,-2.7109375,75.56988005990752
136,human,2,Human,0.961266294227188,16.372520446777344,-2.73828125,76.09771706981734
137,human,0,Human,0.8145259570742993,24.844478607177734,-3.14453125,70.12937453682774
137,human,1,Human,0.8707397979085821,21.54291343688965,-2.99609375,75.00706500215871
137,human,2,Human,0.9508398601054135,20.406835556030273,-2.982421875,76.39179885358614
137,human,3,Human,0.8078123651213672,21.193145751953125,-3.01953125,69.43587431673447
138,human,0,Human,0.7981069616806626,16.487363815307617,-2.724609375,68.34229250413371
138,human,1,Human,0.7934115359404458,13.988113403320312,-2.541015625,67.67528818113045
138,human,2,Human,0.9098520569475664,20.306602478027344,-3.037109375,76.4117156849505
138,human,3,Human,0.8596298060384747,14.609529495239258,-2.548828125,74.23882051588566
139,human,0,Human,0.8872503908140098,15.655795097351074,-2.7578125,75.7493636553258
139,human,1,Human,0.9250812818424334,16.42928123474121,-2.81640625,76.61336371243075
139,human,2,Human,0.9128562793462043,14.562137603759766,-2.6953125,76.46028522484637
140,human,0,Human,0.9454416884247171,34.60393142700195,-2.904296875,76.88398170106065
140,human,1,Human,0.9627659574468085,33.42768478393555,-3.01953125,76.26867663523728
140,human,2,Human,0.9608355091383812,32.14593505859375,-3.009765625,76.36365567080787
141,human,0,Human,0.874121060017923,11.936944007873535,-2.404296875,74.94824407230622
141,human,1,Human,0.989247311827957,17.604328155517578,-2.853515625,74.70727271078306
141,human,2,Human,0.9389036251105216,12.668729782104492,-2.46875,76.45199164370965
142,human,0,Human,0.8886072004246429,17.586990356445312,-2.93359375,75.75461293991707
142,human,1,Human,0.8570845967089149,17.690582275390625,-2.90234375,74.01126570077872
142,human,2,Human,0.8978314966228226,22.847013473510742,-3.208984375,75.92702564687107
143,human,0,Human,0.914654046997389,24.04937171936035,-2.68359375,77.05960522637197
143,human,1,Human,0.9336612236867992,33.120513916015625,-3.25,76.47393337579885
143,human,2,Human,0.9274368319693553,22.95454216003418,-2.671875,77.11432734106955
144,human,0,Human,0.8605297979683223,25.419857025146484,-3.240234375,74.07790573249287
144,human,1,Human,0.8763794619236768,26.01264190673828,-3.2890625,74.95973614726667
144,human,2,Human,0.8346721881261362,33.37169647216797,-3.509765625,71.41169129024641
145,human,0,Human,0.8954745345793204,39.739009857177734,-3.591796875,74.8776725536932
145,human,1,Human,0.8630341149031138,18.15736961364746,-2.869140625,74.49334803314589
145,human,2,Human,0.9403739301082896,12.359630584716797,-2.51953125,76.39729465398692
145,human,3,Human,0.8948248419398943,23.1413516998291,-3.06640625,76.10108304800272
146,human,0,Human,0.8705377193513348,18.965152740478516,-2.921875,74.9524366646071
146,human,1,Human,0.8504585640908492,22.70079803466797,-3.14453125,73.42229304921796
146,human,2,Human,0.8073449082299663,26.89281463623047,-3.279296875,69.1152740522061
147,human,0,Human,0.9528795811518325,15.217907905578613,-2.73828125,76.26822300338486
147,human,1,Human,0.9218163195629907,17.452848434448242,-2.890625,76.58862300261985
147,human,2,Human,0.924011166582254,20.26109504699707,-2.986328125,76.6484489828732
147,human,3,Human,0.9231804560484981,14.298543930053711,-2.66015625,76.56907949566276
148,human,0,Human,0.937814465408805,9.339974403381348,-1.66796875,75.62586060059628
148,human,1,Human,0.9322916666666666,10.093892097473145,-1.9052734375,76.01645880908173
148,human,2,Human,0.9322916666666666,13.226302146911621,-2.15234375,76.48466712548014
149,human,0,Human,0.8869577257881528,16.56105613708496,-2.791015625,75.77353291224303
149,human,1,Human,0.8652629591162306,18.34377670288086,-2.935546875,74.57011813524474
149,human,2,Human,0.8606664719408252,19.82341194152832,-3.0078125,74.2536154520848
150,human,0,Human,0.8487249966090337,18.676105499267578,-2.98828125,73.32536601618338
150,human,1,Human,0.894523988788571,17.89488410949707,-2.908203125,76.0320427851753
150,human,2,Human,0.8552743200747315,14.62895393371582,-2.7265625,73.83071889917031
151,human,0,Human,0.7821952871172086,16.512123107910156,-2.71875,66.34389829048628
151,human,1,Human,0.8274392440648252,13.315987586975098,-2.53515625,71.42147868238098
151,human,2,Human,0.8748327711712175,16.834182739257812,-2.79296875,75.19897488147289
151,human,3,Human,0.8288891772844634,13.85556411743164,-2.595703125,71.5853552594396
152,human,0,Human,0.8611373465285281,22.225894927978516,-3.005859375,74.41471549580021
152,human,1,Human,0.8515118768310371,18.089231491088867,-2.830078125,73.70256978529137
152,human,2,Human,0.9856115107913669,19.587608337402344,-2.9453125,74.94233890231092
152,human,3,Human,0.8954447304323793,17.81789207458496,-2.80859375,76.16882024374252
153,human,0,Human,0.97,46.63999938964844,-3.80078125,73.38114517798473
153,human,1,Human,0.9837837837837838,24.919963836669922,-3.19140625,74.8908387693547
153,human,2,Human,0.9420936903119165,41.75874328613281,-3.67578125,74.95948230609245
154,human,0,Human,0.9356857855361596,23.56970977783203,-3.1484375,76.51627690517778
154,human,1,Human,0.9169191430914583,21.25942039489746,-3.0859375,76.49074772675793
154,human,2,Human,0.9100956742944571,20.982887268066406,-3.01953125,76.48013395681387
154,human,3,Human,0.9209920547456364,27.6835994720459,-3.326171875,76.27651221533222
155,human,0,Human,0.8670669097687875,14.313998222351074,-2.15625,74.65976148676681
155,human,1,Human,0.8902424083311455,18.48887062072754,-2.470703125,76.20862480932882
155,human,2,Human,0.8619180858721726,15.455731391906738,-2.2109375,74.44007865525322
155,human,3,Human,0.8619180858721726,15.479269981384277,-2.19140625,74.43304227802055
156,human,0,Human,0.9675324675324676,12.096254348754883,-2.505859375,75.63648470990142
156,human,1,Human,0.9590643274853801,11.800065994262695,-2.478515625,75.9285877007161
156,human,2,Human,0.9777777777777777,20.02581024169922,-2.95703125,75.38492831390114
157,human,0,Human,0.8333331411966687,31.25540542602539,-3.3203125,71.77854582572235
157,human,1,Human,0.808825129106431,24.494075775146484,-3.291015625,69.18682493218347
157,human,2,Human,0.8339179526309023,25.620187759399414,-3.16796875,72.06929329623486
158,human,0,Human,0.8868274258725515,12.924015998840332,-2.517578125,75.64520731059565
158,human,1,Human,0.9446927374301675,26.247032165527344,-3.263671875,76.2581554655361
158,human,2,Human,0.9416053921568628,15.937641143798828,-2.70703125,76.57560676510766
159,human,0,Human,0.7233156604370987,14.829434394836426,-2.08984375,57.6635982532605
159,human,1,Human,0.7268218767144679,17.83225440979004,-2.48046875,58.53141072313339
159,human,2,Human,0.6778706371161852,16.777732849121094,-2.388671875,50.642136429888616
159,human,3,Human,0.677199139346734,18.41343879699707,-2.5390625,50.62436069615516
160,human,0,Human,0.8357920677712362,20.866559982299805,-2.462890625,72.74972329106657
160,human,1,Human,0.8257658166024344,16.820077896118164,-2.3359375,71.5370868344544
160,human,2,Human,0.7750481765144358,17.988439559936523,-2.306640625,65.59590505096183
160,human,3,Human,0.7748934694055504,18.32770347595215,-2.328125,65.60145560692007
161,human,0,Human,0.8776179838811106,15.153783798217773,-2.2890625,75.38457791110734
161,human,1,Human,0.877027516957774,15.817147254943848,-2.306640625,75.4080105750895
161,human,2,Human,0.7945294059748897,14.941030502319336,-2.27734375,67.88934354799966
161,human,3,Human,0.7945294059748897,16.199691772460938,-2.314453125,67.99322689378991
162,human,0,Human,0.948051948051948,31.872774124145508,-3.19921875,76.39057585249101
162,human,1,Human,0.9279184498942832,30.257720947265625,-3.013671875,76.92918725579287
162,human,2,Human,0.9209647495361781,25.672239303588867,-3.1171875,76.65419164724646
163,human,0,Human,0.8332707815841065,22.499048233032227,-2.91015625,72.29667355058535
163,human,1,Human,0.9430576645309433,19.360980987548828,-2.859375,76.64371529941772
163,human,2,Human,0.945038646687911,21.7630615234375,-2.89453125,76.70037629560323
164,human,0,Human,0.9541531006284546,19.238262176513672,-2.90234375,76.3445655954908
164,human,1,Human,0.9489574080134648,17.972354888916016,-2.859375,76.44384974431205
164,human,2,Human,0.9070170705207201,17.228960037231445,-2.771484375,76.48720930904717
164,human,3,Human,0.9211898528085191,16.974918365478516,-2.8515625,76.59602108510916
165,human,0,Human,0.8778130000540866,24.877885818481445,-3.1953125,75.19667902470411
165,human,1,Human,0.9389938895912348,12.193365097045898,-2.626953125,76.35856866524364
165,human,2,Human,0.8919732446189427,24.055288314819336,-3.125,75.93402739931598
166,human,0,Human,0.8730740257773425,21.079208374023438,-2.99609375,75.11828684746249
166,human,1,Human,0.8850409384989136,20.61558723449707,-2.96875,75.73909361982396
166,human,2,Human,0.9247094996605838,10.756305694580078,-2.4140625,76.34720407940952
166,human,3,Human,0.8799202841683532,16.839570999145508,-2.77734375,75.48013732196117
167,human,0,Human,0.8359494952226818,17.273332595825195,-2.484375,72.54153864349077
167,human,1,Human,0.8238890927420951,19.2613525390625,-2.67578125,71.43016621527185
167,human,2,Human,0.77937364626048,20.389440536499023,-2.68359375,66.24348095710796
167,human,3,Human,0.77937364626048,21.38739776611328,-2.73046875,66.26275365282639
168,human,0,Human,0.840827677958657,20.880287170410156,-2.970703125,72.81922127613907
168,human,1,Human,0.8775478814486143,20.649141311645508,-2.9921875,75.34463397312064
168,human,2,Human,0.8584606032434755,28.18766212463379,-3.2734375,73.92820842458602
168,human,3,Human,0.8369131554980205,22.368316650390625,-3.099609375,72.34426433503062
169,human,0,Human,0.8165859292290911,18.673973083496094,-2.865234375,70.46548268792023
169,human,1,Human,0.8965050455328575,23.45915985107422,-3.0625,76.17743795519635
169,human,2,Human,0.8420636876343022,16.449321746826172,-2.701171875,72.93075509277784
170,human,0,Human,0.9525948103792415,20.173912048339844,-2.673828125,76.65238245282801
170,human,1,Human,0.958711139896373,27.373178482055664,-2.853515625,76.60040232980583
170,human,2,Human,0.9740932642487047,22.464265823364258,-2.765625,75.90625964457608
171,human,0,Human,0.8873945563600736,13.962244033813477,-2.609375,75.72165311249795
171,human,1,Human,0.9425259764754296,16.087968826293945,-2.779296875,76.51431489761767
171,human,2,Human,0.9070557356800988,15.619146347045898,-2.79296875,76.35280048666063
172,human,0,Human,0.8822938596403549,13.9912691116333,-2.671875,75.4607037648906
172,human,1,Human,0.8631572290780553,24.722332000732422,-3.23046875,74.25293941355197
172,human,2,Human,0.8466133593829376,29.28097152709961,-3.314453125,72.94703406552799
173,human,0,Human,0.8969544693162784,14.46715259552002,-2.67578125,76.0820440586673
173,human,1,Human,0.9609375,10.290995597839355,-2.380859375,75.734697481063
173,human,2,Human,0.8519315735810582,12.526658058166504,-2.59375,73.486166048211
174,human,0,Human,0.9217708238055606,19.213239669799805,-3.03125,76.50852768552419
174,human,1,Human,0.9274247491638795,18.19042205810547,-2.994140625,76.5196411947414
174,human,2,Human,0.8996337393884605,19.796140670776367,-3.021484375,76.1585226398363
174,human,3,Human,0.9291134694433808,26.32039451599121,-3.3359375,76.24687924178176
175,human,0,Human,0.7913987443017375,11.424163818359375,-2.380859375,67.22619925604411
175,human,1,Human,0.7877118644067796,11.390458106994629,-2.369140625,66.75619566905215
175,human,2,Human,0.8220911020107439,8.344096183776855,-2.072265625,70.3302143299088
176,human,0,Human,0.9134500622991673,11.939106941223145,-2.068359375,76.22311846596463
176,human,1,Human,0.9246113528229398,16.50769805908203,-2.38671875,76.81588188607665
176,human,2,Human,0.8895507102670308,16.34688949584961,-2.32421875,76.03172392096391
176,human,3,Human,0.8895507102670308,18.405805587768555,-2.482421875,76.17404877703376
177,human,0,Human,0.9083694245880102,16.116308212280273,-2.828125,76.38290649407546
177,human,1,Human,0.7949484878697242,22.813180923461914,-3.24609375,67.57848758633558
177,human,2,Human,0.7874561490471494,26.29399871826172,-3.265625,66.7207423456869
178,human,0,Human,0.9350695367171583,18.07712173461914,-2.34765625,76.89758592533254
178,human,1,Human,0.9401691262896695,26.480281829833984,-2.8828125,76.96656384658178
178,human,2,Human,0.9304207674633929,22.345796585083008,-2.72265625,77.04838231776806
178,human,3,Human,0.9304207674633929,24.400978088378906,-2.771484375,77.09313195502746
179,human,0,Human,0.946545519845803,23.97165870666504,-3.1796875,76.32113126139089
179,human,1,Human,0.939261494030582,18.62129783630371,-2.970703125,76.51202196394966
179,human,2,Human,0.9680232558139535,23.145296096801758,-3.1171875,75.74348451796484
180,human,0,Human,0.9049991235559878,25.389324188232422,-1.7109375,76.52482281182137
180,human,1,Human,0.9157473594366797,27.323331832885742,-2.1640625,77.1938945781478
180,human,2,Human,0.8994802294044051,26.83814811706543,-1.8291015625,76.55750144955117
181,human,0,Human,0.885939842231653,17.719375610351562,-2.865234375,75.73329914273411
181,human,1,Human,0.8633839406934722,12.303499221801758,-2.568359375,74.29678829982225
181,human,2,Human,0.7955279100951581,13.830543518066406,-2.630859375,67.88572043603992
182,human,0,Human,0.9291044776119404,35.31022262573242,-3.095703125,76.74901005361312
182,human,1,Human,0.9119893168881015,38.44586944580078,-3.20703125,76.30788998034048
182,human,2,Human,0.9423207140658665,33.504974365234375,-3.181640625,76.51535844952542
183,human,0,Human,0.8892727719746816,16.980792999267578,-2.896484375,75.78661733886969
183,human,1,Human,0.8589522342064715,15.797530174255371,-2.787109375,74.13395309008386
183,human,2,Human,0.9194087268208609,15.374120712280273,-2.7109375,76.59289771737451
183,human,3,Human,0.892622942736838,19.64581871032715,-2.982421875,75.97423353294869
184,human,0,Human,0.8182742929296023,35.279239654541016,-3.474609375,69.84560945985574
184,human,1,Human,0.9269515397469563,18.002025604248047,-2.853515625,76.68635881587733
184,human,2,Human,0.949602778317167,27.354917526245117,-3.216796875,76.28290124159483
184,human,3,Human,0.7982168445935958,24.998971939086914,-3.166015625,68.22141299160204
185,human,0,Human,0.9474264959333495,18.91139793395996,-2.90625,76.48167049665868
185,human,1,Human,0.9601194426011944,27.66623878479004,-3.408203125,75.55723336031032
185,human,2,Human,0.9512691462895961,28.213104248046875,-3.40625,75.82962420954094
186,human,0,Human,0.8276545689042792,62.08718490600586,-4.0625,66.4933454989115
186,human,1,Human,0.9353081014922563,28.859630584716797,-3.373046875,76.17977255335573
186,human,2,Human,0.8291767939327704,26.816131591796875,-3.240234375,71.50643889960368
187,human,0,Human,0.8610663692093953,21.634145736694336,-3.15234375,74.13552250934164
187,human,1,Human,0.8410342755102704,22.315834045410156,-3.15625,72.60481424294336
187,human,2,Human,0.8878805644781714,23.28348731994629,-3.205078125,75.58887095787202
188,human,0,Human,0.9218702693201803,17.83028221130371,-2.86328125,76.64583361545527
188,human,1,Human,0.9248933388010984,19.86790657043457,-3.0078125,76.59779049368454
188,human,2,Human,0.9219049828947229,20.749956130981445,-3.03125,76.59719571811243
188,human,3,Human,0.8993016921426862,17.366458892822266,-2.865234375,76.2023150327004
189,human,0,Human,0.8936012250905463,19.49504852294922,-2.994140625,75.98403645109128
189,human,1,Human,0.9546587671587672,15.830842018127441,-2.8046875,76.2074537087481
189,human,2,Human,0.9582136787200375,22.521974563598633,-3.048828125,76.1919174396387
190,human,0,Human,0.9194956031192965,27.082210540771484,-3.2890625,76.33593778105728
190,human,1,Human,0.9769230769230769,29.128995895385742,-3.48828125,74.66227482728414
190,human,2,Human,0.9188456770347257,25.029069900512695,-3.20703125,76.4463265927444
191,human,0,Human,0.9401092926516655,26.22203826904297,-3.181640625,76.49553455018767
191,human,1,Human,0.9720053323176537,20.23508071899414,-3.005859375,75.60762644334918
191,human,2,Human,0.9447011952191235,30.67674446105957,-3.3203125,76.19763121898976
192,human,0,Human,0.9102580239144116,19.724618911743164,-3.02734375,76.40134968673242
192,human,1,Human,0.8636858669862079,22.8635196685791,-3.109375,74.44651912216511
192,human,2,Human,0.8573543604326006,25.663782119750977,-3.255859375,73.828923847436
192,human,3,Human,0.8990037892678157,22.086423873901367,-3.1171875,76.10240207466559
193,human,0,Human,0.632163675278914,53.69910430908203,-3.9140625,39.69402001650836
193,human,1,Human,0.9418318336575875,24.04754066467285,-3.193359375,76.37831799310672
193,human,2,Human,0.8713945792324712,42.43680953979492,-3.666015625,73.390547674251
194,human,0,Human,0.9246966574116658,17.993989944458008,-2.853515625,76.68103052408448
194,human,1,Human,0.9074217074217075,17.90275764465332,-2.9140625,76.38947588485594
194,human,2,Human,0.9093256491760746,20.096778869628906,-3.005859375,76.43757780049279
194,human,3,Human,0.8934582974611768,19.3290958404541,-3.02734375,75.91916053125591
195,human,0,Human,0.9077659574468084,22.760623931884766,-3.0859375,76.41302122404588
195,human,1,Human,0.9242523096194999,26.632648468017578,-3.34375,76.23061247867193
195,human,2,Human,0.9368685599396834,18.371660232543945,-2.919921875,76.58950813506257
196,human,0,Human,0.7631421828694902,23.86974334716797,-3.05078125,63.7666818602836
196,human,1,Human,0.7935369577709329,15.00733757019043,-2.654296875,67.72066777349363
196,human,2,Human,0.9442172897196262,16.24425506591797,-2.7421875,76.52980814032003
196,human,3,Human,0.779809041208737,18.070667266845703,-2.810546875,66.05694522727083
197,human,0,Human,0.9433121590985611,21.19230079650879,-2.6640625,76.9094484403761
197,human,1,Human,0.9670781893004116,29.094627380371094,-3.037109375,76.07815304033497
197,human,2,Human,0.95578231292517,22.452678680419922,-2.884765625,76.49039083676378
198,human,0,Human,0.9088029169458108,28.488117218017578,-3.3515625,76.06437623946218
198,human,1,Human,0.9836065573770492,14.738569259643555,-2.63671875,75.01319661578765
198,human,2,Human,0.9222410352421135,36.89216232299805,-3.580078125,75.56209521636234
199,human,0,Human,0.95,23.081787109375,-3.064453125,76.41712686227842
199,human,1,Human,0.9495458771365229,22.145553588867188,-3.1796875,76.17931917931958
199,human,2,Human,0.9471865264797508,15.342366218566895,-2.634765625,76.47930950587863
0,llama,0,Llama-3.1-8B,0.846859321815732,20.972339630126953,-2.904296875,73.41952588110398
0,llama,1,Llama-3.1-8B,0.8518344551484092,15.250157356262207,-2.658203125,73.66598325600093
0,llama,2,Llama-3.1-8B,0.8317777406270346,20.452722549438477,-2.919921875,72.04080275506846
0,llama,3,Llama-3.1-8B,0.8377363781008923,19.141035079956055,-2.876953125,72.56652691617806
0,llama,4,Llama-3.1-8B,0.8226583085378741,14.590301513671875,-2.626953125,71.00708065629742
1,llama,0,Llama-3.1-8B,0.9058814748469921,21.076826095581055,-2.400390625,76.85177748783653
1,llama,1,Llama-3.1-8B,0.9344617049231007,18.10787010192871,-2.28125,76.88995521263065
1,llama,2,Llama-3.1-8B,0.9105372206600563,19.154178619384766,-2.302734375,76.82665244938478
1,llama,3,Llama-3.1-8B,0.9176434536121965,16.675146102905273,-2.234375,76.74500347797766
1,llama,4,Llama-3.1-8B,0.9016754310871958,19.516874313354492,-2.38671875,76.65783799892922
2,llama,0,Llama-3.1-8B,0.9605911330049262,24.307397842407227,-2.447265625,76.68595102966606
2,llama,1,Llama-3.1-8B,0.9603960396039604,29.561199188232422,-2.482421875,76.80857623016006
2,llama,2,Llama-3.1-8B,0.9653465346534653,24.640714645385742,-2.337890625,76.51972209526838
2,llama,3,Llama-3.1-8B,0.965,23.179475784301758,-2.353515625,76.47899453123277
2,llama,4,Llama-3.1-8B,0.9547738693467337,25.0517635345459,-2.244140625,76.86447345299948
3,llama,0,Llama-3.1-8B,0.9369929826307668,20.96232032775879,-2.4765625,77.0507411721312
3,llama,1,Llama-3.1-8B,0.9384998222538216,19.53255271911621,-2.46875,76.95614558565583
3,llama,2,Llama-3.1-8B,0.9453252755065765,20.258535385131836,-2.345703125,76.89632463497647
3,llama,3,Llama-3.1-8B,0.9289342719372888,24.03395652770996,-2.544921875,77.21778837667243
3,llama,4,Llama-3.1-8B,0.9399056056131849,20.216663360595703,-2.33984375,76.97732505269448
4,llama,0,Llama-3.1-8B,0.8302451855880825,30.08786392211914,-3.373046875,71.35849761699431
4,llama,1,Llama-3.1-8B,0.8777588614211448,23.66876983642578,-3.1953125,75.14936837671668
4,llama,2,Llama-3.1-8B,0.9228103142290427,30.628971099853516,-3.478515625,75.94103898041197
4,llama,3,Llama-3.1-8B,0.8992358702952323,32.720096588134766,-3.46484375,75.5535113323663
4,llama,4,Llama-3.1-8B,0.8828101241079285,24.211278915405273,-3.19921875,75.41232294385678
5,llama,0,Llama-3.1-8B,0.8924510717614166,32.40019607543945,-3.375,75.55582939984888
5,llama,1,Llama-3.1-8B,0.9350586497015044,31.284175872802734,-3.294921875,76.37773020334798
5,llama,2,Llama-3.1-8B,0.9393922189884972,29.984834671020508,-3.26953125,76.38696176087593
5,llama,3,Llama-3.1-8B,0.9347579542003607,55.66680145263672,-3.900390625,73.00391534418632
5,llama,4,Llama-3.1-8B,0.9565578118296318,44.109458923339844,-3.673828125,74.48494493387709
6,llama,0,Llama-3.1-8B,0.9412362340148133,24.14126205444336,-2.4375,77.14841482555325
6,llama,1,Llama-3.1-8B,0.9436031709765075,19.981332778930664,-2.478515625,76.90984452404298
6,llama,2,Llama-3.1-8B,0.9485219166631735,25.105791091918945,-2.49609375,77.04396672566133
6,llama,3,Llama-3.1-8B,0.9508928571428571,20.22223663330078,-2.462890625,76.7771429795397
6,llama,4,Llama-3.1-8B,0.9191835900231703,23.376344680786133,-2.419921875,77.17402904222376
7,llama,0,Llama-3.1-8B,0.8576967582536886,23.170146942138672,-3.08203125,74.09539806467451
7,llama,1,Llama-3.1-8B,0.8603298222302971,27.340579986572266,-3.291015625,74.004556576232
7,llama,2,Llama-3.1-8B,0.8384707473118431,27.760419845581055,-3.271484375,72.32474726018252
7,llama,3,Llama-3.1-8B,0.8663108995739626,25.764633178710938,-3.201171875,74.5499858337178
7,llama,4,Llama-3.1-8B,0.8684826071099715,24.8373966217041,-3.146484375,74.76094909400969
8,llama,0,Llama-3.1-8B,0.8896624884163292,22.79361915588379,-3.08203125,75.86755059041191
8,llama,1,Llama-3.1-8B,0.9008563046815403,24.05303382873535,-3.1171875,76.24080621698567
8,llama,2,Llama-3.1-8B,0.859926498162454,28.834918975830078,-3.31640625,73.94469088743358
8,llama,3,Llama-3.1-8B,0.8520947016370357,22.327125549316406,-3.068359375,73.66536681716465
8,llama,4,Llama-3.1-8B,0.8565333115915813,25.590126037597656,-3.208984375,73.86447935696349
9,llama,0,Llama-3.1-8B,0.8367507095358072,16.95033836364746,-2.861328125,72.3521137974122
9,llama,1,Llama-3.1-8B,0.8684208149718702,19.500659942626953,-2.96484375,74.80040721839758
9,llama,2,Llama-3.1-8B,0.8600679448124521,19.465496063232422,-2.974609375,74.23947694712898
9,llama,3,Llama-3.1-8B,0.8695193114479814,15.815088272094727,-2.81640625,74.7969256620828
9,llama,4,Llama-3.1-8B,0.8568049569747364,12.911044120788574,-2.587890625,73.88514053254073
10,llama,0,Llama-3.1-8B,0.9410105757931845,46.45753860473633,-3.720703125,74.49613643941244
10,llama,1,Llama-3.1-8B,0.9366822164068722,39.69956588745117,-3.56640625,75.46326407629822
10,llama,2,Llama-3.1-8B,0.939855406860483,31.53840446472168,-3.388671875,76.10907748462985
10,llama,3,Llama-3.1-8B,0.9162060301507539,31.869020462036133,-3.416015625,76.04455225153184
10,llama,4,Llama-3.1-8B,0.9366190313612641,27.406797409057617,-3.205078125,76.51604276359708
11,llama,0,Llama-3.1-8B,0.9635036496350365,23.087862014770508,-3.1328125,75.8911812335674
11,llama,1,Llama-3.1-8B,0.9319069811231935,24.952274322509766,-3.1796875,76.53168051190129
11,llama,2,Llama-3.1-8B,0.9518673189356879,19.886550903320312,-2.97265625,76.35092868124094
11,llama,3,Llama-3.1-8B,0.9212510655039013,21.2356014251709,-3.052734375,76.58442910011138
11,llama,4,Llama-3.1-8B,0.9389612500290219,18.698200225830078,-2.927734375,76.57804622375802
12,llama,0,Llama-3.1-8B,0.8808829952396507,27.370248794555664,-2.423828125,76.18191122085189
12,llama,1,Llama-3.1-8B,0.8899798306816019,27.174453735351562,-2.234375,76.546461579393
12,llama,2,Llama-3.1-8B,0.8930875333942115,30.681608200073242,-2.38671875,76.74097670024571
12,llama,3,Llama-3.1-8B,0.8848650040684892,29.715024948120117,-2.3828125,76.40156665246936
12,llama,4,Llama-3.1-8B,0.9031607747138022,28.687685012817383,-2.30859375,77.02825524496433
13,llama,0,Llama-3.1-8B,0.8603839518264669,18.968618392944336,-2.962890625,74.2475722608727
13,llama,1,Llama-3.1-8B,0.8566695799577823,21.54096221923828,-3.080078125,73.94943583915409
13,llama,2,Llama-3.1-8B,0.8444937369519833,18.2300968170166,-2.958984375,72.99196980576278
13,llama,3,Llama-3.1-8B,0.8519988869467928,22.023780822753906,-3.126953125,73.54258591096365
13,llama,4,Llama-3.1-8B,0.8374996611696217,17.356597900390625,-2.8984375,72.40464660845467
14,llama,0,Llama-3.1-8B,0.8188077979831092,19.32002067565918,-2.896484375,70.70503019684989
14,llama,1,Llama-3.1-8B,0.7919600735989532,22.928743362426758,-3.10546875,67.48426808705571
14,llama,2,Llama-3.1-8B,0.844543124777192,21.21396255493164,-3.013671875,73.09129584968647
14,llama,3,Llama-3.1-8B,0.7705202965838787,15.556784629821777,-2.71875,64.70502342347174
14,llama,4,Llama-3.1-8B,0.8433101547047659,21.317018508911133,-3.029296875,72.96885943231416
15,llama,0,Llama-3.1-8B,0.8834622524153767,19.070362091064453,-2.34375,75.95412037887047
15,llama,1,Llama-3.1-8B,0.897120701337594,20.701580047607422,-2.400390625,76.58926470485129
15,llama,2,Llama-3.1-8B,0.8883084004275332,18.469892501831055,-2.28125,76.11534188289363
15,llama,3,Llama-3.1-8B,0.8914177335229967,23.12962532043457,-2.5546875,76.48127550383214
15,llama,4,Llama-3.1-8B,0.8894481847354181,23.593847274780273,-2.44140625,76.44678109689835
16,llama,0,Llama-3.1-8B,0.9172858072770533,27.61084747314453,-3.26171875,76.38450184759962
16,llama,1,Llama-3.1-8B,0.8730560578661845,24.682971954345703,-3.12890625,75.05728911940872
16,llama,2,Llama-3.1-8B,0.8904245154245154,32.080623626708984,-3.357421875,75.52281044953548
16,llama,3,Llama-3.1-8B,0.8679108042383186,20.724159240722656,-2.97265625,74.82739426613436
16,llama,4,Llama-3.1-8B,0.8931409588327254,37.552005767822266,-3.51171875,75.11563707586173
17,llama,0,Llama-3.1-8B,0.8833383186334348,18.170204162597656,-2.505859375,75.88575648574047
17,llama,1,Llama-3.1-8B,0.888500357672882,17.526987075805664,-2.482421875,76.07362447099815
17,llama,2,Llama-3.1-8B,0.8806617696081699,17.22064781188965,-2.509765625,75.6936135132784
17,llama,3,Llama-3.1-8B,0.8949631155127262,18.55960464477539,-2.498046875,76.38261222710541
17,llama,4,Llama-3.1-8B,0.8811157791640541,20.009626388549805,-2.5078125,75.89199825175109
18,llama,0,Llama-3.1-8B,0.9449045318610536,28.99372673034668,-3.34765625,76.11819946623855
18,llama,1,Llama-3.1-8B,0.9494528825739017,29.5582332611084,-3.41015625,75.87956424241133
18,llama,2,Llama-3.1-8B,0.924905400756794,27.109962463378906,-3.263671875,76.42414628785326
18,llama,3,Llama-3.1-8B,0.9322981366459627,27.591087341308594,-3.3125,76.3202962084185
18,llama,4,Llama-3.1-8B,0.8931451277702961,25.55779266357422,-3.24609375,75.79224430821627
19,llama,0,Llama-3.1-8B,0.8252635881449134,22.6173095703125,-3.09375,71.254599976683
19,llama,1,Llama-3.1-8B,0.8438283259439352,19.26675796508789,-2.986328125,72.96252490748903
19,llama,2,Llama-3.1-8B,0.8476163999419812,19.8724308013916,-2.919921875,73.40087568263179
19,llama,3,Llama-3.1-8B,0.9125786846103756,22.62726593017578,-3.076171875,76.51313191412504
19,llama,4,Llama-3.1-8B,0.840309981015219,18.127225875854492,-2.83984375,72.77164402005555
20,llama,0,Llama-3.1-8B,0.8793766444039668,16.039785385131836,-2.76953125,75.40238381005344
20,llama,1,Llama-3.1-8B,0.9197100073228532,15.041156768798828,-2.685546875,76.58776828424192
20,llama,2,Llama-3.1-8B,0.8720320509640298,19.385189056396484,-2.837890625,75.16275680731792
20,llama,3,Llama-3.1-8B,0.8557744069670028,14.82666015625,-2.638671875,73.94075213639427
20,llama,4,Llama-3.1-8B,0.91306381817473,17.6976318359375,-2.806640625,76.59982246142341
21,llama,0,Llama-3.1-8B,0.9175407925407926,20.119129180908203,-1.9248046875,76.75227702907168
21,llama,1,Llama-3.1-8B,0.8784402379229966,16.295360565185547,-1.923828125,75.28176111102923
21,llama,2,Llama-3.1-8B,0.9055709730751064,16.00059700012207,-1.9404296875,76.29285832633495
21,llama,3,Llama-3.1-8B,0.8960607617335218,18.017295837402344,-1.8486328125,76.07024789117511
21,llama,4,Llama-3.1-8B,0.9245689655172413,19.164155960083008,-1.9990234375,76.81338667206515
22,llama,0,Llama-3.1-8B,0.8799588689123572,21.020986557006836,-3.048828125,75.40096539306221
22,llama,1,Llama-3.1-8B,0.8569477426184482,16.23975944519043,-2.677734375,74.10917899614843
22,llama,2,Llama-3.1-8B,0.8909572313157009,18.051605224609375,-2.87890625,75.94624978150577
22,llama,3,Llama-3.1-8B,0.8050337677137889,13.83349895477295,-2.576171875,69.0444483892646
22,llama,4,Llama-3.1-8B,0.8440613648590368,15.556970596313477,-2.69140625,73.04171714991324
23,llama,0,Llama-3.1-8B,0.9748953974895398,26.416805267333984,-3.181640625,75.42513110976023
23,llama,1,Llama-3.1-8B,0.9730545024662672,40.12499237060547,-3.681640625,74.071260714844
23,llama,2,Llama-3.1-8B,0.9425399479747305,22.917285919189453,-3.123046875,76.45390686841439
23,llama,3,Llama-3.1-8B,0.9271198108407411,18.053668975830078,-2.875,76.665804592362
23,llama,4,Llama-3.1-8B,0.952755905511811,28.719316482543945,-3.34375,75.95097799927535
24,llama,0,Llama-3.1-8B,0.8646398053050736,10.800690650939941,-1.9609375,74.06366342003061
24,llama,1,Llama-3.1-8B,0.8892943950662072,13.586092948913574,-1.7783203125,75.4127445905299
24,llama,2,Llama-3.1-8B,0.8861558977658048,12.114653587341309,-1.931640625,75.32139589711272
24,llama,3,Llama-3.1-8B,0.8903151251166719,12.3632230758667,-2.107421875,75.65524044910848
24,llama,4,Llama-3.1-8B,0.8927833498990996,10.382914543151855,-1.8125,75.30808594827677
25,llama,0,Llama-3.1-8B,0.9645390070921985,14.890481948852539,-2.71875,75.88232095600495
25,llama,1,Llama-3.1-8B,0.9481481481481482,15.045685768127441,-2.650390625,76.42789078524078
25,llama,2,Llama-3.1-8B,0.8944216089254258,14.997687339782715,-2.66796875,76.04298630602301
25,llama,3,Llama-3.1-8B,0.9132504988209685,14.451443672180176,-2.646484375,76.4883601425804
25,llama,4,Llama-3.1-8B,0.8216361800022444,17.985836029052734,-2.85546875,70.96338119116709
26,llama,0,Llama-3.1-8B,0.9776119402985075,20.618061065673828,-2.962890625,75.41837812179895
26,llama,1,Llama-3.1-8B,0.9296875,20.229257583618164,-3.04296875,76.56702375424088
26,llama,2,Llama-3.1-8B,0.9693500298151461,23.21503257751465,-3.125,75.6762370297531
26,llama,3,Llama-3.1-8B,0.9311866428145498,19.442930221557617,-2.966796875,76.63063780711464
26,llama,4,Llama-3.1-8B,0.943961642193587,23.780187606811523,-3.09765625,76.51125027016846
27,llama,0,Llama-3.1-8B,0.7887842460193273,26.028051376342773,-3.177734375,67.06226143263933
27,llama,1,Llama-3.1-8B,0.8780581227914752,29.85721206665039,-3.345703125,74.98636741324711
27,llama,2,Llama-3.1-8B,0.8427177591561152,18.239572525024414,-2.900390625,72.91810964578258
27,llama,3,Llama-3.1-8B,0.832532671304539,29.662710189819336,-3.240234375,71.87281219457576
27,llama,4,Llama-3.1-8B,0.8425515608351687,41.29702377319336,-3.67578125,71.34914159536801
28,llama,0,Llama-3.1-8B,0.917364638358391,16.100252151489258,-2.25390625,76.70762913050024
28,llama,1,Llama-3.1-8B,0.9285213357069645,14.628873825073242,-2.060546875,76.5497587053275
28,llama,2,Llama-3.1-8B,0.9176167226872786,16.768787384033203,-2.23828125,76.7528196249283
28,llama,3,Llama-3.1-8B,0.9183154781762406,16.223419189453125,-2.134765625,76.67131189057498
28,llama,4,Llama-3.1-8B,0.9163639508735513,15.256158828735352,-2.162109375,76.59288326137577
29,llama,0,Llama-3.1-8B,0.9107142857142857,25.62322235107422,-2.662109375,77.06366650645889
29,llama,1,Llama-3.1-8B,0.9160381298675774,17.779924392700195,-2.447265625,76.83471363714362
29,llama,2,Llama-3.1-8B,0.9073879232274634,27.71943473815918,-2.65234375,77.05478641150358
29,llama,3,Llama-3.1-8B,0.9389920424403183,30.71575927734375,-2.806640625,77.12206307788016
29,llama,4,Llama-3.1-8B,0.905579907593887,26.44032859802246,-2.6328125,76.9965391758895
30,llama,0,Llama-3.1-8B,0.923334332234542,18.888622283935547,-2.865234375,76.71961562599208
30,llama,1,Llama-3.1-8B,0.965034965034965,21.318527221679688,-3.09765625,75.81236886105859
30,llama,2,Llama-3.1-8B,0.9605263157894737,19.448951721191406,-2.904296875,76.15831872462176
30,llama,3,Llama-3.1-8B,0.9529325243610958,21.743301391601562,-3.12109375,76.18595857006238
30,llama,4,Llama-3.1-8B,0.9354044648162296,23.079965591430664,-3.158203125,76.47997010055894
31,llama,0,Llama-3.1-8B,0.8877687033075755,21.245250701904297,-3.09765625,75.68941600657382
31,llama,1,Llama-3.1-8B,0.8849872216003997,23.329551696777344,-3.146484375,75.57860707822671
31,llama,2,Llama-3.1-8B,0.8576725271429304,16.168445587158203,-2.76171875,74.093036927375
31,llama,3,Llama-3.1-8B,0.8810807306312723,16.855575561523438,-2.8125,75.50527543219107
31,llama,4,Llama-3.1-8B,0.8915187099244215,16.860994338989258,-2.84375,75.9261434136916
32,llama,0,Llama-3.1-8B,0.8753564227563306,38.5283088684082,-3.474609375,74.36994841613945
32,llama,1,Llama-3.1-8B,0.9069418978332446,55.69773483276367,-3.845703125,72.98536450742894
32,llama,2,Llama-3.1-8B,0.911144874430244,34.703399658203125,-3.4453125,75.85969974832294
32,llama,3,Llama-3.1-8B,0.9358388140724501,53.28472137451172,-3.873046875,73.36964704059832
32,llama,4,Llama-3.1-8B,0.9229697567771521,66.70240783691406,-4.0859375,70.86484058133274
33,llama,0,Llama-3.1-8B,0.970873786407767,36.337100982666016,-2.93359375,76.00011635421278
33,llama,1,Llama-3.1-8B,0.9747474747474747,40.12681579589844,-2.990234375,75.59011365701461
33,llama,2,Llama-3.1-8B,0.9620853080568721,30.772207260131836,-2.68359375,76.67346105373835
33,llama,3,Llama-3.1-8B,0.9653465346534653,35.63762664794922,-2.900390625,76.29211137371871
33,llama,4,Llama-3.1-8B,0.964824120603015,39.45708465576172,-2.94921875,76.11147656372906
34,llama,0,Llama-3.1-8B,0.9204368471035137,29.689390182495117,-3.341796875,76.26327191884005
34,llama,1,Llama-3.1-8B,0.9580645161290322,36.984580993652344,-3.560546875,75.15250502110813
34,llama,2,Llama-3.1-8B,0.9311945717516815,31.558412551879883,-3.419921875,76.10117323181044
34,llama,3,Llama-3.1-8B,0.9066018966306014,30.08808708190918,-3.28125,76.19453629963292
34,llama,4,Llama-3.1-8B,0.9063940945048437,34.69916915893555,-3.49609375,75.62964286214667
35,llama,0,Llama-3.1-8B,0.8599147669243318,23.82182502746582,-3.1171875,74.21738008565654
35,llama,1,Llama-3.1-8B,0.8834829967459075,23.501117706298828,-3.10546875,75.59105443420897
35,llama,2,Llama-3.1-8B,0.840686524380371,23.385976791381836,-3.16015625,72.61412689915699
35,llama,3,Llama-3.1-8B,0.8630132850241546,22.62771987915039,-3.095703125,74.41534760051111
35,llama,4,Llama-3.1-8B,0.8352191177337613,25.006738662719727,-3.19140625,72.12483797157428
36,llama,0,Llama-3.1-8B,0.8595239341150464,9.701725959777832,-2.27734375,73.81043317830996
36,llama,1,Llama-3.1-8B,0.8762734007101445,10.63653564453125,-2.3515625,74.94593436643649
36,llama,2,Llama-3.1-8B,0.900148193571465,11.399733543395996,-2.392578125,76.00590507447902
36,llama,3,Llama-3.1-8B,0.8847616119379091,11.827189445495605,-2.44921875,75.47204868817923
36,llama,4,Llama-3.1-8B,0.8740930874151785,10.902263641357422,-2.369140625,74.85300681140488
37,llama,0,Llama-3.1-8B,0.9669117647058824,26.546554565429688,-2.3984375,76.52034904766829
37,llama,1,Llama-3.1-8B,0.930711637383584,25.27393913269043,-2.359375,77.27583793423413
37,llama,2,Llama-3.1-8B,0.9659574468085106,24.9232177734375,-2.416015625,76.51111067408455
37,llama,3,Llama-3.1-8B,0.9653846153846154,23.47095489501953,-2.43359375,76.4790309344847
37,llama,4,Llama-3.1-8B,0.9523447883045377,24.20734214782715,-2.37109375,76.92905940362726
38,llama,0,Llama-3.1-8B,0.8489568342548421,15.266233444213867,-2.333984375,73.50840290566889
38,llama,1,Llama-3.1-8B,0.858580753278952,16.73912239074707,-2.337890625,74.34106758051617
38,llama,2,Llama-3.1-8B,0.8547010331435881,16.24117660522461,-2.267578125,74.00731458537746
38,llama,3,Llama-3.1-8B,0.8856389906389907,14.363780975341797,-2.2265625,75.68789823277079
38,llama,4,Llama-3.1-8B,0.8853413849540042,15.751005172729492,-2.197265625,75.7689314148036
39,llama,0,Llama-3.1-8B,0.9366127023661269,26.8518123626709,-2.478515625,77.28055676989656
39,llama,1,Llama-3.1-8B,0.9453443467067153,29.966768264770508,-2.541015625,77.19218657423427
39,llama,2,Llama-3.1-8B,0.9663461538461539,32.40104293823242,-2.658203125,76.52401883330292
39,llama,3,Llama-3.1-8B,0.9497716894977168,31.415904998779297,-2.625,77.06967187778852
39,llama,4,Llama-3.1-8B,0.9432314410480349,28.87517547607422,-2.486328125,77.23158827274028
40,llama,0,Llama-3.1-8B,0.7753692910413312,17.22287368774414,-2.7421875,65.46768861203434
40,llama,1,Llama-3.1-8B,0.7244278450378265,16.75767707824707,-2.736328125,57.96360542685657
40,llama,2,Llama-3.1-8B,0.7301570948416256,15.32981014251709,-2.673828125,58.79286080336228
40,llama,3,Llama-3.1-8B,0.766881529527044,16.371980667114258,-2.72265625,64.25784863231507
40,llama,4,Llama-3.1-8B,0.7333710529574118,19.530437469482422,-2.8515625,59.41951594894626
41,llama,0,Llama-3.1-8B,0.9052070520705207,21.097625732421875,-2.4765625,76.83193527403338
41,llama,1,Llama-3.1-8B,0.906916804470548,18.228349685668945,-2.3984375,76.70830693930479
41,llama,2,Llama-3.1-8B,0.8835467437697921,21.571792602539062,-2.478515625,76.09650909555846
41,llama,3,Llama-3.1-8B,0.9014080901177676,19.905994415283203,-2.484375,76.66726393775191
41,llama,4,Llama-3.1-8B,0.8943932411674348,18.485965728759766,-2.466796875,76.36341300820467
42,llama,0,Llama-3.1-8B,0.9148632958701608,27.363182067871094,-3.28125,76.30708757338462
42,llama,1,Llama-3.1-8B,0.9332903938167096,34.76429748535156,-3.537109375,75.74204025022146
42,llama,2,Llama-3.1-8B,0.8822266643401669,35.28306579589844,-3.53515625,74.66059244561933
42,llama,3,Llama-3.1-8B,0.9126262610802102,23.38825225830078,-3.1328125,76.44790215543429
42,llama,4,Llama-3.1-8B,0.9010364159105578,34.806190490722656,-3.515625,75.43806796523742
43,llama,0,Llama-3.1-8B,0.9453443467067153,24.124935150146484,-2.599609375,77.03956828880025
43,llama,1,Llama-3.1-8B,0.9563530250032387,29.379228591918945,-2.841796875,76.71685615101424
43,llama,2,Llama-3.1-8B,0.9583055176617421,28.306636810302734,-2.71484375,76.7572782202886
43,llama,3,Llama-3.1-8B,0.9555172966047406,23.56169891357422,-2.66015625,76.74480805735222
43,llama,4,Llama-3.1-8B,0.8613683162853932,26.907129287719727,-2.673828125,74.94701241602061
44,llama,0,Llama-3.1-8B,0.920378399684667,31.656490325927734,-2.6953125,77.25039673392104
44,llama,1,Llama-3.1-8B,0.9117963385877349,35.68928146362305,-2.76953125,77.0282078047292
44,llama,2,Llama-3.1-8B,0.8793842045449617,27.58260154724121,-2.6015625,76.06879368134724
44,llama,3,Llama-3.1-8B,0.9130097140914062,27.195940017700195,-2.6953125,77.1214165835895
44,llama,4,Llama-3.1-8B,0.902947542068357,32.15370559692383,-2.533203125,77.03023011706993
45,llama,0,Llama-3.1-8B,0.9150530354321823,26.960588455200195,-3.197265625,76.47624395417247
45,llama,1,Llama-3.1-8B,0.9484978540772532,33.14006423950195,-3.396484375,75.93060425155828
45,llama,2,Llama-3.1-8B,0.920228816207061,35.95143127441406,-3.48828125,75.83300993069308
45,llama,3,Llama-3.1-8B,0.9416656475480005,37.24894332885742,-3.533203125,75.5995128819196
45,llama,4,Llama-3.1-8B,0.954954954954955,27.42424964904785,-3.224609375,76.13132254452941
46,llama,0,Llama-3.1-8B,0.8894112651645459,38.72391128540039,-3.490234375,74.98495147213502
46,llama,1,Llama-3.1-8B,0.8382833179896837,29.362045288085938,-3.2734375,72.32666255427498
46,llama,2,Llama-3.1-8B,0.8632245025897697,50.38459396362305,-3.875,71.53400980100157
46,llama,3,Llama-3.1-8B,0.8662869996055146,33.93114471435547,-3.373046875,74.22661735064904
46,llama,4,Llama-3.1-8B,0.8450201355453022,43.59357452392578,-3.70703125,71.31418088517826
47,llama,0,Llama-3.1-8B,0.9341002949852508,12.49921703338623,-1.9423828125,76.25634574282527
47,llama,1,Llama-3.1-8B,0.9297148475909538,13.890260696411133,-2.1953125,76.56956253153801
47,llama,2,Llama-3.1-8B,0.9190535491905354,11.386246681213379,-1.6748046875,75.83430267849948
47,llama,3,Llama-3.1-8B,0.9430849851902483,11.615449905395508,-1.853515625,75.9884577061007
47,llama,4,Llama-3.1-8B,0.9247573911081021,14.47968578338623,-2.15234375,76.59180667429251
48,llama,0,Llama-3.1-8B,0.9020556270674568,27.77925682067871,-3.30859375,75.99288665192714
48,llama,1,Llama-3.1-8B,0.8896195946208502,21.716768264770508,-3.19140625,75.61576696300864
48,llama,2,Llama-3.1-8B,0.9175006064629803,30.91676139831543,-3.38671875,76.13379223593502
48,llama,3,Llama-3.1-8B,0.8972938756132299,25.024093627929688,-3.3046875,75.78963376926808
48,llama,4,Llama-3.1-8B,0.9154045195790926,30.718717575073242,-3.482421875,75.86257702960515
49,llama,0,Llama-3.1-8B,0.8085294796745759,10.071696281433105,-2.30078125,69.13656268411675
49,llama,1,Llama-3.1-8B,0.8756516198406983,12.755905151367188,-2.552734375,75.07876446657154
49,llama,2,Llama-3.1-8B,0.8072572258305046,14.085564613342285,-2.654296875,69.28236613289069
49,llama,3,Llama-3.1-8B,0.8252455629622811,13.093792915344238,-2.5234375,71.18829156841382
49,llama,4,Llama-3.1-8B,0.7837784829584239,12.143630027770996,-2.48046875,66.31162582253337
50,llama,0,Llama-3.1-8B,0.7908866995073891,19.6160888671875,-2.8984375,67.48609657117396
50,llama,1,Llama-3.1-8B,0.838567719203911,20.562816619873047,-2.955078125,72.62481842416797
50,llama,2,Llama-3.1-8B,0.8271932519434724,20.28363800048828,-2.94921875,71.54972166814417
50,llama,3,Llama-3.1-8B,0.8531237357363348,26.69641876220703,-3.26953125,73.51505322550572
50,llama,4,Llama-3.1-8B,0.8495293887359884,20.86603355407715,-2.96484375,73.5495658538289
51,llama,0,Llama-3.1-8B,0.8624580045933959,21.188684463500977,-3.025390625,74.42335947793282
51,llama,1,Llama-3.1-8B,0.8627784930204107,17.438613891601562,-2.853515625,74.44596164970602
51,llama,2,Llama-3.1-8B,0.8544801224054938,19.94964027404785,-2.998046875,73.83211288494026
51,llama,3,Llama-3.1-8B,0.8516640952171038,21.404993057250977,-3.083984375,73.56136090418607
51,llama,4,Llama-3.1-8B,0.8752815013404825,21.75703239440918,-3.068359375,75.16276185468855
52,llama,0,Llama-3.1-8B,0.9211219912377163,20.496871948242188,-3.03125,76.57822823764275
52,llama,1,Llama-3.1-8B,0.956386292834891,23.174943923950195,-3.185546875,76.03395922099989
52,llama,2,Llama-3.1-8B,0.9152354008693885,16.293407440185547,-2.78125,76.55722511169648
52,llama,3,Llama-3.1-8B,0.933670374115268,20.633821487426758,-3.013671875,76.61852872307927
52,llama,4,Llama-3.1-8B,0.9286153623503021,20.90079689025879,-3.06640625,76.56728456266535
53,llama,0,Llama-3.1-8B,0.9097413340025619,22.72403907775879,-2.4921875,77.00506663062563
53,llama,1,Llama-3.1-8B,0.922691110342442,21.382854461669922,-2.54296875,77.08710714650199
53,llama,2,Llama-3.1-8B,0.9227178851714167,23.46005630493164,-2.646484375,77.13704250266115
53,llama,3,Llama-3.1-8B,0.9158763209986047,22.076072692871094,-2.642578125,77.01635301583167
53,llama,4,Llama-3.1-8B,0.937693573364305,21.977581024169922,-2.560546875,77.0734527355123
54,llama,0,Llama-3.1-8B,0.9439046199701937,79.5934066772461,-3.462890625,71.00572401374644
54,llama,1,Llama-3.1-8B,0.9323963277724708,66.68975830078125,-3.380859375,73.11521044911645
54,llama,2,Llama-3.1-8B,0.9241459634756488,79.25479125976562,-3.41796875,71.29398734954941
54,llama,3,Llama-3.1-8B,0.9156136046374231,68.61671447753906,-3.220703125,73.13416718837867
54,llama,4,Llama-3.1-8B,0.9403199329204581,73.65733337402344,-3.369140625,72.09237482477816
55,llama,0,Llama-3.1-8B,0.9136595112204867,19.03853416442871,-2.908203125,76.58280870897089
55,llama,1,Llama-3.1-8B,0.8903000458085204,19.010517120361328,-2.849609375,76.01430637379313
55,llama,2,Llama-3.1-8B,0.9247822455554229,17.79515266418457,-2.8125,76.7108404227715
55,llama,3,Llama-3.1-8B,0.8551828241790308,18.336902618408203,-2.765625,74.05739418301648
55,llama,4,Llama-3.1-8B,0.8963694852941176,18.53208351135254,-2.873046875,76.17781230374845
56,llama,0,Llama-3.1-8B,0.8457204020294591,28.48406410217285,-3.341796875,72.8004853218419
56,llama,1,Llama-3.1-8B,0.8909011539772778,39.85302734375,-3.6640625,74.48898793776964
56,llama,2,Llama-3.1-8B,0.8763405893573464,26.053064346313477,-3.232421875,75.08012196074016
56,llama,3,Llama-3.1-8B,0.8841234376214974,29.261703491210938,-3.34375,75.28075764102206
56,llama,4,Llama-3.1-8B,0.8556263833768527,28.785076141357422,-3.322265625,73.62336402011452
57,llama,0,Llama-3.1-8B,0.9531500174034111,23.8560848236084,-2.2421875,76.86526082049431
57,llama,1,Llama-3.1-8B,0.9426670251377873,20.359172821044922,-2.263671875,76.92796786794591
57,llama,2,Llama-3.1-8B,0.9597056055921495,20.584041595458984,-2.3125,76.5366846696073
57,llama,3,Llama-3.1-8B,0.9759036144578314,19.655620574951172,-2.314453125,75.81283641782987
57,llama,4,Llama-3.1-8B,0.9647058823529412,21.25225067138672,-2.29296875,76.38833425768566
58,llama,0,Llama-3.1-8B,0.8707176562827187,15.730880737304688,-2.6875,74.9694075688403
58,llama,1,Llama-3.1-8B,0.810194676332147,15.215968132019043,-2.630859375,69.71646212154658
58,llama,2,Llama-3.1-8B,0.845986567910184,23.334604263305664,-3.060546875,73.23634080294624
58,llama,3,Llama-3.1-8B,0.8873488927265339,14.036882400512695,-2.552734375,75.74873795803592
58,llama,4,Llama-3.1-8B,0.8235170371341771,14.493501663208008,-2.619140625,71.09103618027788
59,llama,0,Llama-3.1-8B,0.9322180452651899,21.908668518066406,-2.623046875,77.0841725018519
59,llama,1,Llama-3.1-8B,0.9401709401709402,18.37689971923828,-2.30078125,76.85549447328877
59,llama,2,Llama-3.1-8B,0.8997949685740755,20.48854637145996,-2.4375,76.65939339650775
59,llama,3,Llama-3.1-8B,0.9300222213558925,21.324440002441406,-2.435546875,77.1155834920522
59,llama,4,Llama-3.1-8B,0.9363244103724184,18.01763916015625,-2.228515625,76.85131774813546
60,llama,0,Llama-3.1-8B,0.9086961839530332,30.312091827392578,-3.373046875,76.02845520839941
60,llama,1,Llama-3.1-8B,0.8309769530440484,26.605422973632812,-3.244140625,71.66641996079191
60,llama,2,Llama-3.1-8B,0.8551007408897382,29.206090927124023,-3.333984375,73.56255218856282
60,llama,3,Llama-3.1-8B,0.9182618856226289,57.446014404296875,-4.015625,72.34416012779499
60,llama,4,Llama-3.1-8B,0.8667449960636496,31.5556583404541,-3.4375,74.11598241022864
61,llama,0,Llama-3.1-8B,0.915352804432559,20.145544052124023,-2.341796875,76.96802034344435
61,llama,1,Llama-3.1-8B,0.9116191923189869,19.68598175048828,-2.2421875,76.85916881808026
61,llama,2,Llama-3.1-8B,0.91636817540432,18.809022903442383,-2.3203125,76.89773354293881
61,llama,3,Llama-3.1-8B,0.9212158949889011,21.36729621887207,-2.40625,77.09787898695944
61,llama,4,Llama-3.1-8B,0.9157279605563752,19.043954849243164,-2.365234375,76.9110080167747
62,llama,0,Llama-3.1-8B,0.8141553948110591,13.16651725769043,-2.486328125,70.04135679229772
62,llama,1,Llama-3.1-8B,0.8201452161929202,14.914222717285156,-2.615234375,70.77847904194427
62,llama,2,Llama-3.1-8B,0.8235192478346645,16.85478973388672,-2.7734375,71.16080226407469
62,llama,3,Llama-3.1-8B,0.7899804919693935,16.444313049316406,-2.763671875,67.30403189957843
62,llama,4,Llama-3.1-8B,0.7574159951516239,14.723347663879395,-2.60546875,62.862667641401494
63,llama,0,Llama-3.1-8B,0.9134848129621791,36.79928207397461,-3.484375,75.7402240706535
63,llama,1,Llama-3.1-8B,0.9584728033472804,28.411842346191406,-3.291015625,75.90090148360768
63,llama,2,Llama-3.1-8B,0.9079143852663016,33.14250564575195,-3.40234375,75.93110669136858
63,llama,3,Llama-3.1-8B,0.8812336263128699,33.241432189941406,-3.369140625,75.08185402862746
63,llama,4,Llama-3.1-8B,0.9283267457180501,26.458961486816406,-3.111328125,76.71111044144149
64,llama,0,Llama-3.1-8B,0.8548031959898484,26.30156898498535,-3.294921875,73.57531109945566
64,llama,1,Llama-3.1-8B,0.8589189147069366,23.952938079833984,-3.212890625,73.97107083252429
64,llama,2,Llama-3.1-8B,0.892150399713638,27.772615432739258,-3.28515625,75.7255507148743
64,llama,3,Llama-3.1-8B,0.8943537802598205,23.476707458496094,-3.1328125,75.98364963108783
64,llama,4,Llama-3.1-8B,0.8784017500724522,20.407262802124023,-3.033203125,75.31384109668551
65,llama,0,Llama-3.1-8B,0.914059853190288,24.927997589111328,-3.181640625,76.43559862505062
65,llama,1,Llama-3.1-8B,0.9607544116274003,20.58699607849121,-3.015625,76.0629628296749
65,llama,2,Llama-3.1-8B,0.9691248770894788,39.516563415527344,-3.70703125,74.19731070746543
65,llama,3,Llama-3.1-8B,0.9310103404250579,27.43207550048828,-3.29296875,76.36619060459962
66,llama,0,Llama-3.1-8B,0.9361464158617183,23.72746467590332,-2.20703125,77.1462636209557
66,llama,1,Llama-3.1-8B,0.9232187791309419,23.43076515197754,-2.318359375,77.19532303934866
66,llama,2,Llama-3.1-8B,0.9350310391228838,27.221569061279297,-2.427734375,77.30729247065571
66,llama,3,Llama-3.1-8B,0.9316185170822894,20.52638053894043,-2.216796875,77.02804476077102
66,llama,4,Llama-3.1-8B,0.9313839356880964,25.41930389404297,-2.26953125,77.25909704437451
67,llama,0,Llama-3.1-8B,0.954225352112676,22.778743743896484,-2.765625,76.67087011315314
67,llama,1,Llama-3.1-8B,0.9228070175438596,24.828367233276367,-2.681640625,77.16728358804988
67,llama,2,Llama-3.1-8B,0.9178237788869335,26.353668212890625,-2.630859375,77.20361344707649
67,llama,3,Llama-3.1-8B,0.9252432155657963,30.051565170288086,-2.634765625,77.3107758226345
67,llama,4,Llama-3.1-8B,0.92083921937948,28.137928009033203,-2.669921875,77.24628636367511
68,llama,0,Llama-3.1-8B,0.9036343366778149,19.769044876098633,-2.919921875,76.40906335146973
68,llama,1,Llama-3.1-8B,0.9245295390466199,20.05452537536621,-2.958984375,76.67709212837177
68,llama,2,Llama-3.1-8B,0.8942324861615379,18.105918884277344,-2.828125,76.1262348042646
68,llama,3,Llama-3.1-8B,0.9042303433001107,17.446678161621094,-2.8203125,76.3907653818801
68,llama,4,Llama-3.1-8B,0.9067334794863765,19.14016342163086,-2.890625,76.48152459383492
69,llama,0,Llama-3.1-8B,0.8984515867463507,15.852913856506348,-2.6171875,76.26878421547954
69,llama,1,Llama-3.1-8B,0.8549647485900641,15.29554271697998,-2.625,73.92440106511378
69,llama,2,Llama-3.1-8B,0.8455996795605402,18.720212936401367,-2.806640625,73.29329372808581
69,llama,3,Llama-3.1-8B,0.8889074659533074,21.957191467285156,-2.9453125,76.0047698821667
69,llama,4,Llama-3.1-8B,0.8693947841500049,16.723440170288086,-2.740234375,74.92381555698819
70,llama,0,Llama-3.1-8B,0.9386868209730751,21.550121307373047,-3.107421875,76.46941729542473
70,llama,1,Llama-3.1-8B,0.9326251048364551,21.89434051513672,-3.15625,76.44768754243664
70,llama,2,Llama-3.1-8B,0.9205514239071285,21.67521095275879,-3.064453125,76.58244498242642
70,llama,3,Llama-3.1-8B,0.9380827505827506,22.4345760345459,-3.22265625,76.29966458220103
70,llama,4,Llama-3.1-8B,0.9264111049825335,18.845958709716797,-2.99609375,76.55741116990075
71,llama,0,Llama-3.1-8B,0.9394936597779826,25.399932861328125,-2.275390625,77.19534837292446
71,llama,1,Llama-3.1-8B,0.9229609149176825,27.159849166870117,-2.44921875,77.31920238712355
71,llama,2,Llama-3.1-8B,0.9416335571885659,22.910486221313477,-2.26171875,77.0694099044709
71,llama,3,Llama-3.1-8B,0.9288516976297245,24.328779220581055,-2.38671875,77.24963692613295
71,llama,4,Llama-3.1-8B,0.9559095378564405,24.203079223632812,-2.298828125,76.81872872544866
72,llama,0,Llama-3.1-8B,0.7383391868975779,14.065244674682617,-2.5625,60.00223178073988
72,llama,1,Llama-3.1-8B,0.7394402550309834,15.878360748291016,-2.705078125,60.23278712572085
72,llama,2,Llama-3.1-8B,0.8001465232678586,20.74142074584961,-2.931640625,68.64204562577326
72,llama,3,Llama-3.1-8B,0.739548534669602,16.98653221130371,-2.728515625,60.31138388190316
72,llama,4,Llama-3.1-8B,0.7346381646265019,14.9920072555542,-2.6328125,59.479809575288485
73,llama,0,Llama-3.1-8B,0.9508771929824561,25.49822425842285,-2.544921875,76.9896623562468
73,llama,1,Llama-3.1-8B,0.9462119834818066,27.635229110717773,-2.54296875,77.14501238712366
73,llama,2,Llama-3.1-8B,0.9438361618474095,27.725048065185547,-2.611328125,77.16252869854657
73,llama,3,Llama-3.1-8B,0.9379309416074122,28.64349365234375,-2.583984375,77.2707880335421
73,llama,4,Llama-3.1-8B,0.9301216345496789,35.32741928100586,-2.736328125,77.19793300995826
74,llama,0,Llama-3.1-8B,0.8218008704563753,19.43083953857422,-2.580078125,71.27676779953725
74,llama,1,Llama-3.1-8B,0.8144438085608633,20.40570068359375,-2.57421875,70.55544338319365
74,llama,2,Llama-3.1-8B,0.8545659668901255,17.69560432434082,-2.623046875,74.0675683513608
74,llama,3,Llama-3.1-8B,0.8560018072315433,19.486181259155273,-2.494140625,74.33196884369768
74,llama,4,Llama-3.1-8B,0.8478220084882928,22.230426788330078,-2.630859375,73.79916418539501
75,llama,0,Llama-3.1-8B,0.7937993960033413,20.422590255737305,-2.876953125,67.92040167817792
75,llama,1,Llama-3.1-8B,0.8142450885917123,17.64060401916504,-2.83984375,70.17300300237216
75,llama,2,Llama-3.1-8B,0.8073227746230739,20.477983474731445,-2.833984375,69.57996594067065
75,llama,3,Llama-3.1-8B,0.7904900396601108,17.821918487548828,-2.765625,67.46175411310597
75,llama,4,Llama-3.1-8B,0.8101796139094618,20.139598846435547,-2.884765625,69.82806164832692
76,llama,0,Llama-3.1-8B,0.9391106387445546,24.476037979125977,-1.8564453125,76.87387452051482
76,llama,1,Llama-3.1-8B,0.8774179944058199,19.92519187927246,-1.8837890625,75.42512323476043
76,llama,2,Llama-3.1-8B,0.9443101873653268,22.796367645263672,-1.943359375,76.81800299620853
76,llama,3,Llama-3.1-8B,0.9148980428923005,18.19618034362793,-1.8916015625,76.57022607758945
76,llama,4,Llama-3.1-8B,0.9128666865896098,22.558732986450195,-1.9853515625,76.86951367963353
77,llama,0,Llama-3.1-8B,0.9646464646464646,39.9586181640625,-3.603515625,74.67439483475134
77,llama,1,Llama-3.1-8B,0.9712918660287081,35.12504577636719,-3.3984375,75.130487085905
77,llama,2,Llama-3.1-8B,0.9681818181818181,32.78693771362305,-3.419921875,75.24890585903452
77,llama,3,Llama-3.1-8B,0.958139534883721,32.01741027832031,-3.40234375,75.66788581391533
77,llama,4,Llama-3.1-8B,0.963302752293578,31.413972854614258,-3.359375,75.59752158056993
78,llama,0,Llama-3.1-8B,0.8923555070883316,36.01584243774414,-3.57421875,74.9597638606412
78,llama,1,Llama-3.1-8B,0.8962386700334243,40.16685104370117,-3.58203125,74.91051303236591
78,llama,2,Llama-3.1-8B,0.8951045743639922,39.5639533996582,-3.646484375,74.71021541704135
78,llama,3,Llama-3.1-8B,0.8934212270751292,44.557315826416016,-3.763671875,73.9752637663553
78,llama,4,Llama-3.1-8B,0.8993071101161922,38.0587158203125,-3.650390625,74.8987391827326
79,llama,0,Llama-3.1-8B,0.8533196872255433,27.761293411254883,-2.578125,74.43592681896013
79,llama,1,Llama-3.1-8B,0.8480463515476646,24.512601852416992,-2.609375,73.92219769998994
79,llama,2,Llama-3.1-8B,0.8695404913557779,23.14599609375,-2.451171875,75.42775097856429
79,llama,3,Llama-3.1-8B,0.8451692483276058,27.110549926757812,-2.564453125,73.7808330299221
79,llama,4,Llama-3.1-8B,0.8810758691232773,22.153575897216797,-2.443359375,76.01178056622805
80,llama,0,Llama-3.1-8B,0.9154063886867932,22.969472885131836,-3.099609375,76.52965315275797
80,llama,1,Llama-3.1-8B,0.8918476278884727,16.26905059814453,-2.76171875,75.97531255630985
80,llama,2,Llama-3.1-8B,0.8813980811046647,18.78539276123047,-2.869140625,75.5886295450915
80,llama,3,Llama-3.1-8B,0.895635155361299,18.014629364013672,-2.869140625,76.12435400523513
80,llama,4,Llama-3.1-8B,0.9539007092198581,19.95168113708496,-2.947265625,76.33608076999398
81,llama,0,Llama-3.1-8B,0.9573196083210276,49.16358184814453,-3.171875,75.30496678970772
81,llama,1,Llama-3.1-8B,0.9501385041551247,47.3678092956543,-3.234375,75.54027313963603
81,llama,2,Llama-3.1-8B,0.9617486338797814,42.62261199951172,-3.185546875,75.65956351477782
81,llama,3,Llama-3.1-8B,0.9459459459459459,50.73987579345703,-3.322265625,75.11466310291841
81,llama,4,Llama-3.1-8B,0.963276836158192,52.56125259399414,-3.306640625,74.47083327822483
82,llama,0,Llama-3.1-8B,0.7917289287354228,17.39698028564453,-2.185546875,67.68501102517261
82,llama,1,Llama-3.1-8B,0.8060404380378573,16.378246307373047,-2.177734375,69.32949627723497
82,llama,2,Llama-3.1-8B,0.7970667677745019,15.300077438354492,-2.05859375,68.11445968209766
82,llama,3,Llama-3.1-8B,0.772053732053732,16.03713035583496,-2.111328125,64.96835671273857
82,llama,4,Llama-3.1-8B,0.771704922719001,18.712501525878906,-2.28125,65.18094886640803
83,llama,0,Llama-3.1-8B,0.801108945360704,12.008086204528809,-2.439453125,68.46195642335081
83,llama,1,Llama-3.1-8B,0.8931601112232427,17.336912155151367,-2.822265625,76.04249144969924
83,llama,2,Llama-3.1-8B,0.8632843157040286,16.943403244018555,-2.771484375,74.52646304586112
83,llama,3,Llama-3.1-8B,0.8868752061667736,23.001815795898438,-3.05078125,75.81276379253153
84,llama,0,Llama-3.1-8B,0.8851293623515447,36.90907287597656,-3.513671875,74.80821684444346
84,llama,1,Llama-3.1-8B,0.914110044544827,20.1419620513916,-2.974609375,76.56669548074838
84,llama,2,Llama-3.1-8B,0.9417738970588235,33.300079345703125,-3.458984375,75.89150340582124
84,llama,3,Llama-3.1-8B,0.9239343310507135,36.251258850097656,-3.54296875,75.69640690568767
84,llama,4,Llama-3.1-8B,0.9064552367784307,24.782472610473633,-3.16015625,76.33088249350936
85,llama,0,Llama-3.1-8B,0.9741100323624595,44.70820617675781,-2.84765625,75.51218871442111
85,llama,1,Llama-3.1-8B,0.9716981132075472,48.86244201660156,-3.07421875,74.9602328682199
85,llama,2,Llama-3.1-8B,0.9745222929936306,41.36970138549805,-2.986328125,75.53942140954335
85,llama,3,Llama-3.1-8B,0.9702970297029703,46.60614013671875,-2.921875,75.4488128393376
85,llama,4,Llama-3.1-8B,0.9709677419354839,38.108192443847656,-2.84375,76.04130414924433
86,llama,0,Llama-3.1-8B,0.9688385269121813,31.744890213012695,-2.681640625,76.40990270867778
86,llama,1,Llama-3.1-8B,0.9756756756756757,25.314899444580078,-2.521484375,76.07673180764527
86,llama,2,Llama-3.1-8B,0.9610961547439348,25.538326263427734,-2.541015625,76.6913220004473
86,llama,3,Llama-3.1-8B,0.9699307541773295,27.415063858032227,-2.61328125,76.36434354150586
86,llama,4,Llama-3.1-8B,0.9700942511278867,24.949323654174805,-2.544921875,76.31809809126568
87,llama,0,Llama-3.1-8B,0.8906755618892108,20.042070388793945,-2.87890625,76.057170213635
87,llama,1,Llama-3.1-8B,0.8227873731953754,19.11540412902832,-2.87109375,71.13570476849229
87,llama,2,Llama-3.1-8B,0.8604180336738477,20.68735122680664,-2.921875,74.40358056824891
87,llama,3,Llama-3.1-8B,0.9172421911787788,23.65077018737793,-2.978515625,76.77094018346976
87,llama,4,Llama-3.1-8B,0.8367247351188957,22.01289939880371,-2.919921875,72.57973421889152
88,llama,0,Llama-3.1-8B,0.8653748482634674,28.0781307220459,-3.291015625,74.35458990137094
88,llama,1,Llama-3.1-8B,0.8382045519972964,26.48077392578125,-3.24609375,72.32707526999306
88,llama,2,Llama-3.1-8B,0.8292892883532835,25.934268951416016,-3.212890625,71.55064933920993
88,llama,3,Llama-3.1-8B,0.7385606348197216,23.223466873168945,-3.140625,59.97594769111769
88,llama,4,Llama-3.1-8B,0.8651052339691613,25.40253448486328,-3.21484375,74.43460788737164
89,llama,0,Llama-3.1-8B,0.9676258992805755,33.52599334716797,-3.517578125,75.00510693262814
89,llama,1,Llama-3.1-8B,0.9762845849802372,73.70020294189453,-4.34375,67.65351005540388
89,llama,2,Llama-3.1-8B,0.9266409266409267,41.411067962646484,-3.677734375,75.08001926221279
89,llama,3,Llama-3.1-8B,0.9496124031007752,31.738290786743164,-3.50390625,75.63632171797514
89,llama,4,Llama-3.1-8B,0.9516338362614138,49.619964599609375,-3.888671875,73.43852768291299
90,llama,0,Llama-3.1-8B,0.7106718594394651,16.967933654785156,-2.765625,55.7856988722483
90,llama,1,Llama-3.1-8B,0.7682165163081193,13.758321762084961,-2.55078125,64.33611639158114
90,llama,2,Llama-3.1-8B,0.7244841426179455,17.172941207885742,-2.767578125,57.975352150952716
90,llama,3,Llama-3.1-8B,0.6703325477873789,15.306546211242676,-2.591796875,49.27540964687914
90,llama,4,Llama-3.1-8B,0.6399926416482709,13.65234375,-2.537109375,44.29842379215027
91,llama,0,Llama-3.1-8B,0.9541284403669725,39.6749153137207,-2.572265625,76.77753158415034
91,llama,1,Llama-3.1-8B,0.9449362907031619,44.334678649902344,-2.6796875,76.64791061090615
91,llama,2,Llama-3.1-8B,0.936152756022973,38.32582473754883,-2.6328125,77.136297011273
91,llama,3,Llama-3.1-8B,0.9429429429429429,40.541419982910156,-2.55859375,76.98165445907244
91,llama,4,Llama-3.1-8B,0.9566563467492261,38.169044494628906,-2.51171875,76.78974626025418
92,llama,0,Llama-3.1-8B,0.841383728379244,17.251449584960938,-2.87890625,72.76314365531906
92,llama,1,Llama-3.1-8B,0.8669827596056076,21.955772399902344,-3.123046875,74.59230255122657
92,llama,2,Llama-3.1-8B,0.8292247876584159,21.567869186401367,-3.078125,71.62191686187727
92,llama,3,Llama-3.1-8B,0.8867769309465838,15.817855834960938,-2.755859375,75.74289693493478
92,llama,4,Llama-3.1-8B,0.9502303085957399,18.94556999206543,-2.94921875,76.3667920501876
93,llama,0,Llama-3.1-8B,0.9413892139134135,28.015727996826172,-2.703125,77.15126240545665
93,llama,1,Llama-3.1-8B,0.94668911335578,22.159908294677734,-2.49609375,76.9642936976478
93,llama,2,Llama-3.1-8B,0.9482758620689655,26.89743995666504,-2.75,76.9696255038821
93,llama,3,Llama-3.1-8B,0.9451476793248945,21.603260040283203,-2.591796875,76.93633294258055
93,llama,4,Llama-3.1-8B,0.9666666666666667,26.598649978637695,-2.712890625,76.42229037259838
94,llama,0,Llama-3.1-8B,0.8453597823393533,21.547351837158203,-2.953125,73.26283803811614
94,llama,1,Llama-3.1-8B,0.8912844582779791,37.1369743347168,-3.474609375,75.16129819994043
94,llama,2,Llama-3.1-8B,0.9065550603818039,22.21678924560547,-3.009765625,76.48352171659985
94,llama,3,Llama-3.1-8B,0.8459870419468686,19.65869903564453,-2.912109375,73.26525949803089
94,llama,4,Llama-3.1-8B,0.9085789842109356,26.695833206176758,-3.189453125,76.37602816867236
95,llama,0,Llama-3.1-8B,0.8170004818469718,19.467798233032227,-2.900390625,70.51728252253936
95,llama,1,Llama-3.1-8B,0.7994242949958107,15.563444137573242,-2.71875,68.43736145029175
95,llama,2,Llama-3.1-8B,0.8245145111041646,18.907285690307617,-2.921875,71.23718688763604
95,llama,3,Llama-3.1-8B,0.8152221656457179,17.288711547851562,-2.87890625,70.2119814832934
95,llama,4,Llama-3.1-8B,0.7532034220791807,23.112375259399414,-3.021484375,62.353028648300594
96,llama,0,Llama-3.1-8B,0.8937148142649964,15.123054504394531,-2.056640625,75.97287684276529
96,llama,1,Llama-3.1-8B,0.8951472925070285,17.309661865234375,-2.17578125,76.25566966158402
96,llama,2,Llama-3.1-8B,0.8915508558769456,15.263714790344238,-2.009765625,75.86750340960614
96,llama,3,Llama-3.1-8B,0.8978171464726352,14.408723831176758,-2.0859375,76.07584185071454
96,llama,4,Llama-3.1-8B,0.8993815333938355,16.829647064208984,-2.12890625,76.3325298331622
97,llama,0,Llama-3.1-8B,0.8908487275270925,19.834020614624023,-3.046875,75.8207235921498
97,llama,1,Llama-3.1-8B,0.7845083665917092,29.48924446105957,-3.40625,66.0711049994122
97,llama,2,Llama-3.1-8B,0.8691060324514012,28.862573623657227,-3.302734375,74.57275860578002
97,llama,3,Llama-3.1-8B,0.8667146963402107,25.256855010986328,-3.216796875,74.52854243761782
97,llama,4,Llama-3.1-8B,0.8472062898569988,16.947582244873047,-2.87109375,73.23948927756504
98,llama,0,Llama-3.1-8B,0.975,44.6196403503418,-2.9609375,75.3371439036348
98,llama,1,Llama-3.1-8B,0.98,38.046958923339844,-2.826171875,75.61800393872204
98,llama,2,Llama-3.1-8B,0.9795081967213115,36.89421081542969,-2.7890625,75.721755920474
98,llama,3,Llama-3.1-8B,0.9522116151690476,31.659683227539062,-2.669921875,76.98431797889795
98,llama,4,Llama-3.1-8B,0.9681274900398407,32.26201629638672,-2.6875,76.43351167322236
99,llama,0,Llama-3.1-8B,0.9173063255152808,16.800270080566406,-2.73046875,76.66149018737484
99,llama,1,Llama-3.1-8B,0.9145638043052261,18.55542755126953,-2.84765625,76.63581217930064
99,llama,2,Llama-3.1-8B,0.9348947294051151,20.527843475341797,-2.939453125,76.70924913733468
99,llama,3,Llama-3.1-8B,0.9082034500106422,18.914039611816406,-2.8828125,76.50841257574616
99,llama,4,Llama-3.1-8B,0.9212593355652845,19.3701171875,-2.8671875,76.7345885811717
100,llama,0,Llama-3.1-8B,0.7863466681754262,15.686511993408203,-2.140625,66.8569453837772
100,llama,1,Llama-3.1-8B,0.8333940097396341,15.429189682006836,-1.9931640625,71.99510264725728
100,llama,2,Llama-3.1-8B,0.8381531847711055,16.491016387939453,-2.3125,72.68155816310004
100,llama,3,Llama-3.1-8B,0.8411387344101137,12.824055671691895,-2.033203125,72.51642473126398
100,llama,4,Llama-3.1-8B,0.8198744967205434,13.63271427154541,-2.04296875,70.55384614950087
101,llama,0,Llama-3.1-8B,0.9673143088443635,36.391563415527344,-3.564453125,74.82416310825833
101,llama,1,Llama-3.1-8B,0.98046875,42.92585372924805,-3.701171875,73.47286914019733
101,llama,2,Llama-3.1-8B,0.9561752988047809,35.23904037475586,-3.568359375,75.23708161505209
101,llama,3,Llama-3.1-8B,0.9621212121212122,29.279632568359375,-3.37109375,75.60284819688404
101,llama,4,Llama-3.1-8B,0.9416335571885659,35.981285095214844,-3.591796875,75.47163782245532
102,llama,0,Llama-3.1-8B,0.8541463977705589,20.257221221923828,-2.462890625,74.24411606806059
102,llama,1,Llama-3.1-8B,0.8870321376374646,21.031909942626953,-2.494140625,76.22083149168795
102,llama,2,Llama-3.1-8B,0.8957303469670634,19.389480590820312,-2.427734375,76.46852603063994
102,llama,3,Llama-3.1-8B,0.8849795251654189,17.950578689575195,-2.4140625,75.95688004850717
102,llama,4,Llama-3.1-8B,0.8872169654247224,22.42357063293457,-2.6640625,76.22882016214403
103,llama,0,Llama-3.1-8B,0.7401774056331881,12.558002471923828,-1.921875,59.93441901798879
103,llama,1,Llama-3.1-8B,0.7398342608614877,12.886998176574707,-1.8642578125,59.852031249268784
103,llama,2,Llama-3.1-8B,0.740309753723071,14.172876358032227,-1.921875,60.08807361526272
103,llama,3,Llama-3.1-8B,0.7381073472695866,12.926891326904297,-1.916015625,59.64636803158545
103,llama,4,Llama-3.1-8B,0.7184617572447655,12.672311782836914,-1.9814453125,56.64284484115086
104,llama,0,Llama-3.1-8B,0.9130138637157562,31.45937156677246,-2.619140625,77.20951121163856
104,llama,1,Llama-3.1-8B,0.9244948030974368,37.79412841796875,-2.70703125,77.14118866911579
104,llama,2,Llama-3.1-8B,0.9024141186258979,29.243221282958984,-2.677734375,76.9415372112761
104,llama,3,Llama-3.1-8B,0.9235792787417428,31.405517578125,-2.58984375,77.32956157310083
104,llama,4,Llama-3.1-8B,0.9140077784101689,37.80647659301758,-2.73046875,77.0281384834463
105,llama,0,Llama-3.1-8B,0.8033191501805793,19.959115982055664,-2.986328125,68.89894837791627
105,llama,1,Llama-3.1-8B,0.7806051973159307,21.272533416748047,-3.05078125,66.03870241057506
105,llama,2,Llama-3.1-8B,0.8374616061503433,20.88565444946289,-2.99609375,72.48543728609695
105,llama,3,Llama-3.1-8B,0.7924703013091672,21.595809936523438,-3.025390625,67.61725584761301
105,llama,4,Llama-3.1-8B,0.8023265389412101,20.716115951538086,-3.005859375,68.79586385607253
106,llama,0,Llama-3.1-8B,0.8614628680961925,22.119760513305664,-3.03515625,74.38717367984798
106,llama,1,Llama-3.1-8B,0.8374260859609243,18.80406379699707,-2.8671875,72.52905492347615
106,llama,2,Llama-3.1-8B,0.9114256981511565,18.69870948791504,-2.900390625,76.53527380301395
106,llama,3,Llama-3.1-8B,0.8796254849769065,25.23250961303711,-3.19140625,75.30852192847932
106,llama,4,Llama-3.1-8B,0.8613778457166873,18.729507446289062,-2.896484375,74.38651114495194
107,llama,0,Llama-3.1-8B,0.9071146245059288,30.482038497924805,-3.234375,76.30782718403098
107,llama,1,Llama-3.1-8B,0.9104743083003952,23.096908569335938,-3.009765625,76.60272268587059
107,llama,2,Llama-3.1-8B,0.9256632146403745,31.059894561767578,-3.3125,76.3631784831535
107,llama,3,Llama-3.1-8B,0.8727391314597647,29.949676513671875,-3.29296875,74.81861083267783
107,llama,4,Llama-3.1-8B,0.9012735109717869,21.58137321472168,-2.92578125,76.4364889799929
108,llama,0,Llama-3.1-8B,0.929203340103814,28.686065673828125,-3.302734375,76.37000394809694
108,llama,1,Llama-3.1-8B,0.8980582524271845,26.174484252929688,-3.3046875,75.84839559016801
108,llama,2,Llama-3.1-8B,0.9490328189524018,29.10208511352539,-3.341796875,76.05029686267626
108,llama,3,Llama-3.1-8B,0.9203517587939699,34.939815521240234,-3.55859375,75.66363768520512
108,llama,4,Llama-3.1-8B,0.9262273901808786,24.382827758789062,-3.16796875,76.5417182223378
109,llama,0,Llama-3.1-8B,0.9565217391304348,24.724470138549805,-3.201171875,76.05862450660261
109,llama,1,Llama-3.1-8B,0.9415291947037117,24.779531478881836,-3.236328125,76.32207729832454
109,llama,2,Llama-3.1-8B,0.93714228835913,25.51019859313965,-3.23046875,76.41097809663913
109,llama,3,Llama-3.1-8B,0.9328492894927912,22.80682373046875,-3.138671875,76.52131807638587
109,llama,4,Llama-3.1-8B,0.9482530757401,24.88254165649414,-3.23046875,76.2172345918636
110,llama,0,Llama-3.1-8B,0.9299527942744024,33.59275436401367,-3.537109375,75.77545311090967
110,llama,1,Llama-3.1-8B,0.9251127769982013,31.556718826293945,-3.431640625,76.07333450981407
110,llama,2,Llama-3.1-8B,0.9646464646464646,30.559341430664062,-3.482421875,75.23438979165864
110,llama,3,Llama-3.1-8B,0.9658536585365853,25.922107696533203,-3.283203125,75.59992443059531
110,llama,4,Llama-3.1-8B,0.9418938307030129,29.86231803894043,-3.439453125,75.949083410959
111,llama,0,Llama-3.1-8B,0.9204179728317659,32.1600227355957,-2.771484375,77.188705900812
111,llama,1,Llama-3.1-8B,0.9247109457635774,33.35247039794922,-2.79296875,77.1822229823497
111,llama,2,Llama-3.1-8B,0.9234623698172529,32.42056655883789,-2.73828125,77.23387517326942
111,llama,3,Llama-3.1-8B,0.917990662727505,29.6065673828125,-2.63671875,77.25882490499468
111,llama,4,Llama-3.1-8B,0.9222319365288968,32.3576774597168,-2.615234375,77.306948363597
112,llama,0,Llama-3.1-8B,0.9813084112149533,27.301822662353516,-3.15625,75.1624478938767
112,llama,1,Llama-3.1-8B,0.9670798898071625,24.05634880065918,-3.07421875,75.89292830331259
112,llama,2,Llama-3.1-8B,0.981651376146789,27.768428802490234,-3.2109375,75.04634461502272
112,llama,3,Llama-3.1-8B,0.9650675360968793,29.345603942871094,-3.3046875,75.64880847736552
112,llama,4,Llama-3.1-8B,0.9388418127356178,27.69345474243164,-3.193359375,76.5218327809424
113,llama,0,Llama-3.1-8B,0.9311758617944431,23.41547393798828,-3.1171875,76.59334840127575
113,llama,1,Llama-3.1-8B,0.9302471284371737,20.89080238342285,-2.994140625,76.67614705749736
113,llama,2,Llama-3.1-8B,0.8965256277949776,21.16265296936035,-2.990234375,76.18295047354638
113,llama,3,Llama-3.1-8B,0.905688622754491,20.579360961914062,-3.01171875,76.37773404159279
113,llama,4,Llama-3.1-8B,0.9332635044141853,22.682403564453125,-3.083984375,76.60985019696598
114,llama,0,Llama-3.1-8B,0.9719626168224299,45.9109001159668,-2.99609375,75.33020012292984
114,llama,1,Llama-3.1-8B,0.9739583333333334,44.76848220825195,-3.064453125,75.220286393583
114,llama,2,Llama-3.1-8B,0.9817351598173516,58.933929443359375,-3.236328125,73.00182269150628
114,llama,3,Llama-3.1-8B,0.9738219895287958,48.50040054321289,-3.04296875,74.94636946945955
114,llama,4,Llama-3.1-8B,0.9693365054189796,61.89805603027344,-3.1875,73.31646092659507
115,llama,0,Llama-3.1-8B,0.9015716823834905,25.15795135498047,-2.4375,76.91485010032498
115,llama,1,Llama-3.1-8B,0.8983397672191101,25.926929473876953,-2.306640625,76.83248984366647
115,llama,2,Llama-3.1-8B,0.8944751542803662,22.798553466796875,-2.30859375,76.59186684332538
115,llama,3,Llama-3.1-8B,0.9055815168490408,26.35257339477539,-2.369140625,77.05118783799331
115,llama,4,Llama-3.1-8B,0.9064552367784307,22.520503997802734,-2.244140625,76.9050911696028
116,llama,0,Llama-3.1-8B,0.97265625,30.819499969482422,-2.509765625,76.31698960504217
116,llama,1,Llama-3.1-8B,0.9715122114419539,38.197410583496094,-2.783203125,76.07323215374414
116,llama,2,Llama-3.1-8B,0.9721115537848606,30.50389289855957,-2.462890625,76.34961568883688
116,llama,3,Llama-3.1-8B,0.9645669291338582,36.81555938720703,-2.72265625,76.46342220573338
116,llama,4,Llama-3.1-8B,0.9595141700404858,34.69104766845703,-2.61328125,76.76693260859226
117,llama,0,Llama-3.1-8B,0.8847635035054804,30.228065490722656,-2.34375,76.39628694952361
117,llama,1,Llama-3.1-8B,0.894002263296869,33.82371139526367,-2.4921875,76.74687577347721
117,llama,2,Llama-3.1-8B,0.89800796812749,31.684518814086914,-2.4296875,76.9075446375178
117,llama,3,Llama-3.1-8B,0.9047677648465244,31.012432098388672,-2.421875,77.09660673574837
117,llama,4,Llama-3.1-8B,0.8911151588747217,32.926849365234375,-2.46875,76.65533290387825
118,llama,0,Llama-3.1-8B,0.9199362041467305,25.182266235351562,-3.048828125,76.74642289321179
118,llama,1,Llama-3.1-8B,0.9123387785607516,18.772972106933594,-2.8046875,76.65966382239274
118,llama,2,Llama-3.1-8B,0.8727972783694367,25.331701278686523,-3.025390625,75.237240402794
118,llama,3,Llama-3.1-8B,0.8849769864475746,20.949199676513672,-2.87890625,75.8686745642406
118,llama,4,Llama-3.1-8B,0.8542463539998051,22.842927932739258,-2.99609375,73.96417739826875
119,llama,0,Llama-3.1-8B,0.8859229812737228,20.742448806762695,-3.037109375,75.68372138177875
119,llama,1,Llama-3.1-8B,0.9174976915974147,23.723711013793945,-3.177734375,76.44290808191612
119,llama,2,Llama-3.1-8B,0.8826493387333738,18.943035125732422,-2.9453125,75.56424470511065
119,llama,3,Llama-3.1-8B,0.8922814408050973,24.93181800842285,-3.2421875,75.74871678510267
119,llama,4,Llama-3.1-8B,0.8861421037288315,19.41007423400879,-2.94140625,75.7560001609927
120,llama,0,Llama-3.1-8B,0.9443711180124224,17.082412719726562,-2.853515625,76.48086465324319
120,llama,1,Llama-3.1-8B,0.9363463860617561,14.166522026062012,-2.69921875,76.50648108043843
120,llama,2,Llama-3.1-8B,0.9414549251653324,17.584619522094727,-2.82421875,76.59232868104844
120,llama,3,Llama-3.1-8B,0.9358510268012531,20.192419052124023,-2.966796875,76.64610381916683
120,llama,4,Llama-3.1-8B,0.9594723242214063,21.10919761657715,-2.990234375,76.17155034684227
121,llama,0,Llama-3.1-8B,0.8537262958672258,23.284025192260742,-2.390625,74.36358101274737
121,llama,1,Llama-3.1-8B,0.8568109982392662,23.109346389770508,-2.392578125,74.58400414269633
121,llama,2,Llama-3.1-8B,0.8704304040749958,22.97477912902832,-2.4453125,75.47406816122411
121,llama,3,Llama-3.1-8B,0.8388855917364078,20.866209030151367,-2.24609375,73.00183836961884
121,llama,4,Llama-3.1-8B,0.8679238902587234,22.753786087036133,-2.306640625,75.3023753124161
122,llama,0,Llama-3.1-8B,0.9134108706149099,14.427923202514648,-2.658203125,76.48213635797585
122,llama,1,Llama-3.1-8B,0.9208694791701026,16.14668083190918,-2.794921875,76.59210712911464
122,llama,2,Llama-3.1-8B,0.9174722866718226,18.596372604370117,-2.919921875,76.59002417513521
122,llama,3,Llama-3.1-8B,0.8943289010114785,15.282187461853027,-2.748046875,76.00378575805725
122,llama,4,Llama-3.1-8B,0.8975444087457289,15.157004356384277,-2.7421875,76.10663048291251
123,llama,0,Llama-3.1-8B,0.9137103281543537,27.038673400878906,-3.291015625,76.26204767832617
123,llama,1,Llama-3.1-8B,0.9427609427609428,33.46108627319336,-3.513671875,75.72746476494405
123,llama,2,Llama-3.1-8B,0.9288659152739991,21.959991455078125,-3.08203125,76.59459021851507
123,llama,3,Llama-3.1-8B,0.9128519416316011,24.380891799926758,-3.201171875,76.35977456047749
123,llama,4,Llama-3.1-8B,0.9330066739883416,21.54200553894043,-3.044921875,76.62133620171097
124,llama,0,Llama-3.1-8B,0.8634255293214831,26.194988250732422,-3.23828125,74.29978054765084
124,llama,1,Llama-3.1-8B,0.81829274905733,21.535327911376953,-3.068359375,70.5274404939603
124,llama,2,Llama-3.1-8B,0.8463635091814778,24.408706665039062,-3.169921875,73.11526763942477
124,llama,3,Llama-3.1-8B,0.8347263297758348,17.02616310119629,-2.845703125,72.18939386536448
124,llama,4,Llama-3.1-8B,0.8380326557672517,23.398605346679688,-3.126953125,72.44162406312331
125,llama,0,Llama-3.1-8B,0.8491616817923586,35.0184440612793,-3.4296875,72.84125598340052
125,llama,1,Llama-3.1-8B,0.90299430833952,38.51667785644531,-3.529296875,75.33736988043431
125,llama,2,Llama-3.1-8B,0.8799985297245213,29.302459716796875,-3.333984375,75.10737142413532
125,llama,3,Llama-3.1-8B,0.8550153764628525,40.96726608276367,-3.576171875,72.66100549560065
125,llama,4,Llama-3.1-8B,0.9415260821309657,51.685787200927734,-3.8515625,73.55460966924254
126,llama,0,Llama-3.1-8B,0.97268652339659,26.551883697509766,-3.166015625,75.56350143829215
126,llama,1,Llama-3.1-8B,0.9797979797979798,27.143522262573242,-3.205078125,75.14615665004246
126,llama,2,Llama-3.1-8B,0.9416656475480005,28.855989456176758,-3.240234375,76.4081262947192
127,llama,0,Llama-3.1-8B,0.8696251952108276,19.170927047729492,-2.888671875,74.9513720377315
127,llama,1,Llama-3.1-8B,0.8686518085495067,20.125713348388672,-2.95703125,74.86143237537775
127,llama,2,Llama-3.1-8B,0.846882517163275,17.059812545776367,-2.8046875,73.29086315742965
127,llama,3,Llama-3.1-8B,0.8784597850862912,18.262222290039062,-2.837890625,75.44321687919442
127,llama,4,Llama-3.1-8B,0.8883041593966341,17.154521942138672,-2.7890625,75.8735841053231
128,llama,0,Llama-3.1-8B,0.8708893222557637,20.401493072509766,-2.927734375,75.04966158613013
128,llama,1,Llama-3.1-8B,0.7765673472332443,18.431955337524414,-2.8515625,65.6055358813744
128,llama,2,Llama-3.1-8B,0.843307984626305,19.77463150024414,-2.916015625,73.04324735330967
128,llama,3,Llama-3.1-8B,0.8333147779210125,21.833417892456055,-3.021484375,72.11532101714268
128,llama,4,Llama-3.1-8B,0.8500410172272355,23.29022216796875,-3.037109375,73.59846394871765
129,llama,0,Llama-3.1-8B,0.8943165227639606,24.48845863342285,-2.525390625,76.64962842005188
129,llama,1,Llama-3.1-8B,0.9066476036395332,28.890201568603516,-2.654296875,77.05575944167768
129,llama,2,Llama-3.1-8B,0.8934727747794854,27.99541664123535,-2.615234375,76.67889892417199
129,llama,3,Llama-3.1-8B,0.8890891641949712,24.20343589782715,-2.599609375,76.41466055566852
129,llama,4,Llama-3.1-8B,0.9046050287814298,22.653322219848633,-2.62109375,76.84536570078967
130,llama,0,Llama-3.1-8B,0.8422365824401191,20.493515014648438,-3.08984375,72.73514668589614
130,llama,1,Llama-3.1-8B,0.8348240001604014,20.82330894470215,-3.064453125,72.13582324871058
130,llama,2,Llama-3.1-8B,0.8572741328924974,23.632970809936523,-3.24609375,73.772971701993
130,llama,3,Llama-3.1-8B,0.8597013223281866,24.24410629272461,-3.197265625,74.06809323892713
130,llama,4,Llama-3.1-8B,0.8363365540633868,23.086217880249023,-3.15625,72.2216944366006
131,llama,0,Llama-3.1-8B,1.0,49.46692657470703,-1.7783203125,73.36504321699287
131,llama,1,Llama-3.1-8B,1.0,48.41345977783203,-1.810546875,73.50283418224262
131,llama,2,Llama-3.1-8B,1.0,41.0555419921875,-1.3955078125,73.47168632841631
131,llama,3,Llama-3.1-8B,1.0,43.529701232910156,-1.416015625,73.35030808595769
131,llama,4,Llama-3.1-8B,1.0,50.57578659057617,-1.77734375,73.25313320634638
132,llama,0,Llama-3.1-8B,0.7622297242986898,21.084888458251953,-2.9765625,63.62244708193331
132,llama,1,Llama-3.1-8B,0.6779281018370202,16.3544864654541,-2.765625,50.470115751392605
132,llama,2,Llama-3.1-8B,0.6732923254989078,18.694887161254883,-2.87890625,49.762751641144334
132,llama,3,Llama-3.1-8B,0.8575924468922108,26.762096405029297,-3.2265625,73.9368071512903
132,llama,4,Llama-3.1-8B,0.7414805317497808,20.027252197265625,-3.03125,60.44433904409361
133,llama,0,Llama-3.1-8B,0.8193022314898385,30.215375900268555,-3.38671875,70.22474318037177
133,llama,1,Llama-3.1-8B,0.8448668448668448,26.477075576782227,-3.232421875,72.93078467356852
133,llama,2,Llama-3.1-8B,0.865947692796113,28.500991821289062,-3.291015625,74.3978661060452
133,llama,3,Llama-3.1-8B,0.874771667314419,25.77806282043457,-3.150390625,75.14862348670036
133,llama,4,Llama-3.1-8B,0.8942335895824268,26.341650009155273,-3.154296875,76.03591491200514
134,llama,0,Llama-3.1-8B,0.789777906412989,16.537206649780273,-2.701171875,67.33405607850979
134,llama,1,Llama-3.1-8B,0.7907089429770767,18.766563415527344,-2.8359375,67.48280484647967
134,llama,2,Llama-3.1-8B,0.8523132087852652,19.591331481933594,-2.8046875,73.88290181305285
134,llama,3,Llama-3.1-8B,0.856810872214555,19.600656509399414,-2.91015625,74.10206133915422
135,llama,0,Llama-3.1-8B,0.8813688965358701,24.15025520324707,-3.150390625,75.43535517529982
135,llama,1,Llama-3.1-8B,0.8736935419234361,17.087068557739258,-2.798828125,75.14789299793124
135,llama,2,Llama-3.1-8B,0.8652032266269265,21.22633934020996,-2.986328125,74.66374569154455
135,llama,3,Llama-3.1-8B,0.868128029887772,21.268754959106445,-2.9921875,74.84153799823306
135,llama,4,Llama-3.1-8B,0.8934448444162422,24.025272369384766,-3.1171875,76.00100713161765
136,llama,0,Llama-3.1-8B,0.8931278015861288,15.80871295928955,-2.603515625,76.0930337614931
136,llama,1,Llama-3.1-8B,0.939689578713969,25.789209365844727,-3.0625,76.70191128750065
136,llama,2,Llama-3.1-8B,0.8560595355631488,14.667832374572754,-2.59375,73.97133394745565
136,llama,3,Llama-3.1-8B,0.9275136509065556,26.737167358398438,-3.099609375,76.73854732945613
136,llama,4,Llama-3.1-8B,0.9612903225806452,23.69132423400879,-2.994140625,76.22283874972267
137,llama,0,Llama-3.1-8B,0.8361454949872925,24.635456085205078,-3.171875,72.23487144889343
137,llama,1,Llama-3.1-8B,0.7789012291418723,28.689424514770508,-3.275390625,65.63218310460853
137,llama,2,Llama-3.1-8B,0.7564104237012531,22.08182144165039,-3.068359375,62.69805832788323
137,llama,3,Llama-3.1-8B,0.833400816082646,18.10464859008789,-2.8515625,72.1326452461315
137,llama,4,Llama-3.1-8B,0.814501852484099,27.353567123413086,-3.236328125,70.01523024803456
138,llama,0,Llama-3.1-8B,0.7310792741165234,17.945392608642578,-2.7734375,59.04510412676058
138,llama,1,Llama-3.1-8B,0.8003746929239318,13.010438919067383,-2.548828125,68.43876544756219
138,llama,2,Llama-3.1-8B,0.7691399406460122,16.55709457397461,-2.712890625,64.59220151077787
138,llama,3,Llama-3.1-8B,0.7633069086595285,13.414773941040039,-2.576171875,63.610906872075894
138,llama,4,Llama-3.1-8B,0.7302107868635919,13.457056045532227,-2.541015625,58.71521065349316
139,llama,0,Llama-3.1-8B,0.908963825177758,19.424665451049805,-2.9765625,76.43386303895738
139,llama,1,Llama-3.1-8B,0.8955000086372195,19.009410858154297,-2.955078125,76.07596887057733
139,llama,2,Llama-3.1-8B,0.8770927484918433,17.00208854675293,-2.84375,75.28137015694308
139,llama,3,Llama-3.1-8B,0.8771463252090943,18.636993408203125,-2.943359375,75.27346142311754
139,llama,4,Llama-3.1-8B,0.9233669504071058,14.089654922485352,-2.640625,76.56453132214894
140,llama,0,Llama-3.1-8B,0.9587912087912088,35.265953063964844,-2.833984375,76.60997481112152
140,llama,1,Llama-3.1-8B,0.9642857142857143,39.360130310058594,-3.123046875,75.86424071336336
140,llama,2,Llama-3.1-8B,0.9458689458689459,40.623992919921875,-3.0,76.52656560771723
140,llama,3,Llama-3.1-8B,0.9575070821529745,39.270687103271484,-2.9921875,76.3143888245267
140,llama,4,Llama-3.1-8B,0.945054945054945,34.55781555175781,-2.86328125,76.93999946124953
141,llama,0,Llama-3.1-8B,0.8620244700314204,15.606289863586426,-2.6953125,74.40524565072758
141,llama,1,Llama-3.1-8B,0.8914691933421937,14.400732040405273,-2.587890625,75.93007228816069
141,llama,2,Llama-3.1-8B,0.8906633906633906,17.262866973876953,-2.751953125,76.00833872787378
141,llama,3,Llama-3.1-8B,0.8921106367926424,20.767562866210938,-2.9296875,76.08984454151016
141,llama,4,Llama-3.1-8B,0.9174907131271909,20.48294448852539,-2.943359375,76.67132575700798
142,llama,0,Llama-3.1-8B,0.9121831980124162,24.624950408935547,-3.208984375,76.34203244388668
142,llama,1,Llama-3.1-8B,0.8747182381326075,22.10906219482422,-3.109375,75.07903516789793
142,llama,2,Llama-3.1-8B,0.875903158282353,23.645723342895508,-3.185546875,75.06942770580524
142,llama,3,Llama-3.1-8B,0.9329401440995285,23.278114318847656,-3.16796875,76.48628371319344
142,llama,4,Llama-3.1-8B,0.8985886513276898,21.13486671447754,-3.03515625,76.17944902963355
143,llama,0,Llama-3.1-8B,0.9042594629341063,22.22956657409668,-2.43359375,76.86942599298717
143,llama,1,Llama-3.1-8B,0.9146935933147632,25.79917335510254,-2.57421875,77.17605748562418
143,llama,2,Llama-3.1-8B,0.9329166007279632,25.064403533935547,-2.623046875,77.20904562787287
143,llama,3,Llama-3.1-8B,0.9200247601361808,26.231203079223633,-2.548828125,77.25615865727625
143,llama,4,Llama-3.1-8B,0.913802599691562,28.696523666381836,-2.591796875,77.21788872493033
144,llama,0,Llama-3.1-8B,0.8399224831034908,38.425350189208984,-3.630859375,71.40001461044072
144,llama,1,Llama-3.1-8B,0.8509574473728735,42.649818420410156,-3.7578125,71.69199296040004
144,llama,2,Llama-3.1-8B,0.8466010166494694,42.844749450683594,-3.728515625,71.4265220604708
144,llama,3,Llama-3.1-8B,0.8564924019873551,40.30489730834961,-3.70703125,72.40803193216945
145,llama,0,Llama-3.1-8B,0.8623733612778893,24.2705135345459,-3.091796875,74.4465034383052
145,llama,1,Llama-3.1-8B,0.8823550064367278,38.931236267089844,-3.587890625,74.39268285341076
145,llama,2,Llama-3.1-8B,0.832152181601938,23.580564498901367,-3.05078125,72.0378958856847
145,llama,3,Llama-3.1-8B,0.88083848573598,41.7491455078125,-3.580078125,74.1963738720003
145,llama,4,Llama-3.1-8B,0.8339205866853477,28.11478614807129,-3.20703125,72.05139494456027
146,llama,0,Llama-3.1-8B,0.8567493910233219,26.498071670532227,-3.24609375,73.82893120259607
146,llama,1,Llama-3.1-8B,0.8481520526241162,28.40118980407715,-3.3125,73.0650415066076
146,llama,2,Llama-3.1-8B,0.8439964520577838,24.71324920654297,-3.201171875,72.86835434798193
146,llama,3,Llama-3.1-8B,0.8631430431951378,20.838958740234375,-2.98828125,74.50599270365977
146,llama,4,Llama-3.1-8B,0.8659209581294027,21.789981842041016,-3.08203125,74.58852817236257
147,llama,0,Llama-3.1-8B,0.7940954984102193,15.745838165283203,-2.73828125,67.78761434384317
147,llama,1,Llama-3.1-8B,0.9172223753100027,16.6215763092041,-2.841796875,76.54548057470247
147,llama,2,Llama-3.1-8B,0.8326610592799625,11.631217956542969,-2.53515625,71.7799616940214
147,llama,3,Llama-3.1-8B,0.8812257825636816,16.819162368774414,-2.8671875,75.45191146400981
147,llama,4,Llama-3.1-8B,0.8908939014202172,13.346714973449707,-2.634765625,75.8000219046837
148,llama,0,Llama-3.1-8B,0.9118761589937918,16.021480560302734,-1.7607421875,76.22755905408249
148,llama,1,Llama-3.1-8B,0.9298245614035088,14.2189302444458,-1.8310546875,76.30334764247205
148,llama,2,Llama-3.1-8B,0.923490488006617,17.06847381591797,-1.9619140625,76.64035483147939
148,llama,3,Llama-3.1-8B,0.9060307990002419,17.09804344177246,-2.015625,76.44747951583867
148,llama,4,Llama-3.1-8B,0.921143199162053,14.359671592712402,-1.740234375,76.18608702646472
149,llama,0,Llama-3.1-8B,0.8831935432821649,18.089935302734375,-2.861328125,75.63818858155315
149,llama,1,Llama-3.1-8B,0.7985716046573369,14.620209693908691,-2.66796875,68.2971977540979
149,llama,2,Llama-3.1-8B,0.856535019977397,16.544403076171875,-2.79296875,74.01011398456357
149,llama,3,Llama-3.1-8B,0.8438908946431964,16.12413787841797,-2.80078125,72.97994029060402
149,llama,4,Llama-3.1-8B,0.864489674933307,16.003238677978516,-2.802734375,74.50933422310784
150,llama,0,Llama-3.1-8B,0.8279357867818847,18.33747100830078,-2.921875,71.54153355520253
150,llama,1,Llama-3.1-8B,0.8513720742534302,18.301115036010742,-2.89453125,73.63356779361555
150,llama,2,Llama-3.1-8B,0.8577908524542092,19.79163360595703,-3.02734375,74.02058044447861
150,llama,3,Llama-3.1-8B,0.8233865038519323,16.89834213256836,-2.849609375,71.07532361454827
150,llama,4,Llama-3.1-8B,0.8340893589815748,21.482114791870117,-3.072265625,72.08911926817419
151,llama,0,Llama-3.1-8B,0.7216398499092208,17.741655349731445,-2.734375,57.59675178207422
151,llama,1,Llama-3.1-8B,0.7566375436013552,17.326129913330078,-2.791015625,62.81189060282336
151,llama,2,Llama-3.1-8B,0.7330416998068401,21.082630157470703,-3.00390625,59.259596414149584
151,llama,3,Llama-3.1-8B,0.7195417918553239,17.23069953918457,-2.787109375,57.187723402020445
152,llama,0,Llama-3.1-8B,0.8951214733542321,24.4796142578125,-3.150390625,76.01635876244653
152,llama,1,Llama-3.1-8B,0.8074534161490683,21.204744338989258,-3.017578125,69.39853601183133
152,llama,2,Llama-3.1-8B,0.841016900354958,19.572797775268555,-2.91796875,72.83241865099984
152,llama,3,Llama-3.1-8B,0.8194962152614846,23.73199462890625,-3.1484375,70.61234507910308
152,llama,4,Llama-3.1-8B,0.8354416140326956,30.5779972076416,-3.30078125,72.01718383669721
153,llama,0,Llama-3.1-8B,0.9027659935516714,37.399593353271484,-3.56640625,75.2695159346741
153,llama,1,Llama-3.1-8B,0.9219584690969633,44.590641021728516,-3.763671875,74.57770861780428
153,llama,2,Llama-3.1-8B,0.9231864620071862,33.34148406982422,-3.498046875,75.87748829240434
153,llama,3,Llama-3.1-8B,0.9132828810020877,36.03950881958008,-3.607421875,75.41243488764417
153,llama,4,Llama-3.1-8B,0.9128963650425368,29.4215030670166,-3.353515625,76.14438434031263
154,llama,0,Llama-3.1-8B,0.9068758870840561,26.943401336669922,-3.216796875,76.29120214204013
154,llama,1,Llama-3.1-8B,0.9388297872340425,27.549293518066406,-3.232421875,76.44021603138422
154,llama,2,Llama-3.1-8B,0.8882014418382397,27.00511932373047,-3.275390625,75.57551305959387
154,llama,3,Llama-3.1-8B,0.9097754010695187,29.605127334594727,-3.296875,76.22216974098816
154,llama,4,Llama-3.1-8B,0.9117250673854447,22.488590240478516,-3.09375,76.46297080601691
155,llama,0,Llama-3.1-8B,0.8866818236209166,17.782699584960938,-2.333984375,76.01400352143445
155,llama,1,Llama-3.1-8B,0.8731541859823931,17.658403396606445,-2.388671875,75.33781189735977
155,llama,2,Llama-3.1-8B,0.8644365811720127,20.266733169555664,-2.400390625,74.96825961747682
155,llama,3,Llama-3.1-8B,0.8669090459340087,18.027114868164062,-2.310546875,74.97923499017375
155,llama,4,Llama-3.1-8B,0.8768942147272815,13.861435890197754,-2.115234375,75.16679354884481
156,llama,0,Llama-3.1-8B,0.9498903801189539,15.004898071289062,-2.69140625,76.36026679672663
156,llama,1,Llama-3.1-8B,0.950510259931534,16.740957260131836,-2.837890625,76.34737843759368
156,llama,2,Llama-3.1-8B,0.9312650785479939,14.257975578308105,-2.64453125,76.58021691477565
156,llama,3,Llama-3.1-8B,0.9460449172255248,15.498044967651367,-2.75,76.43499743963436
156,llama,4,Llama-3.1-8B,0.9870967741935484,15.713781356811523,-2.73828125,74.81433573292377
157,llama,0,Llama-3.1-8B,0.8085658268539859,22.508888244628906,-3.078125,69.491647441604
157,llama,1,Llama-3.1-8B,0.7744705785427631,16.466629028320312,-2.724609375,65.30684154015657
157,llama,2,Llama-3.1-8B,0.7575715584916192,20.039670944213867,-2.943359375,62.94492876691529
157,llama,3,Llama-3.1-8B,0.7368250331576783,18.135149002075195,-2.8125,59.901372588910974
157,llama,4,Llama-3.1-8B,0.732208317387889,14.365044593811035,-2.58203125,59.08183476338965
158,llama,0,Llama-3.1-8B,0.7909245414728127,22.533979415893555,-3.041015625,67.44426969068368
158,llama,1,Llama-3.1-8B,0.8162357408183777,19.111888885498047,-2.87109375,70.44837703030075
158,llama,2,Llama-3.1-8B,0.8064669150800539,21.264013290405273,-2.984375,69.33766505705609
158,llama,3,Llama-3.1-8B,0.8661511282297293,24.715560913085938,-3.095703125,74.70223942227685
158,llama,4,Llama-3.1-8B,0.839885382234491,21.9538516998291,-2.96484375,72.79937027192348
159,llama,0,Llama-3.1-8B,0.8297132259443899,18.00840950012207,-2.240234375,71.97982258840504
159,llama,1,Llama-3.1-8B,0.7707782278624888,14.850334167480469,-2.23046875,64.76471448144625
159,llama,2,Llama-3.1-8B,0.8519723219854459,21.756938934326172,-2.443359375,74.15988212105268
159,llama,3,Llama-3.1-8B,0.7419726255435327,15.739645004272461,-2.30078125,60.69526457390004
159,llama,4,Llama-3.1-8B,0.7751456122690819,19.626062393188477,-2.271484375,65.70160732107519
160,llama,0,Llama-3.1-8B,0.8290398444529652,23.336801528930664,-2.333984375,72.22712161504718
160,llama,1,Llama-3.1-8B,0.8091536681573055,20.056203842163086,-2.26953125,69.95926877003231
160,llama,2,Llama-3.1-8B,0.8128060778983807,20.375225067138672,-2.322265625,70.39762606349097
160,llama,3,Llama-3.1-8B,0.8106398688583929,17.695968627929688,-2.205078125,69.95572321797759
160,llama,4,Llama-3.1-8B,0.8039764627828291,16.967695236206055,-2.21484375,69.14924666503202
161,llama,0,Llama-3.1-8B,0.8300697970429388,18.24909019470215,-2.1875,72.00744996738133
161,llama,1,Llama-3.1-8B,0.8488312597697144,22.32182502746582,-2.33984375,73.93661978971456
161,llama,2,Llama-3.1-8B,0.8541334746421939,18.322053909301758,-2.31640625,74.12025317408533
161,llama,3,Llama-3.1-8B,0.8736329153446922,16.68413734436035,-2.1328125,75.21465146185434
161,llama,4,Llama-3.1-8B,0.8310452022098518,18.827516555786133,-2.208984375,72.14743188812058
162,llama,0,Llama-3.1-8B,0.89480021893815,29.44768524169922,-2.896484375,76.50789182696505
162,llama,1,Llama-3.1-8B,0.9290841643782821,34.06178665161133,-3.01953125,76.89765820452749
162,llama,2,Llama-3.1-8B,0.9170737602727528,32.41062545776367,-3.046875,76.81416941755522
162,llama,3,Llama-3.1-8B,0.9048123358468186,33.62370681762695,-2.97265625,76.69420000792856
162,llama,4,Llama-3.1-8B,0.9038838120104439,34.52138900756836,-3.005859375,76.60839344792602
163,llama,0,Llama-3.1-8B,0.9153464226924636,21.630691528320312,-2.4453125,77.05044981100939
163,llama,1,Llama-3.1-8B,0.876686580449079,22.59667205810547,-2.509765625,75.79860906459484
163,llama,2,Llama-3.1-8B,0.8638353066191646,25.895313262939453,-2.54296875,75.14774885437345
163,llama,3,Llama-3.1-8B,0.8885908214437485,24.03449058532715,-2.498046875,76.4213041782146
163,llama,4,Llama-3.1-8B,0.8922056998777782,22.86039161682129,-2.47265625,76.51937111284495
164,llama,0,Llama-3.1-8B,0.9418896709975503,19.522274017333984,-2.896484375,76.62839000342942
164,llama,1,Llama-3.1-8B,0.9404941584213763,16.775794982910156,-2.78125,76.59120172515594
164,llama,2,Llama-3.1-8B,0.9166127507092022,16.044450759887695,-2.744140625,76.58831148359843
164,llama,3,Llama-3.1-8B,0.9372435632658681,16.585161209106445,-2.75,76.64253883174766
164,llama,4,Llama-3.1-8B,0.927797833935018,19.03230857849121,-2.900390625,76.69809357968235
165,llama,0,Llama-3.1-8B,0.874761085527094,21.730531692504883,-3.04296875,75.17405051441669
165,llama,1,Llama-3.1-8B,0.8744490877559674,23.74996566772461,-3.146484375,75.06851240278424
165,llama,2,Llama-3.1-8B,0.8884494542080686,25.27858543395996,-3.185546875,75.7243905391012
165,llama,3,Llama-3.1-8B,0.8104643027901942,22.42593002319336,-3.0390625,69.76505561769876
165,llama,4,Llama-3.1-8B,0.9098883572567783,25.430078506469727,-3.20703125,76.33185767040798
166,llama,0,Llama-3.1-8B,0.8886063250534266,19.560503005981445,-3.015625,75.76391542738564
166,llama,1,Llama-3.1-8B,0.8547033941882688,31.245637893676758,-3.3828125,73.42709171191547
166,llama,2,Llama-3.1-8B,0.7702636653827483,28.995676040649414,-3.388671875,64.20397445505273
166,llama,3,Llama-3.1-8B,0.7550900333862405,32.12595748901367,-3.39453125,62.05139025163237
166,llama,4,Llama-3.1-8B,0.8135655417952915,22.066965103149414,-3.103515625,69.98470956200974
167,llama,0,Llama-3.1-8B,0.8341094961490887,22.77382469177246,-2.546875,72.66899745553897
167,llama,1,Llama-3.1-8B,0.8390464905425001,24.719024658203125,-2.568359375,73.18595659104241
167,llama,2,Llama-3.1-8B,0.8232613417818687,29.854337692260742,-2.857421875,71.57720173663044
167,llama,3,Llama-3.1-8B,0.8133406092796986,24.89887809753418,-2.6484375,70.6000161677265
168,llama,0,Llama-3.1-8B,0.8660721465686513,20.121715545654297,-2.91796875,74.75179486213992
168,llama,1,Llama-3.1-8B,0.8664831974387456,26.699647903442383,-3.2265625,74.53448804146198
168,llama,2,Llama-3.1-8B,0.8869992954423522,24.4344425201416,-3.158203125,75.68744478376259
168,llama,3,Llama-3.1-8B,0.8632205818554696,30.754253387451172,-3.38671875,74.01612940136064
168,llama,4,Llama-3.1-8B,0.8596535804952895,24.86398696899414,-3.18359375,74.11356248677451
169,llama,0,Llama-3.1-8B,0.8211879724757584,16.325471878051758,-2.75390625,70.90071410960823
169,llama,1,Llama-3.1-8B,0.7568589219748343,18.492435455322266,-2.80859375,62.90404862311368
169,llama,2,Llama-3.1-8B,0.7997455863840709,25.521657943725586,-3.18359375,68.38786474058207
169,llama,3,Llama-3.1-8B,0.8103285160216076,17.405973434448242,-2.775390625,69.78725556959716
169,llama,4,Llama-3.1-8B,0.7239170128335758,14.820103645324707,-2.623046875,57.81363454873798
170,llama,0,Llama-3.1-8B,0.9499403678362941,21.51497459411621,-2.6015625,76.82842725736958
170,llama,1,Llama-3.1-8B,0.9834254143646409,23.314697265625,-2.7109375,75.49803678090446
170,llama,2,Llama-3.1-8B,0.9437596302003082,25.141124725341797,-2.83984375,76.92229699979634
170,llama,3,Llama-3.1-8B,0.9710982658959537,24.199628829956055,-2.740234375,76.13810175205651
170,llama,4,Llama-3.1-8B,0.959936216862667,18.53916358947754,-2.564453125,76.3909173826632
171,llama,0,Llama-3.1-8B,0.9404462151394423,17.472877502441406,-2.8359375,76.58659647626764
171,llama,1,Llama-3.1-8B,0.8962619034019046,18.04483985900879,-2.87109375,76.14508578684281
171,llama,2,Llama-3.1-8B,0.8931733765609448,18.803388595581055,-2.921875,76.02510569892713
171,llama,3,Llama-3.1-8B,0.9152470223011703,18.799083709716797,-2.87890625,76.62548994517023
171,llama,4,Llama-3.1-8B,0.9361640108822386,17.965673446655273,-2.888671875,76.60785161765398
172,llama,0,Llama-3.1-8B,0.8456484643411643,23.417402267456055,-3.146484375,73.0622231685484
172,llama,1,Llama-3.1-8B,0.8740975671745167,27.08008575439453,-3.287109375,74.86645429014547
172,llama,2,Llama-3.1-8B,0.9030092756046246,21.921335220336914,-3.11328125,76.21440790093149
172,llama,3,Llama-3.1-8B,0.858600753329669,23.981130599975586,-3.150390625,74.07107940522519
172,llama,4,Llama-3.1-8B,0.8623778007354131,30.220687866210938,-3.451171875,73.79491136396302
173,llama,0,Llama-3.1-8B,0.8701902018712018,22.512434005737305,-3.08984375,74.8722812501361
173,llama,1,Llama-3.1-8B,0.8135264198193995,19.41238784790039,-2.955078125,70.06776841378907
173,llama,2,Llama-3.1-8B,0.8749187216292479,20.40187644958496,-2.974609375,75.2155333993622
173,llama,3,Llama-3.1-8B,0.8869992169739637,24.563339233398438,-3.166015625,75.67725818669926
173,llama,4,Llama-3.1-8B,0.7958090851889854,31.0827693939209,-3.376953125,67.5748864048681
174,llama,0,Llama-3.1-8B,0.9031896039710235,28.38930320739746,-3.35546875,75.92453059336967
174,llama,1,Llama-3.1-8B,0.8611919203598715,21.544479370117188,-3.1015625,74.23111684708667
174,llama,2,Llama-3.1-8B,0.8837813663395059,23.856033325195312,-3.16015625,75.51956697944738
174,llama,3,Llama-3.1-8B,0.9348645746330987,20.033798217773438,-3.001953125,76.59458473877586
174,llama,4,Llama-3.1-8B,0.9025938741930016,23.344697952270508,-3.1953125,76.1137884279479
175,llama,0,Llama-3.1-8B,0.7779657096596987,16.810483932495117,-2.6796875,65.83303738025617
175,llama,1,Llama-3.1-8B,0.8242217746835883,12.061891555786133,-2.3984375,71.01213448438992
175,llama,2,Llama-3.1-8B,0.6972324623069626,12.291621208190918,-2.40625,53.41930750191382
175,llama,3,Llama-3.1-8B,0.7492677824267783,17.854801177978516,-2.76171875,61.796971692034624
176,llama,0,Llama-3.1-8B,0.8970223276899726,16.63873291015625,-2.21484375,76.28943450620513
176,llama,1,Llama-3.1-8B,0.9082225045020228,18.196863174438477,-2.337890625,76.72850024485241
176,llama,2,Llama-3.1-8B,0.9239022971794126,16.720861434936523,-2.291015625,76.81323238595284
176,llama,3,Llama-3.1-8B,0.8947188378511151,17.01139259338379,-2.32421875,76.2720998750379
176,llama,4,Llama-3.1-8B,0.8766869462159264,18.010700225830078,-2.30078125,75.54207743332772
177,llama,0,Llama-3.1-8B,0.5819002624671916,20.58359146118164,-3.013671875,35.599257611888994
177,llama,1,Llama-3.1-8B,0.6779035433070866,23.97430419921875,-3.08984375,50.475801609091675
177,llama,2,Llama-3.1-8B,0.6675579322638147,27.924827575683594,-3.359375,48.360156270383534
177,llama,3,Llama-3.1-8B,0.6655574303212097,19.322032928466797,-2.998046875,48.39378174123774
177,llama,4,Llama-3.1-8B,0.7418064110057097,26.13823890686035,-3.2265625,60.4003809171881
178,llama,0,Llama-3.1-8B,0.9469090326713645,24.05783462524414,-2.515625,77.03629874066392
178,llama,1,Llama-3.1-8B,0.9331050507521096,23.677377700805664,-2.521484375,77.19673843795863
178,llama,2,Llama-3.1-8B,0.9575217343457687,21.95625877380371,-2.484375,76.68138993961567
178,llama,3,Llama-3.1-8B,0.9532849125123803,20.492006301879883,-2.419921875,76.73448186242355
178,llama,4,Llama-3.1-8B,0.9430088495575222,25.451610565185547,-2.537109375,77.14849050844417
179,llama,0,Llama-3.1-8B,0.9398425064924185,35.220298767089844,-3.556640625,75.61667101788939
179,llama,1,Llama-3.1-8B,0.9326999826479264,24.533000946044922,-3.13671875,76.59437688687983
179,llama,2,Llama-3.1-8B,0.9366843727457539,23.37485694885254,-3.12890625,76.53532648072733
179,llama,3,Llama-3.1-8B,0.9157036265833768,29.9141788482666,-3.375,76.13699236409254
179,llama,4,Llama-3.1-8B,0.9496376475913466,32.006980895996094,-3.525390625,75.57548306935203
180,llama,0,Llama-3.1-8B,0.8087046044582376,26.965290069580078,-1.5498046875,69.50010368746538
180,llama,1,Llama-3.1-8B,0.8927851175042186,35.70832061767578,-1.630859375,76.07878527352885
180,llama,2,Llama-3.1-8B,0.8904376973923661,32.41769790649414,-1.8984375,76.36581214789493
180,llama,3,Llama-3.1-8B,0.8927851175042186,35.13259506225586,-1.5908203125,76.0365139294911
180,llama,4,Llama-3.1-8B,0.8336571640919466,36.979087829589844,-1.6171875,72.1296377387027
181,llama,0,Llama-3.1-8B,0.8277216443607237,15.779619216918945,-2.8125,71.46649386252273
181,llama,1,Llama-3.1-8B,0.8074711604862742,15.7491455078125,-2.75390625,69.36476399607508
181,llama,2,Llama-3.1-8B,0.7771174681513411,15.226048469543457,-2.720703125,65.57450114706198
181,llama,3,Llama-3.1-8B,0.8308936206804529,15.851603507995605,-2.798828125,71.79245064539235
181,llama,4,Llama-3.1-8B,0.7877364646105519,16.540042877197266,-2.861328125,66.92975353857246
182,llama,0,Llama-3.1-8B,0.9326508526644672,32.72166442871094,-2.953125,76.99874915323265
182,llama,1,Llama-3.1-8B,0.877880503055881,37.184261322021484,-2.94140625,75.62321933386552
182,llama,2,Llama-3.1-8B,0.9206267806267806,31.865238189697266,-2.828125,77.13767438014145
182,llama,3,Llama-3.1-8B,0.9120427875549323,34.30241012573242,-2.98046875,76.82022189382504
182,llama,4,Llama-3.1-8B,0.9041833810888252,36.22288131713867,-2.9296875,76.68097203856847
183,llama,0,Llama-3.1-8B,0.8306408339355087,20.05221176147461,-3.02734375,71.75916906560813
183,llama,1,Llama-3.1-8B,0.855615247215375,21.510799407958984,-3.08984375,73.85442136332796
183,llama,2,Llama-3.1-8B,0.8806181545246398,23.28624153137207,-3.25,75.1664380274047
183,llama,3,Llama-3.1-8B,0.8284959647835658,24.579017639160156,-3.23828125,71.37825959606525
183,llama,4,Llama-3.1-8B,0.8602647526137316,17.340991973876953,-2.875,74.24455443637261
184,llama,0,Llama-3.1-8B,0.7742932395609032,29.849590301513672,-3.3203125,64.9251733338749
184,llama,1,Llama-3.1-8B,0.756148839667748,28.304441452026367,-3.27734375,62.458097389491705
184,llama,2,Llama-3.1-8B,0.7756951512542926,26.130632400512695,-3.18359375,65.34001577845258
184,llama,3,Llama-3.1-8B,0.7635391170494417,31.986331939697266,-3.41796875,63.20366302333947
184,llama,4,Llama-3.1-8B,0.8085405472931316,33.94829559326172,-3.41796875,68.95172962351316
185,llama,0,Llama-3.1-8B,0.9379084967320261,36.060546875,-3.544921875,75.65096257901396
185,llama,1,Llama-3.1-8B,0.956081081081081,30.59644889831543,-3.384765625,75.77558928333234
185,llama,2,Llama-3.1-8B,0.944227702122439,34.14208984375,-3.51171875,75.69845928070903
185,llama,3,Llama-3.1-8B,0.8996715611871243,30.579740524291992,-3.423828125,75.67886269764871
185,llama,4,Llama-3.1-8B,0.9229608196920546,28.13500213623047,-3.353515625,76.23278990883178
186,llama,0,Llama-3.1-8B,0.7998197397041327,38.87168884277344,-3.6015625,67.28604988728509
186,llama,1,Llama-3.1-8B,0.8002126671723245,28.18309211730957,-3.2890625,68.28662067658355
186,llama,2,Llama-3.1-8B,0.7768948267312403,33.770694732666016,-3.384765625,65.1084238444124
186,llama,3,Llama-3.1-8B,0.8137774816788809,33.036136627197266,-3.419921875,69.5419541041059
186,llama,4,Llama-3.1-8B,0.7967975613929371,25.672178268432617,-3.119140625,68.15693732478874
187,llama,0,Llama-3.1-8B,0.8149245647969052,35.822593688964844,-3.55859375,69.2414380685468
187,llama,1,Llama-3.1-8B,0.7772774301209846,35.25926971435547,-3.533203125,64.74179898646773
187,llama,2,Llama-3.1-8B,0.8240970624567703,31.40694808959961,-3.455078125,70.54819184293571
187,llama,3,Llama-3.1-8B,0.8457734046775144,38.36202621459961,-3.619140625,71.9361163218429
187,llama,4,Llama-3.1-8B,0.8410328997973398,31.094228744506836,-3.439453125,72.18262013349099
188,llama,0,Llama-3.1-8B,0.9031375171855061,22.95151710510254,-3.076171875,76.32873261176587
188,llama,1,Llama-3.1-8B,0.8819046027220487,21.80105972290039,-3.095703125,75.45762100519886
188,llama,2,Llama-3.1-8B,0.8948069092022071,22.13713264465332,-3.05078125,76.08081418115921
188,llama,3,Llama-3.1-8B,0.8811168518442756,22.63783836364746,-3.091796875,75.46554977232613
188,llama,4,Llama-3.1-8B,0.876293047517712,23.533578872680664,-3.134765625,75.18165763496694
189,llama,0,Llama-3.1-8B,0.854212870080438,21.9108943939209,-3.05078125,73.83481190940459
189,llama,1,Llama-3.1-8B,0.8933539922777217,16.67083168029785,-2.736328125,76.08068709525477
189,llama,2,Llama-3.1-8B,0.8790661252319517,19.53194236755371,-2.892578125,75.4912481006824
189,llama,3,Llama-3.1-8B,0.89607950177411,19.917203903198242,-2.958984375,76.14408895137441
189,llama,4,Llama-3.1-8B,0.8329623701939182,17.314189910888672,-2.79296875,72.09811408749633
190,llama,0,Llama-3.1-8B,0.9089388488784917,41.018028259277344,-3.697265625,74.85351548700295
190,llama,1,Llama-3.1-8B,0.8598351246361017,44.25881576538086,-3.69921875,72.42403494396228
190,llama,2,Llama-3.1-8B,0.817542811741039,29.041976928710938,-3.349609375,70.11816581516618
190,llama,3,Llama-3.1-8B,0.9179774462470941,45.616844177246094,-3.755859375,74.4912010190301
190,llama,4,Llama-3.1-8B,0.8447503938648863,38.53527069091797,-3.6328125,71.80301215720617
191,llama,0,Llama-3.1-8B,0.9127578448658179,24.77035140991211,-3.099609375,76.56111213869079
191,llama,1,Llama-3.1-8B,0.9554945710535736,27.344694137573242,-3.244140625,76.07367267568264
191,llama,2,Llama-3.1-8B,0.9524772085956154,29.28306007385254,-3.3046875,76.0547648199034
191,llama,3,Llama-3.1-8B,0.9307182593846416,27.092090606689453,-3.216796875,76.52193488359367
191,llama,4,Llama-3.1-8B,0.9427977427977429,28.94689178466797,-3.322265625,76.21218084330891
192,llama,0,Llama-3.1-8B,0.8821575450806706,23.04477310180664,-3.162109375,75.40678134984753
192,llama,1,Llama-3.1-8B,0.8515074424410554,22.508983612060547,-3.09765625,73.57900919035917
192,llama,2,Llama-3.1-8B,0.8835340665046089,26.450063705444336,-3.234375,75.44491386562304
192,llama,3,Llama-3.1-8B,0.8374562190217955,26.0266056060791,-3.2734375,72.18940913545624
192,llama,4,Llama-3.1-8B,0.8840095192365719,25.50494956970215,-3.228515625,75.45234385884143
193,llama,0,Llama-3.1-8B,0.7859678988326847,50.2598876953125,-3.875,63.84539348991851
193,llama,1,Llama-3.1-8B,0.7532216634395886,43.27337646484375,-3.763671875,60.30048655215865
193,llama,2,Llama-3.1-8B,0.3556887834996197,35.60553741455078,-3.5078125,14.613602079059207
193,llama,3,Llama-3.1-8B,0.5421056807362742,34.25547409057617,-3.5703125,29.360044640957774
193,llama,4,Llama-3.1-8B,0.68837530984246,45.86819076538086,-3.841796875,49.736733269978906
194,llama,0,Llama-3.1-8B,0.8812104707844837,21.18440055847168,-3.037109375,75.48957361327504
194,llama,1,Llama-3.1-8B,0.8997119808638133,24.441730499267578,-3.158203125,76.14699140331291
194,llama,2,Llama-3.1-8B,0.8896967498438959,25.269786834716797,-3.20703125,75.73215021283482
194,llama,3,Llama-3.1-8B,0.8814354382741922,22.389589309692383,-3.072265625,75.50262865200995
194,llama,4,Llama-3.1-8B,0.9163111394245927,24.541019439697266,-3.150390625,76.51174716487755
195,llama,0,Llama-3.1-8B,0.9117018343298311,29.886213302612305,-3.37109375,76.08658371832227
195,llama,1,Llama-3.1-8B,0.8884892599451196,31.943021774291992,-3.435546875,75.25233663500791
195,llama,2,Llama-3.1-8B,0.8685006439140597,32.742767333984375,-3.458984375,74.16226945624346
195,llama,3,Llama-3.1-8B,0.9041124414367516,30.57769775390625,-3.431640625,75.78010185412059
195,llama,4,Llama-3.1-8B,0.8960688663137089,34.27299880981445,-3.529296875,75.25762046966237
196,llama,0,Llama-3.1-8B,0.7424882462451092,25.94976806640625,-3.23046875,60.48967336892836
196,llama,1,Llama-3.1-8B,0.7651035812573309,16.32040786743164,-2.732421875,63.99772228915137
196,llama,2,Llama-3.1-8B,0.73623466726915,24.907493591308594,-3.1640625,59.6421066856271
196,llama,3,Llama-3.1-8B,0.7775608025879231,19.754806518554688,-2.923828125,65.73400229081373
196,llama,4,Llama-3.1-8B,0.8595434562205426,25.992170333862305,-3.205078125,74.09835071043449
197,llama,0,Llama-3.1-8B,0.9745454545454545,28.150663375854492,-2.767578125,76.06140193498824
197,llama,1,Llama-3.1-8B,0.9563380658271169,24.925601959228516,-2.63671875,76.78449238179073
197,llama,2,Llama-3.1-8B,0.9528985507246377,28.76349449157715,-2.638671875,76.96986055194928
197,llama,3,Llama-3.1-8B,0.9675090252707581,27.851037979125977,-2.837890625,76.30327884327706
197,llama,4,Llama-3.1-8B,0.9705882352941176,25.53989028930664,-2.728515625,76.21533241407107
198,llama,0,Llama-3.1-8B,0.9326147613041318,30.332712173461914,-3.38671875,76.17650792350172
198,llama,1,Llama-3.1-8B,0.9030322511518268,28.709274291992188,-3.28515625,76.08608254274053
198,llama,2,Llama-3.1-8B,0.8920652407736647,20.040502548217773,-3.05078125,75.87265809072728
198,llama,3,Llama-3.1-8B,0.9097174590319728,27.916227340698242,-3.31640625,76.15471490425492
198,llama,4,Llama-3.1-8B,0.9312415826447785,34.111351013183594,-3.541015625,75.75279608754622
199,llama,0,Llama-3.1-8B,0.8800569212540317,19.327295303344727,-2.98046875,75.41380454748597
199,llama,1,Llama-3.1-8B,0.9203430092691838,19.726335525512695,-2.974609375,76.61265095800938
199,llama,2,Llama-3.1-8B,0.9241907212650108,20.760526657104492,-3.017578125,76.63033248370859
199,llama,3,Llama-3.1-8B,0.9375,24.560625076293945,-3.169921875,76.49656506460983
199,llama,4,Llama-3.1-8B,0.9426751592356688,19.4412899017334,-2.986328125,76.49298082512212
0,mistral,0,Mistral-7B-v0.3,0.8403371889992579,22.490020751953125,-3.0546875,72.72945584420097
0,mistral,1,Mistral-7B-v0.3,0.12562352059693574,22.820039749145508,-3.017578125,11.768158539133497
0,mistral,2,Mistral-7B-v0.3,0.8486831217935413,25.445924758911133,-3.08203125,73.49594929274912
0,mistral,3,Mistral-7B-v0.3,0.8725667826763148,21.78040313720703,-2.912109375,75.23858641140625
0,mistral,4,Mistral-7B-v0.3,0.8806319478609848,20.808578491210938,-2.904296875,75.62709734111175
1,mistral,0,Mistral-7B-v0.3,0.9236528177704649,20.417118072509766,-2.302734375,77.04859063023584
1,mistral,1,Mistral-7B-v0.3,0.9143005396430054,18.7728271484375,-2.361328125,76.87452443803602
1,mistral,2,Mistral-7B-v0.3,0.9135980897323112,18.865219116210938,-2.330078125,76.86549811452058
1,mistral,3,Mistral-7B-v0.3,0.9125570153210402,19.9245662689209,-2.345703125,76.91507439781793
1,mistral,4,Mistral-7B-v0.3,0.9077157139752228,19.939716339111328,-2.3828125,76.82939917447194
2,mistral,0,Mistral-7B-v0.3,0.9739583333333334,29.575468063354492,-2.41015625,76.26087032848994
2,mistral,1,Mistral-7B-v0.3,0.96875,33.914894104003906,-2.5,76.47126310022793
2,mistral,2,Mistral-7B-v0.3,0.9583333333333334,29.339651107788086,-2.42578125,76.88021716826333
2,mistral,3,Mistral-7B-v0.3,0.9675675675675676,27.35403823852539,-2.400390625,76.51208760181868
2,mistral,4,Mistral-7B-v0.3,0.9679144385026738,36.6693115234375,-2.46484375,76.44761778102503
3,mistral,0,Mistral-7B-v0.3,0.9403274772308764,21.77874755859375,-2.42578125,77.05915528532877
3,mistral,1,Mistral-7B-v0.3,0.9131272236535394,19.40424346923828,-2.234375,76.86419099046046
3,mistral,2,Mistral-7B-v0.3,0.9588984574395972,21.8634033203125,-2.390625,76.63929338689016
3,mistral,3,Mistral-7B-v0.3,0.9272894280257191,20.037607192993164,-2.353515625,77.0456579251514
3,mistral,4,Mistral-7B-v0.3,0.9289584179872681,24.020042419433594,-2.53125,77.2213568459081
4,mistral,0,Mistral-7B-v0.3,0.8461940786274376,40.33662033081055,-3.6875,71.67022438589768
4,mistral,1,Mistral-7B-v0.3,0.9014460840383487,27.844026565551758,-3.33984375,75.90546714616697
4,mistral,2,Mistral-7B-v0.3,0.9201410073893296,37.0781135559082,-3.66015625,75.30202383076744
4,mistral,3,Mistral-7B-v0.3,0.9057939522583092,37.100799560546875,-3.626953125,75.17714688583663
5,mistral,0,Mistral-7B-v0.3,0.9490889603429796,35.51285171508789,-3.447265625,75.7460408046113
5,mistral,1,Mistral-7B-v0.3,0.9688473520249221,39.74153518676758,-3.587890625,74.56108716873563
5,mistral,2,Mistral-7B-v0.3,0.9617140449142275,41.10035705566406,-3.650390625,74.5812559624293
5,mistral,3,Mistral-7B-v0.3,0.9427061383097649,35.65426254272461,-3.451171875,75.85341007145522
5,mistral,4,Mistral-7B-v0.3,0.9552121149258376,40.136497497558594,-3.52734375,75.19979069206583
6,mistral,0,Mistral-7B-v0.3,0.9270344315316486,28.350955963134766,-2.537109375,77.33650259532469
6,mistral,1,Mistral-7B-v0.3,0.9334282414961265,26.05735206604004,-2.447265625,77.28819312764256
6,mistral,2,Mistral-7B-v0.3,0.9270344315316486,29.192947387695312,-2.587890625,77.32923608888655
6,mistral,3,Mistral-7B-v0.3,0.9285671136461019,28.126949310302734,-2.560546875,77.32529710942264
6,mistral,4,Mistral-7B-v0.3,0.3204344200895325,29.224464416503906,-2.658203125,14.845349063159347
7,mistral,0,Mistral-7B-v0.3,0.8875732222921473,26.672040939331055,-3.16015625,75.77578257919986
7,mistral,1,Mistral-7B-v0.3,0.8557766653533301,26.731908798217773,-3.220703125,73.8164615337933
7,mistral,2,Mistral-7B-v0.3,0.8145265773844856,22.665348052978516,-3.0859375,70.14743911643585
7,mistral,3,Mistral-7B-v0.3,0.8571477770884947,24.30570411682129,-3.166015625,73.95013736539138
7,mistral,4,Mistral-7B-v0.3,0.8384082660519607,25.684825897216797,-3.234375,72.3478389089223
8,mistral,0,Mistral-7B-v0.3,0.8954155344293125,26.25263214111328,-3.26171875,75.85869085579658
8,mistral,1,Mistral-7B-v0.3,0.8899034803155913,24.449838638305664,-3.150390625,75.82219799860121
8,mistral,2,Mistral-7B-v0.3,0.8843709039211416,26.944293975830078,-3.251953125,75.45832994247556
8,mistral,3,Mistral-7B-v0.3,0.86441487741739,26.45643424987793,-3.25390625,74.33864273167114
8,mistral,4,Mistral-7B-v0.3,0.8855214401262261,26.137367248535156,-3.216796875,75.5625236406981
9,mistral,0,Mistral-7B-v0.3,0.8759595746703446,18.807283401489258,-2.95703125,75.20262175773865
9,mistral,1,Mistral-7B-v0.3,0.8534839325485205,23.820409774780273,-3.228515625,73.53761312572249
9,mistral,2,Mistral-7B-v0.3,0.8699988880199379,17.867115020751953,-2.953125,74.80930002184857
9,mistral,3,Mistral-7B-v0.3,0.8549645037704392,19.29198455810547,-2.94921875,73.89806143772677
10,mistral,0,Mistral-7B-v0.3,0.9037344324003141,40.62276077270508,-3.57421875,75.12875492302838
10,mistral,1,Mistral-7B-v0.3,0.9231335558324086,37.75804138183594,-3.552734375,75.61509972054264
10,mistral,2,Mistral-7B-v0.3,0.9122731610579097,37.058589935302734,-3.5,75.67038545489969
10,mistral,3,Mistral-7B-v0.3,0.9361813426329556,45.581966400146484,-3.705078125,74.67188780710944
10,mistral,4,Mistral-7B-v0.3,0.9496603821494319,38.938907623291016,-3.54296875,75.35589565326663
11,mistral,0,Mistral-7B-v0.3,0.11773675981437066,20.587339401245117,-3.025390625,11.62329336751896
11,mistral,1,Mistral-7B-v0.3,0.9135463357797589,22.16351890563965,-3.076171875,76.5068674816693
11,mistral,2,Mistral-7B-v0.3,0.9379309416074122,22.983686447143555,-3.12890625,76.50637455766457
11,mistral,3,Mistral-7B-v0.3,0.9417585021922028,19.957988739013672,-3.04296875,76.45143390235187
11,mistral,4,Mistral-7B-v0.3,0.9402801794351301,21.951364517211914,-3.09375,76.49328325185706
12,mistral,0,Mistral-7B-v0.3,0.9025203798369613,31.01683235168457,-2.150390625,76.96616984912718
12,mistral,1,Mistral-7B-v0.3,0.9408284023668639,30.917957305908203,-2.583984375,77.2528129238326
12,mistral,2,Mistral-7B-v0.3,0.9030760123861206,31.246009826660156,-2.29296875,77.03900398482732
12,mistral,3,Mistral-7B-v0.3,0.9087557357344609,30.008113861083984,-2.22265625,77.14310059432648
12,mistral,4,Mistral-7B-v0.3,0.9019583417297159,33.27906036376953,-2.337890625,77.00584417978484
13,mistral,0,Mistral-7B-v0.3,0.8451218327619829,23.704965591430664,-3.09765625,73.11752509389011
13,mistral,1,Mistral-7B-v0.3,0.8284791952772477,21.861968994140625,-3.12109375,71.48948365661155
13,mistral,2,Mistral-7B-v0.3,0.8421879395951406,22.67652702331543,-3.171875,72.69114448116822
13,mistral,3,Mistral-7B-v0.3,0.8120486019805675,16.99628448486328,-2.84765625,69.8793428072253
13,mistral,4,Mistral-7B-v0.3,0.8333925003612304,22.89698028564453,-3.087890625,72.06444401112658
14,mistral,0,Mistral-7B-v0.3,0.8174333267877526,22.39927101135254,-3.087890625,70.44497456824938
14,mistral,1,Mistral-7B-v0.3,0.17446937186207745,19.39628791809082,-2.982421875,11.859623641390893
14,mistral,2,Mistral-7B-v0.3,0.8597247240372644,23.768495559692383,-3.19921875,74.04770456692556
14,mistral,3,Mistral-7B-v0.3,0.845954551698938,26.300092697143555,-3.287109375,72.89933120607837
15,mistral,0,Mistral-7B-v0.3,0.896330340765723,24.191356658935547,-2.626953125,76.66743167330326
15,mistral,1,Mistral-7B-v0.3,0.883482024856218,22.70205307006836,-2.48828125,76.14525111324161
15,mistral,2,Mistral-7B-v0.3,0.8833138403270793,25.703285217285156,-2.5859375,76.21958865870057
15,mistral,3,Mistral-7B-v0.3,0.9015677675492403,24.89508628845215,-2.556640625,76.88171767992509
15,mistral,4,Mistral-7B-v0.3,0.8911480205766439,24.308183670043945,-2.578125,76.50891116707975
16,mistral,0,Mistral-7B-v0.3,0.9022839905192847,29.576631546020508,-3.302734375,76.03677218138958
16,mistral,1,Mistral-7B-v0.3,0.8290014277879351,23.603490829467773,-3.06640625,71.71148420120085
16,mistral,2,Mistral-7B-v0.3,0.8441173784620654,31.05731773376465,-3.404296875,72.5352992709716
16,mistral,3,Mistral-7B-v0.3,0.8702140380416945,29.742456436157227,-3.296875,74.66137510621465
16,mistral,4,Mistral-7B-v0.3,0.9177530017152659,28.8646183013916,-3.27734375,76.37587757900627
17,mistral,0,Mistral-7B-v0.3,0.8798189833030304,18.574695587158203,-2.447265625,75.75132421041849
17,mistral,1,Mistral-7B-v0.3,0.8803127459579557,16.416154861450195,-2.416015625,75.63141933143346
17,mistral,2,Mistral-7B-v0.3,0.8868774138962859,17.07608413696289,-2.376953125,75.97960889656574
17,mistral,3,Mistral-7B-v0.3,0.87356519577186,19.413522720336914,-2.44921875,75.47090283083594
17,mistral,4,Mistral-7B-v0.3,0.8785732895679319,18.874977111816406,-2.47265625,75.7041889214559
18,mistral,0,Mistral-7B-v0.3,0.9640718562874252,28.151201248168945,-3.3359375,75.59944671990407
18,mistral,1,Mistral-7B-v0.3,0.9759766338079591,29.32332992553711,-3.419921875,74.89042926538879
18,mistral,2,Mistral-7B-v0.3,0.9316535307698431,37.24327087402344,-3.619140625,75.44424194431728
18,mistral,3,Mistral-7B-v0.3,0.9752329192546584,32.100799560546875,-3.49609375,74.73398790752061
18,mistral,4,Mistral-7B-v0.3,0.9182998530132288,32.381324768066406,-3.46875,75.92875443859187
19,mistral,0,Mistral-7B-v0.3,0.8823895667053433,18.02309226989746,-2.853515625,75.60470476721484
19,mistral,1,Mistral-7B-v0.3,0.7869105454074362,17.92310905456543,-2.8828125,66.89470576369652
19,mistral,2,Mistral-7B-v0.3,0.8525264023271991,21.176700592041016,-3.05078125,73.67058325307154
19,mistral,3,Mistral-7B-v0.3,0.9236271596786619,19.769041061401367,-3.017578125,76.57257534225928
19,mistral,4,Mistral-7B-v0.3,0.7973097612542183,20.30452537536621,-2.921875,68.28935385461759
20,mistral,0,Mistral-7B-v0.3,0.9176434536121965,20.935697555541992,-2.916015625,76.73266611613046
20,mistral,1,Mistral-7B-v0.3,0.9224950997348091,22.249155044555664,-2.9921875,76.73476566549859
20,mistral,2,Mistral-7B-v0.3,0.9090057567606201,22.171201705932617,-3.021484375,76.51542867613428
20,mistral,3,Mistral-7B-v0.3,0.910252904989747,18.01734733581543,-2.869140625,76.5072342947133
20,mistral,4,Mistral-7B-v0.3,0.9188044831880449,25.047271728515625,-3.146484375,76.56335375500096
21,mistral,0,Mistral-7B-v0.3,0.9199165608561581,15.366842269897461,-1.814453125,76.34307080305057
21,mistral,1,Mistral-7B-v0.3,0.9100758396533045,17.188207626342773,-1.96875,76.49828685041086
21,mistral,2,Mistral-7B-v0.3,0.9314176245210728,16.374055862426758,-2.0,76.6275109557984
21,mistral,3,Mistral-7B-v0.3,0.9070379103936151,13.741850852966309,-1.751953125,75.94630587048776
21,mistral,4,Mistral-7B-v0.3,0.9159924083508141,17.07550811767578,-2.0,76.60979401689741
22,mistral,0,Mistral-7B-v0.3,0.8503487792725462,15.01688289642334,-2.671875,73.52426605179323
22,mistral,1,Mistral-7B-v0.3,0.8665579620969727,14.932525634765625,-2.666015625,74.66875714723139
22,mistral,2,Mistral-7B-v0.3,0.8687050523602352,16.946054458618164,-2.798828125,74.84624788525366
22,mistral,3,Mistral-7B-v0.3,0.8328016503332843,12.945918083190918,-2.498046875,71.91577958509973
22,mistral,4,Mistral-7B-v0.3,0.8450314287409787,14.30402660369873,-2.619140625,73.06844614803843
23,mistral,0,Mistral-7B-v0.3,0.9813084112149533,36.26118469238281,-3.607421875,74.03123483244623
23,mistral,1,Mistral-7B-v0.3,0.9532892446919596,37.18864059448242,-3.576171875,75.2397778050377
23,mistral,2,Mistral-7B-v0.3,0.9553980099502487,40.43449020385742,-3.68359375,74.71749135876175
23,mistral,3,Mistral-7B-v0.3,0.1645968524511312,33.91461181640625,-3.521484375,11.007918074400939
24,mistral,0,Mistral-7B-v0.3,0.8892943950662072,12.21297550201416,-2.015625,75.53534292877306
24,mistral,1,Mistral-7B-v0.3,0.14577487152667512,6.669795036315918,-1.7216796875,10.590233591396093
24,mistral,2,Mistral-7B-v0.3,0.8968020891305278,12.462079048156738,-2.091796875,75.88659771399938
24,mistral,3,Mistral-7B-v0.3,0.8690658788506146,10.5610933303833,-1.80859375,74.16335523748205
24,mistral,4,Mistral-7B-v0.3,0.12165450121654499,5.900094985961914,-1.6064453125,10.27395588544548
25,mistral,0,Mistral-7B-v0.3,0.9426751592356688,15.906235694885254,-2.734375,76.53659817700361
25,mistral,1,Mistral-7B-v0.3,0.95,17.378664016723633,-2.775390625,76.464420985987
25,mistral,2,Mistral-7B-v0.3,0.38594294911919874,9.433428764343262,-2.193359375,16.364809401260864
26,mistral,0,Mistral-7B-v0.3,0.9694656488549618,33.399314880371094,-3.517578125,74.9290505635635
26,mistral,1,Mistral-7B-v0.3,0.984,36.958473205566406,-3.662109375,73.69327642816916
26,mistral,2,Mistral-7B-v0.3,0.9269063180827887,34.00566864013672,-3.48828125,75.90537676472576
26,mistral,3,Mistral-7B-v0.3,0.9526349206349206,29.6901912689209,-3.36328125,75.91824131757262
26,mistral,4,Mistral-7B-v0.3,0.9624060150375939,37.4487190246582,-3.49609375,75.16924795540798
27,mistral,0,Mistral-7B-v0.3,0.7892581801500208,27.43934440612793,-3.189453125,67.13352824813025
27,mistral,1,Mistral-7B-v0.3,0.3269825922822493,47.65581512451172,-3.712890625,12.26308354302783
27,mistral,2,Mistral-7B-v0.3,0.8957590084751313,32.6979866027832,-3.427734375,75.53924789028098
27,mistral,3,Mistral-7B-v0.3,0.9024578730984246,29.784481048583984,-3.2890625,76.07361307150568
27,mistral,4,Mistral-7B-v0.3,0.9137753673525209,45.2160530090332,-3.736328125,74.53303069128575
28,mistral,0,Mistral-7B-v0.3,0.9123353412960766,18.467226028442383,-2.248046875,76.7987940588247
28,mistral,1,Mistral-7B-v0.3,0.9263732077552679,16.68808364868164,-2.1015625,76.73095274138943
28,mistral,2,Mistral-7B-v0.3,0.9133022629648433,19.376829147338867,-2.28125,76.8808882041546
28,mistral,3,Mistral-7B-v0.3,0.9274458485780341,16.86133575439453,-2.251953125,76.819339128015
28,mistral,4,Mistral-7B-v0.3,0.9044159183852772,18.632211685180664,-2.205078125,76.62971174929368
29,mistral,0,Mistral-7B-v0.3,0.9139035304963768,23.387834548950195,-2.453125,77.10950766962006
29,mistral,1,Mistral-7B-v0.3,0.9228591800356506,27.5196475982666,-2.6953125,77.23108622614426
29,mistral,2,Mistral-7B-v0.3,0.9305788646474333,23.004581451416016,-2.4453125,77.19259995433323
29,mistral,3,Mistral-7B-v0.3,0.9289473684210526,21.081043243408203,-2.47265625,77.10105687117986
29,mistral,4,Mistral-7B-v0.3,0.9134500622991673,23.371397018432617,-2.515625,77.09117977736852
30,mistral,0,Mistral-7B-v0.3,0.9820359281437125,19.524497985839844,-2.94140625,75.1488341715049
30,mistral,1,Mistral-7B-v0.3,0.9854014598540146,29.006572723388672,-3.287109375,74.6902963316913
30,mistral,2,Mistral-7B-v0.3,0.9921875,30.16770362854004,-3.373046875,74.07989635025847
30,mistral,3,Mistral-7B-v0.3,0.9923664122137404,28.306671142578125,-3.275390625,74.2731259857017
30,mistral,4,Mistral-7B-v0.3,0.9918032786885246,29.76334571838379,-3.302734375,74.26637725224748
31,mistral,0,Mistral-7B-v0.3,0.8780535859983793,24.540891647338867,-3.15625,75.27275588200553
31,mistral,1,Mistral-7B-v0.3,0.8997004417328774,22.35004234313965,-3.076171875,76.20630563919578
31,mistral,2,Mistral-7B-v0.3,0.8814699899586054,18.733205795288086,-2.85546875,75.6040983191049
31,mistral,3,Mistral-7B-v0.3,0.8654846330884691,24.341445922851562,-3.15234375,74.544833577798
31,mistral,4,Mistral-7B-v0.3,0.8670137269572434,20.422304153442383,-2.94921875,74.78732007909058
32,mistral,0,Mistral-7B-v0.3,0.939607941693893,41.84791564941406,-3.6484375,75.07229214371374
32,mistral,1,Mistral-7B-v0.3,0.9322898750143332,47.53217697143555,-3.798828125,74.22881659599678
32,mistral,2,Mistral-7B-v0.3,0.8314221077418781,36.58646011352539,-3.51171875,71.0318661694621
32,mistral,3,Mistral-7B-v0.3,0.9337351818364477,52.94908905029297,-3.798828125,73.67602721825058
32,mistral,4,Mistral-7B-v0.3,0.9694656488549618,43.17241668701172,-3.75390625,73.82257619386837
33,mistral,0,Mistral-7B-v0.3,0.9736842105263158,35.956478118896484,-2.75,76.07687646083694
33,mistral,1,Mistral-7B-v0.3,0.9707317073170731,36.19949722290039,-2.806640625,76.1546742886247
33,mistral,2,Mistral-7B-v0.3,0.9642857142857143,38.844425201416016,-2.83984375,76.29095260061843
33,mistral,3,Mistral-7B-v0.3,0.9690721649484536,32.83902359008789,-2.775390625,76.32037084969606
33,mistral,4,Mistral-7B-v0.3,0.9585492227979274,35.421966552734375,-2.8359375,76.61201358277746
34,mistral,0,Mistral-7B-v0.3,0.9374815165316142,33.64282989501953,-3.51953125,75.7770759528464
34,mistral,1,Mistral-7B-v0.3,0.9472049689440993,31.936861038208008,-3.48046875,75.75085451969478
34,mistral,2,Mistral-7B-v0.3,0.9498432601880877,33.206790924072266,-3.517578125,75.58249701784521
34,mistral,3,Mistral-7B-v0.3,0.9345071051925999,25.599096298217773,-3.255859375,76.38256671724822
34,mistral,4,Mistral-7B-v0.3,0.9398544131028207,33.577476501464844,-3.505859375,75.78851806746326
35,mistral,0,Mistral-7B-v0.3,0.8602718149937189,24.34151268005371,-3.21484375,74.07601153047024
35,mistral,1,Mistral-7B-v0.3,0.8672473416046546,25.3148136138916,-3.203125,74.59127369269419
35,mistral,2,Mistral-7B-v0.3,0.8651572433909633,26.034381866455078,-3.236328125,74.41242714420564
35,mistral,3,Mistral-7B-v0.3,0.8705799491513777,23.748600006103516,-3.169921875,74.80301371664383
35,mistral,4,Mistral-7B-v0.3,0.838116167414842,24.123870849609375,-3.14453125,72.44557135625597
36,mistral,0,Mistral-7B-v0.3,0.8815106158177444,11.712151527404785,-2.453125,75.31014188917612
36,mistral,1,Mistral-7B-v0.3,0.8996007243569133,12.567428588867188,-2.525390625,76.07626620156567
36,mistral,2,Mistral-7B-v0.3,0.8872104892880739,12.288530349731445,-2.525390625,75.60534138322677
36,mistral,3,Mistral-7B-v0.3,0.8661037267201975,10.618919372558594,-2.404296875,74.35313925699097
36,mistral,4,Mistral-7B-v0.3,0.879485751292762,10.433735847473145,-2.390625,75.09744377883827
37,mistral,0,Mistral-7B-v0.3,0.15760625928693156,28.883398056030273,-2.607421875,12.47282326764648
37,mistral,1,Mistral-7B-v0.3,0.10505334404038086,28.366989135742188,-2.578125,12.298554839146009
37,mistral,2,Mistral-7B-v0.3,0.18786027073377845,26.06981658935547,-2.49609375,12.63512300665525
37,mistral,3,Mistral-7B-v0.3,0.1571378321846691,27.54855728149414,-2.396484375,12.49478193196134
38,mistral,0,Mistral-7B-v0.3,0.8449982380271057,18.155702590942383,-2.443359375,73.39539208929047
38,mistral,1,Mistral-7B-v0.3,0.8634818496454509,17.102519989013672,-2.36328125,74.70492065404292
38,mistral,2,Mistral-7B-v0.3,0.12190523443314312,15.540380477905273,-2.25390625,11.74301088262917
38,mistral,3,Mistral-7B-v0.3,0.8820632070888862,16.545948028564453,-2.345703125,75.72115736447653
38,mistral,4,Mistral-7B-v0.3,0.879991869155956,16.55485725402832,-2.3828125,75.62468604706696
39,mistral,0,Mistral-7B-v0.3,0.9343885228646056,26.733400344848633,-2.388671875,77.30069866496866
39,mistral,1,Mistral-7B-v0.3,0.9278123702781237,29.816368103027344,-2.58203125,77.33769309943405
39,mistral,2,Mistral-7B-v0.3,0.9495412844036697,32.36270523071289,-2.51171875,77.11349629226913
39,mistral,3,Mistral-7B-v0.3,0.925,27.71664047241211,-2.416015625,77.34060728356236
39,mistral,4,Mistral-7B-v0.3,0.9509958388882156,28.045085906982422,-2.494140625,77.06066844870054
40,mistral,0,Mistral-7B-v0.3,0.8184126012144917,22.12340545654297,-3.0390625,70.61600657819197
40,mistral,1,Mistral-7B-v0.3,0.7215130336855354,16.673376083374023,-2.736328125,57.50180491845111
40,mistral,2,Mistral-7B-v0.3,0.7903950844328741,20.02432632446289,-2.880859375,67.46877264389607
40,mistral,3,Mistral-7B-v0.3,0.7888905436017433,16.459877014160156,-2.73046875,67.19450333767242
40,mistral,4,Mistral-7B-v0.3,0.7702582539478346,16.49302101135254,-2.7109375,64.74343873180514
41,mistral,0,Mistral-7B-v0.3,0.886226590431984,21.199413299560547,-2.306640625,76.19128800136035
41,mistral,1,Mistral-7B-v0.3,0.8615760313108961,21.38197898864746,-2.296875,74.82349361568718
41,mistral,2,Mistral-7B-v0.3,0.9098481989957333,24.351804733276367,-2.62109375,77.02821235246165
41,mistral,3,Mistral-7B-v0.3,0.8918078119599031,20.987672805786133,-2.3828125,76.417878361906
41,mistral,4,Mistral-7B-v0.3,0.8782740033282685,21.05661964416504,-2.296875,75.80399800841174
42,mistral,0,Mistral-7B-v0.3,0.9388399909726924,40.854278564453125,-3.6171875,75.23268217359931
42,mistral,1,Mistral-7B-v0.3,0.9280682439232225,35.922813415527344,-3.474609375,75.90094321471433
42,mistral,2,Mistral-7B-v0.3,0.9225111833513934,39.87617874145508,-3.615234375,75.3380929036478
42,mistral,3,Mistral-7B-v0.3,0.942451104544815,36.63390350341797,-3.552734375,75.55293800617025
42,mistral,4,Mistral-7B-v0.3,0.9218509789117353,43.878116607666016,-3.765625,74.62233554006306
43,mistral,0,Mistral-7B-v0.3,0.9142182873169252,29.305185317993164,-2.697265625,77.17185702357415
43,mistral,1,Mistral-7B-v0.3,0.3370982406406313,27.1390380859375,-2.7890625,15.252560630913312
43,mistral,2,Mistral-7B-v0.3,0.14081097811814067,29.192655563354492,-2.70703125,12.344279405783652
43,mistral,3,Mistral-7B-v0.3,0.9484624570831468,29.45101547241211,-2.734375,77.02001232899833
43,mistral,4,Mistral-7B-v0.3,0.9603146509341198,27.2792911529541,-2.755859375,76.63990043126621
44,mistral,0,Mistral-7B-v0.3,0.9226525401397822,36.933536529541016,-2.765625,77.11676120561256
44,mistral,1,Mistral-7B-v0.3,0.918603841870824,32.194515228271484,-2.734375,77.20354690248072
44,mistral,2,Mistral-7B-v0.3,0.9084753756643427,35.45165252685547,-2.912109375,76.82098228592031
44,mistral,3,Mistral-7B-v0.3,0.9097185446726187,36.518924713134766,-2.849609375,76.88899392494977
44,mistral,4,Mistral-7B-v0.3,0.9190719766167337,37.00322723388672,-3.0234375,76.77879717750521
45,mistral,0,Mistral-7B-v0.3,0.9591836734693877,48.67257308959961,-3.740234375,73.8125149141688
45,mistral,1,Mistral-7B-v0.3,0.9492678725236865,54.15497970581055,-3.83984375,73.17696197027404
45,mistral,2,Mistral-7B-v0.3,0.9794871794871794,62.567100524902344,-4.01953125,70.31411431819862
45,mistral,3,Mistral-7B-v0.3,0.9581151832460733,47.5773811340332,-3.77734375,73.82575551306239
45,mistral,4,Mistral-7B-v0.3,0.9571428571428572,42.670196533203125,-3.580078125,74.84672383086402
46,mistral,0,Mistral-7B-v0.3,0.8727845175180633,27.326635360717773,-3.203125,74.97447509342204
46,mistral,1,Mistral-7B-v0.3,0.8228529483728896,31.46772003173828,-3.330078125,70.72986681368126
46,mistral,2,Mistral-7B-v0.3,0.845146023469239,20.520776748657227,-2.990234375,73.13935921821312
46,mistral,3,Mistral-7B-v0.3,0.8832102522874914,46.23326110839844,-3.72265625,73.55494164380504
46,mistral,4,Mistral-7B-v0.3,0.853121299940144,31.8752384185791,-3.375,73.32583805369134
47,mistral,0,Mistral-7B-v0.3,0.9309886212501848,13.068294525146484,-1.9755859375,76.3500056318388
47,mistral,1,Mistral-7B-v0.3,0.9262273901808786,13.970942497253418,-1.982421875,76.43406885737437
47,mistral,2,Mistral-7B-v0.3,0.917312661498708,13.218472480773926,-1.994140625,76.32524898889592
47,mistral,3,Mistral-7B-v0.3,0.9288676236044657,13.087800979614258,-1.908203125,76.29338389657178
47,mistral,4,Mistral-7B-v0.3,0.9536622473375354,15.09822940826416,-2.083984375,76.2526463467933
48,mistral,0,Mistral-7B-v0.3,0.8384533399688476,25.846763610839844,-3.326171875,72.15545154977566
48,mistral,1,Mistral-7B-v0.3,0.8864409406971079,30.778949737548828,-3.4921875,75.01804674652423
48,mistral,2,Mistral-7B-v0.3,0.9106634933534568,25.681243896484375,-3.337890625,76.0696824701864
48,mistral,3,Mistral-7B-v0.3,0.9051114830092634,25.274843215942383,-3.283203125,76.06447257865307
48,mistral,4,Mistral-7B-v0.3,0.8268127331904422,24.591644287109375,-3.263671875,71.15951149059669
49,mistral,0,Mistral-7B-v0.3,0.11754706013534016,10.362743377685547,-2.35546875,11.319918236696955
49,mistral,1,Mistral-7B-v0.3,0.28779163430722166,12.125186920166016,-2.505859375,13.165686776694498
49,mistral,2,Mistral-7B-v0.3,0.21714535152331318,11.266728401184082,-2.455078125,11.98908554371355
49,mistral,3,Mistral-7B-v0.3,0.7981563572452947,10.920312881469727,-2.412109375,68.01315186943613
49,mistral,4,Mistral-7B-v0.3,0.08119708779137785,15.2880220413208,-2.70703125,11.558250007603068
50,mistral,0,Mistral-7B-v0.3,0.8259320420958353,22.25360679626465,-3.109375,71.27762878356623
50,mistral,1,Mistral-7B-v0.3,0.8267989919767761,22.28399658203125,-3.083984375,71.40893494976073
50,mistral,2,Mistral-7B-v0.3,0.8221602796597386,19.74295425415039,-3.025390625,70.90226476647167
50,mistral,3,Mistral-7B-v0.3,0.8285527152241337,18.26705551147461,-2.87109375,71.65848197711738
50,mistral,4,Mistral-7B-v0.3,0.8290150696932754,20.632543563842773,-3.0234375,71.64059321640251
51,mistral,0,Mistral-7B-v0.3,0.8936263736263735,21.57908821105957,-3.08984375,75.94742632508495
51,mistral,1,Mistral-7B-v0.3,0.8823798500936054,23.203725814819336,-3.15625,75.43512972188647
51,mistral,2,Mistral-7B-v0.3,0.8900992387205918,24.347143173217773,-3.2109375,75.70880831498582
51,mistral,3,Mistral-7B-v0.3,0.8783913818440183,25.26002311706543,-3.2109375,75.20787739552782
51,mistral,4,Mistral-7B-v0.3,0.8853990101023799,22.116374969482422,-3.095703125,75.6337364271229
52,mistral,0,Mistral-7B-v0.3,0.9481799797775531,20.225568771362305,-3.0390625,76.35716943510116
52,mistral,1,Mistral-7B-v0.3,0.13904006046863193,20.807655334472656,-3.06640625,11.638506124910716
52,mistral,2,Mistral-7B-v0.3,0.9607635893011217,22.55282211303711,-3.158203125,75.91863047186982
52,mistral,3,Mistral-7B-v0.3,0.9663426144407739,20.378931045532227,-3.001953125,75.86420568350482
52,mistral,4,Mistral-7B-v0.3,0.12133332439440649,25.521154403686523,-3.279296875,11.370360317258925
53,mistral,0,Mistral-7B-v0.3,0.906047517342231,25.06922149658203,-2.48828125,77.01886437429924
53,mistral,1,Mistral-7B-v0.3,0.900392022564366,21.438756942749023,-2.40234375,76.72775047564345
53,mistral,2,Mistral-7B-v0.3,0.8942138748636002,27.723421096801758,-2.615234375,76.70038890960413
53,mistral,3,Mistral-7B-v0.3,0.9159838289559367,25.10675048828125,-2.51171875,77.19135347694032
53,mistral,4,Mistral-7B-v0.3,0.9236116681372156,27.94052505493164,-2.65234375,77.269948302158
54,mistral,0,Mistral-7B-v0.3,0.9390944323103964,60.49614334106445,-3.373046875,73.93201994725557
54,mistral,1,Mistral-7B-v0.3,0.9298324112117621,55.96040725708008,-3.201171875,74.95600096594876
54,mistral,2,Mistral-7B-v0.3,0.9366478717824596,56.026302337646484,-3.2578125,74.79230899047795
54,mistral,3,Mistral-7B-v0.3,0.9438352826510721,61.73448944091797,-3.248046875,73.98091847285542
54,mistral,4,Mistral-7B-v0.3,0.9440949171255527,60.61652755737305,-3.353515625,73.89040458949948
55,mistral,0,Mistral-7B-v0.3,0.9010460251046025,21.09607696533203,-2.921875,76.4103365389465
55,mistral,1,Mistral-7B-v0.3,0.8760387165043104,19.405027389526367,-2.845703125,75.37881142697724
55,mistral,2,Mistral-7B-v0.3,0.9272466039707418,22.19057273864746,-2.982421875,76.76097946708747
55,mistral,3,Mistral-7B-v0.3,0.922670849355731,21.177614212036133,-2.994140625,76.68012293810023
55,mistral,4,Mistral-7B-v0.3,0.871243255653771,18.54574966430664,-2.810546875,75.09308219176368
56,mistral,0,Mistral-7B-v0.3,0.880226421661494,30.2254638671875,-3.376953125,75.0236322593659
56,mistral,1,Mistral-7B-v0.3,0.9120332415711806,32.88257598876953,-3.47265625,75.83041235760682
56,mistral,2,Mistral-7B-v0.3,0.8853430378655145,36.6827507019043,-3.560546875,74.69350620890154
56,mistral,3,Mistral-7B-v0.3,0.9102520829450057,36.27339553833008,-3.52734375,75.58440491514608
56,mistral,4,Mistral-7B-v0.3,0.8513780906021009,42.45161437988281,-3.693359375,71.94385062347735
57,mistral,0,Mistral-7B-v0.3,0.932712215320911,31.948741912841797,-2.36328125,77.36068761155548
57,mistral,1,Mistral-7B-v0.3,0.9384316770186336,31.408775329589844,-2.447265625,77.31650040239022
57,mistral,2,Mistral-7B-v0.3,0.9404083399466129,27.372617721557617,-2.18359375,77.19878490771863
57,mistral,3,Mistral-7B-v0.3,0.9511474664848898,24.57150650024414,-2.134765625,76.89164313597551
57,mistral,4,Mistral-7B-v0.3,0.9308445532435741,22.597835540771484,-2.10546875,77.07512512139273
58,mistral,0,Mistral-7B-v0.3,0.17168087549160907,16.3687744140625,-2.712890625,11.933706640949861
58,mistral,1,Mistral-7B-v0.3,0.8417411581811116,14.018267631530762,-2.603515625,72.77436124445435
58,mistral,2,Mistral-7B-v0.3,0.9000098761477684,22.72403907775879,-2.99609375,76.3578328947264
59,mistral,0,Mistral-7B-v0.3,0.9210514660288777,24.249019622802734,-2.568359375,77.19402586330646
59,mistral,1,Mistral-7B-v0.3,0.9154704944178629,24.480337142944336,-2.556640625,77.15024744165632
59,mistral,2,Mistral-7B-v0.3,0.9388399909726924,23.206708908081055,-2.53515625,77.12452727846753
59,mistral,3,Mistral-7B-v0.3,0.9292921204356182,22.911659240722656,-2.388671875,77.19239889168813
59,mistral,4,Mistral-7B-v0.3,0.9261464898935013,23.39409637451172,-2.369140625,77.21107574786923
60,mistral,0,Mistral-7B-v0.3,0.8888431476430613,26.60064697265625,-3.25,75.64680679440158
60,mistral,1,Mistral-7B-v0.3,0.8503601516532195,30.50284767150879,-3.369140625,73.12747313003833
60,mistral,2,Mistral-7B-v0.3,0.8777336694186201,40.115440368652344,-3.650390625,73.92039840876109
60,mistral,3,Mistral-7B-v0.3,0.9110207027766829,41.58845520019531,-3.658203125,74.98154767012653
60,mistral,4,Mistral-7B-v0.3,0.8951619264051325,33.36702346801758,-3.44921875,75.45648047686089
61,mistral,0,Mistral-7B-v0.3,0.9189811262851004,23.405651092529297,-2.3984375,77.17335102081283
61,mistral,1,Mistral-7B-v0.3,0.921871004040714,25.513891220092773,-2.466796875,77.26789516583756
61,mistral,2,Mistral-7B-v0.3,0.8978523027085851,23.573081970214844,-2.462890625,76.74495320674185
61,mistral,3,Mistral-7B-v0.3,0.9146089444679949,24.139923095703125,-2.419921875,77.15127528579615
61,mistral,4,Mistral-7B-v0.3,0.9024656320314821,22.33409309387207,-2.416015625,76.82871432391791
62,mistral,0,Mistral-7B-v0.3,0.6217166478058594,15.64554500579834,-2.71875,41.50304116739998
62,mistral,1,Mistral-7B-v0.3,0.8278372376483946,18.34781265258789,-2.84375,71.62385153139228
62,mistral,2,Mistral-7B-v0.3,0.7832964601769912,15.50350284576416,-2.72265625,66.4107318352999
62,mistral,3,Mistral-7B-v0.3,0.7753347605647847,13.65820598602295,-2.541015625,65.3057950780492
62,mistral,4,Mistral-7B-v0.3,0.8275013858093125,18.19931411743164,-2.908203125,71.50707330312026
63,mistral,0,Mistral-7B-v0.3,0.9458596789883269,22.390419006347656,-3.0625,76.47696304614102
63,mistral,1,Mistral-7B-v0.3,0.9513274336283186,33.66397476196289,-3.421875,75.79475353398992
63,mistral,2,Mistral-7B-v0.3,0.9710743801652892,26.541181564331055,-3.142578125,75.68060139292746
63,mistral,3,Mistral-7B-v0.3,0.9559095378564405,30.90452003479004,-3.3125,75.95187628472034
63,mistral,4,Mistral-7B-v0.3,0.9537815126050421,35.42598342895508,-3.46484375,75.58608262469198
64,mistral,0,Mistral-7B-v0.3,0.8302480941028529,24.067415237426758,-3.16796875,71.6696267412053
64,mistral,1,Mistral-7B-v0.3,0.20964016985770692,29.353233337402344,-3.390625,11.690498797842148
64,mistral,2,Mistral-7B-v0.3,0.8503759085612829,28.758832931518555,-3.33984375,73.18361528851581
64,mistral,3,Mistral-7B-v0.3,0.8372705301511815,30.403289794921875,-3.396484375,71.95692168560515
64,mistral,4,Mistral-7B-v0.3,0.8567926107410182,34.34918975830078,-3.435546875,73.41920839916203
65,mistral,0,Mistral-7B-v0.3,0.8001784583750753,25.399314880371094,-3.21875,68.3657920839758
65,mistral,1,Mistral-7B-v0.3,0.8285402990337214,27.949974060058594,-3.3046875,71.32796273447994
65,mistral,2,Mistral-7B-v0.3,0.9914529914529915,17.88669776916504,-2.921875,74.50504022728181
66,mistral,0,Mistral-7B-v0.3,0.9407407407407408,31.77293586730957,-2.52734375,77.2725353842528
66,mistral,1,Mistral-7B-v0.3,0.91603372118078,29.988122940063477,-2.576171875,77.26767196063864
66,mistral,2,Mistral-7B-v0.3,0.9230518775775994,29.52704429626465,-2.52734375,77.34191751272749
66,mistral,3,Mistral-7B-v0.3,0.9273990606745112,27.039962768554688,-2.486328125,77.32400548017871
66,mistral,4,Mistral-7B-v0.3,0.9147640778724405,26.19367027282715,-2.3515625,77.21599290773707
67,mistral,0,Mistral-7B-v0.3,0.9295516798032311,24.688562393188477,-2.724609375,77.14385199587744
67,mistral,1,Mistral-7B-v0.3,0.9389312977099237,24.373830795288086,-2.71484375,77.07674593103671
67,mistral,2,Mistral-7B-v0.3,0.9507575757575758,28.208919525146484,-2.76953125,76.92240774624052
67,mistral,3,Mistral-7B-v0.3,0.920427829216614,26.52447509765625,-2.71484375,77.17878212739609
67,mistral,4,Mistral-7B-v0.3,0.8889412989152515,26.903057098388672,-2.708984375,76.42613199520622
68,mistral,0,Mistral-7B-v0.3,0.8784247267176942,22.55640411376953,-3.060546875,75.37954624029283
68,mistral,1,Mistral-7B-v0.3,0.8631648827423416,20.558420181274414,-2.962890625,74.52809873572468
68,mistral,2,Mistral-7B-v0.3,0.8918907987866531,20.278135299682617,-2.9609375,76.01321035941832
68,mistral,3,Mistral-7B-v0.3,0.891335704102431,21.979480743408203,-3.025390625,75.98675780203217
68,mistral,4,Mistral-7B-v0.3,0.8797267735693802,19.92557144165039,-2.94921875,75.4756559615319
69,mistral,0,Mistral-7B-v0.3,0.9253841501464023,21.737096786499023,-3.02734375,76.66943642689654
69,mistral,1,Mistral-7B-v0.3,0.9122619510299261,19.923297882080078,-2.921875,76.59627338954229
69,mistral,2,Mistral-7B-v0.3,0.9004391138837424,16.12263298034668,-2.75,76.26023920531469
69,mistral,3,Mistral-7B-v0.3,0.9349465744814581,21.19527816772461,-2.953125,76.7261381217283
69,mistral,4,Mistral-7B-v0.3,0.9487891335717423,19.02021026611328,-2.8359375,76.53943372575225
70,mistral,0,Mistral-7B-v0.3,0.9309563675760859,23.197431564331055,-3.23828125,76.35110460712859
70,mistral,1,Mistral-7B-v0.3,0.9178321678321679,20.048974990844727,-3.142578125,76.33510463330063
70,mistral,2,Mistral-7B-v0.3,0.9372190590350614,22.543956756591797,-3.1953125,76.36857849742815
70,mistral,3,Mistral-7B-v0.3,0.9222507708119219,20.242101669311523,-3.158203125,76.35327892835758
70,mistral,4,Mistral-7B-v0.3,0.9022289766970618,19.503822326660156,-3.0390625,76.18752540837644
71,mistral,0,Mistral-7B-v0.3,0.9388399909726924,26.862319946289062,-2.34375,77.25822762540228
71,mistral,1,Mistral-7B-v0.3,0.9429977916820023,26.605575561523438,-2.388671875,77.1992043543865
71,mistral,2,Mistral-7B-v0.3,0.9342305284807296,24.734642028808594,-2.240234375,77.21182975390485
71,mistral,3,Mistral-7B-v0.3,0.9451655181160952,23.739057540893555,-2.26953125,77.04849849289437
71,mistral,4,Mistral-7B-v0.3,0.9523371365476628,24.90333366394043,-2.283203125,76.9377100557867
72,mistral,0,Mistral-7B-v0.3,0.7651339471133878,17.080503463745117,-2.673828125,64.09735948550987
72,mistral,1,Mistral-7B-v0.3,0.6737509154642173,16.538034439086914,-2.6015625,49.915206835467906
72,mistral,2,Mistral-7B-v0.3,0.7765222273908752,17.708852767944336,-2.71484375,65.67700360755173
72,mistral,3,Mistral-7B-v0.3,0.7029125550834511,21.12139129638672,-2.923828125,54.63099247408403
72,mistral,4,Mistral-7B-v0.3,0.6845003522235116,14.603570938110352,-2.56640625,51.52512936603546
73,mistral,0,Mistral-7B-v0.3,0.9184415003633518,28.498979568481445,-2.400390625,77.3112993144294
73,mistral,1,Mistral-7B-v0.3,0.9386694386694386,35.42875671386719,-2.46484375,77.26023502109685
73,mistral,2,Mistral-7B-v0.3,0.9477345048013291,32.86330032348633,-2.51171875,77.14879103942562
73,mistral,3,Mistral-7B-v0.3,0.917646042170757,31.068174362182617,-2.470703125,77.3182585211274
73,mistral,4,Mistral-7B-v0.3,0.9282751469063255,29.479719161987305,-2.40234375,77.36957007060653
74,mistral,0,Mistral-7B-v0.3,0.8424098872269263,24.41971778869629,-2.712890625,73.38828503919807
74,mistral,1,Mistral-7B-v0.3,0.8490338646227853,23.292510986328125,-2.5625,73.97366508185407
74,mistral,2,Mistral-7B-v0.3,0.8428271490852733,20.481245040893555,-2.5234375,73.33836347311932
74,mistral,3,Mistral-7B-v0.3,0.8374405981465916,20.881576538085938,-2.544921875,72.88191626121674
74,mistral,4,Mistral-7B-v0.3,0.8311935916410322,21.32628059387207,-2.5,72.33819748286642
75,mistral,0,Mistral-7B-v0.3,0.7693427664638984,22.898820877075195,-2.990234375,64.68618652545153
75,mistral,1,Mistral-7B-v0.3,0.8214419049940651,21.26237678527832,-2.951171875,71.01858711043505
75,mistral,2,Mistral-7B-v0.3,0.8320814673284875,21.1409854888916,-2.919921875,72.10638068362275
75,mistral,3,Mistral-7B-v0.3,0.8401422629286036,25.358919143676758,-3.1484375,72.66012537944718
75,mistral,4,Mistral-7B-v0.3,0.8043989232590734,18.599836349487305,-2.853515625,69.11113029278785
76,mistral,0,Mistral-7B-v0.3,0.925189561396458,21.09621238708496,-1.837890625,76.767933989109
76,mistral,1,Mistral-7B-v0.3,0.926193207561721,18.824384689331055,-1.875,76.67997942943313
76,mistral,2,Mistral-7B-v0.3,0.9033006549937925,20.73375129699707,-1.947265625,76.54600740699225
76,mistral,3,Mistral-7B-v0.3,0.9161575299031293,18.46150779724121,-1.7880859375,76.49013357009545
76,mistral,4,Mistral-7B-v0.3,0.920886408091217,19.96038818359375,-1.8583984375,76.70622253778886
77,mistral,0,Mistral-7B-v0.3,0.940547263681592,34.302310943603516,-3.412109375,76.01409492955322
77,mistral,1,Mistral-7B-v0.3,0.9547738693467337,34.611183166503906,-3.416015625,75.70252716271321
77,mistral,2,Mistral-7B-v0.3,0.9554455445544554,33.4754638671875,-3.44140625,75.63714651540418
77,mistral,3,Mistral-7B-v0.3,0.971830985915493,32.020233154296875,-3.421875,75.08989195046823
77,mistral,4,Mistral-7B-v0.3,0.9611650485436893,33.322418212890625,-3.400390625,75.56104884387375
78,mistral,0,Mistral-7B-v0.3,0.9417983309694231,36.077632904052734,-3.5625,75.55134203589625
78,mistral,1,Mistral-7B-v0.3,0.9464580737459042,39.184669494628906,-3.705078125,74.92751194870246
78,mistral,2,Mistral-7B-v0.3,0.9271403506003408,43.05119323730469,-3.740234375,74.78047385494396
78,mistral,3,Mistral-7B-v0.3,0.9606986899563319,36.32236099243164,-3.591796875,74.99607983156102
78,mistral,4,Mistral-7B-v0.3,0.9345388543909467,42.64112854003906,-3.677734375,74.98211267336795
79,mistral,0,Mistral-7B-v0.3,0.8669896802965322,27.72625732421875,-2.580078125,75.38016773630198
79,mistral,1,Mistral-7B-v0.3,0.1215550338688265,25.426647186279297,-2.3828125,12.304982083253863
79,mistral,2,Mistral-7B-v0.3,0.8737493257122075,28.44175148010254,-2.576171875,75.79474208578897
79,mistral,3,Mistral-7B-v0.3,0.8526101463460216,28.421125411987305,-2.626953125,74.37074293482817
79,mistral,4,Mistral-7B-v0.3,0.8757732609171189,26.10660743713379,-2.57421875,75.85726118191852
80,mistral,0,Mistral-7B-v0.3,0.959808018806321,24.823366165161133,-3.171875,76.01515953284819
80,mistral,1,Mistral-7B-v0.3,0.9546997702410754,22.415794372558594,-3.03515625,76.31384870406137
80,mistral,2,Mistral-7B-v0.3,0.9532849125123803,31.619997024536133,-3.3671875,75.89700778570915
80,mistral,3,Mistral-7B-v0.3,0.930865984978735,23.681499481201172,-3.099609375,76.63597027585192
80,mistral,4,Mistral-7B-v0.3,0.9523447883045377,22.185832977294922,-3.10546875,76.25010554779831
81,mistral,0,Mistral-7B-v0.3,0.9634831460674157,52.76618957519531,-3.20703125,74.65294828077168
81,mistral,1,Mistral-7B-v0.3,0.9603399433427762,47.78323745727539,-3.263671875,75.14900558728938
81,mistral,2,Mistral-7B-v0.3,0.9611111111111111,50.94868087768555,-3.25390625,74.83642017750013
81,mistral,3,Mistral-7B-v0.3,0.9595375722543352,50.62903594970703,-3.244140625,74.94334391037978
81,mistral,4,Mistral-7B-v0.3,0.9559228650137741,41.935184478759766,-3.162109375,75.93603391130766
82,mistral,0,Mistral-7B-v0.3,0.7860668255412556,21.258047103881836,-2.30078125,67.24015967084169
82,mistral,1,Mistral-7B-v0.3,0.771277300334852,21.332489013671875,-2.400390625,65.2897953490956
82,mistral,2,Mistral-7B-v0.3,0.7874504878564877,21.293859481811523,-2.341796875,67.42745940608609
82,mistral,3,Mistral-7B-v0.3,0.7808842829353925,16.259206771850586,-2.044921875,66.12474214215297
82,mistral,4,Mistral-7B-v0.3,0.8068989283829523,20.7978515625,-2.400390625,69.7656472321757
83,mistral,0,Mistral-7B-v0.3,0.9276183644189383,13.562458038330078,-2.5703125,76.56498459676236
83,mistral,1,Mistral-7B-v0.3,0.806570963445316,14.928574562072754,-2.685546875,69.25077330658823
83,mistral,2,Mistral-7B-v0.3,0.8705313632996764,16.73119354248047,-2.767578125,74.96933683735655
83,mistral,3,Mistral-7B-v0.3,0.8541500575781734,15.239348411560059,-2.734375,73.78831576818821
83,mistral,4,Mistral-7B-v0.3,0.9143005396430054,17.050310134887695,-2.7734375,76.60503589689377
84,mistral,0,Mistral-7B-v0.3,0.14036907018158773,37.91416549682617,-3.59375,10.583444747695756
84,mistral,1,Mistral-7B-v0.3,0.16033410201984027,42.04340362548828,-3.669921875,10.236568431056057
84,mistral,2,Mistral-7B-v0.3,0.15717241256309192,38.945640563964844,-3.548828125,10.74288531111862
84,mistral,3,Mistral-7B-v0.3,0.17942834806796584,47.79545211791992,-3.837890625,9.36276144412292
84,mistral,4,Mistral-7B-v0.3,0.16507654094282617,38.71399688720703,-3.56640625,10.743274838563007
85,mistral,0,Mistral-7B-v0.3,0.9606895129058044,49.19422912597656,-3.216796875,75.10366341794555
85,mistral,1,Mistral-7B-v0.3,0.9634551495016611,43.523109436035156,-3.0625,75.75857212883382
85,mistral,2,Mistral-7B-v0.3,0.9795221843003413,44.1080436706543,-3.09375,74.93924364471255
85,mistral,3,Mistral-7B-v0.3,0.9605734767025089,39.34682846069336,-3.095703125,76.04668930942427
85,mistral,4,Mistral-7B-v0.3,0.9583333333333334,41.24293518066406,-3.041015625,76.11306094684538
86,mistral,0,Mistral-7B-v0.3,0.9572492836676217,29.426393508911133,-2.658203125,76.84223356200643
86,mistral,1,Mistral-7B-v0.3,0.9567563039289604,29.668495178222656,-2.650390625,76.86399383871951
86,mistral,2,Mistral-7B-v0.3,0.9669669669669669,36.33271026611328,-2.84375,76.27313002457018
86,mistral,3,Mistral-7B-v0.3,0.9532619074754581,32.148990631103516,-2.69140625,76.94081139153015
86,mistral,4,Mistral-7B-v0.3,0.9666666666666667,35.035152435302734,-2.79296875,76.3695792003407
87,mistral,0,Mistral-7B-v0.3,0.8701618509594293,20.764829635620117,-2.97265625,74.96605104243878
87,mistral,1,Mistral-7B-v0.3,0.8865284830060742,20.47011375427246,-2.966796875,75.79915096604003
87,mistral,2,Mistral-7B-v0.3,0.9164896763304148,16.759775161743164,-2.75390625,76.63027468646692
87,mistral,3,Mistral-7B-v0.3,0.8469999516511144,15.92763900756836,-2.71875,73.29304636178543
87,mistral,4,Mistral-7B-v0.3,0.9101601625626009,19.097915649414062,-2.88671875,76.55359133759869
88,mistral,0,Mistral-7B-v0.3,0.8577921695613777,26.89118766784668,-3.25390625,73.8969757440251
88,mistral,1,Mistral-7B-v0.3,0.8576261885218266,28.985183715820312,-3.345703125,73.71646412419588
88,mistral,2,Mistral-7B-v0.3,0.8648221844243279,28.1600284576416,-3.2890625,74.32466037714718
88,mistral,3,Mistral-7B-v0.3,0.8474304770821096,24.896255493164062,-3.20703125,73.14656996379112
88,mistral,4,Mistral-7B-v0.3,0.8726764009042609,28.09837532043457,-3.2578125,74.86989821375268
89,mistral,0,Mistral-7B-v0.3,0.9494163424124513,37.9541015625,-3.63671875,75.12829903941812
89,mistral,1,Mistral-7B-v0.3,0.9535864978902954,43.66103744506836,-3.779296875,74.26319816757643
89,mistral,2,Mistral-7B-v0.3,0.9765258215962441,59.88835525512695,-4.10546875,70.50350270528598
89,mistral,3,Mistral-7B-v0.3,0.1979996216623457,97.79266357421875,-4.61328125,0.5431163665863226
89,mistral,4,Mistral-7B-v0.3,0.9209920547456364,54.72500991821289,-4.03125,72.64180844505249
90,mistral,0,Mistral-7B-v0.3,0.8757572140491181,16.841821670532227,-2.6796875,75.33969322290909
90,mistral,1,Mistral-7B-v0.3,0.7835446065534561,19.162738800048828,-2.783203125,66.64219075796797
90,mistral,2,Mistral-7B-v0.3,0.5766590389016018,10.840777397155762,-2.306640625,34.580173476107035
90,mistral,3,Mistral-7B-v0.3,0.6892616487455199,17.837387084960938,-2.720703125,52.44356919568885
90,mistral,4,Mistral-7B-v0.3,0.7636453801591417,17.084869384765625,-2.724609375,63.85258951287358
91,mistral,0,Mistral-7B-v0.3,0.948220064724919,33.00487518310547,-2.33984375,77.14373425926176
91,mistral,1,Mistral-7B-v0.3,0.9635761589403974,42.20535659790039,-2.61328125,76.31433732237504
91,mistral,2,Mistral-7B-v0.3,0.939873417721519,36.65110397338867,-2.376953125,77.21415803998022
91,mistral,3,Mistral-7B-v0.3,0.9442622950819672,35.688602447509766,-2.453125,77.17489444742979
91,mistral,4,Mistral-7B-v0.3,0.9490445859872612,40.37889862060547,-2.615234375,76.8500134227571
92,mistral,0,Mistral-7B-v0.3,0.86661871833827,17.64988899230957,-2.8125,74.75189448411561
92,mistral,1,Mistral-7B-v0.3,0.915514480118267,23.875083923339844,-3.099609375,76.56822938902204
92,mistral,2,Mistral-7B-v0.3,0.9408403526919856,25.547880172729492,-3.251953125,76.32373470999843
92,mistral,3,Mistral-7B-v0.3,0.9046367232661475,25.258560180664062,-3.21484375,76.19690437791597
92,mistral,4,Mistral-7B-v0.3,0.8720423404471973,19.361154556274414,-2.95703125,75.01812303499952
93,mistral,0,Mistral-7B-v0.3,0.9570988222304012,27.365327835083008,-2.765625,76.73702486127203
93,mistral,1,Mistral-7B-v0.3,0.9541284403669725,26.371204376220703,-2.767578125,76.79838486260752
93,mistral,2,Mistral-7B-v0.3,0.9547114985471149,26.640213012695312,-2.8046875,76.75483460858423
93,mistral,3,Mistral-7B-v0.3,0.9288516976297245,21.334014892578125,-2.646484375,77.0525722873764
93,mistral,4,Mistral-7B-v0.3,0.9720930232558139,25.143314361572266,-2.732421875,76.13206432043444
94,mistral,0,Mistral-7B-v0.3,0.8722859389963777,24.884559631347656,-3.103515625,75.06529554489512
94,mistral,1,Mistral-7B-v0.3,0.8615849821532714,32.94689178466797,-3.37890625,73.91681027063613
94,mistral,2,Mistral-7B-v0.3,0.9139585396071681,38.69231033325195,-3.53125,75.54815315216464
94,mistral,3,Mistral-7B-v0.3,0.8895529074892012,31.910396575927734,-3.384765625,75.4230736794923
94,mistral,4,Mistral-7B-v0.3,0.9178681276432142,33.35103988647461,-3.419921875,76.04137176814243
95,mistral,0,Mistral-7B-v0.3,0.10313721860492395,25.277923583984375,-3.109375,11.65239360274822
95,mistral,1,Mistral-7B-v0.3,0.6981019293122663,31.06572151184082,-3.416015625,53.188451748250976
95,mistral,2,Mistral-7B-v0.3,0.8118495645053719,23.59738540649414,-3.16015625,69.76010284207264
95,mistral,3,Mistral-7B-v0.3,0.4724696338598836,20.895183563232422,-2.96484375,22.960010249926984
96,mistral,0,Mistral-7B-v0.3,0.9067866276945561,17.361387252807617,-2.271484375,76.62667616136183
96,mistral,1,Mistral-7B-v0.3,0.8786185660382577,16.219478607177734,-2.150390625,75.4586612731085
96,mistral,2,Mistral-7B-v0.3,0.8980000219898627,16.6632022857666,-2.123046875,76.27495017553682
96,mistral,3,Mistral-7B-v0.3,0.8867998304705518,15.400578498840332,-2.037109375,75.70748074737958
96,mistral,4,Mistral-7B-v0.3,0.8822956357034358,16.4608154296875,-2.166015625,75.66571515187529
97,mistral,0,Mistral-7B-v0.3,0.8527621419295115,19.04608917236328,-3.0,73.64621351631381
97,mistral,1,Mistral-7B-v0.3,0.9194351901159772,20.590517044067383,-3.046875,76.54528276703958
97,mistral,2,Mistral-7B-v0.3,0.8404705339720955,19.367033004760742,-3.025390625,72.62229951466351
97,mistral,3,Mistral-7B-v0.3,0.8630347300838138,21.496490478515625,-3.064453125,74.41544035393879
97,mistral,4,Mistral-7B-v0.3,0.8753878028557023,18.234010696411133,-2.9140625,75.19142019643155
98,mistral,0,Mistral-7B-v0.3,0.9871794871794872,47.37168502807617,-2.943359375,74.47107653783853
98,mistral,1,Mistral-7B-v0.3,0.9911504424778761,47.430084228515625,-2.93359375,74.23066483173604
98,mistral,2,Mistral-7B-v0.3,0.9868995633187773,47.86025619506836,-2.875,74.5290149560833
98,mistral,3,Mistral-7B-v0.3,0.9908675799086758,49.929649353027344,-3.05859375,73.8310796819515
98,mistral,4,Mistral-7B-v0.3,0.9868421052631579,50.254852294921875,-2.951171875,74.20839819994771
99,mistral,0,Mistral-7B-v0.3,0.9479909996785599,26.1969051361084,-3.146484375,76.42724238189689
99,mistral,1,Mistral-7B-v0.3,0.9521768815707488,24.41044044494629,-3.09375,76.3672913252835
99,mistral,2,Mistral-7B-v0.3,0.9187247076927572,22.193695068359375,-3.103515625,76.52558453315997
99,mistral,3,Mistral-7B-v0.3,0.9183452038355981,30.649797439575195,-3.341796875,76.24983488647592
99,mistral,4,Mistral-7B-v0.3,0.966996699669967,30.003164291381836,-3.345703125,75.48313940896377
100,mistral,0,Mistral-7B-v0.3,0.7910551431601271,17.086017608642578,-2.068359375,67.50915771562137
100,mistral,1,Mistral-7B-v0.3,0.15759988081132145,19.217710494995117,-2.337890625,12.150982712954532
100,mistral,2,Mistral-7B-v0.3,0.601363923236951,18.189878463745117,-2.22265625,38.6783584678645
100,mistral,3,Mistral-7B-v0.3,0.8014116266718017,18.145408630371094,-2.140625,68.8902007602202
100,mistral,4,Mistral-7B-v0.3,0.11067871455739044,18.41366958618164,-2.265625,11.917064625859677
101,mistral,0,Mistral-7B-v0.3,0.1748931208705791,43.874874114990234,-3.76953125,9.879108746491859
101,mistral,1,Mistral-7B-v0.3,0.9644058295964125,38.29465103149414,-3.54296875,74.93334822223704
101,mistral,2,Mistral-7B-v0.3,0.9628630705394191,34.03532791137695,-3.431640625,75.41149957707731
101,mistral,3,Mistral-7B-v0.3,0.9564850992109094,36.46772003173828,-3.5390625,75.2783173454808
102,mistral,0,Mistral-7B-v0.3,0.8768873083921268,27.01908302307129,-2.775390625,75.81109230391813
102,mistral,1,Mistral-7B-v0.3,0.8809547252664814,22.359024047851562,-2.58984375,75.97868994698621
102,mistral,2,Mistral-7B-v0.3,0.9106600716356814,20.886903762817383,-2.564453125,76.91235643468616
102,mistral,3,Mistral-7B-v0.3,0.8782575089144432,21.555450439453125,-2.5078125,75.83168810704265
102,mistral,4,Mistral-7B-v0.3,0.8908371040723982,17.88767433166504,-2.521484375,76.18261005353969
103,mistral,0,Mistral-7B-v0.3,0.7676017734779231,18.35154914855957,-2.197265625,64.56023969491578
103,mistral,1,Mistral-7B-v0.3,0.7824663759856788,17.39393424987793,-2.1328125,66.47130078166244
103,mistral,2,Mistral-7B-v0.3,0.7460188691258339,14.112637519836426,-1.923828125,60.94176456869614
103,mistral,3,Mistral-7B-v0.3,0.2253345889680609,16.159679412841797,-2.306640625,12.467226852320083
103,mistral,4,Mistral-7B-v0.3,0.7001996032065693,16.685453414916992,-2.140625,54.163987675322204
104,mistral,0,Mistral-7B-v0.3,0.9026393699347302,31.160655975341797,-2.72265625,76.92607359315289
104,mistral,1,Mistral-7B-v0.3,0.9527541424093148,36.44915008544922,-2.845703125,76.7423671046395
104,mistral,2,Mistral-7B-v0.3,0.31186869523172406,32.555030822753906,-2.72265625,14.558106537966593
104,mistral,3,Mistral-7B-v0.3,0.9289783056599201,31.15645408630371,-2.642578125,77.31270484654158
104,mistral,4,Mistral-7B-v0.3,0.9182456806531232,31.29168701171875,-2.67578125,77.24486127443996
105,mistral,0,Mistral-7B-v0.3,0.825801475083223,20.581806182861328,-2.96875,71.4013648197238
105,mistral,1,Mistral-7B-v0.3,0.8389395493226689,22.743839263916016,-3.08984375,72.55946054480802
105,mistral,2,Mistral-7B-v0.3,0.8889263826810533,25.354093551635742,-3.181640625,75.75389606598517
105,mistral,3,Mistral-7B-v0.3,0.7540157367625443,27.031009674072266,-3.220703125,62.243746641483945
106,mistral,0,Mistral-7B-v0.3,0.8814425081056044,28.735788345336914,-3.294921875,75.26039419853097
106,mistral,1,Mistral-7B-v0.3,0.8706904760351923,26.402956008911133,-3.169921875,74.8963502938126
106,mistral,2,Mistral-7B-v0.3,0.8561218445154533,21.243927001953125,-2.951171875,74.08961236943999
106,mistral,3,Mistral-7B-v0.3,0.911029411764706,31.785362243652344,-3.400390625,76.00636193504151
106,mistral,4,Mistral-7B-v0.3,0.8803988608638178,22.33838653564453,-3.0546875,75.47844416090771
107,mistral,0,Mistral-7B-v0.3,0.8769642431059754,31.940685272216797,-3.283203125,75.07430586456566
107,mistral,1,Mistral-7B-v0.3,0.89721546692607,27.352075576782227,-3.1484375,76.17104885457718
107,mistral,2,Mistral-7B-v0.3,0.9064641130276739,29.7547550201416,-3.18359375,76.39139756805687
107,mistral,3,Mistral-7B-v0.3,0.9162606328203248,28.516176223754883,-3.220703125,76.47375667942805
107,mistral,4,Mistral-7B-v0.3,0.8789674658343973,24.674274444580078,-3.04296875,75.5203658887936
108,mistral,0,Mistral-7B-v0.3,0.9292447943644464,39.23716354370117,-3.66796875,75.22248483988808
108,mistral,1,Mistral-7B-v0.3,0.9715909090909091,44.08155822753906,-3.759765625,73.64630015114435
108,mistral,2,Mistral-7B-v0.3,0.9455445544554455,32.59429168701172,-3.42578125,75.9218219335942
108,mistral,3,Mistral-7B-v0.3,0.137176707344314,32.1236686706543,-3.396484375,11.232549488249427
108,mistral,4,Mistral-7B-v0.3,0.9329710144927537,33.380680084228516,-3.4609375,75.97374002237194
109,mistral,0,Mistral-7B-v0.3,0.911500258908817,19.758474349975586,-3.033203125,76.4164397896464
109,mistral,1,Mistral-7B-v0.3,0.9369584660964838,22.526329040527344,-3.171875,76.4159487547571
109,mistral,2,Mistral-7B-v0.3,0.9339893398933989,22.444368362426758,-3.10546875,76.55773646947404
109,mistral,3,Mistral-7B-v0.3,0.9144482248136508,27.41876983642578,-3.345703125,76.15591432873572
109,mistral,4,Mistral-7B-v0.3,0.9325042881646656,29.08994483947754,-3.365234375,76.21929811976152
110,mistral,0,Mistral-7B-v0.3,0.964824120603015,36.636146545410156,-3.603515625,74.80206207840943
110,mistral,1,Mistral-7B-v0.3,0.9585492227979274,30.661579132080078,-3.455078125,75.5216789688511
110,mistral,2,Mistral-7B-v0.3,0.9668508287292817,43.18379211425781,-3.798828125,73.78284528648445
110,mistral,3,Mistral-7B-v0.3,0.9243576256831044,25.86726188659668,-3.298828125,76.31361764003505
110,mistral,4,Mistral-7B-v0.3,0.9521276595744681,34.915557861328125,-3.623046875,75.19531806728396
111,mistral,0,Mistral-7B-v0.3,0.9235093017890476,35.46708297729492,-2.796875,77.13473274670335
111,mistral,1,Mistral-7B-v0.3,0.9364122569684766,35.10094451904297,-2.884765625,77.02130047984694
111,mistral,2,Mistral-7B-v0.3,0.9299230262087625,36.822933197021484,-2.8125,77.08880953674965
111,mistral,3,Mistral-7B-v0.3,0.9267568709011659,32.06889343261719,-2.6796875,77.28795929145107
111,mistral,4,Mistral-7B-v0.3,0.9154283113570886,30.75261688232422,-2.646484375,77.22947086758771
112,mistral,0,Mistral-7B-v0.3,0.9381435006435006,27.351240158081055,-3.11328125,76.672551619575
112,mistral,1,Mistral-7B-v0.3,0.9641277641277642,27.500717163085938,-3.1953125,75.8883686937021
112,mistral,2,Mistral-7B-v0.3,0.9905660377358491,26.73322296142578,-3.1875,74.54000924523676
112,mistral,3,Mistral-7B-v0.3,0.9811320754716981,29.899940490722656,-3.287109375,74.9412076063831
112,mistral,4,Mistral-7B-v0.3,0.9552006552006553,31.84404754638672,-3.306640625,75.98447668277646
113,mistral,0,Mistral-7B-v0.3,0.9461077844311377,27.433109283447266,-3.244140625,76.30146160881402
113,mistral,1,Mistral-7B-v0.3,0.941745363522585,24.496341705322266,-3.154296875,76.47118605825442
113,mistral,2,Mistral-7B-v0.3,0.952026286966046,25.338207244873047,-3.19921875,76.20714152544764
113,mistral,3,Mistral-7B-v0.3,0.9013574660633484,25.946823120117188,-3.197265625,76.16709469086004
113,mistral,4,Mistral-7B-v0.3,0.9415204678362573,22.958280563354492,-3.150390625,76.42095380442875
114,mistral,0,Mistral-7B-v0.3,0.13288393470172266,32.578643798828125,-2.611328125,12.377559502379375
114,mistral,1,Mistral-7B-v0.3,0.13649730367374455,27.43815803527832,-2.4609375,12.402904290957323
114,mistral,2,Mistral-7B-v0.3,0.237550181180176,32.3598747253418,-2.57421875,13.173319618617008
114,mistral,3,Mistral-7B-v0.3,0.2212467712112016,36.808265686035156,-2.712890625,12.813968071336944
114,mistral,4,Mistral-7B-v0.3,0.32506085936059476,32.8265495300293,-2.572265625,15.032009089016507
115,mistral,0,Mistral-7B-v0.3,0.8782312309594908,27.31822395324707,-2.427734375,76.04758736326988
115,mistral,1,Mistral-7B-v0.3,0.866894395553497,29.179168701171875,-2.484375,75.42336189182276
115,mistral,2,Mistral-7B-v0.3,0.21073018680405353,28.56394386291504,-2.546875,12.86604874937046
115,mistral,3,Mistral-7B-v0.3,0.8699196691322675,28.592119216918945,-2.384765625,75.6070687004184
115,mistral,4,Mistral-7B-v0.3,0.872872363286605,27.315990447998047,-2.3984375,75.75737038197616
116,mistral,0,Mistral-7B-v0.3,0.9786324786324786,39.13344192504883,-2.73046875,75.73076732468206
116,mistral,1,Mistral-7B-v0.3,0.9789915966386554,39.39898681640625,-2.70703125,75.71727646971506
116,mistral,2,Mistral-7B-v0.3,0.9830508474576272,35.47905731201172,-2.650390625,75.67197623064206
116,mistral,3,Mistral-7B-v0.3,0.9642549800796812,36.16049575805664,-2.603515625,76.56766673342887
116,mistral,4,Mistral-7B-v0.3,0.9788135593220338,38.07038116455078,-2.771484375,75.73210068168297
117,mistral,0,Mistral-7B-v0.3,0.92480154473289,38.28805923461914,-2.806640625,77.038742203891
117,mistral,1,Mistral-7B-v0.3,0.8897670682730924,34.43724060058594,-2.54296875,76.56421565728792
117,mistral,2,Mistral-7B-v0.3,0.9304207674633929,29.96088218688965,-2.53515625,77.35166473234031
117,mistral,3,Mistral-7B-v0.3,0.9321008033454385,32.89922332763672,-2.765625,77.20757165966995
117,mistral,4,Mistral-7B-v0.3,0.9067952249770431,29.42977523803711,-2.46875,77.1316894615823
118,mistral,0,Mistral-7B-v0.3,0.9141583054626533,23.2491397857666,-3.02734375,76.64271874441143
118,mistral,1,Mistral-7B-v0.3,0.9238095238095239,19.38747215270996,-2.822265625,76.79799543948388
118,mistral,2,Mistral-7B-v0.3,0.9512195121951219,25.418317794799805,-3.046875,76.50265323102164
118,mistral,3,Mistral-7B-v0.3,0.945595388218339,23.57332992553711,-3.009765625,76.61564614644278
118,mistral,4,Mistral-7B-v0.3,0.903115929251553,21.862667083740234,-2.96875,76.44261972041672
119,mistral,0,Mistral-7B-v0.3,0.8898292041226634,26.676563262939453,-3.287109375,75.60815542525319
119,mistral,1,Mistral-7B-v0.3,0.8912891124211568,25.815637588500977,-3.232421875,75.75917411245622
119,mistral,2,Mistral-7B-v0.3,0.8952458970611508,25.290407180786133,-3.291015625,75.76095277649219
119,mistral,3,Mistral-7B-v0.3,0.8556805479507854,27.01268196105957,-3.3125,73.61798079571325
119,mistral,4,Mistral-7B-v0.3,0.8904682348092322,26.559993743896484,-3.2578125,75.6940989594215
120,mistral,0,Mistral-7B-v0.3,0.9303172737955346,17.76120948791504,-2.73046875,76.7826788411077
120,mistral,1,Mistral-7B-v0.3,0.9253705318221447,13.907342910766602,-2.6015625,76.57686128400647
120,mistral,2,Mistral-7B-v0.3,0.9241578094037112,14.90090560913086,-2.701171875,76.59396614866355
120,mistral,3,Mistral-7B-v0.3,0.9227292699767748,19.22014808654785,-2.98046875,76.59017615807655
120,mistral,4,Mistral-7B-v0.3,0.9400461417036002,16.946683883666992,-2.765625,76.6229248483688
121,mistral,0,Mistral-7B-v0.3,0.11495813183419903,19.405845642089844,-2.33203125,12.005561402367912
121,mistral,1,Mistral-7B-v0.3,0.8560823263356684,23.873779296875,-2.46875,74.55840867726761
121,mistral,2,Mistral-7B-v0.3,0.8624276966232555,22.163101196289062,-2.423828125,74.93317292315537
121,mistral,3,Mistral-7B-v0.3,0.10936316651539836,23.37557601928711,-2.419921875,12.199319457911201
121,mistral,4,Mistral-7B-v0.3,0.11053675386789007,19.208232879638672,-2.1875,11.935018873624735
122,mistral,0,Mistral-7B-v0.3,0.9199297763529503,17.900554656982422,-2.90234375,76.59061136001695
122,mistral,1,Mistral-7B-v0.3,0.9279699248120301,14.034269332885742,-2.671875,76.55215081261818
122,mistral,2,Mistral-7B-v0.3,0.9054887426057275,15.585824012756348,-2.75390625,76.349375908882
122,mistral,3,Mistral-7B-v0.3,0.9125557313389904,14.22215461730957,-2.662109375,76.4500205425736
122,mistral,4,Mistral-7B-v0.3,0.9094958055867853,15.281404495239258,-2.75390625,76.41224245940776
123,mistral,0,Mistral-7B-v0.3,0.9251915319666282,27.665237426757812,-3.3203125,76.31067621938331
123,mistral,1,Mistral-7B-v0.3,0.9265751412174348,29.917747497558594,-3.3203125,76.34284371558628
123,mistral,2,Mistral-7B-v0.3,0.8926807780268137,32.35219192504883,-3.443359375,75.39329096478687
123,mistral,3,Mistral-7B-v0.3,0.9092586616281355,27.500003814697266,-3.291015625,76.19509271701116
123,mistral,4,Mistral-7B-v0.3,0.909425573260785,28.53660774230957,-3.330078125,76.12766729222332
124,mistral,0,Mistral-7B-v0.3,0.8135878135134331,23.79933738708496,-3.15625,69.96695638967792
124,mistral,1,Mistral-7B-v0.3,0.26351694299628475,22.750158309936523,-3.166015625,12.705935876140302
124,mistral,2,Mistral-7B-v0.3,0.7986043257156423,29.54207992553711,-3.365234375,67.93527788657954
124,mistral,3,Mistral-7B-v0.3,0.8382121446354442,24.266578674316406,-3.19140625,72.37006413664007
124,mistral,4,Mistral-7B-v0.3,0.8095959539991144,30.64080238342285,-3.44140625,69.03247316790585
125,mistral,0,Mistral-7B-v0.3,0.9047187644688198,35.62633514404297,-3.439453125,75.7190683787979
125,mistral,1,Mistral-7B-v0.3,0.8626878872473004,33.11273193359375,-3.375,73.99877124541872
125,mistral,2,Mistral-7B-v0.3,0.8822655328750934,34.147945404052734,-3.482421875,74.8298860052762
125,mistral,3,Mistral-7B-v0.3,0.8842495543672014,30.451400756835938,-3.33984375,75.30417534810265
125,mistral,4,Mistral-7B-v0.3,0.8384785245994432,34.751426696777344,-3.3984375,72.02505845026542
126,mistral,0,Mistral-7B-v0.3,0.9651256281407035,33.04881286621094,-3.44921875,75.29433456222425
126,mistral,1,Mistral-7B-v0.3,0.9593908629441624,34.53276443481445,-3.44921875,75.47782753760129
126,mistral,2,Mistral-7B-v0.3,0.9111423909271013,33.748104095458984,-3.412109375,75.96109201688506
126,mistral,3,Mistral-7B-v0.3,0.9560513860716701,34.369998931884766,-3.443359375,75.60035475632681
126,mistral,4,Mistral-7B-v0.3,0.9845360824742269,37.61029815673828,-3.525390625,74.04008738428561
127,mistral,0,Mistral-7B-v0.3,0.8190269037282469,19.066221237182617,-2.900390625,70.70800814673265
127,mistral,1,Mistral-7B-v0.3,0.8621934370766753,21.22536277770996,-2.962890625,74.49860521844543
127,mistral,2,Mistral-7B-v0.3,0.8467449862307106,19.712339401245117,-2.931640625,73.3057569758492
127,mistral,3,Mistral-7B-v0.3,0.886834620073141,20.746463775634766,-2.94921875,75.85130474817352
127,mistral,4,Mistral-7B-v0.3,0.8604882459312839,19.548023223876953,-2.943359375,74.31610547362048
128,mistral,0,Mistral-7B-v0.3,0.1022543342814574,12.708325386047363,-2.47265625,11.488926069569708
128,mistral,1,Mistral-7B-v0.3,0.8093740048563013,21.50603675842285,-2.9609375,69.71351008379054
128,mistral,2,Mistral-7B-v0.3,0.8124972866366078,23.897071838378906,-3.015625,70.08935126240928
128,mistral,3,Mistral-7B-v0.3,0.8231729312459418,21.316692352294922,-2.94921875,71.20168295325247
128,mistral,4,Mistral-7B-v0.3,0.8166964328049185,23.064783096313477,-3.03125,70.48800725773327
129,mistral,0,Mistral-7B-v0.3,0.904473553165995,30.457862854003906,-2.822265625,76.88347048544912
129,mistral,1,Mistral-7B-v0.3,0.9001777199108403,24.934064865112305,-2.6015625,76.82559779220162
129,mistral,2,Mistral-7B-v0.3,0.907080928173799,29.931751251220703,-2.75390625,77.00447941859625
129,mistral,3,Mistral-7B-v0.3,0.8989348715630414,24.924442291259766,-2.60546875,76.78653929439626
129,mistral,4,Mistral-7B-v0.3,0.9243135903105767,32.1453742980957,-2.818359375,77.16712734579961
130,mistral,0,Mistral-7B-v0.3,0.8549994848780065,23.53383445739746,-3.205078125,73.68715479261537
130,mistral,1,Mistral-7B-v0.3,0.8557261500476765,24.912410736083984,-3.2265625,73.74822049168944
130,mistral,2,Mistral-7B-v0.3,0.8778742508030927,25.0539493560791,-3.244140625,75.10617085188271
130,mistral,3,Mistral-7B-v0.3,0.8704331437182723,26.683521270751953,-3.30859375,74.59866202916562
130,mistral,4,Mistral-7B-v0.3,0.8591387747301544,21.91531753540039,-3.13671875,74.04465853172994
131,mistral,0,Mistral-7B-v0.3,0.9871794871794872,39.945926666259766,-1.9326171875,75.09421505160411
131,mistral,1,Mistral-7B-v0.3,0.14263338013338014,8.42911434173584,-1.08203125,9.73642033384454
131,mistral,2,Mistral-7B-v0.3,0.15662195568577184,8.523150444030762,-1.0537109375,9.75544263801223
131,mistral,3,Mistral-7B-v0.3,1.0,52.42023468017578,-1.78125,73.06235761661054
131,mistral,4,Mistral-7B-v0.3,1.0,59.546112060546875,-1.8076171875,72.22855658992688
132,mistral,0,Mistral-7B-v0.3,0.8709250642405723,28.7243709564209,-3.236328125,74.82321503078813
132,mistral,1,Mistral-7B-v0.3,0.8399451880952864,29.456695556640625,-3.306640625,72.40106642851323
133,mistral,0,Mistral-7B-v0.3,0.9016176031081887,27.615093231201172,-3.28125,76.03871095653031
133,mistral,1,Mistral-7B-v0.3,0.009202589372737702,25.729692459106445,-3.24609375,11.303071334445583
133,mistral,2,Mistral-7B-v0.3,0.8683599305840071,25.041181564331055,-3.203125,74.65125071678098
133,mistral,3,Mistral-7B-v0.3,0.8865208097573243,28.40010643005371,-3.33203125,75.40342992762994
133,mistral,4,Mistral-7B-v0.3,0.8840014652235217,24.27239418029785,-3.146484375,75.57097226523236
134,mistral,0,Mistral-7B-v0.3,0.7819670011431997,17.43703842163086,-2.763671875,66.34231724834817
134,mistral,1,Mistral-7B-v0.3,0.8209573822357282,22.3376407623291,-2.99609375,70.9578475686347
134,mistral,2,Mistral-7B-v0.3,0.7330641451571684,15.333176612854004,-2.66015625,59.24917548964679
134,mistral,3,Mistral-7B-v0.3,0.8133617796437748,20.591739654541016,-2.861328125,70.23277056699993
134,mistral,4,Mistral-7B-v0.3,0.8118940497293237,15.89150619506836,-2.697265625,69.91602655564255
135,mistral,0,Mistral-7B-v0.3,0.7662974820253082,24.40146255493164,-3.134765625,64.08641684745449
135,mistral,1,Mistral-7B-v0.3,0.8433561249208228,25.708370208740234,-3.18359375,72.88078402909434
135,mistral,2,Mistral-7B-v0.3,0.1518622283307465,24.272661209106445,-3.11328125,11.768187116520377
135,mistral,3,Mistral-7B-v0.3,0.11094251508855248,26.998611450195312,-3.232421875,11.481756560793746
136,mistral,0,Mistral-7B-v0.3,0.8968008255933952,21.96356201171875,-3.025390625,76.17946785067006
136,mistral,1,Mistral-7B-v0.3,0.9795918367346939,30.147441864013672,-3.20703125,75.19467652238674
136,mistral,2,Mistral-7B-v0.3,0.8473592433870253,18.045351028442383,-2.736328125,73.45626216009889
136,mistral,3,Mistral-7B-v0.3,0.1282542907128274,16.50672149658203,-2.69140625,11.76607257909839
136,mistral,4,Mistral-7B-v0.3,0.8307388111229679,19.44959259033203,-2.865234375,71.9496724353932
137,mistral,0,Mistral-7B-v0.3,0.6368092210008327,24.257999420166016,-3.099609375,43.874820281704686
137,mistral,1,Mistral-7B-v0.3,0.7833977636652527,22.20969009399414,-3.0078125,66.51742758404062
137,mistral,2,Mistral-7B-v0.3,0.7500334332934444,18.81036376953125,-2.859375,61.875349674953846
137,mistral,3,Mistral-7B-v0.3,0.7265237350696453,24.347700119018555,-3.080078125,58.27705676460968
137,mistral,4,Mistral-7B-v0.3,0.8624001728408399,26.640905380249023,-3.1796875,74.36088053885621
138,mistral,0,Mistral-7B-v0.3,0.8740663540038215,12.54538631439209,-2.466796875,74.99398166440174
138,mistral,1,Mistral-7B-v0.3,0.19556870452308134,17.607433319091797,-2.810546875,12.101063293760205
138,mistral,2,Mistral-7B-v0.3,0.8623504388232643,15.26942253112793,-2.69140625,74.40437849101377
138,mistral,3,Mistral-7B-v0.3,0.814258361431866,18.141271591186523,-2.8125,70.23549398134506
138,mistral,4,Mistral-7B-v0.3,0.8734834558823529,17.18962287902832,-2.8125,75.1299251140621
139,mistral,0,Mistral-7B-v0.3,0.929041024354589,20.415828704833984,-3.03515625,76.5907435174909
139,mistral,1,Mistral-7B-v0.3,0.9057955209292716,24.41836929321289,-3.216796875,76.19201932448978
139,mistral,2,Mistral-7B-v0.3,0.9307490715001394,21.766647338867188,-3.0859375,76.57469303712304
139,mistral,3,Mistral-7B-v0.3,0.9008460329709689,20.95933723449707,-3.05078125,76.21220913384
140,mistral,0,Mistral-7B-v0.3,0.9588067933881412,29.012619018554688,-2.724609375,76.74356757097992
140,mistral,1,Mistral-7B-v0.3,0.9549295774647887,36.99052429199219,-2.85546875,76.65542696108957
140,mistral,2,Mistral-7B-v0.3,0.9484240687679083,35.846702575683594,-2.890625,76.81194710320855
140,mistral,3,Mistral-7B-v0.3,0.9460227272727273,39.38515853881836,-2.767578125,76.85793215071931
140,mistral,4,Mistral-7B-v0.3,0.9595375722543352,33.05488967895508,-2.830078125,76.62734324508641
141,mistral,0,Mistral-7B-v0.3,0.8791505791505793,14.563721656799316,-2.552734375,75.4097914917466
141,mistral,1,Mistral-7B-v0.3,0.898550724637681,25.245338439941406,-3.1171875,76.21425662755337
141,mistral,2,Mistral-7B-v0.3,0.8879874442755209,21.25265121459961,-2.9140625,75.9721490525857
141,mistral,3,Mistral-7B-v0.3,0.877594186441926,20.725215911865234,-2.85546875,75.52550965428253
141,mistral,4,Mistral-7B-v0.3,0.8893686410216765,20.74366569519043,-2.88671875,76.03514371549042
142,mistral,0,Mistral-7B-v0.3,0.8780885575987717,22.042041778564453,-3.076171875,75.31253741852409
142,mistral,1,Mistral-7B-v0.3,0.870028192969693,28.912513732910156,-3.345703125,74.52996996020745
142,mistral,2,Mistral-7B-v0.3,0.8537320597129553,25.119234085083008,-3.193359375,73.67371930855734
142,mistral,3,Mistral-7B-v0.3,0.8706480859852992,25.182037353515625,-3.177734375,74.84338570554789
142,mistral,4,Mistral-7B-v0.3,0.9049383419123714,29.757457733154297,-3.373046875,75.94182849247024
143,mistral,0,Mistral-7B-v0.3,0.14189918373120816,37.3607177734375,-2.68359375,12.265868649477126
143,mistral,1,Mistral-7B-v0.3,0.9411315349725472,34.45165252685547,-2.73828125,77.12465359609914
143,mistral,2,Mistral-7B-v0.3,0.933670374115268,38.996864318847656,-2.865234375,76.93423584585311
143,mistral,3,Mistral-7B-v0.3,0.8888296931730534,34.489723205566406,-2.759765625,76.39960455178378
143,mistral,4,Mistral-7B-v0.3,0.9388943537281134,28.40492057800293,-2.48828125,77.28506859952438
144,mistral,0,Mistral-7B-v0.3,0.8528782500099058,51.97058868408203,-3.8515625,70.71264904748246
144,mistral,1,Mistral-7B-v0.3,0.8475473487699371,37.82000732421875,-3.572265625,72.24001247685352
144,mistral,2,Mistral-7B-v0.3,0.8453274113527816,42.30495834350586,-3.712890625,71.40602529393097
144,mistral,3,Mistral-7B-v0.3,0.8651470304975922,49.02663040161133,-3.80859375,72.02078090273936
144,mistral,4,Mistral-7B-v0.3,0.8417472767127714,44.48729705810547,-3.751953125,70.82866950119538
145,mistral,0,Mistral-7B-v0.3,0.8533285027244469,23.185089111328125,-3.142578125,73.66777814503527
145,mistral,1,Mistral-7B-v0.3,0.832060573836109,25.773221969604492,-3.154296875,71.92544664239098
145,mistral,2,Mistral-7B-v0.3,0.8779080870915706,25.67681884765625,-3.15625,75.30221106161054
145,mistral,3,Mistral-7B-v0.3,0.844331256006725,31.177814483642578,-3.376953125,72.62060136009597
145,mistral,4,Mistral-7B-v0.3,0.8861986823984815,28.758447647094727,-3.322265625,75.41709683074379
146,mistral,0,Mistral-7B-v0.3,0.9029334568473059,32.56343460083008,-3.486328125,75.60161324896168
146,mistral,1,Mistral-7B-v0.3,0.8184962641990806,27.540632247924805,-3.3125,70.28164319460792
146,mistral,2,Mistral-7B-v0.3,0.8469472283425772,30.246564865112305,-3.4140625,72.74283128620768
146,mistral,3,Mistral-7B-v0.3,0.8221107995727474,29.34333038330078,-3.361328125,70.57152497497994
146,mistral,4,Mistral-7B-v0.3,0.82531687872056,25.202159881591797,-3.158203125,71.24374095171028
147,mistral,0,Mistral-7B-v0.3,0.8670998604743871,14.612372398376465,-2.685546875,74.66530525303192
147,mistral,1,Mistral-7B-v0.3,0.902573872900141,18.407907485961914,-2.86328125,76.36587035183464
147,mistral,2,Mistral-7B-v0.3,0.9182163989856297,17.835298538208008,-2.8828125,76.59376352768098
147,mistral,3,Mistral-7B-v0.3,0.8631594394306259,14.845137596130371,-2.626953125,74.4642861596391
147,mistral,4,Mistral-7B-v0.3,0.8912207424234097,15.872308731079102,-2.796875,75.89070198688168
148,mistral,0,Mistral-7B-v0.3,0.9260893546607832,18.92812728881836,-2.00390625,76.80702444174412
148,mistral,1,Mistral-7B-v0.3,0.9225023342670402,17.834253311157227,-1.8740234375,76.60172474683269
148,mistral,2,Mistral-7B-v0.3,0.9280237016382015,20.499568939208984,-1.974609375,76.87529391935355
148,mistral,3,Mistral-7B-v0.3,0.9201748332183115,16.286155700683594,-1.958984375,76.5612074432294
148,mistral,4,Mistral-7B-v0.3,0.9307425622833185,19.777759552001953,-1.8857421875,76.7454178758257
149,mistral,0,Mistral-7B-v0.3,0.8574681248554106,19.037174224853516,-2.955078125,74.05727124321476
149,mistral,1,Mistral-7B-v0.3,0.8715715941282514,19.13591194152832,-2.9453125,74.99304221994834
149,mistral,2,Mistral-7B-v0.3,0.8423504331813787,17.629919052124023,-2.85546875,72.89848241706595
149,mistral,3,Mistral-7B-v0.3,0.8705706365721094,17.707841873168945,-2.873046875,74.93255584180562
149,mistral,4,Mistral-7B-v0.3,0.8541762569689529,18.9752197265625,-2.9609375,73.80418514534622
150,mistral,0,Mistral-7B-v0.3,0.8309480146349127,24.614925384521484,-3.216796875,71.66049799083055
150,mistral,1,Mistral-7B-v0.3,0.8659499542488462,26.799047470092773,-3.279296875,74.3911466164927
150,mistral,2,Mistral-7B-v0.3,0.8556767489234419,27.153127670288086,-3.2890625,73.673380882333
150,mistral,3,Mistral-7B-v0.3,0.8485447697312104,26.263839721679688,-3.259765625,73.16819571459749
150,mistral,4,Mistral-7B-v0.3,0.8544957404017807,27.95901107788086,-3.322265625,73.52703395754688
151,mistral,0,Mistral-7B-v0.3,0.794123468918332,15.182276725769043,-2.703125,67.77500292279417
151,mistral,1,Mistral-7B-v0.3,0.7456569202495446,21.57013702392578,-3.05078125,61.122029885380556
151,mistral,2,Mistral-7B-v0.3,0.8382631989418602,25.537729263305664,-3.203125,72.39412910751916
151,mistral,3,Mistral-7B-v0.3,0.7849822144358909,17.459630966186523,-2.771484375,66.72966955253446
151,mistral,4,Mistral-7B-v0.3,0.7974608229665561,18.13367462158203,-2.8046875,68.3074791810688
152,mistral,0,Mistral-7B-v0.3,0.846863679634381,31.981321334838867,-3.4296875,72.69664657838527
152,mistral,1,Mistral-7B-v0.3,0.8825216667876242,27.90427017211914,-3.326171875,75.22812777386706
152,mistral,2,Mistral-7B-v0.3,0.8736737074856389,25.79021644592285,-3.162109375,75.0660264484371
152,mistral,3,Mistral-7B-v0.3,0.852603045051767,23.805999755859375,-3.115234375,73.6873280955932
153,mistral,0,Mistral-7B-v0.3,0.9235910618944039,60.01883316040039,-4.03125,71.9924617542639
153,mistral,1,Mistral-7B-v0.3,0.9617224880382775,42.39027404785156,-3.693359375,74.37119681924251
153,mistral,2,Mistral-7B-v0.3,0.9245732868787433,46.2748908996582,-3.83203125,74.22935682337199
153,mistral,3,Mistral-7B-v0.3,0.9403373981924033,45.553466796875,-3.791015625,74.34936042458519
153,mistral,4,Mistral-7B-v0.3,0.952751872262258,55.98282241821289,-3.9453125,72.504667708581
154,mistral,0,Mistral-7B-v0.3,0.8446796208381656,29.970783233642578,-3.345703125,72.72065489265171
154,mistral,1,Mistral-7B-v0.3,0.8923463176155181,25.547861099243164,-3.181640625,75.89302005932431
154,mistral,2,Mistral-7B-v0.3,0.8820505571523,28.015727996826172,-3.244140625,75.38846805547688
154,mistral,3,Mistral-7B-v0.3,0.8938913274446371,34.126708984375,-3.38671875,75.55890823146125
154,mistral,4,Mistral-7B-v0.3,0.8746548111632091,28.70954704284668,-3.291015625,74.91780709000905
155,mistral,0,Mistral-7B-v0.3,0.8855775366066577,18.825605392456055,-2.43359375,76.03881139460702
155,mistral,1,Mistral-7B-v0.3,0.8799611931515454,15.943292617797852,-2.2109375,75.53601866998788
155,mistral,2,Mistral-7B-v0.3,0.8748452173425152,17.93710708618164,-2.36328125,75.44866069192814
155,mistral,3,Mistral-7B-v0.3,0.1587938793315823,17.98567008972168,-2.326171875,12.077050965781105
155,mistral,4,Mistral-7B-v0.3,0.8947693337922056,18.419557571411133,-2.349609375,76.37202452848494
156,mistral,0,Mistral-7B-v0.3,0.9475929300561508,15.2999849319458,-2.732421875,76.40329335301094
156,mistral,1,Mistral-7B-v0.3,0.9546777930412318,15.351030349731445,-2.71875,76.24461652669015
156,mistral,2,Mistral-7B-v0.3,0.9482705595308879,15.293166160583496,-2.724609375,76.3945197384402
156,mistral,3,Mistral-7B-v0.3,0.9512029624555847,17.933237075805664,-2.90234375,76.33888174022084
156,mistral,4,Mistral-7B-v0.3,0.9537801559949212,16.11397933959961,-2.806640625,76.25066656039508
157,mistral,0,Mistral-7B-v0.3,0.8369798634695208,22.988018035888672,-3.078125,72.41457090462181
157,mistral,1,Mistral-7B-v0.3,0.817546159154408,28.793472290039062,-3.294921875,70.2409883907876
157,mistral,2,Mistral-7B-v0.3,0.837112123978247,20.8201961517334,-3.009765625,72.43022568188165
157,mistral,3,Mistral-7B-v0.3,0.8559737955899882,26.13787269592285,-3.203125,73.85113835668346
157,mistral,4,Mistral-7B-v0.3,0.8210994306514564,26.765466690063477,-3.166015625,70.84294596108188
158,mistral,0,Mistral-7B-v0.3,0.9152176556420234,26.82076644897461,-3.103515625,76.64974171758834
158,mistral,1,Mistral-7B-v0.3,0.8699196691322675,20.950223922729492,-2.943359375,75.00143232010029
158,mistral,2,Mistral-7B-v0.3,0.886970462495142,33.88528823852539,-3.30859375,75.47611055807278
158,mistral,3,Mistral-7B-v0.3,0.8374166548446588,24.816240310668945,-3.1015625,72.48462894407331
158,mistral,4,Mistral-7B-v0.3,0.8876811594202898,23.986135482788086,-3.013671875,75.94472836567721
159,mistral,0,Mistral-7B-v0.3,0.6238090521185563,20.82008171081543,-2.353515625,42.270018035449155
159,mistral,1,Mistral-7B-v0.3,0.35588081078689665,23.28995132446289,-2.42578125,16.011615181787974
159,mistral,2,Mistral-7B-v0.3,0.664228497122452,15.728676795959473,-1.9599609375,48.14661512846354
159,mistral,3,Mistral-7B-v0.3,0.8260367415388435,23.627920150756836,-2.41796875,71.94991301127045
160,mistral,0,Mistral-7B-v0.3,0.8121636678658312,23.617034912109375,-2.525390625,70.47487987150419
160,mistral,1,Mistral-7B-v0.3,0.8033871034050796,20.396007537841797,-2.267578125,69.31480138828101
160,mistral,2,Mistral-7B-v0.3,0.11681478751322596,23.99091148376465,-2.5,12.233384945117333
160,mistral,3,Mistral-7B-v0.3,0.11599496080041576,22.678396224975586,-2.34375,12.181366706863507
160,mistral,4,Mistral-7B-v0.3,0.7682020420726401,22.9464168548584,-2.34765625,64.9373079703584
161,mistral,0,Mistral-7B-v0.3,0.8795168405392333,16.02679443359375,-2.29296875,75.5482962433033
161,mistral,1,Mistral-7B-v0.3,0.8624605241040151,20.883691787719727,-2.1484375,74.7969787676489
161,mistral,2,Mistral-7B-v0.3,0.8777771748206875,20.589893341064453,-2.185546875,75.71242836018821
161,mistral,3,Mistral-7B-v0.3,0.11648030249463821,21.05038070678711,-2.123046875,12.019274814812357
161,mistral,4,Mistral-7B-v0.3,0.8724629785984573,20.61012840270996,-2.080078125,75.36134378794571
162,mistral,0,Mistral-7B-v0.3,0.92471770962337,36.76464080810547,-3.119140625,76.66332212714512
162,mistral,1,Mistral-7B-v0.3,0.9263028577012745,33.747005462646484,-3.0078125,76.91981355969172
162,mistral,2,Mistral-7B-v0.3,0.9100400699813759,34.85308837890625,-3.041015625,76.68317773719963
162,mistral,3,Mistral-7B-v0.3,0.922267316017316,34.881595611572266,-2.978515625,76.92695182596898
162,mistral,4,Mistral-7B-v0.3,0.9028746007498959,37.62956237792969,-3.068359375,76.397488182824
163,mistral,0,Mistral-7B-v0.3,0.8731537229273932,20.821992874145508,-2.353515625,75.52561754396523
163,mistral,1,Mistral-7B-v0.3,0.8744680017243407,26.97928237915039,-2.591796875,75.80065399086305
163,mistral,2,Mistral-7B-v0.3,0.8664205360638749,33.336212158203125,-2.7109375,75.28921550345945
163,mistral,3,Mistral-7B-v0.3,0.8768861586092335,25.996496200561523,-2.43359375,75.94471696494446
163,mistral,4,Mistral-7B-v0.3,0.8792484970699299,26.89433479309082,-2.52734375,76.07434714466136
164,mistral,0,Mistral-7B-v0.3,0.8786266515569535,20.59627914428711,-3.0078125,75.37448262831799
164,mistral,1,Mistral-7B-v0.3,0.9344449173151751,21.4228458404541,-3.0625,76.57807234793115
164,mistral,2,Mistral-7B-v0.3,0.9416053921568628,21.857465744018555,-3.017578125,76.59367381777433
164,mistral,3,Mistral-7B-v0.3,0.9010247799907365,17.87708282470703,-2.857421875,76.29543263642832
164,mistral,4,Mistral-7B-v0.3,0.9287649402390438,19.89155387878418,-2.953125,76.68107102790617
165,mistral,0,Mistral-7B-v0.3,0.8919045348673618,24.087921142578125,-3.091796875,75.99091258295402
165,mistral,1,Mistral-7B-v0.3,0.9021347836941795,26.741783142089844,-3.197265625,76.20921468029324
165,mistral,2,Mistral-7B-v0.3,0.900614314819736,26.183259963989258,-3.228515625,76.08947309470412
165,mistral,3,Mistral-7B-v0.3,0.9178749782436973,23.411205291748047,-3.185546875,76.41917691943497
165,mistral,4,Mistral-7B-v0.3,0.8687236833022709,23.313940048217773,-3.07421875,74.84520377167397
166,mistral,0,Mistral-7B-v0.3,0.22815951264032958,25.183677673339844,-3.154296875,12.311359940494443
166,mistral,1,Mistral-7B-v0.3,0.23358493922856638,30.85488510131836,-3.3203125,12.128605539853027
166,mistral,2,Mistral-7B-v0.3,0.5764977430196537,31.335796356201172,-3.375,34.428431691550685
166,mistral,3,Mistral-7B-v0.3,0.8603909531205484,23.40784454345703,-3.095703125,74.27131044576062
167,mistral,0,Mistral-7B-v0.3,0.8790680457267284,19.599618911743164,-2.51953125,75.76371357991282
167,mistral,1,Mistral-7B-v0.3,0.844023727206372,23.18101692199707,-2.681640625,73.49840475665756
167,mistral,2,Mistral-7B-v0.3,0.8566720408464181,25.945072174072266,-2.67578125,74.59097069095729
167,mistral,3,Mistral-7B-v0.3,0.7926318438836149,23.278087615966797,-2.646484375,68.11210009820415
168,mistral,0,Mistral-7B-v0.3,0.8772462954907017,25.091747283935547,-3.16015625,75.24210483898861
168,mistral,1,Mistral-7B-v0.3,0.9191027581965274,30.589920043945312,-3.3359375,76.2706376597758
168,mistral,2,Mistral-7B-v0.3,0.8557789610686011,28.642894744873047,-3.3046875,73.67262195746524
168,mistral,3,Mistral-7B-v0.3,0.9083701085480073,23.214937210083008,-3.125,76.37700185937447
168,mistral,4,Mistral-7B-v0.3,0.9039101643100504,30.698848724365234,-3.376953125,75.91182324681274
169,mistral,0,Mistral-7B-v0.3,0.8144354814529713,23.951892852783203,-3.044921875,70.25841673960068
169,mistral,1,Mistral-7B-v0.3,0.8068927317967071,17.41734504699707,-2.802734375,69.37359212233842
169,mistral,2,Mistral-7B-v0.3,0.167193857936227,22.565818786621094,-3.02734375,11.917203804324094
169,mistral,3,Mistral-7B-v0.3,0.4834937931630233,18.494569778442383,-2.8359375,23.99695577691127
169,mistral,4,Mistral-7B-v0.3,0.6307327553570077,18.64201545715332,-2.814453125,43.0265361500527
170,mistral,0,Mistral-7B-v0.3,0.9523122429839117,32.74311828613281,-2.84375,76.82830711871858
170,mistral,1,Mistral-7B-v0.3,0.9597056055921495,29.282527923583984,-2.646484375,76.7690120203428
170,mistral,2,Mistral-7B-v0.3,0.9163135593220338,30.038923263549805,-2.609375,77.25700824394522
170,mistral,3,Mistral-7B-v0.3,0.9358510268012531,27.25520896911621,-2.654296875,77.23107244465481
170,mistral,4,Mistral-7B-v0.3,0.9766081871345029,27.90331268310547,-2.623046875,76.05521054519933
171,mistral,0,Mistral-7B-v0.3,0.9549180327868853,18.457027435302734,-2.896484375,76.28179020899032
171,mistral,1,Mistral-7B-v0.3,0.9341741062726598,20.7186336517334,-3.025390625,76.60202688108106
171,mistral,2,Mistral-7B-v0.3,0.9377402306213966,21.921667098999023,-3.037109375,76.61477191566401
171,mistral,3,Mistral-7B-v0.3,0.9361358717581894,20.564720153808594,-3.037109375,76.5603499996726
171,mistral,4,Mistral-7B-v0.3,0.924653405666064,20.381574630737305,-2.9765625,76.67144606459615
172,mistral,0,Mistral-7B-v0.3,0.8188355475971952,29.7309627532959,-3.431640625,70.05986017238837
172,mistral,1,Mistral-7B-v0.3,0.8402237889472071,39.6484489440918,-3.7265625,71.07422433542331
172,mistral,2,Mistral-7B-v0.3,0.9087406403154048,32.42941665649414,-3.51171875,75.66815481023326
172,mistral,3,Mistral-7B-v0.3,0.8440015379791891,34.553165435791016,-3.552734375,72.09651072371058
172,mistral,4,Mistral-7B-v0.3,0.8479433083304442,36.85238265991211,-3.640625,72.10377450973998
173,mistral,0,Mistral-7B-v0.3,0.8213754551515463,26.735733032226562,-3.251953125,70.69794579834769
173,mistral,1,Mistral-7B-v0.3,0.028890466866164782,18.131999969482422,-2.8984375,11.524687712371433
173,mistral,2,Mistral-7B-v0.3,0.4166193099026636,19.03106117248535,-2.8984375,18.655959309681506
173,mistral,3,Mistral-7B-v0.3,0.8889316897791474,20.229040145874023,-3.009765625,75.82450028393188
174,mistral,0,Mistral-7B-v0.3,0.8506457665751125,24.726341247558594,-3.22265625,73.36501231878137
174,mistral,1,Mistral-7B-v0.3,0.8492128136750611,22.693466186523438,-3.130859375,73.34873939761538
174,mistral,2,Mistral-7B-v0.3,0.8927863069939572,26.51350975036621,-3.27734375,75.738648391152
174,mistral,3,Mistral-7B-v0.3,0.8895385808862138,22.96906089782715,-3.14453125,75.75985639097615
174,mistral,4,Mistral-7B-v0.3,0.933432966171577,23.096309661865234,-3.18359375,76.44572610668281
175,mistral,0,Mistral-7B-v0.3,0.8139375101230558,16.264053344726562,-2.75,70.12799016545186
175,mistral,1,Mistral-7B-v0.3,0.756939453299323,12.61784553527832,-2.455078125,62.66450974337011
175,mistral,2,Mistral-7B-v0.3,0.8322531589479624,16.955957412719727,-2.740234375,72.05248181181861
175,mistral,3,Mistral-7B-v0.3,0.838388625592417,16.85296630859375,-2.740234375,72.60839861284349
175,mistral,4,Mistral-7B-v0.3,0.8944825953113901,14.788743019104004,-2.53515625,76.08955655000263
176,mistral,0,Mistral-7B-v0.3,0.9141051603852788,21.276966094970703,-2.373046875,77.01539342290535
176,mistral,1,Mistral-7B-v0.3,0.9209743988830751,22.679597854614258,-2.482421875,77.15274177965793
176,mistral,2,Mistral-7B-v0.3,0.9484317893637652,24.821531295776367,-2.546875,77.02314239616584
176,mistral,3,Mistral-7B-v0.3,0.9308927277852915,22.93951988220215,-2.548828125,77.16768305491841
176,mistral,4,Mistral-7B-v0.3,0.915222636074678,19.580596923828125,-2.388671875,76.93839118935652
177,mistral,0,Mistral-7B-v0.3,0.8319471384627442,36.49021911621094,-3.482421875,71.16412472322308
177,mistral,1,Mistral-7B-v0.3,0.8868408743252298,21.544931411743164,-3.03125,75.77425623489941
177,mistral,2,Mistral-7B-v0.3,0.7041966205837173,25.152751922607422,-3.203125,54.550197562248144
177,mistral,3,Mistral-7B-v0.3,0.7331727056497699,30.402122497558594,-3.400390625,58.75983402964126
178,mistral,0,Mistral-7B-v0.3,0.9617707172054998,24.950151443481445,-2.4453125,76.6676057266998
178,mistral,1,Mistral-7B-v0.3,0.9520191360630365,21.630901336669922,-2.412109375,76.82704379933695
178,mistral,2,Mistral-7B-v0.3,0.9591554606007289,22.077220916748047,-2.384765625,76.64090744713167
178,mistral,3,Mistral-7B-v0.3,0.9496501109404334,23.001245498657227,-2.458984375,76.94493226455752
178,mistral,4,Mistral-7B-v0.3,0.9657123347802761,25.13596534729004,-2.51171875,76.51574240946064
179,mistral,0,Mistral-7B-v0.3,0.9423510018341807,40.156768798828125,-3.65625,75.10427810331062
179,mistral,1,Mistral-7B-v0.3,0.9527027027027027,32.258609771728516,-3.421875,75.7743212470319
179,mistral,2,Mistral-7B-v0.3,0.9335443037974683,35.04816818237305,-3.51171875,75.80498046551115
179,mistral,3,Mistral-7B-v0.3,0.9428571428571428,39.808963775634766,-3.609375,75.25505425444315
179,mistral,4,Mistral-7B-v0.3,0.9592476489028213,26.949363708496094,-3.2734375,75.88655410156746
180,mistral,0,Mistral-7B-v0.3,0.8283141371091778,36.718196868896484,-1.4365234375,71.3580084402217
180,mistral,1,Mistral-7B-v0.3,0.9044123146172163,20.72139549255371,-1.6669921875,76.25360778538669
180,mistral,2,Mistral-7B-v0.3,0.8756335092176406,39.503902435302734,-1.638671875,75.17077628142569
180,mistral,3,Mistral-7B-v0.3,0.13620955315870573,7.392603397369385,-0.80126953125,9.095690824620137
180,mistral,4,Mistral-7B-v0.3,0.8854206742938139,43.38886642456055,-1.466796875,75.17559618968919
181,mistral,0,Mistral-7B-v0.3,0.7894968359314709,22.40924835205078,-3.134765625,67.09922816132925
181,mistral,1,Mistral-7B-v0.3,0.8151122899361787,20.513933181762695,-3.05859375,70.14926122696774
181,mistral,2,Mistral-7B-v0.3,0.8187612153240058,21.415559768676758,-3.07421875,70.56119271099834
181,mistral,3,Mistral-7B-v0.3,0.8335828553800001,26.532962799072266,-3.29296875,71.80502499801895
181,mistral,4,Mistral-7B-v0.3,0.8182680768076808,19.261714935302734,-3.021484375,70.47368578375978
182,mistral,0,Mistral-7B-v0.3,0.9389173789173789,42.22898864746094,-3.021484375,76.50802528608752
182,mistral,1,Mistral-7B-v0.3,0.9175776187305368,36.264625549316406,-2.828125,77.03685414236352
182,mistral,2,Mistral-7B-v0.3,0.9179523415854858,36.96018981933594,-2.90625,76.93111771144673
182,mistral,3,Mistral-7B-v0.3,0.9211184908811328,40.917823791503906,-3.185546875,76.3399620382546
182,mistral,4,Mistral-7B-v0.3,0.9252023669403525,30.688901901245117,-2.66015625,77.298953098466
183,mistral,0,Mistral-7B-v0.3,0.8721456261543559,23.333515167236328,-3.13671875,74.93963823162599
183,mistral,1,Mistral-7B-v0.3,0.870512059066718,21.523569107055664,-3.05078125,74.9087594401229
183,mistral,2,Mistral-7B-v0.3,0.9307973421926911,35.54408264160156,-3.583984375,75.60145874380555
183,mistral,3,Mistral-7B-v0.3,0.8508399199401593,22.920564651489258,-3.19140625,73.37236784686883
183,mistral,4,Mistral-7B-v0.3,0.8892787206266318,24.963985443115234,-3.263671875,75.58771865454894
184,mistral,0,Mistral-7B-v0.3,0.81472563539309,33.76259231567383,-3.49609375,69.43628953945611
184,mistral,1,Mistral-7B-v0.3,0.820294094626854,42.64263916015625,-3.67578125,69.15232661829089
184,mistral,2,Mistral-7B-v0.3,0.765315077399496,27.44137191772461,-3.259765625,63.787238720627485
184,mistral,3,Mistral-7B-v0.3,0.7343121104133173,27.177797317504883,-3.201171875,59.33906983054121
184,mistral,4,Mistral-7B-v0.3,0.8014058750831362,29.05058479309082,-3.275390625,68.47060645997527
185,mistral,0,Mistral-7B-v0.3,0.3620793609759585,43.035194396972656,-3.75,13.811274741563562
185,mistral,1,Mistral-7B-v0.3,0.9619490509198326,37.239471435546875,-3.60546875,74.88291580544667
185,mistral,2,Mistral-7B-v0.3,0.9331713147410358,31.19561767578125,-3.466796875,75.97128418823858
185,mistral,3,Mistral-7B-v0.3,0.972972972972973,36.78500747680664,-3.607421875,74.43874623321422
185,mistral,4,Mistral-7B-v0.3,0.9625468164794008,34.316654205322266,-3.53515625,75.14060628821463
186,mistral,0,Mistral-7B-v0.3,0.8273588753488315,40.55579376220703,-3.72265625,69.84348800298947
186,mistral,1,Mistral-7B-v0.3,0.8360651704632711,34.87427520751953,-3.5,71.54085013539589
186,mistral,2,Mistral-7B-v0.3,0.8142327998086906,35.63792419433594,-3.515625,69.29151968242806
186,mistral,3,Mistral-7B-v0.3,0.8378100058150226,38.42940902709961,-3.5859375,71.34551031005724
186,mistral,4,Mistral-7B-v0.3,0.7645974210435843,36.16495132446289,-3.560546875,62.8993616009835
187,mistral,0,Mistral-7B-v0.3,0.7880151446283815,36.59129333496094,-3.578125,65.98122027723237
187,mistral,1,Mistral-7B-v0.3,0.8825488618310329,50.39059829711914,-3.94140625,72.39605920288655
187,mistral,2,Mistral-7B-v0.3,0.8787268149059777,50.49862289428711,-3.849609375,72.52022511751618
187,mistral,3,Mistral-7B-v0.3,0.8724248106363506,46.7335090637207,-3.82421875,72.61812078411393
187,mistral,4,Mistral-7B-v0.3,0.8479380825062229,42.60995101928711,-3.771484375,71.41051897867521
188,mistral,0,Mistral-7B-v0.3,0.9036710343334105,24.402551651000977,-3.150390625,76.26906070835102
188,mistral,1,Mistral-7B-v0.3,0.9190300669585372,27.625242233276367,-3.248046875,76.43169078458044
188,mistral,2,Mistral-7B-v0.3,0.9240077052577053,26.613798141479492,-3.251953125,76.43433723161561
188,mistral,3,Mistral-7B-v0.3,0.9043471142038477,24.138954162597656,-3.146484375,76.28356331793668
188,mistral,4,Mistral-7B-v0.3,0.8975913441370587,22.623382568359375,-3.08203125,76.14425920032734
189,mistral,0,Mistral-7B-v0.3,0.8564036338311478,32.30766296386719,-3.3515625,73.62353878591504
189,mistral,1,Mistral-7B-v0.3,0.847823938602793,22.071102142333984,-3.04296875,73.35812380215215
189,mistral,2,Mistral-7B-v0.3,0.14295869204293088,28.63104820251465,-3.265625,11.542895300131043
189,mistral,3,Mistral-7B-v0.3,0.8730867366778092,23.58045768737793,-3.0546875,75.14465423060726
189,mistral,4,Mistral-7B-v0.3,0.8760780061220266,23.286584854125977,-2.998046875,75.3849143762092
190,mistral,0,Mistral-7B-v0.3,0.9166161476990906,36.37290954589844,-3.466796875,75.84244390913423
190,mistral,1,Mistral-7B-v0.3,0.8877551938798469,31.46079444885254,-3.3203125,75.50353618247576
190,mistral,2,Mistral-7B-v0.3,0.8931278015861288,36.68186569213867,-3.50390625,75.16600229079573
190,mistral,3,Mistral-7B-v0.3,0.9212309429700734,46.09237289428711,-3.802734375,74.32598592728222
190,mistral,4,Mistral-7B-v0.3,0.8754545892703788,34.796146392822266,-3.48828125,74.45535499808007
191,mistral,0,Mistral-7B-v0.3,0.13711864692306394,30.869543075561523,-3.421875,11.1711782179536
191,mistral,1,Mistral-7B-v0.3,0.7860816457730634,35.05687713623047,-3.435546875,66.16432312537819
191,mistral,2,Mistral-7B-v0.3,0.14782053913709217,31.85040283203125,-3.4296875,11.192314328337257
191,mistral,3,Mistral-7B-v0.3,0.9337028118352306,26.911775588989258,-3.298828125,76.32897603331244
192,mistral,0,Mistral-7B-v0.3,0.8587375217494533,27.430997848510742,-3.302734375,73.86912540451458
192,mistral,1,Mistral-7B-v0.3,0.8784974853940372,25.733482360839844,-3.2734375,75.09682424582178
192,mistral,2,Mistral-7B-v0.3,0.8813013093638018,21.402027130126953,-3.068359375,75.45481439229759
192,mistral,3,Mistral-7B-v0.3,0.8549310349524843,24.80112648010254,-3.24609375,73.64516144577836
192,mistral,4,Mistral-7B-v0.3,0.8252478529894736,23.310832977294922,-3.150390625,71.18170352562709
193,mistral,0,Mistral-7B-v0.3,0.5346241796575159,45.811981201171875,-3.802734375,27.14576578041725
193,mistral,1,Mistral-7B-v0.3,0.5831058326432839,27.105464935302734,-3.35546875,35.356579752875625
193,mistral,2,Mistral-7B-v0.3,0.2985481324323422,30.72024154663086,-3.384765625,13.148556068412558
193,mistral,3,Mistral-7B-v0.3,0.5812600565943516,44.66511917114258,-3.71875,33.61113505494486
193,mistral,4,Mistral-7B-v0.3,0.7014275542014982,47.80797576904297,-3.783203125,51.872059526206314
194,mistral,0,Mistral-7B-v0.3,0.03525252388439489,24.41184425354004,-3.109375,11.53631877171955
194,mistral,1,Mistral-7B-v0.3,0.8941556388443408,32.479679107666016,-3.43359375,75.47074382451714
194,mistral,2,Mistral-7B-v0.3,0.12288835946157033,26.375829696655273,-3.26953125,11.420282487746036
194,mistral,3,Mistral-7B-v0.3,0.9062622728809897,25.62828254699707,-3.2421875,76.19026958765303
194,mistral,4,Mistral-7B-v0.3,0.8989237432413233,23.11048126220703,-3.134765625,76.11447799824906
195,mistral,0,Mistral-7B-v0.3,0.8979246044984461,36.50432586669922,-3.578125,75.12529628771739
195,mistral,1,Mistral-7B-v0.3,0.8897280466395044,41.07785415649414,-3.66796875,74.36653891308522
195,mistral,2,Mistral-7B-v0.3,0.8892937924101533,38.09157943725586,-3.62890625,74.61047512646297
195,mistral,3,Mistral-7B-v0.3,0.8775623268698061,33.575279235839844,-3.458984375,74.66648401327784
196,mistral,0,Mistral-7B-v0.3,0.7571873306071556,27.730039596557617,-3.267578125,62.61943356601467
196,mistral,1,Mistral-7B-v0.3,0.7483727895445818,24.007286071777344,-3.12109375,61.513770761971365
196,mistral,2,Mistral-7B-v0.3,0.7670142139056418,26.182580947875977,-3.177734375,64.16215938268114
196,mistral,3,Mistral-7B-v0.3,0.8032770025341979,28.886201858520508,-3.28125,68.6762106807921
196,mistral,4,Mistral-7B-v0.3,0.778551721146348,29.607196807861328,-3.34765625,65.43188575021023
197,mistral,0,Mistral-7B-v0.3,0.9562043795620438,25.075599670410156,-2.5859375,76.81781764732291
197,mistral,1,Mistral-7B-v0.3,0.9699248120300752,25.24125099182129,-2.626953125,76.30074361896109
197,mistral,2,Mistral-7B-v0.3,0.942652329749104,20.79792594909668,-2.556640625,76.95056456171922
197,mistral,3,Mistral-7B-v0.3,0.95,27.388580322265625,-2.748046875,76.94347321120073
197,mistral,4,Mistral-7B-v0.3,0.9464285714285714,20.687631607055664,-2.548828125,76.88097869523935
198,mistral,0,Mistral-7B-v0.3,0.3178784830869958,31.25040626525879,-3.4375,13.537787077748833
198,mistral,1,Mistral-7B-v0.3,0.9064637338742125,32.378047943115234,-3.5234375,75.58763235934981
198,mistral,2,Mistral-7B-v0.3,0.9816849816849816,35.68916702270508,-3.564453125,74.1513196526908
198,mistral,3,Mistral-7B-v0.3,0.9568345323741008,30.93610954284668,-3.4765625,75.5189604226371
198,mistral,4,Mistral-7B-v0.3,0.5998656169708864,35.02802276611328,-3.55859375,37.25009693994464
199,mistral,0,Mistral-7B-v0.3,0.9507575757575758,27.370189666748047,-3.275390625,76.13279505493641
199,mistral,1,Mistral-7B-v0.3,0.9136997349925107,24.33725929260254,-3.15234375,76.46541977832877
199,mistral,2,Mistral-7B-v0.3,0.9513657074632684,30.3280029296875,-3.40234375,75.85896400863716
199,mistral,3,Mistral-7B-v0.3,0.9426558531989842,27.43050765991211,-3.30078125,76.23843315659937
199,mistral,4,Mistral-7B-v0.3,0.9706959706959707,33.21308898925781,-3.51953125,74.87205811804726
0,qwen,0,Qwen2.5-7B,0.8506898459862027,17.199127197265625,-2.759765625,73.6452599054974
0,qwen,1,Qwen2.5-7B,0.8423154836043558,17.76704978942871,-2.771484375,72.9878067042535
0,qwen,2,Qwen2.5-7B,0.8361904128985819,16.538063049316406,-2.732421875,72.39426168210696
0,qwen,3,Qwen2.5-7B,0.8499369264350407,16.826318740844727,-2.685546875,73.61654821908336
0,qwen,4,Qwen2.5-7B,0.8202887004467779,16.629751205444336,-2.7109375,70.86272924439214
1,qwen,0,Qwen2.5-7B,0.92094395280236,17.064571380615234,-2.349609375,76.8320734262554
1,qwen,1,Qwen2.5-7B,0.9196057043590676,17.37830352783203,-2.345703125,76.84242251350892
1,qwen,2,Qwen2.5-7B,0.9073809523809524,17.9965763092041,-2.259765625,76.67847161520766
1,qwen,3,Qwen2.5-7B,0.9018229160245489,17.269609451293945,-2.33203125,76.51195800892921
1,qwen,4,Qwen2.5-7B,0.9253294001966569,17.23775863647461,-2.326171875,76.86204100283814
2,qwen,0,Qwen2.5-7B,0.9623655913978495,32.751285552978516,-2.587890625,76.70826502795435
2,qwen,1,Qwen2.5-7B,0.9619565217391305,30.46282196044922,-2.4296875,76.76568179216578
2,qwen,2,Qwen2.5-7B,0.9587628865979382,29.65084457397461,-2.44921875,76.86778062238291
2,qwen,3,Qwen2.5-7B,0.968421052631579,32.86844253540039,-2.5546875,76.48335707905241
2,qwen,4,Qwen2.5-7B,0.9608938547486033,33.29804611206055,-2.69140625,76.6973391089753
3,qwen,0,Qwen2.5-7B,0.9396441372247823,21.289810180664062,-2.462890625,77.0404188490401
3,qwen,1,Qwen2.5-7B,0.9448048827374087,20.925283432006836,-2.4140625,76.94660777796166
3,qwen,2,Qwen2.5-7B,0.9489574080134648,17.492042541503906,-2.287109375,76.63923862881326
3,qwen,3,Qwen2.5-7B,0.933496740158264,19.517436981201172,-2.435546875,77.00152028416313
3,qwen,4,Qwen2.5-7B,0.9358706583120601,18.743860244750977,-2.408203125,76.93808753914318
4,qwen,0,Qwen2.5-7B,0.9527272727272728,29.88642692565918,-3.4296875,75.75287635764256
4,qwen,1,Qwen2.5-7B,0.9437886875673508,22.57917594909668,-3.158203125,76.35421656156285
4,qwen,2,Qwen2.5-7B,0.8898629583681947,26.823305130004883,-3.34765625,75.47477097351106
5,qwen,0,Qwen2.5-7B,0.9568896321070235,35.23078918457031,-3.455078125,75.52694768331706
6,qwen,0,Qwen2.5-7B,0.9435227722731646,23.895265579223633,-2.46484375,77.10144541375165
6,qwen,1,Qwen2.5-7B,0.9442492954169431,21.451570510864258,-2.388671875,76.98309406462168
6,qwen,2,Qwen2.5-7B,0.9347847899337904,23.7460994720459,-2.546875,77.18122850768597
6,qwen,3,Qwen2.5-7B,0.9330312753320326,25.134328842163086,-2.666015625,77.1865468805017
6,qwen,4,Qwen2.5-7B,0.9454195061659901,22.835012435913086,-2.400390625,77.02791331548575
7,qwen,0,Qwen2.5-7B,0.8676015129632333,28.85030746459961,-3.34765625,74.3769448311991
7,qwen,1,Qwen2.5-7B,0.8814487644062982,28.395273208618164,-3.33984375,75.15326569090189
7,qwen,2,Qwen2.5-7B,0.858044937703228,22.756256103515625,-3.103515625,74.06551721453614
8,qwen,0,Qwen2.5-7B,0.9058040201005025,24.47899055480957,-3.15234375,76.3200359400618
8,qwen,1,Qwen2.5-7B,0.8843709039211416,28.289945602416992,-3.310546875,75.3558848657663
8,qwen,2,Qwen2.5-7B,0.8611171679323829,22.812755584716797,-3.111328125,74.26861162591233
8,qwen,3,Qwen2.5-7B,0.9306467661691542,25.710338592529297,-3.171875,76.57512111886767
8,qwen,4,Qwen2.5-7B,0.8595705801735952,24.467920303344727,-3.064453125,74.30771856388016
9,qwen,0,Qwen2.5-7B,0.8718621583414857,14.941689491271973,-2.744140625,74.93434587590002
9,qwen,1,Qwen2.5-7B,0.8811339228207683,14.560495376586914,-2.712890625,75.42241745803082
10,qwen,0,Qwen2.5-7B,0.9578408195429471,33.24522018432617,-3.37109375,75.7436521263627
10,qwen,1,Qwen2.5-7B,0.9692307692307692,18.0623836517334,-2.796875,75.8529541058476
10,qwen,2,Qwen2.5-7B,0.9386250734469311,30.35272789001465,-3.314453125,76.29823744868224
10,qwen,3,Qwen2.5-7B,0.9532163742690059,22.301355361938477,-3.03515625,76.34912816952223
10,qwen,4,Qwen2.5-7B,0.9295037812079147,34.06541061401367,-3.447265625,76.01190708260164
11,qwen,0,Qwen2.5-7B,0.9434390853335353,18.427209854125977,-2.8984375,76.5344867572482
11,qwen,1,Qwen2.5-7B,0.9487179487179487,17.297243118286133,-2.828125,76.43718690869937
11,qwen,2,Qwen2.5-7B,0.9265505312577218,16.867895126342773,-2.794921875,76.66849619231921
11,qwen,3,Qwen2.5-7B,0.9401408450704225,17.74781608581543,-2.869140625,76.57286955241607
11,qwen,4,Qwen2.5-7B,0.9624060150375939,20.321664810180664,-2.974609375,76.05015229982764
12,qwen,0,Qwen2.5-7B,0.9003514564531513,30.2329158782959,-2.26953125,76.95521568538028
12,qwen,1,Qwen2.5-7B,0.8911765321281359,28.33294105529785,-2.326171875,76.64094500149163
12,qwen,2,Qwen2.5-7B,0.905317211524108,27.406679153442383,-2.373046875,77.06988369714585
12,qwen,3,Qwen2.5-7B,0.9298011109441235,24.408803939819336,-2.26171875,77.2273004738419
12,qwen,4,Qwen2.5-7B,0.8942767577250336,25.92243003845215,-2.279296875,76.6908548385832
13,qwen,0,Qwen2.5-7B,0.8033484336342047,21.998802185058594,-3.14453125,68.74987932490122
13,qwen,1,Qwen2.5-7B,0.8576639709359536,28.725540161132812,-3.412109375,73.55425211654371
13,qwen,2,Qwen2.5-7B,0.8625191052158631,20.60176658630371,-3.083984375,74.30169210923266
14,qwen,0,Qwen2.5-7B,0.7238287740209615,22.8043270111084,-3.0859375,57.7851024359867
14,qwen,1,Qwen2.5-7B,0.8454643645172738,21.475067138671875,-3.04296875,73.13599193215505
14,qwen,2,Qwen2.5-7B,0.8816725654426911,18.89276885986328,-2.919921875,75.54763246932644
14,qwen,3,Qwen2.5-7B,0.8437677992544164,24.27188491821289,-3.205078125,72.8255306136227
14,qwen,4,Qwen2.5-7B,0.8722464788900172,18.8877010345459,-2.89453125,75.08105757212547
15,qwen,0,Qwen2.5-7B,0.8922344322344322,17.855913162231445,-2.267578125,76.22570782984549
15,qwen,1,Qwen2.5-7B,0.9073500364329353,28.718036651611328,-2.701171875,77.03870804706523
15,qwen,2,Qwen2.5-7B,0.886893095380259,19.726078033447266,-2.408203125,76.15086713680576
15,qwen,3,Qwen2.5-7B,0.881238480542738,21.211748123168945,-2.427734375,75.97409215934448
15,qwen,4,Qwen2.5-7B,0.9052225847692101,23.82786750793457,-2.462890625,76.95888113363421
16,qwen,0,Qwen2.5-7B,0.8874706686263893,21.42185401916504,-2.98046875,75.87040055165679
16,qwen,1,Qwen2.5-7B,0.8629871099387846,17.650625228881836,-2.759765625,74.5653353425798
16,qwen,2,Qwen2.5-7B,0.8769523159767063,20.48760414123535,-2.9609375,75.34868529453134
16,qwen,3,Qwen2.5-7B,0.8265687660482964,14.563915252685547,-2.55859375,71.42879991957577
16,qwen,4,Qwen2.5-7B,0.8898023715415019,18.811077117919922,-2.91796875,75.90222459464039
17,qwen,0,Qwen2.5-7B,0.8600865697834555,16.56271743774414,-2.466796875,74.43592507149414
17,qwen,1,Qwen2.5-7B,0.8725207708982874,15.644765853881836,-2.447265625,75.15768509076923
17,qwen,2,Qwen2.5-7B,0.8561282751466841,17.46026039123535,-2.478515625,74.21507248337068
17,qwen,3,Qwen2.5-7B,0.8831097172802784,16.072477340698242,-2.498046875,75.7317630161133
17,qwen,4,Qwen2.5-7B,0.8637397288513504,16.047422409057617,-2.5234375,74.63402070494608
18,qwen,0,Qwen2.5-7B,0.9631901840490797,22.617719650268555,-3.146484375,75.8570908184025
18,qwen,1,Qwen2.5-7B,0.9167579408543264,21.728700637817383,-3.12109375,76.45125647293858
18,qwen,2,Qwen2.5-7B,0.9688679245283018,25.83863639831543,-3.294921875,75.44787583871506
18,qwen,3,Qwen2.5-7B,0.9038934290080394,23.015178680419922,-3.150390625,76.2197274057436
19,qwen,0,Qwen2.5-7B,0.8478103024396879,19.238765716552734,-2.9453125,73.34617879321542
20,qwen,0,Qwen2.5-7B,0.91061367443277,13.902420043945312,-2.603515625,76.42225600326427
20,qwen,1,Qwen2.5-7B,0.9344540820888849,17.253278732299805,-2.7890625,76.67855227680538
20,qwen,2,Qwen2.5-7B,0.9108674686564134,14.297017097473145,-2.60546875,76.45762305200594
20,qwen,3,Qwen2.5-7B,0.8908822287885183,16.662277221679688,-2.759765625,75.96832465494
20,qwen,4,Qwen2.5-7B,0.9101676665128441,14.027752876281738,-2.6015625,76.42507335392501
21,qwen,0,Qwen2.5-7B,0.9401913875598086,18.766666412353516,-1.994140625,76.71010266935447
21,qwen,1,Qwen2.5-7B,0.9207658944250503,16.068559646606445,-1.853515625,76.44531454054045
21,qwen,2,Qwen2.5-7B,0.9491734650064406,19.1560001373291,-1.97265625,76.55655216177662
21,qwen,3,Qwen2.5-7B,0.9289825282631039,18.821964263916016,-1.9189453125,76.72486070601059
21,qwen,4,Qwen2.5-7B,0.9263681592039801,16.730480194091797,-1.865234375,76.53074230556724
22,qwen,0,Qwen2.5-7B,0.8584860775516181,14.371977806091309,-2.654296875,74.0915811530583
22,qwen,1,Qwen2.5-7B,0.8495276555504092,13.966496467590332,-2.634765625,73.39831949880178
22,qwen,2,Qwen2.5-7B,0.822301935487338,13.503829002380371,-2.599609375,70.89634710605023
23,qwen,0,Qwen2.5-7B,0.9566858965339338,35.67528533935547,-3.580078125,75.17732020693121
23,qwen,1,Qwen2.5-7B,0.9397176181706569,35.41600036621094,-3.576171875,75.55755825153827
24,qwen,0,Qwen2.5-7B,0.8995643730646092,10.696215629577637,-1.822265625,75.57302421886135
24,qwen,1,Qwen2.5-7B,0.9034413849192517,11.393525123596191,-1.7333984375,75.63748167324992
24,qwen,2,Qwen2.5-7B,0.8936609693475879,9.988649368286133,-1.755859375,75.23677241879794
24,qwen,3,Qwen2.5-7B,0.8762655529072183,12.901928901672363,-1.8525390625,74.82855090226285
24,qwen,4,Qwen2.5-7B,0.8652695675363349,9.84449577331543,-1.802734375,73.85350254965137
25,qwen,0,Qwen2.5-7B,0.892436974789916,21.574626922607422,-3.056640625,75.95904108845392
25,qwen,1,Qwen2.5-7B,0.8640429338103756,16.455060958862305,-2.759765625,74.55198699498526
25,qwen,2,Qwen2.5-7B,0.8261756305187895,16.575511932373047,-2.728515625,71.44552556702814
25,qwen,3,Qwen2.5-7B,0.8845054368203974,19.875957489013672,-2.96484375,75.67904880523355
26,qwen,0,Qwen2.5-7B,0.94880174291939,17.710588455200195,-2.873046875,76.41454391783145
26,qwen,1,Qwen2.5-7B,0.9767441860465116,21.632293701171875,-3.072265625,75.34912788947037
26,qwen,2,Qwen2.5-7B,0.952755905511811,23.44959831237793,-3.115234375,76.27787129712912
26,qwen,3,Qwen2.5-7B,0.9161575299031293,23.764272689819336,-3.17578125,76.43270474759728
26,qwen,4,Qwen2.5-7B,0.9586776859504132,28.76349449157715,-3.298828125,75.88189162973934
27,qwen,0,Qwen2.5-7B,0.8958517178125546,68.61082458496094,-4.12109375,69.93490413943411
27,qwen,1,Qwen2.5-7B,0.9276441422246618,35.9875602722168,-3.51171875,75.7988291601653
27,qwen,2,Qwen2.5-7B,0.8892743014649089,49.027015686035156,-3.841796875,73.17435905008875
27,qwen,3,Qwen2.5-7B,0.8824748366801309,39.892982482910156,-3.58203125,74.37047693291696
27,qwen,4,Qwen2.5-7B,0.9007939762288247,60.83477020263672,-3.982421875,71.68835866743639
28,qwen,0,Qwen2.5-7B,0.9478527607361963,16.37944984436035,-2.228515625,76.56577323397369
28,qwen,1,Qwen2.5-7B,0.9105041215901103,17.47397804260254,-2.228515625,76.69447463212546
28,qwen,2,Qwen2.5-7B,0.9001471715227038,15.219654083251953,-2.1015625,76.2199530415067
28,qwen,3,Qwen2.5-7B,0.933078178645804,14.94594669342041,-2.08984375,76.58069267703596
28,qwen,4,Qwen2.5-7B,0.9037851699772494,11.663970947265625,-1.88671875,75.84499695514731
29,qwen,0,Qwen2.5-7B,0.9297297297297298,22.806503295898438,-2.662109375,77.11210283109133
29,qwen,1,Qwen2.5-7B,0.9509394415749681,29.491838455200195,-2.751953125,76.94934121201581
29,qwen,2,Qwen2.5-7B,0.9331416299114993,25.08413314819336,-2.56640625,77.23334809380187
29,qwen,3,Qwen2.5-7B,0.9316799638717448,28.180889129638672,-2.744140625,77.21174565463716
29,qwen,4,Qwen2.5-7B,0.9289473684210526,23.90744972229004,-2.595703125,77.19363872475672
30,qwen,0,Qwen2.5-7B,0.967479674796748,25.127349853515625,-3.216796875,75.6506031121558
30,qwen,1,Qwen2.5-7B,0.9921259842519685,23.48712158203125,-3.205078125,74.29898843981354
30,qwen,2,Qwen2.5-7B,1.0,20.929136276245117,-3.021484375,73.96027092215087
30,qwen,3,Qwen2.5-7B,0.9626865671641791,20.463245391845703,-3.05078125,75.93312581792611
30,qwen,4,Qwen2.5-7B,0.9770992366412213,24.63750648498535,-3.25,75.12285758051138
31,qwen,0,Qwen2.5-7B,0.9041299937906705,14.905062675476074,-2.673828125,76.3234470780514
31,qwen,1,Qwen2.5-7B,0.9195657411738027,19.058616638183594,-2.94140625,76.61157707069428
31,qwen,2,Qwen2.5-7B,0.8969626810470608,18.83957290649414,-2.958984375,76.10867585630194
31,qwen,3,Qwen2.5-7B,0.9029222209844794,16.42840003967285,-2.806640625,76.29973078884152
31,qwen,4,Qwen2.5-7B,0.8812285770433336,16.80968475341797,-2.869140625,75.44917106584272
32,qwen,0,Qwen2.5-7B,0.9413771807935772,19.897624969482422,-2.890625,76.66474468620034
32,qwen,1,Qwen2.5-7B,0.9615994732273802,51.363826751708984,-3.880859375,72.98846143421622
33,qwen,0,Qwen2.5-7B,0.9593908629441624,38.18058395385742,-2.95703125,76.35038452705798
33,qwen,1,Qwen2.5-7B,0.9787234042553191,38.971435546875,-2.970703125,75.47231841961899
33,qwen,2,Qwen2.5-7B,0.9591836734693877,38.65245819091797,-2.953125,76.34306002727045
33,qwen,3,Qwen2.5-7B,0.9560975609756097,32.63466262817383,-2.9609375,76.58185672952209
33,qwen,4,Qwen2.5-7B,0.95,30.967185974121094,-2.775390625,76.95893863093333
34,qwen,0,Qwen2.5-7B,0.9473500899750392,28.310523986816406,-3.3203125,76.1253524107809
34,qwen,1,Qwen2.5-7B,0.9411764705882353,29.803226470947266,-3.416015625,76.01878205152505
34,qwen,2,Qwen2.5-7B,0.9281067013662979,28.16483497619629,-3.36328125,76.22253239789194
34,qwen,3,Qwen2.5-7B,0.9259081206853451,30.251354217529297,-3.39453125,76.1669253576686
34,qwen,4,Qwen2.5-7B,0.9468186417475151,31.006311416625977,-3.44140625,75.86306293632894
35,qwen,0,Qwen2.5-7B,0.8773180503092264,28.898090362548828,-3.341796875,74.94760162293504
35,qwen,1,Qwen2.5-7B,0.8814211315394933,25.520065307617188,-3.234375,75.31901200441949
35,qwen,2,Qwen2.5-7B,0.8683049590847632,29.493589401245117,-3.3671875,74.3808550153933
35,qwen,3,Qwen2.5-7B,0.8915047335728842,24.200244903564453,-3.173828125,75.83096635831976
35,qwen,4,Qwen2.5-7B,0.8871766648321409,28.98281478881836,-3.35546875,75.38437592992932
36,qwen,0,Qwen2.5-7B,0.8818146371589247,10.911148071289062,-2.390625,75.25517099405664
36,qwen,1,Qwen2.5-7B,0.872579060281945,12.314338684082031,-2.5078125,74.88285350048949
36,qwen,2,Qwen2.5-7B,0.8605956979180035,10.481062889099121,-2.33984375,73.97080832359549
36,qwen,3,Qwen2.5-7B,0.894887191853086,12.675043106079102,-2.51953125,75.93559110529372
36,qwen,4,Qwen2.5-7B,0.8693675603479871,11.25244140625,-2.3984375,74.61217328189089
37,qwen,0,Qwen2.5-7B,0.9635959951405471,23.5324764251709,-2.423828125,76.5501834737064
37,qwen,1,Qwen2.5-7B,0.9675505324929363,21.5474910736084,-2.421875,76.30512864269112
37,qwen,2,Qwen2.5-7B,0.9577036573370293,23.096698760986328,-2.513671875,76.72138656111052
37,qwen,3,Qwen2.5-7B,0.9627484533368436,22.777912139892578,-2.47265625,76.54505400403082
37,qwen,4,Qwen2.5-7B,0.9577036573370293,24.09352684020996,-2.501953125,76.76413180195937
38,qwen,0,Qwen2.5-7B,0.8751335143330768,15.92912483215332,-2.23046875,75.29098505988385
38,qwen,1,Qwen2.5-7B,0.8721081571511371,16.700271606445312,-2.330078125,75.2054209476246
38,qwen,2,Qwen2.5-7B,0.9007824906835049,17.80726432800293,-2.357421875,76.52292174011343
38,qwen,3,Qwen2.5-7B,0.913700707785642,15.530950546264648,-2.240234375,76.61294689244967
38,qwen,4,Qwen2.5-7B,0.8994227344249867,15.246769905090332,-2.2734375,76.28272231250442
39,qwen,0,Qwen2.5-7B,0.976303317535545,36.37133026123047,-2.654296875,76.00518118911393
39,qwen,1,Qwen2.5-7B,0.925068065342729,31.58810043334961,-2.703125,77.27045048680228
39,qwen,2,Qwen2.5-7B,0.9674418604651163,29.978572845458984,-2.494140625,76.54499998450927
39,qwen,3,Qwen2.5-7B,0.9624413145539906,28.831247329711914,-2.705078125,76.63145327769527
39,qwen,4,Qwen2.5-7B,0.963302752293578,29.570695877075195,-2.54296875,76.69100857327952
40,qwen,0,Qwen2.5-7B,0.8085252943048044,18.691020965576172,-2.853515625,69.5906670011569
40,qwen,1,Qwen2.5-7B,0.7607422551940339,18.526948928833008,-2.79296875,63.478389369216195
40,qwen,2,Qwen2.5-7B,0.7194555799034357,15.092117309570312,-2.587890625,57.15192037155983
40,qwen,3,Qwen2.5-7B,0.700285082271668,16.756711959838867,-2.7421875,54.12966285146387
41,qwen,0,Qwen2.5-7B,0.9177530017152659,24.40509796142578,-2.701171875,77.09884193788469
41,qwen,1,Qwen2.5-7B,0.9046124191105603,21.024518966674805,-2.482421875,76.81280862392533
41,qwen,2,Qwen2.5-7B,0.9183633240404383,23.524473190307617,-2.611328125,77.1245190995036
41,qwen,3,Qwen2.5-7B,0.9129561752988047,21.236995697021484,-2.6484375,76.93014518943569
42,qwen,0,Qwen2.5-7B,0.9263844459206154,33.41039276123047,-3.505859375,75.86564796936547
42,qwen,1,Qwen2.5-7B,0.9566858965339338,30.849000930786133,-3.40625,75.70497471135259
42,qwen,2,Qwen2.5-7B,0.957345971563981,35.468746185302734,-3.53515625,75.29041483192022
42,qwen,3,Qwen2.5-7B,0.9605911330049262,36.97682189941406,-3.61328125,74.91597630889973
42,qwen,4,Qwen2.5-7B,0.9575471698113207,24.580013275146484,-3.201171875,76.02228774404375
43,qwen,0,Qwen2.5-7B,0.9532288068030825,29.905536651611328,-2.826171875,76.82566891845468
43,qwen,1,Qwen2.5-7B,0.9607374530556504,30.923065185546875,-2.896484375,76.52278999127283
43,qwen,2,Qwen2.5-7B,0.9431580369795473,34.594451904296875,-2.962890625,76.84748007925738
43,qwen,3,Qwen2.5-7B,0.9673994120486157,29.850841522216797,-2.84375,76.3269525565701
44,qwen,0,Qwen2.5-7B,0.8504613426662424,26.70309829711914,-2.669921875,74.14627764016234
44,qwen,1,Qwen2.5-7B,0.9172541743970315,27.193300247192383,-2.533203125,77.25737769883925
44,qwen,2,Qwen2.5-7B,0.8865061093883485,27.164621353149414,-2.568359375,76.40703396091438
44,qwen,3,Qwen2.5-7B,0.9140948138720968,24.860145568847656,-2.455078125,77.16738021070876
44,qwen,4,Qwen2.5-7B,0.9105747525612086,28.228445053100586,-2.607421875,77.1506316676938
45,qwen,0,Qwen2.5-7B,0.976878612716763,31.416975021362305,-3.4375,74.80936294919056
45,qwen,1,Qwen2.5-7B,0.972972972972973,35.88503646850586,-3.46484375,74.86463074324034
45,qwen,2,Qwen2.5-7B,0.9492895639392455,44.72267150878906,-3.662109375,74.66703129722104
45,qwen,3,Qwen2.5-7B,0.9381544502617801,32.802703857421875,-3.36328125,76.18338288760664
45,qwen,4,Qwen2.5-7B,0.9414549251653324,41.8326301574707,-3.62890625,75.10765298673752
46,qwen,0,Qwen2.5-7B,0.8803777260592419,36.424373626708984,-3.466796875,74.72666387831302
47,qwen,0,Qwen2.5-7B,0.9025378687217646,13.596961975097656,-2.060546875,76.12980420314221
47,qwen,1,Qwen2.5-7B,0.9079365079365078,13.413447380065918,-1.916015625,76.11979312374298
47,qwen,2,Qwen2.5-7B,0.9026589443201264,11.413991928100586,-1.9228515625,75.82967523413011
47,qwen,3,Qwen2.5-7B,0.886233085209704,14.895893096923828,-2.25390625,75.76578225559564
47,qwen,4,Qwen2.5-7B,0.8961367325958474,11.071316719055176,-1.857421875,75.5375383504386
48,qwen,0,Qwen2.5-7B,0.8754383201126844,23.739233016967773,-3.263671875,74.88776325843153
48,qwen,1,Qwen2.5-7B,0.8911935977446748,23.1990966796875,-3.197265625,75.73361929173107
48,qwen,2,Qwen2.5-7B,0.9285533489096572,27.042503356933594,-3.34375,76.24679598977262
48,qwen,3,Qwen2.5-7B,0.9250489158647127,27.109621047973633,-3.38671875,76.14128446875374
48,qwen,4,Qwen2.5-7B,0.8887558819247737,21.250913619995117,-3.134765625,75.66471110998931
49,qwen,0,Qwen2.5-7B,0.819651555234381,11.559455871582031,-2.453125,70.49556955851665
49,qwen,1,Qwen2.5-7B,0.8636162303753686,11.574013710021973,-2.462890625,74.27466211258756
50,qwen,0,Qwen2.5-7B,0.8195612156920309,16.66714859008789,-2.8203125,70.69442680543814
50,qwen,1,Qwen2.5-7B,0.8024944087728157,17.28017807006836,-2.830078125,68.8262900052604
50,qwen,2,Qwen2.5-7B,0.8050983707092304,16.865915298461914,-2.763671875,69.16448259464073
50,qwen,3,Qwen2.5-7B,0.7817478501035717,18.7003231048584,-2.90234375,66.2518242164182
50,qwen,4,Qwen2.5-7B,0.8246834732901063,18.623065948486328,-2.931640625,71.22394423927878
51,qwen,0,Qwen2.5-7B,0.86591956474662,20.894887924194336,-3.037109375,74.61591899487887
51,qwen,1,Qwen2.5-7B,0.8651597551067989,22.568561553955078,-3.095703125,74.55313519081682
51,qwen,2,Qwen2.5-7B,0.9069408966286958,22.879545211791992,-3.130859375,76.32166051901173
52,qwen,0,Qwen2.5-7B,0.9556768779698717,21.639965057373047,-3.076171875,76.18247979780733
52,qwen,1,Qwen2.5-7B,0.940531561461794,21.425365447998047,-3.083984375,76.48062271616236
52,qwen,2,Qwen2.5-7B,0.9637947238432453,20.50040626525879,-3.041015625,75.9098563262977
52,qwen,3,Qwen2.5-7B,0.9416264866602378,20.56949234008789,-3.048828125,76.47821354466772
52,qwen,4,Qwen2.5-7B,0.9321994543449237,18.703487396240234,-2.939453125,76.61827782771273
53,qwen,0,Qwen2.5-7B,0.9095355727890606,21.752695083618164,-2.603515625,76.91942555549498
53,qwen,1,Qwen2.5-7B,0.9343629343629344,15.916592597961426,-2.251953125,76.72895522504183
53,qwen,2,Qwen2.5-7B,0.9435820468839337,15.544753074645996,-2.35546875,76.61753061793456
53,qwen,3,Qwen2.5-7B,0.9225625694287706,17.92042350769043,-2.39453125,76.90420605661315
53,qwen,4,Qwen2.5-7B,0.9285448827901658,19.64975929260254,-2.513671875,77.01411080415967
54,qwen,0,Qwen2.5-7B,0.9555768796568075,76.42463684082031,-3.5078125,71.0346528482701
54,qwen,1,Qwen2.5-7B,0.94212534471686,67.64913177490234,-3.44140625,72.73127954945859
54,qwen,2,Qwen2.5-7B,0.9510021750824427,61.04899215698242,-3.328125,73.7490320483883
54,qwen,3,Qwen2.5-7B,0.9388898035761312,67.62568664550781,-3.404296875,72.87196792871082
54,qwen,4,Qwen2.5-7B,0.9563358778625954,72.55522918701172,-3.576171875,71.35186722240412
55,qwen,0,Qwen2.5-7B,0.8898296845431344,19.304052352905273,-2.845703125,76.01776331472196
55,qwen,1,Qwen2.5-7B,0.8415418302055857,15.321464538574219,-2.640625,72.84045987549243
55,qwen,2,Qwen2.5-7B,0.8740607191888818,17.664512634277344,-2.77734375,75.22763176007457
55,qwen,3,Qwen2.5-7B,0.8592471358428805,20.47802734375,-2.931640625,74.29826268254203
56,qwen,0,Qwen2.5-7B,0.9049113116761097,27.701160430908203,-3.306640625,76.0690190457153
56,qwen,1,Qwen2.5-7B,0.9000055426319395,23.975528717041016,-3.140625,76.17099764114543
56,qwen,2,Qwen2.5-7B,0.8054278553261963,28.38218116760254,-3.328125,68.81390885950827
56,qwen,3,Qwen2.5-7B,0.8591219859966935,26.02713394165039,-3.212890625,74.05411424732159
56,qwen,4,Qwen2.5-7B,0.908151486810197,31.14763641357422,-3.3984375,75.9570207214224
57,qwen,0,Qwen2.5-7B,0.9582641945025612,19.213743209838867,-2.10546875,76.41510780700622
57,qwen,1,Qwen2.5-7B,0.9460387002555677,19.974796295166016,-2.263671875,76.84778447539708
57,qwen,2,Qwen2.5-7B,0.9515151515151515,20.0744686126709,-2.171875,76.69487416250686
57,qwen,3,Qwen2.5-7B,0.9523809523809523,19.78983497619629,-2.28125,76.70024231660535
57,qwen,4,Qwen2.5-7B,0.9393236570402513,19.86823844909668,-2.12890625,76.88445691326913
58,qwen,0,Qwen2.5-7B,0.8383669762980108,18.635589599609375,-2.806640625,72.66635778588949
58,qwen,1,Qwen2.5-7B,0.839030595053575,20.557058334350586,-2.90625,72.72872229329617
58,qwen,2,Qwen2.5-7B,0.8809844827905084,16.088279724121094,-2.662109375,75.56524478390664
58,qwen,3,Qwen2.5-7B,0.8389313906555287,17.31215476989746,-2.775390625,72.65868347981505
59,qwen,0,Qwen2.5-7B,0.8797412219788828,14.846341133117676,-2.36328125,75.4831097541236
59,qwen,1,Qwen2.5-7B,0.9161573212862079,21.260875701904297,-2.4609375,77.04053954074277
59,qwen,2,Qwen2.5-7B,0.9133149467555352,18.556608200073242,-2.34375,76.84409071803452
59,qwen,3,Qwen2.5-7B,0.9301917423544381,18.385910034179688,-2.40625,76.94649634632077
59,qwen,4,Qwen2.5-7B,0.9419262311638993,20.065807342529297,-2.458984375,76.9436608052872
60,qwen,0,Qwen2.5-7B,0.8876966749437598,35.646522521972656,-3.546875,74.86339075566316
60,qwen,1,Qwen2.5-7B,0.8767025064522812,34.31380844116211,-3.462890625,74.59927500469402
60,qwen,2,Qwen2.5-7B,0.9315068493150684,33.14010238647461,-3.4765625,75.94203299908544
60,qwen,3,Qwen2.5-7B,0.8903364429158228,30.81316566467285,-3.353515625,75.53080892197286
61,qwen,0,Qwen2.5-7B,0.9234807648411848,20.019838333129883,-2.3828125,77.0375089531376
61,qwen,1,Qwen2.5-7B,0.9270343850227494,21.265331268310547,-2.44140625,77.1143297535573
61,qwen,2,Qwen2.5-7B,0.9144058216758514,20.0170841217041,-2.349609375,76.94890799490902
61,qwen,3,Qwen2.5-7B,0.9035139743494699,17.87933921813965,-2.201171875,76.55669083005264
61,qwen,4,Qwen2.5-7B,0.9125491140929647,21.589813232421875,-2.46484375,77.00537381221339
62,qwen,0,Qwen2.5-7B,0.9512948443810881,13.745613098144531,-2.5546875,76.29646550864445
62,qwen,1,Qwen2.5-7B,0.7946168873453441,16.312767028808594,-2.69921875,67.92273480156169
62,qwen,2,Qwen2.5-7B,0.8420779745228902,14.910991668701172,-2.62109375,72.86543610384179
62,qwen,3,Qwen2.5-7B,0.8705884289252735,16.068330764770508,-2.69921875,74.97869112029217
63,qwen,0,Qwen2.5-7B,0.9096025391890141,22.668331146240234,-3.041015625,76.51955373254475
63,qwen,1,Qwen2.5-7B,0.9218096234309623,23.5564022064209,-3.02734375,76.73493206051683
64,qwen,0,Qwen2.5-7B,0.8618343384427901,29.2381534576416,-3.404296875,73.87016693068999
64,qwen,1,Qwen2.5-7B,0.8726772456751644,24.030473709106445,-3.1640625,74.94690157033381
64,qwen,2,Qwen2.5-7B,0.8887197035657157,23.383468627929688,-3.15234375,75.72970858469101
64,qwen,3,Qwen2.5-7B,0.8564296017095093,18.629920959472656,-2.927734375,73.99305475385835
64,qwen,4,Qwen2.5-7B,0.8772936445350238,22.08274269104004,-3.0859375,75.25665308569263
65,qwen,0,Qwen2.5-7B,0.9884393063583815,25.597326278686523,-3.203125,74.61190689965619
65,qwen,1,Qwen2.5-7B,0.9887640449438202,31.549617767333984,-3.40625,74.21856157556006
65,qwen,2,Qwen2.5-7B,0.9942528735632183,31.56821060180664,-3.400390625,73.87801018041336
65,qwen,3,Qwen2.5-7B,0.9881656804733728,30.200021743774414,-3.3046875,74.49490912776639
66,qwen,0,Qwen2.5-7B,0.9207291005831153,21.914962768554688,-2.318359375,77.11217852083006
66,qwen,1,Qwen2.5-7B,0.9191708401388874,21.18193244934082,-2.24609375,77.04218800425477
66,qwen,2,Qwen2.5-7B,0.9267026235804925,24.485742568969727,-2.509765625,77.24409759393563
66,qwen,3,Qwen2.5-7B,0.9168328898094892,25.41811180114746,-2.49609375,77.2149280678637
66,qwen,4,Qwen2.5-7B,0.9188858094035456,24.777421951293945,-2.41796875,77.22424243409837
67,qwen,0,Qwen2.5-7B,0.9104221227225366,23.423336029052734,-2.666015625,76.97781038567888
67,qwen,1,Qwen2.5-7B,0.9395955755271345,25.26787757873535,-2.787109375,77.0391924614938
67,qwen,2,Qwen2.5-7B,0.9348381348381348,23.384666442871094,-2.623046875,77.13460191138006
67,qwen,3,Qwen2.5-7B,0.9320486231132619,20.012718200683594,-2.591796875,76.99967497226231
67,qwen,4,Qwen2.5-7B,0.9384057971014492,25.118267059326172,-2.681640625,77.13148786052666
68,qwen,0,Qwen2.5-7B,0.9047434932134063,18.441537857055664,-2.876953125,76.40769116181033
68,qwen,1,Qwen2.5-7B,0.926025681177576,20.383787155151367,-2.958984375,76.69961322683862
68,qwen,2,Qwen2.5-7B,0.898634271321869,19.617090225219727,-2.916015625,76.26472492125224
68,qwen,3,Qwen2.5-7B,0.9205094130675527,17.563947677612305,-2.822265625,76.6621698392909
68,qwen,4,Qwen2.5-7B,0.9315960912052117,20.28670310974121,-2.96875,76.6750550855202
69,qwen,0,Qwen2.5-7B,0.9399695718322104,15.130566596984863,-2.6640625,76.56573612351828
69,qwen,1,Qwen2.5-7B,0.9394100451767208,20.297531127929688,-2.912109375,76.68724477648604
69,qwen,2,Qwen2.5-7B,0.9573405357407133,20.838058471679688,-2.900390625,76.34491050992624
69,qwen,3,Qwen2.5-7B,0.9196287737060269,17.414939880371094,-2.712890625,76.74029835999644
69,qwen,4,Qwen2.5-7B,0.9192874056533964,18.014083862304688,-2.755859375,76.7434421038671
70,qwen,0,Qwen2.5-7B,0.952054794520548,16.25356101989746,-2.798828125,76.31367543978301
70,qwen,1,Qwen2.5-7B,0.9264111049825335,21.921344757080078,-3.12109375,76.52437966557979
70,qwen,2,Qwen2.5-7B,0.9516317016317016,18.03928565979004,-2.9296875,76.3009369715548
70,qwen,3,Qwen2.5-7B,0.9523809523809523,18.227548599243164,-2.9453125,76.27373352633927
70,qwen,4,Qwen2.5-7B,0.9304639022948883,20.26784896850586,-3.0703125,76.52305672726939
71,qwen,0,Qwen2.5-7B,0.9247420634920634,24.13109588623047,-2.318359375,77.22902974559015
71,qwen,1,Qwen2.5-7B,0.9223790702051572,20.826316833496094,-2.15234375,77.00479076800124
71,qwen,2,Qwen2.5-7B,0.9512896825396826,23.53217887878418,-2.240234375,76.89921106285804
71,qwen,3,Qwen2.5-7B,0.9316999957722065,25.298179626464844,-2.240234375,77.24411912750125
71,qwen,4,Qwen2.5-7B,0.9388283484040498,24.313493728637695,-2.30078125,77.17333617363938
72,qwen,0,Qwen2.5-7B,0.7779231996841118,12.922898292541504,-2.466796875,65.60858657240996
72,qwen,1,Qwen2.5-7B,0.7089203417906286,11.022768020629883,-2.30078125,55.167147845284276
72,qwen,2,Qwen2.5-7B,0.7339788201356784,10.708305358886719,-2.328125,59.068989798581065
72,qwen,3,Qwen2.5-7B,0.7204077820928997,12.265848159790039,-2.453125,57.105752919896325
73,qwen,0,Qwen2.5-7B,0.94272030651341,34.051395416259766,-2.787109375,77.06615433271263
73,qwen,1,Qwen2.5-7B,0.9260439376152942,32.129005432128906,-2.587890625,77.33573439163182
73,qwen,2,Qwen2.5-7B,0.9120290739610498,29.73705291748047,-2.587890625,77.20277187826508
73,qwen,3,Qwen2.5-7B,0.9379559824902723,33.799468994140625,-2.7578125,77.15871051877984
73,qwen,4,Qwen2.5-7B,0.9055513349251139,31.263761520385742,-2.609375,77.06858542156327
74,qwen,0,Qwen2.5-7B,0.8391281470452131,18.684938430786133,-2.546875,72.90442609496807
74,qwen,1,Qwen2.5-7B,0.8633555427383156,20.22343635559082,-2.607421875,74.84900479211309
74,qwen,2,Qwen2.5-7B,0.8498848297153936,20.50166130065918,-2.65625,73.86154902532195
74,qwen,3,Qwen2.5-7B,0.8521495266063901,17.559980392456055,-2.548828125,73.90679343824645
74,qwen,4,Qwen2.5-7B,0.8628584113230108,20.916290283203125,-2.654296875,74.82901762764095
75,qwen,0,Qwen2.5-7B,0.8820079552443113,22.95758628845215,-3.07421875,75.55225109482487
75,qwen,1,Qwen2.5-7B,0.8496369225876554,25.23870086669922,-3.14453125,73.4548523050162
76,qwen,0,Qwen2.5-7B,0.9787234042553191,21.612747192382812,-1.8740234375,75.48863684605585
76,qwen,1,Qwen2.5-7B,0.9374174122750688,21.3100528717041,-1.7939453125,76.68456844443557
76,qwen,2,Qwen2.5-7B,0.971830985915493,24.03673553466797,-1.8173828125,75.87097285314512
76,qwen,3,Qwen2.5-7B,0.9061788169842019,20.43642234802246,-1.771484375,76.41254981609177
76,qwen,4,Qwen2.5-7B,0.9310038677734213,24.334707260131836,-1.8388671875,76.91133208340226
77,qwen,0,Qwen2.5-7B,0.9760765550239234,27.594501495361328,-3.21484375,75.32784311369478
77,qwen,1,Qwen2.5-7B,0.9586746885133982,32.08698272705078,-3.4296875,75.58144743911382
77,qwen,2,Qwen2.5-7B,0.9666666666666667,40.17477035522461,-3.583984375,74.64129975756062
77,qwen,3,Qwen2.5-7B,0.981042654028436,36.635807037353516,-3.52734375,74.26450158365334
77,qwen,4,Qwen2.5-7B,0.903611660724129,31.6852970123291,-3.435546875,75.75751454725778
78,qwen,0,Qwen2.5-7B,0.9320292989770436,34.27238845825195,-3.533203125,75.76877891578643
78,qwen,1,Qwen2.5-7B,0.9322302829748419,40.4383430480957,-3.716796875,75.00118910181672
78,qwen,2,Qwen2.5-7B,0.9197813615214347,35.81985855102539,-3.5859375,75.55900971277842
78,qwen,3,Qwen2.5-7B,0.9158422550481096,37.29970932006836,-3.658203125,75.25575419859815
78,qwen,4,Qwen2.5-7B,0.8975269130055281,31.788362503051758,-3.439453125,75.57270504199438
79,qwen,0,Qwen2.5-7B,0.8873628496368413,22.421234130859375,-2.513671875,76.29890783534468
79,qwen,1,Qwen2.5-7B,0.8818911863606868,23.8508243560791,-2.591796875,76.08662314576354
79,qwen,2,Qwen2.5-7B,0.8946102985373673,25.420761108398438,-2.6484375,76.63924430259863
79,qwen,3,Qwen2.5-7B,0.8651617790034365,23.52193260192871,-2.546875,75.1506988074511
79,qwen,4,Qwen2.5-7B,0.8712060156344628,23.90325927734375,-2.6875,75.46763051778375
80,qwen,0,Qwen2.5-7B,0.9357926556202418,14.145660400390625,-2.564453125,76.58120010729824
80,qwen,1,Qwen2.5-7B,0.9232017397122784,16.475555419921875,-2.740234375,76.6778952296312
80,qwen,2,Qwen2.5-7B,0.9073568103622748,11.959653854370117,-2.419921875,76.23809176959983
81,qwen,0,Qwen2.5-7B,0.9571428571428572,44.85518264770508,-3.16015625,75.70398754296936
81,qwen,1,Qwen2.5-7B,0.9374757907648098,47.85243225097656,-3.12890625,75.914385654574
81,qwen,2,Qwen2.5-7B,0.9602272727272727,45.09916305541992,-3.154296875,75.59700876048662
81,qwen,3,Qwen2.5-7B,0.9568965517241379,44.9549674987793,-3.15234375,75.71858293919911
81,qwen,4,Qwen2.5-7B,0.9627507163323782,48.44127655029297,-3.1328125,75.26372788841908
82,qwen,0,Qwen2.5-7B,0.7942491536444021,15.223054885864258,-2.0546875,67.7608285127185
82,qwen,1,Qwen2.5-7B,0.7932068698484174,15.939454078674316,-2.134765625,67.73856617785826
82,qwen,2,Qwen2.5-7B,0.7862578474986979,14.954373359680176,-2.072265625,66.7462438557181
82,qwen,3,Qwen2.5-7B,0.7835228031850544,15.95923900604248,-2.107421875,66.49190157115237
82,qwen,4,Qwen2.5-7B,0.7814806656691251,14.402703285217285,-1.9990234375,66.02571620649692
83,qwen,0,Qwen2.5-7B,0.6842604898424149,16.051898956298828,-2.736328125,51.4978011487041
83,qwen,1,Qwen2.5-7B,0.9482984293193718,19.563215255737305,-2.939453125,76.46046437167492
83,qwen,2,Qwen2.5-7B,0.8929188255613126,22.223495483398438,-3.001953125,76.09290134062388
83,qwen,3,Qwen2.5-7B,0.8618161308516639,13.981118202209473,-2.623046875,74.30785962806887
83,qwen,4,Qwen2.5-7B,0.8777814136125655,14.82632064819336,-2.6484375,75.3166818389292
85,qwen,0,Qwen2.5-7B,0.9650111193476649,47.006080627441406,-3.095703125,75.37320696114952
85,qwen,1,Qwen2.5-7B,0.9528401282638571,48.42242431640625,-3.216796875,75.41401928239695
85,qwen,2,Qwen2.5-7B,0.9501536098310293,37.71686935424805,-3.017578125,76.54140015120808
85,qwen,3,Qwen2.5-7B,0.9637425348374253,44.471656799316406,-3.154296875,75.51919703581419
85,qwen,4,Qwen2.5-7B,0.966789667896679,44.44306945800781,-3.15625,75.39902408356673
86,qwen,0,Qwen2.5-7B,0.9654178674351584,22.125873565673828,-2.37890625,76.41804864221106
86,qwen,1,Qwen2.5-7B,0.942422720423725,25.064428329467773,-2.453125,77.16210407770124
86,qwen,2,Qwen2.5-7B,0.9766081871345029,30.45799446105957,-2.65625,76.0647302051057
86,qwen,3,Qwen2.5-7B,0.9531999309987925,23.163232803344727,-2.51171875,76.85478835457084
86,qwen,4,Qwen2.5-7B,0.9742857142857143,30.657602310180664,-2.7421875,76.11941544241783
87,qwen,0,Qwen2.5-7B,0.9340801313229572,16.95993423461914,-2.8359375,76.61448786033661
87,qwen,1,Qwen2.5-7B,0.935573239021515,17.898937225341797,-2.8359375,76.66729304960197
87,qwen,2,Qwen2.5-7B,0.9144731414502041,17.184860229492188,-2.77734375,76.61330931298679
87,qwen,3,Qwen2.5-7B,0.950225507641126,18.622901916503906,-2.91015625,76.39719045477281
87,qwen,4,Qwen2.5-7B,0.904771493603367,18.05324363708496,-2.859375,76.40316464730692
88,qwen,0,Qwen2.5-7B,0.871347712736355,22.738584518432617,-3.10546875,74.92367768541513
88,qwen,1,Qwen2.5-7B,0.8441251960455124,25.630706787109375,-3.232421875,72.84527965559728
88,qwen,2,Qwen2.5-7B,0.878983228354379,24.611486434936523,-3.205078125,75.22817719259895
88,qwen,3,Qwen2.5-7B,0.8502711040012757,26.79180145263672,-3.291015625,73.25021254304193
88,qwen,4,Qwen2.5-7B,0.858202937388695,24.333019256591797,-3.19140625,73.97752162043079
89,qwen,0,Qwen2.5-7B,0.9491525423728814,38.167015075683594,-3.6328125,75.13768616014926
89,qwen,1,Qwen2.5-7B,0.9506726457399103,33.105506896972656,-3.552734375,75.4657046272845
89,qwen,2,Qwen2.5-7B,0.9541284403669725,37.10829162597656,-3.65234375,74.9932239722829
89,qwen,3,Qwen2.5-7B,0.9736842105263158,31.003206253051758,-3.47265625,74.87399860442602
90,qwen,0,Qwen2.5-7B,0.6751047553146504,10.583483695983887,-2.361328125,49.687608086196775
90,qwen,1,Qwen2.5-7B,0.7364181501349643,13.408759117126465,-2.533203125,59.66600416112446
90,qwen,2,Qwen2.5-7B,0.7079527930763178,17.041170120239258,-2.802734375,55.323700365377995
90,qwen,3,Qwen2.5-7B,0.7104140237573521,17.893898010253906,-2.8515625,55.7235832848098
90,qwen,4,Qwen2.5-7B,0.7065327771528558,10.34349536895752,-2.31640625,54.72795150432354
91,qwen,0,Qwen2.5-7B,0.9581993569131833,29.384090423583984,-2.349609375,76.88116528917172
91,qwen,1,Qwen2.5-7B,0.9702970297029703,38.31410217285156,-2.740234375,76.15958921223557
91,qwen,2,Qwen2.5-7B,0.9485530546623794,42.96440505981445,-2.75,76.61946778314552
91,qwen,3,Qwen2.5-7B,0.9525316455696202,37.73353576660156,-2.6171875,76.88345751228916
92,qwen,0,Qwen2.5-7B,0.9004201985075707,18.07671546936035,-2.912109375,76.22712043127957
92,qwen,1,Qwen2.5-7B,0.9244794364446286,16.631174087524414,-2.798828125,76.64298917122125
92,qwen,2,Qwen2.5-7B,0.9033843781931296,22.014179229736328,-3.0546875,76.3276651552658
92,qwen,3,Qwen2.5-7B,0.9342305284807296,18.168624877929688,-2.890625,76.63378729642862
93,qwen,0,Qwen2.5-7B,0.9555555555555556,24.39642333984375,-2.724609375,76.73170007573397
93,qwen,1,Qwen2.5-7B,0.9519650655021834,27.83774757385254,-2.810546875,76.84810972283087
93,qwen,2,Qwen2.5-7B,0.9024290308644937,20.829204559326172,-2.611328125,76.70490345243562
93,qwen,3,Qwen2.5-7B,0.954954954954955,24.872493743896484,-2.736328125,76.7564675271639
93,qwen,4,Qwen2.5-7B,0.9119859236955256,22.481582641601562,-2.693359375,76.94665273830466
95,qwen,0,Qwen2.5-7B,0.7721046077210462,18.21538734436035,-2.857421875,64.98033634519946
95,qwen,1,Qwen2.5-7B,0.8709181463340091,20.21318817138672,-3.03125,74.89390011477006
95,qwen,2,Qwen2.5-7B,0.8175389545111836,19.08243751525879,-2.953125,70.48384508987202
96,qwen,0,Qwen2.5-7B,0.9076021834642525,15.808207511901855,-2.18359375,76.49887347744234
96,qwen,1,Qwen2.5-7B,0.9015148534330121,16.656503677368164,-2.326171875,76.45963053184708
96,qwen,2,Qwen2.5-7B,0.8856194183650102,18.355318069458008,-2.365234375,76.009395173194
96,qwen,3,Qwen2.5-7B,0.8978288633461047,16.946243286132812,-2.2109375,76.33518910817953
96,qwen,4,Qwen2.5-7B,0.9229606680016623,15.37432861328125,-2.17578125,76.6658607705662
97,qwen,0,Qwen2.5-7B,0.8836332636416926,22.431217193603516,-3.08984375,75.57866928093902
97,qwen,1,Qwen2.5-7B,0.9204634065206279,20.97032928466797,-3.080078125,76.51981501431715
97,qwen,2,Qwen2.5-7B,0.9356182003159055,20.92666244506836,-2.986328125,76.66052815465552
97,qwen,3,Qwen2.5-7B,0.907987500400726,16.662389755249023,-2.837890625,76.40416974134865
98,qwen,0,Qwen2.5-7B,0.978448275862069,40.87400817871094,-2.826171875,75.56724552656019
98,qwen,1,Qwen2.5-7B,0.9650655021834061,39.667301177978516,-2.96484375,76.07089027408604
98,qwen,2,Qwen2.5-7B,0.974025974025974,40.4547119140625,-2.876953125,75.75522635059538
98,qwen,3,Qwen2.5-7B,0.9826086956521739,45.90888595581055,-3.001953125,74.7794016350305
98,qwen,4,Qwen2.5-7B,0.9829059829059829,35.23044967651367,-2.705078125,75.6508146008212
99,qwen,0,Qwen2.5-7B,0.9372006452611953,21.717758178710938,-3.021484375,76.63450759353397
99,qwen,1,Qwen2.5-7B,0.9360464228704245,22.489662170410156,-3.0234375,76.67879581393561
99,qwen,2,Qwen2.5-7B,0.9378474031613687,22.37392807006836,-3.009765625,76.67694064009258
99,qwen,3,Qwen2.5-7B,0.9131887785626625,31.56368637084961,-3.330078125,76.21163860860942
100,qwen,0,Qwen2.5-7B,0.8203131434702343,17.078336715698242,-2.2890625,70.98852675482664
100,qwen,1,Qwen2.5-7B,0.7802109994381672,15.507129669189453,-2.06640625,65.9960427235849
100,qwen,2,Qwen2.5-7B,0.789420731707317,15.0442476272583,-2.091796875,67.1698638426571
100,qwen,3,Qwen2.5-7B,0.8328598050962753,17.67333984375,-2.259765625,72.26410823271222
100,qwen,4,Qwen2.5-7B,0.8409278477552763,15.765665054321289,-2.2421875,72.85254908192863
101,qwen,0,Qwen2.5-7B,0.9471620755925688,35.42488479614258,-3.583984375,75.41257804738494
102,qwen,0,Qwen2.5-7B,0.8868969604385978,21.730146408081055,-2.4765625,76.25363274278557
102,qwen,1,Qwen2.5-7B,0.8930525687133776,21.12845802307129,-2.48828125,76.465046319483
102,qwen,2,Qwen2.5-7B,0.872051075727761,21.31770896911621,-2.576171875,75.45959420760859
102,qwen,3,Qwen2.5-7B,0.8798943743354556,19.629541397094727,-2.361328125,75.81843477361161
102,qwen,4,Qwen2.5-7B,0.8908681597938076,21.390310287475586,-2.50390625,76.39327011102138
103,qwen,0,Qwen2.5-7B,0.7522347046931683,10.46323299407959,-1.8408203125,61.460151523691415
103,qwen,1,Qwen2.5-7B,0.771213648831609,12.623825073242188,-1.98828125,64.49055379060862
103,qwen,2,Qwen2.5-7B,0.760027455575366,13.73061466217041,-2.044921875,63.06079004503481
103,qwen,3,Qwen2.5-7B,0.748030069615837,11.757248878479004,-1.9453125,61.0627269276386
103,qwen,4,Qwen2.5-7B,0.7374369604884645,12.647395133972168,-2.021484375,59.614464283816915
104,qwen,0,Qwen2.5-7B,0.9284118464042986,31.801645278930664,-2.751953125,77.23604868746189
104,qwen,1,Qwen2.5-7B,0.9155974382005183,32.458160400390625,-2.755859375,77.15020955043909
104,qwen,2,Qwen2.5-7B,0.9122345303515973,27.047048568725586,-2.669921875,77.1223843857504
104,qwen,3,Qwen2.5-7B,0.8940169524458728,28.66363525390625,-2.638671875,76.69657633511605
104,qwen,4,Qwen2.5-7B,0.908524326092637,29.977357864379883,-2.6171875,77.12618121005886
106,qwen,0,Qwen2.5-7B,0.8711532959487297,22.086318969726562,-3.025390625,75.01389469514166
106,qwen,1,Qwen2.5-7B,0.8589336465134059,23.16224479675293,-3.072265625,74.19916033822096
106,qwen,2,Qwen2.5-7B,0.8798303677373897,20.98566436767578,-2.990234375,75.4819849254361
106,qwen,3,Qwen2.5-7B,0.8395075295606181,21.026519775390625,-2.990234375,72.68356634972675
106,qwen,4,Qwen2.5-7B,0.8787080244787415,21.75583839416504,-3.04296875,75.38454294011298
108,qwen,0,Qwen2.5-7B,0.9098318470925246,33.68061828613281,-3.4296875,75.893541748657
108,qwen,1,Qwen2.5-7B,0.9476190476190476,24.216325759887695,-3.123046875,76.41426360689347
108,qwen,2,Qwen2.5-7B,0.8880982024550613,29.526538848876953,-3.375,75.38189609603107
108,qwen,3,Qwen2.5-7B,0.9036073015152324,28.679964065551758,-3.267578125,76.13886667207707
109,qwen,0,Qwen2.5-7B,0.9060244861394515,26.746564865112305,-3.30078125,76.08790123689072
109,qwen,1,Qwen2.5-7B,0.921637634790852,23.21166229248047,-3.166015625,76.48061626521682
109,qwen,2,Qwen2.5-7B,0.9182976199685412,27.125944137573242,-3.3046875,76.29071412304978
109,qwen,3,Qwen2.5-7B,0.948313369131213,29.413480758666992,-3.4375,75.83389172886132
110,qwen,0,Qwen2.5-7B,0.9551758793969849,23.95772933959961,-3.20703125,76.05838353351696
110,qwen,1,Qwen2.5-7B,0.9290233509879896,24.76592254638672,-3.267578125,76.35330290567794
110,qwen,2,Qwen2.5-7B,0.9323574894683516,25.740209579467773,-3.265625,76.37850366277388
110,qwen,3,Qwen2.5-7B,0.9583333333333334,26.48015594482422,-3.30859375,75.82677575729434
110,qwen,4,Qwen2.5-7B,0.9473150962512664,21.100059509277344,-3.09375,76.33258121702767
111,qwen,0,Qwen2.5-7B,0.9219746061851325,29.472305297851562,-2.623046875,77.29785533013958
111,qwen,1,Qwen2.5-7B,0.931795394334624,30.166688919067383,-2.736328125,77.2392299185535
111,qwen,2,Qwen2.5-7B,0.9304926936505884,28.597204208374023,-2.6328125,77.29699097828178
111,qwen,3,Qwen2.5-7B,0.9265312701482914,36.124664306640625,-2.78515625,77.13732207596216
111,qwen,4,Qwen2.5-7B,0.9172145059883818,32.23295593261719,-2.6640625,77.23791388936993
112,qwen,0,Qwen2.5-7B,0.9727272727272728,22.578685760498047,-3.021484375,75.66951278089746
112,qwen,1,Qwen2.5-7B,0.9906542056074766,25.43315315246582,-3.12890625,74.60887499479499
112,qwen,2,Qwen2.5-7B,0.9666666666666667,21.0911922454834,-2.96875,75.9371319068684
112,qwen,3,Qwen2.5-7B,0.9823008849557522,22.274078369140625,-3.0078125,75.18630865326298
112,qwen,4,Qwen2.5-7B,0.9823008849557522,23.50497817993164,-3.05859375,75.1608424420744
113,qwen,0,Qwen2.5-7B,0.9470588235294117,20.75095558166504,-3.052734375,76.38752715518831
113,qwen,1,Qwen2.5-7B,0.9451219512195121,17.74503517150879,-2.896484375,76.4632299813925
113,qwen,2,Qwen2.5-7B,0.9401197604790419,19.331396102905273,-3.005859375,76.494294358012
113,qwen,3,Qwen2.5-7B,0.9506172839506173,21.22289276123047,-3.05859375,76.32446879477551
113,qwen,4,Qwen2.5-7B,0.9414549251653324,21.09763526916504,-2.98828125,76.60095597327674
114,qwen,0,Qwen2.5-7B,0.9883040935672515,53.19596862792969,-2.98046875,73.76460609152973
114,qwen,1,Qwen2.5-7B,0.9763313609467456,50.027549743652344,-2.9453125,74.81883599824442
114,qwen,2,Qwen2.5-7B,0.9818181818181818,45.436195373535156,-2.900390625,74.99794860591383
114,qwen,3,Qwen2.5-7B,0.9881656804733728,60.16886901855469,-2.953125,72.95053892306544
114,qwen,4,Qwen2.5-7B,0.9820359281437125,42.49565505981445,-2.96875,75.10601509400963
115,qwen,0,Qwen2.5-7B,0.8927643625543603,28.569782257080078,-2.634765625,76.65216301020675
115,qwen,1,Qwen2.5-7B,0.8984501992031872,30.625722885131836,-2.60546875,76.87676500784023
115,qwen,2,Qwen2.5-7B,0.8978485116416152,26.892372131347656,-2.580078125,76.8199003601414
115,qwen,3,Qwen2.5-7B,0.9054259153860748,29.56275177001953,-2.60546875,77.06054922622235
115,qwen,4,Qwen2.5-7B,0.9124668435013262,28.93802261352539,-2.62109375,77.18657232842246
116,qwen,0,Qwen2.5-7B,0.9692982456140351,30.954866409301758,-2.5546875,76.45430341841396
116,qwen,1,Qwen2.5-7B,0.9872340425531915,29.831703186035156,-2.501953125,75.53366775868031
116,qwen,2,Qwen2.5-7B,0.9709205020920503,30.3206787109375,-2.458984375,76.40319598074929
116,qwen,3,Qwen2.5-7B,0.9827586206896551,30.28786277770996,-2.48046875,75.80221833096304
116,qwen,4,Qwen2.5-7B,0.9713114754098361,33.49934768676758,-2.587890625,76.33746968751875
117,qwen,0,Qwen2.5-7B,0.9192874056533964,37.73053741455078,-2.751953125,77.07603411148283
117,qwen,1,Qwen2.5-7B,0.9317062248096731,34.616737365722656,-2.66796875,77.25650049920324
117,qwen,2,Qwen2.5-7B,0.9369412858471001,30.392301559448242,-2.724609375,77.21403338163516
117,qwen,3,Qwen2.5-7B,0.915630387733392,38.30276870727539,-2.77734375,76.99174190585637
117,qwen,4,Qwen2.5-7B,0.9088991245033579,32.333343505859375,-2.654296875,77.11349174405406
118,qwen,0,Qwen2.5-7B,0.8972956997192256,23.196022033691406,-3.0078125,76.27774007756774
118,qwen,1,Qwen2.5-7B,0.9012060301507538,20.548763275146484,-2.900390625,76.41230404437668
118,qwen,2,Qwen2.5-7B,0.862715521526254,18.545957565307617,-2.80078125,74.56852217592092
118,qwen,3,Qwen2.5-7B,0.892748041432252,21.573028564453125,-2.94921875,76.1294976894748
119,qwen,0,Qwen2.5-7B,0.8797268658542076,22.7983455657959,-3.125,75.34589817914728
119,qwen,1,Qwen2.5-7B,0.9150406445785724,24.959861755371094,-3.220703125,76.37261179852997
119,qwen,2,Qwen2.5-7B,0.8974404788493322,22.354806900024414,-3.107421875,76.08357891421775
119,qwen,3,Qwen2.5-7B,0.8745355839788272,23.64527130126953,-3.15234375,75.0582414853576
119,qwen,4,Qwen2.5-7B,0.9001354478243694,21.204139709472656,-3.078125,76.15970776629148
120,qwen,0,Qwen2.5-7B,0.9354289071680376,16.702585220336914,-2.76171875,76.65725132224554
120,qwen,1,Qwen2.5-7B,0.935079591351865,15.099669456481934,-2.6640625,76.61324119182571
120,qwen,2,Qwen2.5-7B,0.9352282333051565,15.367303848266602,-2.7265625,76.58944623890058
120,qwen,3,Qwen2.5-7B,0.9376683087027915,15.357213973999023,-2.681640625,76.59850864413386
120,qwen,4,Qwen2.5-7B,0.9404846756949394,16.49312400817871,-2.798828125,76.55489003738889
121,qwen,0,Qwen2.5-7B,0.8710013335204063,18.021902084350586,-2.283203125,75.22046849713857
121,qwen,1,Qwen2.5-7B,0.8530193788090008,23.497039794921875,-2.4140625,74.31930225255385
121,qwen,2,Qwen2.5-7B,0.8675833059494734,16.03278350830078,-2.111328125,74.79716959695942
121,qwen,3,Qwen2.5-7B,0.8660731305594824,20.318220138549805,-2.25,75.04816087700513
121,qwen,4,Qwen2.5-7B,0.8650530719689339,23.370811462402344,-2.419921875,75.15936783664064
122,qwen,0,Qwen2.5-7B,0.9141397404032034,18.955774307250977,-2.92578125,76.56268088123097
122,qwen,1,Qwen2.5-7B,0.9238968718330529,17.980121612548828,-2.91015625,76.61106519281007
122,qwen,2,Qwen2.5-7B,0.933301205925212,13.28098201751709,-2.623046875,76.50262166005501
122,qwen,3,Qwen2.5-7B,0.9343308265984335,15.072412490844727,-2.76953125,76.53813433412662
122,qwen,4,Qwen2.5-7B,0.9382316172292305,13.634907722473145,-2.587890625,76.50701154722825
123,qwen,0,Qwen2.5-7B,0.964,22.682106018066406,-3.091796875,75.92725322186291
123,qwen,1,Qwen2.5-7B,0.9451476793248945,21.980859756469727,-3.09375,76.41855429545656
123,qwen,2,Qwen2.5-7B,0.957411687025421,24.411039352416992,-3.232421875,75.9569730920646
123,qwen,3,Qwen2.5-7B,0.9082506008239872,21.462087631225586,-3.041015625,76.4352031743083
123,qwen,4,Qwen2.5-7B,0.9582996378467705,23.2791748046875,-3.138671875,76.06802110332656
124,qwen,0,Qwen2.5-7B,0.8769448373408769,20.18694496154785,-3.013671875,75.25564148735594
124,qwen,1,Qwen2.5-7B,0.8157887604311282,22.977935791015625,-3.14453125,70.19407247704744
124,qwen,2,Qwen2.5-7B,0.8277928484896505,25.427032470703125,-3.232421875,71.34969837573912
124,qwen,3,Qwen2.5-7B,0.8328752018367979,28.207361221313477,-3.29296875,71.77346872764963
124,qwen,4,Qwen2.5-7B,0.8532442032342754,21.096227645874023,-3.041015625,73.73653517101604
125,qwen,0,Qwen2.5-7B,0.8513736387731888,28.888280868530273,-3.30859375,73.3348893917042
126,qwen,0,Qwen2.5-7B,0.98989898989899,27.760393142700195,-3.203125,74.57342596957132
126,qwen,1,Qwen2.5-7B,0.9714285714285714,30.211416244506836,-3.337890625,75.31247169252347
126,qwen,2,Qwen2.5-7B,0.9634885643427941,30.823026657104492,-3.38671875,75.52439388487643
126,qwen,3,Qwen2.5-7B,0.9894736842105263,29.936704635620117,-3.349609375,74.30838291070934
126,qwen,4,Qwen2.5-7B,0.9803921568627451,25.54282569885254,-3.126953125,75.22096564369933
127,qwen,0,Qwen2.5-7B,0.8400551052190234,22.620479583740234,-3.029296875,72.75083690482795
127,qwen,1,Qwen2.5-7B,0.825505465927118,17.13580894470215,-2.826171875,71.33035937749564
127,qwen,2,Qwen2.5-7B,0.8346142831259461,19.75480079650879,-2.888671875,72.3050860573415
127,qwen,3,Qwen2.5-7B,0.8530644550480951,18.753368377685547,-2.87109375,73.81939189146935
127,qwen,4,Qwen2.5-7B,0.8471684044610189,20.761838912963867,-2.962890625,73.35729916703872
128,qwen,0,Qwen2.5-7B,0.8408275513268323,19.454055786132812,-2.880859375,72.85390451618015
128,qwen,1,Qwen2.5-7B,0.7790786204685706,12.783400535583496,-2.49609375,65.74578618975795
128,qwen,2,Qwen2.5-7B,0.7886710064129419,18.0178165435791,-2.796875,67.21638488679689
128,qwen,3,Qwen2.5-7B,0.818944311075546,16.302139282226562,-2.71484375,70.69546894197923
128,qwen,4,Qwen2.5-7B,0.770690546617608,19.066633224487305,-2.828125,64.87120320527286
129,qwen,0,Qwen2.5-7B,0.8977901392094736,30.424427032470703,-2.6875,76.80893835515559
129,qwen,1,Qwen2.5-7B,0.8911484794350352,31.44696617126465,-2.83203125,76.45448865813182
129,qwen,2,Qwen2.5-7B,0.8799107711185166,25.661775588989258,-2.73046875,75.96834755533203
129,qwen,3,Qwen2.5-7B,0.9020247069807638,31.32719612121582,-2.798828125,76.84435760246204
129,qwen,4,Qwen2.5-7B,0.8966077689566555,29.2939395904541,-2.626953125,76.79878228462213
130,qwen,0,Qwen2.5-7B,0.8567565545803394,19.498069763183594,-3.044921875,73.90142068005945
130,qwen,1,Qwen2.5-7B,0.8606123193032522,23.207162857055664,-3.193359375,74.09785863417659
130,qwen,2,Qwen2.5-7B,0.883611435228497,20.852079391479492,-3.07421875,75.52570934743026
130,qwen,3,Qwen2.5-7B,0.8817879407080249,24.71809959411621,-3.21875,75.34271993236221
130,qwen,4,Qwen2.5-7B,0.8583888564093323,23.315006256103516,-3.22265625,73.88825642687864
131,qwen,0,Qwen2.5-7B,1.0,32.558372497558594,-1.4609375,73.84774868672595
131,qwen,1,Qwen2.5-7B,1.0,35.24392318725586,-1.5478515625,73.937833825198
131,qwen,2,Qwen2.5-7B,1.0,37.137481689453125,-1.4638671875,73.7562917392259
131,qwen,3,Qwen2.5-7B,1.0,34.57767105102539,-1.40625,73.73342012921913
131,qwen,4,Qwen2.5-7B,1.0,39.6081428527832,-1.8876953125,74.21201194239869
132,qwen,0,Qwen2.5-7B,0.8457216871972606,24.147151947021484,-3.181640625,73.03023326788592
132,qwen,1,Qwen2.5-7B,0.9389846297158826,30.76818084716797,-3.375,76.15311406161472
132,qwen,2,Qwen2.5-7B,0.8343381655602223,24.424890518188477,-3.091796875,72.20665497365766
132,qwen,3,Qwen2.5-7B,0.8571238171398108,23.9677791595459,-3.201171875,73.86729458917908
132,qwen,4,Qwen2.5-7B,0.8821290322580646,24.248130798339844,-3.17578125,75.42736635115023
133,qwen,0,Qwen2.5-7B,0.9038406058420483,28.97174644470215,-3.33203125,76.0041719568717
133,qwen,1,Qwen2.5-7B,0.9506338918103624,28.578664779663086,-3.2890625,76.12683653713569
133,qwen,2,Qwen2.5-7B,0.9208333333333334,29.142147064208984,-3.310546875,76.33306889207408
133,qwen,3,Qwen2.5-7B,0.9136878320122945,26.95992660522461,-3.255859375,76.33635896671366
133,qwen,4,Qwen2.5-7B,0.9010340888125258,22.131582260131836,-3.060546875,76.26038627278353
134,qwen,0,Qwen2.5-7B,0.8496161426187789,16.74517250061035,-2.791015625,73.50134668852505
135,qwen,0,Qwen2.5-7B,0.9173787871864004,18.979764938354492,-2.91015625,76.62512683184706
135,qwen,1,Qwen2.5-7B,0.9108136494587628,23.45867919921875,-3.126953125,76.43058630173665
135,qwen,2,Qwen2.5-7B,0.8973998644648143,22.37335205078125,-3.083984375,76.12347675024903
135,qwen,3,Qwen2.5-7B,0.9093835337759413,23.01314353942871,-3.083984375,76.46018777326981
135,qwen,4,Qwen2.5-7B,0.9152792399927996,20.542835235595703,-2.990234375,76.58287466408783
136,qwen,0,Qwen2.5-7B,0.9226306131260794,13.016902923583984,-2.5078125,76.52440146349511
136,qwen,1,Qwen2.5-7B,0.9290348467545295,13.320894241333008,-2.537109375,76.55559498162017
136,qwen,2,Qwen2.5-7B,0.9265450861195542,13.509735107421875,-2.484375,76.58352960612028
136,qwen,3,Qwen2.5-7B,0.9386250734469311,13.777263641357422,-2.494140625,76.54323012380418
137,qwen,0,Qwen2.5-7B,0.8018725191790819,20.489356994628906,-2.935546875,68.82819705164799
137,qwen,1,Qwen2.5-7B,0.7867824741511736,18.3950252532959,-2.84375,66.95264190273559
137,qwen,2,Qwen2.5-7B,0.7733932755533689,20.98944091796875,-2.984375,65.15825846682692
138,qwen,0,Qwen2.5-7B,0.7619416615999097,13.201045989990234,-2.490234375,63.42472073325089
138,qwen,1,Qwen2.5-7B,0.7742647251204261,14.716880798339844,-2.595703125,65.22524403898748
138,qwen,2,Qwen2.5-7B,0.7714091038464082,13.626575469970703,-2.576171875,64.75669258049182
139,qwen,0,Qwen2.5-7B,0.9225657864023281,17.270870208740234,-2.89453125,76.57601307911136
139,qwen,1,Qwen2.5-7B,0.9199158212701215,16.481542587280273,-2.80859375,76.5957038717959
139,qwen,2,Qwen2.5-7B,0.914522805434089,18.174558639526367,-2.90625,76.54321625648633
139,qwen,3,Qwen2.5-7B,0.8922577297137819,15.672964096069336,-2.7578125,75.95013263621358
139,qwen,4,Qwen2.5-7B,0.8936523138087795,19.047483444213867,-2.953125,76.01650134572957
140,qwen,0,Qwen2.5-7B,0.9373156673403699,44.663299560546875,-2.98828125,76.40800410208188
140,qwen,1,Qwen2.5-7B,0.9608938547486033,38.960018157958984,-2.927734375,76.30573306009946
140,qwen,2,Qwen2.5-7B,0.9686609686609686,39.03744125366211,-2.931640625,75.99877698091619
140,qwen,3,Qwen2.5-7B,0.9577464788732394,39.856773376464844,-2.9765625,76.30144346208164
140,qwen,4,Qwen2.5-7B,0.9376687988628287,39.647247314453125,-3.052734375,76.6149682533555
141,qwen,0,Qwen2.5-7B,0.878007983249943,16.64610481262207,-2.732421875,75.40708524241286
141,qwen,1,Qwen2.5-7B,0.8656905428939198,18.561304092407227,-2.86328125,74.69896818598262
141,qwen,2,Qwen2.5-7B,0.8537869104181237,15.224864959716797,-2.59765625,73.84420935088087
141,qwen,3,Qwen2.5-7B,0.8941352273126825,18.07746696472168,-2.8203125,76.1288963104756
142,qwen,0,Qwen2.5-7B,0.8310155734800694,18.65341567993164,-2.94140625,71.83430690969848
142,qwen,1,Qwen2.5-7B,0.8321059174506724,21.37097930908203,-3.087890625,71.8713953398524
142,qwen,2,Qwen2.5-7B,0.8676688541366134,25.654966354370117,-3.248046875,74.53564436034226
142,qwen,3,Qwen2.5-7B,0.8550241106707739,23.034156799316406,-3.171875,73.73318898414696
142,qwen,4,Qwen2.5-7B,0.8330267346791116,20.717775344848633,-3.05078125,71.9852242357722
143,qwen,0,Qwen2.5-7B,0.9442651396841922,33.70014190673828,-3.0390625,76.73179939487285
143,qwen,1,Qwen2.5-7B,0.9397811130915693,31.627077102661133,-2.85546875,77.06177670814945
143,qwen,2,Qwen2.5-7B,0.9424813604758314,27.867563247680664,-2.763671875,77.08489359768735
143,qwen,3,Qwen2.5-7B,0.9492805812967142,31.929826736450195,-2.962890625,76.76115222171038
143,qwen,4,Qwen2.5-7B,0.9486404833836858,32.00558090209961,-2.8359375,76.92885079241398
144,qwen,0,Qwen2.5-7B,0.8595818302646288,30.5792236328125,-3.42578125,73.6705332569236
144,qwen,1,Qwen2.5-7B,0.8790868030096407,42.41000747680664,-3.6640625,73.81748004910179
144,qwen,2,Qwen2.5-7B,0.9083833781861331,39.68785858154297,-3.640625,75.08635728062391
144,qwen,3,Qwen2.5-7B,0.8685708091223575,38.632781982421875,-3.638671875,73.50663956331935
144,qwen,4,Qwen2.5-7B,0.8873225888248348,36.424827575683594,-3.5859375,74.71394431866538
145,qwen,0,Qwen2.5-7B,0.8944318553513956,26.3612003326416,-3.220703125,75.91344595902248
145,qwen,1,Qwen2.5-7B,0.8821692499322161,32.790672302246094,-3.37890625,75.10790112299917
145,qwen,2,Qwen2.5-7B,0.8315824829286244,18.48703384399414,-2.955078125,71.85946430065813
146,qwen,0,Qwen2.5-7B,0.8337323413617416,22.11089324951172,-3.107421875,72.02666707183405
146,qwen,1,Qwen2.5-7B,0.8826463391680783,21.862396240234375,-3.0703125,75.53867220135422
146,qwen,2,Qwen2.5-7B,0.8811715481171548,20.83121109008789,-3.025390625,75.4873433380134
146,qwen,3,Qwen2.5-7B,0.85019140394012,18.4121036529541,-2.890625,73.55327473551785
146,qwen,4,Qwen2.5-7B,0.9055497925311203,24.28504180908203,-3.197265625,76.22062096118087
147,qwen,0,Qwen2.5-7B,0.8796058000125542,17.201501846313477,-2.83203125,75.4366936534586
147,qwen,1,Qwen2.5-7B,0.9059067227418242,17.287405014038086,-2.845703125,76.39367579366127
147,qwen,2,Qwen2.5-7B,0.8486163051608077,13.135150909423828,-2.59375,73.27749123081556
147,qwen,3,Qwen2.5-7B,0.8996104177187794,19.661869049072266,-2.947265625,76.25631946714859
148,qwen,0,Qwen2.5-7B,0.8944150195258798,13.024076461791992,-1.7451171875,75.51885149528601
148,qwen,1,Qwen2.5-7B,0.8846680882182081,14.975102424621582,-1.859375,75.41747593736298
148,qwen,2,Qwen2.5-7B,0.9048387096774193,15.279178619384766,-1.982421875,76.25924706367907
148,qwen,3,Qwen2.5-7B,0.9048387096774193,9.434144020080566,-1.4853515625,75.1451646884405
148,qwen,4,Qwen2.5-7B,0.8888971521857427,15.587778091430664,-1.8076171875,75.58818826896356
149,qwen,0,Qwen2.5-7B,0.8740253130989731,18.675764083862305,-2.953125,75.09379088143766
149,qwen,1,Qwen2.5-7B,0.8410467920739013,18.09027671813965,-2.9296875,72.7279461944556
149,qwen,2,Qwen2.5-7B,0.8932809004000272,21.94318962097168,-3.064453125,75.99531165620716
149,qwen,3,Qwen2.5-7B,0.8530867936293943,21.392513275146484,-3.029296875,73.75817988172
149,qwen,4,Qwen2.5-7B,0.8649969659539996,18.552406311035156,-2.873046875,74.64281881087112
150,qwen,0,Qwen2.5-7B,0.8548332896203528,21.17850685119629,-3.02734375,73.88129226932425
150,qwen,1,Qwen2.5-7B,0.8401282168425442,24.07454490661621,-3.17578125,72.56277275517323
150,qwen,2,Qwen2.5-7B,0.8563967886990939,22.829818725585938,-3.109375,73.93987494128962
150,qwen,3,Qwen2.5-7B,0.843204884676727,19.366086959838867,-2.951171875,72.96468897949175
150,qwen,4,Qwen2.5-7B,0.8419365738788319,19.29459571838379,-2.96484375,72.83339764840915
152,qwen,0,Qwen2.5-7B,0.8351132705783811,19.8315372467041,-2.9140625,72.3246361756741
153,qwen,0,Qwen2.5-7B,0.9227820898690258,24.083999633789062,-3.158203125,76.53702748735773
154,qwen,0,Qwen2.5-7B,0.9222386459148479,24.933982849121094,-3.158203125,76.56424410875941
154,qwen,1,Qwen2.5-7B,0.886703654821928,25.668102264404297,-3.22265625,75.58871714612492
155,qwen,0,Qwen2.5-7B,0.8473242548394317,17.89889907836914,-2.478515625,73.56559940478009
155,qwen,1,Qwen2.5-7B,0.8688981054936123,17.405189514160156,-2.458984375,75.06867031282637
155,qwen,2,Qwen2.5-7B,0.8551965281525454,16.565082550048828,-2.39453125,74.08957464472708
155,qwen,3,Qwen2.5-7B,0.8791235318054224,16.208566665649414,-2.37890625,75.55589733338837
155,qwen,4,Qwen2.5-7B,0.8723532918208494,15.819608688354492,-2.451171875,75.16076095916242
156,qwen,0,Qwen2.5-7B,0.9805194805194806,17.235769271850586,-2.857421875,75.1873000514714
156,qwen,1,Qwen2.5-7B,0.9472474152004353,16.225095748901367,-2.826171875,76.3946100160829
156,qwen,2,Qwen2.5-7B,0.9407146744059496,13.605525970458984,-2.609375,76.46454988315686
156,qwen,3,Qwen2.5-7B,0.98,14.098808288574219,-2.638671875,75.1611849248696
156,qwen,4,Qwen2.5-7B,0.973598233995585,14.569461822509766,-2.703125,75.48123540613246
157,qwen,0,Qwen2.5-7B,0.8489449571708297,22.193435668945312,-2.9921875,73.53091883166091
157,qwen,1,Qwen2.5-7B,0.8350955448634624,18.757978439331055,-2.81640625,72.36813252483165
157,qwen,2,Qwen2.5-7B,0.8756871764115415,23.036439895629883,-3.05078125,75.27225307833831
157,qwen,3,Qwen2.5-7B,0.872865524752248,25.49795150756836,-3.109375,75.10788629538263
158,qwen,0,Qwen2.5-7B,0.8808384971667277,21.386842727661133,-2.984375,75.56097893344158
159,qwen,0,Qwen2.5-7B,0.779100137549664,16.906484603881836,-2.3125,66.06670695849091
159,qwen,1,Qwen2.5-7B,0.788398845269064,17.482616424560547,-2.2734375,67.30542707972695
159,qwen,2,Qwen2.5-7B,0.7710167759636792,18.20670509338379,-2.267578125,65.05024576622867
159,qwen,3,Qwen2.5-7B,0.7935203533874741,21.460803985595703,-2.388671875,68.20431277138862
159,qwen,4,Qwen2.5-7B,0.7844488995156963,16.625999450683594,-2.212890625,66.71671727173161
160,qwen,0,Qwen2.5-7B,0.7974571410322454,18.612483978271484,-2.185546875,68.46999173702821
160,qwen,1,Qwen2.5-7B,0.80951203021158,19.951885223388672,-2.21484375,69.97367200595176
160,qwen,2,Qwen2.5-7B,0.8370474923087508,20.47239875793457,-2.314453125,72.83557639345462
160,qwen,3,Qwen2.5-7B,0.808797952757301,18.300525665283203,-2.173828125,69.77348803111495
160,qwen,4,Qwen2.5-7B,0.8041875012401696,21.830503463745117,-2.26953125,69.48350685426418
161,qwen,0,Qwen2.5-7B,0.898317798419879,20.049253463745117,-2.294921875,76.57636359204156
161,qwen,1,Qwen2.5-7B,0.8536819277944881,21.586868286132812,-2.306640625,74.27100182553868
161,qwen,2,Qwen2.5-7B,0.8788906964829811,18.88994789123535,-2.201171875,75.6780292331407
161,qwen,3,Qwen2.5-7B,0.8624807387037708,19.66069984436035,-2.216796875,74.76342185251812
161,qwen,4,Qwen2.5-7B,0.8442950238097922,19.503522872924805,-2.1796875,73.36366244883516
162,qwen,0,Qwen2.5-7B,0.9162177096284017,29.9906063079834,-2.94921875,76.94822095857789
162,qwen,1,Qwen2.5-7B,0.8825029081652424,25.67129135131836,-2.7890625,76.0444747525009
162,qwen,2,Qwen2.5-7B,0.8942272561198392,25.859638214111328,-2.763671875,76.55634138160298
162,qwen,3,Qwen2.5-7B,0.9179764659405159,24.83978271484375,-2.908203125,76.91601915831696
162,qwen,4,Qwen2.5-7B,0.8953104748438788,31.01486587524414,-2.8984375,76.53104529879447
163,qwen,0,Qwen2.5-7B,0.8873213028548441,22.501445770263672,-2.39453125,76.31314833826393
163,qwen,1,Qwen2.5-7B,0.8925810345475396,23.897510528564453,-2.46484375,76.57715964580429
163,qwen,2,Qwen2.5-7B,0.8931288219648713,20.884105682373047,-2.490234375,76.45462264373609
163,qwen,3,Qwen2.5-7B,0.8895259999109645,23.687711715698242,-2.486328125,76.44800270860378
163,qwen,4,Qwen2.5-7B,0.914446769469219,17.851839065551758,-2.2421875,76.78887545499977
164,qwen,0,Qwen2.5-7B,0.9405817915575456,17.707088470458984,-2.802734375,76.63392083369962
164,qwen,1,Qwen2.5-7B,0.9241587293912875,17.442684173583984,-2.796875,76.70005712728158
164,qwen,2,Qwen2.5-7B,0.94272030651341,16.30271339416504,-2.7265625,76.57095823663315
164,qwen,3,Qwen2.5-7B,0.9258455422432582,17.234853744506836,-2.787109375,76.70004350584114
164,qwen,4,Qwen2.5-7B,0.9256900828400332,19.34309196472168,-2.892578125,76.72390317820549
166,qwen,0,Qwen2.5-7B,0.8747117091264653,23.287458419799805,-3.1796875,75.00133414662436
166,qwen,1,Qwen2.5-7B,0.8656861649320508,21.122543334960938,-3.064453125,74.56910986697899
166,qwen,2,Qwen2.5-7B,0.8717109301827953,17.428342819213867,-2.869140625,74.98494468237867
166,qwen,3,Qwen2.5-7B,0.8467889496935899,18.346515655517578,-2.94921875,73.2024517742583
167,qwen,0,Qwen2.5-7B,0.8369989771474192,26.33438491821289,-2.728515625,72.96022988934854
167,qwen,1,Qwen2.5-7B,0.8336647450828685,28.610774993896484,-2.666015625,72.74347411375521
167,qwen,2,Qwen2.5-7B,0.8285586472062024,19.953350067138672,-2.4453125,72.01772861617111
167,qwen,3,Qwen2.5-7B,0.8441901888325991,18.3990478515625,-2.54296875,73.32409111858792
167,qwen,4,Qwen2.5-7B,0.8407660102648533,23.691150665283203,-2.650390625,73.25973241025169
168,qwen,0,Qwen2.5-7B,0.8871371774188986,21.730602264404297,-2.9921875,75.85483941478516
168,qwen,1,Qwen2.5-7B,0.8934114308288924,21.957155227661133,-3.01953125,76.07177059624746
168,qwen,2,Qwen2.5-7B,0.8659682666121097,21.495147705078125,-3.033203125,74.65614369641638
168,qwen,3,Qwen2.5-7B,0.8718691233340389,18.686199188232422,-2.888671875,75.05371973400928
168,qwen,4,Qwen2.5-7B,0.8820938588056081,19.928966522216797,-3.005859375,75.51130575409869
169,qwen,0,Qwen2.5-7B,0.9102117394800321,26.339582443237305,-3.185546875,76.40641648495604
169,qwen,1,Qwen2.5-7B,0.8451952069912385,26.327560424804688,-3.18359375,73.05234675570684
169,qwen,2,Qwen2.5-7B,0.9055977339741357,28.196460723876953,-3.220703125,76.27878059528875
169,qwen,3,Qwen2.5-7B,0.8815921404191027,26.167015075683594,-3.125,75.55770464258377
170,qwen,0,Qwen2.5-7B,0.9629629629629629,25.22771453857422,-2.751953125,76.49524806697895
170,qwen,1,Qwen2.5-7B,0.9532892446919596,23.41905403137207,-2.62890625,76.81852655450957
170,qwen,2,Qwen2.5-7B,0.970519864750634,26.396533966064453,-2.75390625,76.22200267039746
170,qwen,3,Qwen2.5-7B,0.9530149337841647,23.14012336730957,-2.744140625,76.73724628863484
170,qwen,4,Qwen2.5-7B,0.9451810926949049,22.002588272094727,-2.54296875,76.97342325698091
171,qwen,0,Qwen2.5-7B,0.9523447883045377,18.31378173828125,-2.8984375,76.33976235430373
171,qwen,1,Qwen2.5-7B,0.9343300984191214,16.13827896118164,-2.779296875,76.60935790284087
171,qwen,2,Qwen2.5-7B,0.9303234431153319,17.79520034790039,-2.869140625,76.65247345848546
171,qwen,3,Qwen2.5-7B,0.9338616014172207,18.42254638671875,-2.892578125,76.650227549953
171,qwen,4,Qwen2.5-7B,0.9517172819773108,19.008567810058594,-2.935546875,76.3526921284141
172,qwen,0,Qwen2.5-7B,0.8793521987563574,22.657535552978516,-3.1640625,75.24868664237063
172,qwen,1,Qwen2.5-7B,0.8771261454499598,27.71409034729004,-3.3515625,74.89596863938024
172,qwen,2,Qwen2.5-7B,0.8799706206291683,20.17850112915039,-3.0078125,75.41916262524255
172,qwen,3,Qwen2.5-7B,0.8528030499723549,33.8780517578125,-3.51953125,72.90680493679118
172,qwen,4,Qwen2.5-7B,0.8674761756182241,29.30021095275879,-3.419921875,74.19758693821815
174,qwen,0,Qwen2.5-7B,0.9200707338638374,22.98922348022461,-3.138671875,76.51063183776103
174,qwen,1,Qwen2.5-7B,0.8852430935776362,24.454547882080078,-3.22265625,75.48507812215935
174,qwen,2,Qwen2.5-7B,0.8931693506041167,26.48216438293457,-3.3046875,75.69119662002937
174,qwen,3,Qwen2.5-7B,0.8790150320701655,21.311189651489258,-3.1015625,75.28059629427204
174,qwen,4,Qwen2.5-7B,0.9193385267186005,21.39731788635254,-3.08984375,76.51593739304312
175,qwen,0,Qwen2.5-7B,0.8436020656608892,12.357977867126465,-2.390625,72.83856819134624
176,qwen,0,Qwen2.5-7B,0.9295325779036826,16.744094848632812,-2.251953125,76.80965656635918
176,qwen,1,Qwen2.5-7B,0.925621762089587,19.843215942382812,-2.48828125,77.02844247692134
176,qwen,2,Qwen2.5-7B,0.9481109156404457,17.282278060913086,-2.255859375,76.63381681226504
176,qwen,3,Qwen2.5-7B,0.9175229720383362,18.613571166992188,-2.4375,76.90681183918765
176,qwen,4,Qwen2.5-7B,0.9295208329675346,20.54979705810547,-2.544921875,77.05508306185675
177,qwen,0,Qwen2.5-7B,0.6484867330016585,20.619441986083984,-2.9609375,45.7769477959318
177,qwen,1,Qwen2.5-7B,0.7004520772336227,22.09255027770996,-3.033203125,54.12950176796345
177,qwen,2,Qwen2.5-7B,0.7043448239028262,18.243457794189453,-2.8671875,54.76035457388017
177,qwen,3,Qwen2.5-7B,0.7013127768142857,19.806480407714844,-2.92578125,54.299576842314664
177,qwen,4,Qwen2.5-7B,0.7190295169946334,23.12469482421875,-3.072265625,57.06955262729828
178,qwen,0,Qwen2.5-7B,0.9496501109404334,19.97931671142578,-2.42578125,76.7956043432008
178,qwen,1,Qwen2.5-7B,0.9177486668212381,23.176618576049805,-2.462890625,77.14833485908731
178,qwen,2,Qwen2.5-7B,0.9630080417300586,23.082073211669922,-2.505859375,76.5426370998321
178,qwen,3,Qwen2.5-7B,0.9544243859129921,21.886825561523438,-2.47265625,76.7710572443031
178,qwen,4,Qwen2.5-7B,0.9452124935995904,23.847003936767578,-2.51953125,77.05969009982759
179,qwen,0,Qwen2.5-7B,0.9391033506370929,21.722885131835938,-3.064453125,76.54601008688877
179,qwen,1,Qwen2.5-7B,0.9325266419070396,23.129684448242188,-3.080078125,76.63984718746772
180,qwen,0,Qwen2.5-7B,0.814408310749774,41.35011672973633,-1.767578125,70.17990419603929
180,qwen,1,Qwen2.5-7B,0.8784647841609868,45.1160774230957,-1.7587890625,75.12544398335939
180,qwen,2,Qwen2.5-7B,0.8854206742938139,30.945560455322266,-1.6259765625,75.83253644327556
180,qwen,3,Qwen2.5-7B,0.8854206742938139,43.985748291015625,-1.861328125,75.65868331266698
180,qwen,4,Qwen2.5-7B,0.8827360027281664,42.537620544433594,-1.6845703125,75.42304468294584
181,qwen,0,Qwen2.5-7B,0.8216625331557459,15.689619064331055,-2.796875,70.86470001401344
181,qwen,1,Qwen2.5-7B,0.8203492227370399,14.453534126281738,-2.712890625,70.7040069112863
181,qwen,2,Qwen2.5-7B,0.8123690656753689,13.684895515441895,-2.642578125,69.83088962900399
181,qwen,3,Qwen2.5-7B,0.8123277438179116,20.223745346069336,-2.99609375,69.92505584649149
181,qwen,4,Qwen2.5-7B,0.8139543292257787,15.85430908203125,-2.76171875,70.08992649131766
182,qwen,0,Qwen2.5-7B,0.9229023757761063,38.82778549194336,-3.02734375,76.73052358236208
182,qwen,1,Qwen2.5-7B,0.9161283451169194,37.03731918334961,-2.947265625,76.85515937404742
182,qwen,2,Qwen2.5-7B,0.9336993917654041,36.94181442260742,-2.880859375,76.99561456256087
182,qwen,3,Qwen2.5-7B,0.9132834382005808,30.97730255126953,-3.052734375,76.75859584241464
182,qwen,4,Qwen2.5-7B,0.9240060096613243,38.56037902832031,-3.068359375,76.68154557456984
183,qwen,0,Qwen2.5-7B,0.8937344087173444,18.236921310424805,-2.939453125,75.9866444188068
183,qwen,1,Qwen2.5-7B,0.9162913611493655,20.40607261657715,-3.068359375,76.46720846566984
183,qwen,2,Qwen2.5-7B,0.8379470501333844,24.961402893066406,-3.21484375,72.32394820817257
184,qwen,0,Qwen2.5-7B,0.801159530197195,27.84963035583496,-3.24609375,68.48629400993767
184,qwen,1,Qwen2.5-7B,0.8376619899393539,38.702938079833984,-3.62890625,71.19356835890756
184,qwen,2,Qwen2.5-7B,0.807093090121294,27.59137535095215,-3.234375,69.19724052280195
184,qwen,3,Qwen2.5-7B,0.7855353108587859,29.69412612915039,-3.310546875,66.43377422864464
184,qwen,4,Qwen2.5-7B,0.8248465845502818,29.172414779663086,-3.28515625,71.0229937225742
185,qwen,0,Qwen2.5-7B,0.9724137931034482,28.826181411743164,-3.33984375,75.2504475972386
185,qwen,1,Qwen2.5-7B,0.9601194426011944,27.686582565307617,-3.27734375,75.86454061986275
185,qwen,2,Qwen2.5-7B,0.9437451826098365,27.920074462890625,-3.318359375,76.19037681092286
185,qwen,3,Qwen2.5-7B,0.9522058823529411,32.41067886352539,-3.47265625,75.65422230698736
185,qwen,4,Qwen2.5-7B,0.9592326471730567,29.382064819335938,-3.380859375,75.67912764765603
186,qwen,0,Qwen2.5-7B,0.8663437948433088,27.218461990356445,-3.216796875,74.5575232531664
186,qwen,1,Qwen2.5-7B,0.8446885882383531,26.097990036010742,-3.21484375,72.94189304066795
186,qwen,2,Qwen2.5-7B,0.8079855303152934,25.76814079284668,-3.171875,69.37935903202268
186,qwen,3,Qwen2.5-7B,0.8623193321974019,31.41873550415039,-3.376953125,73.98006293235943
187,qwen,0,Qwen2.5-7B,0.8643409343360188,29.721721649169922,-3.37109375,74.12258846883874
187,qwen,1,Qwen2.5-7B,0.8687493726623055,27.056652069091797,-3.298828125,74.52818900111978
187,qwen,2,Qwen2.5-7B,0.8636820124903652,32.01694107055664,-3.46484375,73.84595420269963
187,qwen,3,Qwen2.5-7B,0.8792194874836287,31.411396026611328,-3.453125,74.7834040672859
187,qwen,4,Qwen2.5-7B,0.8757513757133919,35.07521057128906,-3.5625,74.2592685620197
188,qwen,0,Qwen2.5-7B,0.9263227276789705,28.345455169677734,-3.248046875,76.4839769333965
188,qwen,1,Qwen2.5-7B,0.878618011390397,19.211103439331055,-2.87109375,75.47429516960882
188,qwen,2,Qwen2.5-7B,0.9239796881388413,25.52053451538086,-3.2109375,76.48888576887265
189,qwen,0,Qwen2.5-7B,0.9257161352969736,20.0173282623291,-2.880859375,76.77721240637875
189,qwen,1,Qwen2.5-7B,0.9002532046209843,20.891361236572266,-3.001953125,76.26687499696263
189,qwen,2,Qwen2.5-7B,0.8691878272897934,15.899600982666016,-2.712890625,74.87274108589983
191,qwen,0,Qwen2.5-7B,0.9518537288994581,18.643291473388672,-2.896484375,76.37557519205046
191,qwen,1,Qwen2.5-7B,0.9401476875242908,27.96088409423828,-3.27734375,76.33615594361432
191,qwen,2,Qwen2.5-7B,0.9535809824902725,20.934480667114258,-3.0078125,76.31324489924243
191,qwen,3,Qwen2.5-7B,0.9435871909739506,24.720081329345703,-3.177734375,76.40574259385889
192,qwen,0,Qwen2.5-7B,0.8828132523491893,22.35738182067871,-3.103515625,75.51357974950041
192,qwen,1,Qwen2.5-7B,0.8532118719352216,20.08855438232422,-3.013671875,73.72146964499211
192,qwen,2,Qwen2.5-7B,0.8507538211428798,20.590049743652344,-3.060546875,73.48680074806049
192,qwen,3,Qwen2.5-7B,0.8703663283495217,21.261945724487305,-3.05859375,74.87422906658618
192,qwen,4,Qwen2.5-7B,0.8737457429321345,21.49535369873047,-3.052734375,75.09042012009195
193,qwen,0,Qwen2.5-7B,0.48674002655072435,24.419509887695312,-3.1640625,24.12328025098733
193,qwen,1,Qwen2.5-7B,0.3702949590881013,29.048133850097656,-3.357421875,15.67423094313796
193,qwen,2,Qwen2.5-7B,0.39571163345821037,42.869930267333984,-3.685546875,15.674901325316013
194,qwen,0,Qwen2.5-7B,0.9098842638655019,21.199554443359375,-3.021484375,76.48447454899605
194,qwen,1,Qwen2.5-7B,0.9200898023533585,23.7830810546875,-3.107421875,76.5994970753035
194,qwen,2,Qwen2.5-7B,0.9020574270447925,27.760154724121094,-3.3359375,75.92981283727858
194,qwen,3,Qwen2.5-7B,0.8910074649472735,22.411380767822266,-3.072265625,75.91945991835891
194,qwen,4,Qwen2.5-7B,0.8907517923249528,24.049577713012695,-3.126953125,75.88364984871237
195,qwen,0,Qwen2.5-7B,0.89622884189947,27.091890335083008,-3.244140625,75.94382238950055
195,qwen,1,Qwen2.5-7B,0.9089403425088608,33.744346618652344,-3.47265625,75.76328131695547
195,qwen,2,Qwen2.5-7B,0.903024076472953,31.59721565246582,-3.34765625,75.95920068990154
195,qwen,3,Qwen2.5-7B,0.9128530728530728,31.61383819580078,-3.408203125,76.01797477998774
197,qwen,0,Qwen2.5-7B,0.9635036496350365,23.235170364379883,-2.609375,76.49468260585333
197,qwen,1,Qwen2.5-7B,0.951310861423221,25.88672637939453,-2.794921875,76.83379954064284
197,qwen,2,Qwen2.5-7B,0.9584905660377359,27.645362854003906,-2.73046875,76.72798070831162
197,qwen,3,Qwen2.5-7B,0.9725490196078431,28.72027587890625,-2.837890625,76.09658823923394
197,qwen,4,Qwen2.5-7B,0.9659090909090909,26.906797409057617,-2.751953125,76.42937714933214
198,qwen,0,Qwen2.5-7B,0.9621763512707314,26.806848526000977,-3.318359375,75.68261761704201
198,qwen,1,Qwen2.5-7B,0.9372592319960741,30.196516036987305,-3.431640625,76.02849513464244
198,qwen,2,Qwen2.5-7B,0.9156973369552599,28.4246826171875,-3.33984375,76.20433641524858
198,qwen,3,Qwen2.5-7B,0.9537743944027633,28.793739318847656,-3.40234375,75.78305810793857
199,qwen,0,Qwen2.5-7B,0.9543726235741445,30.9114933013916,-3.388671875,75.81565296327105
199,qwen,1,Qwen2.5-7B,0.9422794887911167,27.932825088500977,-3.2734375,76.31417306340047
199,qwen,2,Qwen2.5-7B,0.9458483754512635,28.648487091064453,-3.291015625,76.22596910294128
199,qwen,3,Qwen2.5-7B,0.9446366782006921,18.16097640991211,-2.85546875,76.54651534150652
199,qwen,4,Qwen2.5-7B,0.9699248120300752,27.101884841918945,-3.251953125,75.52794021642805
0,gemma,0,Gemma-2-9B,0.8483604218339547,19.325422286987305,-2.84375,73.51746090092571
0,gemma,1,Gemma-2-9B,0.8414430318851457,19.96316146850586,-2.853515625,72.96783990272327
0,gemma,2,Gemma-2-9B,0.8384043534316543,19.478412628173828,-2.919921875,72.59455987628789
0,gemma,3,Gemma-2-9B,0.8694346407030531,17.78621482849121,-2.80859375,74.93833044793882
0,gemma,4,Gemma-2-9B,0.847570899709489,20.832609176635742,-2.896484375,73.47942228079567
1,gemma,0,Gemma-2-9B,0.9193903378452736,18.59956932067871,-2.263671875,76.90160568760048
1,gemma,1,Gemma-2-9B,0.9358628089388782,18.351627349853516,-2.302734375,76.90051369347945
1,gemma,2,Gemma-2-9B,0.9275566079621135,19.665393829345703,-2.35546875,77.0245278846321
1,gemma,3,Gemma-2-9B,0.9229735781459919,16.73238182067871,-2.169921875,76.76248384408271
1,gemma,4,Gemma-2-9B,0.9341741062726598,17.251937866210938,-2.291015625,76.8372983067346
2,gemma,0,Gemma-2-9B,0.9591836734693877,29.51591682434082,-2.421875,76.85456803234426
2,gemma,1,Gemma-2-9B,0.945766218412886,24.113893508911133,-2.259765625,77.04870267047161
2,gemma,2,Gemma-2-9B,0.9489795918367347,27.239391326904297,-2.388671875,77.0997929055973
2,gemma,3,Gemma-2-9B,0.931118277956949,27.03468894958496,-2.37109375,77.3234768619671
2,gemma,4,Gemma-2-9B,0.931118277956949,27.782276153564453,-2.439453125,77.33945008464254
3,gemma,0,Gemma-2-9B,0.9448048827374087,20.693782806396484,-2.541015625,76.91412717511639
3,gemma,1,Gemma-2-9B,0.952196017511651,20.253705978393555,-2.41015625,76.74980761566829
3,gemma,2,Gemma-2-9B,0.9372127501853225,18.875581741333008,-2.431640625,76.93342276083705
3,gemma,3,Gemma-2-9B,0.9374771569893521,18.00823974609375,-2.3125,76.86543235416649
3,gemma,4,Gemma-2-9B,0.9367716713029096,18.331546783447266,-2.33203125,76.8971337419963
4,gemma,0,Gemma-2-9B,0.9362203112203112,31.20644187927246,-3.4296875,76.04572328959212
4,gemma,1,Gemma-2-9B,0.9358706583120601,18.640695571899414,-2.9765625,76.53974943544246
4,gemma,2,Gemma-2-9B,0.9433909506863244,24.671594619750977,-3.16015625,76.44085601617451
4,gemma,3,Gemma-2-9B,0.9281947261663286,26.230710983276367,-3.26953125,76.39450684204948
5,gemma,0,Gemma-2-9B,0.959844530314329,42.72468948364258,-3.638671875,74.58303709859847
5,gemma,1,Gemma-2-9B,0.9001360011102133,52.9188346862793,-3.8515625,73.11443387633261
5,gemma,2,Gemma-2-9B,0.9398585305411551,49.83877182006836,-3.734375,74.15804605246689
5,gemma,3,Gemma-2-9B,0.953757225433526,36.21577453613281,-3.474609375,75.5399320506704
5,gemma,4,Gemma-2-9B,0.950506230529595,37.431697845458984,-3.552734375,75.36862208339045
6,gemma,0,Gemma-2-9B,0.9292504268639726,17.482418060302734,-2.259765625,76.8638527329204
6,gemma,1,Gemma-2-9B,0.9478286979845754,23.49342155456543,-2.509765625,76.99667264342708
6,gemma,2,Gemma-2-9B,0.9357040529244821,20.936777114868164,-2.5390625,77.0466018307522
6,gemma,3,Gemma-2-9B,0.9338616014172207,20.37590980529785,-2.3515625,77.04545906156773
6,gemma,4,Gemma-2-9B,0.9649122807017544,24.458742141723633,-2.5625,76.50858373565048
7,gemma,0,Gemma-2-9B,0.8674363106530778,21.757038116455078,-2.998046875,74.8147070844351
7,gemma,1,Gemma-2-9B,0.8670409613792704,19.716350555419922,-2.990234375,74.69175708529993
7,gemma,2,Gemma-2-9B,0.8564040440960262,20.079605102539062,-2.9296875,74.07550976547837
7,gemma,3,Gemma-2-9B,0.8536513742560586,21.569381713867188,-3.013671875,73.83365034071431
7,gemma,4,Gemma-2-9B,0.8768498836496893,19.660966873168945,-2.9765625,75.27461592538805
8,gemma,0,Gemma-2-9B,0.8724089543523916,21.74627113342285,-2.978515625,75.13949592921755
8,gemma,1,Gemma-2-9B,0.8662874963328993,24.47439193725586,-3.103515625,74.68887057597263
8,gemma,2,Gemma-2-9B,0.894363795490872,28.524913787841797,-3.283203125,75.82249200982457
8,gemma,3,Gemma-2-9B,0.882999847723466,23.48769187927246,-3.015625,75.71450738168193
8,gemma,4,Gemma-2-9B,0.8535479743280038,23.697071075439453,-3.099609375,73.78208726881843
9,gemma,0,Gemma-2-9B,0.8775185434808846,15.129096031188965,-2.7734375,75.2352624256796
9,gemma,1,Gemma-2-9B,0.869944780891939,16.40157127380371,-2.8828125,74.79337828410354
9,gemma,2,Gemma-2-9B,0.8842285558238329,16.428775787353516,-2.873046875,75.55860425854482
9,gemma,3,Gemma-2-9B,0.890165094199409,17.548126220703125,-2.93359375,75.81464785835755
9,gemma,4,Gemma-2-9B,0.889756803778846,14.356163024902344,-2.7109375,75.78910070988525
10,gemma,0,Gemma-2-9B,0.9287866772402855,32.688011169433594,-3.390625,76.17357106150871
10,gemma,1,Gemma-2-9B,0.9446751781777163,22.23418617248535,-2.990234375,76.6028003732802
10,gemma,2,Gemma-2-9B,0.9204761083318959,26.156612396240234,-3.150390625,76.60387178770202
10,gemma,3,Gemma-2-9B,0.929562241037651,34.618858337402344,-3.44140625,76.01696717688199
10,gemma,4,Gemma-2-9B,0.8995290423861853,24.24707794189453,-3.0546875,76.31549235100296
11,gemma,0,Gemma-2-9B,0.9550561797752809,17.94935417175293,-2.8671875,76.27914276879483
11,gemma,1,Gemma-2-9B,0.9367238320520401,20.138944625854492,-2.990234375,76.60210741166881
11,gemma,2,Gemma-2-9B,0.9233327946563241,21.833444595336914,-3.0546875,76.62341974358
11,gemma,3,Gemma-2-9B,0.9340405904059041,19.230915069580078,-2.974609375,76.5926463857769
11,gemma,4,Gemma-2-9B,0.9264452644526445,17.393007278442383,-2.86328125,76.63422866415328
12,gemma,0,Gemma-2-9B,0.9485714285714286,30.329008102416992,-2.197265625,77.09987510591391
12,gemma,1,Gemma-2-9B,0.9322033898305084,29.122608184814453,-2.275390625,77.33594548446685
12,gemma,2,Gemma-2-9B,0.8924828370159166,26.346467971801758,-2.2421875,76.62547748227398
12,gemma,3,Gemma-2-9B,0.9318181818181818,30.19995880126953,-2.197265625,77.3169559496142
12,gemma,4,Gemma-2-9B,0.8971372573227568,24.7808837890625,-2.130859375,76.68591192820031
13,gemma,0,Gemma-2-9B,0.8446370933322916,18.782114028930664,-2.966796875,73.02827412544742
13,gemma,1,Gemma-2-9B,0.8278136402585767,16.09914207458496,-2.7734375,71.53570126073397
13,gemma,2,Gemma-2-9B,0.8063691945545722,19.379268646240234,-3.00390625,69.19313313598262
13,gemma,3,Gemma-2-9B,0.795855946035205,24.413314819335938,-3.181640625,67.88431631918779
13,gemma,4,Gemma-2-9B,0.8300523113056474,18.26771354675293,-2.97265625,71.67483985279334
14,gemma,0,Gemma-2-9B,0.8682051815765798,21.692293167114258,-3.091796875,74.71002328042935
14,gemma,1,Gemma-2-9B,0.8500931548223767,18.84796142578125,-2.916015625,73.54198968368296
14,gemma,2,Gemma-2-9B,0.8710612537835055,19.870006561279297,-2.935546875,75.01962177927633
14,gemma,3,Gemma-2-9B,0.8724977067932876,19.590179443359375,-2.978515625,75.02803533199905
14,gemma,4,Gemma-2-9B,0.8649184055544761,19.743844985961914,-2.966796875,74.59157318456114
15,gemma,0,Gemma-2-9B,0.9016382271166113,22.812664031982422,-2.404296875,76.82791077795783
15,gemma,1,Gemma-2-9B,0.9210435999909683,18.96068572998047,-2.26953125,76.93927721052643
15,gemma,2,Gemma-2-9B,0.9077836434670885,18.04567527770996,-2.189453125,76.66195882705476
15,gemma,3,Gemma-2-9B,0.9016007983486213,19.99728775024414,-2.353515625,76.68076277639759
15,gemma,4,Gemma-2-9B,0.9073133721222537,24.43279266357422,-2.521484375,77.01779880713532
16,gemma,0,Gemma-2-9B,0.8667896678966789,22.686817169189453,-3.033203125,74.76463775049648
16,gemma,1,Gemma-2-9B,0.8791078820647124,26.711599349975586,-3.20703125,75.29295628343064
16,gemma,2,Gemma-2-9B,0.8823912785875104,20.792423248291016,-2.890625,75.72757297380008
16,gemma,3,Gemma-2-9B,0.8823293494826342,28.60050392150879,-3.298828125,75.29225109844992
16,gemma,4,Gemma-2-9B,0.9107204116638079,33.749210357666016,-3.419921875,75.93384100018827
17,gemma,0,Gemma-2-9B,0.8868575519588281,16.473697662353516,-2.505859375,75.92671279945947
17,gemma,1,Gemma-2-9B,0.8843646958309415,14.683917045593262,-2.427734375,75.69290069871776
17,gemma,2,Gemma-2-9B,0.8713250214217332,15.654006958007812,-2.453125,75.08872334641228
17,gemma,3,Gemma-2-9B,0.8762618633839943,12.888198852539062,-2.283203125,75.12884767129484
17,gemma,4,Gemma-2-9B,0.8699091082248389,15.813922882080078,-2.41796875,75.01909822969863
18,gemma,0,Gemma-2-9B,0.951593595690558,25.554574966430664,-3.2265625,76.16940838529277
18,gemma,1,Gemma-2-9B,0.9402701715954728,28.760860443115234,-3.328125,76.23274685081856
18,gemma,2,Gemma-2-9B,0.9406247745472909,24.852678298950195,-3.1875,76.43575003572013
18,gemma,3,Gemma-2-9B,0.9272892524426267,31.91298484802246,-3.513671875,75.85799824464655
18,gemma,4,Gemma-2-9B,0.9455708514140355,28.859127044677734,-3.369140625,76.05313961643354
19,gemma,0,Gemma-2-9B,0.800151261159409,17.244033813476562,-2.859375,68.51476971729008
19,gemma,1,Gemma-2-9B,0.7983817452417579,19.839115142822266,-2.955078125,68.34896231675488
19,gemma,2,Gemma-2-9B,0.8414166001868255,19.205142974853516,-2.96484375,72.78316236565037
19,gemma,3,Gemma-2-9B,0.8252817665445059,15.352084159851074,-2.736328125,71.26005736396124
19,gemma,4,Gemma-2-9B,0.8276437472378143,14.443551063537598,-2.65625,71.47946220135667
20,gemma,0,Gemma-2-9B,0.8736319360165311,18.62430763244629,-2.857421875,75.18599743211745
20,gemma,1,Gemma-2-9B,0.9086561453849833,14.924652099609375,-2.677734375,76.42468407489437
20,gemma,2,Gemma-2-9B,0.8945881330145621,17.469587326049805,-2.78515625,76.1381699221992
21,gemma,0,Gemma-2-9B,0.9238648675268394,15.697615623474121,-1.93359375,76.51707004109426
21,gemma,1,Gemma-2-9B,0.9114785073216816,15.954293251037598,-1.947265625,76.41603194405286
21,gemma,2,Gemma-2-9B,0.901823708206687,11.80754566192627,-1.69921875,75.58762188629099
21,gemma,3,Gemma-2-9B,0.9165763813651138,12.212628364562988,-1.6943359375,75.9062202738691
21,gemma,4,Gemma-2-9B,0.9119036372224847,18.121694564819336,-1.9150390625,76.543167967408
22,gemma,0,Gemma-2-9B,0.8720227897137487,17.095308303833008,-2.806640625,75.04593445152743
22,gemma,1,Gemma-2-9B,0.8649207776616286,14.449075698852539,-2.615234375,74.5544616735161
22,gemma,2,Gemma-2-9B,0.8640162618164782,14.651876449584961,-2.64453125,74.49617613456257
23,gemma,0,Gemma-2-9B,0.93745602926692,26.94791603088379,-3.30078125,76.29482920830127
23,gemma,1,Gemma-2-9B,0.8963337794931104,24.51763916015625,-3.2109375,75.94113312768022
23,gemma,2,Gemma-2-9B,0.9253330948761512,20.952735900878906,-3.01171875,76.6531294168001
23,gemma,3,Gemma-2-9B,0.9355166572557878,29.154836654663086,-3.36328125,76.20512085011802
23,gemma,4,Gemma-2-9B,0.9691248770894788,21.777301788330078,-3.08984375,75.68201229120945
24,gemma,0,Gemma-2-9B,0.925189561396458,10.593015670776367,-1.921875,76.08529507473429
24,gemma,1,Gemma-2-9B,0.890758627048708,10.83972454071045,-1.8642578125,75.33011034256546
24,gemma,2,Gemma-2-9B,0.890758627048708,11.095207214355469,-1.9111328125,75.40105767290291
24,gemma,3,Gemma-2-9B,0.9008671383501037,11.72008228302002,-1.935546875,75.81971511034843
24,gemma,4,Gemma-2-9B,0.890758627048708,10.971024513244629,-1.78125,75.24878597060656
25,gemma,0,Gemma-2-9B,0.8876449420231908,20.609066009521484,-2.96484375,75.85697510946251
25,gemma,1,Gemma-2-9B,0.9165590135055784,20.392370223999023,-2.908203125,76.7007091847545
25,gemma,2,Gemma-2-9B,0.912309368191721,15.451733589172363,-2.716796875,76.50472939591747
25,gemma,3,Gemma-2-9B,0.937984496124031,19.43912124633789,-2.93359375,76.62670631087256
26,gemma,0,Gemma-2-9B,0.9339966832504146,21.617141723632812,-3.06640625,76.58442576901619
26,gemma,1,Gemma-2-9B,0.8802815477190559,19.41583251953125,-2.876953125,75.56355491004749
26,gemma,2,Gemma-2-9B,0.916058185314045,24.65374183654785,-3.2109375,76.39517763080514
26,gemma,3,Gemma-2-9B,0.9301181102362205,21.66473388671875,-3.056640625,76.61997222803295
26,gemma,4,Gemma-2-9B,0.9609375,19.669389724731445,-2.943359375,76.10740879337973
27,gemma,0,Gemma-2-9B,0.9177191188503555,39.49367904663086,-3.619140625,75.3058280771107
27,gemma,1,Gemma-2-9B,0.9268239445220541,24.928234100341797,-3.181640625,76.53525777463624
27,gemma,2,Gemma-2-9B,0.9353500158378207,34.965576171875,-3.466796875,75.91529031507618
27,gemma,3,Gemma-2-9B,0.9088384912704315,35.65998840332031,-3.482421875,75.69660627212734
27,gemma,4,Gemma-2-9B,0.9328340700127811,22.223125457763672,-3.068359375,76.61729864480169
28,gemma,0,Gemma-2-9B,0.9275034189947399,14.289400100708008,-2.12890625,76.56825252017624
28,gemma,1,Gemma-2-9B,0.9286281100971935,9.648011207580566,-1.69140625,75.73786243417979
28,gemma,2,Gemma-2-9B,0.922195898526233,10.686346054077148,-1.716796875,75.84990340807742
28,gemma,3,Gemma-2-9B,0.9321446620572467,17.66200828552246,-2.2890625,76.87597721732897
28,gemma,4,Gemma-2-9B,0.9323532826377199,11.363048553466797,-1.8544921875,76.07877578164674
29,gemma,0,Gemma-2-9B,0.9552631578947368,29.704330444335938,-2.751953125,76.83676084215212
29,gemma,1,Gemma-2-9B,0.9434321638828951,26.054418563842773,-2.560546875,77.15159141260959
29,gemma,2,Gemma-2-9B,0.9384891464152901,28.293310165405273,-2.6484375,77.22778868349587
29,gemma,3,Gemma-2-9B,0.9311152262744677,24.410045623779297,-2.595703125,77.20742035214367
29,gemma,4,Gemma-2-9B,0.9414759358288769,23.692211151123047,-2.51171875,77.11646093507996
30,gemma,0,Gemma-2-9B,0.9841269841269841,25.984704971313477,-3.1953125,74.8962013495318
30,gemma,1,Gemma-2-9B,0.9848484848484849,27.754213333129883,-3.314453125,74.64227623801898
30,gemma,2,Gemma-2-9B,0.9640287769784173,21.50461196899414,-3.083984375,75.88357596557859
30,gemma,3,Gemma-2-9B,0.9772727272727273,25.37769317626953,-3.130859375,75.37252577979582
30,gemma,4,Gemma-2-9B,0.9770992366412213,26.921337127685547,-3.244140625,75.2016332984253
31,gemma,0,Gemma-2-9B,0.8773561655802267,19.221765518188477,-2.912109375,75.36074573951086
31,gemma,1,Gemma-2-9B,0.920092627442535,17.381561279296875,-2.921875,76.53282396240279
31,gemma,2,Gemma-2-9B,0.8944505931550502,15.91712760925293,-2.724609375,76.07425487640548
31,gemma,3,Gemma-2-9B,0.8999939895160953,19.380226135253906,-2.94140625,76.25873508297364
31,gemma,4,Gemma-2-9B,0.9011389012594097,20.402544021606445,-2.982421875,76.29403779714045
32,gemma,0,Gemma-2-9B,0.9673469387755103,61.90821075439453,-4.1015625,70.6667855740892
32,gemma,1,Gemma-2-9B,0.9531557182563895,36.94396209716797,-3.53125,75.37919441833868
32,gemma,2,Gemma-2-9B,0.9566534914361001,34.353729248046875,-3.515625,75.38956734274846
32,gemma,3,Gemma-2-9B,0.9384914759507593,29.851797103881836,-3.328125,76.26548643108252
32,gemma,4,Gemma-2-9B,0.9511006289308176,41.27766036987305,-3.634765625,74.93565232104609
33,gemma,0,Gemma-2-9B,0.9704433497536946,31.851852416992188,-2.796875,76.24769845075348
33,gemma,1,Gemma-2-9B,0.9601990049751243,29.007369995117188,-2.80859375,76.62441933277651
33,gemma,2,Gemma-2-9B,0.9701492537313433,38.00184631347656,-2.890625,76.02880082540283
33,gemma,3,Gemma-2-9B,0.9711538461538461,31.324365615844727,-2.708984375,76.29080152927173
33,gemma,4,Gemma-2-9B,0.9660194174757282,30.944395065307617,-2.77734375,76.45248317511022
34,gemma,0,Gemma-2-9B,0.9296460594620103,29.251462936401367,-3.408203125,76.12541702205385
34,gemma,1,Gemma-2-9B,0.9375,28.432558059692383,-3.298828125,76.32695205294517
34,gemma,2,Gemma-2-9B,0.9087003459703843,27.556663513183594,-3.296875,76.17208333600819
34,gemma,3,Gemma-2-9B,0.9387844254510921,30.954326629638672,-3.45703125,75.94877062800008
34,gemma,4,Gemma-2-9B,0.9325024873016704,28.257150650024414,-3.34765625,76.24974966959954
35,gemma,0,Gemma-2-9B,0.8542661666216478,25.56168556213379,-3.1953125,73.72380722181374
35,gemma,1,Gemma-2-9B,0.8613669504230378,23.370420455932617,-3.134765625,74.26743723965963
35,gemma,2,Gemma-2-9B,0.871295433748547,24.149290084838867,-3.146484375,74.90456466958875
35,gemma,3,Gemma-2-9B,0.8568261623087935,18.824739456176758,-2.912109375,74.05378350913126
35,gemma,4,Gemma-2-9B,0.8997824917557359,27.16930389404297,-3.251953125,76.04036870051135
36,gemma,0,Gemma-2-9B,0.8787526511134678,10.618337631225586,-2.34765625,75.07326452794145
36,gemma,1,Gemma-2-9B,0.8875721396721654,10.683440208435059,-2.365234375,75.49182441835603
36,gemma,2,Gemma-2-9B,0.8842217629149236,12.191268920898438,-2.494140625,75.47286345651584
36,gemma,3,Gemma-2-9B,0.8470102383205713,9.167159080505371,-2.185546875,72.7775846661993
36,gemma,4,Gemma-2-9B,0.858315059620628,10.389050483703613,-2.3359375,73.8024122256483
37,gemma,0,Gemma-2-9B,0.9690265486725663,22.814556121826172,-2.29296875,76.28772380335822
37,gemma,1,Gemma-2-9B,0.9779735682819384,23.573606491088867,-2.3984375,75.91253991433135
37,gemma,2,Gemma-2-9B,0.974025974025974,22.303009033203125,-2.193359375,76.00219504551012
37,gemma,3,Gemma-2-9B,0.9778761061946902,21.709217071533203,-2.27734375,75.81461211412002
37,gemma,4,Gemma-2-9B,0.9782608695652174,24.22677230834961,-2.29296875,75.90784801930297
38,gemma,0,Gemma-2-9B,0.9093994283728337,13.96163558959961,-2.142578125,76.37061259636523
38,gemma,1,Gemma-2-9B,0.8869004160173382,11.279767036437988,-2.013671875,75.35236612651154
38,gemma,2,Gemma-2-9B,0.8857263228850691,16.31650733947754,-2.3828125,75.87627338471789
38,gemma,3,Gemma-2-9B,0.9006488888786771,13.052958488464355,-2.099609375,76.05945688146647
38,gemma,4,Gemma-2-9B,0.8820136416108383,14.85354232788086,-2.212890625,75.5543905038132
39,gemma,0,Gemma-2-9B,0.963302752293578,29.22526741027832,-2.4765625,76.7032091017839
39,gemma,1,Gemma-2-9B,0.9605263157894737,28.462862014770508,-2.439453125,76.79627502032221
39,gemma,2,Gemma-2-9B,0.981651376146789,26.81910514831543,-2.494140625,75.81194304668722
39,gemma,3,Gemma-2-9B,0.972972972972973,30.659589767456055,-2.498046875,76.30447368832635
39,gemma,4,Gemma-2-9B,0.9681818181818181,30.63889503479004,-2.583984375,76.49001534479692
40,gemma,0,Gemma-2-9B,0.7782418026782446,14.495734214782715,-2.619140625,65.73159378029824
40,gemma,1,Gemma-2-9B,0.7467449430718589,14.066025733947754,-2.58203125,61.257908412654416
40,gemma,2,Gemma-2-9B,0.7893096675769333,13.768805503845215,-2.544921875,67.1425116235005
40,gemma,3,Gemma-2-9B,0.7998503323365819,14.046085357666016,-2.59375,68.44418548199197
40,gemma,4,Gemma-2-9B,0.7537424063998899,14.99645709991455,-2.65625,62.324549357227966
41,gemma,0,Gemma-2-9B,0.8956979759899467,19.114898681640625,-2.330078125,76.44413535494837
41,gemma,1,Gemma-2-9B,0.8846554904949067,19.959543228149414,-2.5,76.05663546293167
41,gemma,2,Gemma-2-9B,0.8909389093890939,17.44144630432129,-2.306640625,76.15932923600185
41,gemma,3,Gemma-2-9B,0.8854825063454934,19.62750244140625,-2.34375,76.07888172462695
41,gemma,4,Gemma-2-9B,0.8926218708827405,19.978788375854492,-2.572265625,76.36269784140035
42,gemma,0,Gemma-2-9B,0.9497716894977168,32.58320236206055,-3.42578125,75.83395308692673
42,gemma,1,Gemma-2-9B,0.976303317535545,32.82447814941406,-3.404296875,74.91470386905114
42,gemma,2,Gemma-2-9B,0.9492678725236865,32.554931640625,-3.427734375,75.84066203086232
42,gemma,3,Gemma-2-9B,0.9394100451767208,23.18906593322754,-3.130859375,76.49473982979468
42,gemma,4,Gemma-2-9B,0.9719626168224299,34.48015213012695,-3.490234375,74.87567163371548
43,gemma,0,Gemma-2-9B,0.9471620755925688,27.718536376953125,-2.640625,77.08556447156722
43,gemma,1,Gemma-2-9B,0.963963963963964,26.442100524902344,-2.693359375,76.53753237089704
43,gemma,2,Gemma-2-9B,0.9370061999916216,27.054231643676758,-2.775390625,77.1267660687988
43,gemma,3,Gemma-2-9B,0.9323848404065863,28.361801147460938,-2.76171875,77.19682110578849
43,gemma,4,Gemma-2-9B,0.9264027872105121,25.273916244506836,-2.703125,77.17955884357853
44,gemma,0,Gemma-2-9B,0.9044856707739166,23.967517852783203,-2.486328125,76.94291728080837
44,gemma,1,Gemma-2-9B,0.9170189098998888,30.836727142333984,-2.6953125,77.21846521551716
44,gemma,2,Gemma-2-9B,0.9092996555683124,30.502330780029297,-2.701171875,77.09399715610489
44,gemma,3,Gemma-2-9B,0.9060054416425907,32.709163665771484,-2.666015625,77.041387802952
44,gemma,4,Gemma-2-9B,0.9226601309030811,24.743518829345703,-2.390625,77.25090927390526
45,gemma,0,Gemma-2-9B,0.9402454780361758,23.38189125061035,-3.091796875,76.56104667296434
45,gemma,1,Gemma-2-9B,0.9263336781439339,31.538719177246094,-3.34375,76.29187642010675
45,gemma,2,Gemma-2-9B,0.958974358974359,29.802749633789062,-3.30078125,75.87865018686904
45,gemma,3,Gemma-2-9B,0.9380753138075314,32.77477264404297,-3.37109375,76.16570449041127
45,gemma,4,Gemma-2-9B,0.9458897600380137,28.37649917602539,-3.30859375,76.18185493190848
46,gemma,0,Gemma-2-9B,0.9241892319645478,41.22356033325195,-3.697265625,75.02336229695335
46,gemma,1,Gemma-2-9B,0.8912881856475696,33.722496032714844,-3.509765625,75.14933397293866
47,gemma,0,Gemma-2-9B,0.9403268475849121,9.348703384399414,-1.619140625,75.5303137688971
47,gemma,1,Gemma-2-9B,0.9108882638294403,12.283230781555176,-1.90625,76.07205780677639
47,gemma,2,Gemma-2-9B,0.9309497935231471,12.116338729858398,-1.9091796875,76.20701987088518
47,gemma,3,Gemma-2-9B,0.9310723514211886,9.47409725189209,-1.564453125,75.54077476998945
47,gemma,4,Gemma-2-9B,0.9112834807902073,11.942275047302246,-1.8447265625,75.98537065778915
48,gemma,0,Gemma-2-9B,0.8887550323456839,23.17498779296875,-3.173828125,75.68174788655362
48,gemma,1,Gemma-2-9B,0.8951641221615534,24.989669799804688,-3.19140625,75.95688301718238
48,gemma,2,Gemma-2-9B,0.8690051081511642,27.923389434814453,-3.25,74.66740516163406
48,gemma,3,Gemma-2-9B,0.854779744823112,24.171274185180664,-3.23046875,73.64401781258611
48,gemma,4,Gemma-2-9B,0.8506733289106573,20.943212509155273,-3.103515625,73.4270249263234
49,gemma,0,Gemma-2-9B,0.8626581052241247,12.487139701843262,-2.509765625,74.28214527643885
49,gemma,1,Gemma-2-9B,0.8847175972121812,13.421613693237305,-2.599609375,75.56524430661428
49,gemma,2,Gemma-2-9B,0.8638567235076229,9.38963508605957,-2.2734375,74.07345555843048
49,gemma,3,Gemma-2-9B,0.8131016844138397,11.265579223632812,-2.462890625,69.76531580712987
49,gemma,4,Gemma-2-9B,0.8617490866122482,10.611651420593262,-2.369140625,74.06505407385428
50,gemma,0,Gemma-2-9B,0.8263994626063592,18.262256622314453,-2.83203125,71.48874383776453
50,gemma,1,Gemma-2-9B,0.8220647149460709,18.244596481323242,-2.935546875,70.92815192801791
50,gemma,2,Gemma-2-9B,0.8389639241267574,17.94910430908203,-2.833984375,72.64764357225623
50,gemma,3,Gemma-2-9B,0.8105071652485445,13.79918384552002,-2.615234375,69.64760557105745
50,gemma,4,Gemma-2-9B,0.7840542009391734,17.32028579711914,-2.869140625,66.50152120251603
51,gemma,0,Gemma-2-9B,0.8779300159054759,25.672025680541992,-3.2421875,75.13248148734893
51,gemma,1,Gemma-2-9B,0.9128688883019946,19.632020950317383,-2.9765625,76.51579574295317
51,gemma,2,Gemma-2-9B,0.933075771197589,24.304174423217773,-3.197265625,76.46881428938798
51,gemma,3,Gemma-2-9B,0.8907162516727343,20.577007293701172,-3.02734375,75.8879649607266
51,gemma,4,Gemma-2-9B,0.8935737592652272,25.701396942138672,-3.255859375,75.7913429484016
52,gemma,0,Gemma-2-9B,0.9479909996785599,20.88178062438965,-3.0234375,76.42129805850955
52,gemma,1,Gemma-2-9B,0.930265421479479,22.503232955932617,-3.119140625,76.55313601749005
52,gemma,2,Gemma-2-9B,0.9422486689633572,20.093839645385742,-2.994140625,76.52614668448533
52,gemma,3,Gemma-2-9B,0.9373876931677514,21.052488327026367,-3.033203125,76.58076277336363
53,gemma,0,Gemma-2-9B,0.9318754382775367,25.252687454223633,-2.5859375,77.23732219405666
53,gemma,1,Gemma-2-9B,0.9428328305097858,24.639802932739258,-2.642578125,77.07947619900547
53,gemma,2,Gemma-2-9B,0.9394777265745007,20.273935317993164,-2.4453125,76.98987249210982
53,gemma,3,Gemma-2-9B,0.9303776861298025,24.08907699584961,-2.59765625,77.19695999355012
53,gemma,4,Gemma-2-9B,0.9345204673671827,26.548681259155273,-2.755859375,77.15245577856967
54,gemma,0,Gemma-2-9B,0.9373517402294381,69.84857940673828,-3.357421875,72.68876661129046
54,gemma,1,Gemma-2-9B,0.9313710608810427,71.23970794677734,-3.380859375,72.47725318125815
54,gemma,2,Gemma-2-9B,0.9210014518455207,63.01757049560547,-3.349609375,73.6885586188922
54,gemma,3,Gemma-2-9B,0.914110943426406,66.89662170410156,-3.333984375,73.109183441713
54,gemma,4,Gemma-2-9B,0.9296373571783408,62.57924270629883,-3.3359375,73.80373492385718
55,gemma,0,Gemma-2-9B,0.9126104417670683,15.278078079223633,-2.630859375,76.55104794535733
55,gemma,1,Gemma-2-9B,0.9321008033454385,23.776582717895508,-3.07421875,76.67810950045913
55,gemma,2,Gemma-2-9B,0.8878220140515223,17.827808380126953,-2.822265625,75.8669171374035
56,gemma,0,Gemma-2-9B,0.9187540288533997,21.866153717041016,-3.072265625,76.56337430638736
56,gemma,1,Gemma-2-9B,0.9165168225773184,23.419504165649414,-3.140625,76.48936671648211
56,gemma,2,Gemma-2-9B,0.9213557804022346,23.467987060546875,-3.173828125,76.47441559087224
56,gemma,3,Gemma-2-9B,0.9117311967432622,25.413179397583008,-3.2109375,76.35656011948505
56,gemma,4,Gemma-2-9B,0.9096038896658021,21.24114990234375,-3.037109375,76.45706695999486
57,gemma,0,Gemma-2-9B,0.9411101718794026,20.559253692626953,-2.15234375,76.91338060169176
57,gemma,1,Gemma-2-9B,0.9453838096663175,21.671796798706055,-2.228515625,76.9380370363805
57,gemma,2,Gemma-2-9B,0.9470588235294117,21.709386825561523,-2.208984375,76.89943777063529
57,gemma,3,Gemma-2-9B,0.9482121252856567,19.31380844116211,-2.130859375,76.70413770199754
57,gemma,4,Gemma-2-9B,0.9404083399466129,21.541641235351562,-2.193359375,76.9951854009785
58,gemma,0,Gemma-2-9B,0.8902762209061139,24.37418556213379,-3.08984375,75.94220720690083
58,gemma,1,Gemma-2-9B,0.9450445535551919,16.174915313720703,-2.681640625,76.55443183368034
58,gemma,2,Gemma-2-9B,0.9345308116912497,23.336322784423828,-3.072265625,76.64955523431708
58,gemma,3,Gemma-2-9B,0.8964746329870557,22.055240631103516,-2.953125,76.27760617345194
59,gemma,0,Gemma-2-9B,0.9246297562087036,19.252155303955078,-2.4296875,76.9973925849417
59,gemma,1,Gemma-2-9B,0.8633484162895928,18.0889949798584,-2.443359375,74.76356688941283
59,gemma,2,Gemma-2-9B,0.9084409991386736,17.93778419494629,-2.4375,76.72094543970239
59,gemma,3,Gemma-2-9B,0.9235367372353673,17.43840217590332,-2.37109375,76.87544882677555
59,gemma,4,Gemma-2-9B,0.9085545722713864,16.498809814453125,-2.326171875,76.6173699385246
60,gemma,0,Gemma-2-9B,0.9140283424031375,24.233108520507812,-3.140625,76.48813850658868
60,gemma,1,Gemma-2-9B,0.8633639055689782,29.307945251464844,-3.310546875,74.19643438613669
60,gemma,2,Gemma-2-9B,0.8804684909598018,25.85454750061035,-3.2265625,75.29856472669557
60,gemma,3,Gemma-2-9B,0.8920467611212534,38.876407623291016,-3.5,75.05425521403015
60,gemma,4,Gemma-2-9B,0.8906643370733754,37.39476776123047,-3.5625,74.88565778924976
61,gemma,0,Gemma-2-9B,0.9234807648411848,14.339613914489746,-2.201171875,76.60012975189439
61,gemma,1,Gemma-2-9B,0.9366899201294105,16.170167922973633,-2.3359375,76.75022720029932
61,gemma,2,Gemma-2-9B,0.8996932868226425,15.11325740814209,-2.24609375,76.27153439686333
61,gemma,3,Gemma-2-9B,0.9401197604790419,16.077234268188477,-2.34765625,76.70706452302977
61,gemma,4,Gemma-2-9B,0.9158836671810684,20.654125213623047,-2.537109375,76.98921619251522
62,gemma,0,Gemma-2-9B,0.8209713788101527,19.908662796020508,-2.94140625,70.9091904262583
62,gemma,1,Gemma-2-9B,0.8270194772892512,11.262032508850098,-2.341796875,71.21628606226015
62,gemma,2,Gemma-2-9B,0.8599306940507354,13.60180950164795,-2.52734375,74.18531334315654
62,gemma,3,Gemma-2-9B,0.7889611705577173,14.929973602294922,-2.626953125,67.15633796583577
62,gemma,4,Gemma-2-9B,0.7946898603799496,15.904051780700684,-2.650390625,67.93298170938601
63,gemma,0,Gemma-2-9B,0.9377266387726639,22.78175163269043,-3.1328125,76.49262637478888
63,gemma,1,Gemma-2-9B,0.9492635024549919,23.294954299926758,-3.06640625,76.43975025271915
64,gemma,0,Gemma-2-9B,0.8809233636819844,30.42877197265625,-3.380859375,75.04931728987188
64,gemma,1,Gemma-2-9B,0.8801497064688433,23.079078674316406,-3.12890625,75.37210677432527
64,gemma,2,Gemma-2-9B,0.8746633729523964,26.83470344543457,-3.3203125,74.81746104706437
64,gemma,3,Gemma-2-9B,0.9101266859887549,28.046798706054688,-3.341796875,76.10600624190262
64,gemma,4,Gemma-2-9B,0.8772528496666427,31.598081588745117,-3.462890625,74.6561010200439
65,gemma,0,Gemma-2-9B,0.9791666666666666,34.180843353271484,-3.486328125,74.53679630218829
65,gemma,1,Gemma-2-9B,0.9837837837837838,30.090797424316406,-3.37890625,74.58075192084021
65,gemma,2,Gemma-2-9B,0.9746969853931421,23.636581420898438,-3.162109375,75.38057924689444
65,gemma,3,Gemma-2-9B,0.9616778149386845,26.425167083740234,-3.279296875,75.77829520256137
66,gemma,0,Gemma-2-9B,0.9378154351555907,19.47210121154785,-2.345703125,76.95944825316137
66,gemma,1,Gemma-2-9B,0.9601449275362319,22.184776306152344,-2.306640625,76.601951392365
66,gemma,2,Gemma-2-9B,0.9336703124795939,21.24424171447754,-2.20703125,77.05157363916555
66,gemma,3,Gemma-2-9B,0.9446494464944649,24.332490921020508,-2.396484375,77.10198151297722
66,gemma,4,Gemma-2-9B,0.9389322293067135,22.382539749145508,-2.310546875,77.09446914592395
67,gemma,0,Gemma-2-9B,0.9552238805970149,25.076711654663086,-2.70703125,76.77773097255496
67,gemma,1,Gemma-2-9B,0.9267147818537009,27.29029083251953,-2.55078125,77.31245523905375
67,gemma,2,Gemma-2-9B,0.9161387673356287,23.627696990966797,-2.69140625,77.05742712129353
67,gemma,3,Gemma-2-9B,0.9589552238805971,25.660581588745117,-2.693359375,76.69146888163128
67,gemma,4,Gemma-2-9B,0.9360634648370497,23.868003845214844,-2.736328125,77.07046259972185
68,gemma,0,Gemma-2-9B,0.8674042944552384,19.238330841064453,-2.904296875,74.80086109418625
68,gemma,1,Gemma-2-9B,0.9006020066889632,20.70343589782715,-2.986328125,76.28965017894451
68,gemma,2,Gemma-2-9B,0.8729793655950324,19.6251220703125,-2.9296875,75.1236406083245
68,gemma,3,Gemma-2-9B,0.878335100687012,17.558927536010742,-2.826171875,75.4025607430112
68,gemma,4,Gemma-2-9B,0.9096784398797821,19.049972534179688,-2.892578125,76.53460998945832
69,gemma,0,Gemma-2-9B,0.9501068241799673,18.352773666381836,-2.90234375,76.39239432818253
69,gemma,1,Gemma-2-9B,0.9021361073083315,17.606456756591797,-2.79296875,76.37382314460115
69,gemma,2,Gemma-2-9B,0.9371666980362633,16.643783569335938,-2.7890625,76.61319553758175
69,gemma,3,Gemma-2-9B,0.947406608869008,17.36055564880371,-2.845703125,76.45089227238145
70,gemma,0,Gemma-2-9B,0.920279339742427,18.68718147277832,-2.966796875,76.56014610274948
70,gemma,1,Gemma-2-9B,0.919746276889134,17.719369888305664,-2.931640625,76.54019040682606
70,gemma,2,Gemma-2-9B,0.9416924664602684,17.121503829956055,-2.865234375,76.51338237221691
70,gemma,3,Gemma-2-9B,0.9330759330759331,17.682931900024414,-2.9140625,76.58025706171887
71,gemma,0,Gemma-2-9B,0.9461497696791814,20.978214263916016,-2.072265625,76.80197140116005
71,gemma,1,Gemma-2-9B,0.9360334841246354,27.803911209106445,-2.34375,77.30628462900685
71,gemma,2,Gemma-2-9B,0.9468650793650794,24.155208587646484,-2.181640625,76.99682673738663
71,gemma,3,Gemma-2-9B,0.9459070341423282,26.022579193115234,-2.259765625,77.10856625722522
71,gemma,4,Gemma-2-9B,0.9461497696791814,26.654394149780273,-2.291015625,77.12973143614617
72,gemma,0,Gemma-2-9B,0.781149667994457,14.701358795166016,-2.623046875,66.13100523220112
72,gemma,1,Gemma-2-9B,0.7699070879950055,12.96782112121582,-2.42578125,64.52759608940585
72,gemma,2,Gemma-2-9B,0.7252052439645172,13.340736389160156,-2.5546875,57.92471901512623
72,gemma,3,Gemma-2-9B,0.7649414943642675,11.485595703125,-2.43359375,63.70779214807501
72,gemma,4,Gemma-2-9B,0.7651199229478048,13.691997528076172,-2.58203125,63.88674427143499
73,gemma,0,Gemma-2-9B,0.9085088806278397,26.29717254638672,-2.3671875,77.11366500238898
73,gemma,1,Gemma-2-9B,0.9131113984055161,27.484403610229492,-2.423828125,77.22570044996702
73,gemma,2,Gemma-2-9B,0.9088424217575509,27.248933792114258,-2.3671875,77.14313824031687
73,gemma,3,Gemma-2-9B,0.9195571955719557,27.3970947265625,-2.400390625,77.30231008681912
73,gemma,4,Gemma-2-9B,0.9132108767145264,25.838930130004883,-2.365234375,77.18498743347409
74,gemma,0,Gemma-2-9B,0.8605334270466374,17.8617000579834,-2.546875,74.53795855704539
74,gemma,1,Gemma-2-9B,0.8580226513513997,20.691194534301758,-2.71484375,74.44356371705173
74,gemma,2,Gemma-2-9B,0.8762877710246131,19.839937210083008,-2.681640625,75.55927585825106
74,gemma,3,Gemma-2-9B,0.8498043333765964,19.808902740478516,-2.5703125,73.85782712816408
74,gemma,4,Gemma-2-9B,0.8542405419217745,20.897594451904297,-2.681640625,74.20161366488124
75,gemma,0,Gemma-2-9B,0.8306940058589807,23.844484329223633,-3.076171875,71.86806675270816
75,gemma,1,Gemma-2-9B,0.9002042317189132,21.31513786315918,-2.95703125,76.35130725910601
75,gemma,2,Gemma-2-9B,0.8872686601630358,18.670305252075195,-2.82421875,75.89606131420528
75,gemma,3,Gemma-2-9B,0.8435827131479305,19.416799545288086,-2.884765625,73.0833909394885
75,gemma,4,Gemma-2-9B,0.8669313290271856,19.654560089111328,-2.884765625,74.81951633306316
76,gemma,0,Gemma-2-9B,0.925189561396458,24.13778305053711,-1.9296875,76.99893623851057
76,gemma,1,Gemma-2-9B,0.9378494844482258,23.250598907470703,-1.818359375,76.79846941536233
76,gemma,2,Gemma-2-9B,0.928539259245431,25.093965530395508,-1.8173828125,76.91865027107961
76,gemma,3,Gemma-2-9B,0.9351637167437942,21.566980361938477,-1.798828125,76.7232912020278
76,gemma,4,Gemma-2-9B,0.9319427698738044,21.474653244018555,-1.7744140625,76.70934769216682
77,gemma,0,Gemma-2-9B,0.9658536585365853,29.78520393371582,-3.322265625,75.58193933486257
77,gemma,1,Gemma-2-9B,0.9605911330049262,33.07777404785156,-3.427734375,75.51479902408657
77,gemma,2,Gemma-2-9B,0.9605911330049262,24.216585159301758,-3.083984375,76.12570170526702
77,gemma,3,Gemma-2-9B,0.9560975609756097,30.54311752319336,-3.3359375,75.89157609332396
77,gemma,4,Gemma-2-9B,0.9615384615384616,28.17605209350586,-3.24609375,75.89139694985802
78,gemma,0,Gemma-2-9B,0.9055991443411501,36.88292694091797,-3.5390625,75.43525678453808
78,gemma,1,Gemma-2-9B,0.9152014695708185,41.12480545043945,-3.69921875,74.9455275176718
78,gemma,2,Gemma-2-9B,0.9072696274764329,37.04249954223633,-3.609375,75.264654045682
78,gemma,3,Gemma-2-9B,0.9360823575994117,49.034915924072266,-3.84765625,73.89932399143568
78,gemma,4,Gemma-2-9B,0.931863704385864,43.649818420410156,-3.771484375,74.62948601306309
79,gemma,0,Gemma-2-9B,0.8761497791594361,29.591995239257812,-2.6484375,75.90495656038934
79,gemma,1,Gemma-2-9B,0.8850208044382802,26.306377410888672,-2.6796875,76.26416070813303
79,gemma,2,Gemma-2-9B,0.8774808971929606,23.7935733795166,-2.654296875,75.83179195059101
79,gemma,3,Gemma-2-9B,0.8832907405742426,21.144502639770508,-2.33984375,76.06292337266191
79,gemma,4,Gemma-2-9B,0.8715628627096963,20.187013626098633,-2.376953125,75.40189749569298
80,gemma,0,Gemma-2-9B,0.9170301031805127,15.636017799377441,-2.671875,76.61502143885937
80,gemma,1,Gemma-2-9B,0.8972187629721876,16.09249496459961,-2.666015625,76.22047957764076
80,gemma,2,Gemma-2-9B,0.9387548243733188,15.778243064880371,-2.64453125,76.64084660127345
80,gemma,3,Gemma-2-9B,0.9443201263656706,16.04415512084961,-2.69921875,76.54580013054776
80,gemma,4,Gemma-2-9B,0.9328525063108547,16.225223541259766,-2.712890625,76.67894903206943
81,gemma,0,Gemma-2-9B,0.9480874316939891,44.42377853393555,-3.19921875,75.8955447702817
81,gemma,1,Gemma-2-9B,0.952247191011236,48.88390350341797,-3.15625,75.50436473229344
81,gemma,2,Gemma-2-9B,0.952513966480447,52.325111389160156,-3.3515625,74.73077277517893
81,gemma,3,Gemma-2-9B,0.9512893982808023,50.37972640991211,-3.166015625,75.36304815223059
81,gemma,4,Gemma-2-9B,0.957983193277311,48.41366958618164,-3.259765625,75.17685112496035
82,gemma,0,Gemma-2-9B,0.7959675362342202,18.68499183654785,-2.21484375,68.30655283522701
82,gemma,1,Gemma-2-9B,0.7923528686182684,16.403310775756836,-2.115234375,67.65441318350409
82,gemma,2,Gemma-2-9B,0.7853620160628976,18.231008529663086,-2.193359375,66.93512341915397
82,gemma,3,Gemma-2-9B,0.7825159877269805,19.74329948425293,-2.181640625,66.6526804615835
82,gemma,4,Gemma-2-9B,0.7886677655001565,16.774629592895508,-2.158203125,67.24218699092776
83,gemma,0,Gemma-2-9B,0.9217291944391546,16.256582260131836,-2.7421875,76.65217602986083
83,gemma,1,Gemma-2-9B,0.9025400828679517,18.963438034057617,-2.916015625,76.33726987685003
83,gemma,2,Gemma-2-9B,0.9253266331658292,12.989645004272461,-2.533203125,76.52651078268238
84,gemma,0,Gemma-2-9B,0.9185117164915145,25.157316207885742,-3.201171875,76.45899870006572
84,gemma,1,Gemma-2-9B,0.9515044247787611,25.69437026977539,-3.255859375,76.11448329658813
85,gemma,0,Gemma-2-9B,0.98,42.97830581665039,-2.908203125,75.26545886860994
85,gemma,1,Gemma-2-9B,0.9732441471571907,41.91728591918945,-2.998046875,75.55094424562026
85,gemma,2,Gemma-2-9B,0.9695945945945946,44.44581604003906,-3.064453125,75.44279041234232
85,gemma,3,Gemma-2-9B,0.9761092150170648,39.97661590576172,-2.9609375,75.57207204320193
85,gemma,4,Gemma-2-9B,0.9693877551020408,39.871788024902344,-2.951171875,75.90275162005517
86,gemma,0,Gemma-2-9B,0.9611111111111111,29.483993530273438,-2.607421875,76.74348195261867
86,gemma,1,Gemma-2-9B,0.9753424657534246,30.69835662841797,-2.65234375,76.13063661065989
86,gemma,2,Gemma-2-9B,0.9719887955182073,29.01412010192871,-2.556640625,76.32179055141924
86,gemma,3,Gemma-2-9B,0.9745762711864406,32.09511947631836,-2.794921875,76.05740466490184
86,gemma,4,Gemma-2-9B,0.9636719856481919,25.376537322998047,-2.474609375,76.60885939502778
87,gemma,0,Gemma-2-9B,0.8177615743179596,16.233308792114258,-2.673828125,70.59351363816793
87,gemma,1,Gemma-2-9B,0.8559093174574868,16.41417121887207,-2.662109375,74.05603177761863
87,gemma,2,Gemma-2-9B,0.822942352502036,15.062724113464355,-2.599609375,71.08613662690834
87,gemma,3,Gemma-2-9B,0.8235944152702521,17.517183303833008,-2.77734375,71.21060722408617
87,gemma,4,Gemma-2-9B,0.8307281519805841,19.573184967041016,-2.87890625,71.94037225094864
88,gemma,0,Gemma-2-9B,0.8400900594291686,24.841842651367188,-3.171875,72.59446387802345
88,gemma,1,Gemma-2-9B,0.8814912078357614,20.939023971557617,-3.00390625,75.54100532065715
88,gemma,2,Gemma-2-9B,0.8331448814510839,24.895898818969727,-3.205078125,71.9015878132487
88,gemma,3,Gemma-2-9B,0.8211475614273368,27.489253997802734,-3.318359375,70.5446919303467
88,gemma,4,Gemma-2-9B,0.8147614647333499,22.159168243408203,-3.068359375,70.1791229500151
89,gemma,0,Gemma-2-9B,0.9570815450643777,42.088539123535156,-3.796875,74.20718264835948
89,gemma,1,Gemma-2-9B,0.9521739130434783,40.41633224487305,-3.69140625,74.78159644144613
89,gemma,2,Gemma-2-9B,0.9493328525063108,36.42326354980469,-3.640625,75.17079666367242
89,gemma,3,Gemma-2-9B,0.9803921568627451,42.84815216064453,-3.798828125,73.16448941702201
89,gemma,4,Gemma-2-9B,0.9715447154471545,48.95890426635742,-3.8671875,72.877370159629
90,gemma,0,Gemma-2-9B,0.6424296962879639,10.14459228515625,-2.2890625,44.38118949573279
90,gemma,1,Gemma-2-9B,0.7151793160967473,10.86479663848877,-2.396484375,56.15987791216484
90,gemma,2,Gemma-2-9B,0.5993892765474456,8.32040786743164,-2.060546875,37.48141804079192
90,gemma,3,Gemma-2-9B,0.639568373707883,9.573742866516113,-2.15234375,43.81861212784928
90,gemma,4,Gemma-2-9B,0.6714721735177609,6.453459739685059,-1.8154296875,48.344148661406
91,gemma,0,Gemma-2-9B,0.9561128526645768,33.90886306762695,-2.490234375,76.92867874851376
91,gemma,1,Gemma-2-9B,0.944426283099052,33.57614517211914,-2.466796875,77.21216567102363
91,gemma,2,Gemma-2-9B,0.9573170731707317,32.32414245605469,-2.423828125,76.917268698538
91,gemma,3,Gemma-2-9B,0.9462025316455697,35.86448287963867,-2.544921875,77.11564476068298
91,gemma,4,Gemma-2-9B,0.948170731707317,37.16765594482422,-2.505859375,77.04657960529043
92,gemma,0,Gemma-2-9B,0.8337381244159295,15.381232261657715,-2.8125,72.01235090882399
92,gemma,1,Gemma-2-9B,0.8611772139643197,11.5862398147583,-2.435546875,74.114687403682
92,gemma,2,Gemma-2-9B,0.8624791189520549,11.944490432739258,-2.56640625,74.20617606608498
93,gemma,0,Gemma-2-9B,0.9470993117010816,22.429656982421875,-2.73828125,76.84844975095648
93,gemma,1,Gemma-2-9B,0.9414225941422594,22.284915924072266,-2.45703125,77.0660089189526
93,gemma,2,Gemma-2-9B,0.9446808510638298,19.53093719482422,-2.365234375,76.86845976618962
93,gemma,3,Gemma-2-9B,0.9303991419597027,22.940345764160156,-2.5546875,77.16721745202578
93,gemma,4,Gemma-2-9B,0.9533898305084746,22.980554580688477,-2.640625,76.79106051084631
94,gemma,0,Gemma-2-9B,0.8937456884666064,26.24485206604004,-3.16015625,76.00503147239233
94,gemma,1,Gemma-2-9B,0.9447590011614401,26.392663955688477,-3.177734375,76.43621885239129
94,gemma,2,Gemma-2-9B,0.9177257525083612,25.4775390625,-3.126953125,76.60180766661558
94,gemma,3,Gemma-2-9B,0.9316072067772342,24.863664627075195,-3.1328125,76.61792337390335
95,gemma,0,Gemma-2-9B,0.9160278506628252,20.84735679626465,-3.01171875,76.57722950624435
95,gemma,1,Gemma-2-9B,0.8595082878676935,20.949434280395508,-2.8671875,74.42003422470883
95,gemma,2,Gemma-2-9B,0.8582844982057166,18.9339599609375,-2.98046875,74.07390933464
95,gemma,3,Gemma-2-9B,0.865909580123543,15.951737403869629,-2.685546875,74.6921970925914
95,gemma,4,Gemma-2-9B,0.8540036968450981,16.465330123901367,-2.763671875,73.8439595219369
96,gemma,0,Gemma-2-9B,0.8981759408912492,14.132762908935547,-2.013671875,76.01128769212914
96,gemma,1,Gemma-2-9B,0.8981427952016187,13.969919204711914,-1.98046875,75.96927893295074
96,gemma,2,Gemma-2-9B,0.9118416805017524,15.862555503845215,-1.9462890625,76.41454810412819
96,gemma,3,Gemma-2-9B,0.8814997815199488,13.980305671691895,-2.00390625,75.32840678578721
96,gemma,4,Gemma-2-9B,0.8934937611408199,11.83652114868164,-1.919921875,75.57767856831369
97,gemma,0,Gemma-2-9B,0.8803405118866657,23.905271530151367,-3.201171875,75.27791089813901
97,gemma,1,Gemma-2-9B,0.847676565965973,21.369308471679688,-3.037109375,73.32091624509498
97,gemma,2,Gemma-2-9B,0.9067790328655978,21.4244384765625,-3.103515625,76.29801551938975
97,gemma,3,Gemma-2-9B,0.8895851476063286,23.399860382080078,-3.181640625,75.70960126231998
97,gemma,4,Gemma-2-9B,0.9002823517630891,20.74895668029785,-3.119140625,76.06909490969487
98,gemma,0,Gemma-2-9B,0.9741379310344828,32.664730072021484,-2.76171875,76.10438061858444
98,gemma,1,Gemma-2-9B,0.9696969696969697,40.00320816040039,-2.857421875,75.99766003057589
98,gemma,2,Gemma-2-9B,0.9826839826839827,38.21043395996094,-2.84375,75.44572450351617
98,gemma,3,Gemma-2-9B,0.9705882352941176,36.78319549560547,-2.732421875,76.20847385579148
98,gemma,4,Gemma-2-9B,0.9872340425531915,33.28419494628906,-2.736328125,75.40815025437212
99,gemma,0,Gemma-2-9B,0.9691562595288284,25.176095962524414,-3.203125,75.60927760084367
100,gemma,0,Gemma-2-9B,0.7910885702563138,14.536142349243164,-2.060546875,67.31862789169656
100,gemma,1,Gemma-2-9B,0.777206044637111,14.16748046875,-2.015625,65.45345423510753
100,gemma,2,Gemma-2-9B,0.8315442808412091,15.395868301391602,-2.083984375,71.88772886022545
100,gemma,3,Gemma-2-9B,0.8027497212011969,14.026843070983887,-2.14453125,68.74939138018476
100,gemma,4,Gemma-2-9B,0.797182513628689,15.243610382080078,-2.044921875,68.11407820414574
101,gemma,0,Gemma-2-9B,0.9743589743589743,26.911088943481445,-3.255859375,75.31202106755606
101,gemma,1,Gemma-2-9B,0.9865470852017937,31.953716278076172,-3.482421875,74.15519075553647
101,gemma,2,Gemma-2-9B,0.9646017699115044,29.318464279174805,-3.37890625,75.49253843728826
101,gemma,3,Gemma-2-9B,0.972972972972973,24.440757751464844,-3.166015625,75.48566725238652
101,gemma,4,Gemma-2-9B,0.9515418502202643,26.758594512939453,-3.25390625,76.1461982366227
102,gemma,0,Gemma-2-9B,0.8799968378545102,17.07152557373047,-2.353515625,75.65856371659991
102,gemma,1,Gemma-2-9B,0.8872052209664533,22.197092056274414,-2.80078125,76.11071038890397
102,gemma,2,Gemma-2-9B,0.855597637589163,16.929811477661133,-2.318359375,74.1358110531412
102,gemma,3,Gemma-2-9B,0.8808138000211171,20.605947494506836,-2.583984375,75.8860524551
102,gemma,4,Gemma-2-9B,0.8827481159974541,19.657026290893555,-2.453125,75.95864765008461
103,gemma,0,Gemma-2-9B,0.7473406968922117,13.282064437866211,-2.09375,61.209297098595606
103,gemma,1,Gemma-2-9B,0.7358597138953005,14.281440734863281,-2.048828125,59.52995058749406
103,gemma,2,Gemma-2-9B,0.7640083917663703,8.634580612182617,-1.580078125,62.64840663960847
103,gemma,3,Gemma-2-9B,0.7351158703587741,13.64410400390625,-2.06640625,59.377675701611885
103,gemma,4,Gemma-2-9B,0.753079586031313,13.336312294006348,-2.041015625,62.02139136037614
104,gemma,0,Gemma-2-9B,0.9087347825473628,32.930423736572266,-2.599609375,77.13355557813385
104,gemma,1,Gemma-2-9B,0.9284456355893062,31.859373092651367,-2.609375,77.3288939079354
104,gemma,2,Gemma-2-9B,0.9205439706055674,33.511959075927734,-2.70703125,77.2283660979128
104,gemma,3,Gemma-2-9B,0.9145143499032292,29.144607543945312,-2.541015625,77.2524846248746
104,gemma,4,Gemma-2-9B,0.9083713453394152,32.891136169433594,-2.6171875,77.11824957782775
105,gemma,0,Gemma-2-9B,0.7865163138085463,24.36761474609375,-3.16796875,66.738245427815
105,gemma,1,Gemma-2-9B,0.8299119495390572,28.115020751953125,-3.271484375,71.53720086576682
105,gemma,2,Gemma-2-9B,0.8383131633392302,29.494651794433594,-3.279296875,72.31780675334055
105,gemma,3,Gemma-2-9B,0.8522760190853309,23.60890007019043,-3.158203125,73.57601754708523
105,gemma,4,Gemma-2-9B,0.8450087277511181,28.765743255615234,-3.3125,72.81299794141655
106,gemma,0,Gemma-2-9B,0.8762823676077189,23.94695281982422,-3.21875,75.03536756225625
106,gemma,1,Gemma-2-9B,0.8671527616952293,19.312559127807617,-2.970703125,74.70261546043157
106,gemma,2,Gemma-2-9B,0.8588243872915405,21.943647384643555,-3.095703125,74.09668041880803
106,gemma,3,Gemma-2-9B,0.8855187990412335,22.824050903320312,-3.1328125,75.60570484923286
106,gemma,4,Gemma-2-9B,0.8892357982191321,20.669036865234375,-2.958984375,75.93379699748253
107,gemma,0,Gemma-2-9B,0.9070759451321513,15.802510261535645,-2.64453125,76.47806866068838
107,gemma,1,Gemma-2-9B,0.9261342203628133,26.993804931640625,-3.142578125,76.666304247688
107,gemma,2,Gemma-2-9B,0.8966521106259098,21.36066436767578,-2.94921875,76.25446039615868
107,gemma,3,Gemma-2-9B,0.8966397927281149,18.68899154663086,-2.853515625,76.21844304262909
107,gemma,4,Gemma-2-9B,0.9418093597271545,20.199199676513672,-2.896484375,76.66862791403076
108,gemma,0,Gemma-2-9B,0.923767022451233,31.824277877807617,-3.419921875,76.09752277528821
108,gemma,1,Gemma-2-9B,0.9149535556570731,30.166561126708984,-3.35546875,76.17553552156288
108,gemma,2,Gemma-2-9B,0.9528795811518325,32.57778549194336,-3.47265625,75.63551323968989
108,gemma,3,Gemma-2-9B,0.9219066937119675,28.68883514404297,-3.3203125,76.31254947605417
109,gemma,0,Gemma-2-9B,0.9208154134758901,24.69926643371582,-3.193359375,76.47902104110925
109,gemma,1,Gemma-2-9B,0.916936246453989,23.377582550048828,-3.169921875,76.4376435085425
109,gemma,2,Gemma-2-9B,0.9406968124536693,26.005521774291992,-3.244140625,76.3555021403577
109,gemma,3,Gemma-2-9B,0.9314370842572062,20.709049224853516,-3.0546875,76.56963536175311
109,gemma,4,Gemma-2-9B,0.9185796437421104,18.234817504882812,-2.935546875,76.55830361030844
110,gemma,0,Gemma-2-9B,0.9587628865979382,26.566028594970703,-3.318359375,75.79295787624231
110,gemma,1,Gemma-2-9B,0.9533678756476683,28.5833797454834,-3.33984375,75.94208920574924
110,gemma,2,Gemma-2-9B,0.9631578947368421,29.950162887573242,-3.4453125,75.38508788931655
110,gemma,3,Gemma-2-9B,0.9504950495049505,31.439739227294922,-3.427734375,75.81764576410185
110,gemma,4,Gemma-2-9B,0.9558823529411765,24.65106201171875,-3.232421875,76.01156105886359
111,gemma,0,Gemma-2-9B,0.9315033389107463,32.47750473022461,-2.669921875,77.28513805278605
111,gemma,1,Gemma-2-9B,0.9324961983142677,32.22581481933594,-2.654296875,77.29196532029084
111,gemma,2,Gemma-2-9B,0.9377538684719536,33.5908317565918,-2.71484375,77.19791947992756
111,gemma,3,Gemma-2-9B,0.9358217340232026,33.66921615600586,-2.779296875,77.16216478667508
111,gemma,4,Gemma-2-9B,0.9326816756910801,34.29535675048828,-2.72265625,77.22035293496853
112,gemma,0,Gemma-2-9B,0.981651376146789,19.148456573486328,-2.90234375,75.19720300753333
112,gemma,1,Gemma-2-9B,0.9805825242718447,23.335620880126953,-3.072265625,75.22599316982941
112,gemma,2,Gemma-2-9B,0.9911504424778761,21.679935455322266,-3.0078125,74.62561113125794
112,gemma,3,Gemma-2-9B,0.9826086956521739,22.33615493774414,-3.046875,75.1116359697975
112,gemma,4,Gemma-2-9B,0.9393713819948101,20.616703033447266,-2.93359375,76.67793910633331
113,gemma,0,Gemma-2-9B,0.9525948103792415,23.24717903137207,-3.123046875,76.2597631287836
113,gemma,1,Gemma-2-9B,0.929213002566296,18.919898986816406,-2.869140625,76.72686992093854
113,gemma,2,Gemma-2-9B,0.9440251572327044,21.62742042541504,-3.080078125,76.44427587259617
113,gemma,3,Gemma-2-9B,0.9515151515151515,20.165245056152344,-2.921875,76.4434541316658
113,gemma,4,Gemma-2-9B,0.9640718562874252,20.037763595581055,-2.91796875,76.04828554055184
114,gemma,0,Gemma-2-9B,0.9941520467836257,53.57669448852539,-3.076171875,73.19672701685711
114,gemma,1,Gemma-2-9B,0.9884393063583815,54.794647216796875,-2.974609375,73.58025852598621
114,gemma,2,Gemma-2-9B,0.9941860465116279,53.19435501098633,-2.9296875,73.4545826851714
114,gemma,3,Gemma-2-9B,0.9767441860465116,53.69982147216797,-3.005859375,74.3187009184529
114,gemma,4,Gemma-2-9B,0.9940476190476191,58.14506912231445,-3.04296875,72.70398803723408
115,gemma,0,Gemma-2-9B,0.910476961478783,26.15509605407715,-2.4140625,77.1499187303657
115,gemma,1,Gemma-2-9B,0.8947745168217608,23.966201782226562,-2.267578125,76.63939960368307
115,gemma,2,Gemma-2-9B,0.9308631649381064,27.17190170288086,-2.38671875,77.32844505251394
115,gemma,3,Gemma-2-9B,0.9126104417670683,25.759479522705078,-2.455078125,77.17305868497404
115,gemma,4,Gemma-2-9B,0.904294597745822,23.11227035522461,-2.228515625,76.87411043917771
116,gemma,0,Gemma-2-9B,0.9707112970711297,33.21331024169922,-2.46484375,76.4016213724777
116,gemma,1,Gemma-2-9B,0.968503937007874,30.460861206054688,-2.349609375,76.50746562200771
116,gemma,2,Gemma-2-9B,0.978448275862069,36.11935806274414,-2.6171875,75.92303413184358
116,gemma,3,Gemma-2-9B,0.9699570815450643,40.89959716796875,-2.7890625,76.00871084672524
116,gemma,4,Gemma-2-9B,0.970954356846473,32.13878631591797,-2.48828125,76.3964340690493
117,gemma,0,Gemma-2-9B,0.9098893499308437,33.88676834106445,-2.541015625,77.16612130608826
117,gemma,1,Gemma-2-9B,0.9263399746236411,30.134859085083008,-2.6015625,77.33013621852722
117,gemma,2,Gemma-2-9B,0.9444095012579546,37.88728332519531,-2.841796875,76.87908682188954
117,gemma,3,Gemma-2-9B,0.9046378044888841,30.72626304626465,-2.5390625,77.07364463359639
117,gemma,4,Gemma-2-9B,0.9070759451321513,33.92767333984375,-2.548828125,77.10561652913798
118,gemma,0,Gemma-2-9B,0.8811122127767934,22.86830711364746,-2.908203125,75.74596221858474
118,gemma,1,Gemma-2-9B,0.8852542951416543,16.645368576049805,-2.701171875,75.77879879612105
118,gemma,2,Gemma-2-9B,0.9088025376685172,19.81353187561035,-2.845703125,76.61606089811305
119,gemma,0,Gemma-2-9B,0.9131005717582414,21.72833251953125,-3.07421875,76.48234095934772
119,gemma,1,Gemma-2-9B,0.8885594291944959,25.20684051513672,-3.208984375,75.68017753229908
119,gemma,2,Gemma-2-9B,0.9056224893313699,23.92542839050293,-3.1796875,76.24322658555394
119,gemma,3,Gemma-2-9B,0.9025578389981074,24.038055419921875,-3.189453125,76.15190388568416
119,gemma,4,Gemma-2-9B,0.9056782910456251,24.094404220581055,-3.1484375,76.31025379188847
120,gemma,0,Gemma-2-9B,0.9505494505494505,15.003774642944336,-2.744140625,76.30537419913185
120,gemma,1,Gemma-2-9B,0.973404255319149,13.17889404296875,-2.65234375,75.41040602740169
120,gemma,2,Gemma-2-9B,0.955495574665746,14.577289581298828,-2.73828125,76.14638754176492
120,gemma,3,Gemma-2-9B,0.9403711043055305,12.46213150024414,-2.61328125,76.37139416223076
120,gemma,4,Gemma-2-9B,0.9499403678362941,13.897293090820312,-2.681640625,76.2780028907915
121,gemma,0,Gemma-2-9B,0.8536189159974021,18.117849349975586,-2.15625,74.00793853570804
121,gemma,1,Gemma-2-9B,0.8510585650073916,22.062150955200195,-2.36328125,74.10288958121359
121,gemma,2,Gemma-2-9B,0.8683737757642914,22.81186866760254,-2.376953125,75.34328507678183
121,gemma,3,Gemma-2-9B,0.850744372708668,20.46246910095215,-2.236328125,73.96541808816816
121,gemma,4,Gemma-2-9B,0.8520612589210809,20.384033203125,-2.25,74.06801877922692
122,gemma,0,Gemma-2-9B,0.9066405389366967,12.21892261505127,-2.548828125,76.22238091211837
122,gemma,1,Gemma-2-9B,0.9040819219048969,11.897138595581055,-2.51953125,76.14243528435051
122,gemma,2,Gemma-2-9B,0.9207769145394007,12.166077613830566,-2.52734375,76.43492124897735
122,gemma,3,Gemma-2-9B,0.9312158134542258,12.524352073669434,-2.587890625,76.4649405993939
122,gemma,4,Gemma-2-9B,0.9047727149364411,14.938807487487793,-2.736328125,76.29726489271103
123,gemma,0,Gemma-2-9B,0.9441313641663428,24.740692138671875,-3.197265625,76.35906737614421
123,gemma,1,Gemma-2-9B,0.9509883289482561,28.648296356201172,-3.390625,75.88177403787624
123,gemma,2,Gemma-2-9B,0.9666666666666667,25.18601417541504,-3.216796875,75.68563548239143
123,gemma,3,Gemma-2-9B,0.9628099173553719,24.721994400024414,-3.27734375,75.69060193455154
123,gemma,4,Gemma-2-9B,0.9503803596127248,24.6427059173584,-3.24609375,76.12847093201823
124,gemma,0,Gemma-2-9B,0.8610325632751364,25.2166748046875,-3.232421875,74.12225645355844
124,gemma,1,Gemma-2-9B,0.839486107088414,22.991865158081055,-3.1328125,72.542942357636
124,gemma,2,Gemma-2-9B,0.8470148198427513,22.460020065307617,-3.109375,73.19973686444042
124,gemma,3,Gemma-2-9B,0.8391447328992151,23.739505767822266,-3.166015625,72.48194689533355
124,gemma,4,Gemma-2-9B,0.8737487486850049,23.24930763244629,-3.138671875,75.02357918537832
125,gemma,0,Gemma-2-9B,0.8826681815049346,35.56150817871094,-3.517578125,74.72359010311217
125,gemma,1,Gemma-2-9B,0.8553447703291501,40.88416290283203,-3.623046875,72.55197992978253
125,gemma,2,Gemma-2-9B,0.9073317779585331,45.852882385253906,-3.759765625,74.28908145441838
125,gemma,3,Gemma-2-9B,0.8953959677516491,28.6212215423584,-3.30078125,75.82050740262585
125,gemma,4,Gemma-2-9B,0.8973302570863546,28.78272247314453,-3.3046875,75.87780460419715
126,gemma,0,Gemma-2-9B,0.9616778149386845,33.674251556396484,-3.423828125,75.47949423816439
126,gemma,1,Gemma-2-9B,0.9658536585365853,33.297420501708984,-3.396484375,75.39689726552812
126,gemma,2,Gemma-2-9B,0.9618605079131396,28.466554641723633,-3.279296875,75.81326303393936
126,gemma,3,Gemma-2-9B,0.9607374530556504,35.865943908691406,-3.470703125,75.34547810032763
126,gemma,4,Gemma-2-9B,0.9622641509433962,33.85813903808594,-3.41796875,75.4707615208044
127,gemma,0,Gemma-2-9B,0.8677093574045938,17.897672653198242,-2.814453125,74.83456639475867
127,gemma,1,Gemma-2-9B,0.8842413952770489,18.113672256469727,-2.81640625,75.73533778776834
127,gemma,2,Gemma-2-9B,0.8449369916882652,15.583044052124023,-2.693359375,73.11563875098481
127,gemma,3,Gemma-2-9B,0.864539238033214,18.429582595825195,-2.8359375,74.64601628301395
127,gemma,4,Gemma-2-9B,0.8817679955404506,17.37447166442871,-2.787109375,75.59863034637407
128,gemma,0,Gemma-2-9B,0.9150993377483444,24.553802490234375,-3.095703125,76.59466531599894
128,gemma,1,Gemma-2-9B,0.8500410172272355,19.753265380859375,-2.904296875,73.60686051603744
128,gemma,2,Gemma-2-9B,0.8707563939778705,19.749513626098633,-2.900390625,75.03901598677606
128,gemma,3,Gemma-2-9B,0.8607374982059747,18.125469207763672,-2.798828125,74.4094585856727
128,gemma,4,Gemma-2-9B,0.8258896584666826,17.525245666503906,-2.791015625,71.42971523680374
129,gemma,0,Gemma-2-9B,0.8977095400638158,17.781661987304688,-2.17578125,76.37198126699417
129,gemma,1,Gemma-2-9B,0.908151024298333,16.65886116027832,-2.14453125,76.55164375726588
129,gemma,2,Gemma-2-9B,0.907545373260974,25.09233283996582,-2.52734375,77.04385483446003
129,gemma,3,Gemma-2-9B,0.9084762550357729,25.79676628112793,-2.541015625,77.0810277283251
129,gemma,4,Gemma-2-9B,0.8963412897501342,23.46855354309082,-2.5546875,76.67065392808381
130,gemma,0,Gemma-2-9B,0.8710938975821445,20.234119415283203,-3.02734375,74.91144076364228
130,gemma,1,Gemma-2-9B,0.8591513502534234,26.392457962036133,-3.34765625,73.77075133164857
130,gemma,2,Gemma-2-9B,0.8415461586835955,26.746788024902344,-3.30859375,72.49061902342162
130,gemma,3,Gemma-2-9B,0.8473202931197299,18.81129264831543,-2.96484375,73.25381397806972
130,gemma,4,Gemma-2-9B,0.8565924379973338,22.3136043548584,-3.12890625,73.89597334087671
131,gemma,0,Gemma-2-9B,1.0,35.605464935302734,-1.6513671875,74.07568898171014
131,gemma,1,Gemma-2-9B,1.0,33.367645263671875,-1.830078125,74.339284530868
131,gemma,2,Gemma-2-9B,1.0,38.573490142822266,-1.408203125,73.6136093335295
131,gemma,3,Gemma-2-9B,1.0,38.47922134399414,-1.62890625,73.94889381402825
131,gemma,4,Gemma-2-9B,1.0,30.65202522277832,-1.7431640625,74.25039134359857
132,gemma,0,Gemma-2-9B,0.6799409726423875,13.472143173217773,-2.525390625,50.708959734158604
132,gemma,1,Gemma-2-9B,0.7051454488583047,16.279176712036133,-2.740234375,54.876269046561276
132,gemma,2,Gemma-2-9B,0.6996459942257272,22.233638763427734,-2.986328125,54.076882111451376
132,gemma,3,Gemma-2-9B,0.7178828365878726,14.535224914550781,-2.595703125,56.857608499879476
132,gemma,4,Gemma-2-9B,0.8712911529603035,21.65404510498047,-3.05859375,74.94845373293597
133,gemma,0,Gemma-2-9B,0.8446737387798204,24.361722946166992,-3.15234375,73.00688670511249
133,gemma,1,Gemma-2-9B,0.9127986897136674,20.429407119750977,-2.998046875,76.52914943981129
133,gemma,2,Gemma-2-9B,0.8935792832272789,23.255582809448242,-3.107421875,75.99231123257437
133,gemma,3,Gemma-2-9B,0.8924616553444722,23.673707962036133,-3.142578125,75.90544498701796
133,gemma,4,Gemma-2-9B,0.8742799328435591,25.639301300048828,-3.224609375,74.97215125760874
134,gemma,0,Gemma-2-9B,0.8934988750625923,18.59746742248535,-2.873046875,76.08288789790917
134,gemma,1,Gemma-2-9B,0.8695176925465063,15.101022720336914,-2.673828125,74.85918686912562
134,gemma,2,Gemma-2-9B,0.8866298306261572,18.323450088500977,-2.86328125,75.80501452257003
134,gemma,3,Gemma-2-9B,0.8821724392466576,18.402027130126953,-2.859375,75.61249047677741
135,gemma,0,Gemma-2-9B,0.8841230947598441,24.502473831176758,-3.1953125,75.49138143806195
135,gemma,1,Gemma-2-9B,0.8989034940390196,27.069969177246094,-3.23046875,76.05683053584889
135,gemma,2,Gemma-2-9B,0.8822988530754476,21.38571548461914,-3.0,75.6085618578806
135,gemma,3,Gemma-2-9B,0.90373100297623,22.601924896240234,-3.126953125,76.24035589923483
135,gemma,4,Gemma-2-9B,0.8869424908634392,21.552207946777344,-3.021484375,75.79401980204352
136,gemma,0,Gemma-2-9B,0.8715902753572673,18.32169532775879,-2.75,75.15379570551737
136,gemma,1,Gemma-2-9B,0.8944809176827069,19.109590530395508,-2.798828125,76.22728525653561
136,gemma,2,Gemma-2-9B,0.9147340889276373,15.999801635742188,-2.603515625,76.65032432676723
136,gemma,3,Gemma-2-9B,0.8845846348055479,10.848875045776367,-2.265625,75.3557112956478
136,gemma,4,Gemma-2-9B,0.9457132298595713,23.243370056152344,-2.96875,76.65914790008821
137,gemma,0,Gemma-2-9B,0.8838592191050291,22.47003936767578,-3.125,75.52926048729437
137,gemma,1,Gemma-2-9B,0.8663947890348617,21.02841567993164,-3.06640625,74.6060152463861
137,gemma,2,Gemma-2-9B,0.8328988603988604,18.491352081298828,-2.966796875,71.96796564797262
137,gemma,3,Gemma-2-9B,0.8977145826214601,24.432069778442383,-3.123046875,76.15011109587537
137,gemma,4,Gemma-2-9B,0.8247488711592524,20.474117279052734,-3.03125,71.19789740183549
138,gemma,0,Gemma-2-9B,0.7997888836312016,15.57230281829834,-2.69921875,68.49580494064857
138,gemma,1,Gemma-2-9B,0.7998123336031687,21.578886032104492,-2.953125,68.6170997792875
138,gemma,2,Gemma-2-9B,0.7868042822499556,13.677961349487305,-2.509765625,66.82567766389033
138,gemma,3,Gemma-2-9B,0.8089539378440491,14.252460479736328,-2.541015625,69.53913288554577
138,gemma,4,Gemma-2-9B,0.8235589432710243,15.029308319091797,-2.595703125,71.14813016777025
139,gemma,0,Gemma-2-9B,0.9175320610203261,19.417387008666992,-2.958984375,76.58969277522188
139,gemma,1,Gemma-2-9B,0.8990223363326154,18.81640625,-2.947265625,76.18762578708643
139,gemma,2,Gemma-2-9B,0.9016506868849841,18.215110778808594,-2.912109375,76.27079521299451
139,gemma,3,Gemma-2-9B,0.9012430363104158,19.546133041381836,-2.9609375,76.27804418325607
139,gemma,4,Gemma-2-9B,0.9003840491453065,17.293807983398438,-2.876953125,76.21585149633457
140,gemma,0,Gemma-2-9B,0.9543010752688172,33.83885192871094,-2.775390625,76.82896430052828
140,gemma,1,Gemma-2-9B,0.9306533239666814,29.99864387512207,-2.703125,77.26723966786297
140,gemma,2,Gemma-2-9B,0.9566395663956639,36.650848388671875,-2.892578125,76.573836601923
140,gemma,3,Gemma-2-9B,0.9426087611019118,30.267959594726562,-2.6484375,77.19309311562512
140,gemma,4,Gemma-2-9B,0.9504132231404959,30.392446517944336,-2.61328125,77.05918310311631
141,gemma,0,Gemma-2-9B,0.9353338597876634,22.578603744506836,-2.94140625,76.8058119927181
141,gemma,1,Gemma-2-9B,0.9242129809560824,9.77314567565918,-2.21484375,76.2130966023866
142,gemma,0,Gemma-2-9B,0.8833088276091662,21.99769401550293,-3.0625,75.58901928424268
142,gemma,1,Gemma-2-9B,0.871787774269526,20.559553146362305,-3.0,75.01111808744822
142,gemma,2,Gemma-2-9B,0.8638552752268231,19.895566940307617,-2.970703125,74.52565990427063
142,gemma,3,Gemma-2-9B,0.8708320114875358,23.08709144592285,-3.138671875,74.84921847793778
142,gemma,4,Gemma-2-9B,0.8268070087756404,21.56314468383789,-3.060546875,71.41385311684643
143,gemma,0,Gemma-2-9B,0.9447368421052631,25.883529663085938,-2.5078125,77.13992768645859
143,gemma,1,Gemma-2-9B,0.9230345418649852,26.353717803955078,-2.490234375,77.29452792752967
143,gemma,2,Gemma-2-9B,0.9437749075719019,32.081180572509766,-2.6796875,77.15484279778241
143,gemma,3,Gemma-2-9B,0.9348753649225242,24.140859603881836,-2.515625,77.20466208413758
143,gemma,4,Gemma-2-9B,0.9374073708131608,25.23257064819336,-2.517578125,77.21992724508944
144,gemma,0,Gemma-2-9B,0.8549780644596714,35.66045379638672,-3.53125,73.00102607943649
144,gemma,1,Gemma-2-9B,0.8723756112621804,37.218360900878906,-3.62890625,73.81572476914636
144,gemma,2,Gemma-2-9B,0.8625675389215549,33.75111389160156,-3.501953125,73.65545209254651
144,gemma,3,Gemma-2-9B,0.8680864264641536,31.386219024658203,-3.40625,74.27902978995239
144,gemma,4,Gemma-2-9B,0.8766109911752452,31.205533981323242,-3.40625,74.76817950895743
145,gemma,0,Gemma-2-9B,0.9095365518510968,23.15371322631836,-3.0859375,76.46584707210643
145,gemma,1,Gemma-2-9B,0.8992353719861897,29.86988067626953,-3.400390625,75.72113620491507
145,gemma,2,Gemma-2-9B,0.910826071788696,27.194780349731445,-3.236328125,76.33569130187533
145,gemma,3,Gemma-2-9B,0.8815336622534843,21.16242218017578,-2.94140625,75.64236833023551
146,gemma,0,Gemma-2-9B,0.8859890390869998,21.976558685302734,-3.095703125,75.65302190440023
146,gemma,1,Gemma-2-9B,0.8655869892032254,24.470396041870117,-3.169921875,74.5228345567871
146,gemma,2,Gemma-2-9B,0.8750711439954468,31.79848289489746,-3.412109375,74.66928554720961
146,gemma,3,Gemma-2-9B,0.8803433575296693,22.694969177246094,-3.091796875,75.43019513163311
146,gemma,4,Gemma-2-9B,0.8846507352941176,26.636611938476562,-3.244140625,75.48013929565603
147,gemma,0,Gemma-2-9B,0.8932297688844151,18.462919235229492,-2.876953125,76.06014428951914
147,gemma,1,Gemma-2-9B,0.9233319076133447,19.488632202148438,-2.90234375,76.71251018359617
147,gemma,2,Gemma-2-9B,0.9011647035599131,16.053760528564453,-2.771484375,76.25745479399721
147,gemma,3,Gemma-2-9B,0.8684360554699538,18.123077392578125,-2.865234375,74.8403722748853
147,gemma,4,Gemma-2-9B,0.9246646026831785,20.286558151245117,-3.009765625,76.6178822757367
148,gemma,0,Gemma-2-9B,0.9004060186290901,13.713215827941895,-1.75390625,75.77806618304407
148,gemma,1,Gemma-2-9B,0.8997823107312747,15.00272274017334,-1.8037109375,75.92141599737698
148,gemma,2,Gemma-2-9B,0.9281045751633987,16.589611053466797,-1.853515625,76.50934566815073
148,gemma,3,Gemma-2-9B,0.9196816770186336,14.939698219299316,-1.865234375,76.36405436765678
148,gemma,4,Gemma-2-9B,0.919182389937107,15.80643367767334,-1.8974609375,76.45862530643548
149,gemma,0,Gemma-2-9B,0.872958561220793,16.24646759033203,-2.76171875,75.08037031464221
149,gemma,1,Gemma-2-9B,0.8322990155074532,18.038280487060547,-2.859375,72.01626284273732
149,gemma,2,Gemma-2-9B,0.8382302268100718,15.71946907043457,-2.69921875,72.54298438928424
149,gemma,3,Gemma-2-9B,0.8661579624132131,16.99350929260254,-2.8203125,74.6700971087862
149,gemma,4,Gemma-2-9B,0.8483966514526786,16.717775344848633,-2.8359375,73.35784430944065
150,gemma,0,Gemma-2-9B,0.8156004815729214,17.430967330932617,-2.830078125,70.31608030725039
150,gemma,1,Gemma-2-9B,0.857146984408534,18.922561645507812,-2.923828125,74.06824589001589
150,gemma,2,Gemma-2-9B,0.8025692950981456,17.991397857666016,-2.88671875,68.82020311630208
150,gemma,3,Gemma-2-9B,0.8147517716069241,22.74988555908203,-3.119140625,70.11794802259058
150,gemma,4,Gemma-2-9B,0.8535981495424729,18.515901565551758,-2.904296875,73.80556705169957
151,gemma,0,Gemma-2-9B,0.8433003400331572,16.129430770874023,-2.693359375,73.01854025672922
151,gemma,1,Gemma-2-9B,0.8648106322850106,22.298559188842773,-3.0625,74.5739363365716
151,gemma,2,Gemma-2-9B,0.8337278157790752,11.583395004272461,-2.376953125,71.89276753439574
151,gemma,3,Gemma-2-9B,0.8338935364954534,15.778043746948242,-2.66796875,72.17269182321914
151,gemma,4,Gemma-2-9B,0.8249486997277721,26.033842086791992,-3.205078125,71.14066756534253
152,gemma,0,Gemma-2-9B,0.8733546171538584,17.78807258605957,-2.84375,75.13107558546669
152,gemma,1,Gemma-2-9B,0.8631018076601839,23.345417022705078,-3.142578125,74.36870125998469
152,gemma,2,Gemma-2-9B,0.8756685923186043,17.754993438720703,-2.83203125,75.26900993931936
152,gemma,3,Gemma-2-9B,0.8752703396771194,19.79025650024414,-2.9921875,75.17496576073209
152,gemma,4,Gemma-2-9B,0.8794032156682333,19.437929153442383,-2.92578125,75.46161902191133
153,gemma,0,Gemma-2-9B,0.968421052631579,22.36958122253418,-3.123046875,75.68200587758021
153,gemma,1,Gemma-2-9B,0.9812834224598931,29.511743545532227,-3.337890625,74.81446730982292
153,gemma,2,Gemma-2-9B,0.9267575847611074,31.771987915039062,-3.4765625,75.9586156116028
153,gemma,3,Gemma-2-9B,0.9494827475422476,36.94173049926758,-3.578125,75.33636945092547
153,gemma,4,Gemma-2-9B,0.9625292740046838,32.68141174316406,-3.384765625,75.55795344639151
154,gemma,0,Gemma-2-9B,0.9008722013908075,26.649118423461914,-3.2265625,76.11284794827283
154,gemma,1,Gemma-2-9B,0.9000904350134638,23.457101821899414,-3.1171875,76.195298690535
154,gemma,2,Gemma-2-9B,0.9260821716801173,22.997825622558594,-3.119140625,76.57652005864843
154,gemma,3,Gemma-2-9B,0.9005423556634121,21.159278869628906,-3.041015625,76.22954838964552
154,gemma,4,Gemma-2-9B,0.8795241959456087,24.419452667236328,-3.119140625,75.41124253178116
155,gemma,0,Gemma-2-9B,0.8635947254857774,18.19336700439453,-2.298828125,74.77419948089401
155,gemma,1,Gemma-2-9B,0.8735469867596791,15.763548851013184,-2.337890625,75.22058122324768
155,gemma,2,Gemma-2-9B,0.8569852315680934,15.92879867553711,-2.1796875,74.11626853791832
155,gemma,3,Gemma-2-9B,0.8862859111910887,15.060859680175781,-2.166015625,75.74277559285692
155,gemma,4,Gemma-2-9B,0.8727632765067983,16.47198486328125,-2.291015625,75.21806302735415
156,gemma,0,Gemma-2-9B,0.9418633260205441,14.102251052856445,-2.62890625,76.47885620482624
156,gemma,1,Gemma-2-9B,0.9543824793772511,14.22416877746582,-2.666015625,76.20101327313817
156,gemma,2,Gemma-2-9B,0.9482705595308879,14.635547637939453,-2.6796875,76.37541799126922
156,gemma,3,Gemma-2-9B,0.941152333886444,13.159442901611328,-2.56640625,76.43977519840219
156,gemma,4,Gemma-2-9B,0.9482705595308879,12.994892120361328,-2.56640625,76.29977743423251
157,gemma,0,Gemma-2-9B,0.849014575347205,21.865806579589844,-3.0234375,73.47414697509221
157,gemma,1,Gemma-2-9B,0.8431189728204722,26.071260452270508,-3.1640625,72.90855782135031
157,gemma,2,Gemma-2-9B,0.8919946804197277,17.632266998291016,-2.849609375,75.99079379439554
158,gemma,0,Gemma-2-9B,0.8849566483133978,13.830724716186523,-2.595703125,75.61122721870488
158,gemma,1,Gemma-2-9B,0.8532817818558532,20.285634994506836,-2.93359375,73.85031921219021
158,gemma,2,Gemma-2-9B,0.869376481445447,18.015771865844727,-2.787109375,74.9703914544396
158,gemma,3,Gemma-2-9B,0.8338019703208813,18.256580352783203,-2.787109375,72.24469721295745
158,gemma,4,Gemma-2-9B,0.8471616464495025,18.742708206176758,-2.830078125,73.39929933403282
159,gemma,0,Gemma-2-9B,0.7436107446812176,14.42541790008545,-2.111328125,60.757035377235816
159,gemma,1,Gemma-2-9B,0.7668644005253191,14.47509765625,-2.080078125,64.11162525018115
159,gemma,2,Gemma-2-9B,0.7557010458750824,17.957958221435547,-2.28515625,62.87594159658477
159,gemma,3,Gemma-2-9B,0.7587378790348148,17.46930694580078,-2.197265625,63.24889597825944
159,gemma,4,Gemma-2-9B,0.7415895486182372,17.824047088623047,-2.177734375,60.73874056541643
160,gemma,0,Gemma-2-9B,0.8106939058976759,16.516218185424805,-2.115234375,69.83216753606138
160,gemma,1,Gemma-2-9B,0.8113801663087934,20.700672149658203,-2.265625,70.24313601769717
160,gemma,2,Gemma-2-9B,0.8157943368319057,20.129283905029297,-2.228515625,70.68169722673916
160,gemma,3,Gemma-2-9B,0.7971193745432754,21.37946891784668,-2.28125,68.62365704582781
160,gemma,4,Gemma-2-9B,0.8128325342403341,20.927034378051758,-2.20703125,70.39371747037164
161,gemma,0,Gemma-2-9B,0.8697916433288913,17.992591857910156,-2.033203125,75.01326107373757
161,gemma,1,Gemma-2-9B,0.8716941778881205,13.671941757202148,-1.8486328125,74.63339152843405
161,gemma,2,Gemma-2-9B,0.8629197197559335,17.745548248291016,-2.12109375,74.62333667033764
161,gemma,3,Gemma-2-9B,0.8807528889760037,15.995198249816895,-2.083984375,75.50809517735743
161,gemma,4,Gemma-2-9B,0.8736969701281895,16.442489624023438,-2.091796875,75.17527275892259
162,gemma,0,Gemma-2-9B,0.913971397139714,26.642396926879883,-2.91796875,76.90650264889842
162,gemma,1,Gemma-2-9B,0.917875939849624,32.412479400634766,-2.912109375,77.0142626354315
162,gemma,2,Gemma-2-9B,0.9328039835811857,31.234600067138672,-3.0859375,76.8025822565522
162,gemma,3,Gemma-2-9B,0.9224431818181817,30.66008758544922,-2.994140625,76.94431875004297
162,gemma,4,Gemma-2-9B,0.918975471771225,32.62086486816406,-2.99609375,76.9098768995398
163,gemma,0,Gemma-2-9B,0.908109208307657,23.740562438964844,-2.701171875,76.92211274643499
163,gemma,1,Gemma-2-9B,0.8864745858983436,23.615921020507812,-2.49609375,76.31623872230466
163,gemma,2,Gemma-2-9B,0.8888999684792666,22.836063385009766,-2.54296875,76.37317282333731
163,gemma,3,Gemma-2-9B,0.8899331149677098,22.264686584472656,-2.41796875,76.40947656365306
163,gemma,4,Gemma-2-9B,0.8800519791895562,22.31433868408203,-2.384765625,75.9695738203833
164,gemma,0,Gemma-2-9B,0.955856225228919,16.06852912902832,-2.74609375,76.24290517308552
164,gemma,1,Gemma-2-9B,0.9509621803616521,16.37212371826172,-2.76171875,76.38293749622324
164,gemma,2,Gemma-2-9B,0.9446158579410122,15.950763702392578,-2.73828125,76.5045325857107
164,gemma,3,Gemma-2-9B,0.9332227975599375,15.837957382202148,-2.732421875,76.63369101470704
164,gemma,4,Gemma-2-9B,0.951045627376426,15.528566360473633,-2.69921875,76.36737866487469
166,gemma,0,Gemma-2-9B,0.8583850728710541,17.146127700805664,-2.87109375,74.10407287864163
167,gemma,0,Gemma-2-9B,0.8469217585741365,17.387060165405273,-2.404296875,73.50399299512742
167,gemma,1,Gemma-2-9B,0.8560792375157091,22.446331024169922,-2.564453125,74.47378978707698
167,gemma,2,Gemma-2-9B,0.8316704133378909,24.216360092163086,-2.677734375,72.43550533081886
167,gemma,3,Gemma-2-9B,0.8580203089367927,20.153676986694336,-2.53125,74.5073527389883
167,gemma,4,Gemma-2-9B,0.8329611828581792,19.252765655517578,-2.455078125,72.3968147507932
168,gemma,0,Gemma-2-9B,0.8979214994688071,29.41432762145996,-3.337890625,75.82758812194352
168,gemma,1,Gemma-2-9B,0.8783270034962327,23.96694564819336,-3.14453125,75.28749224412319
168,gemma,2,Gemma-2-9B,0.8909655016457987,25.02800941467285,-3.13671875,75.90890496150374
168,gemma,3,Gemma-2-9B,0.8932254970716539,22.03219985961914,-3.06640625,75.99436455833585
168,gemma,4,Gemma-2-9B,0.8874763739245028,21.389453887939453,-3.05078125,75.76257387063505
169,gemma,0,Gemma-2-9B,0.8588380784790323,18.379112243652344,-2.828125,74.26472915653949
169,gemma,1,Gemma-2-9B,0.7681923152360284,17.023942947387695,-2.763671875,64.45324502017331
169,gemma,2,Gemma-2-9B,0.8558002236264057,22.985095977783203,-3.056640625,73.99209522155978
169,gemma,3,Gemma-2-9B,0.7970579839129486,16.09398078918457,-2.73046875,68.18225977580725
169,gemma,4,Gemma-2-9B,0.7840186757362052,16.72404670715332,-2.728515625,66.58939454263395
170,gemma,0,Gemma-2-9B,0.9585115483319075,24.1348934173584,-2.748046875,76.6132690500889
170,gemma,1,Gemma-2-9B,0.9577605321507761,24.9107723236084,-2.837890625,76.58039739901479
170,gemma,2,Gemma-2-9B,0.9637841832963785,25.481428146362305,-2.81640625,76.41383314641965
170,gemma,3,Gemma-2-9B,0.952026286966046,24.58875274658203,-2.779296875,76.78893739355914
170,gemma,4,Gemma-2-9B,0.9458980044345897,23.701692581176758,-2.7890625,76.88261702950828
171,gemma,0,Gemma-2-9B,0.8874328648297849,18.76184844970703,-2.9296875,75.78705392822093
171,gemma,1,Gemma-2-9B,0.8800622640562018,13.919095993041992,-2.66796875,75.34894910305707
171,gemma,2,Gemma-2-9B,0.8839018789057821,14.474128723144531,-2.623046875,75.60204670507804
171,gemma,3,Gemma-2-9B,0.9138904573687182,13.826452255249023,-2.599609375,76.47173263102485
171,gemma,4,Gemma-2-9B,0.9002407557511194,16.354230880737305,-2.791015625,76.23523184894412
172,gemma,0,Gemma-2-9B,0.8734800751953056,22.144132614135742,-3.111328125,75.0083690507217
172,gemma,1,Gemma-2-9B,0.8480396549653962,31.902219772338867,-3.51953125,72.55322175705176
172,gemma,2,Gemma-2-9B,0.8520265172398969,23.263118743896484,-3.158203125,73.54270689234109
172,gemma,3,Gemma-2-9B,0.8492094957530899,30.059003829956055,-3.455078125,72.81852853441885
172,gemma,4,Gemma-2-9B,0.8679502877983125,26.665363311767578,-3.27734375,74.51753656008042
173,gemma,0,Gemma-2-9B,0.8100376245172625,27.03057098388672,-3.244140625,69.49860350081964
173,gemma,1,Gemma-2-9B,0.836581970066133,26.41246795654297,-3.208984375,72.25569801907837
173,gemma,2,Gemma-2-9B,0.8745313510019392,17.305105209350586,-2.822265625,75.18648947771241
173,gemma,3,Gemma-2-9B,0.8244741440912403,20.36250114440918,-3.021484375,71.17910135724526
173,gemma,4,Gemma-2-9B,0.8607257687666952,24.20013999938965,-3.162109375,74.20539675033672
174,gemma,0,Gemma-2-9B,0.8430495906084214,19.20683479309082,-2.98046875,72.90135790764683
174,gemma,1,Gemma-2-9B,0.8631704197606208,18.206439971923828,-2.962890625,74.38792889814611
174,gemma,2,Gemma-2-9B,0.8787704298611613,19.7165470123291,-3.0,75.34381120962385
174,gemma,3,Gemma-2-9B,0.8561104256413402,20.50959587097168,-3.02734375,73.93968693564715
174,gemma,4,Gemma-2-9B,0.8468764192256396,17.95859146118164,-2.884765625,73.2654206086526
175,gemma,0,Gemma-2-9B,0.9093970642883685,9.313624382019043,-2.1015625,75.93666630132196
175,gemma,1,Gemma-2-9B,0.9040492540847739,15.629521369934082,-2.72265625,76.34262720585316
175,gemma,2,Gemma-2-9B,0.931056293485136,11.341720581054688,-2.33984375,76.39407944698733
175,gemma,3,Gemma-2-9B,0.9266936545871336,12.025040626525879,-2.388671875,76.46396360090068
175,gemma,4,Gemma-2-9B,0.92031144211239,13.061532020568848,-2.431640625,76.5231903871149
176,gemma,0,Gemma-2-9B,0.8956492867759542,20.662324905395508,-2.365234375,76.53644860946052
176,gemma,1,Gemma-2-9B,0.8811762093500377,20.568923950195312,-2.376953125,75.93613670364789
176,gemma,2,Gemma-2-9B,0.9111630648488148,17.739681243896484,-2.2734375,76.73978352894659
176,gemma,3,Gemma-2-9B,0.9048377071299708,19.468950271606445,-2.38671875,76.73678388721423
176,gemma,4,Gemma-2-9B,0.9005972361052306,19.516841888427734,-2.34765625,76.62383295932682
177,gemma,0,Gemma-2-9B,0.6868601986249045,24.942800521850586,-3.169921875,51.81568578085598
177,gemma,1,Gemma-2-9B,0.6958510359297141,22.647478103637695,-3.087890625,53.325769693285686
177,gemma,2,Gemma-2-9B,0.7060401645793296,26.18921661376953,-3.24609375,54.787736112519966
177,gemma,3,Gemma-2-9B,0.7326437710911137,20.783056259155273,-3.001953125,59.185528312521065
177,gemma,4,Gemma-2-9B,0.8344135624495446,26.979860305786133,-3.26953125,71.94435065073422
178,gemma,0,Gemma-2-9B,0.961587167581258,22.758203506469727,-2.47265625,76.58573104349783
178,gemma,1,Gemma-2-9B,0.961401847028179,21.6856689453125,-2.455078125,76.5441973691637
178,gemma,2,Gemma-2-9B,0.9572138387927862,23.006664276123047,-2.478515625,76.73977831485811
178,gemma,3,Gemma-2-9B,0.9623109907470098,24.909372329711914,-2.490234375,76.64091848897081
178,gemma,4,Gemma-2-9B,0.9617707172054998,21.544849395751953,-2.384765625,76.52591367321361
179,gemma,0,Gemma-2-9B,0.9560144877063453,21.439451217651367,-3.08203125,76.15271613136102
179,gemma,1,Gemma-2-9B,0.935779430925062,22.042470932006836,-3.1015625,76.53246055745255
179,gemma,2,Gemma-2-9B,0.9580665002351749,26.94108009338379,-3.25390625,75.96636694041354
180,gemma,0,Gemma-2-9B,0.8847463896552256,26.115571975708008,-1.3486328125,75.30857031192042
180,gemma,1,Gemma-2-9B,0.8927851175042186,33.1485595703125,-1.4873046875,75.91666141932089
180,gemma,2,Gemma-2-9B,0.8929426377597108,28.47214698791504,-1.4248046875,75.81615499934209
180,gemma,3,Gemma-2-9B,0.8989480635879051,32.284423828125,-1.5390625,76.20919175951339
180,gemma,4,Gemma-2-9B,0.8978014461598594,33.287296295166016,-1.359375,75.88250099714864
181,gemma,0,Gemma-2-9B,0.8129059657458324,15.245246887207031,-2.748046875,69.94069971753409
181,gemma,1,Gemma-2-9B,0.8061129417520433,13.710672378540039,-2.705078125,69.08778063398144
181,gemma,2,Gemma-2-9B,0.8007770671082683,19.0952205657959,-2.986328125,68.54789033907761
181,gemma,3,Gemma-2-9B,0.8017180309326359,15.270478248596191,-2.775390625,68.64177009353801
181,gemma,4,Gemma-2-9B,0.8222348221656941,17.1689510345459,-2.91015625,70.90607253193738
182,gemma,0,Gemma-2-9B,0.9111041426537392,35.8996696472168,-2.9453125,76.81672642706022
182,gemma,1,Gemma-2-9B,0.8978097219705782,32.71901321411133,-2.892578125,76.61318921390519
182,gemma,2,Gemma-2-9B,0.905203084475031,28.366710662841797,-2.79296875,76.90960253834955
182,gemma,3,Gemma-2-9B,0.9071837584591359,30.187236785888672,-2.751953125,77.00989688690892
182,gemma,4,Gemma-2-9B,0.9047352078661376,32.15962600708008,-2.810546875,76.89996723072618
183,gemma,0,Gemma-2-9B,0.8708629817675494,19.470178604125977,-3.0,74.89502755097146
183,gemma,1,Gemma-2-9B,0.9038682887739492,19.08281898498535,-2.97265625,76.30377526434295
183,gemma,2,Gemma-2-9B,0.8687007026369391,20.50318145751953,-3.078125,74.7015332200905
183,gemma,3,Gemma-2-9B,0.9057628910585623,23.40296745300293,-3.177734375,76.22946038023417
183,gemma,4,Gemma-2-9B,0.9007084082149356,18.80028533935547,-2.953125,76.22831562132284
184,gemma,0,Gemma-2-9B,0.7955402230470592,34.3194580078125,-3.46875,67.28043067904261
184,gemma,1,Gemma-2-9B,0.7771432533137612,32.49751281738281,-3.408203125,65.09798094792721
184,gemma,2,Gemma-2-9B,0.7551526306452431,30.947420120239258,-3.322265625,62.235367287763985
184,gemma,3,Gemma-2-9B,0.8082774816738333,28.732816696166992,-3.26953125,69.27641184054725
184,gemma,4,Gemma-2-9B,0.8007625803375515,40.15156936645508,-3.59765625,67.34946291511503
185,gemma,0,Gemma-2-9B,0.9611064839352867,27.80946159362793,-3.271484375,75.84584301632853
185,gemma,1,Gemma-2-9B,0.9608540925266904,25.157608032226562,-3.197265625,75.94128642848635
186,gemma,0,Gemma-2-9B,0.7747918986567149,31.150911331176758,-3.328125,64.97940142543993
186,gemma,1,Gemma-2-9B,0.8312514361720932,34.28704071044922,-3.3984375,71.36778741730613
186,gemma,2,Gemma-2-9B,0.8065182024964913,35.70417404174805,-3.474609375,68.53751114906126
187,gemma,0,Gemma-2-9B,0.8550869407128157,21.928945541381836,-3.111328125,73.79879933406374
187,gemma,1,Gemma-2-9B,0.8531366096121457,33.928531646728516,-3.546875,72.85491058985525
187,gemma,2,Gemma-2-9B,0.841752379776593,31.918994903564453,-3.458984375,72.19233566091229
187,gemma,3,Gemma-2-9B,0.8512939464228864,38.250877380371094,-3.65234375,72.28223241416076
187,gemma,4,Gemma-2-9B,0.8559723942033537,34.50470733642578,-3.51171875,73.15409873536899
188,gemma,0,Gemma-2-9B,0.9363980759489288,20.949440002441406,-3.015625,76.61179109160439
188,gemma,1,Gemma-2-9B,0.9152354008693885,21.51146697998047,-3.015625,76.59549163059998
188,gemma,2,Gemma-2-9B,0.926968347911156,18.959848403930664,-2.8671875,76.73213276051153
188,gemma,3,Gemma-2-9B,0.921186881832379,18.457080841064453,-2.91796875,76.61701631586102
188,gemma,4,Gemma-2-9B,0.9275301078830828,19.83763313293457,-2.890625,76.75774167730108
189,gemma,0,Gemma-2-9B,0.8649137165599076,17.127986907958984,-2.79296875,74.6263471245581
189,gemma,1,Gemma-2-9B,0.8578246293658293,17.552753448486328,-2.853515625,74.11157109232498
190,gemma,0,Gemma-2-9B,0.9013451609171323,35.940547943115234,-3.556640625,75.30460393627935
190,gemma,1,Gemma-2-9B,0.9073952879581152,30.207338333129883,-3.412109375,75.90444302604578
190,gemma,2,Gemma-2-9B,0.863147479344976,29.73346519470215,-3.40234375,73.96754067864653
190,gemma,3,Gemma-2-9B,0.9340470526037536,33.005558013916016,-3.439453125,76.02760076905496
190,gemma,4,Gemma-2-9B,0.9195185766614338,25.181732177734375,-3.22265625,76.4257862860565
191,gemma,0,Gemma-2-9B,0.9464351229057112,26.714643478393555,-3.232421875,76.30354784544322
191,gemma,1,Gemma-2-9B,0.9439908866527434,27.6605281829834,-3.314453125,76.19035532193477
191,gemma,2,Gemma-2-9B,0.9447076722451642,29.404855728149414,-3.306640625,76.22079138900496
191,gemma,3,Gemma-2-9B,0.9551213492389963,26.690284729003906,-3.20703125,76.145822857316
191,gemma,4,Gemma-2-9B,0.9419917655211774,31.772232055664062,-3.408203125,76.03052956779933
192,gemma,0,Gemma-2-9B,0.8755028541045936,18.00722885131836,-2.900390625,75.19974175602954
192,gemma,1,Gemma-2-9B,0.8667689221197018,21.80689239501953,-3.09375,74.62305495250494
192,gemma,2,Gemma-2-9B,0.8959268095165138,20.75086784362793,-3.0078125,76.11550904428037
192,gemma,3,Gemma-2-9B,0.8742599913076341,23.619783401489258,-3.19140625,74.96708831551722
192,gemma,4,Gemma-2-9B,0.8714726020488874,19.449464797973633,-2.9453125,75.00615108672321
193,gemma,0,Gemma-2-9B,0.6864160650568418,42.21927261352539,-3.603515625,50.44228696544457
193,gemma,1,Gemma-2-9B,0.678997224772106,40.09010314941406,-3.587890625,49.4069222088117
193,gemma,2,Gemma-2-9B,0.6374371859296482,28.202054977416992,-3.220703125,43.85064939434007
193,gemma,3,Gemma-2-9B,0.7092276303969001,35.008670806884766,-3.50390625,54.69729366450959
193,gemma,4,Gemma-2-9B,0.6653956905397872,40.09651565551758,-3.552734375,47.30682904317979
194,gemma,0,Gemma-2-9B,0.8872468026680106,17.920719146728516,-2.904296875,75.75709718675468
194,gemma,1,Gemma-2-9B,0.903841908840496,25.962478637695312,-3.1875,76.25272834040229
194,gemma,2,Gemma-2-9B,0.876102727486115,22.144058227539062,-2.982421875,75.35803867246582
194,gemma,3,Gemma-2-9B,0.8918423597565869,23.566221237182617,-3.1484375,75.8671537915399
194,gemma,4,Gemma-2-9B,0.8958791470354796,22.36723518371582,-3.009765625,76.19175310126244
195,gemma,0,Gemma-2-9B,0.9059311384770042,29.041181564331055,-3.365234375,75.97713633479762
195,gemma,1,Gemma-2-9B,0.9047202797202797,28.9469051361084,-3.349609375,75.9845288043282
195,gemma,2,Gemma-2-9B,0.9129619989588756,40.34468460083008,-3.724609375,74.8744752516081
195,gemma,3,Gemma-2-9B,0.9154919072126502,37.24608612060547,-3.58984375,75.45787156697881
195,gemma,4,Gemma-2-9B,0.9159479040883215,29.724910736083984,-3.37890625,76.12920384943874
196,gemma,0,Gemma-2-9B,0.7716059698068846,20.0572509765625,-2.93359375,64.93257049407778
197,gemma,0,Gemma-2-9B,0.9435820468839337,23.56352996826172,-2.677734375,77.00569750993601
197,gemma,1,Gemma-2-9B,0.9303776861298025,21.68341827392578,-2.671875,77.05206291760925
197,gemma,2,Gemma-2-9B,0.9552238805970149,30.337717056274414,-2.783203125,76.81458635360566
197,gemma,3,Gemma-2-9B,0.9440298507462687,24.52039337158203,-2.708984375,77.01312185168311
197,gemma,4,Gemma-2-9B,0.9548872180451128,21.773771286010742,-2.619140625,76.70548963331342
198,gemma,0,Gemma-2-9B,0.9582627898417372,31.41461753845215,-3.453125,75.5363702423507
198,gemma,1,Gemma-2-9B,0.9660792644702931,34.77315139770508,-3.48828125,75.12648406887735
198,gemma,2,Gemma-2-9B,0.9236374182672507,28.481117248535156,-3.326171875,76.30540430883488
198,gemma,3,Gemma-2-9B,0.9439260313020641,38.5661735534668,-3.578125,75.38564834104021
198,gemma,4,Gemma-2-9B,0.951025450951322,33.26142883300781,-3.51171875,75.56997284124088
199,gemma,0,Gemma-2-9B,0.9536423841059603,20.286462783813477,-3.041015625,76.2253593293449
199,gemma,1,Gemma-2-9B,0.93557987661896,20.946918487548828,-3.04296875,76.57632441433088
199,gemma,2,Gemma-2-9B,0.9578544061302682,28.135465621948242,-3.306640625,75.88115241023054
199,gemma,3,Gemma-2-9B,0.9477697105280414,21.410545349121094,-3.078125,76.36563046729327
199,gemma,4,Gemma-2-9B,0.9572708653353814,22.38969612121582,-3.119140625,76.09644498442572
