prompt_id,source,story_id,model,Diversity,Perplexity,Coherence,QStarText
0,human,0,Human,0.8739584625280916,21.146528244018555,-2.962890625,75.21076680629146
0,human,1,Human,0.8852548648501316,14.36301040649414,-2.595703125,75.66165084159418
0,human,2,Human,0.8982138460512881,19.950918197631836,-2.94921875,76.2246790859407
1,human,0,Human,0.9653679653679653,13.984591484069824,-2.25390625,75.86735025766212
1,human,1,Human,0.9464695998079627,20.590295791625977,-2.564453125,76.8711003222495
1,human,2,Human,0.9389036251105216,16.38471031188965,-2.392578125,76.74955890577728
1,human,3,Human,0.9391360299494018,16.92127227783203,-2.412109375,76.78526082852933
2,human,0,Human,0.9704641350210971,21.292484283447266,-2.55078125,76.14661070801317
2,human,1,Human,0.9831223628691983,21.285961151123047,-2.537109375,75.51154892855565
2,human,2,Human,0.9787234042553191,26.488964080810547,-2.6796875,75.88477376260018
3,human,0,Human,0.9574956859361519,14.230080604553223,-2.07421875,76.0685294768309
3,human,1,Human,0.957314274473805,16.457632064819336,-2.353515625,76.36084736889619
3,human,2,Human,0.9532523510971788,18.58518409729004,-2.44921875,76.62285002271176
4,human,0,Human,0.9315397246431729,17.946308135986328,-2.873046875,76.65476684758129
4,human,1,Human,0.8812335720234941,25.23554039001465,-3.22265625,75.3187277822323
4,human,2,Human,0.9019716885743175,20.64192008972168,-2.98046875,76.33019072875513
5,human,0,Human,0.9735294117647059,39.19813919067383,-3.63671875,74.23221401384808
5,human,1,Human,0.9784172661870504,15.276206016540527,-2.728515625,75.27939609330174
5,human,2,Human,0.9531534564821476,33.80007553100586,-3.41796875,75.75723202796249
6,human,0,Human,0.9776785714285714,20.254892349243164,-2.439453125,75.76844647389677
6,human,1,Human,0.9305640323783808,25.41903305053711,-2.61328125,77.23539090568134
6,human,2,Human,0.9888059701492538,20.97547721862793,-2.591796875,75.13746216037616
7,human,0,Human,0.8959456844868127,19.543563842773438,-2.953125,76.12210955021706
7,human,1,Human,0.8731069124179103,17.911487579345703,-2.9140625,75.03572980784594
7,human,2,Human,0.9128802834664151,22.95850372314453,-3.06640625,76.54747258779754
7,human,3,Human,0.8855659642016088,20.883373260498047,-3.0078125,75.7148765959348
8,human,0,Human,0.9399585921325051,16.977876663208008,-2.86328125,76.53057951144676
8,human,1,Human,0.94368710841086,16.664962768554688,-2.80859375,76.51121520369288
8,human,2,Human,0.8694125086953772,13.764174461364746,-2.623046875,74.7671632306385
8,human,3,Human,0.9893617021276596,24.695043563842773,-3.23828125,74.45462507846274
9,human,0,Human,0.9476903969134824,12.624860763549805,-2.6015625,76.267832607505
9,human,1,Human,0.923051363699294,13.923640251159668,-2.73046875,76.48976037706936
9,human,2,Human,0.9241952853894938,16.466106414794922,-2.837890625,76.59103069475994
10,human,0,Human,0.9587482710926695,9.303277015686035,-2.234375,75.68442691544827
10,human,1,Human,0.9697995180228682,27.365041732788086,-3.259765625,75.52414888235617
10,human,2,Human,0.9743229243747226,16.393590927124023,-2.77734375,75.52649874731756
11,human,0,Human,0.9508771929824561,14.422701835632324,-2.7109375,76.27941423732709
11,human,1,Human,0.9514925373134329,18.37126922607422,-2.951171875,76.29939030293008
11,human,2,Human,0.9565031152647975,23.150075912475586,-3.109375,76.17253721554246
12,human,0,Human,0.9340723909390113,18.1796932220459,-2.384765625,76.91586698550539
12,human,1,Human,0.9637305699481865,28.644025802612305,-2.650390625,76.61864095809904
12,human,2,Human,0.920139052390684,23.36629867553711,-2.333984375,77.17512992618603
13,human,0,Human,0.92192361484269,13.543974876403809,-2.62890625,76.51833413297348
13,human,1,Human,0.9010670002688795,19.03919219970703,-2.9609375,76.23971995267665
13,human,2,Human,0.8995185010951281,16.89657211303711,-2.876953125,76.15983740980087
14,human,0,Human,0.9567556189629769,22.81607437133789,-3.095703125,76.17429406328274
14,human,1,Human,0.9773256059901011,16.378469467163086,-2.80859375,75.34736352638008
14,human,2,Human,0.9299932132333358,20.373912811279297,-3.01171875,76.62326532919629
15,human,0,Human,0.9310111853464454,18.302427291870117,-2.34375,76.93454509101835
15,human,1,Human,0.9250365031046109,21.27717399597168,-2.580078125,77.07837270103155
15,human,2,Human,0.90907516852895,18.775110244750977,-2.400390625,76.78649788987659
15,human,3,Human,0.901228059671548,17.797561645507812,-2.34375,76.53017859710152
16,human,0,Human,0.9469844837444057,18.296253204345703,-2.828125,76.54164444115936
16,human,1,Human,0.9325847628746511,18.990184783935547,-2.904296875,76.67967167789729
16,human,2,Human,0.9715313463514903,17.204570770263672,-2.8125,75.68074258170026
16,human,3,Human,0.9205217582292432,21.886390686035156,-3.021484375,76.66028446028432
17,human,0,Human,0.9595298330703073,14.418585777282715,-2.419921875,76.13941734558273
17,human,1,Human,0.9502013019182635,16.935165405273438,-2.548828125,76.56846045660829
17,human,2,Human,0.9213446122800029,15.897913932800293,-2.494140625,76.74680733137873
17,human,3,Human,0.9209168586048938,17.632980346679688,-2.591796875,76.83551082155618
18,human,0,Human,0.9835164835164835,14.493168830871582,-2.669921875,74.98113876154586
18,human,1,Human,0.9575757575757575,25.624937057495117,-3.251953125,75.95286999632258
18,human,2,Human,0.9376670887857043,22.496456146240234,-3.11328125,76.51655519447935
19,human,0,Human,0.8603022463523452,12.106260299682617,-2.46484375,74.08636880713645
19,human,1,Human,0.8239744101813068,13.497902870178223,-2.595703125,71.04755096403966
19,human,2,Human,0.9010069126504081,15.772119522094727,-2.76953125,76.23103587751677
20,human,0,Human,0.9514218802275008,15.96700668334961,-2.734375,76.36644911309853
20,human,1,Human,0.9578947368421052,22.04493522644043,-3.06640625,76.15317242119798
20,human,2,Human,0.9922178988326849,15.690479278564453,-2.759765625,74.47350853571756
20,human,3,Human,0.990521327014218,16.25757598876953,-2.72265625,74.65479806537066
21,human,0,Human,0.9628881987577641,17.46687889099121,-2.400390625,76.24715110993276
21,human,1,Human,0.9736842105263158,15.210363388061523,-2.21875,75.59082595013247
21,human,2,Human,0.9748427672955975,19.517866134643555,-2.416015625,75.86870990786875
22,human,0,Human,0.9368286852589642,13.590716361999512,-2.58984375,76.51792431416025
22,human,1,Human,0.984375,17.067806243896484,-2.876953125,74.93917278372614
22,human,2,Human,0.928532460447354,14.070992469787598,-2.650390625,76.56824400209929
23,human,0,Human,0.9470280658621466,22.618297576904297,-3.103515625,76.39686172988134
23,human,1,Human,0.9485084047571589,17.623252868652344,-2.921875,76.35788154540757
23,human,2,Human,0.968672106907401,23.90361213684082,-3.169921875,75.65156848784187
24,human,0,Human,0.9930555555555556,11.432007789611816,-2.08203125,74.09992720812183
24,human,1,Human,0.9803921568627451,8.558281898498535,-1.8974609375,74.43871899933767
24,human,2,Human,0.9806451612903225,10.911134719848633,-2.162109375,74.85035210286223
25,human,0,Human,0.9736842105263158,12.394918441772461,-2.560546875,75.3755938359363
25,human,1,Human,1.0,12.61660385131836,-2.595703125,73.79564065090162
25,human,2,Human,0.9754098360655737,9.632469177246094,-2.3203125,75.06156300807952
26,human,0,Human,0.9761904761904762,17.417438507080078,-2.9296875,75.34016342123371
26,human,1,Human,0.9651827046193243,11.355093955993652,-2.55859375,75.65211543040124
26,human,2,Human,0.9347778780933861,15.484396934509277,-2.806640625,76.53296869744416
26,human,3,Human,1.0,24.981447219848633,-3.23046875,73.75989410053879
27,human,0,Human,0.9383978119686419,56.36838912963867,-3.93359375,72.76502987370273
27,human,1,Human,0.7913417963855756,15.830765724182129,-2.689453125,67.45706946173622
27,human,2,Human,0.9738219895287958,21.29452896118164,-3.091796875,75.44412288152924
27,human,3,Human,0.9264585301330586,53.579185485839844,-3.8125,73.57390972011791
28,human,0,Human,0.9524711770488873,8.019217491149902,-1.6865234375,75.25887122491551
28,human,1,Human,0.9512735395807213,15.446757316589355,-2.40625,76.45703062490257
28,human,2,Human,0.9807692307692307,13.526325225830078,-2.150390625,75.06317377086272
28,human,3,Human,0.981029810298103,15.9675931930542,-2.318359375,75.3035552591199
29,human,0,Human,0.9414893617021277,19.324710845947266,-2.50390625,76.90061607325973
29,human,1,Human,0.9622222222222222,24.615304946899414,-2.59765625,76.60192721697692
29,human,2,Human,0.9485363027157757,18.445587158203125,-2.3359375,76.72354945747941
30,human,0,Human,1.0,12.10371208190918,-2.548828125,73.76955506667174
30,human,1,Human,0.9854014598540146,12.364151954650879,-2.650390625,74.7077533506535
30,human,2,Human,1.0,12.765348434448242,-2.61328125,73.8001367986273
30,human,3,Human,0.9555984555984556,18.290971755981445,-3.041015625,76.05237187560247
31,human,0,Human,0.894370460822695,14.883031845092773,-2.708984375,76.00076437820049
31,human,1,Human,0.9238095875679914,14.804327964782715,-2.73828125,76.5571650745472
31,human,2,Human,0.9063165337476475,16.839859008789062,-2.8125,76.40408725402767
31,human,3,Human,0.8976897275519052,13.892797470092773,-2.634765625,76.0803216426945
32,human,0,Human,0.9808137808137809,90.3880615234375,-4.515625,64.69050271534077
32,human,1,Human,0.9479582146248813,20.27358627319336,-3.056640625,76.33816912375282
32,human,2,Human,0.9661016949152542,47.290103912353516,-3.833984375,73.37566915091992
33,human,0,Human,0.9515044247787611,28.047401428222656,-2.681640625,76.97037234507405
33,human,1,Human,0.963265306122449,26.675888061523438,-2.767578125,76.5134851645516
33,human,2,Human,0.9605263157894737,34.69164276123047,-2.943359375,76.43662336320237
34,human,0,Human,0.9147243839106936,21.142459869384766,-3.025390625,76.55380344342547
34,human,1,Human,0.9528641010877514,26.65036392211914,-3.26953125,76.07798751472981
34,human,2,Human,0.9553571428571429,29.92955207824707,-3.37109375,75.82825509016568
34,human,3,Human,0.9342390518861107,24.525846481323242,-3.21875,76.42734719797919
35,human,0,Human,0.8682074044971589,21.29584503173828,-3.044921875,74.75844752446211
35,human,1,Human,0.8815181117036093,22.743274688720703,-3.103515625,75.46309137884367
35,human,2,Human,0.8764733160480361,19.99698829650879,-3.001953125,75.23002049375583
36,human,0,Human,0.9070499040615984,8.865926742553711,-2.18359375,75.89004653357351
36,human,1,Human,0.8865566393085065,10.020783424377441,-2.357421875,75.3814127383652
36,human,2,Human,0.8813331672818121,9.181687355041504,-2.203125,75.01876384473393
37,human,0,Human,0.9758064516129032,16.617883682250977,-2.314453125,75.62198440978253
37,human,1,Human,0.976,20.518831253051758,-2.509765625,75.8572775826744
37,human,2,Human,0.9722222222222222,21.310386657714844,-2.384765625,76.09085980917578
38,human,0,Human,0.9416520128849535,15.871305465698242,-2.384765625,76.67587383765395
38,human,1,Human,0.9301051253817546,17.11110496520996,-2.453125,76.86015177017416
38,human,2,Human,0.9012954974296744,20.172780990600586,-2.505859375,76.6721785824776
38,human,3,Human,0.8965190371612314,19.784801483154297,-2.484375,76.5083531662921
39,human,0,Human,0.9543568464730291,25.909873962402344,-2.470703125,76.93026481460691
39,human,1,Human,0.937918410041841,29.021896362304688,-2.806640625,77.12294704966419
39,human,2,Human,0.9293828390028321,30.973896026611328,-2.7421875,77.2442561841745
40,human,0,Human,0.763038581594327,19.453855514526367,-2.859375,63.75459276906113
40,human,1,Human,0.7123483125292392,11.749833106994629,-2.392578125,55.73666045456262
40,human,2,Human,0.9342488584871266,17.927490234375,-2.884765625,76.62572357994986
40,human,3,Human,0.8343217048308804,15.037089347839355,-2.59375,72.17790162607072
41,human,0,Human,0.9292577529232333,16.76356315612793,-2.478515625,76.83411924304568
41,human,1,Human,0.951025450951322,18.061063766479492,-2.61328125,76.59882374337249
41,human,2,Human,0.9402801794351301,15.92690658569336,-2.4296875,76.6990814481501
42,human,0,Human,0.9748608304081127,21.17864227294922,-3.087890625,75.39488865444284
42,human,1,Human,0.975207468879668,25.3754825592041,-3.302734375,75.12822757852287
42,human,2,Human,0.9822222222222222,20.64911651611328,-3.0,75.12190914924493
42,human,3,Human,0.984313725490196,27.44131851196289,-3.376953125,74.52143681593266
43,human,0,Human,0.961509682439915,26.3851261138916,-2.76171875,76.574445932266
43,human,1,Human,0.9565382511791914,29.777563095092773,-2.99609375,76.52157660762782
43,human,2,Human,0.9564963503649634,25.51896858215332,-2.64453125,76.79623227356008
44,human,0,Human,0.9534797941631581,23.604806900024414,-2.646484375,76.8131869981951
44,human,1,Human,0.9397627201565557,22.242475509643555,-2.71875,76.97639999092551
44,human,2,Human,0.9418319810826501,24.36286735534668,-2.71484375,77.03937621012481
44,human,3,Human,0.9393318518820548,24.881010055541992,-2.78125,77.03627167245311
45,human,0,Human,0.9291938039077626,34.6761360168457,-3.458984375,75.97050588501119
45,human,1,Human,0.9890710382513661,18.670637130737305,-2.88671875,74.75113399422837
45,human,2,Human,0.9791666666666666,41.29567337036133,-3.673828125,73.72854644761787
46,human,0,Human,0.9476100890849033,82.27345275878906,-4.2421875,67.95007936377786
46,human,1,Human,0.9399437140156398,17.080612182617188,-2.81640625,76.58749999453136
46,human,2,Human,0.9411307293413232,34.53806686401367,-3.42578125,75.96786534694905
47,human,0,Human,0.9632616487455197,7.528968811035156,-1.5205078125,74.63824369767093
47,human,1,Human,0.9557920856732401,9.863842964172363,-1.814453125,75.50029437311139
47,human,2,Human,0.9616668500788673,9.136162757873535,-1.7109375,75.11726452664263
47,human,3,Human,0.9618294235315512,10.905065536499023,-1.8662109375,75.4573403254821
48,human,0,Human,0.9076633281880313,17.635732650756836,-2.849609375,76.45012553993405
48,human,1,Human,0.9473551953763035,23.102678298950195,-3.173828125,76.2826282200677
48,human,2,Human,0.884636238635406,24.24390983581543,-3.21484375,75.46036178203516
49,human,0,Human,0.929132422652941,10.885269165039062,-2.349609375,76.35953251118336
49,human,1,Human,0.956989247311828,18.609477996826172,-2.935546875,76.18346576491128
49,human,2,Human,0.9850746268656716,10.848074913024902,-2.35546875,74.65833330030974
49,human,3,Human,0.9382918766201613,13.834112167358398,-2.61328125,76.51222516574708
50,human,0,Human,0.8971422338568936,11.02560043334961,-2.490234375,75.8694581557724
50,human,1,Human,0.8805790145394814,17.365083694458008,-2.91015625,75.4007673541081
50,human,2,Human,0.909807166324103,15.884880065917969,-2.794921875,76.42537241404283
51,human,0,Human,0.9109502554371737,20.878175735473633,-3.056640625,76.43038017642556
51,human,1,Human,0.9247874244797494,17.94046401977539,-2.892578125,76.63324407474617
51,human,2,Human,0.9855595667870036,21.003292083740234,-3.048828125,74.87402290041413
51,human,3,Human,0.9481751234875754,21.92915916442871,-3.091796875,76.36122881854627
52,human,0,Human,0.9771777563484411,15.434693336486816,-2.837890625,75.25544846476481
52,human,1,Human,0.9855491329479769,19.533945083618164,-2.984375,74.89027929434444
52,human,2,Human,0.9726443768996961,18.423316955566406,-2.931640625,75.57469368020857
53,human,0,Human,0.9626752881345733,21.323101043701172,-2.720703125,76.36972521792913
53,human,1,Human,0.9722222222222222,16.810806274414062,-2.40234375,75.81685029927158
53,human,2,Human,0.9794520547945206,16.47734260559082,-2.359375,75.43214158227941
54,human,0,Human,0.9296382224402263,51.82794189453125,-3.4296875,74.90845232073754
54,human,1,Human,0.9345157318550591,45.59119415283203,-3.37109375,75.618983850807
54,human,2,Human,0.9527824620573356,53.701663970947266,-3.515625,74.14836119135435
55,human,0,Human,0.937315980955598,18.036359786987305,-2.830078125,76.66775657279125
55,human,1,Human,0.9434586492587548,17.847320556640625,-2.93359375,76.4538035321923
55,human,2,Human,0.9602868525896414,19.205673217773438,-2.865234375,76.19968218888309
56,human,0,Human,0.9296779173804968,22.510114669799805,-3.181640625,76.43891698981618
56,human,1,Human,0.9090794496086175,16.058881759643555,-2.78125,76.43662073319584
56,human,2,Human,0.9135510820759363,26.132949829101562,-3.30859375,76.19647428137107
57,human,0,Human,0.9569818265470439,14.687200546264648,-1.9423828125,76.01256672445588
57,human,1,Human,0.9648451096414897,14.158309936523438,-1.82421875,75.57791824125965
57,human,2,Human,0.9775915698597093,11.345406532287598,-1.83203125,74.77563492197892
58,human,0,Human,0.9824561403508771,13.542085647583008,-2.541015625,75.02454797868855
58,human,1,Human,0.934781958037772,18.784910202026367,-2.9375,76.61150768573854
58,human,2,Human,0.9593831749965578,16.640140533447266,-2.736328125,76.1842150567043
59,human,0,Human,0.9765922579502169,16.92119598388672,-2.42578125,75.61401922511598
59,human,1,Human,0.9827586206896551,21.28847312927246,-2.509765625,75.53953413840478
59,human,2,Human,0.987603305785124,18.291973114013672,-2.576171875,75.06065901775554
60,human,0,Human,0.8997603994100691,33.220802307128906,-3.447265625,75.60636657054282
60,human,1,Human,0.8995665527598898,23.32557487487793,-3.15234375,76.107244054151
60,human,2,Human,0.9719195677207901,10.711675643920898,-2.392578125,75.33518981434963
60,human,3,Human,0.9307065674756791,26.991281509399414,-3.21875,76.51619705714683
61,human,0,Human,0.975,22.66179084777832,-2.615234375,75.97511606573312
61,human,1,Human,0.9646595494408957,16.58562469482422,-2.34765625,76.1153545667449
61,human,2,Human,0.9667440420922315,17.364238739013672,-2.453125,76.08972335380406
62,human,0,Human,0.9050797785737545,12.691856384277344,-2.45703125,76.24445367769803
62,human,1,Human,0.9864253393665159,15.022834777832031,-2.765625,74.78089673303714
62,human,2,Human,0.9239416612297968,15.054631233215332,-2.6640625,76.62937141146797
63,human,0,Human,0.9580182851494935,15.464949607849121,-2.763671875,76.11940797470311
63,human,1,Human,1.0,17.077102661132812,-2.849609375,73.94886256389768
63,human,2,Human,0.9759036144578314,14.033443450927734,-2.63671875,75.37016376623878
64,human,0,Human,0.8836954476066999,19.155370712280273,-3.02734375,75.50211981873885
64,human,1,Human,0.9483275870470992,14.367908477783203,-2.689453125,76.34826288985987
64,human,2,Human,0.8974025056280727,16.863767623901367,-2.896484375,76.06887779508583
65,human,0,Human,0.9818181818181818,29.355436325073242,-3.3671875,74.71535557808977
65,human,1,Human,0.9449969306322897,18.770029067993164,-2.916015625,76.50921030705192
65,human,2,Human,0.9857142857142858,21.381961822509766,-3.07421875,74.84298172137643
66,human,0,Human,0.9236535956334615,21.430431365966797,-2.29296875,77.09976376898932
66,human,1,Human,0.941957350656687,21.705472946166992,-2.37890625,77.03336607808187
66,human,2,Human,0.9321490658170318,20.82630729675293,-2.322265625,77.07525017539444
67,human,0,Human,0.9508413777533922,15.71408748626709,-2.662109375,76.41220833408413
67,human,1,Human,0.9626168224299065,13.290582656860352,-2.669921875,75.86078205389015
67,human,2,Human,0.9003266926394865,14.816040992736816,-2.640625,76.23077939735957
68,human,0,Human,0.9627118644067797,16.604568481445312,-2.837890625,75.97272999494038
68,human,1,Human,0.9081826949846875,17.431751251220703,-2.859375,76.4366197460627
68,human,2,Human,0.9541284403669725,23.220684051513672,-3.060546875,76.32641864580728
69,human,0,Human,0.9806653998129883,8.715470314025879,-2.056640625,74.57794309130696
69,human,1,Human,0.9699248120300752,18.539047241210938,-2.89453125,75.75075391401218
69,human,2,Human,0.9870689655172413,12.599956512451172,-2.462890625,74.69354709805972
70,human,0,Human,0.9803921568627451,12.572978973388672,-2.580078125,75.04306689700007
70,human,1,Human,0.9732450571376746,13.266664505004883,-2.68359375,75.4076197110956
70,human,2,Human,0.9811320754716981,13.683205604553223,-2.69140625,75.03539009178924
71,human,0,Human,0.9527896995708155,19.947242736816406,-2.21875,76.67869078118775
71,human,1,Human,0.9426796491889854,18.961116790771484,-2.3046875,76.85871943803127
71,human,2,Human,0.9361640108822386,18.476701736450195,-2.076171875,76.79996319118818
72,human,0,Human,0.8667066958974474,15.182870864868164,-2.59765625,74.72419854632672
72,human,1,Human,0.8544695628148699,14.710884094238281,-2.59375,73.84494018283209
72,human,2,Human,0.9863945578231292,12.331758499145508,-2.453125,74.71226634333547
72,human,3,Human,0.8632479285130877,12.361708641052246,-2.421875,74.31177340786789
73,human,0,Human,0.9446894568845788,23.756128311157227,-2.521484375,77.06651024521989
73,human,1,Human,0.9615185146769007,24.931983947753906,-2.509765625,76.66759176147625
73,human,2,Human,0.9459241323648103,26.062334060668945,-2.51953125,77.12174047366778
74,human,0,Human,0.8906153553057725,16.046913146972656,-2.46484375,76.05198684113213
74,human,1,Human,0.8764445548154784,24.052064895629883,-2.81640625,75.65141954810213
74,human,2,Human,0.9074961373579346,16.320314407348633,-2.525390625,76.57270604127316
75,human,0,Human,0.8973174825787052,20.671476364135742,-2.912109375,76.28432911031095
75,human,1,Human,0.9199336392466615,14.684039115905762,-2.638671875,76.5899086987867
75,human,2,Human,0.9719056387796745,15.757062911987305,-2.685546875,75.66477635934528
75,human,3,Human,0.9205503062592918,14.454116821289062,-2.560546875,76.6120901825209
76,human,0,Human,0.9642857142857143,16.97212028503418,-2.06640625,76.03450913683977
76,human,1,Human,0.9349240183379133,19.29214859008789,-2.14453125,76.90355890851855
76,human,2,Human,0.9449045318610536,22.843637466430664,-2.2890625,77.02302911147946
77,human,0,Human,0.966804979253112,23.251556396484375,-3.158203125,75.72492626625427
77,human,1,Human,0.9546997702410754,22.4261531829834,-3.158203125,76.10411099661174
77,human,2,Human,0.9691629955947136,28.201173782348633,-3.318359375,75.43739925475002
77,human,3,Human,0.9832402234636871,26.92799949645996,-3.333984375,74.67401882980926
78,human,0,Human,0.9696220517192384,21.108598709106445,-3.048828125,75.69653522330317
78,human,1,Human,0.9425967096487327,27.671232223510742,-3.388671875,76.03875382040368
78,human,2,Human,0.9486834458572895,23.38125991821289,-3.140625,76.32861841809667
78,human,3,Human,0.9248137277037706,24.46864891052246,-3.19921875,76.48053381739287
79,human,0,Human,0.9228439034511376,16.791648864746094,-2.43359375,76.8282078517292
79,human,1,Human,0.9168896656447869,20.281024932861328,-2.6171875,76.94835961430014
79,human,2,Human,0.9090256888538149,18.20103645324707,-2.36328125,76.74667382373103
79,human,3,Human,0.9095336900455011,18.12467384338379,-2.359375,76.75129309519845
80,human,0,Human,0.9757785467128027,15.241800308227539,-2.62109375,75.47936127072242
80,human,1,Human,0.9394717570750738,20.818592071533203,-3.078125,76.47375026227168
80,human,2,Human,0.9791127032240287,17.82711410522461,-2.935546875,75.21002283975089
80,human,3,Human,0.9737827715355806,18.249067306518555,-2.82421875,75.63427409293422
81,human,0,Human,0.9748603351955307,42.80223846435547,-3.361328125,74.71580908153389
81,human,1,Human,0.9591280653950953,33.699806213378906,-3.09375,76.27172798060585
81,human,2,Human,0.9747899159663865,46.394596099853516,-3.580078125,73.87194225357936
82,human,0,Human,0.881615755042215,18.231515884399414,-2.369140625,75.81095235877139
82,human,1,Human,0.8592659150794489,15.388187408447266,-2.283203125,74.26705349475469
82,human,2,Human,0.8364529094769193,21.347476959228516,-2.525390625,72.80557534112467
82,human,3,Human,0.8351489712402518,20.86041259765625,-2.505859375,72.66555009697558
83,human,0,Human,0.9818181818181818,16.42953109741211,-2.814453125,75.10608331164845
83,human,1,Human,0.9819277108433735,22.027786254882812,-3.07421875,75.0921242984773
83,human,2,Human,0.9813953488372092,15.650230407714844,-2.69921875,75.16966727015108
84,human,0,Human,0.9630819984355339,42.440673828125,-3.658203125,74.42875238929086
84,human,1,Human,0.98125,28.902057647705078,-3.353515625,74.77431705857978
84,human,2,Human,0.9621504684259458,27.828948974609375,-3.328125,75.68433029622469
85,human,0,Human,0.9644970414201184,24.837793350219727,-2.724609375,76.44877641257204
85,human,1,Human,0.9623824451410659,29.490720748901367,-2.8984375,76.45681055667352
85,human,2,Human,0.9933333333333333,34.780521392822266,-3.015625,74.67472516080109
86,human,0,Human,0.9896373056994818,22.49990463256836,-2.486328125,75.19241665901346
86,human,1,Human,0.9805708860008309,29.870079040527344,-2.826171875,75.71890481145559
86,human,2,Human,0.965248570116996,23.37453842163086,-2.611328125,76.43512665435091
87,human,0,Human,0.9625468164794008,11.93830394744873,-2.466796875,75.82454202908305
87,human,1,Human,0.903913160010721,9.402120590209961,-2.2109375,75.87922383627972
87,human,2,Human,0.8982402991080991,12.574993133544922,-2.486328125,76.04096646786155
88,human,0,Human,0.8840684057881263,18.09391212463379,-2.904296875,75.62271379020197
88,human,1,Human,0.8895086137150741,30.344486236572266,-3.421875,75.32350241711966
88,human,2,Human,0.9157809365262304,25.520862579345703,-3.2109375,76.41903933876985
89,human,0,Human,0.9957983193277311,50.17135238647461,-3.880859375,71.32386679011938
89,human,1,Human,1.0,31.58837890625,-3.515625,73.17373400364494
89,human,2,Human,0.9721985331741428,39.283809661865234,-3.662109375,74.21286901451973
90,human,0,Human,0.838682404968621,9.829706192016602,-2.26171875,72.14478108551698
90,human,1,Human,0.895568336062018,10.364725112915039,-2.458984375,75.76185986877684
90,human,2,Human,0.9109195934884008,12.027165412902832,-2.478515625,76.30725093094166
91,human,0,Human,0.9656160458452722,40.97328186035156,-3.0234375,75.89716174031643
91,human,1,Human,0.9782418224299065,31.698686599731445,-2.853515625,75.81714547897671
91,human,2,Human,0.9674556213017751,22.817176818847656,-2.54296875,76.35011709717021
92,human,0,Human,0.9198850250199575,28.086238861083984,-3.318359375,76.29240259743456
92,human,1,Human,1.0,20.649240493774414,-3.0546875,73.89348234038052
92,human,2,Human,0.9217130428260706,18.477745056152344,-2.935546875,76.59913141084307
93,human,0,Human,0.984,18.111019134521484,-2.494140625,75.28683646513694
93,human,1,Human,0.9798387096774194,19.952640533447266,-2.4921875,75.63117791444
93,human,2,Human,0.9699570815450643,20.412654876708984,-2.447265625,76.14368011840348
94,human,0,Human,0.9675346338208698,19.758262634277344,-2.892578125,75.9286423077721
94,human,1,Human,0.923374047395344,18.768718719482422,-2.828125,76.75222875428074
94,human,2,Human,0.9809523809523809,26.605106353759766,-3.244140625,74.99258900538403
94,human,3,Human,0.9496282901346192,17.765939712524414,-2.7578125,76.51611934206561
95,human,0,Human,0.8781397319773292,15.099777221679688,-2.609375,75.36980803749903
95,human,1,Human,0.7580317969523989,13.556070327758789,-2.568359375,62.83279529304032
95,human,2,Human,0.9905660377358491,16.988529205322266,-2.7890625,74.64798529183822
95,human,3,Human,0.8978221378257498,17.57752227783203,-2.76171875,76.27021900244534
96,human,0,Human,0.9492781644753803,14.470184326171875,-2.193359375,76.37693775866416
96,human,1,Human,0.9363209474411719,14.636255264282227,-2.19140625,76.59222284661833
96,human,2,Human,0.9298594989062123,16.66776466369629,-2.2421875,76.80069508152776
96,human,3,Human,0.9298594989062123,16.950658798217773,-2.26953125,76.82984962282907
97,human,0,Human,0.9484536082474226,18.72630500793457,-2.94140625,76.40535613494497
97,human,1,Human,0.8998206016153554,14.840208053588867,-2.7578125,76.1358579928671
97,human,2,Human,0.9885057471264368,15.00063419342041,-2.66796875,74.7250795555397
97,human,3,Human,0.9750623441396509,19.437854766845703,-3.013671875,75.40726127416077
98,human,0,Human,0.983739837398374,30.322269439697266,-2.798828125,75.5717845113503
98,human,1,Human,0.9715447154471545,34.42829132080078,-2.94140625,76.00684478493704
98,human,2,Human,0.9920634920634921,30.242799758911133,-2.912109375,74.93657522525649
99,human,0,Human,0.954074074074074,20.24967384338379,-2.904296875,76.40509129290625
99,human,1,Human,0.9868421052631579,18.158905029296875,-2.900390625,74.838885275795
99,human,2,Human,0.9896551724137931,21.018218994140625,-3.009765625,74.6852991876006
100,human,0,Human,0.8638232613240795,11.715996742248535,-2.0625,74.16438531263216
100,human,1,Human,0.8952626066629542,14.109457969665527,-2.353515625,76.07374517588615
100,human,2,Human,0.8738860222114676,11.361556053161621,-2.15625,74.80629309022568
100,human,3,Human,0.8743344879771313,12.764803886413574,-2.259765625,74.9984798486788
101,human,0,Human,0.9788135593220338,23.402950286865234,-3.224609375,75.04191388533272
101,human,1,Human,0.9745193978770621,16.434661865234375,-2.9140625,75.37327441208662
101,human,2,Human,0.9527272727272728,17.900041580200195,-3.046875,76.09662757991818
102,human,0,Human,0.9363261566651397,18.561120986938477,-2.521484375,76.90913286224242
102,human,1,Human,0.9519033295301318,22.475156784057617,-2.8359375,76.6530531801875
102,human,2,Human,0.9200854762872235,19.403249740600586,-2.607421875,76.93426593861419
102,human,3,Human,0.9217684564815867,21.49830436706543,-2.73046875,76.98530077634256
103,human,0,Human,0.8523569157029057,8.102843284606934,-1.775390625,72.73263951933156
103,human,1,Human,0.8445542809812064,13.3268404006958,-2.30078125,72.97267020363101
103,human,2,Human,0.8149781968721994,9.331493377685547,-1.921875,69.52380166481794
103,human,3,Human,0.8104980721738847,11.553308486938477,-2.18359375,69.42479465048378
104,human,0,Human,0.9529049698221611,17.82013702392578,-2.322265625,76.57570398372567
104,human,1,Human,0.9548649373298045,24.696687698364258,-2.6640625,76.80550607987415
104,human,2,Human,0.944094887464211,31.26376724243164,-2.796875,77.05944577070807
105,human,0,Human,0.8727279089796565,18.520606994628906,-2.861328125,75.11585683268413
105,human,1,Human,0.8656153854298879,18.445493698120117,-2.921875,74.60712936822335
105,human,2,Human,0.9390274229647548,20.974111557006836,-3.052734375,76.52901993371957
105,human,3,Human,0.8785071600511142,17.275039672851562,-2.828125,75.38316091232349
106,human,0,Human,0.9453702396083415,13.557766914367676,-2.595703125,76.3939912386338
106,human,1,Human,0.9467213114754098,18.958066940307617,-2.982421875,76.3992424253327
106,human,2,Human,0.884336857649949,20.618675231933594,-3.013671875,75.63664421730276
107,human,0,Human,0.933496740158264,21.98260498046875,-2.982421875,76.7352573194598
107,human,1,Human,0.9487179487179487,21.504026412963867,-3.01953125,76.44546664575194
107,human,2,Human,0.9363243518047788,22.569072723388672,-3.08203125,76.58665119659786
108,human,0,Human,0.9915611814345991,17.88983917236328,-2.90625,74.51881489102605
108,human,1,Human,0.9627484533368436,16.02335548400879,-2.86328125,75.90180126409268
108,human,2,Human,0.9485693946909158,19.722522735595703,-2.94921875,76.45268443001596
108,human,3,Human,0.981042654028436,20.470996856689453,-3.064453125,75.07704109721071
109,human,0,Human,0.9291320190205298,13.700648307800293,-2.6796875,76.51967678160788
109,human,1,Human,0.9211113187503601,16.691509246826172,-2.83984375,76.58784144805001
109,human,2,Human,0.9492495662407939,21.8422794342041,-3.083984375,76.3468117918274
110,human,0,Human,0.98,17.065160751342773,-2.8359375,75.22826314661968
110,human,1,Human,0.9855072463768116,21.746145248413086,-3.177734375,74.68718113187614
110,human,2,Human,0.92388132232585,14.86053466796875,-2.720703125,76.57547932352485
110,human,3,Human,0.9482283908824194,21.412944793701172,-3.15234375,76.22624635172019
111,human,0,Human,0.9228172825646535,40.21431350708008,-2.9453125,76.78112015200938
111,human,1,Human,0.9380802824327732,26.464622497558594,-2.650390625,77.19441540890435
111,human,2,Human,0.9409792341398362,24.52852439880371,-2.732421875,77.04407897430306
112,human,0,Human,0.9201608612753246,13.389690399169922,-2.587890625,76.51217079210232
112,human,1,Human,0.9834710743801653,18.84463882446289,-2.890625,75.09202556863895
112,human,2,Human,0.9126360126360127,19.66522979736328,-2.91015625,76.60082943135303
113,human,0,Human,0.9774011299435028,14.593432426452637,-2.6953125,75.30324358207584
113,human,1,Human,0.9893617021276596,13.172476768493652,-2.630859375,74.54613110905697
113,human,2,Human,1.0,16.23834228515625,-2.84375,73.89561408595415
114,human,0,Human,0.9755102040816327,36.461448669433594,-3.154296875,75.4297722183576
114,human,1,Human,0.9724409448818898,33.240203857421875,-3.033203125,75.85183785969518
114,human,2,Human,0.978448275862069,38.120052337646484,-3.162109375,75.20823242400563
115,human,0,Human,0.9033704232890563,18.490415573120117,-2.115234375,76.54393968087557
115,human,1,Human,0.908663470684089,26.843900680541992,-2.662109375,77.05512029209022
115,human,2,Human,0.9232994995069449,22.485536575317383,-2.232421875,77.12926499931268
116,human,0,Human,0.9459052869271848,23.809280395507812,-2.40234375,77.06084685646756
116,human,1,Human,0.9550739477420014,31.19647979736328,-2.783203125,76.82217350906984
116,human,2,Human,0.9429428803812729,33.020851135253906,-2.615234375,77.19861159448766
117,human,0,Human,0.9683794466403162,28.374279022216797,-2.669921875,76.4182736240603
117,human,1,Human,0.9392125288938524,28.76791763305664,-2.822265625,77.08975347470522
117,human,2,Human,0.9195571955719557,31.382537841796875,-2.68359375,77.25121024060779
118,human,0,Human,0.9320234820609915,13.68585205078125,-2.57421875,76.56509429539874
118,human,1,Human,0.9888888888888889,15.175545692443848,-2.72265625,74.67704238863185
118,human,2,Human,0.9512131646380525,14.270827293395996,-2.560546875,76.34054025285684
119,human,0,Human,0.9209303091208683,17.79018783569336,-2.884765625,76.61187327474552
119,human,1,Human,0.9066082340871583,18.58865737915039,-2.89453125,76.43780680225643
119,human,2,Human,0.8881286391666462,23.42274284362793,-3.171875,75.66489824546677
119,human,3,Human,0.8985083961694407,21.081806182861328,-3.04296875,76.15862037107593
120,human,0,Human,0.9804878048780488,11.991789817810059,-2.546875,74.99982746946691
120,human,1,Human,0.9836065573770492,14.234094619750977,-2.779296875,74.87191507529828
120,human,2,Human,0.9330213097897387,14.212723731994629,-2.77734375,76.47260531921675
121,human,0,Human,0.9108456335278498,18.24721336364746,-2.27734375,76.76714645125378
121,human,1,Human,0.8935356660988429,17.30852508544922,-2.423828125,76.25463912531096
121,human,2,Human,0.9016085350413888,14.73719596862793,-2.13671875,76.24286432020561
121,human,3,Human,0.8999364537964625,15.59469223022461,-2.19921875,76.29308447033098
122,human,0,Human,0.9659763926278733,14.630813598632812,-2.689453125,75.82890422201945
122,human,1,Human,0.9199072907744243,12.72549819946289,-2.578125,76.4584032333781
122,human,2,Human,0.9304231418427332,13.447525978088379,-2.65625,76.51090986319268
123,human,0,Human,0.9224576705703202,20.35848617553711,-3.03125,76.57899191706683
123,human,1,Human,0.9198651540852222,23.73537254333496,-3.224609375,76.37242701487439
123,human,2,Human,0.9060819615143266,22.706436157226562,-3.142578125,76.2711464803391
124,human,0,Human,0.9015478908033397,21.771886825561523,-3.017578125,76.3222357673966
124,human,1,Human,0.8663214905683025,20.73154067993164,-3.033203125,74.62925573572802
124,human,2,Human,0.8834565490305482,19.31077766418457,-2.974609375,75.57825612603109
124,human,3,Human,0.8928055715194984,16.868791580200195,-2.86328125,75.94919188361698
125,human,0,Human,0.9420200890683982,44.67275619506836,-3.685546875,74.73391072120717
125,human,1,Human,0.870371161484646,17.778348922729492,-2.818359375,74.97547942950492
125,human,2,Human,0.9342365886427929,32.5238037109375,-3.41015625,76.10570491626378
126,human,0,Human,0.9812206572769953,27.1591796875,-3.203125,75.07483051509294
126,human,1,Human,0.9689880952380953,20.64287567138672,-2.958984375,75.83231954513656
126,human,2,Human,0.9526821005081875,26.16643524169922,-3.173828125,76.2658397352285
127,human,0,Human,0.9143604682526837,19.803302764892578,-3.001953125,76.51043070522643
127,human,1,Human,0.8914659328665996,13.404035568237305,-2.580078125,75.84793284143558
127,human,2,Human,0.8833795234423704,17.32395362854004,-2.80859375,75.64479977191695
128,human,0,Human,0.9626572327044025,14.581338882446289,-2.74609375,75.90878425694915
128,human,1,Human,0.8629132268008363,13.085067749023438,-2.65234375,74.28142138897225
128,human,2,Human,0.9409271523178808,19.82437515258789,-3.091796875,76.37644041002777
129,human,0,Human,0.9404176512375614,15.851069450378418,-2.365234375,76.68992051374481
129,human,1,Human,0.9555727633699326,22.997894287109375,-2.833984375,76.57886320600377
129,human,2,Human,0.9432760517754364,17.03591537475586,-2.3359375,76.7291643668016
129,human,3,Human,0.9421538035671437,23.619264602661133,-2.712890625,77.00763861155939
130,human,0,Human,0.9407740774077408,15.901750564575195,-2.82421875,76.48428556053624
130,human,1,Human,0.9413579576317219,20.932777404785156,-3.140625,76.34518849450014
130,human,2,Human,0.9034930219140744,18.171655654907227,-2.830078125,76.40783204906248
131,human,0,Human,1.0,20.248138427734375,-1.173828125,73.05760241858897
131,human,1,Human,1.0,26.178945541381836,-1.6474609375,74.05908311463953
131,human,2,Human,1.0,20.382658004760742,-1.4033203125,73.45368352896816
132,human,0,Human,0.9672131147540983,13.00212574005127,-2.66015625,75.66538009896803
132,human,1,Human,0.8672546570804289,23.575458526611328,-3.125,74.66803719419677
132,human,2,Human,0.8345982260011546,15.10679817199707,-2.74609375,72.11354698361411
132,human,3,Human,0.9921875,15.385732650756836,-2.76953125,74.44412228922417
132,human,4,Human,0.8653753796733616,16.471635818481445,-2.873046875,74.51677809417053
133,human,0,Human,0.9493024328375418,25.956727981567383,-3.27734375,76.12942538631194
133,human,1,Human,0.9168324736782473,22.623165130615234,-3.107421875,76.51763130828986
133,human,2,Human,0.9485612006058103,20.42276954650879,-3.021484375,76.38890060260532
134,human,0,Human,0.9238022481110657,18.804609298706055,-2.78125,76.80177843809494
134,human,1,Human,0.988929889298893,17.187908172607422,-2.880859375,74.66907850847733
134,human,2,Human,0.9583333333333334,11.741812705993652,-2.34375,75.94951229966442
135,human,0,Human,0.931674358974359,18.612462997436523,-2.91015625,76.65297236434044
135,human,1,Human,0.9205920821212612,23.861270904541016,-3.173828125,76.48416274628636
135,human,2,Human,0.9135224995733331,24.30390167236328,-3.111328125,76.53473143366215
135,human,3,Human,0.9444022883329242,17.86149024963379,-2.9296875,76.44388435617789
136,human,0,Human,0.9379908376963351,15.867018699645996,-2.685546875,76.6319071943806
136,human,1,Human,1.0,15.011470794677734,-2.7109375,73.92292849404171
136,human,2,Human,0.9770114942528736,16.366531372070312,-2.73828125,75.4248800269984
137,human,0,Human,0.8754772304391807,24.848880767822266,-3.14453125,75.16110205293373
137,human,1,Human,0.9045281306977269,21.545146942138672,-2.99609375,76.42124639177364
137,human,2,Human,0.9691789968484589,20.410572052001953,-2.982421875,75.77869933845724
137,human,3,Human,0.8837755235675925,21.19114875793457,-3.021484375,75.62938283198726
138,human,0,Human,0.8440106331145567,16.487424850463867,-2.724609375,73.06677818574725
138,human,1,Human,0.8560589215195471,13.98740005493164,-2.541015625,73.92480931234084
138,human,2,Human,0.9473481942848893,20.30658721923828,-3.037109375,76.38382320503548
138,human,3,Human,0.9202494328186374,14.610549926757812,-2.548828125,76.6260355942807
139,human,0,Human,0.912831497128929,15.661492347717285,-2.759765625,76.49337430863126
139,human,1,Human,0.9564837145204462,16.425582885742188,-2.81640625,76.18834070491462
139,human,2,Human,0.9203560479917835,14.55875301361084,-2.6953125,76.54852733526776
140,human,0,Human,0.9528664180135378,34.58997344970703,-2.904296875,76.7194091068255
140,human,1,Human,0.967828418230563,33.42464065551758,-3.01953125,76.07289831535543
140,human,2,Human,0.9656992084432717,32.14958953857422,-3.01171875,76.18276582235909
141,human,0,Human,0.9403827443357164,11.936616897583008,-2.404296875,76.37578609768234
141,human,1,Human,0.996309963099631,17.601531982421875,-2.853515625,74.24240006871307
141,human,2,Human,0.9795918367346939,12.671843528747559,-2.46875,75.1244244005865
142,human,0,Human,0.941310975609756,17.58026123046875,-2.93359375,76.4687087160748
142,human,1,Human,0.8811765456823022,17.688373565673828,-2.90234375,75.46153055143363
142,human,2,Human,0.9287484220861191,22.846702575683594,-3.208984375,76.40115620851495
143,human,0,Human,0.9294653957728969,24.042667388916016,-2.68359375,77.1501701404762
143,human,1,Human,0.9431397617926116,33.11988067626953,-3.25,76.36949003325152
143,human,2,Human,0.9483914127592288,22.94479751586914,-2.671875,76.89349536473537
144,human,0,Human,0.9277532499386805,25.421558380126953,-3.240234375,76.43381675483195
144,human,1,Human,0.9416049524553275,26.016151428222656,-3.2890625,76.2474342491107
144,human,2,Human,0.9025295316367405,33.37546920776367,-3.509765625,75.51572362351277
145,human,0,Human,0.9210800700355863,39.755714416503906,-3.591796875,75.40263417034622
145,human,1,Human,0.8926062325114512,18.150005340576172,-2.869140625,76.0218587154641
145,human,2,Human,0.9679539605080001,12.36353588104248,-2.521484375,75.64019271086792
145,human,3,Human,0.940998371570567,23.13816261291504,-3.06640625,76.58463480451223
146,human,0,Human,0.8983197811164978,18.972412109375,-2.921875,76.20552903302261
146,human,1,Human,0.9087798131535935,22.718181610107422,-3.14453125,76.3264399065089
146,human,2,Human,0.8283268137367932,26.88146209716797,-3.279296875,71.3221426126686
147,human,0,Human,0.9578947368421052,15.218263626098633,-2.73828125,76.1256323699804
147,human,1,Human,0.955617949854687,17.447460174560547,-2.890625,76.20417288621849
147,human,2,Human,0.9515246091214313,20.26310920715332,-2.986328125,76.36325837423945
147,human,3,Human,0.9527186761229314,14.298358917236328,-2.66015625,76.25710180931044
148,human,0,Human,0.9741108564637977,9.341107368469238,-1.66796875,74.56307333559347
148,human,1,Human,0.9834254143646409,10.094435691833496,-1.9052734375,74.42319014862629
148,human,2,Human,0.9835164835164835,13.231424331665039,-2.15234375,74.88666096035028
149,human,0,Human,0.9120658651202079,16.554492950439453,-2.791015625,76.51824763195378
149,human,1,Human,0.9123850686350686,18.332319259643555,-2.935546875,76.48255045792938
149,human,2,Human,0.8894630028484372,19.825244903564453,-3.0078125,75.82106864993523
150,human,0,Human,0.8780943975118732,18.678192138671875,-2.98828125,75.25628900089782
150,human,1,Human,0.90867848524699,17.892574310302734,-2.908203125,76.4205103640013
150,human,2,Human,0.8913153599369618,14.63049602508545,-2.7265625,75.8553935438981
151,human,0,Human,0.8318210293591958,16.515201568603516,-2.71875,71.97876392995411
151,human,1,Human,0.8877491664686408,13.316828727722168,-2.53515625,75.7070863281676
151,human,2,Human,0.8891930759046867,16.837249755859375,-2.794921875,75.87745644961726
151,human,3,Human,0.8864310912405601,13.854596138000488,-2.595703125,75.67259853555488
152,human,0,Human,0.8838685376086176,22.229110717773438,-3.005859375,75.7083621745464
152,human,1,Human,0.9178664921465969,18.088420867919922,-2.83203125,76.66219762505956
152,human,2,Human,0.9924812030075187,19.59684944152832,-2.9453125,74.5154722349137
152,human,3,Human,0.92945579758964,17.81319236755371,-2.80859375,76.71997509946272
153,human,0,Human,0.987012987012987,46.640750885009766,-3.80078125,72.49367328623958
153,human,1,Human,0.9836956521739131,24.92626190185547,-3.19140625,74.89749045358609
153,human,2,Human,0.9479477650034841,41.7532958984375,-3.67578125,74.85444829779006
154,human,0,Human,0.9597621787495205,23.558496475219727,-3.1484375,76.01575263545455
154,human,1,Human,0.9329162906264022,21.265077590942383,-3.0859375,76.54120055583772
154,human,2,Human,0.9329675810473815,20.976451873779297,-3.01953125,76.63282579813098
154,human,3,Human,0.9387269277212352,27.685504913330078,-3.326171875,76.239877276568
155,human,0,Human,0.9117295666042368,14.316390991210938,-2.15625,76.44767692319172
155,human,1,Human,0.9216872085963702,18.494321823120117,-2.470703125,76.93182867263083
155,human,2,Human,0.8876048201264299,15.459442138671875,-2.208984375,75.84489664812975
155,human,3,Human,0.8833425567525907,15.48349666595459,-2.19140625,75.64951101791767
156,human,0,Human,0.9803921568627451,12.097338676452637,-2.505859375,75.02540752564197
156,human,1,Human,0.9764705882352941,11.80042839050293,-2.478515625,75.20914398746883
156,human,2,Human,0.9777777777777777,20.01820945739746,-2.95703125,75.38622943069842
157,human,0,Human,0.888002300079542,31.251611709594727,-3.318359375,75.51308385100506
157,human,1,Human,0.871842061456946,24.49761390686035,-3.291015625,74.64641916605406
157,human,2,Human,0.8953817990806469,25.615543365478516,-3.16796875,76.02556112397309
158,human,0,Human,0.9265053484805734,12.920112609863281,-2.517578125,76.52750406088279
158,human,1,Human,0.976878612716763,26.244922637939453,-3.263671875,75.1560880012534
158,human,2,Human,0.9794238683127572,15.93039608001709,-2.705078125,75.29293177745315
159,human,0,Human,0.8157191855274054,14.829324722290039,-2.08984375,70.21845848285885
159,human,1,Human,0.7991933903703466,17.830821990966797,-2.48046875,68.65024075369912
159,human,2,Human,0.776098679108179,16.780113220214844,-2.388671875,65.63164016576715
159,human,3,Human,0.7744856666526716,18.411439895629883,-2.5390625,65.50406876779755
160,human,0,Human,0.8829550411824267,20.865983963012695,-2.4609375,76.02902493246646
160,human,1,Human,0.868583336561422,16.82657814025879,-2.3359375,74.9971299970334
160,human,2,Human,0.8222131489439635,17.99057388305664,-2.3046875,71.22959619863377
160,human,3,Human,0.8128446123014395,18.327465057373047,-2.328125,70.25651316215281
161,human,0,Human,0.9321010993793097,15.147444725036621,-2.2890625,76.69604489492265
161,human,1,Human,0.9233640249177648,15.820148468017578,-2.306640625,76.74935706939337
161,human,2,Human,0.8483328482746307,14.942689895629883,-2.279296875,73.40721226688709
161,human,3,Human,0.8470718092130254,16.206035614013672,-2.314453125,73.40865012457309
162,human,0,Human,0.9581151832460733,31.872333526611328,-3.19921875,76.1260409544148
162,human,1,Human,0.945823927765237,30.241775512695312,-3.013671875,76.76016730150153
162,human,2,Human,0.9357699030668997,25.668819427490234,-3.115234375,76.65027320369336
163,human,0,Human,0.9046120567751972,22.5052547454834,-2.91015625,76.58529964055353
163,human,1,Human,0.9676616915422885,19.362112045288086,-2.859375,75.93824053061863
163,human,2,Human,0.9561238571675005,21.755868911743164,-2.89453125,76.43761834552947
164,human,0,Human,0.9717314487632509,19.245878219604492,-2.904296875,75.70217483052716
164,human,1,Human,0.9761092150170648,17.96599578857422,-2.859375,75.4652303132724
164,human,2,Human,0.9487626970445664,17.21786117553711,-2.771484375,76.48655580062332
164,human,3,Human,0.9499786761239927,16.97738265991211,-2.8515625,76.36358976929016
165,human,0,Human,0.9214490452723381,24.882673263549805,-3.1953125,76.48559522567578
165,human,1,Human,0.9812649481796438,12.1956205368042,-2.626953125,74.94149008978619
165,human,2,Human,0.9158087669361089,24.066341400146484,-3.125,76.53361605228734
166,human,0,Human,0.9158190103725071,21.081811904907227,-2.99609375,76.60926506157398
166,human,1,Human,0.9020918666968244,20.606182098388672,-2.96875,76.34802022733723
166,human,2,Human,0.9801980198019802,10.755861282348633,-2.4140625,74.92750949239931
166,human,3,Human,0.9063364840561382,16.840593338012695,-2.779296875,76.43596547059548
167,human,0,Human,0.8987373680142148,17.280960083007812,-2.484375,76.42040318320117
167,human,1,Human,0.869104390336906,19.253747940063477,-2.67578125,75.10990776244955
167,human,2,Human,0.8578352657024068,20.3792667388916,-2.681640625,74.42472958785086
167,human,3,Human,0.8536454088630893,21.389232635498047,-2.73046875,74.13490717319802
168,human,0,Human,0.8754383192361165,20.88458251953125,-2.96875,75.27067729371599
168,human,1,Human,0.9058651445478257,20.65160369873047,-2.9921875,76.41245146326574
168,human,2,Human,0.8878642890383713,28.181970596313477,-3.2734375,75.58336080729589
168,human,3,Human,0.8729022535854071,22.371910095214844,-3.099609375,74.99867003521233
169,human,0,Human,0.8465835534328685,18.676990509033203,-2.865234375,73.29577588920688
169,human,1,Human,0.9204033469212616,23.458309173583984,-3.0625,76.66466758391618
169,human,2,Human,0.8671138148775605,16.455514907836914,-2.701171875,74.78474497793721
170,human,0,Human,0.9585115483319075,20.174354553222656,-2.67578125,76.48157501184558
170,human,1,Human,0.9632971317181843,27.369916915893555,-2.853515625,76.4435064582714
170,human,2,Human,0.9739583333333334,22.459638595581055,-2.765625,75.91430559819983
171,human,0,Human,0.9147753589624826,13.964877128601074,-2.609375,76.49000134203143
171,human,1,Human,0.9664929262844378,16.08435821533203,-2.779296875,75.84778658736523
171,human,2,Human,0.9401476875242908,15.620702743530273,-2.79296875,76.502200953745
172,human,0,Human,0.9252296205009243,13.989276885986328,-2.671875,76.54504032892211
172,human,1,Human,0.9017475816595019,24.72581672668457,-3.23046875,76.06947800528646
172,human,2,Human,0.8759992148421901,29.27191925048828,-3.314453125,74.9372876851812
173,human,0,Human,0.9444523566762153,14.464652061462402,-2.67578125,76.44026457013695
173,human,1,Human,0.9834710743801653,10.288976669311523,-2.380859375,74.70243924620333
173,human,2,Human,0.9218142447178742,12.525959014892578,-2.59375,76.4491302717383
174,human,0,Human,0.9452300150829562,19.213808059692383,-3.03125,76.37041784496981
174,human,1,Human,0.9363261566651397,18.19428825378418,-2.994140625,76.48310024127136
174,human,2,Human,0.9272079635294495,19.79867172241211,-3.021484375,76.57783575045622
174,human,3,Human,0.952992700729927,26.32014274597168,-3.3359375,75.91701361936427
175,human,0,Human,0.8536155273317145,11.425081253051758,-2.380859375,73.54458316765701
175,human,1,Human,0.8079559363525092,11.395768165588379,-2.369140625,69.17762767284802
175,human,2,Human,0.8775763736525201,8.340685844421387,-2.07421875,74.67431351433966
176,human,0,Human,0.9438502673796791,11.943038940429688,-2.068359375,76.1991965107766
176,human,1,Human,0.9405558172397551,16.50514793395996,-2.388671875,76.73746088731053
176,human,2,Human,0.9242000083904418,16.34459686279297,-2.32421875,76.79510581714067
176,human,3,Human,0.9248105934737821,18.40873146057129,-2.482421875,76.94000294180124
177,human,0,Human,0.9659593280282935,16.122060775756836,-2.828125,75.82472410576645
177,human,1,Human,0.8706212706212707,22.827917098999023,-3.24609375,74.60540709508906
177,human,2,Human,0.9041862115385618,26.294658660888672,-3.265625,76.10724187422622
178,human,0,Human,0.9379485014774167,18.081085205078125,-2.349609375,76.8729902378132
178,human,1,Human,0.9433589829374374,26.471784591674805,-2.880859375,76.92322176852204
178,human,2,Human,0.9580562111134949,22.35202407836914,-2.720703125,76.57650296274608
178,human,3,Human,0.9587482710926695,24.409502029418945,-2.771484375,76.59766246529271
179,human,0,Human,0.9599121613253443,23.964258193969727,-3.1796875,75.96742696113289
179,human,1,Human,0.9659090909090909,18.622499465942383,-2.970703125,75.82428603103473
179,human,2,Human,0.9792284866468842,23.13513946533203,-3.1171875,75.2144969633793
180,human,0,Human,0.9126672667266726,25.377946853637695,-1.7109375,76.67666547835984
180,human,1,Human,0.9141405288444321,27.326026916503906,-2.1640625,77.17083723327045
180,human,2,Human,0.9067694441480849,26.840015411376953,-1.830078125,76.74593918232901
181,human,0,Human,0.9142533163797847,17.714881896972656,-2.865234375,76.55632050603379
181,human,1,Human,0.8899526682235496,12.303481101989746,-2.5703125,75.69974166108283
181,human,2,Human,0.8473261489794045,13.83191204071045,-2.630859375,73.19884478381096
182,human,0,Human,0.9457308648798011,35.31504440307617,-3.095703125,76.58217538319509
182,human,1,Human,0.9307530138414591,38.43202209472656,-3.20703125,76.43618686984115
182,human,2,Human,0.9661505279423126,33.5085334777832,-3.181640625,75.85904378709617
183,human,0,Human,0.9267362887611481,16.986501693725586,-2.896484375,76.56833318775062
183,human,1,Human,0.911648690292758,15.8041410446167,-2.787109375,76.46013331711308
183,human,2,Human,0.9320482714724334,15.379809379577637,-2.7109375,76.62224697141447
183,human,3,Human,0.9182709466126425,19.64949607849121,-2.982421875,76.57784781515979
184,human,0,Human,0.8885746073268341,35.291015625,-3.474609375,75.10117348673816
184,human,1,Human,0.9494230922256703,18.004037857055664,-2.853515625,76.44368680411237
184,human,2,Human,0.9736462516081245,27.363365173339844,-3.216796875,75.43890397176717
184,human,3,Human,0.8643423427010252,25.009742736816406,-3.166015625,74.45837621159664
185,human,0,Human,0.9569324473975637,18.90609359741211,-2.908203125,76.23845183786764
185,human,1,Human,0.9814814814814815,27.655494689941406,-3.408203125,74.60856971054605
185,human,2,Human,0.9755351681957186,28.214435577392578,-3.40625,74.93366035300647
186,human,0,Human,0.9027218449260428,62.081024169921875,-4.0625,71.2692335358749
186,human,1,Human,0.9637681159420289,28.85891342163086,-3.373046875,75.53478253779302
186,human,2,Human,0.8830824057754062,26.80904197692871,-3.240234375,75.414414171739
187,human,0,Human,0.92888510018616,21.630168914794922,-3.154296875,76.45035129756033
187,human,1,Human,0.9166741234789922,22.31601905822754,-3.15625,76.41315234109781
187,human,2,Human,0.9579053373615306,23.286340713500977,-3.205078125,75.95538664673839
188,human,0,Human,0.9665095159589979,17.82699966430664,-2.86328125,75.88394834751699
188,human,1,Human,0.9626250396379256,19.8765811920166,-3.005859375,75.97377301211799
188,human,2,Human,0.9631363826781382,20.75322723388672,-3.029296875,75.96830950700728
188,human,3,Human,0.9484766204127868,17.364437103271484,-2.865234375,76.40883031675676
189,human,0,Human,0.9233089450993059,19.48551368713379,-2.994140625,76.58929863307773
189,human,1,Human,0.9671467875060689,15.82475471496582,-2.8046875,75.77843302768454
189,human,2,Human,0.9753065706790311,22.523805618286133,-3.048828125,75.502955975136
190,human,0,Human,0.9472733355637337,27.08759307861328,-3.2890625,76.17560677590275
190,human,1,Human,0.9921875,29.12909507751465,-3.48828125,73.77725678283059
190,human,2,Human,0.9156244408238607,25.029882431030273,-3.20703125,76.40932097729042
191,human,0,Human,0.9555775132906442,26.220441818237305,-3.181640625,76.17257265189849
191,human,1,Human,0.977208538587849,20.240903854370117,-3.005859375,75.35838112778326
191,human,2,Human,0.9636137381781982,30.673093795776367,-3.322265625,75.6740731186285
192,human,0,Human,0.9384524122103256,19.724576950073242,-3.02734375,76.5062715868217
192,human,1,Human,0.8979703433855276,22.863954544067383,-3.109375,76.11641748892708
192,human,2,Human,0.8892512387525733,25.668243408203125,-3.255859375,75.62053017178799
192,human,3,Human,0.9476308882442326,22.08368492126465,-3.1171875,76.33579095235719
193,human,0,Human,0.6492444682048771,53.70518493652344,-3.9140625,42.32971158669781
193,human,1,Human,0.953307392996109,24.045345306396484,-3.193359375,76.14235513843526
193,human,2,Human,0.9025880094081505,42.433502197265625,-3.666015625,74.71518035226669
194,human,0,Human,0.9548553249507651,17.994482040405273,-2.853515625,76.3048900383905
194,human,1,Human,0.9453978159126365,17.8999080657959,-2.9140625,76.44846526421549
194,human,2,Human,0.9519022298811209,20.09305763244629,-3.005859375,76.31567756785267
194,human,3,Human,0.9343274111675126,19.320070266723633,-3.02734375,76.51920799592341
195,human,0,Human,0.799773362144667,22.76712417602539,-3.0859375,68.43823749728978
195,human,1,Human,0.9757412398921833,26.63863754272461,-3.341796875,75.04751578331057
195,human,2,Human,0.8922316088758292,18.36893081665039,-2.919921875,75.961129909277
196,human,0,Human,0.8292601491559274,23.866926193237305,-3.05078125,71.75326810939683
196,human,1,Human,0.8607535391832702,15.006704330444336,-2.654296875,74.28847472341162
196,human,2,Human,0.9641487195971286,16.238868713378906,-2.7421875,75.98217576709348
196,human,3,Human,0.8231122210899847,18.06995391845703,-2.810546875,71.14625260600276
197,human,0,Human,0.9632107023411371,21.193836212158203,-2.6640625,76.38213024073569
197,human,1,Human,0.9832635983263598,29.083965301513672,-3.037109375,75.28882147385308
197,human,2,Human,0.9691780821917808,22.44681167602539,-2.884765625,76.00867728216187
198,human,0,Human,0.935117697984087,28.494958877563477,-3.3515625,76.2284344348276
198,human,1,Human,0.994535519125683,14.735702514648438,-2.63671875,74.33210196229705
198,human,2,Human,0.9436164048416172,36.89212417602539,-3.580078125,75.44826054444071
199,human,0,Human,0.9558359621451105,23.089534759521484,-3.064453125,76.26601371081624
199,human,1,Human,0.9659574468085106,22.149639129638672,-3.181640625,75.66499841434647
199,human,2,Human,0.9499812700853689,15.338247299194336,-2.634765625,76.41988585788661
0,gemma,0,Gemma-2-9B,0.9150510977209795,19.325912475585938,-2.84375,76.6932759805769
0,gemma,1,Gemma-2-9B,0.8860915867944622,19.962095260620117,-2.853515625,75.88669763034551
0,gemma,2,Gemma-2-9B,0.8958210428558677,19.47678565979004,-2.919921875,76.15738856618005
0,gemma,3,Gemma-2-9B,0.9146943153154017,17.79936981201172,-2.80859375,76.62771151237308
0,gemma,4,Gemma-2-9B,0.901515639227621,20.824743270874023,-2.89453125,76.44007472264593
1,gemma,0,Gemma-2-9B,0.94368710841086,18.597129821777344,-2.265625,76.80905254045531
1,gemma,1,Gemma-2-9B,0.9521374396690416,18.352401733398438,-2.302734375,76.62604971865848
1,gemma,2,Gemma-2-9B,0.9477897801271739,19.660837173461914,-2.35546875,76.81661869807482
1,gemma,3,Gemma-2-9B,0.9429456941249854,16.73310661315918,-2.171875,76.65735376833629
1,gemma,4,Gemma-2-9B,0.9468650793650794,17.26028060913086,-2.291015625,76.67021415531902
2,gemma,0,Gemma-2-9B,0.9742268041237113,29.512073516845703,-2.419921875,76.24889856701158
2,gemma,1,Gemma-2-9B,0.9551758793969849,24.117341995239258,-2.259765625,76.82736643169206
2,gemma,2,Gemma-2-9B,0.9639175257731959,27.235429763793945,-2.390625,76.65492405194932
2,gemma,3,Gemma-2-9B,0.9406272524237347,27.038368225097656,-2.373046875,77.24442238929062
2,gemma,4,Gemma-2-9B,0.9452811924051371,27.79156494140625,-2.44140625,77.18640922712366
3,gemma,0,Gemma-2-9B,0.9617821203187056,20.69466209411621,-2.541015625,76.46382333265535
3,gemma,1,Gemma-2-9B,0.9657305367934589,20.252473831176758,-2.41015625,76.31200471220532
3,gemma,2,Gemma-2-9B,0.9611064839352867,18.87320327758789,-2.431640625,76.40140679093594
3,gemma,3,Gemma-2-9B,0.9685075364467507,18.007034301757812,-2.3125,76.05147325731443
3,gemma,4,Gemma-2-9B,0.9611064839352867,18.33333396911621,-2.33203125,76.36112789108273
4,gemma,0,Gemma-2-9B,0.9691780821917808,31.217809677124023,-3.4296875,75.19097422442475
4,gemma,2,Gemma-2-9B,0.9601194426011944,18.64712142944336,-2.9765625,76.02972288737048
4,gemma,3,Gemma-2-9B,0.967391304347826,24.674545288085938,-3.16015625,75.75186545379806
4,gemma,4,Gemma-2-9B,0.9580182851494935,26.233549118041992,-3.26953125,75.91858273443027
5,gemma,0,Gemma-2-9B,0.9761092150170648,42.71931076049805,-3.638671875,73.90637052152975
5,gemma,1,Gemma-2-9B,0.9234499046349927,52.89299011230469,-3.8515625,73.5087244285529
5,gemma,2,Gemma-2-9B,0.9396858151031611,49.8541259765625,-3.734375,74.15766683023247
5,gemma,3,Gemma-2-9B,0.9649122807017544,36.21430206298828,-3.474609375,75.17447236633775
5,gemma,4,Gemma-2-9B,0.962086745526236,37.42664337158203,-3.552734375,75.02535263656132
6,gemma,0,Gemma-2-9B,0.9645669291338582,17.473831176757812,-2.259765625,76.16000171541378
6,gemma,1,Gemma-2-9B,0.9836734693877551,23.49363899230957,-2.509765625,75.58900778759909
6,gemma,2,Gemma-2-9B,0.986046511627907,20.941648483276367,-2.5390625,75.32305720763748
6,gemma,3,Gemma-2-9B,0.9692604576819617,20.372835159301758,-2.3515625,76.16950425876695
6,gemma,4,Gemma-2-9B,0.9820627802690582,24.457487106323242,-2.5625,75.70117078054045
7,gemma,0,Gemma-2-9B,0.9072119726217214,21.752788543701172,-2.998046875,76.49113887101123
7,gemma,1,Gemma-2-9B,0.901103115412166,19.719568252563477,-2.990234375,76.24012808253084
7,gemma,2,Gemma-2-9B,0.8961353588223647,20.07342529296875,-2.9296875,76.1901149419593
7,gemma,3,Gemma-2-9B,0.8916237079592251,21.57395362854004,-3.013671875,75.99126557348211
7,gemma,4,Gemma-2-9B,0.9121481619111854,19.667049407958984,-2.9765625,76.50487970625585
8,gemma,0,Gemma-2-9B,0.9256867323851994,21.74195098876953,-2.978515625,76.74287866402491
8,gemma,1,Gemma-2-9B,0.9080578670321999,24.47597885131836,-3.103515625,76.45571312372782
8,gemma,2,Gemma-2-9B,0.9435980296412844,28.53067398071289,-3.28125,76.28702678469942
8,gemma,3,Gemma-2-9B,0.9383095854922281,23.47888946533203,-3.013671875,76.71524081944648
8,gemma,4,Gemma-2-9B,0.8952053487500973,23.694080352783203,-3.099609375,76.07693680371798
9,gemma,0,Gemma-2-9B,0.936254631385477,15.123556137084961,-2.7734375,76.52454291013738
9,gemma,1,Gemma-2-9B,0.9249357376920512,16.395322799682617,-2.8828125,76.53867695633048
9,gemma,2,Gemma-2-9B,0.9290373669883693,16.42292022705078,-2.873046875,76.55603144894958
9,gemma,3,Gemma-2-9B,0.936254631385477,17.558469772338867,-2.93359375,76.52518392078815
9,gemma,4,Gemma-2-9B,0.9270484024043024,14.349264144897461,-2.7109375,76.55077737957325
10,gemma,0,Gemma-2-9B,0.983957219251337,32.69082260131836,-3.390625,74.53943764344672
10,gemma,1,Gemma-2-9B,0.9842105263157894,22.224008560180664,-2.9921875,75.09996121629298
10,gemma,2,Gemma-2-9B,0.9779005524861878,26.151185989379883,-3.150390625,75.32863801817821
10,gemma,3,Gemma-2-9B,0.9829545454545454,34.63092041015625,-3.44140625,74.44075201113351
10,gemma,4,Gemma-2-9B,0.9736842105263158,24.2462158203125,-3.0546875,75.64270792076144
11,gemma,0,Gemma-2-9B,0.9659090909090909,17.949914932250977,-2.8671875,75.91163520973846
11,gemma,1,Gemma-2-9B,0.9696969696969697,20.147499084472656,-2.990234375,75.73042898985827
11,gemma,2,Gemma-2-9B,0.9588014981273408,21.83674430847168,-3.0546875,76.1333601902185
11,gemma,3,Gemma-2-9B,0.9704797047970479,19.22276496887207,-2.97265625,75.66712538540087
11,gemma,4,Gemma-2-9B,0.9625468164794008,17.38597869873047,-2.86328125,76.00559645569201
12,gemma,0,Gemma-2-9B,0.9657142857142857,30.325891494750977,-2.197265625,76.57672902041281
12,gemma,1,Gemma-2-9B,0.9548022598870056,29.139055252075195,-2.275390625,76.96598883086308
12,gemma,2,Gemma-2-9B,0.9257949057794821,26.343992233276367,-2.2421875,77.28074484902389
12,gemma,3,Gemma-2-9B,0.9542857142857143,30.198278427124023,-2.1953125,76.95857965662339
12,gemma,4,Gemma-2-9B,0.9286454083233947,24.784748077392578,-2.12890625,77.18118868043183
13,gemma,0,Gemma-2-9B,0.8929878896278802,18.791120529174805,-2.966796875,75.9537116950248
13,gemma,1,Gemma-2-9B,0.9196168086618421,16.098186492919922,-2.7734375,76.5977361985768
13,gemma,2,Gemma-2-9B,0.8703418408493895,19.377660751342773,-3.00390625,74.8442942107893
13,gemma,3,Gemma-2-9B,0.8973623536613934,24.401670455932617,-3.181640625,76.02487004196584
13,gemma,4,Gemma-2-9B,0.9065834334545116,18.260971069335938,-2.97265625,76.31471463734424
14,gemma,0,Gemma-2-9B,0.8930891144173566,21.68248748779297,-3.091796875,75.92560328716917
14,gemma,1,Gemma-2-9B,0.8861569384167256,18.850053787231445,-2.9140625,75.75227051712075
14,gemma,2,Gemma-2-9B,0.9052469833235414,19.873435974121094,-2.935546875,76.432477557114
14,gemma,3,Gemma-2-9B,0.9135379202939957,19.594764709472656,-2.978515625,76.52002807576235
14,gemma,4,Gemma-2-9B,0.9000007695385847,19.753538131713867,-2.966796875,76.24353210764801
15,gemma,0,Gemma-2-9B,0.9299302444586091,22.81180191040039,-2.404296875,77.1878295229072
15,gemma,1,Gemma-2-9B,0.9489446507835855,18.96060562133789,-2.26953125,76.73113330047835
15,gemma,2,Gemma-2-9B,0.93241152666218,18.046417236328125,-2.189453125,76.86389706465427
15,gemma,3,Gemma-2-9B,0.9325921536091029,19.993227005004883,-2.353515625,77.03217415139419
15,gemma,4,Gemma-2-9B,0.9306584997993644,24.431499481201172,-2.521484375,77.23629744143284
16,gemma,0,Gemma-2-9B,0.9172004328624491,22.68564796447754,-3.033203125,76.64753515551888
16,gemma,1,Gemma-2-9B,0.9124689473526683,26.715667724609375,-3.20703125,76.41119230446347
16,gemma,2,Gemma-2-9B,0.9157346212506354,20.788772583007812,-2.890625,76.73253504013087
16,gemma,3,Gemma-2-9B,0.9193253065527381,28.606048583984375,-3.298828125,76.3396568719524
16,gemma,4,Gemma-2-9B,0.9386480861460502,33.7574462890625,-3.419921875,76.02741225014184
17,gemma,0,Gemma-2-9B,0.9420296332027112,16.48346710205078,-2.50390625,76.70529594131239
17,gemma,1,Gemma-2-9B,0.9359222477576936,14.679912567138672,-2.427734375,76.65110119633401
17,gemma,2,Gemma-2-9B,0.9328020018144849,15.657840728759766,-2.453125,76.74540047654213
17,gemma,3,Gemma-2-9B,0.9359808928027147,12.882420539855957,-2.283203125,76.48682341887027
17,gemma,4,Gemma-2-9B,0.9264240583375994,15.810800552368164,-2.41796875,76.77027704598426
18,gemma,0,Gemma-2-9B,0.9628881987577641,25.561119079589844,-3.2265625,75.82446412951677
18,gemma,1,Gemma-2-9B,0.963116325435166,28.740604400634766,-3.328125,75.66366143652824
18,gemma,2,Gemma-2-9B,0.9514439622923837,24.857419967651367,-3.1875,76.23085887249425
18,gemma,3,Gemma-2-9B,0.9505434782608696,31.904264450073242,-3.51171875,75.59390947872275
18,gemma,4,Gemma-2-9B,0.9506987577639753,28.84993553161621,-3.369140625,75.94529615063321
19,gemma,0,Gemma-2-9B,0.8425280269058295,17.242084503173828,-2.859375,72.86760018267996
19,gemma,1,Gemma-2-9B,0.8856690621622665,19.835865020751953,-2.955078125,75.73648154931256
19,gemma,2,Gemma-2-9B,0.8853164856506377,19.204849243164062,-2.96484375,75.67012021954783
19,gemma,3,Gemma-2-9B,0.8706294879845436,15.347846031188965,-2.736328125,74.89108694668668
19,gemma,4,Gemma-2-9B,0.8871867248493993,14.44248104095459,-2.65625,75.72099277534261
20,gemma,0,Gemma-2-9B,0.9232414727753585,18.626117706298828,-2.857421875,76.71142431137734
20,gemma,1,Gemma-2-9B,0.9455276381909548,14.923079490661621,-2.677734375,76.45556373756678
20,gemma,3,Gemma-2-9B,0.9379645113340764,17.474872589111328,-2.78515625,76.66748721250185
21,gemma,0,Gemma-2-9B,0.9625768967874231,15.695302963256836,-1.9345703125,75.89588203538132
21,gemma,1,Gemma-2-9B,0.955448322298283,15.95412540435791,-1.947265625,76.15890069419747
21,gemma,2,Gemma-2-9B,0.9625768967874231,11.804984092712402,-1.7001953125,75.31493565680542
21,gemma,3,Gemma-2-9B,0.9646909827760891,12.20544719696045,-1.6943359375,75.26340994372622
21,gemma,4,Gemma-2-9B,0.9641851736002501,18.12223243713379,-1.916015625,75.98834490869106
22,gemma,0,Gemma-2-9B,0.9165366319234033,17.09733009338379,-2.806640625,76.60594541586232
22,gemma,1,Gemma-2-9B,0.9073138518528484,14.450684547424316,-2.6171875,76.39199092200352
22,gemma,4,Gemma-2-9B,0.911310829173786,14.64770221710205,-2.64453125,76.47164561326674
23,gemma,0,Gemma-2-9B,0.96,26.95111656188965,-3.30078125,75.80304868987697
23,gemma,1,Gemma-2-9B,0.9586746885133982,24.513097763061523,-3.2109375,75.96655854216398
23,gemma,2,Gemma-2-9B,0.9702487562189055,20.949159622192383,-3.01171875,75.71839789997388
23,gemma,3,Gemma-2-9B,0.9515044247787611,29.156248092651367,-3.36328125,75.94337202245721
23,gemma,4,Gemma-2-9B,0.9866666666666667,21.770355224609375,-3.08984375,74.77917406542029
24,gemma,0,Gemma-2-9B,0.9787234042553191,10.59786319732666,-1.9228515625,74.74390693239454
24,gemma,1,Gemma-2-9B,0.943961642193587,10.838763236999512,-1.8642578125,75.91747176540282
24,gemma,2,Gemma-2-9B,0.9427588364091335,11.101107597351074,-1.9111328125,76.00861339533756
24,gemma,3,Gemma-2-9B,0.9557766721945826,11.713656425476074,-1.935546875,75.79447603460376
24,gemma,4,Gemma-2-9B,0.9431654676258993,10.969347953796387,-1.7822265625,75.8503663620584
25,gemma,0,Gemma-2-9B,0.9405393457117595,20.60791778564453,-2.96484375,76.62197512404174
25,gemma,1,Gemma-2-9B,0.9456200787401575,20.3925838470459,-2.908203125,76.60309414989673
25,gemma,3,Gemma-2-9B,0.9252677147413989,15.451313972473145,-2.71875,76.62713305781662
25,gemma,4,Gemma-2-9B,0.96,19.444686889648438,-2.93359375,76.1408550324635
26,gemma,0,Gemma-2-9B,0.9683809523809523,21.614151000976562,-3.06640625,75.74675250360846
26,gemma,1,Gemma-2-9B,0.9145314900153609,19.404048919677734,-2.876953125,76.65385700979519
26,gemma,2,Gemma-2-9B,0.9833333333333333,24.654916763305664,-3.2109375,74.87000674928937
26,gemma,3,Gemma-2-9B,0.9915254237288136,21.66700553894043,-3.056640625,74.52577778847541
26,gemma,4,Gemma-2-9B,0.9830508474576272,19.67184066772461,-2.943359375,75.09950018944342
27,gemma,0,Gemma-2-9B,0.9411312158633615,39.50734329223633,-3.619140625,75.26646716156736
27,gemma,1,Gemma-2-9B,0.9543069034087152,24.924264907836914,-3.181640625,76.16951975833082
27,gemma,2,Gemma-2-9B,0.9577871348746061,34.979530334472656,-3.466796875,75.47536327108163
27,gemma,3,Gemma-2-9B,0.9292316237042004,35.67387771606445,-3.482421875,75.88542850544874
27,gemma,4,Gemma-2-9B,0.9633708872821031,22.21774673461914,-3.068359375,75.9708303777172
28,gemma,0,Gemma-2-9B,0.9770491803278688,14.289846420288086,-2.12890625,75.30831047206927
28,gemma,1,Gemma-2-9B,0.9774193548387097,9.648802757263184,-1.69140625,74.45925214762774
28,gemma,2,Gemma-2-9B,0.970873786407767,10.68423843383789,-1.716796875,74.90087920749691
28,gemma,3,Gemma-2-9B,0.9775641025641025,17.669166564941406,-2.2890625,75.59995323943292
28,gemma,4,Gemma-2-9B,0.9744408945686901,11.365316390991211,-1.8544921875,74.9586186746633
29,gemma,0,Gemma-2-9B,0.9653333333333334,29.692567825317383,-2.751953125,76.49735327079051
29,gemma,1,Gemma-2-9B,0.9583202329364483,26.049779891967773,-2.560546875,76.79383246813948
29,gemma,2,Gemma-2-9B,0.9569753041451154,28.29865264892578,-2.650390625,76.84264982696628
29,gemma,3,Gemma-2-9B,0.9495648045576832,24.414024353027344,-2.595703125,76.96669558044125
29,gemma,4,Gemma-2-9B,0.9595546766278474,23.679962158203125,-2.51171875,76.68827188314883
30,gemma,0,Gemma-2-9B,0.991869918699187,25.989059448242188,-3.1953125,74.42212439121714
30,gemma,1,Gemma-2-9B,0.9921259842519685,27.768217086791992,-3.314453125,74.1933987288702
30,gemma,2,Gemma-2-9B,0.9848484848484849,21.513185501098633,-3.083984375,74.88413366536243
30,gemma,3,Gemma-2-9B,0.984375,25.382749557495117,-3.130859375,74.98750347680435
30,gemma,4,Gemma-2-9B,0.992,26.924264907836914,-3.244140625,74.33796421494714
31,gemma,0,Gemma-2-9B,0.9005474880643894,19.22580337524414,-2.91015625,76.30253438230757
31,gemma,1,Gemma-2-9B,0.9336026155140711,17.375656127929688,-2.921875,76.54747054145767
31,gemma,2,Gemma-2-9B,0.9202950365747739,15.91834545135498,-2.72265625,76.63201393448777
31,gemma,3,Gemma-2-9B,0.9235229438810217,19.38611602783203,-2.94140625,76.65766401446213
31,gemma,4,Gemma-2-9B,0.9223950822967667,20.3973445892334,-2.982421875,76.6535719484657
32,gemma,0,Gemma-2-9B,0.9791666666666666,61.893951416015625,-4.1015625,70.11181834991008
32,gemma,1,Gemma-2-9B,0.9727891156462585,36.952919006347656,-3.53125,74.66197778635232
32,gemma,2,Gemma-2-9B,0.9709090909090909,34.33173370361328,-3.515625,74.85802754532534
32,gemma,3,Gemma-2-9B,0.9576547231270358,29.845932006835938,-3.328125,75.86036495347524
32,gemma,4,Gemma-2-9B,0.9699248120300752,41.28482437133789,-3.634765625,74.29470789445253
33,gemma,0,Gemma-2-9B,0.9801980198019802,31.84925651550293,-2.796875,75.77090767626768
33,gemma,1,Gemma-2-9B,0.9747474747474747,29.00128936767578,-2.80859375,76.02734358409832
33,gemma,2,Gemma-2-9B,0.98,37.99567413330078,-2.890625,75.54943496609734
33,gemma,3,Gemma-2-9B,0.9804878048780488,31.322938919067383,-2.708984375,75.83000987187789
33,gemma,4,Gemma-2-9B,0.9802955665024631,30.947078704833984,-2.77734375,75.78501592117411
34,gemma,0,Gemma-2-9B,0.9652996845425867,29.24782371520996,-3.408203125,75.39421641156187
34,gemma,1,Gemma-2-9B,0.9522388059701492,28.44122314453125,-3.298828125,76.06499007714821
34,gemma,2,Gemma-2-9B,0.9393381748903221,27.566709518432617,-3.298828125,76.29252687764156
34,gemma,3,Gemma-2-9B,0.9622449387054266,30.95215606689453,-3.458984375,75.38805132173985
34,gemma,4,Gemma-2-9B,0.9579405234229971,28.25548553466797,-3.34765625,75.78747172044176
35,gemma,0,Gemma-2-9B,0.8756562771489897,25.573354721069336,-3.1953125,75.09693787489002
35,gemma,1,Gemma-2-9B,0.8857267735219666,23.362314224243164,-3.134765625,75.6287087810212
35,gemma,2,Gemma-2-9B,0.8877911818267115,24.15082550048828,-3.146484375,75.72716988820022
35,gemma,3,Gemma-2-9B,0.8832493353905345,18.824975967407227,-2.912109375,75.62177430450899
35,gemma,4,Gemma-2-9B,0.9133787060208465,27.174394607543945,-3.251953125,76.34344294957579
36,gemma,0,Gemma-2-9B,0.9065635134222279,10.616679191589355,-2.34765625,76.09451810399821
36,gemma,1,Gemma-2-9B,0.916242816272984,10.681721687316895,-2.365234375,76.27150287827065
36,gemma,2,Gemma-2-9B,0.9169968198695968,12.19205093383789,-2.494140625,76.40849676358197
36,gemma,3,Gemma-2-9B,0.8671005002753467,9.168387413024902,-2.185546875,74.21638233458562
36,gemma,4,Gemma-2-9B,0.8820529489664978,10.388931274414062,-2.333984375,75.20668457127299
37,gemma,0,Gemma-2-9B,0.9772727272727273,22.818857192993164,-2.29296875,75.903308298688
37,gemma,1,Gemma-2-9B,0.9865470852017937,23.568979263305664,-2.3984375,75.43506060554944
37,gemma,2,Gemma-2-9B,0.9823008849557522,22.29806900024414,-2.193359375,75.57474541867288
37,gemma,3,Gemma-2-9B,0.9864864864864865,21.721439361572266,-2.275390625,75.3359915934778
37,gemma,4,Gemma-2-9B,0.9866666666666667,24.222797393798828,-2.291015625,75.43757108583978
38,gemma,0,Gemma-2-9B,0.9256954710736942,13.956748962402344,-2.140625,76.5461817818605
38,gemma,1,Gemma-2-9B,0.909150040558076,11.2781400680542,-2.013671875,76.04640771202914
38,gemma,2,Gemma-2-9B,0.910570208149705,16.319360733032227,-2.3828125,76.648766783017
38,gemma,3,Gemma-2-9B,0.9172954605637662,13.054100036621094,-2.099609375,76.38961509708793
38,gemma,4,Gemma-2-9B,0.9015177637806366,14.85324478149414,-2.2109375,76.28695865728953
39,gemma,0,Gemma-2-9B,0.9723502304147466,29.233448028564453,-2.4765625,76.32933758162675
39,gemma,1,Gemma-2-9B,0.9690265486725663,28.460657119750977,-2.439453125,76.47131716409665
39,gemma,2,Gemma-2-9B,0.9907407407407407,26.809648513793945,-2.494140625,75.27068318450668
39,gemma,3,Gemma-2-9B,0.9818181818181818,30.651521682739258,-2.49609375,75.85446776908128
39,gemma,4,Gemma-2-9B,0.9770642201834863,30.637332916259766,-2.583984375,76.07995805767244
40,gemma,0,Gemma-2-9B,0.8342858144566502,14.497115135192871,-2.619140625,72.1205512828396
40,gemma,1,Gemma-2-9B,0.8181012288705791,14.067803382873535,-2.58203125,70.48922849242693
40,gemma,2,Gemma-2-9B,0.8308086746069011,13.770926475524902,-2.544921875,71.76422103355064
40,gemma,3,Gemma-2-9B,0.8370153183514213,14.050031661987305,-2.59375,72.34728869507761
40,gemma,4,Gemma-2-9B,0.8256322818982667,14.999564170837402,-2.654296875,71.30459665080922
41,gemma,0,Gemma-2-9B,0.9476805220598666,19.107860565185547,-2.330078125,76.78203567203329
41,gemma,1,Gemma-2-9B,0.9360634648370497,19.968591690063477,-2.5,77.00134973153139
41,gemma,2,Gemma-2-9B,0.9317364218654032,17.4444522857666,-2.306640625,76.86815047759552
41,gemma,3,Gemma-2-9B,0.9313337757133379,19.6214599609375,-2.34375,77.01467125881975
41,gemma,4,Gemma-2-9B,0.9365407901776913,19.98018455505371,-2.572265625,76.9763078245037
42,gemma,0,Gemma-2-9B,0.9903846153846154,32.57651901245117,-3.42578125,74.06270389077162
42,gemma,1,Gemma-2-9B,0.995049504950495,32.8010139465332,-3.40234375,73.8123072713897
42,gemma,2,Gemma-2-9B,0.9903381642512077,32.55946731567383,-3.427734375,74.06082170931116
42,gemma,3,Gemma-2-9B,0.9900497512437811,23.174694061279297,-3.1328125,74.55860429206919
42,gemma,4,Gemma-2-9B,0.9951219512195122,34.4738883972168,-3.490234375,73.55561577618415
43,gemma,0,Gemma-2-9B,0.9599640831505775,27.718509674072266,-2.640625,76.74258051145866
43,gemma,1,Gemma-2-9B,0.9819004524886877,26.437946319580078,-2.693359375,75.70289533277116
43,gemma,2,Gemma-2-9B,0.9547353893537209,27.0458927154541,-2.775390625,76.79266014529584
43,gemma,3,Gemma-2-9B,0.9586774614214302,28.371667861938477,-2.76171875,76.7106974662936
43,gemma,4,Gemma-2-9B,0.9515470852017937,25.26642608642578,-2.703125,76.88670757974553
44,gemma,0,Gemma-2-9B,0.9228259141866053,23.972990036010742,-2.48828125,77.2168435294209
44,gemma,1,Gemma-2-9B,0.9356726786532402,30.838388442993164,-2.6953125,77.24857787859163
44,gemma,2,Gemma-2-9B,0.9318288799667729,30.50057601928711,-2.701171875,77.26728052831794
44,gemma,3,Gemma-2-9B,0.9267943034990098,32.70924758911133,-2.666015625,77.29195456342319
44,gemma,4,Gemma-2-9B,0.9369025682367845,24.738264083862305,-2.390625,77.22262905087156
45,gemma,0,Gemma-2-9B,0.9623982831082892,23.38662338256836,-3.091796875,76.01842421952594
45,gemma,1,Gemma-2-9B,0.965,31.5385684967041,-3.34375,75.57169084955108
45,gemma,2,Gemma-2-9B,0.9738219895287958,29.800859451293945,-3.30078125,75.28543657641909
45,gemma,3,Gemma-2-9B,0.965776232055646,32.775882720947266,-3.37109375,75.46909792974142
45,gemma,4,Gemma-2-9B,0.9777777777777777,28.379758834838867,-3.30859375,75.05586730914322
46,gemma,0,Gemma-2-9B,0.9519556056739272,41.22397232055664,-3.697265625,74.72526987487574
46,gemma,2,Gemma-2-9B,0.922858152269917,33.7241096496582,-3.509765625,75.83800957415066
47,gemma,0,Gemma-2-9B,0.966462281679673,9.348522186279297,-1.6201171875,74.83503480519218
47,gemma,1,Gemma-2-9B,0.9538759689922481,12.279699325561523,-1.9072265625,75.87001080404859
47,gemma,2,Gemma-2-9B,0.9666912035333088,12.1205415725708,-1.9091796875,75.4245945912472
47,gemma,3,Gemma-2-9B,0.9572138387927862,9.473856925964355,-1.564453125,75.09519683883418
47,gemma,4,Gemma-2-9B,0.9631336405529954,11.943673133850098,-1.8447265625,75.47943426714615
48,gemma,0,Gemma-2-9B,0.9258801831176102,23.178258895874023,-3.173828125,76.48271141701973
48,gemma,1,Gemma-2-9B,0.9404593797479668,24.997968673706055,-3.19140625,76.43638785652799
48,gemma,2,Gemma-2-9B,0.9079917708498181,27.914630889892578,-3.25,76.26406934096843
48,gemma,3,Gemma-2-9B,0.9043072169784109,24.16523551940918,-3.23046875,76.1165444060722
48,gemma,4,Gemma-2-9B,0.8949179556265666,20.945348739624023,-3.103515625,75.93288423735422
49,gemma,0,Gemma-2-9B,0.8990485442881816,12.48724365234375,-2.509765625,76.05354828129057
49,gemma,1,Gemma-2-9B,0.9204412688976015,13.42548942565918,-2.599609375,76.5122718423444
49,gemma,2,Gemma-2-9B,0.9098552786889257,9.390267372131348,-2.2734375,76.03297437242324
49,gemma,3,Gemma-2-9B,0.8910280507976432,11.268630981445312,-2.462890625,75.67810443048032
49,gemma,4,Gemma-2-9B,0.9045043327227428,10.608567237854004,-2.369140625,76.04760120020578
50,gemma,0,Gemma-2-9B,0.898171196513738,18.257766723632812,-2.830078125,76.26149601325916
50,gemma,1,Gemma-2-9B,0.8934580499656127,18.253461837768555,-2.935546875,75.97879634270737
50,gemma,2,Gemma-2-9B,0.917516110259392,17.94332504272461,-2.8359375,76.64481842968188
50,gemma,3,Gemma-2-9B,0.8777470884706284,13.796931266784668,-2.615234375,75.24346269527817
50,gemma,4,Gemma-2-9B,0.8790898084965881,17.320154190063477,-2.869140625,75.3717379231859
51,gemma,0,Gemma-2-9B,0.9291764018691588,25.67586326599121,-3.2421875,76.4366156268893
51,gemma,1,Gemma-2-9B,0.957000343997248,19.634492874145508,-2.9765625,76.18982088457327
51,gemma,2,Gemma-2-9B,0.9576682484900777,24.31070899963379,-3.197265625,76.01846755153592
51,gemma,3,Gemma-2-9B,0.9305493398970687,20.582109451293945,-3.02734375,76.60951475565726
51,gemma,4,Gemma-2-9B,0.931611213618237,25.697566986083984,-3.25390625,76.40617416623894
52,gemma,0,Gemma-2-9B,0.9863481228668942,20.88092803955078,-3.021484375,74.86344846654553
52,gemma,1,Gemma-2-9B,0.9829931972789115,22.502897262573242,-3.119140625,74.97710929509238
52,gemma,3,Gemma-2-9B,0.9797979797979798,20.099328994750977,-2.994140625,75.23252757310253
52,gemma,4,Gemma-2-9B,0.9802631578947368,21.050519943237305,-3.033203125,75.2004536291591
53,gemma,0,Gemma-2-9B,0.9593831749965578,25.250486373901367,-2.5859375,76.72582625893426
53,gemma,1,Gemma-2-9B,0.966515735927106,24.641611099243164,-2.642578125,76.4170705486961
53,gemma,2,Gemma-2-9B,0.9556932397081096,20.28544044494629,-2.4453125,76.65642280382286
53,gemma,3,Gemma-2-9B,0.9545177488172293,24.08261489868164,-2.59765625,76.82812091573271
53,gemma,4,Gemma-2-9B,0.9548599199542596,26.54072380065918,-2.755859375,76.79409588166753
54,gemma,0,Gemma-2-9B,0.9561243144424132,69.82633209228516,-3.357421875,72.31722254611847
54,gemma,1,Gemma-2-9B,0.9558823529411765,71.2455825805664,-3.380859375,72.06769866819559
54,gemma,2,Gemma-2-9B,0.952461605672615,62.9986686706543,-3.34765625,73.3999377693522
54,gemma,3,Gemma-2-9B,0.9426340009073823,66.88385772705078,-3.333984375,73.09254473638346
54,gemma,4,Gemma-2-9B,0.9519343090771663,62.61201477050781,-3.3359375,73.49391445655304
55,gemma,1,Gemma-2-9B,0.961337513061651,15.274799346923828,-2.630859375,76.08694967355291
55,gemma,2,Gemma-2-9B,0.9561030759034735,23.76997947692871,-3.076171875,76.26664373317352
55,gemma,3,Gemma-2-9B,0.9399585921325051,17.817914962768555,-2.822265625,76.63146317069555
56,gemma,0,Gemma-2-9B,0.9436943244075248,21.862009048461914,-3.072265625,76.47589216977688
56,gemma,1,Gemma-2-9B,0.937786643415824,23.409116744995117,-3.140625,76.50558257190801
56,gemma,2,Gemma-2-9B,0.9401471567239459,23.462682723999023,-3.17578125,76.41410379518754
56,gemma,3,Gemma-2-9B,0.9281366186140446,25.423954010009766,-3.2109375,76.4940493212216
56,gemma,4,Gemma-2-9B,0.9199222215650322,21.24917984008789,-3.037109375,76.59938231529313
57,gemma,0,Gemma-2-9B,0.9696969696969697,20.55730438232422,-2.154296875,76.09333536865806
57,gemma,1,Gemma-2-9B,0.9564465408805032,21.679929733276367,-2.228515625,76.67274293290336
57,gemma,2,Gemma-2-9B,0.9696969696969697,21.710281372070312,-2.208984375,76.18004740720951
57,gemma,3,Gemma-2-9B,0.9646379261763877,19.30238151550293,-2.130859375,76.21472090989691
57,gemma,4,Gemma-2-9B,0.963116325435166,21.54483413696289,-2.193359375,76.42858274620683
58,gemma,0,Gemma-2-9B,0.9313086500671334,24.368850708007812,-3.08984375,76.67799868379387
58,gemma,2,Gemma-2-9B,0.9606615658087951,16.177518844604492,-2.681640625,76.14757652451686
58,gemma,3,Gemma-2-9B,0.9526655283627395,23.339160919189453,-3.072265625,76.35120126099172
58,gemma,4,Gemma-2-9B,0.9229836679622209,22.05251693725586,-2.953125,76.78278160358386
59,gemma,0,Gemma-2-9B,0.9897959183673469,19.25178337097168,-2.4296875,75.01642064851954
59,gemma,1,Gemma-2-9B,0.9757281553398058,18.09358787536621,-2.443359375,75.73539137460742
59,gemma,2,Gemma-2-9B,0.9852216748768473,17.93802261352539,-2.4375,75.21183554847822
59,gemma,3,Gemma-2-9B,0.9854368932038835,17.439624786376953,-2.37109375,75.16505278941098
59,gemma,4,Gemma-2-9B,0.9813953488372092,16.4991512298584,-2.326171875,75.32363775171183
60,gemma,0,Gemma-2-9B,0.9320922744310619,24.2369441986084,-3.140625,76.58008189609838
60,gemma,1,Gemma-2-9B,0.8989240427668528,29.326705932617188,-3.310546875,75.91709552126606
60,gemma,2,Gemma-2-9B,0.9155889923459379,25.85645866394043,-3.2265625,76.3946511985671
60,gemma,3,Gemma-2-9B,0.9190898505094173,38.8835334777832,-3.5,75.68573974158882
60,gemma,4,Gemma-2-9B,0.9286824825157471,37.36799240112305,-3.5625,75.61234526416328
61,gemma,0,Gemma-2-9B,0.9601899335232669,14.335579872131348,-2.201171875,76.06301595716074
61,gemma,1,Gemma-2-9B,0.973662929206828,16.16562843322754,-2.3359375,75.6973333534738
61,gemma,2,Gemma-2-9B,0.9328905348053282,15.108901977539062,-2.24609375,76.67582968958892
61,gemma,3,Gemma-2-9B,0.9783950617283951,16.082456588745117,-2.345703125,75.45737805999322
61,gemma,4,Gemma-2-9B,0.9432197251442608,20.654296875,-2.537109375,76.9415965839511
62,gemma,0,Gemma-2-9B,0.8659492151874429,19.913589477539062,-2.943359375,74.6896539497634
62,gemma,1,Gemma-2-9B,0.8742352115249609,11.266655921936035,-2.341796875,74.88236695548406
62,gemma,2,Gemma-2-9B,0.9058257683721442,13.603233337402344,-2.52734375,76.32471647367223
62,gemma,3,Gemma-2-9B,0.85318695340948,14.928969383239746,-2.626953125,73.74932892710558
62,gemma,4,Gemma-2-9B,0.8437561560984975,15.904491424560547,-2.650390625,73.05254972618312
63,gemma,0,Gemma-2-9B,0.9704291381175622,22.789026260375977,-3.1328125,75.59860539771735
63,gemma,3,Gemma-2-9B,0.9743229243747226,23.302698135375977,-3.06640625,75.55606552303769
64,gemma,0,Gemma-2-9B,0.9053078718366362,30.411176681518555,-3.380859375,75.93294738737484
64,gemma,1,Gemma-2-9B,0.9159367400995831,23.074188232421875,-3.12890625,76.48824223196554
64,gemma,2,Gemma-2-9B,0.9059969799532465,26.833009719848633,-3.3203125,76.0427420338288
64,gemma,3,Gemma-2-9B,0.9583055176617421,28.044504165649414,-3.341796875,75.78622825542925
64,gemma,4,Gemma-2-9B,0.932617567042363,31.60713768005371,-3.462890625,75.98430897393395
65,gemma,0,Gemma-2-9B,0.9790575916230366,34.197994232177734,-3.486328125,74.54332964371211
65,gemma,1,Gemma-2-9B,0.9890710382513661,30.080303192138672,-3.37890625,74.26508730165814
65,gemma,3,Gemma-2-9B,0.9846938775510204,23.632383346557617,-3.162109375,74.84882511473461
65,gemma,4,Gemma-2-9B,0.971108296984194,26.413103103637695,-3.279296875,75.40194146474668
66,gemma,0,Gemma-2-9B,0.9659090909090909,19.466033935546875,-2.345703125,76.25498309477332
66,gemma,1,Gemma-2-9B,0.966789667896679,22.18638801574707,-2.306640625,76.35746040481352
66,gemma,2,Gemma-2-9B,0.9602888086642599,21.238759994506836,-2.20703125,76.51905486885437
66,gemma,3,Gemma-2-9B,0.9589552238805971,24.32770347595215,-2.396484375,76.74454911835666
66,gemma,4,Gemma-2-9B,0.9593831749965578,22.387636184692383,-2.310546875,76.6395871229685
67,gemma,0,Gemma-2-9B,0.9699248120300752,25.088804244995117,-2.70703125,76.24814085595605
67,gemma,1,Gemma-2-9B,0.9335536279774197,27.282546997070312,-2.55078125,77.29643385947047
67,gemma,2,Gemma-2-9B,0.9302622574858052,23.638980865478516,-2.69140625,77.1275854246354
67,gemma,3,Gemma-2-9B,0.9662921348314607,25.67047119140625,-2.693359375,76.42773561492571
67,gemma,4,Gemma-2-9B,0.9507299799727166,23.868968963623047,-2.736328125,76.83240449436157
68,gemma,0,Gemma-2-9B,0.9135597405220983,19.24111557006836,-2.904296875,76.59730118824986
68,gemma,1,Gemma-2-9B,0.9387535649165459,20.70479965209961,-2.986328125,76.61902328829723
68,gemma,2,Gemma-2-9B,0.9212510655039013,19.625205993652344,-2.9296875,76.6738180264274
68,gemma,3,Gemma-2-9B,0.9046950918100383,17.56251335144043,-2.826171875,76.40175158816034
68,gemma,4,Gemma-2-9B,0.9355714982238629,19.05142593383789,-2.89453125,76.67584803087364
69,gemma,0,Gemma-2-9B,0.9854368932038835,18.35519790649414,-2.900390625,74.93536054383435
69,gemma,1,Gemma-2-9B,0.981042654028436,17.604650497436523,-2.79296875,75.25128799665127
69,gemma,2,Gemma-2-9B,0.9873949579831933,16.6434383392334,-2.7890625,74.8214492504233
69,gemma,4,Gemma-2-9B,0.9913419913419913,17.370630264282227,-2.845703125,74.56783997759182
70,gemma,0,Gemma-2-9B,0.9601789709172259,18.685523986816406,-2.966796875,76.04379654379268
70,gemma,1,Gemma-2-9B,0.966578995102485,17.7132568359375,-2.931640625,75.79108334981571
70,gemma,3,Gemma-2-9B,0.9674492604059167,17.115009307861328,-2.865234375,75.7952779077596
70,gemma,4,Gemma-2-9B,0.9658951346244685,17.68395233154297,-2.9140625,75.83879343044588
71,gemma,0,Gemma-2-9B,0.9545454545454546,20.966251373291016,-2.072265625,76.6050523124033
71,gemma,1,Gemma-2-9B,0.9579439252336449,27.799861907958984,-2.34375,76.86779306092839
71,gemma,2,Gemma-2-9B,0.963963963963964,24.153553009033203,-2.181640625,76.5056749364161
71,gemma,3,Gemma-2-9B,0.9539170506912442,26.025127410888672,-2.2578125,76.92428720691738
71,gemma,4,Gemma-2-9B,0.9634703196347032,26.651927947998047,-2.291015625,76.64290973294331
72,gemma,0,Gemma-2-9B,0.846431648609507,14.69719123840332,-2.623046875,73.1987401791655
72,gemma,1,Gemma-2-9B,0.8240811825202544,12.966830253601074,-2.42578125,71.05452757703043
72,gemma,2,Gemma-2-9B,0.7842930136309924,13.339536666870117,-2.5546875,66.42854385897628
72,gemma,3,Gemma-2-9B,0.8295911001311124,11.48370361328125,-2.43359375,71.47278523291084
72,gemma,4,Gemma-2-9B,0.829552234263973,13.690613746643066,-2.58203125,71.62301150564623
73,gemma,0,Gemma-2-9B,0.9223545195371458,26.308151245117188,-2.3671875,77.29486393053104
73,gemma,1,Gemma-2-9B,0.9268552685526855,27.48993492126465,-2.423828125,77.33986146188785
73,gemma,2,Gemma-2-9B,0.9226405148976309,27.255535125732422,-2.3671875,77.319056408414
73,gemma,3,Gemma-2-9B,0.9335016367974255,27.39496612548828,-2.400390625,77.32225447723376
73,gemma,4,Gemma-2-9B,0.9310847303548034,25.84416389465332,-2.365234375,77.29304852451484
74,gemma,0,Gemma-2-9B,0.9070535178537731,17.862056732177734,-2.544921875,76.66412018409292
74,gemma,1,Gemma-2-9B,0.9010016951764526,20.687376022338867,-2.71484375,76.5921709668241
74,gemma,2,Gemma-2-9B,0.9171201701875031,19.835529327392578,-2.681640625,76.88868686292344
74,gemma,3,Gemma-2-9B,0.8906717547307885,19.806291580200195,-2.572265625,76.2742573792003
74,gemma,4,Gemma-2-9B,0.8973119044232684,20.900617599487305,-2.681640625,76.51493715298636
75,gemma,0,Gemma-2-9B,0.903547380443769,23.84685516357422,-3.076171875,76.37356970537978
75,gemma,1,Gemma-2-9B,0.9503526645768025,21.312423706054688,-2.95703125,76.48876619636637
75,gemma,2,Gemma-2-9B,0.9265225377985022,18.67217254638672,-2.82421875,76.76009495159032
75,gemma,3,Gemma-2-9B,0.9168748313571833,19.413434982299805,-2.884765625,76.6756094730767
75,gemma,4,Gemma-2-9B,0.916974108357485,19.6545467376709,-2.884765625,76.6910201986944
76,gemma,0,Gemma-2-9B,0.925189561396458,24.143617630004883,-1.9296875,76.99922665140073
76,gemma,1,Gemma-2-9B,0.9378494844482258,23.249616622924805,-1.818359375,76.79953900423621
76,gemma,2,Gemma-2-9B,0.9356273451938694,25.097000122070312,-1.8173828125,76.88796057587003
76,gemma,3,Gemma-2-9B,0.9346933632491139,21.570337295532227,-1.7998046875,76.72902907843714
76,gemma,4,Gemma-2-9B,0.9319427698738044,21.47975730895996,-1.7734375,76.70915796784656
77,gemma,0,Gemma-2-9B,0.9800995024875622,29.790067672729492,-3.322265625,74.91856960754018
77,gemma,1,Gemma-2-9B,0.98,33.08436965942383,-3.427734375,74.66252051337091
77,gemma,2,Gemma-2-9B,0.975,24.214702606201172,-3.083984375,75.5298700362213
77,gemma,3,Gemma-2-9B,0.9801980198019802,30.5484561920166,-3.3359375,74.885728268094
77,gemma,4,Gemma-2-9B,0.9805825242718447,28.17298698425293,-3.24609375,75.04084410760224
78,gemma,0,Gemma-2-9B,0.9358505045853958,36.86843490600586,-3.537109375,75.6683597098908
78,gemma,1,Gemma-2-9B,0.9666412287395946,41.11049270629883,-3.69921875,74.2435638045929
78,gemma,2,Gemma-2-9B,0.9523353293413174,37.0343017578125,-3.609375,75.17370571725405
78,gemma,3,Gemma-2-9B,0.9711089920362876,49.045997619628906,-3.84765625,72.95581075450168
78,gemma,4,Gemma-2-9B,0.9460619136505781,43.64011001586914,-3.771484375,74.46401856868387
79,gemma,0,Gemma-2-9B,0.9304476186341336,29.61023712158203,-2.6484375,77.30025771832155
79,gemma,1,Gemma-2-9B,0.9456366237482118,26.30232048034668,-2.6796875,77.06122082347459
79,gemma,2,Gemma-2-9B,0.9273867466783561,23.795835494995117,-2.654296875,77.16000609265411
79,gemma,3,Gemma-2-9B,0.9345592601255914,21.136043548583984,-2.33984375,77.08082021248228
79,gemma,4,Gemma-2-9B,0.9284545491316514,20.187562942504883,-2.376953125,77.05689025327655
80,gemma,0,Gemma-2-9B,0.9440993788819876,15.62758731842041,-2.671875,76.53839629081388
80,gemma,1,Gemma-2-9B,0.9296547054840893,16.09711456298828,-2.666015625,76.71327357400048
80,gemma,2,Gemma-2-9B,0.958291675722669,15.781402587890625,-2.64453125,76.21924976540316
80,gemma,3,Gemma-2-9B,0.9854368932038835,16.049110412597656,-2.69921875,74.96885898543562
80,gemma,4,Gemma-2-9B,0.9481678374786406,16.22486686706543,-2.712890625,76.47649112072463
81,gemma,0,Gemma-2-9B,0.9530386740331491,44.43098831176758,-3.19921875,75.7772345504515
81,gemma,1,Gemma-2-9B,0.9568965517241379,48.89687728881836,-3.154296875,75.37645075754833
81,gemma,2,Gemma-2-9B,0.9576271186440678,52.34129333496094,-3.3515625,74.58264179811424
81,gemma,3,Gemma-2-9B,0.9560117302052786,50.3752326965332,-3.166015625,75.23541669035896
81,gemma,4,Gemma-2-9B,0.9578651685393258,48.42696762084961,-3.26171875,75.1749618766668
82,gemma,0,Gemma-2-9B,0.8453186288307174,18.689115524291992,-2.212890625,73.39999197421075
82,gemma,1,Gemma-2-9B,0.8415913763288951,16.404977798461914,-2.115234375,72.878164881815
82,gemma,2,Gemma-2-9B,0.8398498172400427,18.23162841796875,-2.193359375,72.89353921191646
82,gemma,3,Gemma-2-9B,0.8394005359918417,19.749183654785156,-2.181640625,72.94151900532104
82,gemma,4,Gemma-2-9B,0.8452866248392626,16.771198272705078,-2.158203125,73.2429772242061
83,gemma,0,Gemma-2-9B,0.9476744186046512,16.249557495117188,-2.7421875,76.46609215123375
83,gemma,1,Gemma-2-9B,0.9502762430939227,18.96980857849121,-2.916015625,76.41207220581508
83,gemma,4,Gemma-2-9B,0.9591836734693877,12.98794174194336,-2.533203125,76.01629237186616
84,gemma,3,Gemma-2-9B,0.9503803596127248,25.140148162841797,-3.201171875,76.23892214352469
84,gemma,4,Gemma-2-9B,0.9817351598173516,25.689138412475586,-3.255859375,74.89989686894899
85,gemma,0,Gemma-2-9B,0.9832214765100671,42.95947265625,-2.91015625,75.08651346738155
85,gemma,1,Gemma-2-9B,0.9798657718120806,41.90773010253906,-2.998046875,75.21922287124737
85,gemma,2,Gemma-2-9B,0.976027397260274,44.465354919433594,-3.064453125,75.14228520083684
85,gemma,3,Gemma-2-9B,0.9828178694158075,39.97272491455078,-2.9609375,75.21647172053964
85,gemma,4,Gemma-2-9B,0.9724137931034482,39.86572265625,-2.951171875,75.76881728973073
86,gemma,0,Gemma-2-9B,0.9746478873239437,29.469768524169922,-2.607421875,76.18236783973269
86,gemma,1,Gemma-2-9B,0.9888579387186629,30.70048713684082,-2.65234375,75.37932121603335
86,gemma,2,Gemma-2-9B,0.9830028328611898,29.01791763305664,-2.55859375,75.75904425608974
86,gemma,3,Gemma-2-9B,0.985632183908046,32.09504318237305,-2.794921875,75.46451315863447
86,gemma,4,Gemma-2-9B,0.974269670322432,25.368738174438477,-2.474609375,76.15824839679664
87,gemma,0,Gemma-2-9B,0.8906240078653873,16.233592987060547,-2.673828125,75.98679463798524
87,gemma,1,Gemma-2-9B,0.9077440261667525,16.422258377075195,-2.662109375,76.52555976795736
87,gemma,2,Gemma-2-9B,0.9108152488844032,15.060698509216309,-2.599609375,76.51766936645758
87,gemma,3,Gemma-2-9B,0.888594157923255,17.5181941986084,-2.77734375,75.91608287449442
87,gemma,4,Gemma-2-9B,0.9011232214517404,19.572776794433594,-2.87890625,76.37716087088504
88,gemma,0,Gemma-2-9B,0.8810569040524928,24.85193634033203,-3.171875,75.39813453072665
88,gemma,1,Gemma-2-9B,0.9149314068853582,20.944364547729492,-3.00390625,76.57876306028874
88,gemma,2,Gemma-2-9B,0.8738754203619543,24.8898868560791,-3.205078125,74.9574259425276
88,gemma,3,Gemma-2-9B,0.8653130016051364,27.494693756103516,-3.318359375,74.26828527705202
88,gemma,4,Gemma-2-9B,0.8670802162693536,22.156204223632812,-3.068359375,74.69266788464037
89,gemma,0,Gemma-2-9B,0.9696969696969697,42.09074401855469,-3.796875,73.74071266160415
89,gemma,1,Gemma-2-9B,0.9690265486725663,40.404205322265625,-3.69140625,74.20735935963555
89,gemma,2,Gemma-2-9B,0.9698275862068966,36.43278121948242,-3.640625,74.49320721538209
89,gemma,3,Gemma-2-9B,0.9899497487437185,42.8361930847168,-3.798828125,72.60451589828402
89,gemma,4,Gemma-2-9B,0.9835390946502057,48.972137451171875,-3.8671875,72.26139123014953
90,gemma,0,Gemma-2-9B,0.7220890937019969,10.144288063049316,-2.2890625,57.114881815507715
90,gemma,1,Gemma-2-9B,0.761282550273376,10.859732627868652,-2.396484375,63.095184067256895
90,gemma,2,Gemma-2-9B,0.6785173027563168,8.32443904876709,-2.060546875,49.83854017555865
90,gemma,3,Gemma-2-9B,0.738561004280613,9.572606086730957,-2.15234375,59.551632840679524
90,gemma,4,Gemma-2-9B,0.7659551803045845,6.453176021575928,-1.8154296875,62.97313383372766
91,gemma,0,Gemma-2-9B,0.9713375796178344,33.89862823486328,-2.490234375,76.36157964974687
91,gemma,1,Gemma-2-9B,0.9593560852506852,33.5849609375,-2.466796875,76.83727720270775
91,gemma,2,Gemma-2-9B,0.9721362229102167,32.324485778808594,-2.423828125,76.35017107795368
91,gemma,3,Gemma-2-9B,0.9647435897435898,35.83656311035156,-2.544921875,76.58198036272148
91,gemma,4,Gemma-2-9B,0.9627329192546584,37.16543197631836,-2.5078125,76.62682667822806
92,gemma,1,Gemma-2-9B,0.8894569675642945,15.379596710205078,-2.8125,75.76462803709171
92,gemma,2,Gemma-2-9B,0.9231703367875648,11.58618450164795,-2.435546875,76.41423989016415
92,gemma,4,Gemma-2-9B,0.8938820747746417,11.943644523620605,-2.56640625,75.81850310088763
93,gemma,0,Gemma-2-9B,0.9671361502347418,22.425960540771484,-2.73828125,76.23752372163305
93,gemma,1,Gemma-2-9B,0.9563318777292577,22.27960777282715,-2.45703125,76.73864914002799
93,gemma,2,Gemma-2-9B,0.96,19.53436279296875,-2.365234375,76.47754235047387
93,gemma,3,Gemma-2-9B,0.9590909090909091,22.934083938598633,-2.556640625,76.65935750153362
93,gemma,4,Gemma-2-9B,0.9644444444444444,22.96845817565918,-2.640625,76.4338103855517
94,gemma,1,Gemma-2-9B,0.9552575932333718,26.228151321411133,-3.16015625,76.2231350383073
94,gemma,2,Gemma-2-9B,0.971505376344086,26.384017944335938,-3.177734375,75.59261459644488
94,gemma,3,Gemma-2-9B,0.9560144877063453,25.474435806274414,-3.126953125,76.24075143029991
94,gemma,4,Gemma-2-9B,0.9650111193476649,24.869789123535156,-3.1328125,75.90411882078476
95,gemma,0,Gemma-2-9B,0.9386777719937532,20.84381103515625,-3.01171875,76.58999937611611
95,gemma,1,Gemma-2-9B,0.9002821985968974,20.955673217773438,-2.869140625,76.44151130932353
95,gemma,2,Gemma-2-9B,0.8927324607289042,18.933443069458008,-2.98046875,75.93393106037955
95,gemma,3,Gemma-2-9B,0.9072188484544086,15.946672439575195,-2.685546875,76.46470304067894
95,gemma,4,Gemma-2-9B,0.877962199280725,16.462738037109375,-2.763671875,75.358873797212
96,gemma,0,Gemma-2-9B,0.9468487740661511,14.132176399230957,-2.013671875,76.28608545500241
96,gemma,1,Gemma-2-9B,0.946957527468997,13.973453521728516,-1.98046875,76.2432664864863
96,gemma,2,Gemma-2-9B,0.953074711937695,15.863058090209961,-1.947265625,76.21777516576557
96,gemma,3,Gemma-2-9B,0.9319718107291817,13.977705955505371,-2.00390625,76.44587341649544
96,gemma,4,Gemma-2-9B,0.9367957106506725,11.841751098632812,-1.9189453125,76.15650227540156
97,gemma,0,Gemma-2-9B,0.9058852786248222,23.901657104492188,-3.201171875,76.20398401092018
97,gemma,1,Gemma-2-9B,0.8783043627236262,21.36510467529297,-3.037109375,75.3465881953474
97,gemma,2,Gemma-2-9B,0.9297184421696469,21.42253875732422,-3.103515625,76.53047978744398
97,gemma,3,Gemma-2-9B,0.9244944109530766,23.405372619628906,-3.181640625,76.47306458987788
97,gemma,4,Gemma-2-9B,0.9235929538300846,20.747398376464844,-3.119140625,76.45950627649974
98,gemma,0,Gemma-2-9B,0.9827586206896551,32.678619384765625,-2.76171875,75.65622566316547
98,gemma,1,Gemma-2-9B,0.974025974025974,40.02381134033203,-2.857421875,75.80006229977856
98,gemma,2,Gemma-2-9B,0.9913419913419913,38.211181640625,-2.845703125,74.92064178609222
98,gemma,3,Gemma-2-9B,0.9746835443037974,36.765419006347656,-2.732421875,76.02025789022927
98,gemma,4,Gemma-2-9B,0.9914529914529915,33.27781295776367,-2.736328125,75.14442835825264
99,gemma,4,Gemma-2-9B,0.9685087569751013,25.17152214050293,-3.203125,75.63851967940656
100,gemma,0,Gemma-2-9B,0.8517127430035536,14.533685684204102,-2.060546875,73.53012207464192
100,gemma,1,Gemma-2-9B,0.8386753503732928,14.164984703063965,-2.015625,72.3801916171485
100,gemma,2,Gemma-2-9B,0.8920665310518129,15.396124839782715,-2.08203125,75.94695224040977
100,gemma,3,Gemma-2-9B,0.8545598920608203,14.024415969848633,-2.14453125,73.76028659909633
100,gemma,4,Gemma-2-9B,0.8515311847652994,15.232682228088379,-2.044921875,73.55875446773814
101,gemma,0,Gemma-2-9B,0.9870689655172413,26.90938949584961,-3.255859375,74.62293710574524
101,gemma,1,Gemma-2-9B,0.9864864864864865,31.93327522277832,-3.482421875,74.15981293756134
101,gemma,2,Gemma-2-9B,0.9733333333333334,29.317331314086914,-3.37890625,75.12161682801302
101,gemma,3,Gemma-2-9B,0.9907834101382489,24.435739517211914,-3.166015625,74.49943326758974
101,gemma,4,Gemma-2-9B,0.9608695652173913,26.766468048095703,-3.25390625,75.87153118236773
102,gemma,0,Gemma-2-9B,0.9193720321474542,17.073345184326172,-2.353515625,76.81998909067646
102,gemma,1,Gemma-2-9B,0.919653647640011,22.20124626159668,-2.802734375,76.94045346618171
102,gemma,2,Gemma-2-9B,0.9204868148900764,16.928152084350586,-2.318359375,76.81350341887803
102,gemma,3,Gemma-2-9B,0.9199333030486254,20.60209083557129,-2.583984375,77.01174046443171
102,gemma,4,Gemma-2-9B,0.9223231553006442,19.665246963500977,-2.453125,77.00946530709227
103,gemma,0,Gemma-2-9B,0.8466608489458277,13.283591270446777,-2.09375,73.04926436158937
103,gemma,1,Gemma-2-9B,0.8574975511969831,14.273951530456543,-2.05078125,73.93438168964593
103,gemma,2,Gemma-2-9B,0.8606346150986911,8.635329246520996,-1.580078125,73.12970079215786
103,gemma,3,Gemma-2-9B,0.8447465896852702,13.642077445983887,-2.06640625,72.90135266258572
103,gemma,4,Gemma-2-9B,0.8479437169058485,13.33115005493164,-2.041015625,73.12012571903617
104,gemma,0,Gemma-2-9B,0.9354348251516655,32.92652130126953,-2.599609375,77.29618424178994
104,gemma,1,Gemma-2-9B,0.9432627316382904,31.8573055267334,-2.609375,77.20489633553491
104,gemma,2,Gemma-2-9B,0.9437188389950143,33.52654266357422,-2.70703125,77.12446826939032
104,gemma,3,Gemma-2-9B,0.9446094053633889,29.14345359802246,-2.541015625,77.1994152758655
104,gemma,4,Gemma-2-9B,0.9228202907993552,32.89137649536133,-2.615234375,77.305188825905
105,gemma,0,Gemma-2-9B,0.857791528012226,24.367416381835938,-3.169921875,73.97950184786755
105,gemma,1,Gemma-2-9B,0.8715645356270618,28.12413787841797,-3.271484375,74.76825768451029
105,gemma,2,Gemma-2-9B,0.88762611004097,29.49288558959961,-3.27734375,75.58149883412679
105,gemma,3,Gemma-2-9B,0.9034512398290556,23.601661682128906,-3.158203125,76.21567573366924
105,gemma,4,Gemma-2-9B,0.8978250901965752,28.773502349853516,-3.310546875,75.87651744652675
106,gemma,0,Gemma-2-9B,0.9325578096183855,23.963459014892578,-3.21875,76.41630462727258
106,gemma,1,Gemma-2-9B,0.9222229138353754,19.318374633789062,-2.970703125,76.60684593395926
106,gemma,2,Gemma-2-9B,0.9163293912988696,21.95331573486328,-3.095703125,76.50078209187528
106,gemma,3,Gemma-2-9B,0.9163293912988696,22.82240104675293,-3.1328125,76.47514913711464
106,gemma,4,Gemma-2-9B,0.9134891177079213,20.677942276000977,-2.958984375,76.60762390626162
107,gemma,0,Gemma-2-9B,0.9546997702410754,15.802864074707031,-2.64453125,76.3284111416803
107,gemma,1,Gemma-2-9B,0.9582996378467705,26.987394332885742,-3.142578125,76.18269220376452
107,gemma,2,Gemma-2-9B,0.9509958388882156,21.354726791381836,-2.94921875,76.48610020087742
107,gemma,3,Gemma-2-9B,0.9633824021411844,18.68499755859375,-2.853515625,76.07087461524581
107,gemma,4,Gemma-2-9B,0.9615028858961078,20.19336700439453,-2.896484375,76.17906964369035
108,gemma,0,Gemma-2-9B,0.995,31.814346313476562,-3.419921875,73.778066792264
108,gemma,2,Gemma-2-9B,0.9838709677419355,30.176082611083984,-3.35546875,74.6337593943989
108,gemma,3,Gemma-2-9B,0.994535519125683,32.58108901977539,-3.47265625,73.66812906485325
108,gemma,4,Gemma-2-9B,0.9794871794871794,28.69278907775879,-3.3203125,74.94425854713064
109,gemma,0,Gemma-2-9B,0.9453136933330119,24.690675735473633,-3.193359375,76.34556138438013
109,gemma,1,Gemma-2-9B,0.9472371253339681,23.382112503051758,-3.169921875,76.30423301715494
109,gemma,2,Gemma-2-9B,0.9712230215827338,26.004703521728516,-3.244140625,75.46123630921784
109,gemma,3,Gemma-2-9B,0.9446194280145355,20.711158752441406,-3.0546875,76.42990148112875
109,gemma,4,Gemma-2-9B,0.9515340689121178,18.232833862304688,-2.935546875,76.31016491474399
110,gemma,0,Gemma-2-9B,0.978494623655914,26.562850952148438,-3.318359375,74.95995861507352
110,gemma,1,Gemma-2-9B,0.9728260869565217,28.585289001464844,-3.33984375,75.22972798977567
110,gemma,2,Gemma-2-9B,0.989010989010989,29.941486358642578,-3.4453125,74.101037686153
110,gemma,3,Gemma-2-9B,0.9695431472081218,31.43303108215332,-3.427734375,75.18000130301445
110,gemma,4,Gemma-2-9B,0.9696969696969697,24.643850326538086,-3.232421875,75.51034745778749
111,gemma,0,Gemma-2-9B,0.9406860609950864,32.482391357421875,-2.669921875,77.20610646996634
111,gemma,1,Gemma-2-9B,0.9468494270078297,32.23479080200195,-2.654296875,77.11437931988605
111,gemma,2,Gemma-2-9B,0.9498528174936922,33.59751892089844,-2.716796875,76.99455644878076
111,gemma,3,Gemma-2-9B,0.9477286882446305,33.67106246948242,-2.779296875,76.98872487913917
111,gemma,4,Gemma-2-9B,0.9418173388966157,34.29844284057617,-2.72265625,77.13054517506923
112,gemma,0,Gemma-2-9B,0.9907407407407407,19.142562866210938,-2.90234375,74.65597586842614
112,gemma,1,Gemma-2-9B,0.9805825242718447,23.343000411987305,-3.072265625,75.22787640125297
112,gemma,2,Gemma-2-9B,0.9911504424778761,21.672569274902344,-3.009765625,74.62336832303795
112,gemma,3,Gemma-2-9B,0.9912280701754386,22.33389663696289,-3.046875,74.59263242017266
112,gemma,4,Gemma-2-9B,0.9735303413400759,20.620622634887695,-2.93359375,75.66064289531823
113,gemma,0,Gemma-2-9B,0.9937888198757764,23.24365234375,-3.123046875,74.33550391685358
113,gemma,1,Gemma-2-9B,0.975,18.92052459716797,-2.869140625,75.56982517848184
113,gemma,2,Gemma-2-9B,0.9933774834437086,21.623682022094727,-3.080078125,74.36334354031152
113,gemma,3,Gemma-2-9B,0.9629629629629629,20.164779663085938,-2.921875,76.09371705036554
113,gemma,4,Gemma-2-9B,0.9875776397515528,20.03485870361328,-2.91796875,74.8869403518882
114,gemma,0,Gemma-2-9B,1.0,53.5706901550293,-3.076171875,72.78621990751267
114,gemma,1,Gemma-2-9B,1.0,54.79864501953125,-2.974609375,72.7999986496795
114,gemma,2,Gemma-2-9B,1.0,53.207218170166016,-2.9296875,73.04427455802376
114,gemma,3,Gemma-2-9B,0.9883720930232558,53.7060546875,-3.005859375,73.66409440819594
114,gemma,4,Gemma-2-9B,1.0,58.15685272216797,-3.04296875,72.2837449941509
115,gemma,0,Gemma-2-9B,0.9583333333333334,26.150819778442383,-2.416015625,76.82276009945113
115,gemma,1,Gemma-2-9B,0.9444444444444444,23.95993995666504,-2.267578125,77.07081096886097
115,gemma,2,Gemma-2-9B,0.9625,27.174604415893555,-2.38671875,76.70564718381398
115,gemma,3,Gemma-2-9B,0.9469387755102041,25.760608673095703,-2.455078125,77.10506555891814
115,gemma,4,Gemma-2-9B,0.9469387755102041,23.117704391479492,-2.23046875,76.97700761145947
116,gemma,0,Gemma-2-9B,0.9829059829059829,33.201412200927734,-2.46484375,75.78729777526253
116,gemma,1,Gemma-2-9B,0.9760956175298805,30.453744888305664,-2.349609375,76.15964947419407
116,gemma,2,Gemma-2-9B,0.9868421052631579,36.1201057434082,-2.6171875,75.45187112528018
116,gemma,3,Gemma-2-9B,0.9781659388646288,40.92150115966797,-2.7890625,75.61596049619625
116,gemma,4,Gemma-2-9B,0.9789029535864979,32.129390716552734,-2.48828125,76.01128242097786
117,gemma,0,Gemma-2-9B,0.9420502092050208,33.8815803527832,-2.541015625,77.23065006023602
117,gemma,1,Gemma-2-9B,0.9505186721991702,30.140987396240234,-2.6015625,77.06240557906922
117,gemma,2,Gemma-2-9B,0.9696969696969697,37.90001678466797,-2.841796875,76.10843178299929
117,gemma,3,Gemma-2-9B,0.9286693112152903,30.735427856445312,-2.5390625,77.35717364532391
117,gemma,4,Gemma-2-9B,0.9302321593909674,33.931434631347656,-2.55078125,77.32924319373979
118,gemma,0,Gemma-2-9B,0.9351468203927219,22.847286224365234,-2.908203125,76.86258722806069
118,gemma,1,Gemma-2-9B,0.9393854748603352,16.647497177124023,-2.703125,76.66060693516435
118,gemma,4,Gemma-2-9B,0.9482984293193718,19.80327796936035,-2.845703125,76.58815440595593
119,gemma,0,Gemma-2-9B,0.9354527069976625,21.727365493774414,-3.07421875,76.56735792906699
119,gemma,1,Gemma-2-9B,0.9208756863700879,25.21164321899414,-3.208984375,76.46503553338596
119,gemma,2,Gemma-2-9B,0.9292806554645189,23.92997932434082,-3.1796875,76.50299359919636
119,gemma,3,Gemma-2-9B,0.9377540536918747,24.039228439331055,-3.189453125,76.43807842338381
119,gemma,4,Gemma-2-9B,0.9342046497515833,24.09859848022461,-3.1484375,76.54883293724417
120,gemma,0,Gemma-2-9B,0.967032967032967,15.008583068847656,-2.744140625,75.77518777975837
120,gemma,1,Gemma-2-9B,0.9782608695652174,13.173315048217773,-2.65234375,75.17111845788604
120,gemma,2,Gemma-2-9B,0.972161195154102,14.581161499023438,-2.740234375,75.52291922143638
120,gemma,3,Gemma-2-9B,0.9498190820796039,12.467374801635742,-2.61328125,76.2022183700461
120,gemma,4,Gemma-2-9B,0.9601642036124794,13.897461891174316,-2.681640625,75.9888647658925
121,gemma,0,Gemma-2-9B,0.9074990894285161,18.115575790405273,-2.15625,76.64165074413305
121,gemma,1,Gemma-2-9B,0.8982904723504422,22.0570068359375,-2.36328125,76.689471446556
121,gemma,2,Gemma-2-9B,0.9171071568201432,22.80359649658203,-2.376953125,77.12651734036162
121,gemma,3,Gemma-2-9B,0.8919953838517929,20.464439392089844,-2.236328125,76.35991995308783
121,gemma,4,Gemma-2-9B,0.8996780684663572,20.392072677612305,-2.25,76.62011707533902
122,gemma,0,Gemma-2-9B,0.9360254711210788,12.217604637145996,-2.548828125,76.42488508875827
122,gemma,1,Gemma-2-9B,0.9389561975768872,11.894732475280762,-2.51953125,76.3757848637631
122,gemma,2,Gemma-2-9B,0.9503223617237869,12.167344093322754,-2.52734375,76.19730739860483
122,gemma,3,Gemma-2-9B,0.9515626107292183,12.520689010620117,-2.587890625,76.1765764251639
122,gemma,4,Gemma-2-9B,0.9364311120938397,14.93372917175293,-2.736328125,76.53951338047344
123,gemma,0,Gemma-2-9B,0.970954356846473,24.74956703186035,-3.197265625,75.52986584373268
123,gemma,1,Gemma-2-9B,0.9793388429752066,28.648822784423828,-3.388671875,74.78921393602914
123,gemma,2,Gemma-2-9B,0.9745762711864406,25.181461334228516,-3.216796875,75.33664887399537
123,gemma,3,Gemma-2-9B,0.9748953974895398,24.723051071166992,-3.275390625,75.18253942525064
123,gemma,4,Gemma-2-9B,0.9666326781758728,24.635501861572266,-3.24609375,75.60980623063028
124,gemma,0,Gemma-2-9B,0.9143264378442929,25.208372116088867,-3.232421875,76.34557944516234
124,gemma,1,Gemma-2-9B,0.8958977643233963,22.98130226135254,-3.1328125,76.01207017964073
124,gemma,2,Gemma-2-9B,0.9073319755600814,22.463022232055664,-3.109375,76.34790418704522
124,gemma,3,Gemma-2-9B,0.8950002320436862,23.735746383666992,-3.1640625,75.954576282222
124,gemma,4,Gemma-2-9B,0.9265130260521043,23.24419593811035,-3.138671875,76.55262921566997
125,gemma,0,Gemma-2-9B,0.9171303973094254,35.55229187011719,-3.517578125,75.73215462110714
125,gemma,1,Gemma-2-9B,0.8877570482599293,40.8685188293457,-3.623046875,74.42778126619162
125,gemma,2,Gemma-2-9B,0.9210176562249135,45.85902404785156,-3.759765625,74.4837033869615
125,gemma,3,Gemma-2-9B,0.9087452055716304,28.611783981323242,-3.30078125,76.18003020167954
125,gemma,4,Gemma-2-9B,0.9290978325450042,28.789709091186523,-3.3046875,76.36737973750296
126,gemma,0,Gemma-2-9B,0.9753214127382888,33.67622375488281,-3.423828125,74.90522675881385
126,gemma,1,Gemma-2-9B,0.9849246231155779,33.29290771484375,-3.396484375,74.46254256368508
126,gemma,2,Gemma-2-9B,0.9753214127382888,28.465801239013672,-3.279296875,75.2458079037264
126,gemma,3,Gemma-2-9B,0.9748243859918987,35.86691665649414,-3.47265625,74.75737710865063
126,gemma,4,Gemma-2-9B,0.9805825242718447,33.84559631347656,-3.41796875,74.64585681585585
127,gemma,0,Gemma-2-9B,0.9343565781431754,17.8891544342041,-2.814453125,76.69862057722749
127,gemma,1,Gemma-2-9B,0.944426283099052,18.119691848754883,-2.81640625,76.58998276682381
127,gemma,2,Gemma-2-9B,0.9218201297541814,15.586384773254395,-2.693359375,76.63951018664557
127,gemma,3,Gemma-2-9B,0.9339059674502713,18.42515754699707,-2.833984375,76.71653120292429
127,gemma,4,Gemma-2-9B,0.9528301886792453,17.36971664428711,-2.787109375,76.38507592981833
128,gemma,0,Gemma-2-9B,0.9929577464788732,24.56027603149414,-3.095703125,74.4896853071861
128,gemma,1,Gemma-2-9B,0.9333041806133783,19.75782012939453,-2.904296875,76.72177462621637
128,gemma,2,Gemma-2-9B,0.9335207690912389,19.734663009643555,-2.900390625,76.72393469853121
128,gemma,3,Gemma-2-9B,0.9576494427558258,18.119701385498047,-2.798828125,76.28603021336843
128,gemma,4,Gemma-2-9B,0.9205946118697796,17.520160675048828,-2.791015625,76.68993533417853
129,gemma,0,Gemma-2-9B,0.9403115636631219,17.777103424072266,-2.17578125,76.76906693400024
129,gemma,1,Gemma-2-9B,0.9485119552066956,16.65506362915039,-2.14453125,76.53274848821013
129,gemma,2,Gemma-2-9B,0.9400428138534764,25.087169647216797,-2.52734375,77.18363731464268
129,gemma,3,Gemma-2-9B,0.9416383707407615,25.79499626159668,-2.541015625,77.17971757906942
129,gemma,4,Gemma-2-9B,0.9302076373906948,23.472442626953125,-2.5546875,77.19065617174294
130,gemma,0,Gemma-2-9B,0.924805672098091,20.241106033325195,-3.02734375,76.58916732868701
130,gemma,1,Gemma-2-9B,0.9059914846617546,26.4001407623291,-3.34765625,75.96837421052949
130,gemma,2,Gemma-2-9B,0.8996531725990957,26.756093978881836,-3.30859375,75.89971633944108
130,gemma,3,Gemma-2-9B,0.9006134319272923,18.81288719177246,-2.96484375,76.20742427379153
130,gemma,4,Gemma-2-9B,0.9044314017854992,22.308565139770508,-3.12890625,76.23851833081989
131,gemma,0,Gemma-2-9B,1.0,35.58738327026367,-1.6513671875,74.07580920626455
131,gemma,1,Gemma-2-9B,1.0,33.350616455078125,-1.830078125,74.33934261779922
131,gemma,2,Gemma-2-9B,1.0,38.55564498901367,-1.408203125,73.61374784156084
131,gemma,3,Gemma-2-9B,1.0,38.490875244140625,-1.62890625,73.94780506488125
131,gemma,4,Gemma-2-9B,1.0,30.641006469726562,-1.7421875,74.24918352270973
132,gemma,0,Gemma-2-9B,0.8012738766862884,13.475278854370117,-2.5234375,68.56451773393111
132,gemma,1,Gemma-2-9B,0.9424931129476585,16.273374557495117,-2.740234375,76.56304953476766
132,gemma,2,Gemma-2-9B,0.8087981146897094,22.222885131835938,-2.986328125,69.62258890982771
132,gemma,3,Gemma-2-9B,0.8134695801519592,14.534770011901855,-2.595703125,70.01994542958853
132,gemma,4,Gemma-2-9B,0.9420168067226891,21.645654678344727,-3.05859375,76.51414558802156
133,gemma,0,Gemma-2-9B,0.9410746483952398,24.360191345214844,-3.15234375,76.48078575657946
133,gemma,1,Gemma-2-9B,0.9796747967479674,20.424869537353516,-2.998046875,75.25159053052707
133,gemma,2,Gemma-2-9B,0.9553696888591502,23.24783706665039,-3.107421875,76.21336905978077
133,gemma,3,Gemma-2-9B,0.94948078737687,23.67363929748535,-3.142578125,76.31912192658163
133,gemma,4,Gemma-2-9B,0.9528847589192416,25.647865295410156,-3.224609375,76.14493188093334
134,gemma,0,Gemma-2-9B,0.9443896209438672,18.59540367126465,-2.873046875,76.56050510520417
134,gemma,1,Gemma-2-9B,0.9208086053412463,15.0947265625,-2.673828125,76.60797450172275
134,gemma,3,Gemma-2-9B,0.9293628079293452,18.318862915039062,-2.86328125,76.69587012285605
134,gemma,4,Gemma-2-9B,0.9324077457069785,18.4057559967041,-2.861328125,76.69409720256715
135,gemma,0,Gemma-2-9B,0.9123477901289195,24.497018814086914,-3.1953125,76.36610145683255
135,gemma,1,Gemma-2-9B,0.926486821884402,27.07440948486328,-3.23046875,76.49701792113284
135,gemma,2,Gemma-2-9B,0.920892599464028,21.383012771606445,-3.0,76.67038950908123
135,gemma,3,Gemma-2-9B,0.9343902700003567,22.604080200195312,-3.126953125,76.52507852933589
135,gemma,4,Gemma-2-9B,0.917090017825312,21.56254768371582,-3.021484375,76.61125236910894
136,gemma,0,Gemma-2-9B,0.9351528615254416,18.31938362121582,-2.75,76.77957224457703
136,gemma,1,Gemma-2-9B,0.961457896941768,19.109281539916992,-2.798828125,76.22239692572407
136,gemma,2,Gemma-2-9B,0.9592363261093911,16.00167465209961,-2.603515625,76.22601209521514
136,gemma,3,Gemma-2-9B,0.9340085942295888,10.84919261932373,-2.265625,76.31845236398267
136,gemma,4,Gemma-2-9B,0.9870967741935484,23.24371910095215,-2.970703125,75.0050527005992
137,gemma,0,Gemma-2-9B,0.9359255746941145,22.47259521484375,-3.125,76.510903642391
137,gemma,1,Gemma-2-9B,0.8871075930507943,21.022991180419922,-3.06640625,75.69737920411642
137,gemma,2,Gemma-2-9B,0.8881330109983404,18.491539001464844,-2.966796875,75.74458965376323
137,gemma,3,Gemma-2-9B,0.9369932261652006,24.422863006591797,-3.123046875,76.58449878126879
137,gemma,4,Gemma-2-9B,0.8645578280040698,20.47834587097168,-3.03125,74.50503167663334
138,gemma,0,Gemma-2-9B,0.8834293482731598,15.573012351989746,-2.69921875,75.6130484713472
138,gemma,1,Gemma-2-9B,0.8903891260509809,21.57235336303711,-2.953125,76.02994304602582
138,gemma,2,Gemma-2-9B,0.861322913427243,13.67664623260498,-2.509765625,74.28089228245815
138,gemma,3,Gemma-2-9B,0.8809325329490522,14.256973266601562,-2.541015625,75.47135973429286
138,gemma,4,Gemma-2-9B,0.8929833961229914,15.035741806030273,-2.595703125,76.02859744159144
139,gemma,0,Gemma-2-9B,0.9354069846064038,19.422164916992188,-2.958984375,76.61688081665929
139,gemma,1,Gemma-2-9B,0.9244111614151794,18.808698654174805,-2.94921875,76.61575505947899
139,gemma,2,Gemma-2-9B,0.9378212909509224,18.215301513671875,-2.912109375,76.5808636344778
139,gemma,3,Gemma-2-9B,0.9213998880128041,19.549165725708008,-2.9609375,76.62878666236205
139,gemma,4,Gemma-2-9B,0.9270897620897621,17.29814910888672,-2.876953125,76.61327328593694
140,gemma,0,Gemma-2-9B,0.954177897574124,33.846458435058594,-2.77734375,76.83179401220919
140,gemma,1,Gemma-2-9B,0.9331416299114993,29.988637924194336,-2.703125,77.25703900966496
140,gemma,2,Gemma-2-9B,0.9618528610354223,36.671756744384766,-2.892578125,76.4033981145137
140,gemma,3,Gemma-2-9B,0.9450405613137908,30.26958465576172,-2.6484375,77.15344825063386
140,gemma,4,Gemma-2-9B,0.9501385041551247,30.386367797851562,-2.615234375,77.06608493380088
141,gemma,1,Gemma-2-9B,0.9682231075697212,22.580181121826172,-2.94140625,75.98459074854311
141,gemma,2,Gemma-2-9B,0.9747550597153687,9.773107528686523,-2.21484375,75.07371981032284
142,gemma,0,Gemma-2-9B,0.9121831980124162,21.99365997314453,-3.0625,76.49852594433234
142,gemma,1,Gemma-2-9B,0.9004933498744987,20.55699920654297,-3.0,76.25571454309161
142,gemma,2,Gemma-2-9B,0.8948876382764755,19.893142700195312,-2.970703125,76.08218048235226
142,gemma,3,Gemma-2-9B,0.8956002213545082,23.090410232543945,-3.138671875,75.99599596845312
142,gemma,4,Gemma-2-9B,0.8666085680309964,21.570419311523438,-3.060546875,74.64734160582796
143,gemma,0,Gemma-2-9B,0.9551669567969615,25.889039993286133,-2.5078125,76.89998123343982
143,gemma,1,Gemma-2-9B,0.9364206128133704,26.35829734802246,-2.490234375,77.26896467816432
143,gemma,2,Gemma-2-9B,0.9513812978237106,32.085166931152344,-2.6796875,76.99853888508179
143,gemma,3,Gemma-2-9B,0.9420612813370474,24.12790870666504,-2.515625,77.12509906737662
143,gemma,4,Gemma-2-9B,0.945148823649061,25.215219497680664,-2.517578125,77.1113783600629
144,gemma,0,Gemma-2-9B,0.9301891681782846,35.65546417236328,-3.53125,75.75051777463158
144,gemma,1,Gemma-2-9B,0.9318904731187578,37.21463394165039,-3.62890625,75.414850123405
144,gemma,2,Gemma-2-9B,0.9208636069542244,33.76007843017578,-3.501953125,75.8460379394795
144,gemma,3,Gemma-2-9B,0.9305765974512076,31.380966186523438,-3.404296875,76.14297856725439
144,gemma,4,Gemma-2-9B,0.9486641965678626,31.207504272460938,-3.40625,75.91521196939993
145,gemma,1,Gemma-2-9B,0.9527160028479289,23.156103134155273,-3.0859375,76.31927849508699
145,gemma,2,Gemma-2-9B,0.9685341213113444,29.876338958740234,-3.400390625,75.28786079874169
145,gemma,3,Gemma-2-9B,0.9561207250810466,27.195926666259766,-3.236328125,76.0702616301317
145,gemma,4,Gemma-2-9B,0.9345001327416846,21.15914535522461,-2.94140625,76.74408097887982
146,gemma,0,Gemma-2-9B,0.9362248995983935,21.96001625061035,-3.095703125,76.53583712817117
146,gemma,1,Gemma-2-9B,0.9224838221120749,24.478511810302734,-3.169921875,76.52745617816348
146,gemma,2,Gemma-2-9B,0.9028197068251844,31.79721450805664,-3.412109375,75.79314295749225
146,gemma,3,Gemma-2-9B,0.9175769612711022,22.692615509033203,-3.091796875,76.55622996501694
146,gemma,4,Gemma-2-9B,0.9330415960850744,26.6275634765625,-3.244140625,76.44532746020597
147,gemma,0,Gemma-2-9B,0.9275136509065556,18.457658767700195,-2.876953125,76.69022575445301
147,gemma,1,Gemma-2-9B,0.9575757575757575,19.490354537963867,-2.90234375,76.26126723711559
147,gemma,2,Gemma-2-9B,0.9580138736765242,16.053586959838867,-2.7734375,76.15480833448095
147,gemma,3,Gemma-2-9B,0.9376683087027915,18.12541389465332,-2.865234375,76.63211488037494
147,gemma,4,Gemma-2-9B,0.946992110453649,20.286640167236328,-3.01171875,76.42893623855126
148,gemma,0,Gemma-2-9B,0.9479704162366702,13.709522247314453,-1.7548828125,75.96389967986778
148,gemma,1,Gemma-2-9B,0.9360703812316715,15.007033348083496,-1.8046875,76.30285093254662
148,gemma,2,Gemma-2-9B,0.972972972972973,16.59151268005371,-1.8544921875,75.44920066052201
148,gemma,3,Gemma-2-9B,0.967741935483871,14.945764541625977,-1.865234375,75.56884186351847
148,gemma,4,Gemma-2-9B,0.9553349875930521,15.800250053405762,-1.896484375,76.10166776122041
149,gemma,0,Gemma-2-9B,0.9053672759409304,16.234134674072266,-2.76171875,76.38551338219001
149,gemma,1,Gemma-2-9B,0.869252394738557,18.038488388061523,-2.857421875,74.88430242401215
149,gemma,2,Gemma-2-9B,0.8803253643001839,15.728499412536621,-2.69921875,75.47553644917181
149,gemma,3,Gemma-2-9B,0.894727849665735,16.992332458496094,-2.8203125,76.07248393540885
149,gemma,4,Gemma-2-9B,0.8837106381370268,16.716461181640625,-2.8359375,75.59019354539267
150,gemma,0,Gemma-2-9B,0.870063181594831,17.43018341064453,-2.830078125,74.92175853151453
150,gemma,1,Gemma-2-9B,0.8947176114416955,18.920848846435547,-2.923828125,76.08086833800783
150,gemma,2,Gemma-2-9B,0.872951026709605,17.98258399963379,-2.88671875,75.06474549919747
150,gemma,3,Gemma-2-9B,0.8664851786139389,22.74826431274414,-3.119140625,74.59508513640897
150,gemma,4,Gemma-2-9B,0.8979773882377348,18.508657455444336,-2.904296875,76.1877205650328
151,gemma,0,Gemma-2-9B,0.8884678559313158,16.13627052307129,-2.693359375,75.8800726357537
151,gemma,1,Gemma-2-9B,0.9063431878607958,22.295425415039062,-3.0625,76.39766299595668
151,gemma,2,Gemma-2-9B,0.8899527719051187,11.583341598510742,-2.376953125,75.66591491020786
151,gemma,3,Gemma-2-9B,0.8618668611915613,15.775304794311523,-2.66796875,74.41454416341715
151,gemma,4,Gemma-2-9B,0.8683590531757542,26.031265258789062,-3.205078125,74.6681307219565
152,gemma,0,Gemma-2-9B,0.8858271022700552,17.784391403198242,-2.84375,75.75074278809095
152,gemma,1,Gemma-2-9B,0.9116049576214991,23.34462547302246,-3.142578125,76.40986157781327
152,gemma,2,Gemma-2-9B,0.9083952292884699,17.757095336914062,-2.83203125,76.49225667143386
152,gemma,3,Gemma-2-9B,0.9097943726557901,19.785802841186523,-2.9921875,76.44725450106596
152,gemma,4,Gemma-2-9B,0.9056923469917022,19.430137634277344,-2.92578125,76.42967557918095
153,gemma,0,Gemma-2-9B,0.9814323607427056,22.367149353027344,-3.125,75.04754385055462
153,gemma,1,Gemma-2-9B,0.9838274932614556,29.499679565429688,-3.337890625,74.67278382257199
153,gemma,2,Gemma-2-9B,0.9353562775476932,31.774269104003906,-3.4765625,75.93001373020402
153,gemma,3,Gemma-2-9B,0.9693877551020408,36.95073318481445,-3.578125,74.68116995174466
153,gemma,4,Gemma-2-9B,0.9764705882352941,32.67429733276367,-3.384765625,74.95724519099976
154,gemma,0,Gemma-2-9B,0.9389787234042554,26.64556312561035,-3.2265625,76.43161183233569
154,gemma,1,Gemma-2-9B,0.94131983770842,23.459613800048828,-3.1171875,76.50664097801119
154,gemma,2,Gemma-2-9B,0.967828418230563,23.000099182128906,-3.119140625,75.7438280989405
154,gemma,3,Gemma-2-9B,0.9436860562849607,21.156967163085938,-3.041015625,76.4912655974892
154,gemma,4,Gemma-2-9B,0.914556252842602,24.419660568237305,-3.119140625,76.54027265866175
155,gemma,0,Gemma-2-9B,0.8899013920873705,18.204421997070312,-2.298828125,76.1627299216094
155,gemma,1,Gemma-2-9B,0.9009928948688397,15.760977745056152,-2.3359375,76.37873442897596
155,gemma,2,Gemma-2-9B,0.900678368073086,15.931357383728027,-2.1796875,76.3304408317796
155,gemma,3,Gemma-2-9B,0.9235177292461908,15.064860343933105,-2.166015625,76.6398807570809
155,gemma,4,Gemma-2-9B,0.9119583256380345,16.477947235107422,-2.291015625,76.66970610663219
156,gemma,0,Gemma-2-9B,0.9736842105263158,14.101820945739746,-2.62890625,75.48750910659683
156,gemma,1,Gemma-2-9B,0.9866666666666667,14.221466064453125,-2.666015625,74.77730102941347
156,gemma,2,Gemma-2-9B,0.9802631578947368,14.63076114654541,-2.6796875,75.16634267540525
156,gemma,3,Gemma-2-9B,0.9698795180722891,13.157865524291992,-2.56640625,75.6112331561856
156,gemma,4,Gemma-2-9B,0.9801324503311258,12.997596740722656,-2.568359375,75.09758555975132
157,gemma,0,Gemma-2-9B,0.9092111336096553,21.865032196044922,-3.0234375,76.50012249966218
157,gemma,2,Gemma-2-9B,0.8962893640905782,26.068275451660156,-3.1640625,76.07662930158176
157,gemma,4,Gemma-2-9B,0.9336315880621139,17.628284454345703,-2.849609375,76.64940796235886
158,gemma,0,Gemma-2-9B,0.9231913200117297,13.830755233764648,-2.595703125,76.56499526324026
158,gemma,1,Gemma-2-9B,0.9226830517153098,20.28699493408203,-2.93359375,76.71568169681868
158,gemma,2,Gemma-2-9B,0.9241936253122756,18.020328521728516,-2.787109375,76.74791553610103
158,gemma,3,Gemma-2-9B,0.8780246826764178,18.257043838500977,-2.787109375,75.46359496079543
158,gemma,4,Gemma-2-9B,0.8891316170036062,18.737504959106445,-2.828125,75.9685829010287
159,gemma,0,Gemma-2-9B,0.8409404392208153,14.424052238464355,-2.111328125,72.66929915228145
159,gemma,1,Gemma-2-9B,0.8429478582298604,14.472886085510254,-2.080078125,72.82571994612469
159,gemma,2,Gemma-2-9B,0.8364556427702792,17.958969116210938,-2.28515625,72.60579985424906
159,gemma,3,Gemma-2-9B,0.8337197186854036,17.476511001586914,-2.197265625,72.28879459705168
159,gemma,4,Gemma-2-9B,0.8212441215929847,17.819053649902344,-2.177734375,71.071387231872
160,gemma,0,Gemma-2-9B,0.8583254866615881,16.52384376525879,-2.115234375,74.20799081000025
160,gemma,1,Gemma-2-9B,0.8553607593021281,20.70592498779297,-2.263671875,74.3264105105842
160,gemma,2,Gemma-2-9B,0.8631120337761088,20.130266189575195,-2.228515625,74.82701653991181
160,gemma,3,Gemma-2-9B,0.8492155069686298,21.37898063659668,-2.279296875,73.89420099719325
160,gemma,4,Gemma-2-9B,0.8653203922568188,20.92230987548828,-2.205078125,75.00526087422351
161,gemma,0,Gemma-2-9B,0.9177474939985271,18.000871658325195,-2.033203125,76.71865840104898
161,gemma,1,Gemma-2-9B,0.9187407771765863,13.673660278320312,-1.8486328125,76.23634948225335
161,gemma,2,Gemma-2-9B,0.911396031282054,17.747848510742188,-2.12109375,76.67321480176318
161,gemma,3,Gemma-2-9B,0.9159480975157644,16.001209259033203,-2.083984375,76.59532928162413
161,gemma,4,Gemma-2-9B,0.9205424362470203,16.44071388244629,-2.091796875,76.6795746303164
162,gemma,0,Gemma-2-9B,0.9297890746253465,26.646907806396484,-2.91796875,77.00650289243636
162,gemma,1,Gemma-2-9B,0.9352882205513784,32.40340042114258,-2.912109375,77.03800212164742
162,gemma,2,Gemma-2-9B,0.9481737012987013,31.235261917114258,-3.087890625,76.59605999038637
162,gemma,3,Gemma-2-9B,0.932429292031769,30.66499900817871,-2.994140625,76.94902136190734
162,gemma,4,Gemma-2-9B,0.9360490409333597,32.63792037963867,-2.99609375,76.91624575424841
163,gemma,0,Gemma-2-9B,0.9356356076554188,23.74751853942871,-2.701171875,77.09661675455284
163,gemma,1,Gemma-2-9B,0.9202742835067727,23.618999481201172,-2.49609375,77.18426669084374
163,gemma,2,Gemma-2-9B,0.922172030867683,22.8364315032959,-2.54296875,77.15281187616134
163,gemma,3,Gemma-2-9B,0.9228435415199973,22.2700252532959,-2.41796875,77.15169010155076
163,gemma,4,Gemma-2-9B,0.9141862170087977,22.319988250732422,-2.384765625,77.0672382700986
164,gemma,0,Gemma-2-9B,0.9850746268656716,16.071317672729492,-2.74609375,74.95623894403114
164,gemma,1,Gemma-2-9B,0.976982476982477,16.37228775024414,-2.76171875,75.40736958956387
164,gemma,2,Gemma-2-9B,0.9663921811389536,15.947763442993164,-2.73828125,75.87665847229077
164,gemma,3,Gemma-2-9B,0.9625354629587357,15.837621688842773,-2.732421875,76.02015034146179
164,gemma,4,Gemma-2-9B,0.9807692307692307,15.528106689453125,-2.69921875,75.19476499600917
166,gemma,2,Gemma-2-9B,0.9205919086489138,17.14251708984375,-2.87109375,76.58120268430778
167,gemma,0,Gemma-2-9B,0.8982901054918442,17.38431167602539,-2.404296875,76.42006449637545
167,gemma,1,Gemma-2-9B,0.9097434733901502,22.436077117919922,-2.564453125,76.97031553402648
167,gemma,2,Gemma-2-9B,0.8855116094912093,24.224178314208984,-2.677734375,76.21550039099942
167,gemma,3,Gemma-2-9B,0.9063373339977037,20.147253036499023,-2.53125,76.79246031824896
167,gemma,4,Gemma-2-9B,0.892327519712706,19.253398895263672,-2.455078125,76.33342226466287
168,gemma,0,Gemma-2-9B,0.9249548358084785,29.414440155029297,-3.337890625,76.29433916869692
168,gemma,1,Gemma-2-9B,0.9084905361054083,23.969402313232422,-3.14453125,76.37234298192308
168,gemma,2,Gemma-2-9B,0.909670319337748,25.02845001220703,-3.13671875,76.44791644637205
168,gemma,3,Gemma-2-9B,0.9227449062216786,22.024383544921875,-3.064453125,76.61363348537284
168,gemma,4,Gemma-2-9B,0.9163248409731787,21.392868041992188,-3.05078125,76.5477285580172
169,gemma,0,Gemma-2-9B,0.8762643562059962,18.383708953857422,-2.828125,75.33878429579643
169,gemma,1,Gemma-2-9B,0.7946663460990934,17.02613067626953,-2.763671875,67.89982577283467
169,gemma,2,Gemma-2-9B,0.8780701179215168,22.983966827392578,-3.056640625,75.37947956653262
169,gemma,3,Gemma-2-9B,0.8502474249454876,16.094032287597656,-2.73046875,73.54258933977876
169,gemma,4,Gemma-2-9B,0.8198829727244388,16.720684051513672,-2.728515625,70.79186606232928
170,gemma,0,Gemma-2-9B,0.9640014603870025,24.12972068786621,-2.75,76.42207430603722
170,gemma,1,Gemma-2-9B,0.9694387639172916,24.915584564208984,-2.83984375,76.1456137985132
170,gemma,2,Gemma-2-9B,0.9694387639172916,25.471994400024414,-2.81640625,76.18755854311333
170,gemma,3,Gemma-2-9B,0.963564267544516,24.58405113220215,-2.779296875,76.42961493942599
170,gemma,4,Gemma-2-9B,0.9512989472089676,23.69281578063965,-2.791015625,76.76451769641992
171,gemma,0,Gemma-2-9B,0.9186042573985803,18.764047622680664,-2.9296875,76.59924561617082
171,gemma,1,Gemma-2-9B,0.9149477209447224,13.917057991027832,-2.66796875,76.45641991514243
171,gemma,2,Gemma-2-9B,0.9194025555982361,14.47293758392334,-2.623046875,76.57691305121448
171,gemma,3,Gemma-2-9B,0.9447922595332954,13.824679374694824,-2.599609375,76.42450784186867
171,gemma,4,Gemma-2-9B,0.9256759628154051,16.353832244873047,-2.791015625,76.63415843536208
172,gemma,0,Gemma-2-9B,0.9048068718894551,22.13482093811035,-3.111328125,76.27097316632808
172,gemma,1,Gemma-2-9B,0.879791141173984,31.91042709350586,-3.51953125,74.62503665381303
172,gemma,2,Gemma-2-9B,0.8860867432283959,23.249860763549805,-3.158203125,75.59645090534909
172,gemma,3,Gemma-2-9B,0.8878033384540568,30.063697814941406,-3.453125,75.1714354415868
172,gemma,4,Gemma-2-9B,0.9019418717531615,26.672115325927734,-3.27734375,76.03256803761823
173,gemma,0,Gemma-2-9B,0.861058424384901,27.027057647705078,-3.244140625,74.13807847295752
173,gemma,1,Gemma-2-9B,0.8708523209046924,26.406648635864258,-3.208984375,74.82065913812627
173,gemma,2,Gemma-2-9B,0.8773395132636977,17.30255889892578,-2.822265625,75.33026689695829
173,gemma,3,Gemma-2-9B,0.8553290768395088,20.367263793945312,-3.021484375,73.87134276201733
173,gemma,4,Gemma-2-9B,0.8917965816036786,24.204082489013672,-3.162109375,75.86003242695536
174,gemma,0,Gemma-2-9B,0.8995638791832908,19.20762825012207,-2.98046875,76.17897649874439
174,gemma,1,Gemma-2-9B,0.9132100666984388,18.20756721496582,-2.96484375,76.44832887162303
174,gemma,2,Gemma-2-9B,0.9148166687319426,19.715112686157227,-3.001953125,76.51173605165414
174,gemma,3,Gemma-2-9B,0.9109555485778167,20.51334571838379,-3.02734375,76.45714292421032
174,gemma,4,Gemma-2-9B,0.9101450449173534,17.96487808227539,-2.884765625,76.48218047213388
175,gemma,0,Gemma-2-9B,0.9408403526919856,9.309931755065918,-2.1015625,76.0278878493671
175,gemma,1,Gemma-2-9B,0.9514108082257293,15.627429962158203,-2.720703125,76.35203439709791
175,gemma,2,Gemma-2-9B,0.9303172737955346,11.343672752380371,-2.33984375,76.39697470382187
175,gemma,3,Gemma-2-9B,0.9547738693467337,12.025562286376953,-2.388671875,76.08552509331642
175,gemma,4,Gemma-2-9B,0.924273095325727,13.063948631286621,-2.431640625,76.54658998372864
176,gemma,0,Gemma-2-9B,0.9282892209165534,20.667226791381836,-2.365234375,77.08240840191345
176,gemma,1,Gemma-2-9B,0.9210778155744068,20.568269729614258,-2.376953125,77.05331701576108
176,gemma,2,Gemma-2-9B,0.9426462994119704,17.73110008239746,-2.2734375,76.77193996065444
176,gemma,3,Gemma-2-9B,0.9502429290300192,19.47220230102539,-2.38671875,76.75377927003744
176,gemma,4,Gemma-2-9B,0.9364935684620095,19.518232345581055,-2.34765625,76.97650134026038
177,gemma,0,Gemma-2-9B,0.8112593912638465,24.940866470336914,-3.169921875,69.70110789451807
177,gemma,1,Gemma-2-9B,0.8513506404692391,22.634544372558594,-3.087890625,73.57610454025833
177,gemma,2,Gemma-2-9B,0.8329895535298423,26.179140090942383,-3.24609375,71.82359747102393
177,gemma,3,Gemma-2-9B,0.8610349323382637,20.772497177124023,-3.001953125,74.32970155277387
177,gemma,4,Gemma-2-9B,0.9457881567973312,26.997098922729492,-3.26953125,76.24542407000342
178,gemma,0,Gemma-2-9B,0.9704448056745973,22.760854721069336,-2.47265625,76.23624728683443
178,gemma,1,Gemma-2-9B,0.9653731343283583,21.686742782592773,-2.455078125,76.39919523848286
178,gemma,2,Gemma-2-9B,0.9559576647319905,23.009729385375977,-2.48046875,76.77922032742539
178,gemma,3,Gemma-2-9B,0.9662088562633199,24.915786743164062,-2.490234375,76.49525949104562
178,gemma,4,Gemma-2-9B,0.9657123347802761,21.543827056884766,-2.384765625,76.3804866701789
179,gemma,0,Gemma-2-9B,0.9651331125015336,21.43739128112793,-3.08203125,75.84322812943469
179,gemma,2,Gemma-2-9B,0.9507573273883679,22.035980224609375,-3.103515625,76.28762414666913
179,gemma,4,Gemma-2-9B,0.9753846153846154,26.946670532226562,-3.25390625,75.26882651087266
180,gemma,0,Gemma-2-9B,0.8989480635879051,26.12180519104004,-1.34765625,75.83886130663247
180,gemma,1,Gemma-2-9B,0.8892250492090107,33.135276794433594,-1.486328125,75.7726491274648
180,gemma,2,Gemma-2-9B,0.8875992428624007,28.474489212036133,-1.4248046875,75.60074430744532
180,gemma,3,Gemma-2-9B,0.8942001066597011,32.29325866699219,-1.5390625,76.04887823244947
180,gemma,4,Gemma-2-9B,0.8916549460853258,33.304927825927734,-1.359375,75.66390060732452
181,gemma,0,Gemma-2-9B,0.8475213240186076,15.251070022583008,-2.75,73.24586279037396
181,gemma,1,Gemma-2-9B,0.850142286310426,13.706299781799316,-2.705078125,73.36817561338765
181,gemma,2,Gemma-2-9B,0.8517180582380796,19.095922470092773,-2.986328125,73.57609265959799
181,gemma,3,Gemma-2-9B,0.8524905735601054,15.270419120788574,-2.775390625,73.61783868663305
181,gemma,4,Gemma-2-9B,0.8488952604003187,17.1668701171875,-2.91015625,73.33044815442356
182,gemma,0,Gemma-2-9B,0.9412996805781013,35.90208053588867,-2.9453125,76.86961830807947
182,gemma,1,Gemma-2-9B,0.9253613362143933,32.72224807739258,-2.892578125,77.08440723733875
182,gemma,2,Gemma-2-9B,0.9353354570935066,28.3741512298584,-2.791015625,77.15282799600256
182,gemma,3,Gemma-2-9B,0.9441011677226789,30.17672348022461,-2.751953125,77.09681364204057
182,gemma,4,Gemma-2-9B,0.937953091684435,32.165931701660156,-2.8125,77.12622872972418
183,gemma,0,Gemma-2-9B,0.9204015193571541,19.47576904296875,-3.0,76.56146311087913
183,gemma,1,Gemma-2-9B,0.9429207426929319,19.081104278564453,-2.97265625,76.4882612762193
183,gemma,2,Gemma-2-9B,0.9065306168519668,20.497262954711914,-3.078125,76.28487061336044
183,gemma,3,Gemma-2-9B,0.9439864661438546,23.394258499145508,-3.177734375,76.35027585731628
183,gemma,4,Gemma-2-9B,0.9275401013527662,18.80064582824707,-2.953125,76.61645118945825
184,gemma,0,Gemma-2-9B,0.8476255547012597,34.32108688354492,-3.46875,72.61565771608261
184,gemma,1,Gemma-2-9B,0.8394585002628293,32.486053466796875,-3.408203125,72.10250985001834
184,gemma,2,Gemma-2-9B,0.8167468861718916,30.942106246948242,-3.322265625,70.08602546081127
184,gemma,3,Gemma-2-9B,0.8616078417962298,28.736303329467773,-3.26953125,74.15207882659563
184,gemma,4,Gemma-2-9B,0.8591221737425987,40.149139404296875,-3.59765625,72.92557662393926
185,gemma,2,Gemma-2-9B,0.9787234042553191,27.80062484741211,-3.271484375,75.07924408305944
185,gemma,4,Gemma-2-9B,0.9716312056737588,25.15047836303711,-3.197265625,75.51276393231444
186,gemma,0,Gemma-2-9B,0.8412253877117983,31.153249740600586,-3.328125,72.45539334909238
186,gemma,2,Gemma-2-9B,0.909870351480167,34.2908821105957,-3.3984375,75.96093311362175
186,gemma,4,Gemma-2-9B,0.8738246919878693,35.7041015625,-3.474609375,74.37239030911266
187,gemma,0,Gemma-2-9B,0.9172248723808437,21.926424026489258,-3.111328125,76.48283623483766
187,gemma,1,Gemma-2-9B,0.9128893580780552,33.92470932006836,-3.546875,75.62565379856807
187,gemma,2,Gemma-2-9B,0.9037605932587004,31.92264747619629,-3.458984375,75.69662068734894
187,gemma,3,Gemma-2-9B,0.9025328688866091,38.22960662841797,-3.65234375,74.97365746590091
187,gemma,4,Gemma-2-9B,0.9010467225272637,34.51264572143555,-3.51171875,75.45142147602266
188,gemma,0,Gemma-2-9B,0.9619665859465619,20.952665328979492,-3.015625,76.04217031096157
188,gemma,1,Gemma-2-9B,0.9484317893637652,21.5037784576416,-3.015625,76.45760374611933
188,gemma,2,Gemma-2-9B,0.9520438248462127,18.965072631835938,-2.8671875,76.42680276328126
188,gemma,3,Gemma-2-9B,0.9665109472617776,18.452632904052734,-2.91796875,75.85956152989108
188,gemma,4,Gemma-2-9B,0.9579053373615306,19.837188720703125,-2.890625,76.28539578968979
189,gemma,0,Gemma-2-9B,0.9061623308198651,17.13199806213379,-2.79296875,76.43972144888949
189,gemma,3,Gemma-2-9B,0.9126941301878277,17.553007125854492,-2.853515625,76.53462267906114
190,gemma,0,Gemma-2-9B,0.9546255050243447,35.930965423583984,-3.556640625,75.29902033526474
190,gemma,1,Gemma-2-9B,0.9273077982915404,30.212560653686523,-3.412109375,76.12473551001618
190,gemma,2,Gemma-2-9B,0.9416168438401079,29.71822738647461,-3.40234375,76.047197618582
190,gemma,3,Gemma-2-9B,0.9636780104712043,33.0102653503418,-3.439453125,75.37658768547104
190,gemma,4,Gemma-2-9B,0.948564335060449,25.182861328125,-3.22265625,76.23807767351028
191,gemma,0,Gemma-2-9B,0.9585917312661498,26.71613883972168,-3.232421875,75.99119946665873
191,gemma,1,Gemma-2-9B,0.9515277777777779,27.656404495239258,-3.314453125,76.03427052078119
191,gemma,2,Gemma-2-9B,0.961401847028179,29.402021408081055,-3.306640625,75.7817817927842
191,gemma,3,Gemma-2-9B,0.9673133138453361,26.694421768188477,-3.20703125,75.72348696566686
191,gemma,4,Gemma-2-9B,0.9678486089776412,31.781572341918945,-3.408203125,75.30030176642892
192,gemma,0,Gemma-2-9B,0.9211428161007994,18.009315490722656,-2.90234375,76.606858944885
192,gemma,1,Gemma-2-9B,0.918328239405131,21.81468963623047,-3.09375,76.51982421095067
192,gemma,2,Gemma-2-9B,0.9434976975563847,20.7584171295166,-3.0078125,76.52436686727746
192,gemma,3,Gemma-2-9B,0.931212093753217,23.62296485900879,-3.19140625,76.46332703876514
192,gemma,4,Gemma-2-9B,0.9237992814680641,19.449371337890625,-2.9453125,76.65750358261408
193,gemma,0,Gemma-2-9B,0.722440835202184,42.20185852050781,-3.603515625,56.14703716665089
193,gemma,1,Gemma-2-9B,0.6891821831436876,40.09937286376953,-3.587890625,50.995048283928845
193,gemma,2,Gemma-2-9B,0.6486731637987919,28.200050354003906,-3.220703125,45.56906829632235
193,gemma,3,Gemma-2-9B,0.722440835202184,35.000770568847656,-3.50390625,56.73390583268279
193,gemma,4,Gemma-2-9B,0.6999074976874422,40.08407974243164,-3.552734375,52.82843108151396
194,gemma,0,Gemma-2-9B,0.9238035604802717,17.926307678222656,-2.904296875,76.61436077425113
194,gemma,1,Gemma-2-9B,0.9423238200068139,25.965789794921875,-3.1875,76.44719410210229
194,gemma,2,Gemma-2-9B,0.911761200386224,22.136825561523438,-2.984375,76.61805743202503
194,gemma,3,Gemma-2-9B,0.9251200640842533,23.569120407104492,-3.1484375,76.544861732525
194,gemma,4,Gemma-2-9B,0.9381849849587135,22.360872268676758,-3.009765625,76.67387068250154
195,gemma,0,Gemma-2-9B,0.9336226184826091,29.041629791259766,-3.365234375,76.21317934298771
195,gemma,1,Gemma-2-9B,0.9640544158616448,28.953262329101562,-3.349609375,75.58124234979867
195,gemma,2,Gemma-2-9B,0.952187126885922,40.33773422241211,-3.724609375,74.68073851032489
195,gemma,3,Gemma-2-9B,0.9477984176126591,37.252723693847656,-3.58984375,75.32935871641395
195,gemma,4,Gemma-2-9B,0.9495380241648897,29.730558395385742,-3.37890625,75.95774103800082
196,gemma,4,Gemma-2-9B,0.8105778465180685,20.053668975830078,-2.93359375,69.78287162401854
197,gemma,0,Gemma-2-9B,0.9584629565618159,23.556631088256836,-2.677734375,76.64578210590325
197,gemma,1,Gemma-2-9B,0.9444182433557122,21.6784610748291,-2.671875,76.91205050036763
197,gemma,2,Gemma-2-9B,0.969811320754717,30.34528160095215,-2.783203125,76.28933757541272
197,gemma,3,Gemma-2-9B,0.9622641509433962,24.526203155517578,-2.708984375,76.53222147500972
197,gemma,4,Gemma-2-9B,0.9619771863117871,21.78050422668457,-2.619140625,76.48123626288698
198,gemma,0,Gemma-2-9B,0.9719056387796745,31.412885665893555,-3.453125,75.00948633005811
198,gemma,1,Gemma-2-9B,0.972579689536675,34.75852966308594,-3.48828125,74.84831167337478
198,gemma,2,Gemma-2-9B,0.9451013156224882,28.482481002807617,-3.326171875,76.1592536446377
198,gemma,3,Gemma-2-9B,0.9612702679315082,38.567237854003906,-3.578125,74.93696136417026
198,gemma,4,Gemma-2-9B,0.9648882695466083,33.259037017822266,-3.51171875,75.13539049498435
199,gemma,0,Gemma-2-9B,0.9696969696969697,20.29107666015625,-3.04296875,75.65853043187137
199,gemma,1,Gemma-2-9B,0.9387120908288792,20.940704345703125,-3.041015625,76.5495883593454
199,gemma,2,Gemma-2-9B,0.972972972972973,28.145328521728516,-3.306640625,75.29244592359181
199,gemma,3,Gemma-2-9B,0.9536785930731072,21.409032821655273,-3.078125,76.22561370890439
199,gemma,4,Gemma-2-9B,0.964003557787893,22.39044952392578,-3.119140625,75.86809358132469
0,llama,0,Llama-3.1-8B,0.9275206162765188,20.972776412963867,-2.904296875,76.80432083741687
0,llama,1,Llama-3.1-8B,0.929901083259597,15.255331993103027,-2.658203125,76.65462442934691
0,llama,2,Llama-3.1-8B,0.9040507059143558,20.44820213317871,-2.919921875,76.45557627890649
0,llama,3,Llama-3.1-8B,0.9223895335838205,19.143386840820312,-2.876953125,76.71681092590762
0,llama,4,Llama-3.1-8B,0.8967185724156623,14.590644836425781,-2.626953125,76.10878516153674
1,llama,0,Llama-3.1-8B,0.9355874011046426,21.080549240112305,-2.40234375,77.07558687271583
1,llama,1,Llama-3.1-8B,0.9463903365248657,18.110666275024414,-2.28125,76.73379610583416
1,llama,2,Llama-3.1-8B,0.9401361550984164,19.1444034576416,-2.302734375,76.90564920408715
1,llama,3,Llama-3.1-8B,0.9377402306213966,16.680784225463867,-2.234375,76.74978668711425
1,llama,4,Llama-3.1-8B,0.918881118881119,19.524696350097656,-2.38671875,76.97612833082889
2,llama,0,Llama-3.1-8B,0.9702970297029703,24.30824089050293,-2.447265625,76.30831920128318
2,llama,1,Llama-3.1-8B,0.9698492462311558,29.569334030151367,-2.482421875,76.44372618861752
2,llama,2,Llama-3.1-8B,0.97,24.618045806884766,-2.337890625,76.32830133270518
2,llama,3,Llama-3.1-8B,0.975,23.183259963989258,-2.353515625,76.0439749681076
2,llama,4,Llama-3.1-8B,0.9695431472081218,25.048370361328125,-2.244140625,76.33817172434321
3,llama,0,Llama-3.1-8B,0.9644128113879004,20.961688995361328,-2.4765625,76.39640072337558
3,llama,1,Llama-3.1-8B,0.9679467485919099,19.532583236694336,-2.46875,76.17671141539077
3,llama,2,Llama-3.1-8B,0.9585511033681765,20.262434005737305,-2.345703125,76.56458180037733
3,llama,3,Llama-3.1-8B,0.9493828798938289,24.031108856201172,-2.544921875,76.97592354494584
3,llama,4,Llama-3.1-8B,0.9571181764266007,20.222496032714844,-2.33984375,76.60635797559759
4,llama,0,Llama-3.1-8B,0.8956247605403874,30.085309982299805,-3.373046875,75.67025193949675
4,llama,1,Llama-3.1-8B,0.9006488888786771,23.672590255737305,-3.1953125,76.07047695810954
4,llama,2,Llama-3.1-8B,0.9473477149039407,30.625829696655273,-3.478515625,75.75547960985142
4,llama,3,Llama-3.1-8B,0.9370882082817554,32.718238830566406,-3.46484375,75.93999167764369
4,llama,4,Llama-3.1-8B,0.9017223841240231,24.215688705444336,-3.19921875,76.11385458434688
5,llama,0,Llama-3.1-8B,0.9452481954079994,32.40968322753906,-3.375,76.05602050565828
5,llama,1,Llama-3.1-8B,0.9607691090362399,31.2806396484375,-3.294921875,75.83827593149543
5,llama,2,Llama-3.1-8B,0.9437506441170322,29.964330673217773,-3.26953125,76.32503491610078
5,llama,3,Llama-3.1-8B,0.9547277910028976,55.69114685058594,-3.900390625,72.64538254383294
5,llama,4,Llama-3.1-8B,0.960981192748243,44.10737609863281,-3.673828125,74.34258576072078
6,llama,0,Llama-3.1-8B,0.9868421052631579,24.137619018554688,-2.4375,75.43865701443856
6,llama,1,Llama-3.1-8B,0.9793388429752066,19.98569107055664,-2.478515625,75.66209967820693
6,llama,2,Llama-3.1-8B,0.9826839826839827,25.103761672973633,-2.49609375,75.70715149308108
6,llama,3,Llama-3.1-8B,0.9813084112149533,20.221160888671875,-2.462890625,75.5713281499668
6,llama,4,Llama-3.1-8B,0.9647197640117994,23.373289108276367,-2.421875,76.50318098865321
7,llama,0,Llama-3.1-8B,0.8961835641040934,23.166580200195312,-3.080078125,76.12179267244954
7,llama,1,Llama-3.1-8B,0.8997630197981796,27.338109970092773,-3.291015625,75.95538840266762
7,llama,2,Llama-3.1-8B,0.8809755845460651,27.75617790222168,-3.271484375,75.26695915873134
7,llama,3,Llama-3.1-8B,0.8993089702619769,25.74448585510254,-3.201171875,76.09101026381062
7,llama,4,Llama-3.1-8B,0.9030068080147676,24.84763526916504,-3.1484375,76.26848121385633
8,llama,0,Llama-3.1-8B,0.9562649450023912,22.800472259521484,-3.08203125,76.21159863576705
8,llama,1,Llama-3.1-8B,0.9593406593406594,24.05486297607422,-3.1171875,76.10589167007662
8,llama,2,Llama-3.1-8B,0.9247370951504382,28.8315486907959,-3.31640625,76.33670334264822
8,llama,3,Llama-3.1-8B,0.8971636360080294,22.320993423461914,-3.068359375,76.1360475178618
8,llama,4,Llama-3.1-8B,0.8915260461173629,25.584196090698242,-3.208984375,75.8046482388944
9,llama,0,Llama-3.1-8B,0.9035026962845694,16.953908920288086,-2.861328125,76.29246870202547
9,llama,1,Llama-3.1-8B,0.9260701709728056,19.503286361694336,-2.96484375,76.64140031425939
9,llama,2,Llama-3.1-8B,0.9115544487046261,19.468921661376953,-2.974609375,76.4858627192726
9,llama,3,Llama-3.1-8B,0.9240010224077704,15.82143497467041,-2.818359375,76.56327188111648
9,llama,4,Llama-3.1-8B,0.9177856240818536,12.911026000976562,-2.587890625,76.4497089869244
10,llama,0,Llama-3.1-8B,0.9772727272727273,46.46176528930664,-3.720703125,73.31387841776784
10,llama,1,Llama-3.1-8B,0.9776536312849162,39.69226837158203,-3.568359375,74.20721982629208
10,llama,2,Llama-3.1-8B,0.9840425531914894,31.551136016845703,-3.390625,74.54087590976894
10,llama,3,Llama-3.1-8B,0.9788359788359788,31.87033462524414,-3.416015625,74.76326345251358
10,llama,4,Llama-3.1-8B,0.9741742227979274,27.408187866210938,-3.203125,75.4422116034995
11,llama,0,Llama-3.1-8B,0.978021978021978,23.08888053894043,-3.1328125,75.24756921352413
11,llama,1,Llama-3.1-8B,0.9519866364395657,24.943702697753906,-3.1796875,76.23540357027775
11,llama,2,Llama-3.1-8B,0.9791666666666666,19.89549446105957,-2.970703125,75.28790240732901
11,llama,3,Llama-3.1-8B,0.9567892976588629,21.243783950805664,-3.052734375,76.16978745816843
11,llama,4,Llama-3.1-8B,0.9525202572496575,18.702037811279297,-2.927734375,76.32519833571926
12,llama,0,Llama-3.1-8B,0.939454824070045,27.3651065826416,-2.423828125,77.26773036031443
12,llama,1,Llama-3.1-8B,0.9223306311063404,27.17784881591797,-2.234375,77.28360121449425
12,llama,2,Llama-3.1-8B,0.9318636403669385,30.688966751098633,-2.38671875,77.36810728801733
12,llama,3,Llama-3.1-8B,0.930854110563565,29.703720092773438,-2.3828125,77.36640747396342
12,llama,4,Llama-3.1-8B,0.9367933056535549,28.688007354736328,-2.30859375,77.30784612641042
13,llama,0,Llama-3.1-8B,0.935266891584904,18.957622528076172,-2.96484375,76.58176715746225
13,llama,1,Llama-3.1-8B,0.9340109491199498,21.541479110717773,-3.080078125,76.55869868700144
13,llama,2,Llama-3.1-8B,0.9226825043306113,18.224088668823242,-2.958984375,76.55741360038537
13,llama,3,Llama-3.1-8B,0.9307754320552225,22.02637481689453,-3.126953125,76.51606900672581
13,llama,4,Llama-3.1-8B,0.9113664614658459,17.35268783569336,-2.8984375,76.44701420332271
14,llama,0,Llama-3.1-8B,0.8838940557376522,19.313135147094727,-2.896484375,75.70062394834294
14,llama,1,Llama-3.1-8B,0.8484360279417108,22.933507919311523,-3.10546875,73.3285763292429
14,llama,2,Llama-3.1-8B,0.8934767963129306,21.21416473388672,-3.013671875,76.04183803807497
14,llama,3,Llama-3.1-8B,0.8146551860995812,15.557833671569824,-2.71875,70.15537141760589
14,llama,4,Llama-3.1-8B,0.8886004782221579,21.32052993774414,-3.029296875,75.83470711533626
15,llama,0,Llama-3.1-8B,0.9168074926323782,19.07213020324707,-2.34375,76.92250460855432
15,llama,1,Llama-3.1-8B,0.929167229216593,20.691923141479492,-2.400390625,77.08512374846724
15,llama,2,Llama-3.1-8B,0.9227843151649185,18.472349166870117,-2.283203125,76.92350911357502
15,llama,3,Llama-3.1-8B,0.9206336624694267,23.124286651611328,-2.5546875,77.15078739645995
15,llama,4,Llama-3.1-8B,0.9198817691868137,23.59181022644043,-2.44140625,77.18742428562331
16,llama,0,Llama-3.1-8B,0.9515340689121178,27.61357879638672,-3.26171875,76.14986800955116
16,llama,1,Llama-3.1-8B,0.9119472538206386,24.67879867553711,-3.12890625,76.49145539582594
16,llama,2,Llama-3.1-8B,0.9228640608785887,32.07902526855469,-3.357421875,76.24510265439619
16,llama,3,Llama-3.1-8B,0.9007878611030055,20.720502853393555,-2.97265625,76.31235029241272
16,llama,4,Llama-3.1-8B,0.9213658665375899,37.552207946777344,-3.51171875,75.72568727961078
17,llama,0,Llama-3.1-8B,0.9292789194165538,18.178258895874023,-2.5078125,76.92426389882438
17,llama,1,Llama-3.1-8B,0.9320539726247395,17.52029800415039,-2.482421875,76.87769568345855
17,llama,2,Llama-3.1-8B,0.931646603555279,17.217605590820312,-2.509765625,76.85323109934286
17,llama,3,Llama-3.1-8B,0.9344366384996746,18.561161041259766,-2.498046875,76.92950191178821
17,llama,4,Llama-3.1-8B,0.9350146876220468,20.008586883544922,-2.5078125,77.01034938789915
18,llama,0,Llama-3.1-8B,0.9682753552180304,28.99650001525879,-3.34765625,75.41818977523006
18,llama,1,Llama-3.1-8B,0.9672359707215058,29.562467575073242,-3.41015625,75.31498756260612
18,llama,2,Llama-3.1-8B,0.9251433491490647,27.118696212768555,-3.263671875,76.42500862359465
18,llama,3,Llama-3.1-8B,0.9553349875930521,27.584980010986328,-3.3125,75.93538593059012
18,llama,4,Llama-3.1-8B,0.9190885373059042,25.55291175842285,-3.24609375,76.38424882798566
19,llama,0,Llama-3.1-8B,0.853515632042171,22.618608474731445,-3.09375,73.73145843771255
19,llama,1,Llama-3.1-8B,0.890509553231261,19.261760711669922,-2.986328125,75.8608938051986
19,llama,2,Llama-3.1-8B,0.9071573563186025,19.869739532470703,-2.919921875,76.49614638541593
19,llama,3,Llama-3.1-8B,0.9475386579656688,22.61854362487793,-3.076171875,76.43311555864622
19,llama,4,Llama-3.1-8B,0.8972942156122619,18.125673294067383,-2.83984375,76.2148581183743
20,llama,0,Llama-3.1-8B,0.9369412858471001,16.03774642944336,-2.76953125,76.59033465064336
20,llama,1,Llama-3.1-8B,0.9566000153221482,15.041679382324219,-2.685546875,76.19041557440248
20,llama,2,Llama-3.1-8B,0.9191246266655624,19.385696411132812,-2.837890625,76.74975714477846
20,llama,3,Llama-3.1-8B,0.8912451562017764,14.821138381958008,-2.640625,75.9243091938025
20,llama,4,Llama-3.1-8B,0.9501068241799673,17.706361770629883,-2.806640625,76.4566766154198
21,llama,0,Llama-3.1-8B,0.9636646629454703,20.113019943237305,-1.9248046875,76.13766777392904
21,llama,1,Llama-3.1-8B,0.9636646629454703,16.29520606994629,-1.923828125,75.88976040229996
21,llama,2,Llama-3.1-8B,0.9781021897810219,15.99819564819336,-1.94140625,75.24102855680985
21,llama,3,Llama-3.1-8B,0.9781021897810219,18.022846221923828,-1.8486328125,75.2881867928028
21,llama,4,Llama-3.1-8B,0.9651827046193243,19.159503936767578,-1.9990234375,76.09071176442103
22,llama,0,Llama-3.1-8B,0.9263547938860583,21.028167724609375,-3.05078125,76.59878543064207
22,llama,1,Llama-3.1-8B,0.9025880094081505,16.235315322875977,-2.677734375,76.3784667203555
22,llama,2,Llama-3.1-8B,0.9205439706055674,18.04481315612793,-2.87890625,76.63256741869412
22,llama,3,Llama-3.1-8B,0.8705884289252735,13.829699516296387,-2.576171875,74.86409057659749
22,llama,4,Llama-3.1-8B,0.8782653844561169,15.562556266784668,-2.69140625,75.36415273417019
23,llama,0,Llama-3.1-8B,0.9868421052631579,26.400794982910156,-3.181640625,74.77532356466061
23,llama,1,Llama-3.1-8B,0.9906976744186047,40.12216567993164,-3.681640625,73.09356620413341
23,llama,2,Llama-3.1-8B,0.964824120603015,22.91937255859375,-3.123046875,75.85355299357389
23,llama,3,Llama-3.1-8B,0.9476975741417333,18.0583438873291,-2.875,76.46062602129784
23,llama,4,Llama-3.1-8B,0.9713114754098361,28.718631744384766,-3.34375,75.29176989337644
24,llama,0,Llama-3.1-8B,0.9085303186022611,10.803692817687988,-1.9609375,75.94610462455529
24,llama,1,Llama-3.1-8B,0.9391016680644861,13.584467887878418,-1.779296875,76.12895519969722
24,llama,2,Llama-3.1-8B,0.9213245033112583,12.118403434753418,-1.931640625,76.21133749922679
24,llama,3,Llama-3.1-8B,0.9335207690912389,12.361369132995605,-2.107421875,76.3790480724866
24,llama,4,Llama-3.1-8B,0.9414774681802546,10.386493682861328,-1.8125,75.85812499616405
25,llama,0,Llama-3.1-8B,0.9852941176470589,14.895651817321777,-2.716796875,74.87753716615289
25,llama,1,Llama-3.1-8B,0.9769230769230769,15.04566764831543,-2.65234375,75.39005994026398
25,llama,2,Llama-3.1-8B,0.922736220472441,14.993997573852539,-2.66796875,76.6164415988666
25,llama,3,Llama-3.1-8B,0.9309440559440559,14.450106620788574,-2.646484375,76.59610906017473
25,llama,4,Llama-3.1-8B,0.8745529279880425,17.984891891479492,-2.85546875,75.19049586762965
26,llama,0,Llama-3.1-8B,0.9915966386554622,20.61903953552246,-2.962890625,74.60725324403545
26,llama,1,Llama-3.1-8B,0.9826086956521739,20.232425689697266,-3.04296875,75.01160559561865
26,llama,2,Llama-3.1-8B,0.9746487034622628,23.214521408081055,-3.125,75.43582699408442
26,llama,3,Llama-3.1-8B,0.9739130434782609,19.441173553466797,-2.966796875,75.53072852058308
26,llama,4,Llama-3.1-8B,0.9841269841269841,23.77359962463379,-3.09765625,75.00388957248259
27,llama,0,Llama-3.1-8B,0.8430149324062289,26.028417587280273,-3.177734375,72.85692581649157
27,llama,1,Llama-3.1-8B,0.9156657024638156,29.850635528564453,-3.345703125,76.20484963212373
27,llama,2,Llama-3.1-8B,0.8819464575913619,18.239076614379883,-2.900390625,75.53737339335665
27,llama,3,Llama-3.1-8B,0.8702390381045747,29.658748626708984,-3.240234375,74.7756583098324
27,llama,4,Llama-3.1-8B,0.8844954277449187,41.31770706176758,-3.67578125,74.0991585563576
28,llama,0,Llama-3.1-8B,0.9745023347259769,16.093238830566406,-2.25390625,75.63106751773351
28,llama,1,Llama-3.1-8B,0.9753846153846154,14.630572319030762,-2.060546875,75.37321582041999
28,llama,2,Llama-3.1-8B,0.9680311649765027,16.771587371826172,-2.23828125,75.96535556652968
28,llama,3,Llama-3.1-8B,0.9817073170731707,16.215906143188477,-2.134765625,75.21152318645743
28,llama,4,Llama-3.1-8B,0.9657131661442007,15.24630355834961,-2.162109375,75.9128188306411
29,llama,0,Llama-3.1-8B,0.9302325581395349,25.61970329284668,-2.662109375,77.21573623682814
29,llama,1,Llama-3.1-8B,0.9294591484464901,17.784887313842773,-2.447265625,76.90770260781228
29,llama,2,Llama-3.1-8B,0.9343702263574504,27.732946395874023,-2.65234375,77.25385331785175
29,llama,3,Llama-3.1-8B,0.9544235924932976,30.718673706054688,-2.806640625,76.81792477416845
29,llama,4,Llama-3.1-8B,0.9213264465903137,26.452289581298828,-2.6328125,77.23528333070423
30,llama,0,Llama-3.1-8B,0.9557766721945826,18.8721923828125,-2.86328125,76.32364575546424
30,llama,1,Llama-3.1-8B,0.9848484848484849,21.32032012939453,-3.09765625,74.85101049815628
30,llama,2,Llama-3.1-8B,0.9930555555555556,19.43755531311035,-2.90234375,74.52295101456058
30,llama,3,Llama-3.1-8B,1.0,21.73354148864746,-3.12109375,73.8365567153019
30,llama,4,Llama-3.1-8B,0.9785714285714285,23.077329635620117,-3.158203125,75.17155423889074
31,llama,0,Llama-3.1-8B,0.9195777073344824,21.24921417236328,-3.09765625,76.49663366955139
31,llama,1,Llama-3.1-8B,0.9120545473472362,23.33207130432129,-3.146484375,76.40977417742862
31,llama,2,Llama-3.1-8B,0.8775809305757106,16.171934127807617,-2.76171875,75.31962742301641
31,llama,3,Llama-3.1-8B,0.8988161950141931,16.856557846069336,-2.8125,76.20475813366629
31,llama,4,Llama-3.1-8B,0.9214951707689529,16.86266326904297,-2.84375,76.59845156130935
32,llama,0,Llama-3.1-8B,0.8977768210332263,38.52629470825195,-3.4765625,75.32580383324866
32,llama,1,Llama-3.1-8B,0.9364888789401925,55.68742752075195,-3.845703125,73.1755383115832
32,llama,2,Llama-3.1-8B,0.9447311088177962,34.71377182006836,-3.4453125,75.85724127327316
32,llama,3,Llama-3.1-8B,0.9576547231270358,53.29249572753906,-3.873046875,72.93522720369216
32,llama,4,Llama-3.1-8B,0.9499812700853689,66.71061706542969,-4.0859375,70.61611516816049
33,llama,0,Llama-3.1-8B,0.9852216748768473,36.33865737915039,-2.93359375,75.25913260812605
33,llama,1,Llama-3.1-8B,0.9898477157360406,40.12129592895508,-2.990234375,74.74719837912913
33,llama,2,Llama-3.1-8B,0.9807692307692307,30.77969741821289,-2.68359375,75.83205245065665
33,llama,3,Llama-3.1-8B,0.9800995024875622,35.66099548339844,-2.900390625,75.6077706992589
33,llama,4,Llama-3.1-8B,0.9846938775510204,39.43843460083008,-2.94921875,75.1507025608029
34,llama,0,Llama-3.1-8B,0.9614147909967846,29.676368713378906,-3.341796875,75.70289035297948
34,llama,1,Llama-3.1-8B,0.9732441471571907,36.98258590698242,-3.560546875,74.55698268522141
34,llama,2,Llama-3.1-8B,0.9674059787849566,31.55910301208496,-3.419921875,75.28975331798978
34,llama,3,Llama-3.1-8B,0.9373308300987088,30.09095573425293,-3.28125,76.38571715686791
34,llama,4,Llama-3.1-8B,0.9459241323648103,34.691368103027344,-3.49609375,75.70114205930408
35,llama,0,Llama-3.1-8B,0.890026429436995,23.8275146484375,-3.1171875,75.85936282382035
35,llama,1,Llama-3.1-8B,0.9036873156342182,23.497329711914062,-3.10546875,76.31319830924973
35,llama,2,Llama-3.1-8B,0.8660894079742247,23.387537002563477,-3.16015625,74.52203576403846
35,llama,3,Llama-3.1-8B,0.8912270103369581,22.63344955444336,-3.095703125,75.89381095198905
35,llama,4,Llama-3.1-8B,0.8596871140607572,25.015474319458008,-3.19140625,74.09448352374007
36,llama,0,Llama-3.1-8B,0.8769570368174657,9.701675415039062,-2.275390625,74.87231614277762
36,llama,1,Llama-3.1-8B,0.9042977863202546,10.63604736328125,-2.3515625,76.04302909679612
36,llama,2,Llama-3.1-8B,0.9253095702436618,11.403913497924805,-2.392578125,76.40688590488642
36,llama,3,Llama-3.1-8B,0.9084151324640256,11.827347755432129,-2.44921875,76.24518547638615
36,llama,4,Llama-3.1-8B,0.9092330689507285,10.901298522949219,-2.369140625,76.17925847247935
37,llama,0,Llama-3.1-8B,0.9701492537313433,26.54207420349121,-2.396484375,76.38525249469903
37,llama,1,Llama-3.1-8B,0.9335821628092797,25.271385192871094,-2.359375,77.26348120109016
37,llama,2,Llama-3.1-8B,0.9696969696969697,24.91722297668457,-2.4140625,76.35752167440903
37,llama,3,Llama-3.1-8B,0.9727626459143969,23.466426849365234,-2.43359375,76.16512017867838
37,llama,4,Llama-3.1-8B,0.9604888698296362,24.204687118530273,-2.373046875,76.68768250493505
38,llama,0,Llama-3.1-8B,0.8655170093047699,15.261662483215332,-2.333984375,74.68951165701762
38,llama,1,Llama-3.1-8B,0.8742327856084915,16.743324279785156,-2.337890625,75.32213874676772
38,llama,2,Llama-3.1-8B,0.8756243119385345,16.23571014404297,-2.265625,75.34503296348826
38,llama,3,Llama-3.1-8B,0.9083935722504902,14.364791870117188,-2.2265625,76.42167865984814
38,llama,4,Llama-3.1-8B,0.9014330998681831,15.74595832824707,-2.197265625,76.34645241888522
39,llama,0,Llama-3.1-8B,0.9451655181160952,26.848770141601562,-2.4765625,77.16475898571828
39,llama,1,Llama-3.1-8B,0.9533551554828151,29.974342346191406,-2.54296875,77.01238615138698
39,llama,2,Llama-3.1-8B,0.9757281553398058,32.3985595703125,-2.658203125,76.1056442408295
39,llama,3,Llama-3.1-8B,0.9629629629629629,31.40105438232422,-2.625,76.67788199614348
39,llama,4,Llama-3.1-8B,0.9563318777292577,28.882150650024414,-2.486328125,76.93189695814925
40,llama,0,Llama-3.1-8B,0.8265720046441589,17.220914840698242,-2.7421875,71.49948966497125
40,llama,1,Llama-3.1-8B,0.7877922557629021,16.759990692138672,-2.736328125,67.04015744676337
40,llama,2,Llama-3.1-8B,0.7651673057991124,15.33360767364502,-2.673828125,63.93668567349695
40,llama,3,Llama-3.1-8B,0.8032821503849957,16.373685836791992,-2.72265625,68.92448132612152
40,llama,4,Llama-3.1-8B,0.7766094058819943,19.531444549560547,-2.8515625,65.64397028605455
41,llama,0,Llama-3.1-8B,0.9581749049429658,21.092971801757812,-2.478515625,76.62054128816744
41,llama,1,Llama-3.1-8B,0.93557987661896,18.22644805908203,-2.3984375,76.90846261901405
41,llama,2,Llama-3.1-8B,0.9314765694076039,21.571062088012695,-2.48046875,77.11922192230926
41,llama,3,Llama-3.1-8B,0.9448271149378161,19.909128189086914,-2.484375,76.88520410722006
41,llama,4,Llama-3.1-8B,0.934469941822883,18.480445861816406,-2.466796875,76.92944010875172
42,llama,0,Llama-3.1-8B,0.9749505101263896,27.353593826293945,-3.28125,75.23989176118211
42,llama,1,Llama-3.1-8B,0.9897959183673469,34.767398834228516,-3.537109375,73.77057530426774
42,llama,2,Llama-3.1-8B,0.9511778764083305,35.27737808227539,-3.53515625,75.46669480385529
42,llama,3,Llama-3.1-8B,0.9654696812964878,23.391389846801758,-3.1328125,75.83085750640824
42,llama,4,Llama-3.1-8B,0.9542647828362114,34.808502197265625,-3.515625,75.45096047951827
43,llama,0,Llama-3.1-8B,0.9535521096285611,24.131778717041016,-2.59765625,76.85643181555831
43,llama,1,Llama-3.1-8B,0.9638258068113194,29.368471145629883,-2.841796875,76.46698170726177
43,llama,2,Llama-3.1-8B,0.9618037135278515,28.302026748657227,-2.716796875,76.63990365808804
43,llama,3,Llama-3.1-8B,0.9640862582039053,23.558326721191406,-2.66015625,76.46078120067492
43,llama,4,Llama-3.1-8B,0.8944610838098,26.903717041015625,-2.673828125,76.65478001946066
44,llama,0,Llama-3.1-8B,0.940777883182003,31.668228149414062,-2.6953125,77.19250240629887
44,llama,1,Llama-3.1-8B,0.9354045808961455,35.701805114746094,-2.76953125,77.13377933225887
44,llama,2,Llama-3.1-8B,0.9078275143582739,27.59357261657715,-2.603515625,77.0850931886671
44,llama,3,Llama-3.1-8B,0.9434692848512526,27.190040588378906,-2.6953125,77.1100310088648
44,llama,4,Llama-3.1-8B,0.9221566070485857,32.15119934082031,-2.533203125,77.33911530751247
45,llama,0,Llama-3.1-8B,0.9609756097560975,26.953153610229492,-3.197265625,75.98855750313608
45,llama,1,Llama-3.1-8B,0.9779735682819384,33.130157470703125,-3.396484375,74.84729410761068
45,llama,2,Llama-3.1-8B,0.927644724113302,35.94949722290039,-3.48828125,75.86323297347623
45,llama,3,Llama-3.1-8B,0.9720930232558139,37.2403564453125,-3.533203125,74.67893692889623
45,llama,4,Llama-3.1-8B,0.967741935483871,27.404752731323242,-3.224609375,75.68604980129426
46,llama,0,Llama-3.1-8B,0.9325527261203592,38.71371841430664,-3.490234375,75.74954637193449
46,llama,1,Llama-3.1-8B,0.8741531922898985,29.368043899536133,-3.2734375,74.92822034522216
46,llama,2,Llama-3.1-8B,0.8911073506670059,50.389225006103516,-3.875,72.99078294058309
46,llama,3,Llama-3.1-8B,0.9024523187692403,33.92988967895508,-3.373046875,75.85886352529492
46,llama,4,Llama-3.1-8B,0.8785101571106704,43.61179733276367,-3.70703125,73.56580332628457
47,llama,0,Llama-3.1-8B,0.9584840654608096,12.504889488220215,-1.943359375,75.78760753504332
47,llama,1,Llama-3.1-8B,0.9587155963302753,13.889028549194336,-2.1953125,76.07311990254499
47,llama,2,Llama-3.1-8B,0.9623982831082892,11.386423110961914,-1.6748046875,75.25114551441636
47,llama,3,Llama-3.1-8B,0.9703955470173883,11.61486530303955,-1.853515625,75.1663571700733
47,llama,4,Llama-3.1-8B,0.9511735728774269,14.480941772460938,-2.15234375,76.3124937096015
48,llama,0,Llama-3.1-8B,0.9475126435013365,27.77466583251953,-3.30859375,76.14097895952712
48,llama,1,Llama-3.1-8B,0.9127886002886003,21.70366668701172,-3.19140625,76.26208624051796
48,llama,2,Llama-3.1-8B,0.9456019158146818,30.91275978088379,-3.38671875,76.02538321795134
48,llama,3,Llama-3.1-8B,0.9367660042311473,25.02547264099121,-3.3046875,76.23992806222832
48,llama,4,Llama-3.1-8B,0.9437869822485208,30.70831298828125,-3.482421875,75.8114133883385
49,llama,0,Llama-3.1-8B,0.8594289883643839,10.070005416870117,-2.30078125,73.83302302971367
49,llama,1,Llama-3.1-8B,0.9208523116077278,12.757969856262207,-2.552734375,76.47804077917938
49,llama,2,Llama-3.1-8B,0.8666330282468616,14.094422340393066,-2.654296875,74.60489290873203
49,llama,3,Llama-3.1-8B,0.8841851115594589,13.096696853637695,-2.5234375,75.53558917105654
49,llama,4,Llama-3.1-8B,0.8579095291738971,12.143482208251953,-2.48046875,73.91876885397976
50,llama,0,Llama-3.1-8B,0.8857716912660425,19.622230529785156,-2.8984375,75.80122167716168
50,llama,1,Llama-3.1-8B,0.917516110259392,20.567480087280273,-2.955078125,76.65984127781688
50,llama,2,Llama-3.1-8B,0.897484220126239,20.294328689575195,-2.94921875,76.22099591827993
50,llama,3,Llama-3.1-8B,0.92427149083068,26.696571350097656,-3.26953125,76.39963424430849
50,llama,4,Llama-3.1-8B,0.9276425269645608,20.86210823059082,-2.96484375,76.7196104051852
51,llama,0,Llama-3.1-8B,0.894848206550104,21.184051513671875,-3.025390625,76.07107881066675
51,llama,1,Llama-3.1-8B,0.8972118755030742,17.442461013793945,-2.853515625,76.1520537330029
51,llama,2,Llama-3.1-8B,0.9058182039628898,19.950000762939453,-2.998046875,76.36370214925715
51,llama,3,Llama-3.1-8B,0.8854246897838746,21.395719528198242,-3.083984375,75.61392791306712
51,llama,4,Llama-3.1-8B,0.9048978062209923,21.73904800415039,-3.068359375,76.32741745614443
52,llama,0,Llama-3.1-8B,0.9777070063694268,20.49555206298828,-3.03125,75.30836988385705
52,llama,1,Llama-3.1-8B,0.9900662251655629,23.167728424072266,-3.185546875,74.45789060740799
52,llama,2,Llama-3.1-8B,0.9804986055225565,16.29171371459961,-2.78125,75.19998761854292
52,llama,3,Llama-3.1-8B,0.9757575757575757,20.62925148010254,-3.015625,75.43796170850909
52,llama,4,Llama-3.1-8B,0.987460815047022,20.905261993408203,-3.06640625,74.72626775767688
53,llama,0,Llama-3.1-8B,0.9384903596475086,22.728254318237305,-2.490234375,77.11980371733904
53,llama,1,Llama-3.1-8B,0.9443749233222917,21.385786056518555,-2.54296875,76.95885032097253
53,llama,2,Llama-3.1-8B,0.9470873363712885,23.467758178710938,-2.646484375,76.95789694554405
53,llama,3,Llama-3.1-8B,0.9347919553856172,22.07065773010254,-2.642578125,77.06708594075516
53,llama,4,Llama-3.1-8B,0.960406529587192,21.975704193115234,-2.560546875,76.57036435813693
54,llama,0,Llama-3.1-8B,0.9684601113172542,79.59283447265625,-3.462890625,70.27639226728506
54,llama,1,Llama-3.1-8B,0.9606741573033708,66.66413116455078,-3.380859375,72.56242256056179
54,llama,2,Llama-3.1-8B,0.9460843124644968,79.28707122802734,-3.41796875,71.11902138363156
54,llama,3,Llama-3.1-8B,0.9449154565482809,68.59610748291016,-3.220703125,73.05984833560505
54,llama,4,Llama-3.1-8B,0.9602955551722155,73.66305541992188,-3.369140625,71.61882891430392
55,llama,0,Llama-3.1-8B,0.9530434782608695,19.040958404541016,-2.908203125,76.35715599632117
55,llama,1,Llama-3.1-8B,0.9197232867167671,19.011035919189453,-2.849609375,76.7199289012204
55,llama,2,Llama-3.1-8B,0.961648877438351,17.802457809448242,-2.8125,76.11914345487118
55,llama,3,Llama-3.1-8B,0.9077464255898146,18.33502960205078,-2.765625,76.57972102121522
55,llama,4,Llama-3.1-8B,0.9432251589160254,18.53697395324707,-2.873046875,76.57630059799645
56,llama,0,Llama-3.1-8B,0.8935931369649652,28.480321884155273,-3.341796875,75.6570622142011
56,llama,1,Llama-3.1-8B,0.9111613943983827,39.86589431762695,-3.6640625,75.05638125417606
56,llama,2,Llama-3.1-8B,0.9077222631210937,26.057052612304688,-3.232421875,76.25296819590046
56,llama,3,Llama-3.1-8B,0.9204123614094155,29.268722534179688,-3.34375,76.25398020566486
56,llama,4,Llama-3.1-8B,0.9045299945728567,28.774593353271484,-3.32421875,76.03428117887547
57,llama,0,Llama-3.1-8B,0.9703450242372398,23.857290267944336,-2.2421875,76.25972439653422
57,llama,1,Llama-3.1-8B,0.970692655760529,20.368045806884766,-2.263671875,76.08673746548988
57,llama,2,Llama-3.1-8B,0.9708634330925353,20.574298858642578,-2.3125,76.10361218461294
57,llama,3,Llama-3.1-8B,0.9876543209876543,19.649364471435547,-2.3125,75.16299568835456
57,llama,4,Llama-3.1-8B,0.9760479041916168,21.24001121520996,-2.29296875,75.88963138550207
58,llama,0,Llama-3.1-8B,0.9202556516453809,15.728221893310547,-2.6875,76.64268671959576
58,llama,1,Llama-3.1-8B,0.8880019075670832,15.215107917785645,-2.630859375,75.82974569937102
58,llama,2,Llama-3.1-8B,0.903576265104108,23.338397979736328,-3.060546875,76.37967132295933
58,llama,3,Llama-3.1-8B,0.9299854417604964,14.035959243774414,-2.55078125,76.60859505485713
58,llama,4,Llama-3.1-8B,0.9111335391181347,14.49434757232666,-2.619140625,76.46992043544444
59,llama,0,Llama-3.1-8B,0.9808156819026385,21.907278060913086,-2.623046875,75.63601556709091
59,llama,1,Llama-3.1-8B,0.9863636363636363,18.37331199645996,-2.30078125,75.16004446908018
59,llama,2,Llama-3.1-8B,0.950186799501868,20.49289894104004,-2.4375,76.81311006155896
59,llama,3,Llama-3.1-8B,0.985781990521327,21.320056915283203,-2.4375,75.3770686732586
59,llama,4,Llama-3.1-8B,0.9901960784313726,18.020219802856445,-2.228515625,74.87768280296908
60,llama,0,Llama-3.1-8B,0.9387278013515636,30.31243896484375,-3.373046875,76.1601625244911
60,llama,1,Llama-3.1-8B,0.8661838244539659,26.60811996459961,-3.244140625,74.46703468309468
60,llama,2,Llama-3.1-8B,0.9036976078313638,29.205713272094727,-3.333984375,75.99591732649624
60,llama,3,Llama-3.1-8B,0.9330046635576282,57.45264434814453,-4.015625,72.37529543339998
60,llama,4,Llama-3.1-8B,0.9082361890163647,31.561737060546875,-3.4375,75.85727767091645
61,llama,0,Llama-3.1-8B,0.9650813130518914,20.14566993713379,-2.341796875,76.32619733504491
61,llama,1,Llama-3.1-8B,0.9566378359551866,19.68138313293457,-2.2421875,76.56430824385383
61,llama,2,Llama-3.1-8B,0.9505621021265068,18.8106632232666,-2.3203125,76.69763639467551
61,llama,3,Llama-3.1-8B,0.9746638358103326,21.370586395263672,-2.40625,75.97943908060232
61,llama,4,Llama-3.1-8B,0.9633600755073147,19.0509033203125,-2.365234375,76.3299232932678
62,llama,0,Llama-3.1-8B,0.8813886525750931,13.165066719055176,-2.486328125,75.41776338744545
62,llama,1,Llama-3.1-8B,0.8800032084703618,14.914183616638184,-2.615234375,75.44747319314082
62,llama,2,Llama-3.1-8B,0.8767426307548862,16.86355209350586,-2.7734375,75.3146240314405
62,llama,3,Llama-3.1-8B,0.827363882591487,16.447650909423828,-2.763671875,71.50567925723391
62,llama,4,Llama-3.1-8B,0.836824143958122,14.720276832580566,-2.60546875,72.37785620357322
63,llama,0,Llama-3.1-8B,0.9388378313500908,36.803462982177734,-3.486328125,75.78024027052714
63,llama,1,Llama-3.1-8B,0.9789029535864979,28.41550064086914,-3.291015625,75.0372382293186
63,llama,2,Llama-3.1-8B,0.9499665975176682,33.14152526855469,-3.40234375,75.884288871335
63,llama,3,Llama-3.1-8B,0.9247935977946,33.242835998535156,-3.369140625,76.21534738333561
63,llama,4,Llama-3.1-8B,0.9594795539033457,26.460559844970703,-3.111328125,76.18804678366796
64,llama,0,Llama-3.1-8B,0.8977628510538589,26.29414939880371,-3.294921875,75.86063659940062
64,llama,1,Llama-3.1-8B,0.9032169087821393,23.955781936645508,-3.212890625,76.11675720985838
64,llama,2,Llama-3.1-8B,0.9475936893445478,27.77872657775879,-3.28515625,76.1917064303848
64,llama,3,Llama-3.1-8B,0.9404892251032697,23.47994613647461,-3.134765625,76.48721671148927
64,llama,4,Llama-3.1-8B,0.9045360372269193,20.40606117248535,-3.033203125,76.3053814923884
65,llama,0,Llama-3.1-8B,0.9353096179183137,24.927400588989258,-3.181640625,76.50726805089738
65,llama,1,Llama-3.1-8B,0.9602868525896414,20.58852767944336,-3.013671875,76.08390467240345
65,llama,3,Llama-3.1-8B,0.9772727272727273,39.52507400512695,-3.70703125,73.81544708975413
65,llama,4,Llama-3.1-8B,0.9515470852017937,27.427995681762695,-3.294921875,76.07326563015889
66,llama,0,Llama-3.1-8B,0.9532374100719424,23.724306106567383,-2.20703125,76.84539404908686
66,llama,1,Llama-3.1-8B,0.9424213885836865,23.434797286987305,-2.31640625,77.09578411616617
66,llama,2,Llama-3.1-8B,0.96415770609319,27.210092544555664,-2.427734375,76.64535237066002
66,llama,3,Llama-3.1-8B,0.9445094009030258,20.52766227722168,-2.216796875,76.8909035771595
66,llama,4,Llama-3.1-8B,0.9575971731448764,25.414833068847656,-2.271484375,76.80332012415593
67,llama,0,Llama-3.1-8B,0.9683098591549296,22.77496910095215,-2.765625,76.18185197450404
67,llama,1,Llama-3.1-8B,0.950530035335689,24.821430206298828,-2.68359375,76.91015380529434
67,llama,2,Llama-3.1-8B,0.9384775808133472,26.34941291809082,-2.630859375,77.19789319673906
67,llama,3,Llama-3.1-8B,0.9460431654676259,30.06635856628418,-2.63671875,77.1402810722269
67,llama,4,Llama-3.1-8B,0.9311347047113471,28.14634132385254,-2.669921875,77.2670259258928
68,llama,0,Llama-3.1-8B,0.9317186838017228,19.774389266967773,-2.919921875,76.71097166757654
68,llama,1,Llama-3.1-8B,0.9389172004301276,20.048768997192383,-2.958984375,76.61913906427307
68,llama,2,Llama-3.1-8B,0.9211961498545003,18.103965759277344,-2.828125,76.69680957742044
68,llama,3,Llama-3.1-8B,0.9353522838842395,17.443458557128906,-2.8203125,76.65561321882771
68,llama,4,Llama-3.1-8B,0.9348333869066753,19.150428771972656,-2.890625,76.69222581017239
69,llama,0,Llama-3.1-8B,0.9523855421686747,15.847949028015137,-2.6171875,76.40843714155157
69,llama,1,Llama-3.1-8B,0.9208108071624787,15.291357040405273,-2.623046875,76.65207873353945
69,llama,2,Llama-3.1-8B,0.9248170755978263,18.72207260131836,-2.806640625,76.77664400497632
69,llama,3,Llama-3.1-8B,0.9616668500788673,21.959299087524414,-2.9453125,76.20356618051566
69,llama,4,Llama-3.1-8B,0.9442731805781778,16.72707176208496,-2.740234375,76.56653345703225
70,llama,0,Llama-3.1-8B,0.9579462591149736,21.547740936279297,-3.107421875,76.05760431122428
70,llama,1,Llama-3.1-8B,0.9651827046193243,21.898740768432617,-3.15625,75.73189670717493
70,llama,2,Llama-3.1-8B,0.9453065134099617,21.673154830932617,-3.064453125,76.45137560714029
70,llama,3,Llama-3.1-8B,0.9649385675756668,22.445880889892578,-3.22265625,75.63683039050532
70,llama,4,Llama-3.1-8B,0.9451149425287356,18.850252151489258,-2.99609375,76.40325857915809
71,llama,0,Llama-3.1-8B,0.9617224880382775,25.4044189453125,-2.275390625,76.6671936950183
71,llama,1,Llama-3.1-8B,0.9537037037037037,27.137832641601562,-2.447265625,76.9817407062241
71,llama,2,Llama-3.1-8B,0.9535864978902954,22.922809600830078,-2.26171875,76.82371722926325
71,llama,3,Llama-3.1-8B,0.9545454545454546,24.330768585205078,-2.38671875,76.87748013517421
71,llama,4,Llama-3.1-8B,0.96875,24.210834503173828,-2.298828125,76.35952691848674
72,llama,0,Llama-3.1-8B,0.8096696523254052,14.06145191192627,-2.5625,69.57252024470242
72,llama,1,Llama-3.1-8B,0.8046546476779034,15.877277374267578,-2.703125,69.0630360632892
72,llama,2,Llama-3.1-8B,0.859132673556802,20.742755889892578,-2.931640625,74.29338933753674
72,llama,3,Llama-3.1-8B,0.8036740761379773,16.98733901977539,-2.728515625,69.00947638102723
72,llama,4,Llama-3.1-8B,0.802153835400266,14.997468948364258,-2.6328125,68.74673461848367
73,llama,0,Llama-3.1-8B,0.9608540925266904,25.49578285217285,-2.544921875,76.69902825578623
73,llama,1,Llama-3.1-8B,0.9496154449850887,27.644994735717773,-2.54296875,77.07501598912667
73,llama,2,Llama-3.1-8B,0.9606895129058044,27.731464385986328,-2.611328125,76.73336273470488
73,llama,3,Llama-3.1-8B,0.9520033044196613,28.64703369140625,-2.583984375,77.01920315640712
73,llama,4,Llama-3.1-8B,0.9435820468839337,35.313438415527344,-2.736328125,77.07132598559679
74,llama,0,Llama-3.1-8B,0.8806485943930689,19.426639556884766,-2.580078125,75.80583738873482
74,llama,1,Llama-3.1-8B,0.8765595525697456,20.407238006591797,-2.57421875,75.65451352684582
74,llama,2,Llama-3.1-8B,0.9039979628214923,17.700748443603516,-2.623046875,76.54888498116377
74,llama,3,Llama-3.1-8B,0.9090686773996332,19.487092971801758,-2.494140625,76.82151266096258
74,llama,4,Llama-3.1-8B,0.8919019358991926,22.239559173583984,-2.630859375,76.42236172590708
75,llama,0,Llama-3.1-8B,0.860382106451386,20.427490234375,-2.876953125,74.43042516227632
75,llama,1,Llama-3.1-8B,0.8712763526367381,17.637969970703125,-2.83984375,74.99745529864732
75,llama,2,Llama-3.1-8B,0.8460126882967443,20.488849639892578,-2.833984375,73.38931376305193
75,llama,3,Llama-3.1-8B,0.8377830524061998,17.832075119018555,-2.765625,72.58323320368146
75,llama,4,Llama-3.1-8B,0.880609703355166,20.13934898376465,-2.884765625,75.60614138457893
76,llama,0,Llama-3.1-8B,0.9391106387445546,24.479433059692383,-1.8564453125,76.87515377758895
76,llama,1,Llama-3.1-8B,0.9005263074710372,19.921886444091797,-1.884765625,76.36120341292657
76,llama,2,Llama-3.1-8B,0.9443101873653268,22.788700103759766,-1.9423828125,76.81823837561359
76,llama,3,Llama-3.1-8B,0.9267808312824719,18.198623657226562,-1.8916015625,76.65847269098732
76,llama,4,Llama-3.1-8B,0.926193207561721,22.557025909423828,-1.986328125,76.98733491235825
77,llama,0,Llama-3.1-8B,0.9796954314720813,39.964942932128906,-3.603515625,73.98450559897351
77,llama,1,Llama-3.1-8B,0.9902912621359223,35.12904739379883,-3.3984375,74.098093629252
77,llama,2,Llama-3.1-8B,0.9768518518518519,32.80791473388672,-3.419921875,74.84927077528019
77,llama,3,Llama-3.1-8B,0.985981308411215,32.008323669433594,-3.40234375,74.39668081245887
77,llama,4,Llama-3.1-8B,0.9768518518518519,31.407194137573242,-3.359375,75.00590833275254
78,llama,0,Llama-3.1-8B,0.9633320812987772,36.02885818481445,-3.57421875,74.96295120090306
78,llama,1,Llama-3.1-8B,0.9621803607214429,40.153560638427734,-3.58203125,74.81967463102285
78,llama,2,Llama-3.1-8B,0.9669171245934731,39.56130599975586,-3.646484375,74.47620802078876
78,llama,3,Llama-3.1-8B,0.9642794140954288,44.56206130981445,-3.763671875,73.9030663067636
78,llama,4,Llama-3.1-8B,0.9617232345960861,38.06295394897461,-3.650390625,74.7266509138683
79,llama,0,Llama-3.1-8B,0.9093032308291163,27.77751350402832,-2.578125,77.1296664960554
79,llama,1,Llama-3.1-8B,0.9167342432145064,24.513166427612305,-2.609375,77.14457025933838
79,llama,2,Llama-3.1-8B,0.9314855543511221,23.139766693115234,-2.451171875,77.19545837054605
79,llama,3,Llama-3.1-8B,0.9040363723073725,27.112728118896484,-2.564453125,77.0032533047721
79,llama,4,Llama-3.1-8B,0.9221359702039744,22.151931762695312,-2.443359375,77.14084848619068
80,llama,0,Llama-3.1-8B,0.939374046270598,22.970949172973633,-3.1015625,76.53904560436453
80,llama,1,Llama-3.1-8B,0.9517888424686903,16.268362045288086,-2.76171875,76.35684553267014
80,llama,2,Llama-3.1-8B,0.934403809093908,18.787683486938477,-2.869140625,76.6978796712876
80,llama,3,Llama-3.1-8B,0.9489302967563837,18.017362594604492,-2.87109375,76.43596294976894
80,llama,4,Llama-3.1-8B,0.9816176470588235,19.950395584106445,-2.947265625,75.19061372327587
81,llama,0,Llama-3.1-8B,0.9566253998341429,49.17171096801758,-3.171875,75.32503637176576
81,llama,1,Llama-3.1-8B,0.952513966480447,47.363380432128906,-3.234375,75.48201263171406
81,llama,2,Llama-3.1-8B,0.9637883008356546,42.6226921081543,-3.185546875,75.58588237126726
81,llama,3,Llama-3.1-8B,0.9452054794520548,50.74884796142578,-3.322265625,75.12669442429527
81,llama,4,Llama-3.1-8B,0.9656160458452722,52.563194274902344,-3.306640625,74.38084772979967
82,llama,0,Llama-3.1-8B,0.8562506284266985,17.396045684814453,-2.185546875,74.15803088883183
82,llama,1,Llama-3.1-8B,0.861362046640439,16.38444709777832,-2.17578125,74.4438051252303
82,llama,2,Llama-3.1-8B,0.8506637546268715,15.299277305603027,-2.05859375,73.50634761997236
82,llama,3,Llama-3.1-8B,0.8267042008223611,16.029672622680664,-2.109375,71.46217224198493
82,llama,4,Llama-3.1-8B,0.8323570225693978,18.708906173706055,-2.28125,72.27233523460262
83,llama,0,Llama-3.1-8B,0.8281216534589847,12.00678825378418,-2.4375,71.37515540199702
83,llama,1,Llama-3.1-8B,0.9558357313563869,17.333162307739258,-2.822265625,76.26528288294884
83,llama,3,Llama-3.1-8B,0.9059515408377435,16.93902587890625,-2.771484375,76.44098752796343
83,llama,4,Llama-3.1-8B,0.9442492954169431,23.00865364074707,-3.048828125,76.55724059760789
84,llama,0,Llama-3.1-8B,0.9069123812941476,36.91300964355469,-3.513671875,75.53184700753312
84,llama,1,Llama-3.1-8B,0.9601593625498008,20.137903213500977,-2.97265625,76.12291368335939
84,llama,2,Llama-3.1-8B,0.9601593625498008,33.2855110168457,-3.458984375,75.4476143722882
84,llama,3,Llama-3.1-8B,0.93312032041225,36.24985885620117,-3.54296875,75.68985000803643
84,llama,4,Llama-3.1-8B,0.9616858237547893,24.78542709350586,-3.16015625,75.97358336655881
85,llama,0,Llama-3.1-8B,0.9801980198019802,44.71778869628906,-2.84765625,75.2020362895648
85,llama,1,Llama-3.1-8B,0.9776357827476039,48.87651443481445,-3.07421875,74.67131006563517
85,llama,2,Llama-3.1-8B,0.9807073954983923,41.34670639038086,-2.986328125,75.22392459660323
85,llama,3,Llama-3.1-8B,0.9731543624161074,46.598304748535156,-2.921875,75.31962570155513
85,llama,4,Llama-3.1-8B,0.9739413680781759,38.10853576660156,-2.84375,75.90491592363506
86,llama,0,Llama-3.1-8B,0.9827089337175793,31.736419677734375,-2.681640625,75.72526313813496
86,llama,1,Llama-3.1-8B,0.9862637362637363,25.313396453857422,-2.521484375,75.50026804785499
86,llama,2,Llama-3.1-8B,0.9772727272727273,25.535110473632812,-2.541015625,75.99951082231871
86,llama,3,Llama-3.1-8B,0.9752598815883597,27.408750534057617,-2.61328125,76.11910452878456
86,llama,4,Llama-3.1-8B,0.977961432506887,24.9493465423584,-2.544921875,75.94428853605106
87,llama,0,Llama-3.1-8B,0.9374225526641883,20.03639793395996,-2.87890625,76.73570102299706
87,llama,1,Llama-3.1-8B,0.90267582658887,19.114980697631836,-2.87109375,76.40127986144088
87,llama,2,Llama-3.1-8B,0.9074142156862745,20.6885986328125,-2.923828125,76.54249348991588
87,llama,3,Llama-3.1-8B,0.9633699633699634,23.656103134155273,-2.978515625,76.1710731820751
87,llama,4,Llama-3.1-8B,0.9092763046589574,22.01656150817871,-2.919921875,76.65357317358314
88,llama,0,Llama-3.1-8B,0.8993783116788852,28.074007034301758,-3.291015625,75.95778319615289
88,llama,1,Llama-3.1-8B,0.8776100015273356,26.493423461914062,-3.24609375,75.12298822181153
88,llama,2,Llama-3.1-8B,0.8726090550887652,25.953411102294922,-3.21484375,74.89883743580583
88,llama,3,Llama-3.1-8B,0.7869700465111521,23.22608757019043,-3.142578125,66.76757490514187
88,llama,4,Llama-3.1-8B,0.9102974098518134,25.40680503845215,-3.21484375,76.32136336365942
89,llama,0,Llama-3.1-8B,0.9851301115241635,33.51274871826172,-3.517578125,74.13045941186184
89,llama,1,Llama-3.1-8B,0.9799196787148594,73.68690490722656,-4.34375,67.46444013644043
89,llama,2,Llama-3.1-8B,0.9375,41.4066276550293,-3.67578125,75.03777389487647
89,llama,3,Llama-3.1-8B,0.9722222222222222,31.719074249267578,-3.50390625,74.85863740952706
89,llama,4,Llama-3.1-8B,0.9791322386695264,49.592689514160156,-3.888671875,72.36862818633114
90,llama,0,Llama-3.1-8B,0.7440951317187458,16.966970443725586,-2.765625,60.91945132515671
90,llama,1,Llama-3.1-8B,0.8791659036806445,13.7531156539917,-2.55078125,75.33943570940038
90,llama,2,Llama-3.1-8B,0.7939223996461034,17.179271697998047,-2.767578125,67.81506973919767
90,llama,3,Llama-3.1-8B,0.7669936061771347,15.301959037780762,-2.591796875,64.23414681361061
90,llama,4,Llama-3.1-8B,0.7234805542434263,13.650289535522461,-2.537109375,57.636342421291374
91,llama,0,Llama-3.1-8B,0.9690402476780186,39.68285369873047,-2.572265625,76.25358819455835
91,llama,1,Llama-3.1-8B,0.9598580851104744,44.332496643066406,-2.681640625,76.26334961091196
91,llama,2,Llama-3.1-8B,0.9565217391304348,38.32522964477539,-2.6328125,76.74183989744425
91,llama,3,Llama-3.1-8B,0.9570552147239264,40.522769927978516,-2.55859375,76.65548141815337
91,llama,4,Llama-3.1-8B,0.9716981132075472,38.17048263549805,-2.51171875,76.22196553689989
92,llama,0,Llama-3.1-8B,0.8713364994809211,17.24470329284668,-2.87890625,74.93098532724174
92,llama,1,Llama-3.1-8B,0.9249830737982397,21.9628849029541,-3.123046875,76.5197548139692
92,llama,2,Llama-3.1-8B,0.855075254537406,21.57198715209961,-3.078125,73.82524630972914
92,llama,3,Llama-3.1-8B,0.9266835210296482,15.813515663146973,-2.755859375,76.62766464030463
92,llama,4,Llama-3.1-8B,0.9628540391348741,18.943281173706055,-2.94921875,75.98989383542306
93,llama,0,Llama-3.1-8B,0.9650655021834061,28.00358772277832,-2.705078125,76.52262439328562
93,llama,1,Llama-3.1-8B,0.9613733905579399,22.169647216796875,-2.49609375,76.56420984587366
93,llama,2,Llama-3.1-8B,0.956140350877193,26.904897689819336,-2.751953125,76.76912148622446
93,llama,3,Llama-3.1-8B,0.9690265486725663,21.599197387695312,-2.591796875,76.20890795448558
93,llama,4,Llama-3.1-8B,0.9699570815450643,26.595947265625,-2.712890625,76.28578335953509
94,llama,0,Llama-3.1-8B,0.9089870983359875,21.5469913482666,-2.953125,76.58142675584197
94,llama,1,Llama-3.1-8B,0.9292634347509672,37.1267204284668,-3.474609375,75.86283736732398
94,llama,2,Llama-3.1-8B,0.9459382108974315,22.22484016418457,-3.009765625,76.55197841671473
94,llama,3,Llama-3.1-8B,0.9123241221400731,19.66852569580078,-2.9140625,76.59106871529711
94,llama,4,Llama-3.1-8B,0.9461777931511588,26.692180633544922,-3.1875,76.3999184803276
95,llama,0,Llama-3.1-8B,0.8528670105511266,19.46617889404297,-2.8984375,73.80299084053927
95,llama,1,Llama-3.1-8B,0.8612746648412194,15.56736946105957,-2.71875,74.32392927004703
95,llama,2,Llama-3.1-8B,0.8605815993116663,18.902862548828125,-2.921875,74.30053130951927
95,llama,3,Llama-3.1-8B,0.8560678744097673,17.29517364501953,-2.87890625,73.92659595813241
95,llama,4,Llama-3.1-8B,0.82376454015009,23.114927291870117,-3.021484375,71.22176670338742
96,llama,0,Llama-3.1-8B,0.9484029484029484,15.120325088500977,-2.056640625,76.3645834460703
96,llama,1,Llama-3.1-8B,0.9465648854961832,17.30744743347168,-2.17578125,76.63511801796888
96,llama,2,Llama-3.1-8B,0.9388639976875272,15.25825309753418,-2.009765625,76.49672306674627
96,llama,3,Llama-3.1-8B,0.9336387286506052,14.411502838134766,-2.0859375,76.53377806887079
96,llama,4,Llama-3.1-8B,0.9538834951456311,16.83025360107422,-2.12890625,76.40469660779985
97,llama,0,Llama-3.1-8B,0.9297005106747227,19.83461570739746,-3.046875,76.53887070327312
97,llama,1,Llama-3.1-8B,0.8944605381808891,29.493864059448242,-3.40625,75.54390804548657
97,llama,2,Llama-3.1-8B,0.914088151810318,28.873165130615234,-3.302734375,76.27230826309199
97,llama,3,Llama-3.1-8B,0.919947535059097,25.25385093688965,-3.216796875,76.44321158814438
97,llama,4,Llama-3.1-8B,0.9074852821713696,16.945737838745117,-2.87109375,76.375167328864
98,llama,0,Llama-3.1-8B,0.9790794979079498,44.60986328125,-2.9609375,75.1310208445554
98,llama,1,Llama-3.1-8B,0.9839357429718876,38.043392181396484,-2.826171875,75.40006529404857
98,llama,2,Llama-3.1-8B,0.9834710743801653,36.91459655761719,-2.7890625,75.50348112061255
98,llama,3,Llama-3.1-8B,0.9799196787148594,31.66455078125,-2.669921875,75.88626275658662
98,llama,4,Llama-3.1-8B,0.9757085020242915,32.27505874633789,-2.6875,76.08891402087254
99,llama,0,Llama-3.1-8B,0.9430622793287956,16.804460525512695,-2.732421875,76.59828258547124
99,llama,1,Llama-3.1-8B,0.9384578658391024,18.550338745117188,-2.84765625,76.67030598238178
99,llama,2,Llama-3.1-8B,0.95507254242194,20.52406120300293,-2.939453125,76.34770681689395
99,llama,3,Llama-3.1-8B,0.9472664798604129,18.912242889404297,-2.8828125,76.51476521723217
99,llama,4,Llama-3.1-8B,0.9455114857323715,19.37250518798828,-2.8671875,76.59482876112857
100,llama,0,Llama-3.1-8B,0.8302062808724627,15.688594818115234,-2.140625,71.79857569177997
100,llama,1,Llama-3.1-8B,0.8878793027974403,15.424768447875977,-1.9931640625,75.71437882896197
100,llama,2,Llama-3.1-8B,0.8925011178621216,16.489320755004883,-2.3125,76.14898365714141
100,llama,3,Llama-3.1-8B,0.8993347408979835,12.824722290039062,-2.03125,75.94965425238328
100,llama,4,Llama-3.1-8B,0.8720565401310956,13.635187149047852,-2.041015625,74.8213305917193
101,llama,0,Llama-3.1-8B,0.9794748835152876,36.39838409423828,-3.564453125,74.2522627633286
101,llama,1,Llama-3.1-8B,0.980544747081712,42.92803955078125,-3.69921875,73.4749329866623
101,llama,2,Llama-3.1-8B,0.9721115537848606,35.22419357299805,-3.568359375,74.63672831622328
101,llama,3,Llama-3.1-8B,0.9770114942528736,29.297264099121094,-3.373046875,74.9557990239233
101,llama,4,Llama-3.1-8B,0.9702127659574468,35.977176666259766,-3.591796875,74.63490960584917
102,llama,0,Llama-3.1-8B,0.8906427959645891,20.25695037841797,-2.462890625,76.3264619390426
102,llama,1,Llama-3.1-8B,0.9346855983772819,21.02762794494629,-2.494140625,77.07145878174632
102,llama,2,Llama-3.1-8B,0.9456963859927999,19.38979148864746,-2.427734375,76.84498061355858
102,llama,3,Llama-3.1-8B,0.935303845438089,17.956972122192383,-2.416015625,76.8931596535995
102,llama,4,Llama-3.1-8B,0.9407619816082169,22.43275260925293,-2.666015625,77.00815845981874
103,llama,0,Llama-3.1-8B,0.8474287083329982,12.5536527633667,-1.921875,72.90977570107948
103,llama,1,Llama-3.1-8B,0.8583039679168216,12.885993003845215,-1.86328125,73.70823525105278
103,llama,2,Llama-3.1-8B,0.8526753684048156,14.178614616394043,-1.9208984375,73.45736096054691
103,llama,3,Llama-3.1-8B,0.8402095917680248,12.920904159545898,-1.916015625,72.32470376094071
103,llama,4,Llama-3.1-8B,0.842512203271047,12.669257164001465,-1.9814453125,72.56355546114564
104,llama,0,Llama-3.1-8B,0.9244704497776202,31.463321685791016,-2.619140625,77.31914315386894
104,llama,1,Llama-3.1-8B,0.9470792420622673,37.79454040527344,-2.70703125,76.95305831741085
104,llama,2,Llama-3.1-8B,0.9408647493198601,29.242446899414062,-2.677734375,77.19390695897975
104,llama,3,Llama-3.1-8B,0.9413690991726675,31.401832580566406,-2.58984375,77.24372084911917
104,llama,4,Llama-3.1-8B,0.9521018548307464,37.8128547668457,-2.73046875,76.82039158145574
105,llama,0,Llama-3.1-8B,0.8663215382915833,19.968250274658203,-2.986328125,74.65712812672886
105,llama,1,Llama-3.1-8B,0.8312578426722591,21.269960403442383,-3.05078125,71.82858104301462
105,llama,2,Llama-3.1-8B,0.8793108354723811,20.88739585876465,-2.99609375,75.43542194747178
105,llama,3,Llama-3.1-8B,0.8464363920654191,21.588611602783203,-3.0234375,73.23781189160096
105,llama,4,Llama-3.1-8B,0.8567717871152801,20.714195251464844,-3.005859375,74.01966763513174
106,llama,0,Llama-3.1-8B,0.9085010912899792,22.11566734313965,-3.03515625,76.47968385524184
106,llama,1,Llama-3.1-8B,0.88933755703292,18.806806564331055,-2.869140625,75.93694134388647
106,llama,2,Llama-3.1-8B,0.9464041669889894,18.693683624267578,-2.900390625,76.49737671758035
106,llama,3,Llama-3.1-8B,0.9154063886867932,25.234182357788086,-3.19140625,76.44412532413216
106,llama,4,Llama-3.1-8B,0.8852430935776362,18.72725486755371,-2.896484375,75.72582180093428
107,llama,0,Llama-3.1-8B,0.9417420814479638,30.49231719970703,-3.234375,76.43362379032797
107,llama,1,Llama-3.1-8B,0.944774886410574,23.10091209411621,-3.009765625,76.61251645271892
107,llama,2,Llama-3.1-8B,0.9464805464805466,31.054014205932617,-3.3125,76.18408181393218
107,llama,3,Llama-3.1-8B,0.9279841897233202,29.955224990844727,-3.29296875,76.40572371721704
107,llama,4,Llama-3.1-8B,0.9396248054395019,21.576114654541016,-2.92578125,76.73616672237516
108,llama,0,Llama-3.1-8B,0.9746969853931421,28.679677963256836,-3.302734375,75.22728276466268
108,llama,1,Llama-3.1-8B,0.9844559585492227,26.17391586303711,-3.3046875,74.65238070356911
108,llama,2,Llama-3.1-8B,0.9855306974344542,29.089506149291992,-3.341796875,74.5602906313056
108,llama,3,Llama-3.1-8B,0.9787802935487541,34.94010543823242,-3.560546875,74.33763394208609
108,llama,4,Llama-3.1-8B,0.9659732185557149,24.379270553588867,-3.16796875,75.78381119408047
109,llama,0,Llama-3.1-8B,0.979381443298969,24.725603103637695,-3.201171875,75.10934610781551
109,llama,1,Llama-3.1-8B,0.9626594576328462,24.777137756347656,-3.236328125,75.7873264655381
109,llama,2,Llama-3.1-8B,0.9819494584837545,25.504796981811523,-3.23046875,74.9357484693402
109,llama,3,Llama-3.1-8B,0.9506371166918016,22.78720474243164,-3.138671875,76.26219343684112
109,llama,4,Llama-3.1-8B,0.9722222222222222,24.888368606567383,-3.228515625,75.41396185637478
110,llama,0,Llama-3.1-8B,0.9740932642487047,33.61328125,-3.537109375,74.66264044225017
110,llama,1,Llama-3.1-8B,0.968696610636539,31.56966209411621,-3.431640625,75.20599440953883
110,llama,2,Llama-3.1-8B,0.9946808510638298,30.561853408813477,-3.482421875,73.63724088336727
110,llama,3,Llama-3.1-8B,0.9849246231155779,25.925662994384766,-3.283203125,74.66603051460582
110,llama,4,Llama-3.1-8B,0.9846938775510204,29.85459327697754,-3.439453125,74.37600030771212
111,llama,0,Llama-3.1-8B,0.9352509876741325,32.15343475341797,-2.76953125,77.19112164182417
111,llama,1,Llama-3.1-8B,0.9324118046132971,33.3512077331543,-2.791015625,77.17844630399665
111,llama,2,Llama-3.1-8B,0.9353293138625892,32.42622375488281,-2.73828125,77.2149058403189
111,llama,3,Llama-3.1-8B,0.9267093167193907,29.61073875427246,-2.63671875,77.3093706417254
111,llama,4,Llama-3.1-8B,0.9273013202647844,32.363914489746094,-2.615234375,77.32322075476819
112,llama,0,Llama-3.1-8B,0.9906542056074766,27.305980682373047,-3.15625,74.60812973075048
112,llama,1,Llama-3.1-8B,0.9833333333333333,24.061378479003906,-3.07421875,75.10021394976563
112,llama,2,Llama-3.1-8B,0.981651376146789,27.75425148010254,-3.2109375,75.04745827955927
112,llama,3,Llama-3.1-8B,0.9824561403508771,29.326005935668945,-3.306640625,74.82065794688728
112,llama,4,Llama-3.1-8B,0.9647597977243995,27.677778244018555,-3.193359375,75.87338775044304
113,llama,0,Llama-3.1-8B,0.9933333333333333,23.41386604309082,-3.1171875,74.38340177856229
113,llama,1,Llama-3.1-8B,0.9692508243232881,20.90276527404785,-2.994140625,75.78534948231739
113,llama,2,Llama-3.1-8B,0.9626572327044025,21.162349700927734,-2.990234375,76.06591985241857
113,llama,3,Llama-3.1-8B,0.9621865677658632,20.577373504638672,-3.009765625,76.02301802531976
113,llama,4,Llama-3.1-8B,0.9935483870967742,22.685527801513672,-3.083984375,74.39544174908781
114,llama,0,Llama-3.1-8B,0.9813084112149533,45.91054153442383,-2.99609375,74.8598742029293
114,llama,1,Llama-3.1-8B,0.984375,44.76774597167969,-3.064453125,74.67017761106919
114,llama,2,Llama-3.1-8B,0.9908675799086758,58.908138275146484,-3.236328125,72.45742495904014
114,llama,3,Llama-3.1-8B,0.9842931937172775,48.51133728027344,-3.04296875,74.39298050637412
114,llama,4,Llama-3.1-8B,0.9948717948717949,61.91364288330078,-3.185546875,71.89548481547133
115,llama,0,Llama-3.1-8B,0.951310861423221,25.160085678100586,-2.4375,76.99061262149667
115,llama,1,Llama-3.1-8B,0.9381956384037644,25.921754837036133,-2.306640625,77.23516526367631
115,llama,2,Llama-3.1-8B,0.9413771807935772,22.80535316467285,-2.30859375,77.08273145110324
115,llama,3,Llama-3.1-8B,0.9423076923076923,26.351091384887695,-2.369140625,77.2034028045783
115,llama,4,Llama-3.1-8B,0.9501915708812261,22.51625633239746,-2.244140625,76.88507253386224
116,llama,0,Llama-3.1-8B,0.988,30.817941665649414,-2.509765625,75.490577285237
116,llama,1,Llama-3.1-8B,0.9875518672199171,38.19546890258789,-2.783203125,75.22134688382025
116,llama,2,Llama-3.1-8B,0.979757085020243,30.50126838684082,-2.462890625,75.97158811681194
116,llama,3,Llama-3.1-8B,0.972,36.8150749206543,-2.724609375,76.15101678878511
116,llama,4,Llama-3.1-8B,0.9672131147540983,34.692832946777344,-2.615234375,76.48245992100598
117,llama,0,Llama-3.1-8B,0.9273270283723245,30.232267379760742,-2.34375,77.37010551297477
117,llama,1,Llama-3.1-8B,0.9178423236514524,33.83246994018555,-2.494140625,77.294793259448
117,llama,2,Llama-3.1-8B,0.9207710843373494,31.689708709716797,-2.4296875,77.3490190595808
117,llama,3,Llama-3.1-8B,0.9413892139134135,31.020130157470703,-2.421875,77.28152840310737
117,llama,4,Llama-3.1-8B,0.9181783889441377,32.9343147277832,-2.46875,77.31398479858771
118,llama,0,Llama-3.1-8B,0.9472351203039258,25.17538070678711,-3.048828125,76.58282281109577
118,llama,1,Llama-3.1-8B,0.970873786407767,18.7725887298584,-2.8046875,75.82088253651357
118,llama,2,Llama-3.1-8B,0.9136976910192167,25.33592987060547,-3.025390625,76.7143042981755
118,llama,3,Llama-3.1-8B,0.9565948377930381,20.941410064697266,-2.876953125,76.40276840117303
118,llama,4,Llama-3.1-8B,0.9187515579652084,22.83943748474121,-2.99609375,76.72673628952262
119,llama,0,Llama-3.1-8B,0.9163341435200227,20.74399185180664,-3.037109375,76.53564443876965
119,llama,1,Llama-3.1-8B,0.9338411819021237,23.730976104736328,-3.177734375,76.48149053769566
119,llama,2,Llama-3.1-8B,0.9074582980192201,18.947614669799805,-2.9453125,76.4147209212577
119,llama,3,Llama-3.1-8B,0.9270280844542258,24.94422149658203,-3.2421875,76.41396928880494
119,llama,4,Llama-3.1-8B,0.9210099303065857,19.404239654541016,-2.94140625,76.64370157861087
120,llama,0,Llama-3.1-8B,0.9808105872622002,17.078433990478516,-2.853515625,75.16654762032285
120,llama,1,Llama-3.1-8B,0.960832857233543,14.164603233337402,-2.69921875,75.97571393665238
120,llama,2,Llama-3.1-8B,0.9702380952380952,17.58086395263672,-2.82421875,75.7523117065409
120,llama,3,Llama-3.1-8B,0.9646379261763877,20.183591842651367,-2.966796875,75.9723882413376
120,llama,4,Llama-3.1-8B,0.9824561403508771,21.11531639099121,-2.990234375,75.1478353391535
121,llama,0,Llama-3.1-8B,0.8976588409615937,23.292131423950195,-2.390625,76.72673291504623
121,llama,1,Llama-3.1-8B,0.8869646083901852,23.118289947509766,-2.392578125,76.31974641443149
121,llama,2,Llama-3.1-8B,0.9119239588667419,22.97992706298828,-2.4453125,77.06045446634876
121,llama,3,Llama-3.1-8B,0.8752739718375763,20.876283645629883,-2.24609375,75.61248899657885
121,llama,4,Llama-3.1-8B,0.9075481898968234,22.76138687133789,-2.306640625,76.95642094688344
122,llama,0,Llama-3.1-8B,0.9372093023255814,14.434982299804688,-2.658203125,76.54738259624226
122,llama,1,Llama-3.1-8B,0.947856577310259,16.144920349121094,-2.794921875,76.40853510259102
122,llama,2,Llama-3.1-8B,0.9391897891231965,18.597183227539062,-2.919921875,76.58019577246247
122,llama,3,Llama-3.1-8B,0.920608147817297,15.279994010925293,-2.748046875,76.56653777387756
122,llama,4,Llama-3.1-8B,0.9247411159949341,15.156211853027344,-2.7421875,76.58481490960506
123,llama,0,Llama-3.1-8B,0.9198925981521807,27.03495216369629,-3.291015625,76.33339236821605
123,llama,1,Llama-3.1-8B,0.9575922895071831,33.445068359375,-3.515625,75.37636974564346
123,llama,2,Llama-3.1-8B,0.9394768472051845,21.952322006225586,-3.08203125,76.52468018218018
123,llama,3,Llama-3.1-8B,0.9270111455869451,24.371164321899414,-3.201171875,76.47781592594389
123,llama,4,Llama-3.1-8B,0.9688715953307393,21.534156799316406,-3.044921875,75.75674000375767
124,llama,0,Llama-3.1-8B,0.9051535087719298,26.183565139770508,-3.23828125,76.18598500057333
124,llama,1,Llama-3.1-8B,0.8711369242580487,21.537961959838867,-3.068359375,74.90916152648067
124,llama,2,Llama-3.1-8B,0.8762293026166722,24.40449333190918,-3.169921875,75.13852040934736
124,llama,3,Llama-3.1-8B,0.8839206780550184,17.02741241455078,-2.84375,75.61342741322214
124,llama,4,Llama-3.1-8B,0.8809854294187697,23.400611877441406,-3.126953125,75.42372966089438
125,llama,0,Llama-3.1-8B,0.8923166705397156,35.01210403442383,-3.4296875,75.37181337834633
125,llama,1,Llama-3.1-8B,0.9372093023255814,38.511260986328125,-3.529296875,75.6167835532456
125,llama,2,Llama-3.1-8B,0.9203520933874719,29.301132202148438,-3.333984375,76.27664845652725
125,llama,3,Llama-3.1-8B,0.9045729762803971,40.96318435668945,-3.576171875,75.12191045218533
125,llama,4,Llama-3.1-8B,0.9632352941176471,51.67294692993164,-3.8515625,72.99777239956902
126,llama,2,Llama-3.1-8B,0.9953488372093023,26.55887222290039,-3.166015625,74.26181664360638
126,llama,3,Llama-3.1-8B,1.0,27.144758224487305,-3.205078125,73.87118163184668
126,llama,4,Llama-3.1-8B,0.9584840654608096,28.84416389465332,-3.240234375,76.01766012416105
127,llama,0,Llama-3.1-8B,0.9475308641975309,19.17335319519043,-2.888671875,76.51844577238903
127,llama,1,Llama-3.1-8B,0.9474788538456494,20.11949920654297,-2.958984375,76.48532592936205
127,llama,2,Llama-3.1-8B,0.9190722774438029,17.065954208374023,-2.8046875,76.63280610160717
127,llama,3,Llama-3.1-8B,0.9341507449953376,18.274595260620117,-2.837890625,76.701196567904
127,llama,4,Llama-3.1-8B,0.9453376205787781,17.148433685302734,-2.7890625,76.534824041545
128,llama,0,Llama-3.1-8B,0.9663541092112521,20.394859313964844,-2.927734375,75.96914474449336
128,llama,1,Llama-3.1-8B,0.9137205419005809,18.438465118408203,-2.8515625,76.61084690220244
128,llama,2,Llama-3.1-8B,0.9514439622923837,19.76424217224121,-2.916015625,76.4314672073909
128,llama,3,Llama-3.1-8B,0.9588122605363986,21.821699142456055,-3.0234375,76.18148095135382
128,llama,4,Llama-3.1-8B,0.9401414837656448,23.280563354492188,-3.037109375,76.64914701000326
129,llama,0,Llama-3.1-8B,0.9291955095384381,24.506200790405273,-2.525390625,77.24102441697009
129,llama,1,Llama-3.1-8B,0.9285456963789283,28.89253044128418,-2.654296875,77.29252184983433
129,llama,2,Llama-3.1-8B,0.9219447320158042,27.991371154785156,-2.6171875,77.28044722689819
129,llama,3,Llama-3.1-8B,0.9304715787674436,24.19843292236328,-2.599609375,77.20046694971745
129,llama,4,Llama-3.1-8B,0.9398655120202846,22.652883529663086,-2.62109375,77.05499666989896
130,llama,0,Llama-3.1-8B,0.891637769082261,20.49397850036621,-3.08984375,75.81278369670204
130,llama,1,Llama-3.1-8B,0.8886859614069442,20.82301139831543,-3.064453125,75.7561786507902
130,llama,2,Llama-3.1-8B,0.9031250358799721,23.62757110595703,-3.24609375,76.03298051913325
130,llama,3,Llama-3.1-8B,0.8985121737266469,24.25931167602539,-3.197265625,76.02531084011747
130,llama,4,Llama-3.1-8B,0.8836228052860843,23.074087142944336,-3.15625,75.48173871122162
131,llama,0,Llama-3.1-8B,1.0,49.44622039794922,-1.7783203125,73.36520442392502
131,llama,1,Llama-3.1-8B,1.0,48.37181091308594,-1.810546875,73.50497150404043
131,llama,2,Llama-3.1-8B,1.0,41.03337860107422,-1.396484375,73.47363269888892
131,llama,3,Llama-3.1-8B,1.0,43.48760223388672,-1.416015625,73.35206492274764
131,llama,4,Llama-3.1-8B,1.0,50.544044494628906,-1.7783203125,73.25554419773903
132,llama,0,Llama-3.1-8B,0.8670442312120025,21.079483032226562,-2.9765625,74.77748338480751
132,llama,1,Llama-3.1-8B,0.7980318226997544,16.3523006439209,-2.765625,68.26179274988276
132,llama,2,Llama-3.1-8B,0.7916739830260463,18.698091506958008,-2.87890625,67.52189084727817
132,llama,3,Llama-3.1-8B,0.9583333333333334,26.774280548095703,-3.2265625,76.01294831297956
132,llama,4,Llama-3.1-8B,0.8559051846668563,20.027868270874023,-3.03125,73.87969861005062
133,llama,0,Llama-3.1-8B,0.9530856889151991,30.20671844482422,-3.38671875,75.85455166904602
133,llama,1,Llama-3.1-8B,0.925947520049278,26.472000122070312,-3.234375,76.47358546740965
133,llama,2,Llama-3.1-8B,0.9528847589192416,28.506210327148438,-3.291015625,76.06663599287548
133,llama,3,Llama-3.1-8B,0.9528847589192416,25.770221710205078,-3.150390625,76.29376455392534
133,llama,4,Llama-3.1-8B,0.9630156716161997,26.332481384277344,-3.154296875,75.98350067908929
134,llama,1,Llama-3.1-8B,0.8636688778832103,16.545942306518555,-2.701171875,74.56936251082442
134,llama,2,Llama-3.1-8B,0.8549957380516869,18.766660690307617,-2.8359375,73.99122492132066
134,llama,3,Llama-3.1-8B,0.9149668223150651,19.587533950805664,-2.806640625,76.74553705654104
134,llama,4,Llama-3.1-8B,0.9181254718803223,19.60024070739746,-2.91015625,76.66982463474311
135,llama,0,Llama-3.1-8B,0.9083997295127355,24.145689010620117,-3.150390625,76.36628393622242
135,llama,1,Llama-3.1-8B,0.9152973242131195,17.092117309570312,-2.80078125,76.59550107665974
135,llama,2,Llama-3.1-8B,0.8896570997819933,21.221797943115234,-2.986328125,75.9367716124251
135,llama,3,Llama-3.1-8B,0.9142501916353507,21.261199951171875,-2.9921875,76.60286383061188
135,llama,4,Llama-3.1-8B,0.9329413000105009,24.02219009399414,-3.1171875,76.61025395832777
136,llama,0,Llama-3.1-8B,0.9732620320855615,15.813533782958984,-2.603515625,75.65228789065722
136,llama,1,Llama-3.1-8B,0.9807692307692307,25.793956756591797,-3.0625,75.32024865372146
136,llama,2,Llama-3.1-8B,0.9090564269705496,14.669807434082031,-2.59375,76.45648496710646
136,llama,3,Llama-3.1-8B,0.9801324503311258,26.72402000427246,-3.099609375,75.31694145289512
136,llama,4,Llama-3.1-8B,0.9863013698630136,23.70004653930664,-2.9921875,75.04091045704021
137,llama,0,Llama-3.1-8B,0.8974500167960161,24.6275577545166,-3.171875,76.05456089280844
137,llama,1,Llama-3.1-8B,0.8256218677064405,28.67654037475586,-3.275390625,71.09569391656902
137,llama,2,Llama-3.1-8B,0.8022178537224658,22.076946258544922,-3.068359375,68.72697754812107
137,llama,3,Llama-3.1-8B,0.874711247200596,18.102691650390625,-2.8515625,75.21123448376336
137,llama,4,Llama-3.1-8B,0.8458509233517768,27.357736587524414,-3.236328125,73.00991464673066
138,llama,0,Llama-3.1-8B,0.8001915676900269,17.946611404418945,-2.771484375,68.62669419448666
138,llama,1,Llama-3.1-8B,0.8785820707803642,13.007734298706055,-2.548828125,75.24857670611544
138,llama,2,Llama-3.1-8B,0.8499595400009338,16.558666229248047,-2.712890625,73.56675222408781
138,llama,3,Llama-3.1-8B,0.824932198514531,13.412742614746094,-2.576171875,71.1456095591529
138,llama,4,Llama-3.1-8B,0.8099553069612346,13.453436851501465,-2.5390625,69.56293503968315
139,llama,0,Llama-3.1-8B,0.9357097642031967,19.426944732666016,-2.978515625,76.58754027212214
139,llama,1,Llama-3.1-8B,0.9291992946405949,19.01488494873047,-2.955078125,76.626275364021
139,llama,2,Llama-3.1-8B,0.9269545896403277,16.998926162719727,-2.84375,76.62935613443426
139,llama,3,Llama-3.1-8B,0.9129794751499637,18.638160705566406,-2.943359375,76.50130405977247
139,llama,4,Llama-3.1-8B,0.9357570776318128,14.083102226257324,-2.640625,76.54252340050145
140,llama,0,Llama-3.1-8B,0.9611111111111111,35.27167892456055,-2.8359375,76.53132717686837
140,llama,1,Llama-3.1-8B,0.9695290858725761,39.360870361328125,-3.123046875,75.65224427391082
140,llama,2,Llama-3.1-8B,0.9541547277936963,40.63410568237305,-3.0,76.33400243259116
140,llama,3,Llama-3.1-8B,0.96,39.26963806152344,-2.9921875,76.23484466288627
140,llama,4,Llama-3.1-8B,0.9478021978021978,34.559810638427734,-2.86328125,76.88734834936267
141,llama,0,Llama-3.1-8B,0.9452300150829562,15.601515769958496,-2.6953125,76.50103660846491
141,llama,1,Llama-3.1-8B,0.9485612006058103,14.394782066345215,-2.587890625,76.401001670234
141,llama,2,Llama-3.1-8B,0.9271991166728009,17.26435089111328,-2.751953125,76.73513174105257
141,llama,3,Llama-3.1-8B,0.9322171489123319,20.775657653808594,-2.931640625,76.74975012989245
141,llama,4,Llama-3.1-8B,0.946684350132626,20.48126792907715,-2.943359375,76.54254465746185
142,llama,0,Llama-3.1-8B,0.9443652523897367,24.62104606628418,-3.208984375,76.32891676429905
142,llama,1,Llama-3.1-8B,0.9155228410805086,22.119848251342773,-3.109375,76.47472278550673
142,llama,2,Llama-3.1-8B,0.9077440261667525,23.64063835144043,-3.18359375,76.26976607055607
142,llama,3,Llama-3.1-8B,0.9586192109777015,23.27212142944336,-3.16796875,76.00464053764549
142,llama,4,Llama-3.1-8B,0.9378798567397438,21.13551902770996,-3.03515625,76.57811457895666
143,llama,0,Llama-3.1-8B,0.9037476053293882,22.22152328491211,-2.431640625,76.8538070622063
143,llama,1,Llama-3.1-8B,0.9192989397056497,25.816043853759766,-2.57421875,77.2286476178252
143,llama,2,Llama-3.1-8B,0.9461603211603212,25.071624755859375,-2.623046875,77.04775708535342
143,llama,3,Llama-3.1-8B,0.9304676926950556,26.245935440063477,-2.546875,77.28626624502229
143,llama,4,Llama-3.1-8B,0.9212593355652845,28.693479537963867,-2.59375,77.29760420332636
144,llama,0,Llama-3.1-8B,0.9291077014747504,38.42680740356445,-3.630859375,75.3705862039218
144,llama,1,Llama-3.1-8B,0.9281566730410844,42.61720275878906,-3.7578125,74.75085049906885
144,llama,2,Llama-3.1-8B,0.9214277292098304,42.83070755004883,-3.728515625,74.80961469991657
144,llama,3,Llama-3.1-8B,0.9288970742395777,40.30030059814453,-3.70703125,75.04827055700235
145,llama,0,Llama-3.1-8B,0.9093056166526144,24.27128791809082,-3.091796875,76.49387410847412
145,llama,1,Llama-3.1-8B,0.9221384708729774,38.933990478515625,-3.587890625,75.45928610839947
145,llama,2,Llama-3.1-8B,0.8550525442516829,23.57999038696289,-3.048828125,73.96213869347766
145,llama,3,Llama-3.1-8B,0.9128672965242263,41.75061798095703,-3.580078125,75.23353222857281
145,llama,4,Llama-3.1-8B,0.9092631840386276,28.110736846923828,-3.208984375,76.37799283378861
146,llama,0,Llama-3.1-8B,0.9203550139897004,26.5021915435791,-3.248046875,76.41748689148265
146,llama,1,Llama-3.1-8B,0.9043370508054522,28.397315979003906,-3.3125,76.05096902954995
146,llama,2,Llama-3.1-8B,0.9058572548109018,24.723085403442383,-3.201171875,76.23338011123259
146,llama,3,Llama-3.1-8B,0.9196331669199045,20.841297149658203,-2.98828125,76.64907430363412
146,llama,4,Llama-3.1-8B,0.924436247580181,21.780702590942383,-3.08203125,76.58037481249261
147,llama,0,Llama-3.1-8B,0.8484592726860768,15.751544952392578,-2.73828125,73.36889828762907
147,llama,1,Llama-3.1-8B,0.9523267721014905,16.6192569732666,-2.841796875,76.29154087929238
147,llama,2,Llama-3.1-8B,0.8949823643190351,11.630901336669922,-2.53515625,75.84017763675479
147,llama,3,Llama-3.1-8B,0.9285870755750274,16.817289352416992,-2.8671875,76.59116789113006
147,llama,4,Llama-3.1-8B,0.946180963572268,13.347624778747559,-2.634765625,76.34227786594798
148,llama,0,Llama-3.1-8B,0.9612087259146084,16.0267333984375,-1.7607421875,75.78067066676134
148,llama,1,Llama-3.1-8B,0.9636363636363636,14.211921691894531,-1.8310546875,75.6356358116659
148,llama,2,Llama-3.1-8B,0.9668008948545862,17.06629180908203,-1.962890625,75.85883075414476
148,llama,3,Llama-3.1-8B,0.9673202614379085,17.093217849731445,-2.015625,75.88450866098489
148,llama,4,Llama-3.1-8B,0.9683544303797469,14.361845970153809,-1.7412109375,75.35474861280292
149,llama,0,Llama-3.1-8B,0.9217439468270296,18.082962036132812,-2.861328125,76.66363856672143
149,llama,1,Llama-3.1-8B,0.8414160124397922,14.623454093933105,-2.66796875,72.74386479676278
149,llama,2,Llama-3.1-8B,0.9043665022069268,16.54316520690918,-2.79296875,76.35538822779887
149,llama,3,Llama-3.1-8B,0.8723789123519643,16.125343322753906,-2.80078125,74.99481928761266
149,llama,4,Llama-3.1-8B,0.900479201659915,16.001171112060547,-2.802734375,76.20231847017854
150,llama,0,Llama-3.1-8B,0.8605505616729076,18.330650329589844,-2.921875,74.26230401700218
150,llama,1,Llama-3.1-8B,0.8780981035897347,18.298967361450195,-2.89453125,75.35618995353944
150,llama,2,Llama-3.1-8B,0.8932888543384105,19.799497604370117,-3.02734375,75.93664151768162
150,llama,3,Llama-3.1-8B,0.866648095800741,16.895387649536133,-2.849609375,74.65411458341296
150,llama,4,Llama-3.1-8B,0.87102965769876,21.483665466308594,-3.072265625,74.89365857324721
151,llama,0,Llama-3.1-8B,0.7709366615360391,17.743309020996094,-2.734375,64.86892049218788
151,llama,2,Llama-3.1-8B,0.8116736538205465,17.322999954223633,-2.791015625,69.89311426950776
151,llama,3,Llama-3.1-8B,0.7931463140415551,21.0821475982666,-3.005859375,67.67488022003569
151,llama,4,Llama-3.1-8B,0.7834273042743258,17.232412338256836,-2.787109375,66.46552321036859
152,llama,0,Llama-3.1-8B,0.943517150501138,24.47270393371582,-3.150390625,76.4514715287866
152,llama,1,Llama-3.1-8B,0.8510734118921848,21.201194763183594,-3.017578125,73.5985324468231
152,llama,2,Llama-3.1-8B,0.8669430315299625,19.567337036132812,-2.91796875,74.76530901776555
152,llama,3,Llama-3.1-8B,0.8612756838445689,23.7238712310791,-3.146484375,74.24320829110161
152,llama,4,Llama-3.1-8B,0.8636108674874564,30.574636459350586,-3.30078125,74.23270318123124
153,llama,0,Llama-3.1-8B,0.9214147334956038,37.400123596191406,-3.56640625,75.57788922306037
153,llama,1,Llama-3.1-8B,0.9406243015719289,44.588172912597656,-3.763671875,74.5097416494906
153,llama,2,Llama-3.1-8B,0.940792574140775,33.338890075683594,-3.49609375,75.8066861802586
153,llama,3,Llama-3.1-8B,0.9285215178987352,36.02262496948242,-3.607421875,75.52414989402861
153,llama,4,Llama-3.1-8B,0.9412830634729471,29.41817855834961,-3.353515625,76.16807748832088
154,llama,0,Llama-3.1-8B,0.937655491055562,26.93358039855957,-3.216796875,76.4729312613206
154,llama,1,Llama-3.1-8B,0.9517426273458445,27.54299545288086,-3.232421875,76.20504674708728
154,llama,2,Llama-3.1-8B,0.9287468597813424,27.0080623626709,-3.275390625,76.40091687196886
154,llama,3,Llama-3.1-8B,0.9408602150537635,29.608627319335938,-3.296875,76.30608101093074
154,llama,4,Llama-3.1-8B,0.9484954389290368,22.483169555664062,-3.09375,76.3769920207585
155,llama,0,Llama-3.1-8B,0.9168398660901103,17.783483505249023,-2.333984375,76.83906143283079
155,llama,1,Llama-3.1-8B,0.9182377255771752,17.65995216369629,-2.388671875,76.85210720093671
155,llama,2,Llama-3.1-8B,0.8982001293608182,20.260791778564453,-2.400390625,76.59592048747382
155,llama,3,Llama-3.1-8B,0.9051251333523809,18.027976989746094,-2.310546875,76.64096259735723
155,llama,4,Llama-3.1-8B,0.9129435289653058,13.867230415344238,-2.115234375,76.40771313902466
156,llama,0,Llama-3.1-8B,0.9810126582278481,15.003484725952148,-2.69140625,75.14687998722458
156,llama,1,Llama-3.1-8B,0.9810126582278481,16.741783142089844,-2.837890625,75.14871703173064
156,llama,2,Llama-3.1-8B,0.9681528662420382,14.260379791259766,-2.642578125,75.73974118991642
156,llama,3,Llama-3.1-8B,0.9817073170731707,15.49457836151123,-2.75,75.10200479077088
156,llama,4,Llama-3.1-8B,0.9935483870967742,15.711843490600586,-2.73828125,74.40492794860518
157,llama,0,Llama-3.1-8B,0.8715893793573882,22.50830078125,-3.078125,74.96577658415677
157,llama,1,Llama-3.1-8B,0.8326763356496696,16.463167190551758,-2.724609375,72.05160229656894
157,llama,2,Llama-3.1-8B,0.8154995886915586,20.034353256225586,-2.943359375,70.31137589081017
157,llama,3,Llama-3.1-8B,0.8073414082139111,18.142606735229492,-2.8125,69.43817636261312
157,llama,4,Llama-3.1-8B,0.8129531914713499,14.362459182739258,-2.58203125,69.95527226374291
158,llama,0,Llama-3.1-8B,0.8767949523763476,22.522279739379883,-3.041015625,75.31705185611234
158,llama,1,Llama-3.1-8B,0.8631098883067871,19.107398986816406,-2.87109375,74.54572163317
158,llama,2,Llama-3.1-8B,0.8818876279153782,21.26496696472168,-2.984375,75.59924043751381
158,llama,3,Llama-3.1-8B,0.9015889337632191,24.726491928100586,-3.09765625,76.31701650464487
158,llama,4,Llama-3.1-8B,0.9039928296758898,21.943801879882812,-2.96484375,76.47190301884714
159,llama,0,Llama-3.1-8B,0.9001553105587408,18.007902145385742,-2.240234375,76.48634668207865
159,llama,1,Llama-3.1-8B,0.8776006634621518,14.851665496826172,-2.23046875,75.3339254109474
159,llama,2,Llama-3.1-8B,0.9153745354243725,21.758939743041992,-2.443359375,77.05636623722106
159,llama,3,Llama-3.1-8B,0.8296745917436636,15.74030876159668,-2.30078125,71.81667915206084
159,llama,4,Llama-3.1-8B,0.8667898527927548,19.621538162231445,-2.271484375,75.05116856894008
160,llama,0,Llama-3.1-8B,0.870250640424046,23.327728271484375,-2.333984375,75.46467391286951
160,llama,1,Llama-3.1-8B,0.8457336812549451,20.05600357055664,-2.26953125,73.5370859452555
160,llama,2,Llama-3.1-8B,0.8647340918319657,20.38241958618164,-2.322265625,74.97563151748606
160,llama,3,Llama-3.1-8B,0.8434191887661485,17.694316864013672,-2.205078125,73.17238026291429
160,llama,4,Llama-3.1-8B,0.849875038240553,16.970802307128906,-2.21484375,73.65667736449537
161,llama,0,Llama-3.1-8B,0.8839477543700767,18.25096321105957,-2.189453125,75.87066350696013
161,llama,1,Llama-3.1-8B,0.9095378601175597,22.32063102722168,-2.33984375,76.98358096637484
161,llama,2,Llama-3.1-8B,0.9053145626481638,18.323291778564453,-2.314453125,76.66551411712076
161,llama,3,Llama-3.1-8B,0.9222356207409069,16.679641723632812,-2.130859375,76.7329122449546
161,llama,4,Llama-3.1-8B,0.8860709973344787,18.820802688598633,-2.208984375,76.01095661872907
162,llama,0,Llama-3.1-8B,0.9234454462816009,29.4456787109375,-2.89453125,77.0741258601796
162,llama,1,Llama-3.1-8B,0.9508599508599509,34.07271957397461,-3.017578125,76.62386897273878
162,llama,2,Llama-3.1-8B,0.9368686868686869,32.4135627746582,-3.044921875,76.83609677699536
162,llama,3,Llama-3.1-8B,0.9237990465713237,33.61125946044922,-2.97265625,76.96471799486288
162,llama,4,Llama-3.1-8B,0.9274485930735931,34.517486572265625,-3.005859375,76.91058571233188
163,llama,0,Llama-3.1-8B,0.9399772126736321,21.626821517944336,-2.4453125,77.0563060743392
163,llama,1,Llama-3.1-8B,0.9065792574140775,22.602840423583984,-2.51171875,76.92777256008848
163,llama,2,Llama-3.1-8B,0.9131756756756757,25.904796600341797,-2.54296875,77.16649077485035
163,llama,3,Llama-3.1-8B,0.9231555113761873,24.038850784301758,-2.498046875,77.21917439080829
163,llama,4,Llama-3.1-8B,0.918065843851466,22.86037254333496,-2.47265625,77.13609361462889
164,llama,0,Llama-3.1-8B,0.9562211590253158,19.531494140625,-2.896484375,76.31193452681138
164,llama,1,Llama-3.1-8B,0.9661654135338346,16.781435012817383,-2.78125,75.90922135417667
164,llama,2,Llama-3.1-8B,0.9541531006284546,16.041397094726562,-2.7421875,76.29437355418963
164,llama,3,Llama-3.1-8B,0.9626594576328462,16.5903263092041,-2.75,76.0562302214709
164,llama,4,Llama-3.1-8B,0.9636363636363636,19.026004791259766,-2.900390625,76.02852126200095
165,llama,0,Llama-3.1-8B,0.9234000697460638,21.726844787597656,-3.04296875,76.6372148509374
165,llama,1,Llama-3.1-8B,0.921958895766256,23.747417449951172,-3.14453125,76.54453268723704
165,llama,2,Llama-3.1-8B,0.938008214499977,25.271432876586914,-3.1875,76.48216669426516
165,llama,3,Llama-3.1-8B,0.856169386040776,22.43060302734375,-3.0390625,74.01051161392462
165,llama,4,Llama-3.1-8B,0.94600850796202,25.42375373840332,-3.20703125,76.3294276243754
166,llama,0,Llama-3.1-8B,0.9203024675906791,19.567169189453125,-3.015625,76.54274546547572
166,llama,1,Llama-3.1-8B,0.9224963715529754,31.252065658569336,-3.3828125,76.18428556785562
166,llama,2,Llama-3.1-8B,0.836258124642708,28.990781784057617,-3.388671875,71.85578915372952
166,llama,3,Llama-3.1-8B,0.801185655695906,32.12037658691406,-3.39453125,68.1490761900689
166,llama,4,Llama-3.1-8B,0.8790786391360792,22.06800651550293,-3.103515625,75.3109508876992
167,llama,0,Llama-3.1-8B,0.9012963105327568,22.780942916870117,-2.546875,76.79219007155201
167,llama,2,Llama-3.1-8B,0.8985736019125401,24.71217155456543,-2.568359375,76.78050453425507
167,llama,3,Llama-3.1-8B,0.895202137201089,29.8505859375,-2.857421875,76.5660083255257
167,llama,4,Llama-3.1-8B,0.8859484504128862,24.887733459472656,-2.6484375,76.27606441851289
168,llama,0,Llama-3.1-8B,0.8941552729577356,20.12640380859375,-2.91796875,76.13982708883564
168,llama,1,Llama-3.1-8B,0.9022493938545434,26.712711334228516,-3.2265625,76.14959152581162
168,llama,2,Llama-3.1-8B,0.9045086548558653,24.438560485839844,-3.158203125,76.27422362735274
168,llama,3,Llama-3.1-8B,0.8979077191278881,30.750938415527344,-3.38671875,75.71442658679085
168,llama,4,Llama-3.1-8B,0.8941422120052994,24.859752655029297,-3.18359375,75.92815739361124
169,llama,0,Llama-3.1-8B,0.8859143721734961,16.32857322692871,-2.75390625,75.73908530349969
169,llama,1,Llama-3.1-8B,0.8103025118849829,18.486919403076172,-2.80859375,69.79991340815614
169,llama,2,Llama-3.1-8B,0.8377987749899444,25.5275936126709,-3.18359375,72.37398811054912
169,llama,3,Llama-3.1-8B,0.8757733637251709,17.40106773376465,-2.775390625,75.29799888240105
169,llama,4,Llama-3.1-8B,0.762849976922206,14.8189058303833,-2.623046875,63.598748713153974
170,llama,0,Llama-3.1-8B,0.960832857233543,21.51335906982422,-2.6015625,76.51643973194297
170,llama,1,Llama-3.1-8B,0.9833333333333333,23.30560302734375,-2.712890625,75.50292725775249
170,llama,2,Llama-3.1-8B,0.9547402597402598,25.13517951965332,-2.83984375,76.67726841139275
170,llama,3,Llama-3.1-8B,0.9766081871345029,24.205772399902344,-2.7421875,75.87644876862393
170,llama,4,Llama-3.1-8B,0.9711990858986423,18.53505516052246,-2.564453125,75.95080014167289
171,llama,0,Llama-3.1-8B,0.963855421686747,17.474369049072266,-2.833984375,75.99506172251485
171,llama,1,Llama-3.1-8B,0.9311696196942099,18.05123519897461,-2.87109375,76.66522401421756
171,llama,2,Llama-3.1-8B,0.919470988784619,18.7972412109375,-2.921875,76.61946588592582
171,llama,3,Llama-3.1-8B,0.9388490716291547,18.803054809570312,-2.87890625,76.6468009093265
171,llama,4,Llama-3.1-8B,0.9596458312761266,17.972076416015625,-2.888671875,76.11620321473721
172,llama,0,Llama-3.1-8B,0.8941112237018186,23.419677734375,-3.146484375,75.9436270328553
172,llama,1,Llama-3.1-8B,0.9149032937571812,27.076894760131836,-3.287109375,76.28742707364022
172,llama,2,Llama-3.1-8B,0.9328119188702205,21.9172306060791,-3.11328125,76.52689418145387
172,llama,3,Llama-3.1-8B,0.8958173199657651,23.994766235351562,-3.150390625,76.01826141048402
172,llama,4,Llama-3.1-8B,0.9034008009951192,30.21590232849121,-3.451171875,75.70723372800711
173,llama,0,Llama-3.1-8B,0.8956875162868543,22.510534286499023,-3.08984375,76.05978827341909
173,llama,1,Llama-3.1-8B,0.8613571995015294,19.41480827331543,-2.955078125,74.34128488588146
173,llama,2,Llama-3.1-8B,0.8989543576076598,20.39847183227539,-2.974609375,76.23785860131659
173,llama,3,Llama-3.1-8B,0.9422273932347008,24.562408447265625,-3.166015625,76.44557933801762
173,llama,4,Llama-3.1-8B,0.8407878329957215,31.073558807373047,-3.376953125,72.30156597107076
174,llama,0,Llama-3.1-8B,0.9344517757445232,28.3961181640625,-3.35546875,76.22252414525038
174,llama,1,Llama-3.1-8B,0.897256480768681,21.540760040283203,-3.099609375,76.04859056119119
174,llama,2,Llama-3.1-8B,0.9227079584128943,23.847383499145508,-3.16015625,76.52370770357561
174,llama,3,Llama-3.1-8B,0.9717314487632509,20.025699615478516,-3.001953125,75.61597251153346
174,llama,4,Llama-3.1-8B,0.9532670725022359,23.345849990844727,-3.1953125,76.11182737794796
175,llama,0,Llama-3.1-8B,0.8217973383727417,16.812467575073242,-2.6796875,71.03239703813487
175,llama,1,Llama-3.1-8B,0.8892036026316676,12.063462257385254,-2.396484375,75.67888120875898
175,llama,2,Llama-3.1-8B,0.7266053307892106,12.284896850585938,-2.40625,58.02829981978265
175,llama,4,Llama-3.1-8B,0.7933327269025682,17.848621368408203,-2.76171875,67.79222982673171
176,llama,0,Llama-3.1-8B,0.9324495193405289,16.639942169189453,-2.21484375,76.77908083525354
176,llama,1,Llama-3.1-8B,0.9488681193865467,18.201187133789062,-2.337890625,76.70090115646478
176,llama,2,Llama-3.1-8B,0.940567262919823,16.72730827331543,-2.291015625,76.73788492525775
176,llama,3,Llama-3.1-8B,0.9184305067188461,17.008209228515625,-2.32421875,76.80182996796385
176,llama,4,Llama-3.1-8B,0.9168214374142962,18.005722045898438,-2.30078125,76.84669777091733
177,llama,0,Llama-3.1-8B,0.7601965601965602,20.594694137573242,-3.013671875,63.21287472063063
177,llama,1,Llama-3.1-8B,0.7885799531533721,23.980335235595703,-3.08984375,67.09723387370511
177,llama,2,Llama-3.1-8B,0.7873026905136996,27.922578811645508,-3.359375,66.49244041894657
177,llama,3,Llama-3.1-8B,0.8127909729345852,19.317628860473633,-2.998046875,69.89682152913421
177,llama,4,Llama-3.1-8B,0.8269113149847095,26.143299102783203,-3.2265625,71.27590181684822
178,llama,0,Llama-3.1-8B,0.9636797788111098,24.046279907226562,-2.515625,76.556299516335
178,llama,1,Llama-3.1-8B,0.9452124935995904,23.67424964904785,-2.521484375,77.05388802933284
178,llama,2,Llama-3.1-8B,0.9697171065122461,21.969154357910156,-2.484375,76.22970866648346
178,llama,3,Llama-3.1-8B,0.9652570290354708,20.48573875427246,-2.419921875,76.34335350378667
178,llama,4,Llama-3.1-8B,0.9506581653640477,25.445178985595703,-2.537109375,76.9973784445883
179,llama,0,Llama-3.1-8B,0.9622696196272995,35.222877502441406,-3.556640625,75.07259610675548
179,llama,1,Llama-3.1-8B,0.9409530874664407,24.52466583251953,-3.138671875,76.51365836055675
179,llama,2,Llama-3.1-8B,0.9510281385281385,23.3696231842041,-3.12890625,76.29541593167382
179,llama,3,Llama-3.1-8B,0.9339596573639126,29.93120765686035,-3.375,76.195672006112
179,llama,4,Llama-3.1-8B,0.9600266155589726,32.013919830322266,-3.525390625,75.28354578755997
180,llama,0,Llama-3.1-8B,0.8369176933731864,26.965816497802734,-1.5498046875,72.36336407819232
180,llama,1,Llama-3.1-8B,0.9000692571261938,35.705142974853516,-1.6318359375,76.31653925139827
180,llama,2,Llama-3.1-8B,0.8978014461598594,32.407249450683594,-1.8984375,76.62229703005134
180,llama,3,Llama-3.1-8B,0.8989480635879051,35.1373405456543,-1.5908203125,76.23922621555332
180,llama,4,Llama-3.1-8B,0.8854206742938139,36.97019958496094,-1.6171875,75.71793573711157
181,llama,0,Llama-3.1-8B,0.8800887137851938,15.777231216430664,-2.814453125,75.36999302156218
181,llama,1,Llama-3.1-8B,0.8424747361786057,15.752506256103516,-2.75390625,72.85893943599785
181,llama,2,Llama-3.1-8B,0.8177576950384067,15.218673706054688,-2.71875,70.46403172636157
181,llama,3,Llama-3.1-8B,0.8644650158618081,15.854418754577637,-2.796875,74.49236095085402
181,llama,4,Llama-3.1-8B,0.828377103241417,16.54345703125,-2.861328125,71.51578000800423
182,llama,0,Llama-3.1-8B,0.9519346267244203,32.69906997680664,-2.953125,76.7073472395747
182,llama,1,Llama-3.1-8B,0.9106560106560107,37.17667007446289,-2.94140625,76.77246950593536
182,llama,2,Llama-3.1-8B,0.9387844254510921,31.86086082458496,-2.828125,77.10283527302026
182,llama,3,Llama-3.1-8B,0.9441820448439942,34.310401916503906,-2.98046875,76.81204727023764
182,llama,4,Llama-3.1-8B,0.9236385836385836,36.22914123535156,-2.9296875,76.96565615391299
183,llama,0,Llama-3.1-8B,0.8907738248954201,20.050500869750977,-3.02734375,75.85629326176118
183,llama,1,Llama-3.1-8B,0.9089217255369041,21.510818481445312,-3.08984375,76.3692949996347
183,llama,2,Llama-3.1-8B,0.9043539232628561,23.28321075439453,-3.25,76.04201424912183
183,llama,3,Llama-3.1-8B,0.8687197271502679,24.574920654296875,-3.23828125,74.57647861925336
183,llama,4,Llama-3.1-8B,0.8931252678617737,17.340482711791992,-2.876953125,75.97806136249639
184,llama,0,Llama-3.1-8B,0.8286926966533658,29.857383728027344,-3.3203125,71.31145196132228
184,llama,1,Llama-3.1-8B,0.8261901771080611,28.309680938720703,-3.27734375,71.14291020594348
184,llama,2,Llama-3.1-8B,0.8308202809239948,26.12457847595215,-3.18359375,71.74270999533027
184,llama,3,Llama-3.1-8B,0.8374438107736232,31.98164176940918,-3.41796875,71.90107658539758
184,llama,4,Llama-3.1-8B,0.8574145135573965,33.93739700317383,-3.41796875,73.50360008698892
185,llama,0,Llama-3.1-8B,0.9609684799186579,36.06658935546875,-3.544921875,75.13005121114755
185,llama,1,Llama-3.1-8B,0.9757785467128027,30.59272003173828,-3.384765625,74.997624023172
185,llama,2,Llama-3.1-8B,0.961648877438351,34.14614486694336,-3.51171875,75.24202302204104
185,llama,3,Llama-3.1-8B,0.9325484518992873,30.572500228881836,-3.42578125,76.0805387371549
185,llama,4,Llama-3.1-8B,0.9614035087719298,28.139692306518555,-3.353515625,75.65670640595349
186,llama,0,Llama-3.1-8B,0.8600659944376247,38.875877380371094,-3.6015625,73.04044796247213
186,llama,1,Llama-3.1-8B,0.8525306285042232,28.18036460876465,-3.2890625,73.44428706310109
186,llama,2,Llama-3.1-8B,0.8489654621842829,33.78550720214844,-3.384765625,72.94644682363156
186,llama,3,Llama-3.1-8B,0.8843946749835421,33.0470085144043,-3.419921875,75.10051813527375
186,llama,4,Llama-3.1-8B,0.8346550103000577,25.669025421142578,-3.119140625,72.21144227080903
187,llama,0,Llama-3.1-8B,0.8917769591122027,35.83072280883789,-3.55859375,74.98278198649416
187,llama,1,Llama-3.1-8B,0.8642529977000332,35.2529182434082,-3.533203125,73.6413160224894
187,llama,2,Llama-3.1-8B,0.8993509962259961,31.415918350219727,-3.455078125,75.58584561253618
187,llama,3,Llama-3.1-8B,0.9224254573310353,38.349342346191406,-3.62109375,75.3877985910179
187,llama,4,Llama-3.1-8B,0.9071850607647466,31.09345054626465,-3.439453125,75.83032642193189
188,llama,0,Llama-3.1-8B,0.9591340348456099,22.946800231933594,-3.076171875,76.1383437746305
188,llama,1,Llama-3.1-8B,0.9635078690236443,21.796037673950195,-3.095703125,75.89947443289137
188,llama,2,Llama-3.1-8B,0.9465722703222703,22.136863708496094,-3.05078125,76.47195996555138
188,llama,3,Llama-3.1-8B,0.9564655172413793,22.6346378326416,-3.09375,76.17831353378222
188,llama,4,Llama-3.1-8B,0.9475822836245429,23.52986717224121,-3.134765625,76.36882474891759
189,llama,0,Llama-3.1-8B,0.9010324847170813,21.911325454711914,-3.05078125,76.26269574900617
189,llama,1,Llama-3.1-8B,0.9359360565529984,16.67356300354004,-2.736328125,76.67298278684818
189,llama,2,Llama-3.1-8B,0.9108500430121448,19.514816284179688,-2.892578125,76.58282281775756
189,llama,3,Llama-3.1-8B,0.9238184918361853,19.910964965820312,-2.958984375,76.66614377356704
189,llama,4,Llama-3.1-8B,0.8912334811197498,17.315261840820312,-2.79296875,75.99314084224713
190,llama,0,Llama-3.1-8B,0.9145171198440563,41.02142333984375,-3.697265625,74.94580181977224
190,llama,1,Llama-3.1-8B,0.8909679769554077,44.24917221069336,-3.69921875,74.10743176541166
190,llama,2,Llama-3.1-8B,0.8746733246585273,29.0385684967041,-3.349609375,74.78075866385635
190,llama,3,Llama-3.1-8B,0.920199951082304,45.6168327331543,-3.755859375,74.5095781526148
190,llama,4,Llama-3.1-8B,0.9110691939639308,38.51961898803711,-3.6328125,75.2113590356058
191,llama,0,Llama-3.1-8B,0.9565217391304348,24.7706241607666,-3.099609375,76.25113398112941
191,llama,1,Llama-3.1-8B,0.979381443298969,27.34516143798828,-3.244140625,75.09400312103864
191,llama,2,Llama-3.1-8B,0.9742380757140905,29.27791404724121,-3.3046875,75.25215262391225
191,llama,3,Llama-3.1-8B,0.971505376344086,27.081174850463867,-3.216796875,75.53197948664199
191,llama,4,Llama-3.1-8B,0.9614514523572527,28.938169479370117,-3.322265625,75.73942383788565
192,llama,0,Llama-3.1-8B,0.9265956883309497,23.047998428344727,-3.16015625,76.50448656510692
192,llama,1,Llama-3.1-8B,0.8972831619495306,22.500686645507812,-3.09765625,76.0987010352804
192,llama,2,Llama-3.1-8B,0.9317828440340473,26.44734001159668,-3.234375,76.46716537434745
192,llama,3,Llama-3.1-8B,0.8828492494087854,26.026220321655273,-3.271484375,75.31676369006212
192,llama,4,Llama-3.1-8B,0.9067849629915721,25.499502182006836,-3.228515625,76.22437230377645
193,llama,0,Llama-3.1-8B,0.8034416071831627,50.269615173339844,-3.876953125,65.95758289147588
193,llama,1,Llama-3.1-8B,0.7774460815716422,43.294395446777344,-3.763671875,63.65857255711571
193,llama,2,Llama-3.1-8B,0.3911386088217136,35.605308532714844,-3.5078125,16.24035628270444
193,llama,3,Llama-3.1-8B,0.5691223251770886,34.24769973754883,-3.5703125,32.80095442362689
193,llama,4,Llama-3.1-8B,0.7170465287022908,45.869224548339844,-3.84375,54.26710931324963
194,llama,0,Llama-3.1-8B,0.9320154694568316,21.19546890258789,-3.03515625,76.6247185765868
194,llama,1,Llama-3.1-8B,0.9402629864518102,24.450279235839844,-3.158203125,76.48396843123695
194,llama,2,Llama-3.1-8B,0.9240589933209395,25.2600040435791,-3.20703125,76.48888286842029
194,llama,3,Llama-3.1-8B,0.9300253746734704,22.378664016723633,-3.072265625,76.62923725702875
194,llama,4,Llama-3.1-8B,0.9573283858998145,24.547292709350586,-3.1484375,76.13123611794587
195,llama,0,Llama-3.1-8B,0.96875,29.87657356262207,-3.373046875,75.34579120527118
195,llama,1,Llama-3.1-8B,0.9489931364931365,31.945877075195312,-3.435546875,75.83186616566597
195,llama,2,Llama-3.1-8B,0.9420130178317174,32.71714782714844,-3.458984375,75.89500600071881
195,llama,3,Llama-3.1-8B,0.9517898013366292,30.588176727294922,-3.431640625,75.77686918675862
195,llama,4,Llama-3.1-8B,0.9631572131572133,34.24953842163086,-3.53125,75.13181995929341
196,llama,0,Llama-3.1-8B,0.8166027101473924,25.956592559814453,-3.23046875,70.19717177476399
196,llama,1,Llama-3.1-8B,0.813134793865017,16.315074920654297,-2.732421875,70.03417934674412
196,llama,2,Llama-3.1-8B,0.7808216090714195,24.90557098388672,-3.1640625,65.99000019349738
196,llama,3,Llama-3.1-8B,0.8255665830867592,19.75466537475586,-2.923828125,71.3711069841945
196,llama,4,Llama-3.1-8B,0.9040411054020274,26.00119400024414,-3.205078125,76.22146481212783
197,llama,0,Llama-3.1-8B,0.9852941176470589,28.159639358520508,-2.767578125,75.48734359324928
197,llama,1,Llama-3.1-8B,0.9633438246147168,24.93283462524414,-2.634765625,76.55370815749612
197,llama,2,Llama-3.1-8B,0.9743589743589743,28.77338409423828,-2.638671875,76.17262151018743
197,llama,3,Llama-3.1-8B,0.9855072463768116,27.857192993164062,-2.837890625,75.40190158898007
197,llama,4,Llama-3.1-8B,0.977859778597786,25.53697967529297,-2.728515625,75.86841868065277
198,llama,0,Llama-3.1-8B,0.9566378359551866,30.322362899780273,-3.38671875,75.7547334868093
198,llama,1,Llama-3.1-8B,0.9372314507198227,28.70291519165039,-3.28515625,76.36472386484482
198,llama,2,Llama-3.1-8B,0.920366608453122,20.037328720092773,-3.05078125,76.5156877465316
198,llama,3,Llama-3.1-8B,0.9284505822571181,27.91481590270996,-3.31640625,76.32795373106997
198,llama,4,Llama-3.1-8B,0.9487778082944246,34.11210632324219,-3.541015625,75.529419797131
199,llama,0,Llama-3.1-8B,0.905644402374821,19.32997703552246,-2.98046875,76.34866399619553
199,llama,1,Llama-3.1-8B,0.9486301369863014,19.723543167114258,-2.974609375,76.41653401943421
199,llama,2,Llama-3.1-8B,0.9447673314339982,20.762149810791016,-3.017578125,76.48817410246623
199,llama,3,Llama-3.1-8B,0.9508771929824561,24.565401077270508,-3.169921875,76.26860997162744
199,llama,4,Llama-3.1-8B,0.9517684887459807,19.44383430480957,-2.986328125,76.30989288213411
0,mistral,0,Mistral-7B-v0.3,0.883815069296169,22.4927978515625,-3.0546875,75.64231146873367
0,mistral,1,Mistral-7B-v0.3,0.1319702693880219,22.809797286987305,-3.017578125,11.785145429796824
0,mistral,2,Mistral-7B-v0.3,0.8957981859348488,25.446645736694336,-3.08203125,76.1889839176117
0,mistral,3,Mistral-7B-v0.3,0.9027789266229587,21.781070709228516,-2.912109375,76.50184152376931
0,mistral,4,Mistral-7B-v0.3,0.9221160099468313,20.8101749420166,-2.904296875,76.77792635610919
1,mistral,0,Mistral-7B-v0.3,0.9454149386284613,20.41448974609375,-2.302734375,76.89671664460894
1,mistral,1,Mistral-7B-v0.3,0.9456621004566209,18.773645401000977,-2.36328125,76.8059490364779
1,mistral,2,Mistral-7B-v0.3,0.9363244103724184,18.873199462890625,-2.330078125,76.93614645031518
1,mistral,3,Mistral-7B-v0.3,0.9466666666666667,19.92264175415039,-2.345703125,76.85332847181677
1,mistral,4,Mistral-7B-v0.3,0.9301917423544381,19.93765640258789,-2.3828125,77.04052453656898
2,mistral,0,Mistral-7B-v0.3,0.9842931937172775,29.56973648071289,-2.41015625,75.71677594613115
2,mistral,1,Mistral-7B-v0.3,0.9790575916230366,33.907875061035156,-2.5,75.98188151944625
2,mistral,2,Mistral-7B-v0.3,0.9635416666666666,29.345800399780273,-2.42578125,76.70218301975872
2,mistral,3,Mistral-7B-v0.3,0.9783783783783784,27.355941772460938,-2.400390625,76.00914374706768
2,mistral,4,Mistral-7B-v0.3,0.978494623655914,36.673828125,-2.46484375,75.95216683535529
3,mistral,0,Mistral-7B-v0.3,0.9612435155251485,21.772245407104492,-2.42578125,76.55802731546548
3,mistral,1,Mistral-7B-v0.3,0.937430990062569,19.4091854095459,-2.234375,76.93136624499091
3,mistral,2,Mistral-7B-v0.3,0.9793756306012227,21.856428146362305,-2.390625,75.76419930532974
3,mistral,3,Mistral-7B-v0.3,0.9534971300937589,20.036083221435547,-2.353515625,76.70175318339263
3,mistral,4,Mistral-7B-v0.3,0.9442172897196262,24.023353576660156,-2.53125,77.08240345829265
4,mistral,0,Mistral-7B-v0.3,0.8991661636103789,40.336395263671875,-3.6875,74.67179522240679
4,mistral,1,Mistral-7B-v0.3,0.932115428971715,27.841650009155273,-3.33984375,76.26337053197311
4,mistral,2,Mistral-7B-v0.3,0.9493024328375418,37.07073974609375,-3.66015625,75.09219354361525
4,mistral,3,Mistral-7B-v0.3,0.9373122937756727,37.11484146118164,-3.626953125,75.38589545766226
5,mistral,0,Mistral-7B-v0.3,0.9641487195971286,35.50399398803711,-3.447265625,75.29456922257295
5,mistral,1,Mistral-7B-v0.3,0.9716981132075472,39.731285095214844,-3.587890625,74.43699332485916
5,mistral,2,Mistral-7B-v0.3,0.9733555885262116,41.1069221496582,-3.650390625,74.10171743533961
5,mistral,3,Mistral-7B-v0.3,0.9512054898432606,35.643341064453125,-3.451171875,75.68413627667748
5,mistral,4,Mistral-7B-v0.3,0.9676170734802656,40.13693618774414,-3.52734375,74.76641756569448
6,mistral,0,Mistral-7B-v0.3,0.9642467579687312,28.359556198120117,-2.537109375,76.64461182834093
6,mistral,1,Mistral-7B-v0.3,0.9699570815450643,26.05955696105957,-2.447265625,76.3795053975865
6,mistral,2,Mistral-7B-v0.3,0.9728506787330317,29.193204879760742,-2.58984375,76.27281507064089
6,mistral,3,Mistral-7B-v0.3,0.9693948527706933,28.143836975097656,-2.5625,76.42425732549194
6,mistral,4,Mistral-7B-v0.3,0.3631959569796824,29.224145889282227,-2.658203125,16.371233299986162
7,mistral,0,Mistral-7B-v0.3,0.917857626988709,26.679290771484375,-3.16015625,76.57428056168725
7,mistral,1,Mistral-7B-v0.3,0.8914249683428442,26.73025894165039,-3.220703125,75.80808504418434
7,mistral,2,Mistral-7B-v0.3,0.8717300609781912,22.650541305541992,-3.0859375,74.96722213348777
7,mistral,3,Mistral-7B-v0.3,0.8967122290713921,24.307058334350586,-3.1640625,76.0340427632736
7,mistral,4,Mistral-7B-v0.3,0.8788832175023865,25.68777847290039,-3.234375,75.19121458197627
8,mistral,0,Mistral-7B-v0.3,0.9230488158257416,26.244489669799805,-3.26171875,76.39944339495334
8,mistral,1,Mistral-7B-v0.3,0.9252065968454095,24.443117141723633,-3.150390625,76.57479693676378
8,mistral,2,Mistral-7B-v0.3,0.9675675675675676,26.95368766784668,-3.251953125,75.62644412776446
8,mistral,3,Mistral-7B-v0.3,0.8917789743536946,26.451683044433594,-3.25390625,75.7454947351724
8,mistral,4,Mistral-7B-v0.3,0.9126440178757969,26.136213302612305,-3.216796875,76.37943540282784
9,mistral,1,Mistral-7B-v0.3,0.9204580935813372,18.807222366333008,-2.95703125,76.58214366897087
9,mistral,2,Mistral-7B-v0.3,0.9130478793400142,23.823270797729492,-3.2265625,76.28919010381911
9,mistral,3,Mistral-7B-v0.3,0.9160036109419941,17.867660522460938,-2.953125,76.4814211919094
9,mistral,4,Mistral-7B-v0.3,0.9060254203498944,19.293275833129883,-2.94921875,76.3985186423585
10,mistral,0,Mistral-7B-v0.3,0.953828369373045,40.612274169921875,-3.57421875,75.08143416465617
10,mistral,1,Mistral-7B-v0.3,0.9591019839888618,37.75727081298828,-3.552734375,75.11521323270263
10,mistral,2,Mistral-7B-v0.3,0.9546141215106733,37.06619644165039,-3.501953125,75.41718700563064
10,mistral,3,Mistral-7B-v0.3,0.9888268156424581,45.58163833618164,-3.705078125,72.78114318786072
10,mistral,4,Mistral-7B-v0.3,0.9883720930232558,38.923362731933594,-3.54296875,73.7084428605485
11,mistral,0,Mistral-7B-v0.3,0.1242964428371038,20.58871078491211,-3.0234375,11.642532421398208
11,mistral,1,Mistral-7B-v0.3,0.9510054765368295,22.161699295043945,-3.076171875,76.33424606342336
11,mistral,2,Mistral-7B-v0.3,0.9632352941176471,22.971534729003906,-3.126953125,75.90865507371527
11,mistral,3,Mistral-7B-v0.3,0.9620689655172414,19.949602127075195,-3.04296875,75.94094824480898
11,mistral,4,Mistral-7B-v0.3,0.9680851063829787,21.947490692138672,-3.09375,75.72951202195918
12,mistral,0,Mistral-7B-v0.3,0.9247926016591866,31.016159057617188,-2.150390625,77.2988097866202
12,mistral,1,Mistral-7B-v0.3,0.9529411764705882,30.93282699584961,-2.583984375,77.01208619396066
12,mistral,2,Mistral-7B-v0.3,0.9247926016591866,31.255495071411133,-2.29296875,77.35698649683843
12,mistral,3,Mistral-7B-v0.3,0.9305725554195566,29.992427825927734,-2.22265625,77.33145188488292
12,mistral,4,Mistral-7B-v0.3,0.9301685586515308,33.27626037597656,-2.337890625,77.35603007335405
13,mistral,0,Mistral-7B-v0.3,0.9014213177599063,23.71158218383789,-3.09765625,76.27474868881323
13,mistral,1,Mistral-7B-v0.3,0.8935437487884473,21.86426544189453,-3.12109375,75.89979405937852
13,mistral,2,Mistral-7B-v0.3,0.8926922229530553,22.669124603271484,-3.171875,75.8121476781355
13,mistral,3,Mistral-7B-v0.3,0.8769609161751327,16.995546340942383,-2.84765625,75.26252828797728
13,mistral,4,Mistral-7B-v0.3,0.8811268365155603,22.895751953125,-3.087890625,75.47766682913937
14,mistral,0,Mistral-7B-v0.3,0.8896753959329944,22.40452003479004,-3.0859375,75.83911482622378
14,mistral,1,Mistral-7B-v0.3,0.1982500624118339,19.398818969726562,-2.982421875,12.022288330852366
14,mistral,2,Mistral-7B-v0.3,0.8997927561782199,23.775999069213867,-3.19921875,76.04183748667562
14,mistral,3,Mistral-7B-v0.3,0.8942979370860753,26.30446434020996,-3.287109375,75.76202013544679
15,mistral,0,Mistral-7B-v0.3,0.9141365099713915,24.186689376831055,-2.626953125,77.08964702642274
15,mistral,1,Mistral-7B-v0.3,0.9096449340961877,22.69626808166504,-2.48828125,77.00103593528895
15,mistral,2,Mistral-7B-v0.3,0.9113916280449337,25.701929092407227,-2.5859375,77.11541983593236
15,mistral,3,Mistral-7B-v0.3,0.9221907125132932,24.893009185791016,-2.556640625,77.22821826157401
15,mistral,4,Mistral-7B-v0.3,0.917969129431763,24.29889488220215,-2.580078125,77.16351243505166
16,mistral,0,Mistral-7B-v0.3,0.9445708261665648,29.57436180114746,-3.302734375,76.23480005123074
16,mistral,1,Mistral-7B-v0.3,0.8654873746818919,23.602712631225586,-3.064453125,74.66105078441385
16,mistral,2,Mistral-7B-v0.3,0.8885202241580202,31.0443172454834,-3.40234375,75.33400850928969
16,mistral,3,Mistral-7B-v0.3,0.913659815331185,29.744951248168945,-3.296875,76.28790288297313
16,mistral,4,Mistral-7B-v0.3,0.9536391880071186,28.860309600830078,-3.27734375,76.08146199196139
17,mistral,0,Mistral-7B-v0.3,0.9277745848413547,18.573808670043945,-2.447265625,76.96012408036844
17,mistral,1,Mistral-7B-v0.3,0.9275355023898668,16.413921356201172,-2.416015625,76.81550652378303
17,mistral,2,Mistral-7B-v0.3,0.9340800753371292,17.079509735107422,-2.376953125,76.84144659370742
17,mistral,3,Mistral-7B-v0.3,0.9251424814105903,19.410675048828125,-2.451171875,77.00711618222527
17,mistral,4,Mistral-7B-v0.3,0.9370374257052104,18.876684188842773,-2.470703125,76.93255973485928
18,mistral,0,Mistral-7B-v0.3,0.9763313609467456,28.13312530517578,-3.3359375,75.06260049359109
18,mistral,1,Mistral-7B-v0.3,0.9761200490585095,29.332670211791992,-3.419921875,74.88489466758952
18,mistral,2,Mistral-7B-v0.3,0.9551738583996648,37.258811950683594,-3.619140625,75.06003997490336
18,mistral,3,Mistral-7B-v0.3,0.9753853232114101,32.10588073730469,-3.49609375,74.72784567256765
18,mistral,4,Mistral-7B-v0.3,0.9002460316205949,32.39962387084961,-3.466796875,75.57724864533164
19,mistral,0,Mistral-7B-v0.3,0.9133544213651992,18.022815704345703,-2.853515625,76.57626501128699
19,mistral,1,Mistral-7B-v0.3,0.8657287818850261,17.927003860473633,-2.8828125,74.62840614240842
19,mistral,2,Mistral-7B-v0.3,0.9130923694779117,21.17584228515625,-3.05078125,76.49143870516092
19,mistral,3,Mistral-7B-v0.3,0.9484624570831468,19.77007293701172,-3.01953125,76.357050606696
19,mistral,4,Mistral-7B-v0.3,0.8574314403051729,20.292034149169922,-2.921875,74.16007196394833
20,mistral,0,Mistral-7B-v0.3,0.9551180139415434,20.933666229248047,-2.916015625,76.39857008412471
20,mistral,1,Mistral-7B-v0.3,0.9447590011614401,22.252655029296875,-2.990234375,76.60369272827292
20,mistral,2,Mistral-7B-v0.3,0.9347378269853026,22.16802978515625,-3.021484375,76.67821416155422
20,mistral,3,Mistral-7B-v0.3,0.9563106796116505,18.006792068481445,-2.869140625,76.24609036506513
20,mistral,4,Mistral-7B-v0.3,0.9400516795865633,25.046716690063477,-3.146484375,76.52907633491266
21,mistral,0,Mistral-7B-v0.3,0.9655172413793104,15.362256050109863,-1.814453125,75.63474539950323
21,mistral,1,Mistral-7B-v0.3,0.948424543946932,17.18478012084961,-1.96875,76.44333476184154
21,mistral,2,Mistral-7B-v0.3,0.9716312056737588,16.371273040771484,-2.0,75.63444745411913
21,mistral,3,Mistral-7B-v0.3,0.9586206896551724,13.74135971069336,-1.751953125,75.67929783013065
21,mistral,4,Mistral-7B-v0.3,0.9565217391304348,17.0766544342041,-2.0,76.25403664159377
22,mistral,0,Mistral-7B-v0.3,0.8974412582840138,15.020098686218262,-2.671875,76.13988468662563
22,mistral,1,Mistral-7B-v0.3,0.8964770173929928,14.936118125915527,-2.666015625,76.10563296573513
22,mistral,2,Mistral-7B-v0.3,0.9042600896860986,16.947843551635742,-2.798828125,76.37579625534042
22,mistral,3,Mistral-7B-v0.3,0.8925274788043966,12.947924613952637,-2.498046875,75.8748838629729
22,mistral,4,Mistral-7B-v0.3,0.8878261907939563,14.302410125732422,-2.619140625,75.75716885466514
23,mistral,0,Mistral-7B-v0.3,0.9858490566037735,36.25856399536133,-3.607421875,73.77259994005794
23,mistral,1,Mistral-7B-v0.3,0.9637841832963785,37.186038970947266,-3.576171875,74.90455574944816
23,mistral,2,Mistral-7B-v0.3,0.9591329632566746,40.42926025390625,-3.68359375,74.6036550422666
23,mistral,4,Mistral-7B-v0.3,0.19379521064852398,33.9312858581543,-3.521484375,11.190670928441415
24,mistral,0,Mistral-7B-v0.3,0.9386868209730751,12.217791557312012,-2.015625,76.25571642730453
24,mistral,1,Mistral-7B-v0.3,0.16171898277161434,6.6695685386657715,-1.72265625,10.660334859249847
24,mistral,2,Mistral-7B-v0.3,0.9499009488061725,12.456796646118164,-2.091796875,76.13905872752446
24,mistral,3,Mistral-7B-v0.3,0.924904214559387,10.559940338134766,-1.806640625,75.95942573457985
24,mistral,4,Mistral-7B-v0.3,0.14062839157803345,5.899045944213867,-1.6064453125,10.333734703487355
25,mistral,0,Mistral-7B-v0.3,0.9805194805194806,15.908249855041504,-2.734375,75.21053788707717
25,mistral,2,Mistral-7B-v0.3,0.9739130434782609,17.37812042236328,-2.775390625,75.6168775544418
25,mistral,4,Mistral-7B-v0.3,0.47308237053783614,9.43653678894043,-2.193359375,22.417615195575628
26,mistral,0,Mistral-7B-v0.3,0.9834710743801653,33.408416748046875,-3.517578125,74.22782065229418
26,mistral,1,Mistral-7B-v0.3,0.991869918699187,36.96188735961914,-3.662109375,73.21093287963933
26,mistral,2,Mistral-7B-v0.3,0.9847328244274809,34.013710021972656,-3.48828125,74.2261199593648
26,mistral,3,Mistral-7B-v0.3,0.983739837398374,29.688880920410156,-3.36328125,74.61937978465929
26,mistral,4,Mistral-7B-v0.3,0.9922480620155039,37.447566986083984,-3.49609375,73.65039282823028
27,mistral,0,Mistral-7B-v0.3,0.839877262754771,27.433128356933594,-3.189453125,72.59589539000099
27,mistral,1,Mistral-7B-v0.3,0.34028770743966374,47.64088439941406,-3.71484375,12.679386932470948
27,mistral,2,Mistral-7B-v0.3,0.9329492174875118,32.71367645263672,-3.427734375,76.06734481747161
27,mistral,3,Mistral-7B-v0.3,0.9425444141294637,29.787134170532227,-3.291015625,76.29607384076925
27,mistral,4,Mistral-7B-v0.3,0.9428765970801064,45.22450256347656,-3.736328125,74.51742146735695
28,mistral,0,Mistral-7B-v0.3,0.9609120521172638,18.471755981445312,-2.248046875,76.35448114995975
28,mistral,1,Mistral-7B-v0.3,0.9748427672955975,16.690534591674805,-2.1015625,75.58183072371473
28,mistral,2,Mistral-7B-v0.3,0.96792863810808,19.384708404541016,-2.283203125,76.15487613066357
28,mistral,3,Mistral-7B-v0.3,0.976027397260274,16.862964630126953,-2.251953125,75.6108736832976
28,mistral,4,Mistral-7B-v0.3,0.9688283699059561,18.6324520111084,-2.205078125,76.04253646456348
29,mistral,0,Mistral-7B-v0.3,0.9355382174028034,23.396020889282227,-2.455078125,77.18184997512928
29,mistral,1,Mistral-7B-v0.3,0.9329623510999042,27.536054611206055,-2.6953125,77.23130392129548
29,mistral,2,Mistral-7B-v0.3,0.9532337902523933,23.004985809326172,-2.4453125,76.85958091040453
29,mistral,3,Mistral-7B-v0.3,0.9466666666666667,21.078664779663086,-2.47265625,76.9167019010921
29,mistral,4,Mistral-7B-v0.3,0.9381064531323599,23.379783630371094,-2.515625,77.14637754283117
30,mistral,0,Mistral-7B-v0.3,0.99375,19.517297744750977,-2.94140625,74.43185149089238
30,mistral,1,Mistral-7B-v0.3,0.9850746268656716,29.01445960998535,-3.287109375,74.71072998980027
30,mistral,2,Mistral-7B-v0.3,0.9918032786885246,30.162818908691406,-3.373046875,74.10559176546602
30,mistral,3,Mistral-7B-v0.3,0.9921259842519685,28.306711196899414,-3.27734375,74.28535428091467
30,mistral,4,Mistral-7B-v0.3,0.9914529914529915,29.77204704284668,-3.302734375,74.28987944984112
31,mistral,0,Mistral-7B-v0.3,0.9014724662167161,24.529781341552734,-3.15625,76.2013279512734
31,mistral,1,Mistral-7B-v0.3,0.924384236453202,22.35506248474121,-3.076171875,76.61733592746268
31,mistral,2,Mistral-7B-v0.3,0.9087735578036673,18.73567008972168,-2.85546875,76.53817829343497
31,mistral,3,Mistral-7B-v0.3,0.8930430555220433,24.334659576416016,-3.15234375,75.92965576623774
31,mistral,4,Mistral-7B-v0.3,0.9022299501331034,20.42587661743164,-2.951171875,76.36596108840213
32,mistral,0,Mistral-7B-v0.3,0.9508510279743849,41.8537712097168,-3.6484375,74.86696295569698
32,mistral,1,Mistral-7B-v0.3,0.9442724458204335,47.51198196411133,-3.798828125,74.09841249722683
32,mistral,2,Mistral-7B-v0.3,0.9023548365778423,36.593257904052734,-3.51171875,75.43542882883722
32,mistral,3,Mistral-7B-v0.3,0.952076677316294,52.940895080566406,-3.798828125,73.38568421905246
32,mistral,4,Mistral-7B-v0.3,0.9807692307692307,43.17401123046875,-3.75390625,73.27100146926726
33,mistral,0,Mistral-7B-v0.3,0.9788359788359788,35.96071243286133,-2.75,75.82041830087289
33,mistral,1,Mistral-7B-v0.3,0.9754901960784313,36.18703079223633,-2.806640625,75.93329358617163
33,mistral,2,Mistral-7B-v0.3,0.9743589743589743,38.83858108520508,-2.83984375,75.85871617054516
33,mistral,3,Mistral-7B-v0.3,0.9792746113989638,32.851924896240234,-2.775390625,75.83309508697435
33,mistral,4,Mistral-7B-v0.3,0.96875,35.42138671875,-2.8359375,76.23298700549255
34,mistral,0,Mistral-7B-v0.3,0.9499812700853689,33.64362716674805,-3.51953125,75.56946247690979
34,mistral,1,Mistral-7B-v0.3,0.9566563467492261,31.93861961364746,-3.48046875,75.51373483427764
34,mistral,2,Mistral-7B-v0.3,0.9655172413793104,33.21425247192383,-3.517578125,75.09534096602779
34,mistral,3,Mistral-7B-v0.3,0.9464116543033337,25.611671447753906,-3.255859375,76.22638409189243
34,mistral,4,Mistral-7B-v0.3,0.9523615718035856,33.59549331665039,-3.505859375,75.54957342315491
35,mistral,0,Mistral-7B-v0.3,0.8904784862088753,24.34458351135254,-3.21484375,75.71099989806896
35,mistral,1,Mistral-7B-v0.3,0.8848668446635175,25.302988052368164,-3.203125,75.5306101065966
35,mistral,2,Mistral-7B-v0.3,0.8828909497921331,26.042705535888672,-3.236328125,75.39389397890389
35,mistral,3,Mistral-7B-v0.3,0.8987663807605242,23.746007919311523,-3.169921875,76.0668087615666
35,mistral,4,Mistral-7B-v0.3,0.8761536668744001,24.127965927124023,-3.14453125,75.17199419516079
36,mistral,0,Mistral-7B-v0.3,0.905921153622981,11.709875106811523,-2.451171875,76.18003811913078
36,mistral,1,Mistral-7B-v0.3,0.932423546308028,12.563554763793945,-2.525390625,76.48559419775424
36,mistral,2,Mistral-7B-v0.3,0.9082450364630356,12.288333892822266,-2.525390625,76.26795123424026
36,mistral,3,Mistral-7B-v0.3,0.8886267677501488,10.61962890625,-2.404296875,75.5269152958001
36,mistral,4,Mistral-7B-v0.3,0.9108291859258704,10.437111854553223,-2.390625,76.16865705796168
37,mistral,0,Mistral-7B-v0.3,0.15856424657478946,28.875415802001953,-2.607421875,12.472709447547542
37,mistral,1,Mistral-7B-v0.3,0.10744053586671999,28.38779067993164,-2.578125,12.30206282639932
37,mistral,3,Mistral-7B-v0.3,0.19165762229191066,26.073932647705078,-2.498046875,12.656144609437716
37,mistral,4,Mistral-7B-v0.3,0.1580727548836888,27.553050994873047,-2.396484375,12.494808385114649
38,mistral,0,Mistral-7B-v0.3,0.8929613954865039,18.14705467224121,-2.443359375,76.28860696943681
38,mistral,1,Mistral-7B-v0.3,0.8987507484903673,17.096330642700195,-2.36328125,76.41214784111679
38,mistral,2,Mistral-7B-v0.3,0.12815392833324613,15.541703224182129,-2.25390625,11.75932472515704
38,mistral,3,Mistral-7B-v0.3,0.907987500400726,16.541831970214844,-2.345703125,76.61010269778146
38,mistral,4,Mistral-7B-v0.3,0.9129020045461413,16.552576065063477,-2.3828125,76.7054175778743
39,mistral,0,Mistral-7B-v0.3,0.9431211258820318,26.72612762451172,-2.388671875,77.20148294023836
39,mistral,1,Mistral-7B-v0.3,0.9368202573682025,29.81916046142578,-2.58203125,77.29600122170723
39,mistral,2,Mistral-7B-v0.3,0.9587155963302753,32.361000061035156,-2.51171875,76.86252543536686
39,mistral,3,Mistral-7B-v0.3,0.9338095238095238,27.72017478942871,-2.416015625,77.32683090580443
39,mistral,4,Mistral-7B-v0.3,0.9509958388882156,28.0423583984375,-2.494140625,77.06219127713918
40,mistral,0,Mistral-7B-v0.3,0.8572167128467751,22.129348754882812,-3.0390625,74.07265211779604
40,mistral,1,Mistral-7B-v0.3,0.7664771173858158,16.676546096801758,-2.736328125,64.17461552073613
40,mistral,2,Mistral-7B-v0.3,0.8326869004980273,20.02820587158203,-2.880859375,72.13221885288431
40,mistral,3,Mistral-7B-v0.3,0.8373985679050555,16.462997436523438,-2.73046875,72.48295839572567
40,mistral,4,Mistral-7B-v0.3,0.8151106220734821,16.49393653869629,-2.7109375,70.279415614696
41,mistral,0,Mistral-7B-v0.3,0.9360093328724508,21.19912338256836,-2.306640625,77.06641043486206
41,mistral,1,Mistral-7B-v0.3,0.9298119070077123,21.386449813842773,-2.296875,77.1063049685016
41,mistral,2,Mistral-7B-v0.3,0.9536391880071186,24.345251083374023,-2.62109375,76.85083502038145
41,mistral,3,Mistral-7B-v0.3,0.9340226715686275,20.99306297302246,-2.3828125,77.08162516974188
41,mistral,4,Mistral-7B-v0.3,0.9253053567046543,21.06279945373535,-2.296875,77.08787679544474
42,mistral,0,Mistral-7B-v0.3,0.9616778149386845,40.84208297729492,-3.6171875,74.69770640641796
42,mistral,1,Mistral-7B-v0.3,0.9759157638009475,35.933799743652344,-3.4765625,74.69159642504385
42,mistral,2,Mistral-7B-v0.3,0.958863569103285,39.86058044433594,-3.615234375,74.84978335711591
42,mistral,3,Mistral-7B-v0.3,0.9663008301674405,36.65574264526367,-3.552734375,74.89172331612927
42,mistral,4,Mistral-7B-v0.3,0.9534718819939219,43.857051849365234,-3.765625,74.29788392075535
43,mistral,0,Mistral-7B-v0.3,0.9270344315316486,29.30994415283203,-2.697265625,77.26950195993788
43,mistral,1,Mistral-7B-v0.3,0.35917327896022716,27.140867233276367,-2.7890625,16.067243821613918
43,mistral,2,Mistral-7B-v0.3,0.14278051228810182,29.197895050048828,-2.70703125,12.348184703992565
43,mistral,3,Mistral-7B-v0.3,0.9654808959156785,29.453330993652344,-2.734375,76.50375286328364
43,mistral,4,Mistral-7B-v0.3,0.9691248770894788,27.296184539794922,-2.755859375,76.30398499553262
44,mistral,0,Mistral-7B-v0.3,0.9473979698826976,36.94035720825195,-2.765625,76.93032018927411
44,mistral,1,Mistral-7B-v0.3,0.9422938638542666,32.191246032714844,-2.734375,77.13954390096424
44,mistral,2,Mistral-7B-v0.3,0.9268044526469366,35.460025787353516,-2.912109375,77.0175489064037
44,mistral,3,Mistral-7B-v0.3,0.926745712079962,36.53401184082031,-2.8515625,77.05846498908136
44,mistral,4,Mistral-7B-v0.3,0.9393575386523036,37.01241683959961,-3.025390625,76.74658940516343
45,mistral,0,Mistral-7B-v0.3,0.9841269841269841,48.70243835449219,-3.740234375,72.6790018985112
45,mistral,1,Mistral-7B-v0.3,0.9715639810426541,54.14168167114258,-3.83984375,72.42058254207598
45,mistral,2,Mistral-7B-v0.3,0.9845360824742269,62.5792121887207,-4.01953125,70.02952285530542
45,mistral,3,Mistral-7B-v0.3,0.9735449735449735,47.577274322509766,-3.77734375,73.2164354783953
45,mistral,4,Mistral-7B-v0.3,0.9609756097560975,42.66935348510742,-3.580078125,74.72237144090465
46,mistral,0,Mistral-7B-v0.3,0.9033513312232359,27.314367294311523,-3.205078125,76.23595417197575
46,mistral,1,Mistral-7B-v0.3,0.8709930218612004,31.476940155029297,-3.330078125,74.62814261977604
46,mistral,2,Mistral-7B-v0.3,0.8989311306529311,20.52277374267578,-2.990234375,76.22168539616044
46,mistral,3,Mistral-7B-v0.3,0.9022026314162863,46.26009750366211,-3.72265625,74.24675790493464
46,mistral,4,Mistral-7B-v0.3,0.8943900625525196,31.869157791137695,-3.375,75.62432885698917
47,mistral,0,Mistral-7B-v0.3,0.9692307692307692,13.067805290222168,-1.9755859375,75.46151695035503
47,mistral,1,Mistral-7B-v0.3,0.9617224880382775,13.965333938598633,-1.9833984375,75.83607390446885
47,mistral,2,Mistral-7B-v0.3,0.9427257525083611,13.222408294677734,-1.994140625,76.26878685888052
47,mistral,3,Mistral-7B-v0.3,0.9514108082257293,13.088762283325195,-1.908203125,76.00373554554893
47,mistral,4,Mistral-7B-v0.3,0.9761904761904762,15.094294548034668,-2.083984375,75.3858250519356
48,mistral,0,Mistral-7B-v0.3,0.8494399758190458,25.846412658691406,-3.326171875,73.06657371851824
48,mistral,1,Mistral-7B-v0.3,0.9162501144374257,30.764577865600586,-3.4921875,75.8459350370201
48,mistral,2,Mistral-7B-v0.3,0.9376763322884013,25.688438415527344,-3.337890625,76.17557752504766
48,mistral,3,Mistral-7B-v0.3,0.9239370852789384,25.270967483520508,-3.283203125,76.3285440297031
48,mistral,4,Mistral-7B-v0.3,0.8373414593922002,24.591529846191406,-3.263671875,72.13804350612172
49,mistral,0,Mistral-7B-v0.3,0.1274578206098465,10.365903854370117,-2.35546875,11.346406920351038
49,mistral,1,Mistral-7B-v0.3,0.38889016745706667,12.125863075256348,-2.505859375,16.765548616825868
49,mistral,2,Mistral-7B-v0.3,0.23310172141738994,11.266107559204102,-2.455078125,12.159922454898963
49,mistral,3,Mistral-7B-v0.3,0.8549300856830074,10.920641899108887,-2.412109375,73.59893247262966
49,mistral,4,Mistral-7B-v0.3,0.09320449584667674,15.285061836242676,-2.70703125,11.576525179081688
50,mistral,0,Mistral-7B-v0.3,0.9113009024873432,22.259044647216797,-3.109375,76.41649451048582
50,mistral,1,Mistral-7B-v0.3,0.8991062805218125,22.28076934814453,-3.083984375,76.16898868092439
50,mistral,2,Mistral-7B-v0.3,0.9028583771329829,19.74987030029297,-3.025390625,76.23739459192038
50,mistral,3,Mistral-7B-v0.3,0.9042852189324035,18.267738342285156,-2.87109375,76.38960950705905
50,mistral,4,Mistral-7B-v0.3,0.9044950027050883,20.633129119873047,-3.0234375,76.33190225491823
51,mistral,0,Mistral-7B-v0.3,0.925982973930902,21.580188751220703,-3.08984375,76.56166544273762
51,mistral,1,Mistral-7B-v0.3,0.9147198480531813,23.208711624145508,-3.15625,76.42737326332862
51,mistral,2,Mistral-7B-v0.3,0.9177909423736631,24.346284866333008,-3.2109375,76.40345627103983
51,mistral,3,Mistral-7B-v0.3,0.9168132696657452,25.26216697692871,-3.2109375,76.42369302485551
51,mistral,4,Mistral-7B-v0.3,0.919214862024544,22.11284637451172,-3.095703125,76.53938240932523
52,mistral,0,Mistral-7B-v0.3,0.984984984984985,20.224685668945312,-3.0390625,74.88101721928723
52,mistral,1,Mistral-7B-v0.3,0.14329466560090692,20.805160522460938,-3.06640625,11.651240702085051
52,mistral,2,Mistral-7B-v0.3,0.9898648648648649,22.568662643432617,-3.158203125,74.4968595912618
52,mistral,3,Mistral-7B-v0.3,0.9873417721518988,20.374540328979492,-3.001953125,74.80540728825623
52,mistral,4,Mistral-7B-v0.3,0.12921976302257993,25.51744842529297,-3.279296875,11.391410048960903
53,mistral,0,Mistral-7B-v0.3,0.9312712030348355,25.066417694091797,-2.48828125,77.26353835829259
53,mistral,1,Mistral-7B-v0.3,0.9299136655995177,21.440324783325195,-2.40234375,77.12298942379904
53,mistral,2,Mistral-7B-v0.3,0.9315697501744014,27.714860916137695,-2.615234375,77.2883165849724
53,mistral,3,Mistral-7B-v0.3,0.9437934458788481,25.10118865966797,-2.51171875,77.13276804846345
53,mistral,4,Mistral-7B-v0.3,0.9450293032342089,27.9409122467041,-2.65234375,77.12522593996852
54,mistral,0,Mistral-7B-v0.3,0.9574396026191014,60.50788497924805,-3.373046875,73.53577942779373
54,mistral,1,Mistral-7B-v0.3,0.9533980582524272,55.98277282714844,-3.201171875,74.61100107213379
54,mistral,2,Mistral-7B-v0.3,0.9569397896683232,56.04310607910156,-3.2578125,74.38555349483796
54,mistral,3,Mistral-7B-v0.3,0.9646290515460715,61.7707405090332,-3.25,73.3962045362137
54,mistral,4,Mistral-7B-v0.3,0.9684963865565872,60.620540618896484,-3.353515625,73.16305820003348
55,mistral,0,Mistral-7B-v0.3,0.9249016062121052,21.096649169921875,-2.921875,76.78413473050354
55,mistral,1,Mistral-7B-v0.3,0.916155152148361,19.40912628173828,-2.845703125,76.7105507759634
55,mistral,2,Mistral-7B-v0.3,0.9684286301933361,22.200056076049805,-2.982421875,75.90209507229204
55,mistral,3,Mistral-7B-v0.3,0.9660665575559192,21.183530807495117,-2.9921875,75.93458676607749
55,mistral,4,Mistral-7B-v0.3,0.8953215901745313,18.54994010925293,-2.80859375,76.20831223360767
56,mistral,0,Mistral-7B-v0.3,0.9167746390437101,30.224693298339844,-3.376953125,76.1461308059384
56,mistral,1,Mistral-7B-v0.3,0.926732120594768,32.87223434448242,-3.47265625,75.96145458154412
56,mistral,2,Mistral-7B-v0.3,0.9147311355090166,36.67904281616211,-3.560546875,75.54918411336084
56,mistral,3,Mistral-7B-v0.3,0.94505078299097,36.28782653808594,-3.52734375,75.59201860839778
56,mistral,4,Mistral-7B-v0.3,0.8763605853109107,42.4589729309082,-3.69140625,73.57877054899984
57,mistral,0,Mistral-7B-v0.3,0.9449045318610536,31.95210838317871,-2.36328125,77.22101834145295
57,mistral,1,Mistral-7B-v0.3,0.9445652173913044,31.419178009033203,-2.447265625,77.22946795425574
57,mistral,2,Mistral-7B-v0.3,0.9420020639834882,27.38594627380371,-2.18359375,77.17786286618194
57,mistral,3,Mistral-7B-v0.3,0.9621865677658632,24.564821243286133,-2.134765625,76.56065759701968
57,mistral,4,Mistral-7B-v0.3,0.9416637660981553,22.608747482299805,-2.10546875,76.98109082190311
58,mistral,1,Mistral-7B-v0.3,0.1763733411428829,16.375450134277344,-2.712890625,11.957058595765897
58,mistral,3,Mistral-7B-v0.3,0.9014076417987479,14.017796516418457,-2.6015625,76.21803177071585
58,mistral,4,Mistral-7B-v0.3,0.915767887766276,22.732236862182617,-2.99609375,76.68835095502595
59,mistral,0,Mistral-7B-v0.3,0.9526999316473,24.248760223388672,-2.568359375,76.89536383082131
59,mistral,1,Mistral-7B-v0.3,0.961493363350687,24.47179412841797,-2.556640625,76.638946913742
59,mistral,2,Mistral-7B-v0.3,0.9659732185557149,23.206735610961914,-2.53515625,76.42914832764741
59,mistral,3,Mistral-7B-v0.3,0.9551180139415434,22.912975311279297,-2.38671875,76.80457459841875
59,mistral,4,Mistral-7B-v0.3,0.966937485894832,23.386428833007812,-2.369140625,76.41444318966589
60,mistral,0,Mistral-7B-v0.3,0.9267737296260786,26.60074806213379,-3.248046875,76.44956838125725
60,mistral,1,Mistral-7B-v0.3,0.8766748404539595,30.507261276245117,-3.369140625,74.85390748172765
60,mistral,2,Mistral-7B-v0.3,0.9053289698125812,40.11076354980469,-3.650390625,74.96484802430149
60,mistral,3,Mistral-7B-v0.3,0.9328639147966878,41.58876037597656,-3.658203125,75.11694516139138
60,mistral,4,Mistral-7B-v0.3,0.929885466737879,33.376827239990234,-3.44921875,76.01612956275383
61,mistral,0,Mistral-7B-v0.3,0.9470089371938265,23.410037994384766,-2.3984375,77.02322249784086
61,mistral,1,Mistral-7B-v0.3,0.9523295750840661,25.523393630981445,-2.46484375,76.97379356479502
61,mistral,2,Mistral-7B-v0.3,0.9255890907767296,23.565624237060547,-2.462890625,77.21559324631579
61,mistral,3,Mistral-7B-v0.3,0.9487427466150872,24.141447067260742,-2.419921875,77.01555232317149
61,mistral,4,Mistral-7B-v0.3,0.9296033608979267,22.333539962768555,-2.4140625,77.16687579528038
62,mistral,0,Mistral-7B-v0.3,0.6971309025702331,15.64404582977295,-2.71875,53.50284347063441
62,mistral,1,Mistral-7B-v0.3,0.8873569551919377,18.351606369018555,-2.84375,75.85398921041275
62,mistral,2,Mistral-7B-v0.3,0.8538801367008418,15.505672454833984,-2.72265625,73.78480675966524
62,mistral,3,Mistral-7B-v0.3,0.8467499124752013,13.65574836730957,-2.541015625,73.17497489882736
62,mistral,4,Mistral-7B-v0.3,0.8851509685462297,18.202823638916016,-2.908203125,75.6740093236573
63,mistral,0,Mistral-7B-v0.3,0.9646150950498777,22.386262893676758,-3.0625,75.94145559699763
63,mistral,1,Mistral-7B-v0.3,0.9684684684684685,33.669158935546875,-3.421875,75.22291035636671
63,mistral,2,Mistral-7B-v0.3,0.9874476987447699,26.54631805419922,-3.142578125,74.81622908130618
63,mistral,3,Mistral-7B-v0.3,0.9683257918552036,30.899856567382812,-3.3125,75.50999704403453
63,mistral,4,Mistral-7B-v0.3,0.9745762711864406,35.4295539855957,-3.46484375,74.8012772310791
64,mistral,0,Mistral-7B-v0.3,0.9042248367947642,24.069761276245117,-3.16796875,76.23506954436583
64,mistral,1,Mistral-7B-v0.3,0.22524821704253162,29.355716705322266,-3.390625,11.842937619834348
64,mistral,2,Mistral-7B-v0.3,0.9172649345063137,28.763891220092773,-3.33984375,76.2269564464206
64,mistral,3,Mistral-7B-v0.3,0.8981438010104936,30.40937042236328,-3.396484375,75.69673300613186
64,mistral,4,Mistral-7B-v0.3,0.9010422627222096,34.33876419067383,-3.4375,75.65204507776919
65,mistral,0,Mistral-7B-v0.3,0.8431348409726863,25.398883819580078,-3.21875,72.76724727403553
65,mistral,2,Mistral-7B-v0.3,0.8325072956611919,27.954057693481445,-3.3046875,71.69000792211656
65,mistral,3,Mistral-7B-v0.3,0.9914529914529915,17.879798889160156,-2.921875,74.50562968005347
66,mistral,0,Mistral-7B-v0.3,0.951310861423221,31.767169952392578,-2.52734375,77.07200948636901
66,mistral,1,Mistral-7B-v0.3,0.947565543071161,29.979251861572266,-2.576171875,77.13782702220044
66,mistral,2,Mistral-7B-v0.3,0.936776790206272,29.506242752075195,-2.52734375,77.31254674730582
66,mistral,3,Mistral-7B-v0.3,0.9408150070800008,27.054800033569336,-2.486328125,77.23694179050196
66,mistral,4,Mistral-7B-v0.3,0.9237764080937514,26.19647789001465,-2.349609375,77.29717840604258
67,mistral,0,Mistral-7B-v0.3,0.9441581481794373,24.678564071655273,-2.724609375,77.00630454442937
67,mistral,1,Mistral-7B-v0.3,0.9580152671755725,24.369583129882812,-2.71484375,76.66548843583377
67,mistral,2,Mistral-7B-v0.3,0.9581749049429658,28.20062255859375,-2.76953125,76.71728077409061
67,mistral,3,Mistral-7B-v0.3,0.9389312977099237,26.527698516845703,-2.71484375,77.14413626483139
67,mistral,4,Mistral-7B-v0.3,0.9164179509442153,26.907880783081055,-2.708984375,77.15153034774029
68,mistral,0,Mistral-7B-v0.3,0.8993843154167553,22.546859741210938,-3.060546875,76.22852231365664
68,mistral,1,Mistral-7B-v0.3,0.8940374559116536,20.549659729003906,-2.962890625,76.09993712432852
68,mistral,2,Mistral-7B-v0.3,0.9226264024708486,20.276226043701172,-2.9609375,76.67823284832535
68,mistral,3,Mistral-7B-v0.3,0.9333333333333333,21.974288940429688,-3.025390625,76.67207599593054
68,mistral,4,Mistral-7B-v0.3,0.9171747967479674,19.925310134887695,-2.94921875,76.62798127956044
69,mistral,0,Mistral-7B-v0.3,0.9704291381175622,21.74710464477539,-3.02734375,75.72729293245041
69,mistral,1,Mistral-7B-v0.3,0.9782608695652174,19.924850463867188,-2.921875,75.4021633337766
69,mistral,2,Mistral-7B-v0.3,0.9710743801652892,16.126392364501953,-2.75,75.68151897578414
69,mistral,3,Mistral-7B-v0.3,0.9759036144578314,21.190765380859375,-2.953125,75.5499947340281
69,mistral,4,Mistral-7B-v0.3,0.9916317991631799,19.02346420288086,-2.8359375,74.66653389517803
70,mistral,0,Mistral-7B-v0.3,0.9646909827760891,23.192983627319336,-3.23828125,75.64691835208887
70,mistral,1,Mistral-7B-v0.3,0.9651827046193243,20.059545516967773,-3.142578125,75.66051902481173
70,mistral,2,Mistral-7B-v0.3,0.9649385675756668,22.544897079467773,-3.1953125,75.69634239100418
70,mistral,3,Mistral-7B-v0.3,0.9573484069886948,20.239343643188477,-3.158203125,75.91457192669691
70,mistral,4,Mistral-7B-v0.3,0.9506079027355624,19.511783599853516,-3.0390625,76.2628837462577
71,mistral,0,Mistral-7B-v0.3,0.9619047619047619,26.861967086791992,-2.34375,76.71561965901208
71,mistral,1,Mistral-7B-v0.3,0.9566858965339338,26.61955451965332,-2.388671875,76.8855164651033
71,mistral,2,Mistral-7B-v0.3,0.9521531100478469,24.735679626464844,-2.240234375,76.92446428417634
71,mistral,3,Mistral-7B-v0.3,0.9583333333333334,23.751148223876953,-2.271484375,76.72159156389789
71,mistral,4,Mistral-7B-v0.3,0.9663461538461539,24.907529830932617,-2.283203125,76.4791871112531
72,mistral,0,Mistral-7B-v0.3,0.8279595518899089,17.08412742614746,-2.673828125,71.67655364116179
72,mistral,1,Mistral-7B-v0.3,0.7360875138919741,16.537221908569336,-2.6015625,59.78473000451962
72,mistral,2,Mistral-7B-v0.3,0.8417910271157264,17.71380043029785,-2.71484375,72.9694856247452
72,mistral,3,Mistral-7B-v0.3,0.7712448836856929,21.121219635009766,-2.921875,64.91953430624184
72,mistral,4,Mistral-7B-v0.3,0.7710495273129797,14.59620189666748,-2.56640625,64.75234653714541
73,mistral,0,Mistral-7B-v0.3,0.9362492853058891,28.502004623413086,-2.40234375,77.321551719688
73,mistral,1,Mistral-7B-v0.3,0.9536391880071186,35.439971923828125,-2.46484375,76.9732263595499
73,mistral,2,Mistral-7B-v0.3,0.9586192109777015,32.86717224121094,-2.51171875,76.86139631067941
73,mistral,3,Mistral-7B-v0.3,0.9356848293410547,31.077144622802734,-2.470703125,77.34130389199228
73,mistral,4,Mistral-7B-v0.3,0.9471425279410071,29.47696304321289,-2.40234375,77.17497674715737
74,mistral,0,Mistral-7B-v0.3,0.889418253451509,24.406757354736328,-2.712890625,76.36345155865251
74,mistral,1,Mistral-7B-v0.3,0.8927182527757291,23.29387664794922,-2.5625,76.52986567730231
74,mistral,2,Mistral-7B-v0.3,0.8954781847154728,20.492782592773438,-2.525390625,76.50424961056451
74,mistral,3,Mistral-7B-v0.3,0.8817308134455327,20.86758041381836,-2.544921875,75.95255098726662
74,mistral,4,Mistral-7B-v0.3,0.8775067769538332,21.323732376098633,-2.5,75.77561116993458
75,mistral,0,Mistral-7B-v0.3,0.8618789557502768,22.897274017333984,-2.990234375,74.5077647014615
75,mistral,1,Mistral-7B-v0.3,0.8947537607756685,21.260007858276367,-2.951171875,76.17877125511387
75,mistral,2,Mistral-7B-v0.3,0.8745535640849091,21.134950637817383,-2.91796875,75.30252937977583
75,mistral,3,Mistral-7B-v0.3,0.913755281605608,25.34993553161621,-3.150390625,76.50301103761876
75,mistral,4,Mistral-7B-v0.3,0.8884056662339861,18.597063064575195,-2.853515625,75.90304671710375
76,mistral,0,Mistral-7B-v0.3,0.925189561396458,21.091358184814453,-1.837890625,76.76781312933157
76,mistral,1,Mistral-7B-v0.3,0.926193207561721,18.82727813720703,-1.8759765625,76.68141967988599
76,mistral,2,Mistral-7B-v0.3,0.9101438417740485,20.722929000854492,-1.9482421875,76.69692300726177
76,mistral,3,Mistral-7B-v0.3,0.9230981172508802,18.446962356567383,-1.7880859375,76.54930026136537
76,mistral,4,Mistral-7B-v0.3,0.9280250624175055,19.97210693359375,-1.8583984375,76.73280594351088
77,mistral,0,Mistral-7B-v0.3,0.9607843137254902,34.296775817871094,-3.412109375,75.53158276245934
77,mistral,1,Mistral-7B-v0.3,0.9607843137254902,34.60411071777344,-3.416015625,75.51596934218504
77,mistral,2,Mistral-7B-v0.3,0.9656862745098039,33.47339630126953,-3.44140625,75.28903117489673
77,mistral,3,Mistral-7B-v0.3,0.9812206572769953,32.0182991027832,-3.421875,74.61972806984208
77,mistral,4,Mistral-7B-v0.3,0.9707317073170731,33.32263946533203,-3.400390625,75.1834623642921
78,mistral,0,Mistral-7B-v0.3,0.9704075866643735,36.05794906616211,-3.5625,74.70887054155092
78,mistral,1,Mistral-7B-v0.3,0.981941309255079,39.178077697753906,-3.705078125,73.58904578463942
78,mistral,2,Mistral-7B-v0.3,0.9459457945391192,43.05809783935547,-3.740234375,74.60787870551586
78,mistral,3,Mistral-7B-v0.3,0.9711751662971175,36.327701568603516,-3.591796875,74.58218077096441
78,mistral,4,Mistral-7B-v0.3,0.9538136282322328,42.619937896728516,-3.677734375,74.65315919985584
79,mistral,0,Mistral-7B-v0.3,0.9160825199645075,27.7307186126709,-2.578125,77.23793236736923
79,mistral,1,Mistral-7B-v0.3,0.13195570410988253,25.416458129882812,-2.3828125,12.334142167570985
79,mistral,2,Mistral-7B-v0.3,0.9179602553806323,28.44981575012207,-2.576171875,77.27243347477874
79,mistral,3,Mistral-7B-v0.3,0.902670485168081,28.429637908935547,-2.626953125,76.96462418473078
79,mistral,4,Mistral-7B-v0.3,0.920472005518212,26.096271514892578,-2.57421875,77.24651262007052
80,mistral,0,Mistral-7B-v0.3,0.9756761241081797,24.827774047851562,-3.171875,75.35991600855918
80,mistral,1,Mistral-7B-v0.3,0.9627766251728908,22.41670036315918,-3.03515625,76.0552376156299
80,mistral,2,Mistral-7B-v0.3,0.9778373015873016,31.626970291137695,-3.365234375,74.94110225803189
80,mistral,3,Mistral-7B-v0.3,0.9414584046559397,23.691194534301758,-3.099609375,76.54482721331392
80,mistral,4,Mistral-7B-v0.3,0.9696601480918929,22.178180694580078,-3.10546875,75.65313129405344
81,mistral,0,Mistral-7B-v0.3,0.9626436781609196,52.74333572387695,-3.20703125,74.68560900041007
81,mistral,1,Mistral-7B-v0.3,0.962536023054755,47.78657531738281,-3.263671875,75.07170613865104
81,mistral,2,Mistral-7B-v0.3,0.9630681818181818,50.95718002319336,-3.25390625,74.7652210597333
81,mistral,3,Mistral-7B-v0.3,0.9616519174041298,50.63698196411133,-3.244140625,74.86986189016802
81,mistral,4,Mistral-7B-v0.3,0.9605633802816902,41.94046401977539,-3.162109375,75.78894255727718
82,mistral,0,Mistral-7B-v0.3,0.8437318601072694,21.26189422607422,-2.30078125,73.44327078688656
82,mistral,1,Mistral-7B-v0.3,0.8319752641809611,21.338058471679688,-2.400390625,72.40412092927203
82,mistral,2,Mistral-7B-v0.3,0.8350359269123543,21.292203903198242,-2.341796875,72.68324432687773
82,mistral,3,Mistral-7B-v0.3,0.8342328758948527,16.254274368286133,-2.044921875,72.15806605100016
82,mistral,4,Mistral-7B-v0.3,0.8487773802146598,20.802526473999023,-2.400390625,73.84800696522916
83,mistral,0,Mistral-7B-v0.3,0.9696969696969697,13.564845085144043,-2.5703125,75.65141583268328
83,mistral,1,Mistral-7B-v0.3,0.8269253798962318,14.926281929016113,-2.685546875,71.40830237864137
83,mistral,2,Mistral-7B-v0.3,0.9117857142857143,16.724987030029297,-2.767578125,76.54677655924064
83,mistral,3,Mistral-7B-v0.3,0.8975400586774993,15.246296882629395,-2.734375,76.11609205657633
83,mistral,4,Mistral-7B-v0.3,0.9441446184897548,17.05317497253418,-2.7734375,76.56354071493193
84,mistral,0,Mistral-7B-v0.3,0.14274820696432652,37.917869567871094,-3.59375,10.588057332837236
84,mistral,1,Mistral-7B-v0.3,0.16921445307682823,42.048728942871094,-3.669921875,10.277458589584388
84,mistral,2,Mistral-7B-v0.3,0.16861521993772238,38.944332122802734,-3.548828125,10.79677667401706
84,mistral,3,Mistral-7B-v0.3,0.19486001863802674,47.814327239990234,-3.837890625,9.463086111076278
84,mistral,4,Mistral-7B-v0.3,0.1736417736827359,38.706085205078125,-3.564453125,10.79169289412312
85,mistral,0,Mistral-7B-v0.3,0.9781818181818182,49.20039367675781,-3.216796875,74.34848180603446
85,mistral,1,Mistral-7B-v0.3,0.9765100671140939,43.526668548583984,-3.0625,75.1884391168803
85,mistral,2,Mistral-7B-v0.3,0.9862542955326461,44.1220588684082,-3.095703125,74.55470825847881
85,mistral,3,Mistral-7B-v0.3,0.9710144927536232,39.36195755004883,-3.095703125,75.63487163060282
85,mistral,4,Mistral-7B-v0.3,0.9713261648745519,41.23248291015625,-3.041015625,75.6144167606958
86,mistral,0,Mistral-7B-v0.3,0.9653016514998315,29.428279876708984,-2.66015625,76.56204383539878
86,mistral,1,Mistral-7B-v0.3,0.9709136787547099,29.674352645874023,-2.650390625,76.33532210700855
86,mistral,2,Mistral-7B-v0.3,0.975975975975976,36.3156623840332,-2.84375,75.86768102886997
86,mistral,3,Mistral-7B-v0.3,0.9646122925010386,32.14938735961914,-2.69140625,76.57384000050826
86,mistral,4,Mistral-7B-v0.3,0.9814814814814815,35.01677703857422,-2.79296875,75.66344378337615
87,mistral,0,Mistral-7B-v0.3,0.9062141859193714,20.766475677490234,-2.97265625,76.45458159335911
87,mistral,1,Mistral-7B-v0.3,0.9159351779570359,20.477807998657227,-2.966796875,76.6201362196955
87,mistral,2,Mistral-7B-v0.3,0.9534036215712515,16.755739212036133,-2.75390625,76.35650466233507
87,mistral,3,Mistral-7B-v0.3,0.8986213382765106,15.932782173156738,-2.71875,76.21357718132066
87,mistral,4,Mistral-7B-v0.3,0.958986317341655,19.10341453552246,-2.88671875,76.21188954905338
88,mistral,0,Mistral-7B-v0.3,0.8999422901224017,26.893829345703125,-3.255859375,76.0273359681239
88,mistral,1,Mistral-7B-v0.3,0.8932498600997056,28.968969345092773,-3.345703125,75.64196600150188
88,mistral,2,Mistral-7B-v0.3,0.9016109811512162,28.15802001953125,-3.2890625,76.02802968572152
88,mistral,3,Mistral-7B-v0.3,0.8861548814139425,24.902286529541016,-3.20703125,75.5668804573058
88,mistral,4,Mistral-7B-v0.3,0.8932895425453027,28.097061157226562,-3.2578125,75.82814225206805
89,mistral,0,Mistral-7B-v0.3,0.9764705882352941,37.952823638916016,-3.63671875,74.14140847246139
89,mistral,1,Mistral-7B-v0.3,0.9615384615384616,43.68665313720703,-3.78125,74.00839244653892
89,mistral,2,Mistral-7B-v0.3,0.985781990521327,59.873477935791016,-4.10546875,69.99668025818515
89,mistral,3,Mistral-7B-v0.3,0.19926342036628353,97.7536392211914,-4.61328125,0.5457876294711125
89,mistral,4,Mistral-7B-v0.3,0.9371816831834954,54.7166862487793,-4.03125,72.61978648297548
90,mistral,0,Mistral-7B-v0.3,0.9456521739130435,16.850746154785156,-2.6796875,76.59446671288546
90,mistral,1,Mistral-7B-v0.3,0.906043956043956,19.165590286254883,-2.783203125,76.57818972782245
90,mistral,2,Mistral-7B-v0.3,0.6849865035705744,10.843664169311523,-2.306640625,51.24250660425626
90,mistral,3,Mistral-7B-v0.3,0.7904276306006524,17.84246063232422,-2.720703125,67.46106798468841
90,mistral,4,Mistral-7B-v0.3,0.8884097035040431,17.08769989013672,-2.724609375,75.92276899678788
91,mistral,0,Mistral-7B-v0.3,0.9605263157894737,32.998146057128906,-2.33984375,76.80354832669701
91,mistral,1,Mistral-7B-v0.3,0.97,42.20082092285156,-2.61328125,76.05521530678631
91,mistral,2,Mistral-7B-v0.3,0.954983922829582,36.647335052490234,-2.376953125,76.90468823209861
91,mistral,3,Mistral-7B-v0.3,0.9570957095709571,35.7006721496582,-2.453125,76.86852156734317
91,mistral,4,Mistral-7B-v0.3,0.9579288025889967,40.37151336669922,-2.615234375,76.6125640681009
92,mistral,0,Mistral-7B-v0.3,0.9111423909271013,17.639446258544922,-2.8125,76.55685460221596
92,mistral,1,Mistral-7B-v0.3,0.9351468203927219,23.87001609802246,-3.099609375,76.62097982556871
92,mistral,2,Mistral-7B-v0.3,0.9595462550502435,25.540529251098633,-3.25390625,75.88297884464467
92,mistral,3,Mistral-7B-v0.3,0.9265787399635486,25.259624481201172,-3.21484375,76.48006609177483
92,mistral,4,Mistral-7B-v0.3,0.9199576739050422,19.36465072631836,-2.955078125,76.61475105160075
93,mistral,0,Mistral-7B-v0.3,0.9656862745098039,27.355575561523438,-2.767578125,76.43651116005194
93,mistral,1,Mistral-7B-v0.3,0.9672897196261683,26.36981964111328,-2.767578125,76.34905519789854
93,mistral,2,Mistral-7B-v0.3,0.9672897196261683,26.645301818847656,-2.806640625,76.31998416209883
93,mistral,3,Mistral-7B-v0.3,0.9414027149321267,21.3276424407959,-2.646484375,76.95727173524725
93,mistral,4,Mistral-7B-v0.3,0.9757281553398058,25.145278930664062,-2.732421875,75.96075477978034
94,mistral,0,Mistral-7B-v0.3,0.9353296201061003,24.889774322509766,-3.103515625,76.64973995229344
94,mistral,1,Mistral-7B-v0.3,0.92832511935931,32.95203399658203,-3.376953125,76.20477631827784
94,mistral,2,Mistral-7B-v0.3,0.9711191335740073,38.708492279052734,-3.53125,74.6716121362716
94,mistral,3,Mistral-7B-v0.3,0.9514875368533905,31.91004753112793,-3.384765625,75.900922336019
94,mistral,4,Mistral-7B-v0.3,0.9648882695466083,33.363834381103516,-3.419921875,75.37649256182374
95,mistral,0,Mistral-7B-v0.3,0.11047319893677385,25.27750587463379,-3.109375,11.667047675652645
95,mistral,1,Mistral-7B-v0.3,0.8185079621329839,31.05896759033203,-3.41796875,70.04307885655871
95,mistral,2,Mistral-7B-v0.3,0.8546389766447073,23.59095001220703,-3.16015625,73.73766484051541
95,mistral,4,Mistral-7B-v0.3,0.536377048069997,20.89696502685547,-2.96484375,29.641163759720996
96,mistral,0,Mistral-7B-v0.3,0.9551451187335093,17.366125106811523,-2.271484375,76.47108650861654
96,mistral,1,Mistral-7B-v0.3,0.9214669105886923,16.22071647644043,-2.150390625,76.70619875816357
96,mistral,2,Mistral-7B-v0.3,0.9377882309536987,16.6647891998291,-2.123046875,76.69292670675736
96,mistral,3,Mistral-7B-v0.3,0.9133645953425023,15.3982572555542,-2.037109375,76.480108873114
96,mistral,4,Mistral-7B-v0.3,0.9165228834769191,16.466121673583984,-2.166015625,76.6856212826302
97,mistral,0,Mistral-7B-v0.3,0.8879599948054079,19.036531448364258,-2.998046875,75.72678589906985
97,mistral,1,Mistral-7B-v0.3,0.9321076830610697,20.58946990966797,-3.046875,76.5736588977892
97,mistral,2,Mistral-7B-v0.3,0.8758947861406996,19.370220184326172,-3.025390625,75.12690847874184
97,mistral,3,Mistral-7B-v0.3,0.9036880075603754,21.497812271118164,-3.064453125,76.2916995332902
97,mistral,4,Mistral-7B-v0.3,0.9104991457852079,18.234561920166016,-2.9140625,76.47085135553777
98,mistral,0,Mistral-7B-v0.3,0.9913793103448276,47.376399993896484,-2.943359375,74.20686876535711
98,mistral,1,Mistral-7B-v0.3,0.995575221238938,47.41967010498047,-2.93359375,73.93632083792507
98,mistral,2,Mistral-7B-v0.3,0.9868421052631579,47.84276580810547,-2.875,74.53332835067538
98,mistral,3,Mistral-7B-v0.3,0.9908256880733946,49.92251968383789,-3.05859375,73.83324766567502
98,mistral,4,Mistral-7B-v0.3,0.9868421052631579,50.262210845947266,-2.94921875,74.2092534887839
99,mistral,0,Mistral-7B-v0.3,0.9541862080944937,26.194805145263672,-3.146484375,76.27792144983816
99,mistral,1,Mistral-7B-v0.3,0.9758386197616302,24.408432006835938,-3.09375,75.47911380370854
99,mistral,2,Mistral-7B-v0.3,0.9415762083445011,22.194900512695312,-3.103515625,76.47148816043827
99,mistral,3,Mistral-7B-v0.3,0.9405051389294168,30.63727378845215,-3.34375,76.20927597075257
99,mistral,4,Mistral-7B-v0.3,0.9765886287625418,30.004236221313477,-3.345703125,75.04824533943503
100,mistral,0,Mistral-7B-v0.3,0.83272132135598,17.087125778198242,-2.068359375,72.09275793968658
100,mistral,1,Mistral-7B-v0.3,0.172528844096931,19.21641731262207,-2.337890625,12.226153935131055
100,mistral,2,Mistral-7B-v0.3,0.7107179486278569,18.19723129272461,-2.22265625,55.93511474287433
100,mistral,3,Mistral-7B-v0.3,0.8427906712111198,18.143892288208008,-2.140625,73.11571409022736
100,mistral,4,Mistral-7B-v0.3,0.11745648827137696,18.40789794921875,-2.265625,11.931806092119038
101,mistral,0,Mistral-7B-v0.3,0.18092733525670707,43.879005432128906,-3.76953125,9.909839897824394
101,mistral,2,Mistral-7B-v0.3,0.9779735682819384,38.290740966796875,-3.54296875,74.32534046648179
101,mistral,3,Mistral-7B-v0.3,0.9914529914529915,34.031829833984375,-3.431640625,73.96127981881868
101,mistral,4,Mistral-7B-v0.3,0.9652173913043478,36.45455551147461,-3.5390625,74.9792496166679
102,mistral,0,Mistral-7B-v0.3,0.919653647640011,27.017593383789062,-2.77734375,77.13248960200899
102,mistral,1,Mistral-7B-v0.3,0.9167515788425924,22.355487823486328,-2.591796875,77.06442640677676
102,mistral,2,Mistral-7B-v0.3,0.9370713303604659,20.889488220214844,-2.564453125,77.02438510720441
102,mistral,3,Mistral-7B-v0.3,0.93701104144704,21.545866012573242,-2.5078125,77.07563569328215
102,mistral,4,Mistral-7B-v0.3,0.937037037037037,17.89179039001465,-2.521484375,76.85925793995878
103,mistral,0,Mistral-7B-v0.3,0.8457555128401739,18.348970413208008,-2.197265625,73.40775109745603
103,mistral,1,Mistral-7B-v0.3,0.8615018795264657,17.39046859741211,-2.134765625,74.50157647838608
103,mistral,2,Mistral-7B-v0.3,0.8352244455896706,14.11081314086914,-1.9228515625,71.98071618694415
103,mistral,3,Mistral-7B-v0.3,0.25532271700353126,16.160110473632812,-2.30859375,12.860816531471212
103,mistral,4,Mistral-7B-v0.3,0.783885076660219,16.702253341674805,-2.140625,66.5801771027742
104,mistral,0,Mistral-7B-v0.3,0.9342553443971732,31.15045738220215,-2.72265625,77.2395683927902
104,mistral,1,Mistral-7B-v0.3,0.965180418294645,36.44432830810547,-2.845703125,76.33990668618434
104,mistral,2,Mistral-7B-v0.3,0.3183249620690897,32.54367446899414,-2.72265625,14.719845442144134
104,mistral,3,Mistral-7B-v0.3,0.9466731305296328,31.15489959716797,-2.642578125,77.12799973733681
104,mistral,4,Mistral-7B-v0.3,0.9354091513195367,31.294342041015625,-2.67578125,77.26384541678377
105,mistral,0,Mistral-7B-v0.3,0.8842298769205589,20.588502883911133,-2.966796875,75.69798326325846
105,mistral,1,Mistral-7B-v0.3,0.8844265065714926,22.741783142089844,-3.08984375,75.62311370201299
105,mistral,2,Mistral-7B-v0.3,0.9235598267266274,25.352582931518555,-3.181640625,76.53975625514359
105,mistral,4,Mistral-7B-v0.3,0.8017528291028025,27.042198181152344,-3.220703125,68.56548440775191
106,mistral,0,Mistral-7B-v0.3,0.9231196831845578,28.747526168823242,-3.294921875,76.377207680083
106,mistral,1,Mistral-7B-v0.3,0.918769257253798,26.40892791748047,-3.169921875,76.5582225186019
106,mistral,2,Mistral-7B-v0.3,0.9072575964103333,21.24703025817871,-2.951171875,76.53268139220414
106,mistral,3,Mistral-7B-v0.3,0.9459174132054414,31.78561782836914,-3.400390625,75.98462695277178
106,mistral,4,Mistral-7B-v0.3,0.9244948030974368,22.341001510620117,-3.0546875,76.65238812015113
107,mistral,0,Mistral-7B-v0.3,0.9283909832879907,31.928714752197266,-3.283203125,76.4292807169496
107,mistral,1,Mistral-7B-v0.3,0.9341911764705882,27.347862243652344,-3.150390625,76.64054920971189
107,mistral,2,Mistral-7B-v0.3,0.9453443467067153,29.755613327026367,-3.18359375,76.47232738108386
107,mistral,3,Mistral-7B-v0.3,0.9663519988557534,28.51284408569336,-3.220703125,75.77005926289657
107,mistral,4,Mistral-7B-v0.3,0.924255820807545,24.67786979675293,-3.04296875,76.76502088162012
108,mistral,0,Mistral-7B-v0.3,0.9841269841269841,39.22585678100586,-3.66796875,73.57910865079414
108,mistral,1,Mistral-7B-v0.3,0.9819277108433735,44.089481353759766,-3.759765625,73.12446991546548
108,mistral,2,Mistral-7B-v0.3,0.9896373056994818,32.606258392333984,-3.42578125,74.10979793416035
108,mistral,3,Mistral-7B-v0.3,0.14690981791513938,32.12966537475586,-3.396484375,11.266439199659208
108,mistral,4,Mistral-7B-v0.3,0.9797979797979798,33.379661560058594,-3.4609375,74.58382794779574
109,mistral,0,Mistral-7B-v0.3,0.9413566897347174,19.75185775756836,-3.033203125,76.4620569067637
109,mistral,1,Mistral-7B-v0.3,0.9627983677120018,22.517946243286133,-3.171875,75.82103103670762
109,mistral,2,Mistral-7B-v0.3,0.9554754318296159,22.441198348999023,-3.10546875,76.17837237669026
109,mistral,3,Mistral-7B-v0.3,0.9383305259217668,27.419076919555664,-3.345703125,76.19357508192549
109,mistral,4,Mistral-7B-v0.3,0.9508605926914927,29.082683563232422,-3.365234375,75.95360216176391
110,mistral,0,Mistral-7B-v0.3,0.9948186528497409,36.6343879699707,-3.603515625,73.20196917728904
110,mistral,1,Mistral-7B-v0.3,0.9842105263157894,30.655080795288086,-3.455078125,74.36737254350548
110,mistral,2,Mistral-7B-v0.3,1.0,43.18503952026367,-3.798828125,71.89776354872225
110,mistral,3,Mistral-7B-v0.3,0.9791666666666666,25.854305267333984,-3.298828125,74.94983308178237
110,mistral,4,Mistral-7B-v0.3,0.988950276243094,34.92481994628906,-3.623046875,73.57111279889644
111,mistral,0,Mistral-7B-v0.3,0.9275244575335974,35.47000503540039,-2.796875,77.14415346565038
111,mistral,1,Mistral-7B-v0.3,0.9431446621419729,35.09859848022461,-2.884765625,76.93752979695307
111,mistral,2,Mistral-7B-v0.3,0.9381402421754835,36.828392028808594,-2.810546875,77.0372859459208
111,mistral,3,Mistral-7B-v0.3,0.9292749080826955,32.07680130004883,-2.6796875,77.28751468019496
111,mistral,4,Mistral-7B-v0.3,0.9265543369803445,30.748489379882812,-2.646484375,77.30978434259406
112,mistral,0,Mistral-7B-v0.3,0.9559892541087232,27.35926055908203,-3.115234375,76.3109093829876
112,mistral,1,Mistral-7B-v0.3,0.9641277641277642,27.510986328125,-3.197265625,75.8864972189676
112,mistral,2,Mistral-7B-v0.3,1.0,26.73459243774414,-3.1875,73.8965534108731
112,mistral,3,Mistral-7B-v0.3,0.9813084112149533,29.91742515563965,-3.287109375,74.93294124096566
112,mistral,4,Mistral-7B-v0.3,0.9555984555984556,31.831340789794922,-3.306640625,75.97452207736761
113,mistral,0,Mistral-7B-v0.3,0.9570552147239264,27.422222137451172,-3.244140625,76.03060479754964
113,mistral,1,Mistral-7B-v0.3,0.9831460674157303,24.491628646850586,-3.154296875,74.98502116456245
113,mistral,2,Mistral-7B-v0.3,0.9698795180722891,25.33287811279297,-3.19921875,75.59261293877725
113,mistral,3,Mistral-7B-v0.3,0.939689578713969,25.954599380493164,-3.197265625,76.46399838710771
113,mistral,4,Mistral-7B-v0.3,0.9875,22.952144622802734,-3.1484375,74.67888922289559
114,mistral,0,Mistral-7B-v0.3,0.13709514170040485,32.6008186340332,-2.61328125,12.38757178454704
114,mistral,1,Mistral-7B-v0.3,0.13886430893976323,27.43231201171875,-2.4609375,12.407941463814405
114,mistral,2,Mistral-7B-v0.3,0.2493558213569415,32.36248779296875,-2.57421875,13.325309614640643
114,mistral,3,Mistral-7B-v0.3,0.22677610437515586,36.7955436706543,-2.712890625,12.865583766048776
114,mistral,4,Mistral-7B-v0.3,0.32947345021164354,32.81774139404297,-2.5703125,15.148376403682992
115,mistral,0,Mistral-7B-v0.3,0.9116001945525293,27.322158813476562,-2.427734375,77.19597284447082
115,mistral,1,Mistral-7B-v0.3,0.8918577525021315,29.184240341186523,-2.486328125,76.67441698353353
115,mistral,2,Mistral-7B-v0.3,0.22143303467892128,28.559659957885742,-2.546875,12.965899199295796
115,mistral,3,Mistral-7B-v0.3,0.8987307956927311,28.601552963256836,-2.384765625,76.9090650696954
115,mistral,4,Mistral-7B-v0.3,0.9094105454074363,27.305707931518555,-2.3984375,77.15557225632908
116,mistral,0,Mistral-7B-v0.3,0.9913793103448276,39.147926330566406,-2.73046875,74.98479155730006
116,mistral,1,Mistral-7B-v0.3,0.9830508474576272,39.384010314941406,-2.70703125,75.49669295701628
116,mistral,2,Mistral-7B-v0.3,0.9871794871794872,35.46583557128906,-2.650390625,75.43097812617754
116,mistral,3,Mistral-7B-v0.3,0.9798387096774194,36.16023254394531,-2.6015625,75.85679096833525
116,mistral,4,Mistral-7B-v0.3,0.9871244635193133,38.06423568725586,-2.771484375,75.26304816729089
117,mistral,0,Mistral-7B-v0.3,0.9452758745041472,38.26518630981445,-2.806640625,76.88513571229733
117,mistral,1,Mistral-7B-v0.3,0.9241217186887815,34.44931411743164,-2.54296875,77.31795660381951
117,mistral,2,Mistral-7B-v0.3,0.9543235704323572,29.971155166625977,-2.53515625,76.9884000884308
117,mistral,3,Mistral-7B-v0.3,0.9572295397365695,32.90674591064453,-2.765625,76.76516187935238
117,mistral,4,Mistral-7B-v0.3,0.9381742738589212,29.42939567565918,-2.46875,77.30983212747451
118,mistral,0,Mistral-7B-v0.3,0.9511735728774269,23.249412536621094,-3.029296875,76.45403097264726
118,mistral,1,Mistral-7B-v0.3,0.9404846756949394,19.388290405273438,-2.822265625,76.72373416159505
118,mistral,2,Mistral-7B-v0.3,0.9653465346534653,25.41617774963379,-3.046875,76.055371152183
118,mistral,3,Mistral-7B-v0.3,0.9824561403508771,23.55740737915039,-3.009765625,75.23202941549756
118,mistral,4,Mistral-7B-v0.3,0.9618987569807241,21.860456466674805,-2.96875,76.15867753358387
119,mistral,0,Mistral-7B-v0.3,0.9355815452249705,26.674888610839844,-3.287109375,76.33677270477156
119,mistral,1,Mistral-7B-v0.3,0.924441054815792,25.81660270690918,-3.232421875,76.45547809915116
119,mistral,2,Mistral-7B-v0.3,0.9148777381823086,25.290931701660156,-3.291015625,76.2303060391335
119,mistral,3,Mistral-7B-v0.3,0.8849264765618653,27.00114631652832,-3.310546875,75.35028910654108
119,mistral,4,Mistral-7B-v0.3,0.9153661992924395,26.570924758911133,-3.2578125,76.3453790969228
120,mistral,0,Mistral-7B-v0.3,0.9520729112759474,17.76727294921875,-2.73046875,76.47952247999126
120,mistral,1,Mistral-7B-v0.3,0.9573917543557012,13.90411376953125,-2.6015625,76.12340099832927
120,mistral,2,Mistral-7B-v0.3,0.946180963572268,14.897733688354492,-2.701171875,76.42545392214983
120,mistral,3,Mistral-7B-v0.3,0.9451810926949049,19.221426010131836,-2.98046875,76.44734419677384
120,mistral,4,Mistral-7B-v0.3,0.9621050130672368,16.942554473876953,-2.765625,76.08780484269424
121,mistral,0,Mistral-7B-v0.3,0.12150719657109484,19.40817642211914,-2.33203125,12.021176047592107
121,mistral,1,Mistral-7B-v0.3,0.8937537722853384,23.874296188354492,-2.46875,76.61421477171838
121,mistral,2,Mistral-7B-v0.3,0.9009246492464655,22.16300392150879,-2.423828125,76.77523477075074
121,mistral,3,Mistral-7B-v0.3,0.11482380719815678,23.372018814086914,-2.419921875,12.210498418983656
121,mistral,4,Mistral-7B-v0.3,0.1590338948660447,19.205041885375977,-2.1875,12.104340514572336
122,mistral,0,Mistral-7B-v0.3,0.9516415261756876,17.89080810546875,-2.90234375,76.32705136228736
122,mistral,1,Mistral-7B-v0.3,0.9670886075949368,14.024910926818848,-2.671875,75.74743523433202
122,mistral,2,Mistral-7B-v0.3,0.9494272318950814,15.58948802947998,-2.75390625,76.36968903945542
122,mistral,3,Mistral-7B-v0.3,0.9504950495049505,14.220072746276855,-2.662109375,76.30500731049779
122,mistral,4,Mistral-7B-v0.3,0.9483695652173914,15.282693862915039,-2.75390625,76.3698273584948
123,mistral,0,Mistral-7B-v0.3,0.932611511455673,27.65092658996582,-3.3203125,76.30269745258553
123,mistral,1,Mistral-7B-v0.3,0.934589127686473,29.92130470275879,-3.3203125,76.3203280657103
123,mistral,2,Mistral-7B-v0.3,0.9117009394499405,32.355892181396484,-3.443359375,75.90417793014629
123,mistral,3,Mistral-7B-v0.3,0.9290268492576462,27.510732650756836,-3.291015625,76.37696820070617
123,mistral,4,Mistral-7B-v0.3,0.9169382899234394,28.536865234375,-3.330078125,76.24281947225747
124,mistral,0,Mistral-7B-v0.3,0.8704256543950727,23.807157516479492,-3.15625,74.81338603208289
124,mistral,1,Mistral-7B-v0.3,0.28518989536591066,22.74993896484375,-3.166015625,13.108935938861093
124,mistral,2,Mistral-7B-v0.3,0.8561863883547584,29.557451248168945,-3.365234375,73.55967954113648
124,mistral,3,Mistral-7B-v0.3,0.883032905125435,24.26589012145996,-3.19140625,75.4341095689215
124,mistral,4,Mistral-7B-v0.3,0.8597017498078778,30.63035011291504,-3.44140625,73.6275136262971
125,mistral,0,Mistral-7B-v0.3,0.9366719660837307,35.6190185546875,-3.439453125,75.96030397807134
125,mistral,1,Mistral-7B-v0.3,0.8914244817707345,33.11402130126953,-3.375,75.5057314879748
125,mistral,2,Mistral-7B-v0.3,0.9078266242226432,34.15620040893555,-3.482421875,75.70535434462215
125,mistral,3,Mistral-7B-v0.3,0.9286818383557032,30.45810890197754,-3.33984375,76.30109975628606
125,mistral,4,Mistral-7B-v0.3,0.8836547758287642,34.7505989074707,-3.396484375,75.0986101958215
126,mistral,0,Mistral-7B-v0.3,0.9693365054189796,33.04562759399414,-3.44921875,75.1234954661029
126,mistral,1,Mistral-7B-v0.3,0.9792746113989638,34.52751922607422,-3.44921875,74.6240034492677
126,mistral,2,Mistral-7B-v0.3,0.928847728931859,33.729827880859375,-3.412109375,76.10780665276347
126,mistral,3,Mistral-7B-v0.3,0.9601507537688442,34.37591552734375,-3.443359375,75.4719866169642
126,mistral,4,Mistral-7B-v0.3,0.9845360824742269,37.609703063964844,-3.525390625,74.04064351291447
127,mistral,0,Mistral-7B-v0.3,0.9031595503050094,19.060529708862305,-2.900390625,76.3762439383593
127,mistral,1,Mistral-7B-v0.3,0.9363334652537421,21.225038528442383,-2.962890625,76.70400242247746
127,mistral,2,Mistral-7B-v0.3,0.9228223483551589,19.70087432861328,-2.931640625,76.68551279112692
127,mistral,3,Mistral-7B-v0.3,0.9573562619419836,20.746379852294922,-2.94921875,76.27906000313985
127,mistral,4,Mistral-7B-v0.3,0.9268478822024198,19.55967903137207,-2.943359375,76.67502725194609
128,mistral,0,Mistral-7B-v0.3,0.11517762442190525,12.704453468322754,-2.47265625,11.516950377870172
128,mistral,1,Mistral-7B-v0.3,0.9008253219662615,21.510234832763672,-2.9609375,76.37075533046487
128,mistral,2,Mistral-7B-v0.3,0.8860494344365312,23.890228271484375,-3.015625,75.86274205117945
128,mistral,3,Mistral-7B-v0.3,0.9063936144481174,21.329574584960938,-2.94921875,76.5202908881897
128,mistral,4,Mistral-7B-v0.3,0.9076510067114094,23.08013916015625,-3.03125,76.51138801898311
129,mistral,0,Mistral-7B-v0.3,0.9383517018077925,30.456445693969727,-2.82421875,77.11191089560315
129,mistral,1,Mistral-7B-v0.3,0.9444045980957797,24.93958854675293,-2.6015625,77.08586071785575
129,mistral,2,Mistral-7B-v0.3,0.9496610514544594,29.938987731933594,-2.75390625,76.98280422026919
129,mistral,3,Mistral-7B-v0.3,0.9440938227039202,24.929832458496094,-2.60546875,77.08908063492095
129,mistral,4,Mistral-7B-v0.3,0.9500824289202943,32.11611557006836,-2.81640625,76.91699137741597
130,mistral,0,Mistral-7B-v0.3,0.9091095505827962,23.527843475341797,-3.205078125,76.25092980641821
130,mistral,1,Mistral-7B-v0.3,0.9079383925758581,24.914127349853516,-3.2265625,76.23468389765631
130,mistral,2,Mistral-7B-v0.3,0.9286108696162974,25.062986373901367,-3.244140625,76.4139785331734
130,mistral,3,Mistral-7B-v0.3,0.9221730214110625,26.68653106689453,-3.30859375,76.30249829358402
130,mistral,4,Mistral-7B-v0.3,0.909165280088741,21.90416145324707,-3.13671875,76.31072944515911
131,mistral,0,Mistral-7B-v0.3,0.9863013698630136,39.9099235534668,-1.9326171875,75.1490390179757
131,mistral,1,Mistral-7B-v0.3,0.17142857142857146,8.429938316345215,-1.08203125,9.870968016899488
131,mistral,2,Mistral-7B-v0.3,0.15952143569292127,8.519205093383789,-1.0537109375,9.76458462916158
131,mistral,3,Mistral-7B-v0.3,1.0,52.428321838378906,-1.7822265625,73.06040265989684
131,mistral,4,Mistral-7B-v0.3,1.0,59.497802734375,-1.806640625,72.23072979206752
132,mistral,0,Mistral-7B-v0.3,0.9229568727513281,28.720184326171875,-3.236328125,76.50224208408383
132,mistral,4,Mistral-7B-v0.3,0.9216153574560654,29.463830947875977,-3.30859375,76.34573143292144
133,mistral,0,Mistral-7B-v0.3,0.9607581729654533,27.6195125579834,-3.28125,75.83475336911454
133,mistral,1,Mistral-7B-v0.3,0.010364535561690811,25.729801177978516,-3.24609375,11.303345864241068
133,mistral,2,Mistral-7B-v0.3,0.9344540820888849,25.039384841918945,-3.203125,76.4749605411076
133,mistral,3,Mistral-7B-v0.3,0.9524776912853616,28.406404495239258,-3.33203125,75.98268065335736
133,mistral,4,Mistral-7B-v0.3,0.9647984267453295,24.269691467285156,-3.146484375,75.86606966296358
134,mistral,0,Mistral-7B-v0.3,0.8608566778103134,17.43770408630371,-2.763671875,74.392966659179
134,mistral,1,Mistral-7B-v0.3,0.8761347630055466,22.337154388427734,-2.99609375,75.34158485649787
134,mistral,2,Mistral-7B-v0.3,0.7991121093421335,15.332441329956055,-2.66015625,68.394027733523
134,mistral,3,Mistral-7B-v0.3,0.8907718504570491,20.590349197387695,-2.861328125,76.10680469835683
134,mistral,4,Mistral-7B-v0.3,0.8860036058022636,15.895212173461914,-2.697265625,75.75469527455704
135,mistral,0,Mistral-7B-v0.3,0.7870046151890976,24.404993057250977,-3.134765625,66.83237643953491
135,mistral,1,Mistral-7B-v0.3,0.879607540524163,25.716161727905273,-3.185546875,75.32711913280824
135,mistral,2,Mistral-7B-v0.3,0.16174828861031787,24.265716552734375,-3.11328125,11.810884926675836
135,mistral,4,Mistral-7B-v0.3,0.11444464423779027,27.002544403076172,-3.232421875,11.488241729221928
136,mistral,0,Mistral-7B-v0.3,0.9329039184111647,21.961227416992188,-3.025390625,76.67380489660451
136,mistral,1,Mistral-7B-v0.3,0.986013986013986,30.151803970336914,-3.20703125,74.83383997913245
136,mistral,2,Mistral-7B-v0.3,0.9519616390584132,18.0451602935791,-2.736328125,76.49608227949423
136,mistral,3,Mistral-7B-v0.3,0.12996102653035366,16.50937843322754,-2.69140625,11.768858633075011
136,mistral,4,Mistral-7B-v0.3,0.8400031759283498,19.44908332824707,-2.865234375,72.78337742522852
137,mistral,0,Mistral-7B-v0.3,0.7040710584752035,24.264848709106445,-3.099609375,54.637020500603455
137,mistral,1,Mistral-7B-v0.3,0.8559716215549347,22.205062866210938,-3.0078125,74.03348690210922
137,mistral,2,Mistral-7B-v0.3,0.8381859397079605,18.804529190063477,-2.859375,72.58934449246586
137,mistral,3,Mistral-7B-v0.3,0.7646953799700111,24.352739334106445,-3.080078125,63.91720167954542
137,mistral,4,Mistral-7B-v0.3,0.9088197393215872,26.647708892822266,-3.1796875,76.39682995740525
138,mistral,0,Mistral-7B-v0.3,0.9151902032308493,12.54011344909668,-2.466796875,76.4203250214561
138,mistral,1,Mistral-7B-v0.3,0.21131959389185054,17.606006622314453,-2.810546875,12.23130321932859
138,mistral,2,Mistral-7B-v0.3,0.9223562805747016,15.271129608154297,-2.689453125,76.62162890419108
138,mistral,3,Mistral-7B-v0.3,0.8621176193052172,18.14595603942871,-2.8125,74.48084891070253
138,mistral,4,Mistral-7B-v0.3,0.9226102941176471,17.18574333190918,-2.814453125,76.65803567634605
139,mistral,0,Mistral-7B-v0.3,0.9483766720527727,20.410274505615234,-3.03515625,76.37105493093813
139,mistral,1,Mistral-7B-v0.3,0.92996592642485,24.405969619750977,-3.216796875,76.44588864916265
139,mistral,2,Mistral-7B-v0.3,0.9414302027335378,21.770092010498047,-3.0859375,76.48340903751254
139,mistral,4,Mistral-7B-v0.3,0.9188622886812137,20.954275131225586,-3.05078125,76.55275530854935
140,mistral,0,Mistral-7B-v0.3,0.9586852316822644,29.01381492614746,-2.724609375,76.7491919601506
140,mistral,1,Mistral-7B-v0.3,0.9575070821529745,36.97738265991211,-2.857421875,76.57829946955177
140,mistral,2,Mistral-7B-v0.3,0.9482758620689655,35.851707458496094,-2.890625,76.81594652644262
140,mistral,3,Mistral-7B-v0.3,0.9481268011527377,39.38924026489258,-2.767578125,76.81583834422274
140,mistral,4,Mistral-7B-v0.3,0.9593023255813954,33.0479621887207,-2.830078125,76.63660987884296
141,mistral,0,Mistral-7B-v0.3,0.9170281124497993,14.561206817626953,-2.552734375,76.58921448535946
141,mistral,1,Mistral-7B-v0.3,0.8918577525021315,25.246315002441406,-3.1171875,75.98069783915935
141,mistral,2,Mistral-7B-v0.3,0.9178971732119142,21.25284194946289,-2.9140625,76.75370617656469
141,mistral,3,Mistral-7B-v0.3,0.9283586486506195,20.72368812561035,-2.85546875,76.8477480250503
141,mistral,4,Mistral-7B-v0.3,0.9222760101440798,20.740554809570312,-2.88671875,76.7962897339814
142,mistral,0,Mistral-7B-v0.3,0.9018432896171021,22.035324096679688,-3.076171875,76.24969960671143
142,mistral,1,Mistral-7B-v0.3,0.9278323119511455,28.9088191986084,-3.34765625,76.2705606107446
142,mistral,2,Mistral-7B-v0.3,0.8950332005312085,25.120698928833008,-3.193359375,75.94888808847803
142,mistral,3,Mistral-7B-v0.3,0.9004367537061821,25.177799224853516,-3.177734375,76.15290516735541
142,mistral,4,Mistral-7B-v0.3,0.934781958037772,29.745079040527344,-3.373046875,76.19346120959086
143,mistral,0,Mistral-7B-v0.3,0.1441336944555462,37.35367965698242,-2.68359375,12.270472500104985
143,mistral,1,Mistral-7B-v0.3,0.943932521683775,34.447349548339844,-2.73828125,77.08231832628749
143,mistral,2,Mistral-7B-v0.3,0.9421486202454404,38.99785232543945,-2.865234375,76.8446623638035
143,mistral,3,Mistral-7B-v0.3,0.9393505694059711,34.49726104736328,-2.7578125,77.13158957165227
143,mistral,4,Mistral-7B-v0.3,0.9439832120139026,28.40372085571289,-2.48828125,77.21350897100693
144,mistral,0,Mistral-7B-v0.3,0.9295312849300778,51.98933792114258,-3.8515625,73.61714327484628
144,mistral,1,Mistral-7B-v0.3,0.9254654050290262,37.81580352783203,-3.572265625,75.56499441639848
144,mistral,2,Mistral-7B-v0.3,0.9341919613119122,42.306915283203125,-3.712890625,74.8946511833438
144,mistral,3,Mistral-7B-v0.3,0.9459346961428176,49.01729965209961,-3.80859375,73.8967040159334
144,mistral,4,Mistral-7B-v0.3,0.8920376252594684,44.50217056274414,-3.75390625,73.95436954426494
145,mistral,0,Mistral-7B-v0.3,0.8947830130772745,23.187334060668945,-3.142578125,75.96481019188218
145,mistral,1,Mistral-7B-v0.3,0.861937710912307,25.77263069152832,-3.154296875,74.34410395777982
145,mistral,2,Mistral-7B-v0.3,0.9168405205418364,25.672422409057617,-3.15625,76.54307305434153
145,mistral,3,Mistral-7B-v0.3,0.8951664021863703,31.187971115112305,-3.376953125,75.64815591995706
145,mistral,4,Mistral-7B-v0.3,0.9048177919673555,28.761629104614258,-3.322265625,76.04565897578065
146,mistral,0,Mistral-7B-v0.3,0.9306850058818207,32.55693054199219,-3.486328125,75.92445951164987
146,mistral,1,Mistral-7B-v0.3,0.8711518040068579,27.536664962768555,-3.3125,74.64232456332492
146,mistral,2,Mistral-7B-v0.3,0.876526848940642,30.24138641357422,-3.4140625,74.7341695583722
146,mistral,3,Mistral-7B-v0.3,0.861861590121476,29.343469619750977,-3.361328125,73.96721823701206
146,mistral,4,Mistral-7B-v0.3,0.8566229734780688,25.21429443359375,-3.158203125,73.94624310726873
147,mistral,0,Mistral-7B-v0.3,0.9257628713536765,14.608696937561035,-2.685546875,76.58690104311687
147,mistral,1,Mistral-7B-v0.3,0.9180176651859792,18.402965545654297,-2.86328125,76.6504315163895
147,mistral,2,Mistral-7B-v0.3,0.9347088954620879,17.83550262451172,-2.884765625,76.6164563136667
147,mistral,3,Mistral-7B-v0.3,0.9047562098389286,14.839465141296387,-2.626953125,76.35845866020286
147,mistral,4,Mistral-7B-v0.3,0.9402701715954728,15.870196342468262,-2.796875,76.5155126022511
148,mistral,0,Mistral-7B-v0.3,0.9593700493896188,18.926162719726562,-2.00390625,76.28905805543498
148,mistral,1,Mistral-7B-v0.3,0.9609563123495013,17.82842445373535,-1.8740234375,76.04342295973078
148,mistral,2,Mistral-7B-v0.3,0.9670198675496688,20.503870010375977,-1.9736328125,76.07355244889574
148,mistral,3,Mistral-7B-v0.3,0.9569818265470439,16.283313751220703,-1.9599609375,76.14908155484868
148,mistral,4,Mistral-7B-v0.3,0.9621865677658632,19.779813766479492,-1.8857421875,76.13375302656833
149,mistral,0,Mistral-7B-v0.3,0.9056298569310525,19.03599739074707,-2.955078125,76.36576782470222
149,mistral,1,Mistral-7B-v0.3,0.9265387586917332,19.141408920288086,-2.9453125,76.64696569858499
149,mistral,2,Mistral-7B-v0.3,0.9016078780094193,17.62704086303711,-2.85546875,76.29438199681394
149,mistral,3,Mistral-7B-v0.3,0.9084941202407222,17.70806312561035,-2.873046875,76.44628782217109
149,mistral,4,Mistral-7B-v0.3,0.9016418597514193,18.968143463134766,-2.9609375,76.2514529976512
150,mistral,0,Mistral-7B-v0.3,0.8831310123683005,24.622501373291016,-3.216796875,75.40075282762844
150,mistral,1,Mistral-7B-v0.3,0.8943661423325245,26.79414176940918,-3.279296875,75.79386337354167
150,mistral,2,Mistral-7B-v0.3,0.8991373589913735,27.15662384033203,-3.2890625,75.93708330187593
150,mistral,3,Mistral-7B-v0.3,0.8924102064033805,26.2690372467041,-3.259765625,75.75198653608025
150,mistral,4,Mistral-7B-v0.3,0.8894269572235673,27.968624114990234,-3.32421875,75.53045762035062
151,mistral,0,Mistral-7B-v0.3,0.8469263211263126,15.183304786682129,-2.703125,73.22819686937788
151,mistral,1,Mistral-7B-v0.3,0.782180742127745,21.56613540649414,-3.05078125,66.22756156839273
151,mistral,2,Mistral-7B-v0.3,0.8772335954780043,25.53042984008789,-3.203125,75.16452520478109
151,mistral,3,Mistral-7B-v0.3,0.8223576163491693,17.45755386352539,-2.771484375,71.06447011273116
151,mistral,4,Mistral-7B-v0.3,0.817938932943567,18.133180618286133,-2.8046875,70.61618443816047
152,mistral,0,Mistral-7B-v0.3,0.8754313188893337,31.991762161254883,-3.4296875,74.6355255928103
152,mistral,2,Mistral-7B-v0.3,0.9122352104723866,27.918210983276367,-3.326171875,76.17559431308591
152,mistral,3,Mistral-7B-v0.3,0.9055300614451272,25.77936553955078,-3.162109375,76.33514864702403
152,mistral,4,Mistral-7B-v0.3,0.8867902935977288,23.811113357543945,-3.115234375,75.72821250242069
153,mistral,0,Mistral-7B-v0.3,0.9405303030303029,59.99882888793945,-4.03125,71.91765371558648
153,mistral,1,Mistral-7B-v0.3,0.9734939759036144,42.3926887512207,-3.693359375,73.88550545687458
153,mistral,2,Mistral-7B-v0.3,0.938916119812931,46.27719497680664,-3.83203125,74.16953929904012
153,mistral,3,Mistral-7B-v0.3,0.9456097013249495,45.535125732421875,-3.7890625,74.2732139218123
153,mistral,4,Mistral-7B-v0.3,0.9730362893013494,55.988136291503906,-3.9453125,71.76275209982225
154,mistral,0,Mistral-7B-v0.3,0.896569667962704,29.970619201660156,-3.345703125,75.76643136392653
154,mistral,1,Mistral-7B-v0.3,0.9407840938970935,25.546016693115234,-3.181640625,76.4684950706541
154,mistral,2,Mistral-7B-v0.3,0.928403933296089,28.015714645385742,-3.244140625,76.48808218421782
154,mistral,3,Mistral-7B-v0.3,0.9254114213335151,34.14882278442383,-3.38671875,76.16131312426059
154,mistral,4,Mistral-7B-v0.3,0.9193822029323803,28.711429595947266,-3.291015625,76.35902089673095
155,mistral,0,Mistral-7B-v0.3,0.9131311198975365,18.83467674255371,-2.43359375,76.86172608635728
155,mistral,1,Mistral-7B-v0.3,0.9148078345301428,15.936299324035645,-2.2109375,76.64626585580955
155,mistral,2,Mistral-7B-v0.3,0.9046784060251184,17.937978744506836,-2.36328125,76.63278168654516
155,mistral,3,Mistral-7B-v0.3,0.1687461402569001,17.97988510131836,-2.326171875,12.12434117726158
155,mistral,4,Mistral-7B-v0.3,0.9275574955187306,18.421266555786133,-2.349609375,76.94795334662261
156,mistral,0,Mistral-7B-v0.3,0.9798657718120806,15.304315567016602,-2.732421875,75.20198911732787
156,mistral,1,Mistral-7B-v0.3,0.9866666666666667,15.353991508483887,-2.71875,74.82961315357969
156,mistral,2,Mistral-7B-v0.3,0.9801324503311258,15.29210090637207,-2.724609375,75.19278826212363
156,mistral,3,Mistral-7B-v0.3,0.9857142857142858,17.92796516418457,-2.90234375,74.88880172561912
156,mistral,4,Mistral-7B-v0.3,0.9865771812080537,16.10886573791504,-2.806640625,74.81565237532287
157,mistral,0,Mistral-7B-v0.3,0.8891747632760799,22.987642288208008,-3.078125,75.858064529917
157,mistral,1,Mistral-7B-v0.3,0.8772807710207509,28.79619789123535,-3.296875,75.03970736000956
157,mistral,2,Mistral-7B-v0.3,0.8755877014033554,20.820335388183594,-3.009765625,75.21611773309928
157,mistral,3,Mistral-7B-v0.3,0.8971416497450542,26.14535140991211,-3.203125,76.03066862203383
157,mistral,4,Mistral-7B-v0.3,0.8589312462993018,26.75916862487793,-3.166015625,74.14019208264727
158,mistral,0,Mistral-7B-v0.3,0.9269378668285772,26.819232940673828,-3.103515625,76.7334929027328
158,mistral,1,Mistral-7B-v0.3,0.9414646356289781,20.95037269592285,-2.943359375,76.6566402623789
158,mistral,2,Mistral-7B-v0.3,0.9457327234691345,33.88515853881836,-3.30859375,76.18587693041101
158,mistral,3,Mistral-7B-v0.3,0.8772004022307158,24.806621551513672,-3.1015625,75.32904563763088
158,mistral,4,Mistral-7B-v0.3,0.9254334645250505,23.98625946044922,-3.013671875,76.78893768727124
159,mistral,0,Mistral-7B-v0.3,0.6766379881541956,20.81998634338379,-2.35546875,50.62995167219312
159,mistral,1,Mistral-7B-v0.3,0.3895038166397879,23.288612365722656,-2.42578125,17.544464352340633
159,mistral,2,Mistral-7B-v0.3,0.7329961019958788,15.72149658203125,-1.9599609375,59.08149876981106
159,mistral,4,Mistral-7B-v0.3,0.867229047914669,23.628032684326172,-2.419921875,75.29848335100505
160,mistral,0,Mistral-7B-v0.3,0.8583417862389099,23.60170555114746,-2.525390625,74.68730140535867
160,mistral,1,Mistral-7B-v0.3,0.8571425278953506,20.40167236328125,-2.265625,74.44074469536224
160,mistral,2,Mistral-7B-v0.3,0.12699118381410193,23.98622703552246,-2.5,12.259997435233053
160,mistral,3,Mistral-7B-v0.3,0.13038425092060774,22.67453956604004,-2.34375,12.221003247807506
160,mistral,4,Mistral-7B-v0.3,0.813582658379397,22.94400405883789,-2.345703125,70.59031042526048
161,mistral,0,Mistral-7B-v0.3,0.9255545696539486,16.030332565307617,-2.294921875,76.77006813741549
161,mistral,1,Mistral-7B-v0.3,0.9065928698423863,20.885395050048828,-2.1484375,76.78141592828158
161,mistral,2,Mistral-7B-v0.3,0.9326678100441979,20.5888614654541,-2.185546875,77.0133820657575
161,mistral,3,Mistral-7B-v0.3,0.12131312898576325,21.05263328552246,-2.123046875,12.030268976011865
161,mistral,4,Mistral-7B-v0.3,0.9222069128747855,20.607593536376953,-2.080078125,76.94707255575968
162,mistral,0,Mistral-7B-v0.3,0.9489247311827957,36.75943374633789,-3.119140625,76.43571685942835
162,mistral,1,Mistral-7B-v0.3,0.9445910290237467,33.757076263427734,-3.0078125,76.77417634671693
162,mistral,2,Mistral-7B-v0.3,0.9281782531194296,34.8621711730957,-3.04296875,76.84671044171057
162,mistral,3,Mistral-7B-v0.3,0.9401041666666666,34.88694381713867,-2.978515625,76.86463901395895
162,mistral,4,Mistral-7B-v0.3,0.9259259259259259,37.61381912231445,-3.068359375,76.72388799756453
163,mistral,0,Mistral-7B-v0.3,0.9022660592207769,20.825462341308594,-2.353515625,76.74192612091085
163,mistral,1,Mistral-7B-v0.3,0.9101487896957583,26.965744018554688,-2.591796875,77.12347083029721
163,mistral,2,Mistral-7B-v0.3,0.9009632928738184,33.332984924316406,-2.7109375,76.87193782652243
163,mistral,3,Mistral-7B-v0.3,0.9038321182308217,26.01285743713379,-2.43359375,76.99799962651275
163,mistral,4,Mistral-7B-v0.3,0.9143830118048689,26.907669067382812,-2.52734375,77.21501128365333
164,mistral,0,Mistral-7B-v0.3,0.9053487640192264,20.60065269470215,-3.0078125,76.3745091668994
164,mistral,1,Mistral-7B-v0.3,0.9692616204244111,21.417665481567383,-3.0625,75.70584506358503
164,mistral,2,Mistral-7B-v0.3,0.9576636437101553,21.85362434387207,-3.017578125,76.22843867525785
164,mistral,3,Mistral-7B-v0.3,0.9307028030470849,17.872922897338867,-2.857421875,76.67030259723455
164,mistral,4,Mistral-7B-v0.3,0.952539050148612,19.890050888061523,-2.955078125,76.36005652077725
165,mistral,0,Mistral-7B-v0.3,0.937600315270391,24.099960327148438,-3.091796875,76.62132585362133
165,mistral,1,Mistral-7B-v0.3,0.9503223617237869,26.740468978881836,-3.197265625,76.29321480458637
165,mistral,2,Mistral-7B-v0.3,0.9301986235414813,26.183740615844727,-3.228515625,76.47749366345315
165,mistral,3,Mistral-7B-v0.3,0.9577431006264462,23.413631439208984,-3.185546875,76.00434354957112
165,mistral,4,Mistral-7B-v0.3,0.9183683535562789,23.315584182739258,-3.07421875,76.62106608197972
166,mistral,0,Mistral-7B-v0.3,0.23912505943889684,25.197954177856445,-3.154296875,12.437808599506178
166,mistral,1,Mistral-7B-v0.3,0.25538623711225655,30.849374771118164,-3.3203125,12.423662025544324
166,mistral,2,Mistral-7B-v0.3,0.609585385281788,31.34409523010254,-3.376953125,39.153451286739376
166,mistral,3,Mistral-7B-v0.3,0.912910877668587,23.401226043701172,-3.095703125,76.51733134613796
167,mistral,1,Mistral-7B-v0.3,0.9197693387279767,19.605186462402344,-2.51953125,76.97549313994668
167,mistral,2,Mistral-7B-v0.3,0.9000742216391839,23.181381225585938,-2.681640625,76.70866603389868
167,mistral,3,Mistral-7B-v0.3,0.9085590632686446,25.950794219970703,-2.67578125,77.02139963334517
167,mistral,4,Mistral-7B-v0.3,0.8371112124511015,23.276105880737305,-2.646484375,72.9041640914593
168,mistral,0,Mistral-7B-v0.3,0.9018137485372817,25.09365463256836,-3.16015625,76.22263128040478
168,mistral,1,Mistral-7B-v0.3,0.9461469529698041,30.601728439331055,-3.3359375,76.13585863508717
168,mistral,2,Mistral-7B-v0.3,0.8914912002191742,28.646636962890625,-3.3046875,75.66661451445943
168,mistral,3,Mistral-7B-v0.3,0.9317981422588975,23.223684310913086,-3.126953125,76.56619135282334
168,mistral,4,Mistral-7B-v0.3,0.9365051700028635,30.699066162109375,-3.376953125,76.17478638333652
169,mistral,0,Mistral-7B-v0.3,0.8684424749181909,23.94103240966797,-3.044921875,74.89167701053914
169,mistral,1,Mistral-7B-v0.3,0.8651423641069889,17.418567657470703,-2.802734375,74.6419345439761
169,mistral,2,Mistral-7B-v0.3,0.18244800721138368,22.57014274597168,-3.02734375,12.005025552866671
169,mistral,3,Mistral-7B-v0.3,0.5590849673202615,18.490934371948242,-2.8359375,32.524536187956315
169,mistral,4,Mistral-7B-v0.3,0.6948101115209466,18.639427185058594,-2.8125,53.25389646126341
170,mistral,0,Mistral-7B-v0.3,0.952026286966046,32.764217376708984,-2.84375,76.83672108733155
170,mistral,1,Mistral-7B-v0.3,0.9594723242214063,29.284929275512695,-2.6484375,76.77733657675118
170,mistral,2,Mistral-7B-v0.3,0.9327812018489985,30.03362274169922,-2.609375,77.3147000076427
170,mistral,3,Mistral-7B-v0.3,0.9416637660981553,27.272668838500977,-2.654296875,77.16583164916736
170,mistral,4,Mistral-7B-v0.3,0.9824561403508771,27.900358200073242,-2.623046875,75.74561197652562
171,mistral,0,Mistral-7B-v0.3,0.9753086419753086,18.45711326599121,-2.896484375,75.49369681988424
171,mistral,1,Mistral-7B-v0.3,0.9601769911504425,20.728349685668945,-3.025390625,76.07732731574634
171,mistral,2,Mistral-7B-v0.3,0.9776785714285714,21.92759895324707,-3.037109375,75.3745299263508
171,mistral,3,Mistral-7B-v0.3,0.9742489270386266,20.56664276123047,-3.0390625,75.47187772765744
171,mistral,4,Mistral-7B-v0.3,0.9745762711864406,20.39036750793457,-2.978515625,75.53700608768109
172,mistral,0,Mistral-7B-v0.3,0.8602267828104226,29.737768173217773,-3.431640625,73.68446388791841
172,mistral,1,Mistral-7B-v0.3,0.8755616078802272,39.63319396972656,-3.7265625,73.58175746046473
172,mistral,2,Mistral-7B-v0.3,0.9332784862196627,32.41510772705078,-3.51171875,75.84541740221182
172,mistral,3,Mistral-7B-v0.3,0.8846408014154891,34.537818908691406,-3.552734375,74.73228321340991
172,mistral,4,Mistral-7B-v0.3,0.8866491665693889,36.84465026855469,-3.640625,74.50341454979436
173,mistral,0,Mistral-7B-v0.3,0.8145029772063564,26.728046417236328,-3.251953125,69.94499428367116
173,mistral,1,Mistral-7B-v0.3,0.02992967979091938,18.128265380859375,-2.8984375,11.524787757696716
173,mistral,2,Mistral-7B-v0.3,0.46183922073812916,19.03786277770996,-2.8984375,21.95867936133042
173,mistral,3,Mistral-7B-v0.3,0.9420020639834882,20.228702545166016,-3.009765625,76.51576166877855
174,mistral,0,Mistral-7B-v0.3,0.8958566261961377,24.7193546295166,-3.22265625,75.90470152515887
174,mistral,1,Mistral-7B-v0.3,0.8964342288000604,22.694124221801758,-3.130859375,76.02093198493591
174,mistral,2,Mistral-7B-v0.3,0.9228202907993552,26.507051467895508,-3.27734375,76.37123224393022
174,mistral,3,Mistral-7B-v0.3,0.9209936537522744,22.961685180664062,-3.14453125,76.5054582958772
174,mistral,4,Mistral-7B-v0.3,0.9517761525401593,23.096830368041992,-3.18359375,76.16287402287692
175,mistral,0,Mistral-7B-v0.3,0.8297984282003223,16.26285171508789,-2.75,71.74196252379129
175,mistral,1,Mistral-7B-v0.3,0.8251111637329965,12.620463371276855,-2.455078125,71.12723219628242
175,mistral,2,Mistral-7B-v0.3,0.8475794954441208,16.95667839050293,-2.740234375,73.3832355089369
175,mistral,3,Mistral-7B-v0.3,0.8461308428413692,16.854869842529297,-2.740234375,73.25755171650421
175,mistral,4,Mistral-7B-v0.3,0.8982903506230078,14.788174629211426,-2.53515625,76.21184832100803
176,mistral,0,Mistral-7B-v0.3,0.9462430597101085,21.267822265625,-2.373046875,76.9378519916535
176,mistral,1,Mistral-7B-v0.3,0.9662576687116564,22.662981033325195,-2.482421875,76.40645136560487
176,mistral,2,Mistral-7B-v0.3,0.9690402476780186,24.818519592285156,-2.546875,76.36052315388176
176,mistral,3,Mistral-7B-v0.3,0.9590144022210655,22.93917465209961,-2.548828125,76.66470469527545
176,mistral,4,Mistral-7B-v0.3,0.9474315594175043,19.592214584350586,-2.388671875,76.82282167954351
177,mistral,0,Mistral-7B-v0.3,0.9042787808192583,36.506343841552734,-3.482421875,75.56751816887035
177,mistral,1,Mistral-7B-v0.3,0.9285940746588306,21.54682159423828,-3.03125,76.65727581812587
177,mistral,2,Mistral-7B-v0.3,0.8345882019400174,25.15118408203125,-3.203125,72.03052832449659
177,mistral,4,Mistral-7B-v0.3,0.8573657365736574,30.395931243896484,-3.400390625,73.56485389974767
178,mistral,0,Mistral-7B-v0.3,0.9710158654984609,24.946754455566406,-2.4453125,76.29892328830198
178,mistral,1,Mistral-7B-v0.3,0.9559576647319905,21.642894744873047,-2.412109375,76.72170452753372
178,mistral,2,Mistral-7B-v0.3,0.9674652275020842,22.08504867553711,-2.384765625,76.3362819566646
178,mistral,3,Mistral-7B-v0.3,0.9585917312661498,22.99819564819336,-2.458984375,76.70071964662968
178,mistral,4,Mistral-7B-v0.3,0.9701507537688442,25.132375717163086,-2.51171875,76.33271806262213
179,mistral,0,Mistral-7B-v0.3,0.9594373342557362,40.1511116027832,-3.65625,74.69258930420743
179,mistral,1,Mistral-7B-v0.3,0.9623287671232876,32.25307846069336,-3.421875,75.47738076953526
179,mistral,2,Mistral-7B-v0.3,0.9552715654952076,35.04541778564453,-3.51171875,75.42826032185049
179,mistral,3,Mistral-7B-v0.3,0.9648562300319489,39.80819320678711,-3.609375,74.65727915664702
179,mistral,4,Mistral-7B-v0.3,0.9714285714285714,26.94938850402832,-3.275390625,75.40911366272816
180,mistral,0,Mistral-7B-v0.3,0.8929426377597108,36.70159912109375,-1.4365234375,75.76214821046779
180,mistral,1,Mistral-7B-v0.3,0.9307918541432322,20.72572898864746,-1.6669921875,76.53919407283036
180,mistral,2,Mistral-7B-v0.3,0.8916549460853258,39.52112579345703,-1.6396484375,75.90348016006249
180,mistral,3,Mistral-7B-v0.3,0.16178141331515564,7.394713401794434,-0.80126953125,9.202079959695705
180,mistral,4,Mistral-7B-v0.3,0.8916549460853258,43.39988327026367,-1.466796875,75.42500589775763
181,mistral,0,Mistral-7B-v0.3,0.831094344252239,22.411420822143555,-3.134765625,71.7245616995363
181,mistral,1,Mistral-7B-v0.3,0.8387615684116112,20.50777244567871,-3.05859375,72.46828358040416
181,mistral,2,Mistral-7B-v0.3,0.8673401441652511,21.412010192871094,-3.07421875,74.66283632528243
181,mistral,3,Mistral-7B-v0.3,0.86847752011021,26.524221420288086,-3.29296875,74.50277347738742
181,mistral,4,Mistral-7B-v0.3,0.8578419447270089,19.266578674316406,-3.021484375,73.9906414616736
182,mistral,0,Mistral-7B-v0.3,0.9500995642830385,42.21625900268555,-3.0234375,76.31031627429653
182,mistral,1,Mistral-7B-v0.3,0.9367809720594626,36.271263122558594,-2.826171875,77.05242680287719
182,mistral,2,Mistral-7B-v0.3,0.9399642132646803,36.94956970214844,-2.90625,76.90607989626695
182,mistral,3,Mistral-7B-v0.3,0.9379143911981653,40.9208984375,-3.185546875,76.31008671470383
182,mistral,4,Mistral-7B-v0.3,0.9439669701109509,30.694608688354492,-2.66015625,77.1668738660803
183,mistral,0,Mistral-7B-v0.3,0.914902521821928,23.335416793823242,-3.13671875,76.471367264335
183,mistral,1,Mistral-7B-v0.3,0.9155405796008936,21.527612686157227,-3.05078125,76.54457791919789
183,mistral,2,Mistral-7B-v0.3,0.9566451931494242,35.53363037109375,-3.583984375,75.17198174408662
183,mistral,3,Mistral-7B-v0.3,0.8842687152782972,22.919204711914062,-3.19140625,75.43717558888036
183,mistral,4,Mistral-7B-v0.3,0.9189834745174281,24.953166961669922,-3.263671875,76.32679415435393
184,mistral,0,Mistral-7B-v0.3,0.8900423833904124,33.772605895996094,-3.49609375,75.1321073872762
184,mistral,1,Mistral-7B-v0.3,0.8763095576251044,42.64303207397461,-3.67578125,73.61302715495805
184,mistral,2,Mistral-7B-v0.3,0.8345291690406759,27.432861328125,-3.259765625,71.96806472206832
184,mistral,3,Mistral-7B-v0.3,0.7867212461445386,27.185016632080078,-3.201171875,66.74984973023295
184,mistral,4,Mistral-7B-v0.3,0.8714204925223936,29.049253463745117,-3.275390625,74.76438368624395
185,mistral,0,Mistral-7B-v0.3,0.3849142561733132,43.059043884277344,-3.75,14.843939359777005
185,mistral,1,Mistral-7B-v0.3,0.9682231075697212,37.2386589050293,-3.60546875,74.64094665286348
185,mistral,2,Mistral-7B-v0.3,0.9373385434358932,31.199542999267578,-3.46875,75.9342869996155
185,mistral,3,Mistral-7B-v0.3,0.980544747081712,36.78839111328125,-3.607421875,74.05759251900966
185,mistral,4,Mistral-7B-v0.3,0.9660377358490566,34.3172492980957,-3.53515625,75.00950369037045
186,mistral,0,Mistral-7B-v0.3,0.8832881153808587,40.57013702392578,-3.72265625,73.93716602783088
186,mistral,1,Mistral-7B-v0.3,0.8943568093160654,34.87890625,-3.5,75.26329583628409
186,mistral,2,Mistral-7B-v0.3,0.8727032201580489,35.64302062988281,-3.515625,74.1992955938532
186,mistral,3,Mistral-7B-v0.3,0.9132685941509472,38.4025764465332,-3.5859375,75.39177668907242
186,mistral,4,Mistral-7B-v0.3,0.8349335048174897,36.16691589355469,-3.560546875,71.21798011606748
187,mistral,0,Mistral-7B-v0.3,0.869898210966379,36.579551696777344,-3.578125,73.83177324242526
187,mistral,1,Mistral-7B-v0.3,0.9282710214645401,50.367244720458984,-3.94140625,73.47232001711372
187,mistral,2,Mistral-7B-v0.3,0.9258177570093458,50.50291061401367,-3.849609375,73.77904880062924
187,mistral,3,Mistral-7B-v0.3,0.9123681840735547,46.722747802734375,-3.82421875,74.09450207543598
187,mistral,4,Mistral-7B-v0.3,0.9052750915091249,42.6155891418457,-3.771484375,74.43504884955377
188,mistral,0,Mistral-7B-v0.3,0.9446201898049894,24.395877838134766,-3.150390625,76.42994152668555
188,mistral,1,Mistral-7B-v0.3,0.9460826852230864,27.628192901611328,-3.248046875,76.29899686924513
188,mistral,2,Mistral-7B-v0.3,0.9643399767628921,26.60906410217285,-3.251953125,75.74615093794955
188,mistral,3,Mistral-7B-v0.3,0.9321653704461728,24.12876319885254,-3.146484375,76.56492200295612
188,mistral,4,Mistral-7B-v0.3,0.947017042636351,22.624330520629883,-3.08203125,76.4341687820706
189,mistral,0,Mistral-7B-v0.3,0.8842023208092832,32.294715881347656,-3.3515625,75.26578659204485
189,mistral,1,Mistral-7B-v0.3,0.8871845714441342,22.06499481201172,-3.04296875,75.79064837070595
189,mistral,2,Mistral-7B-v0.3,0.15461709240457547,28.631649017333984,-3.265625,11.588752047323307
189,mistral,3,Mistral-7B-v0.3,0.9227649047991872,23.57978630065918,-3.0546875,76.69813085024677
189,mistral,4,Mistral-7B-v0.3,0.894726126183262,23.29961395263672,-2.998046875,76.2067698767626
190,mistral,0,Mistral-7B-v0.3,0.9578408195429471,36.348087310791016,-3.466796875,75.43851703090317
190,mistral,1,Mistral-7B-v0.3,0.9059912699940249,31.461942672729492,-3.322265625,76.0888712971795
190,mistral,2,Mistral-7B-v0.3,0.9261940298507463,36.68593978881836,-3.50390625,75.7976666541355
190,mistral,3,Mistral-7B-v0.3,0.9437751004016064,46.08171463012695,-3.802734375,74.21589894499446
190,mistral,4,Mistral-7B-v0.3,0.9203658183921342,34.80110168457031,-3.48828125,75.86066776725463
191,mistral,1,Mistral-7B-v0.3,0.14377248793393613,30.864028930664062,-3.421875,11.192669475639986
191,mistral,2,Mistral-7B-v0.3,0.842195441244417,35.05955123901367,-3.435546875,72.23347400751454
191,mistral,3,Mistral-7B-v0.3,0.15439454105788475,31.854944229125977,-3.4296875,11.216940860195905
191,mistral,4,Mistral-7B-v0.3,0.9550390785684904,26.905250549316406,-3.298828125,75.96016601368524
192,mistral,0,Mistral-7B-v0.3,0.9129018740363278,27.428119659423828,-3.302734375,76.23043053614214
192,mistral,1,Mistral-7B-v0.3,0.9235423567945809,25.721227645874023,-3.271484375,76.36613970507136
192,mistral,2,Mistral-7B-v0.3,0.909408535313437,21.410070419311523,-3.068359375,76.4099153799507
192,mistral,3,Mistral-7B-v0.3,0.8974219651246385,24.804763793945312,-3.24609375,75.91049285924234
192,mistral,4,Mistral-7B-v0.3,0.8645715059205964,23.30824851989746,-3.150390625,74.43921379925277
193,mistral,0,Mistral-7B-v0.3,0.5872548504127452,45.816383361816406,-3.802734375,34.026777381623276
193,mistral,1,Mistral-7B-v0.3,0.6227065520502592,27.089635848999023,-3.35546875,41.162930787269936
193,mistral,2,Mistral-7B-v0.3,0.30878986010808956,30.73059844970703,-3.384765625,13.391191533343195
193,mistral,3,Mistral-7B-v0.3,0.598470618379636,44.66831588745117,-3.71875,36.01823379624655
193,mistral,4,Mistral-7B-v0.3,0.7565823664797079,47.801490783691406,-3.783203125,60.32339464081635
194,mistral,0,Mistral-7B-v0.3,0.03831694191394584,24.40764045715332,-3.109375,11.537715535950028
194,mistral,1,Mistral-7B-v0.3,0.922331580500408,32.46581268310547,-3.43359375,76.05117428687166
194,mistral,2,Mistral-7B-v0.3,0.12907264085772535,26.3836612701416,-3.26953125,11.436601565766951
194,mistral,3,Mistral-7B-v0.3,0.9408899441196159,25.6386775970459,-3.244140625,76.3434981751189
194,mistral,4,Mistral-7B-v0.3,0.9443852354315789,23.105093002319336,-3.134765625,76.41198630143309
195,mistral,0,Mistral-7B-v0.3,0.9543894980234205,36.488792419433594,-3.578125,75.22783083532333
195,mistral,2,Mistral-7B-v0.3,0.9435695772633836,41.07389831542969,-3.66796875,75.00014478316554
195,mistral,3,Mistral-7B-v0.3,0.9517898013366292,38.104496002197266,-3.626953125,75.09604471611758
195,mistral,4,Mistral-7B-v0.3,0.9453865502823541,33.58389663696289,-3.458984375,75.8290343257185
196,mistral,0,Mistral-7B-v0.3,0.789187986774741,27.73493003845215,-3.267578125,66.93822531232406
196,mistral,1,Mistral-7B-v0.3,0.7826607065975884,24.00362777709961,-3.12109375,66.27876995022227
196,mistral,2,Mistral-7B-v0.3,0.8232135610152032,26.19014549255371,-3.177734375,71.00219060897899
196,mistral,3,Mistral-7B-v0.3,0.8412598485124237,28.890960693359375,-3.28125,72.54996998387585
196,mistral,4,Mistral-7B-v0.3,0.8421477204646133,29.616655349731445,-3.34765625,72.48317027559038
197,mistral,0,Mistral-7B-v0.3,0.9779411764705882,25.066978454589844,-2.5859375,75.93413292783912
197,mistral,1,Mistral-7B-v0.3,0.9848484848484849,25.252635955810547,-2.626953125,75.54086093281018
197,mistral,2,Mistral-7B-v0.3,0.967391304347826,20.800003051757812,-2.55859375,76.24918666866579
197,mistral,3,Mistral-7B-v0.3,0.9676258992805755,27.39496612548828,-2.748046875,76.3756255422807
197,mistral,4,Mistral-7B-v0.3,0.9711191335740073,20.701082229614258,-2.548828125,76.08700746421748
198,mistral,0,Mistral-7B-v0.3,0.33460282333624825,31.251619338989258,-3.4375,14.04207731143671
198,mistral,1,Mistral-7B-v0.3,0.9244626916059656,32.368247985839844,-3.5234375,75.82219852996559
198,mistral,2,Mistral-7B-v0.3,0.985239852398524,35.686912536621094,-3.564453125,73.94944110114481
198,mistral,3,Mistral-7B-v0.3,0.9853479853479854,30.936464309692383,-3.4765625,74.24482516375869
198,mistral,4,Mistral-7B-v0.3,0.6439638146831836,35.04209899902344,-3.55859375,43.96896309678076
199,mistral,0,Mistral-7B-v0.3,0.9695817490494296,27.367685317993164,-3.275390625,75.49991505114394
199,mistral,1,Mistral-7B-v0.3,0.9317364218654032,24.346046447753906,-3.15234375,76.56388262280583
199,mistral,2,Mistral-7B-v0.3,0.9577224770067413,30.3289794921875,-3.40234375,75.68289357738495
199,mistral,3,Mistral-7B-v0.3,0.9580443828016644,27.432435989379883,-3.30078125,75.87711215444435
199,mistral,4,Mistral-7B-v0.3,0.9777777777777777,33.21554946899414,-3.51953125,74.53378329681678
0,qwen,0,Qwen2.5-7B,0.900665450033833,17.20257568359375,-2.759765625,76.33222375530353
0,qwen,1,Qwen2.5-7B,0.8841514591008452,17.771366119384766,-2.771484375,75.74510959373879
0,qwen,2,Qwen2.5-7B,0.8840354593602463,16.538000106811523,-2.732421875,75.68716766003787
0,qwen,3,Qwen2.5-7B,0.90213493987804,16.828306198120117,-2.6875,76.40222952323997
0,qwen,4,Qwen2.5-7B,0.8697205672886018,16.62771987915039,-2.7109375,74.95024928880234
1,qwen,0,Qwen2.5-7B,0.9468650793650794,17.066539764404297,-2.349609375,76.66851390268972
1,qwen,1,Qwen2.5-7B,0.9459459459459459,17.380407333374023,-2.345703125,76.70744377967686
1,qwen,2,Qwen2.5-7B,0.938015873015873,17.99563980102539,-2.259765625,76.84574949187952
1,qwen,3,Qwen2.5-7B,0.9393582684640213,17.26612663269043,-2.33203125,76.79974250318449
1,qwen,4,Qwen2.5-7B,0.9508928571428571,17.243915557861328,-2.326171875,76.5882114626538
2,qwen,0,Qwen2.5-7B,0.972972972972973,32.75889587402344,-2.587890625,76.2709573139676
2,qwen,1,Qwen2.5-7B,0.9726775956284153,30.463584899902344,-2.4296875,76.32771742653244
2,qwen,2,Qwen2.5-7B,0.9689119170984456,29.65187644958496,-2.44921875,76.48914866086594
2,qwen,3,Qwen2.5-7B,0.9735449735449735,32.870628356933594,-2.5546875,76.25570681676085
2,qwen,4,Qwen2.5-7B,0.9664804469273743,33.30950927734375,-2.693359375,76.48878626239227
3,qwen,0,Qwen2.5-7B,0.9713261648745519,21.2916316986084,-2.4609375,76.12831987623859
3,qwen,1,Qwen2.5-7B,0.9584543166860241,20.923492431640625,-2.4140625,76.60822336312789
3,qwen,2,Qwen2.5-7B,0.9624346843666148,17.48464584350586,-2.28515625,76.2475995343958
3,qwen,3,Qwen2.5-7B,0.9646643109540636,19.51911163330078,-2.435546875,76.31043907659036
3,qwen,4,Qwen2.5-7B,0.9532124731857898,18.7525577545166,-2.40625,76.63623043791105
4,qwen,1,Qwen2.5-7B,0.967032967032967,29.8875675201416,-3.4296875,75.27635946900452
4,qwen,2,Qwen2.5-7B,0.9609684799186579,22.572704315185547,-3.158203125,75.914412409237
4,qwen,3,Qwen2.5-7B,0.9272845669633166,26.816987991333008,-3.34765625,76.23268131855245
5,qwen,4,Qwen2.5-7B,0.969674759505268,35.24471664428711,-3.455078125,75.05608269963012
6,qwen,0,Qwen2.5-7B,0.974025974025974,23.893878936767578,-2.46484375,76.11971432168777
6,qwen,1,Qwen2.5-7B,0.978448275862069,21.455543518066406,-2.388671875,75.7930350907933
6,qwen,2,Qwen2.5-7B,0.9705882352941176,23.743980407714844,-2.546875,76.25366082759068
6,qwen,3,Qwen2.5-7B,0.9581250221607631,25.13554573059082,-2.666015625,76.72139130775642
6,qwen,4,Qwen2.5-7B,0.983402489626556,22.834026336669922,-2.400390625,75.58815339183126
7,qwen,0,Qwen2.5-7B,0.9078634660780962,28.84543800354004,-3.34765625,76.0570470730983
7,qwen,2,Qwen2.5-7B,0.9153786450399017,28.39577865600586,-3.33984375,76.19860926007915
7,qwen,4,Qwen2.5-7B,0.8934653570645178,22.7475643157959,-3.103515625,75.96898051837681
8,qwen,0,Qwen2.5-7B,0.9425837320574163,24.484615325927734,-3.15234375,76.46313985327768
8,qwen,1,Qwen2.5-7B,0.9287866772402855,28.290220260620117,-3.30859375,76.35173167165163
8,qwen,2,Qwen2.5-7B,0.9048324050146369,22.81557273864746,-3.109375,76.30608913254268
8,qwen,3,Qwen2.5-7B,0.9707317073170731,25.7091007232666,-3.169921875,75.62364587489593
8,qwen,4,Qwen2.5-7B,0.9180636406150032,24.47282600402832,-3.064453125,76.67883226290097
9,qwen,2,Qwen2.5-7B,0.9215153267784848,14.939448356628418,-2.744140625,76.55016493915937
9,qwen,4,Qwen2.5-7B,0.933175535314797,14.560748100280762,-2.71484375,76.5504887365988
10,qwen,0,Qwen2.5-7B,0.9890710382513661,33.238990783691406,-3.37109375,74.2746008962871
10,qwen,1,Qwen2.5-7B,0.9945945945945946,18.058923721313477,-2.796875,74.44798649458774
10,qwen,2,Qwen2.5-7B,0.9786096256684492,30.350296020507812,-3.314453125,75.01875238329988
10,qwen,3,Qwen2.5-7B,0.9817073170731707,22.31319236755371,-3.03515625,75.18086522017147
10,qwen,4,Qwen2.5-7B,0.9782608695652174,34.07493591308594,-3.447265625,74.69037293243872
11,qwen,0,Qwen2.5-7B,0.9540395244945863,18.421310424804688,-2.8984375,76.30352812825414
11,qwen,1,Qwen2.5-7B,0.9669117647058824,17.295682907104492,-2.828125,75.86959730430812
11,qwen,2,Qwen2.5-7B,0.9577464788732394,16.864757537841797,-2.794921875,76.2017576896472
11,qwen,3,Qwen2.5-7B,0.9680851063829787,17.748640060424805,-2.869140625,75.8075520062416
11,qwen,4,Qwen2.5-7B,0.9811320754716981,20.318742752075195,-2.974609375,75.20062364220038
12,qwen,0,Qwen2.5-7B,0.9330046224961479,30.233118057250977,-2.26953125,77.33968300620529
12,qwen,1,Qwen2.5-7B,0.9231827882744335,28.336130142211914,-2.326171875,77.33600051424531
12,qwen,2,Qwen2.5-7B,0.9326285639647708,27.417978286743164,-2.373046875,77.32605459884009
12,qwen,3,Qwen2.5-7B,0.9564643007265958,24.414316177368164,-2.26171875,76.80125358339247
12,qwen,4,Qwen2.5-7B,0.9214593596059112,25.924833297729492,-2.279296875,77.26177025666212
13,qwen,2,Qwen2.5-7B,0.858044333671753,22.001296997070312,-3.14453125,73.9455675535291
13,qwen,3,Qwen2.5-7B,0.8983430887467445,28.731616973876953,-3.412109375,75.64940088622565
13,qwen,4,Qwen2.5-7B,0.9088383233532934,20.608423233032227,-3.08203125,76.33369131488348
14,qwen,0,Qwen2.5-7B,0.8004822052069114,22.799976348876953,-3.0859375,68.52450004485115
14,qwen,1,Qwen2.5-7B,0.908231669858512,21.472869873046875,-3.041015625,76.43350093927353
14,qwen,2,Qwen2.5-7B,0.9219064684279114,18.892841339111328,-2.919921875,76.64652238815893
14,qwen,3,Qwen2.5-7B,0.8888007871009362,24.274152755737305,-3.205078125,75.66075250585223
14,qwen,4,Qwen2.5-7B,0.9146239221098441,18.887540817260742,-2.892578125,76.60541195466303
15,qwen,0,Qwen2.5-7B,0.9194374024960998,17.860485076904297,-2.267578125,76.85501449248163
15,qwen,1,Qwen2.5-7B,0.9279433810616807,28.7230281829834,-2.701171875,77.26030098526233
15,qwen,2,Qwen2.5-7B,0.9293483306155633,19.722362518310547,-2.408203125,77.03052579749695
15,qwen,3,Qwen2.5-7B,0.9070462324150534,21.206876754760742,-2.427734375,76.88244547698665
15,qwen,4,Qwen2.5-7B,0.9297270471464019,23.820493698120117,-2.462890625,77.22688111966283
16,qwen,0,Qwen2.5-7B,0.9200401562839158,21.412687301635742,-2.98046875,76.69344290071858
16,qwen,1,Qwen2.5-7B,0.900039814200398,17.647123336791992,-2.759765625,76.34426736840508
16,qwen,2,Qwen2.5-7B,0.910989902160833,20.497425079345703,-2.9609375,76.55369270985258
16,qwen,3,Qwen2.5-7B,0.8937692971032627,14.566225051879883,-2.55859375,76.0352497439681
16,qwen,4,Qwen2.5-7B,0.9325671160271921,18.80539894104004,-2.91796875,76.65134188683017
17,qwen,0,Qwen2.5-7B,0.9138296000425881,16.565750122070312,-2.466796875,76.71765829954693
17,qwen,1,Qwen2.5-7B,0.9254260427688015,15.648021697998047,-2.447265625,76.75447481230863
17,qwen,2,Qwen2.5-7B,0.9082073079197422,17.465625762939453,-2.478515625,76.67813956057839
17,qwen,3,Qwen2.5-7B,0.9257101147676428,16.068279266357422,-2.498046875,76.77886883887301
17,qwen,4,Qwen2.5-7B,0.9090935983946298,16.04323387145996,-2.5234375,76.58616582858842
18,qwen,1,Qwen2.5-7B,0.9754601226993865,22.617389678955078,-3.146484375,75.33108245488094
18,qwen,2,Qwen2.5-7B,0.968944099378882,21.72110366821289,-3.12109375,75.63433409745487
18,qwen,3,Qwen2.5-7B,0.9808917197452229,25.839269638061523,-3.294921875,74.86550265661658
18,qwen,4,Qwen2.5-7B,0.947609219126247,23.007930755615234,-3.15234375,76.31404405704963
19,qwen,3,Qwen2.5-7B,0.8894207055367409,19.248565673828125,-2.9453125,75.87353296466146
20,qwen,0,Qwen2.5-7B,0.939855406860483,13.900212287902832,-2.603515625,76.50380884750949
20,qwen,1,Qwen2.5-7B,0.9570094760312151,17.255603790283203,-2.7890625,76.25711169833515
20,qwen,2,Qwen2.5-7B,0.9645964984978764,14.299355506896973,-2.603515625,75.90519081861652
20,qwen,3,Qwen2.5-7B,0.9373668008524746,16.65732765197754,-2.759765625,76.63936579147763
20,qwen,4,Qwen2.5-7B,0.9338620142743854,14.022004127502441,-2.6015625,76.57108083437858
21,qwen,0,Qwen2.5-7B,0.9694656488549618,18.767196655273438,-1.994140625,75.88676560534701
21,qwen,1,Qwen2.5-7B,0.9776119402985075,16.06123924255371,-1.8525390625,75.1814110932455
21,qwen,2,Qwen2.5-7B,0.9849624060150376,19.160430908203125,-1.9736328125,75.104633122378
21,qwen,3,Qwen2.5-7B,0.9779411764705882,18.815786361694336,-1.919921875,75.42044442787427
21,qwen,4,Qwen2.5-7B,0.9774436090225563,16.72983169555664,-1.865234375,75.25173877998375
22,qwen,0,Qwen2.5-7B,0.9012282771937353,14.369534492492676,-2.65234375,76.21481030899854
22,qwen,2,Qwen2.5-7B,0.918805002315887,13.968323707580566,-2.634765625,76.52486896397504
22,qwen,4,Qwen2.5-7B,0.8740705078512814,13.50643253326416,-2.599609375,75.02832353366509
23,qwen,1,Qwen2.5-7B,0.9754901960784313,35.66769790649414,-3.580078125,74.43146840397681
23,qwen,4,Qwen2.5-7B,0.9601642036124794,35.4152717590332,-3.576171875,75.08524667231644
24,qwen,0,Qwen2.5-7B,0.9509539506542802,10.692888259887695,-1.822265625,75.71464745587573
24,qwen,1,Qwen2.5-7B,0.9465808089969163,11.395700454711914,-1.732421875,75.76692145202777
24,qwen,2,Qwen2.5-7B,0.9509539506542802,9.989153861999512,-1.755859375,75.57218557557967
24,qwen,3,Qwen2.5-7B,0.9349506225848003,12.89531421661377,-1.8515625,76.19341197067024
24,qwen,4,Qwen2.5-7B,0.919746276889134,9.842772483825684,-1.8017578125,75.85712058637773
25,qwen,0,Qwen2.5-7B,0.9332003988035893,21.584144592285156,-3.056640625,76.60437547677836
25,qwen,1,Qwen2.5-7B,0.9284516129032259,16.45230484008789,-2.759765625,76.67166545781407
25,qwen,2,Qwen2.5-7B,0.8961298243740992,16.577926635742188,-2.728515625,76.17286280299744
25,qwen,3,Qwen2.5-7B,0.919317052793208,19.879165649414062,-2.96484375,76.62598774891067
26,qwen,0,Qwen2.5-7B,0.9841269841269841,17.718963623046875,-2.873046875,75.00233813764297
26,qwen,1,Qwen2.5-7B,0.9917355371900827,21.62651824951172,-3.072265625,74.48450917868588
26,qwen,2,Qwen2.5-7B,0.9829059829059829,23.454864501953125,-3.115234375,75.03009162879509
26,qwen,3,Qwen2.5-7B,0.9691133720930232,23.769718170166016,-3.17578125,75.6163039760058
26,qwen,4,Qwen2.5-7B,0.9823008849557522,28.752132415771484,-3.298828125,74.84023995155819
27,qwen,0,Qwen2.5-7B,0.9264504094646564,68.6392593383789,-4.12109375,70.4644788416788
27,qwen,1,Qwen2.5-7B,0.9576928425489126,35.98249816894531,-3.509765625,75.33786340072193
27,qwen,2,Qwen2.5-7B,0.9264599721070973,49.024696350097656,-3.84375,73.94655991008781
27,qwen,3,Qwen2.5-7B,0.9157395402217137,39.9053955078125,-3.58203125,75.36999930241461
27,qwen,4,Qwen2.5-7B,0.9460698610309529,60.82786178588867,-3.982421875,71.8977937272754
28,qwen,0,Qwen2.5-7B,0.98125,16.37502098083496,-2.228515625,75.29421836799051
28,qwen,1,Qwen2.5-7B,0.9711336998236698,17.473926544189453,-2.23046875,75.87661066115527
28,qwen,2,Qwen2.5-7B,0.9574770858679228,15.217720031738281,-2.103515625,76.16599477405471
28,qwen,3,Qwen2.5-7B,0.9686328194750313,14.947030067443848,-2.08984375,75.72709898138287
28,qwen,4,Qwen2.5-7B,0.9638377735054473,11.664595603942871,-1.88671875,75.47321890795573
29,qwen,0,Qwen2.5-7B,0.9560439560439561,22.804773330688477,-2.6640625,76.69697108829065
29,qwen,1,Qwen2.5-7B,0.9587766159840494,29.482593536376953,-2.75390625,76.72770573056238
29,qwen,2,Qwen2.5-7B,0.9539154128657742,25.084842681884766,-2.568359375,76.89205760590691
29,qwen,3,Qwen2.5-7B,0.9474992305324715,28.18526840209961,-2.744140625,77.01770442961984
29,qwen,4,Qwen2.5-7B,0.9574468085106383,23.918251037597656,-2.595703125,76.73655332600448
30,qwen,0,Qwen2.5-7B,1.0,25.131807327270508,-3.216796875,73.79283640621941
30,qwen,1,Qwen2.5-7B,0.991869918699187,23.468305587768555,-3.205078125,74.31586754804893
30,qwen,2,Qwen2.5-7B,1.0,20.93871307373047,-3.021484375,73.9611611875592
30,qwen,3,Qwen2.5-7B,1.0,20.458980560302734,-3.048828125,73.8925144184545
30,qwen,4,Qwen2.5-7B,0.991869918699187,24.63113784790039,-3.25,74.26745861672211
31,qwen,0,Qwen2.5-7B,0.9262581037723977,14.897150993347168,-2.67578125,76.6167965321727
31,qwen,1,Qwen2.5-7B,0.9396745540314,19.062267303466797,-2.94140625,76.57544084296428
31,qwen,2,Qwen2.5-7B,0.9244520634552015,18.839603424072266,-2.958984375,76.60460757561717
31,qwen,3,Qwen2.5-7B,0.9359830454217555,16.436046600341797,-2.806640625,76.5935783849056
31,qwen,4,Qwen2.5-7B,0.9009435923179192,16.814207077026367,-2.869140625,76.20456147609355
32,qwen,2,Qwen2.5-7B,0.9683794466403162,19.89483070373535,-2.890625,75.90367367334207
32,qwen,4,Qwen2.5-7B,0.9689627918287937,51.37178421020508,-3.880859375,72.70035758754594
33,qwen,0,Qwen2.5-7B,0.9744897959183674,38.165714263916016,-2.95703125,75.73877722855882
33,qwen,1,Qwen2.5-7B,0.9893048128342246,38.96714401245117,-2.970703125,74.86402656010023
33,qwen,2,Qwen2.5-7B,0.9690721649484536,38.64592742919922,-2.955078125,75.96817992595041
33,qwen,3,Qwen2.5-7B,0.9754901960784313,32.64228820800781,-2.9609375,75.81841955700285
33,qwen,4,Qwen2.5-7B,0.9698492462311558,30.95448875427246,-2.775390625,76.29637684649114
34,qwen,0,Qwen2.5-7B,0.959608644859813,28.30588722229004,-3.3203125,75.79795045469098
34,qwen,1,Qwen2.5-7B,0.9504643962848297,29.80229377746582,-3.416015625,75.8447973825569
34,qwen,2,Qwen2.5-7B,0.9495268138801262,28.16697120666504,-3.36328125,75.97680255229902
34,qwen,3,Qwen2.5-7B,0.9320808414899141,30.240917205810547,-3.39453125,76.15977774561837
34,qwen,4,Qwen2.5-7B,0.9525123849964615,30.99283790588379,-3.44140625,75.73413521721368
35,qwen,0,Qwen2.5-7B,0.9009724866274242,28.898717880249023,-3.341796875,75.90062417331013
35,qwen,1,Qwen2.5-7B,0.9044448110872793,25.519243240356445,-3.234375,76.15775987236898
35,qwen,2,Qwen2.5-7B,0.8869984381468149,29.504257202148438,-3.3671875,75.34869571827325
35,qwen,3,Qwen2.5-7B,0.9121268303510226,24.1981201171875,-3.173828125,76.39343822760088
35,qwen,4,Qwen2.5-7B,0.9046167705620874,28.989343643188477,-3.35546875,75.96601226911937
36,qwen,0,Qwen2.5-7B,0.9042872458806809,10.90872859954834,-2.390625,76.0708785485235
36,qwen,1,Qwen2.5-7B,0.9076166359702158,12.311870574951172,-2.5078125,76.26111319508456
36,qwen,2,Qwen2.5-7B,0.8984878385079861,10.479262351989746,-2.33984375,75.86459765375189
36,qwen,3,Qwen2.5-7B,0.922506972021721,12.677762985229492,-2.51953125,76.49203053121842
36,qwen,4,Qwen2.5-7B,0.8974298323483966,11.251057624816895,-2.3984375,75.9063349690082
37,qwen,0,Qwen2.5-7B,0.9723083548664945,23.537992477416992,-2.42578125,76.189407308852
37,qwen,1,Qwen2.5-7B,0.9715197083618136,21.545480728149414,-2.421875,76.13530305442683
37,qwen,2,Qwen2.5-7B,0.9666221935958778,23.10032081604004,-2.51171875,76.40494647632765
37,qwen,3,Qwen2.5-7B,0.9715197083618136,22.787151336669922,-2.47265625,76.18935271898161
37,qwen,4,Qwen2.5-7B,0.966462281679673,24.098569869995117,-2.501953125,76.45366500282287
38,qwen,0,Qwen2.5-7B,0.8946021847256235,15.919275283813477,-2.23046875,76.1584148599936
38,qwen,1,Qwen2.5-7B,0.9027445462652042,16.70268440246582,-2.330078125,76.4942369219072
38,qwen,2,Qwen2.5-7B,0.9428475390722407,17.807323455810547,-2.357421875,76.79147887726191
38,qwen,3,Qwen2.5-7B,0.9501301405517959,15.533045768737793,-2.240234375,76.45910220849146
38,qwen,4,Qwen2.5-7B,0.9140781836351469,15.24782657623291,-2.2734375,76.60709901582395
39,qwen,0,Qwen2.5-7B,0.981042654028436,36.37395477294922,-2.654296875,75.75795877005493
39,qwen,1,Qwen2.5-7B,0.9291399022340726,31.596694946289062,-2.705078125,77.2722898401711
39,qwen,2,Qwen2.5-7B,0.9766355140186916,29.9721622467041,-2.494140625,76.12590922729413
39,qwen,3,Qwen2.5-7B,0.9669811320754716,28.829782485961914,-2.705078125,76.45897777497646
39,qwen,4,Qwen2.5-7B,0.9723502304147466,29.55588722229004,-2.54296875,76.31690215506647
40,qwen,0,Qwen2.5-7B,0.863892675558022,18.691133499145508,-2.853515625,74.59142818249603
40,qwen,1,Qwen2.5-7B,0.8017524154284221,18.529056549072266,-2.79296875,68.83063194430123
40,qwen,2,Qwen2.5-7B,0.7770662354536427,15.09655475616455,-2.587890625,65.6009522734397
40,qwen,3,Qwen2.5-7B,0.7774660162186866,16.750511169433594,-2.7421875,65.68191426619322
41,qwen,0,Qwen2.5-7B,0.9474842767295598,24.40546417236328,-2.701171875,76.95112918229029
41,qwen,1,Qwen2.5-7B,0.9300702189178025,21.01306915283203,-2.484375,77.09422035455054
41,qwen,3,Qwen2.5-7B,0.9331756357185098,23.52805519104004,-2.611328125,77.15783871123833
41,qwen,4,Qwen2.5-7B,0.9523505976095618,21.244401931762695,-2.650390625,76.73239185259652
42,qwen,0,Qwen2.5-7B,0.9801492537313432,33.413875579833984,-3.505859375,74.44408144939537
42,qwen,1,Qwen2.5-7B,0.9898477157360406,30.843778610229492,-3.40625,74.15169556453861
42,qwen,2,Qwen2.5-7B,0.9904761904761905,35.47752380371094,-3.537109375,73.71134183509707
42,qwen,3,Qwen2.5-7B,0.9898477157360406,36.97627258300781,-3.61328125,73.4878644786558
42,qwen,4,Qwen2.5-7B,1.0,24.589256286621094,-3.201171875,73.8059270035777
43,qwen,0,Qwen2.5-7B,0.9672468774913633,29.908281326293945,-2.826171875,76.35363428549053
43,qwen,1,Qwen2.5-7B,0.9702487562189055,30.936626434326172,-2.896484375,76.15197344521283
43,qwen,3,Qwen2.5-7B,0.9523637989631024,34.58524703979492,-2.962890625,76.65633200681154
43,qwen,4,Qwen2.5-7B,0.9812649481796438,29.85588836669922,-2.845703125,75.6604707224702
44,qwen,0,Qwen2.5-7B,0.8815114863448418,26.715482711791992,-2.669921875,76.11123948263979
44,qwen,1,Qwen2.5-7B,0.9486550676608672,27.19966697692871,-2.533203125,77.09030923826212
44,qwen,2,Qwen2.5-7B,0.9117353117849076,27.15978240966797,-2.568359375,77.16572656978512
44,qwen,3,Qwen2.5-7B,0.9313603643016226,24.859262466430664,-2.455078125,77.26110729722247
44,qwen,4,Qwen2.5-7B,0.9427617988240903,28.228530883789062,-2.607421875,77.191856120317
45,qwen,0,Qwen2.5-7B,0.9883720930232558,31.428407669067383,-3.4375,74.16459812315989
45,qwen,1,Qwen2.5-7B,0.988950276243094,35.89182662963867,-3.46484375,73.99358775113708
45,qwen,2,Qwen2.5-7B,0.9806451612903225,44.70392990112305,-3.662109375,73.45981514655311
45,qwen,3,Qwen2.5-7B,0.9627105974354551,32.79446792602539,-3.365234375,75.59919706138962
45,qwen,4,Qwen2.5-7B,0.9700598802395209,41.841007232666016,-3.62890625,74.27385380508518
46,qwen,1,Qwen2.5-7B,0.9172137965472391,36.43920135498047,-3.466796875,75.84585044887773
47,qwen,0,Qwen2.5-7B,0.9523371365476628,13.599480628967285,-2.060546875,76.15379054553678
47,qwen,1,Qwen2.5-7B,0.9457081814754303,13.407730102539062,-1.916015625,76.16174835145478
47,qwen,2,Qwen2.5-7B,0.947324414715719,11.410463333129883,-1.923828125,75.96628210369232
47,qwen,3,Qwen2.5-7B,0.9224379406935188,14.892860412597656,-2.25390625,76.65898298652864
47,qwen,4,Qwen2.5-7B,0.9437986229097738,11.069197654724121,-1.8583984375,75.93475192631291
48,qwen,0,Qwen2.5-7B,0.9175075488284983,23.741840362548828,-3.263671875,76.26759151962841
48,qwen,1,Qwen2.5-7B,0.919009597045404,23.201330184936523,-3.197265625,76.39810141851976
48,qwen,2,Qwen2.5-7B,0.9406064549200529,27.04789161682129,-3.34375,76.16249739906367
48,qwen,3,Qwen2.5-7B,0.9463148316651501,27.11544418334961,-3.38671875,75.96736528608922
48,qwen,4,Qwen2.5-7B,0.9081719615478719,21.241146087646484,-3.134765625,76.26100710124037
49,qwen,1,Qwen2.5-7B,0.8666649268403014,11.558147430419922,-2.453125,74.46117251413477
49,qwen,2,Qwen2.5-7B,0.8972431285972604,11.574991226196289,-2.462890625,75.92595895821164
50,qwen,0,Qwen2.5-7B,0.8994959993166093,16.66119384765625,-2.8203125,76.20376451699184
50,qwen,1,Qwen2.5-7B,0.892641258869929,17.279382705688477,-2.830078125,76.00730965293214
50,qwen,2,Qwen2.5-7B,0.8828726515892478,16.865755081176758,-2.763671875,75.63065935015774
50,qwen,3,Qwen2.5-7B,0.8602782305447102,18.70346450805664,-2.904296875,74.2890526367012
50,qwen,4,Qwen2.5-7B,0.9011503670799537,18.627260208129883,-2.931640625,76.25554321335864
51,qwen,0,Qwen2.5-7B,0.9084005695301376,20.899171829223633,-3.0390625,76.41041937604534
51,qwen,2,Qwen2.5-7B,0.9111693391517375,22.57417869567871,-3.095703125,76.45241320327851
51,qwen,4,Qwen2.5-7B,0.9424813604758314,22.869962692260742,-3.130859375,76.44006093125311
52,qwen,0,Qwen2.5-7B,0.9743589743589743,21.63298988342285,-3.076171875,75.46192703399329
52,qwen,1,Qwen2.5-7B,0.9860627177700348,21.423213958740234,-3.083984375,74.80798971606771
52,qwen,2,Qwen2.5-7B,0.9671921139482369,20.495920181274414,-3.041015625,75.77853655020385
52,qwen,3,Qwen2.5-7B,0.969155113165067,20.571453094482422,-3.048828125,75.6880393927095
52,qwen,4,Qwen2.5-7B,0.9556378584074399,18.698322296142578,-2.939453125,76.2241517875769
53,qwen,0,Qwen2.5-7B,0.9348613106279975,21.74169158935547,-2.603515625,77.07056270598027
53,qwen,1,Qwen2.5-7B,0.968,15.916463851928711,-2.251953125,75.90983678908798
53,qwen,2,Qwen2.5-7B,0.9649509803921569,15.54259204864502,-2.35546875,76.02874235421191
53,qwen,3,Qwen2.5-7B,0.950225507641126,17.926490783691406,-2.39453125,76.65761006147238
53,qwen,4,Qwen2.5-7B,0.9503536693191865,19.64365005493164,-2.513671875,76.74929655875317
54,qwen,0,Qwen2.5-7B,0.9705304518664047,76.43502807617188,-3.5078125,70.48246543803438
54,qwen,1,Qwen2.5-7B,0.9643488276689072,67.61872100830078,-3.44140625,72.14288171244871
54,qwen,2,Qwen2.5-7B,0.971830985915493,61.056766510009766,-3.328125,73.01772618434008
54,qwen,3,Qwen2.5-7B,0.9723789770281376,67.63261413574219,-3.404296875,71.89736492045363
54,qwen,4,Qwen2.5-7B,0.9730250481695568,72.57435607910156,-3.576171875,70.70728666090216
55,qwen,1,Qwen2.5-7B,0.9398790864308106,19.30731201171875,-2.845703125,76.70227350959459
55,qwen,2,Qwen2.5-7B,0.9038095238095237,15.332327842712402,-2.640625,76.36542091159409
55,qwen,3,Qwen2.5-7B,0.9321444428000591,17.67075538635254,-2.77734375,76.7315994123463
55,qwen,4,Qwen2.5-7B,0.9020327498588369,20.472646713256836,-2.931640625,76.38897153064552
56,qwen,0,Qwen2.5-7B,0.9445377036438544,27.701702117919922,-3.306640625,76.20073632369653
56,qwen,1,Qwen2.5-7B,0.9379621337014621,23.97467613220215,-3.140625,76.52618293123236
56,qwen,2,Qwen2.5-7B,0.8785061477826903,28.386335372924805,-3.328125,75.02675849506468
56,qwen,3,Qwen2.5-7B,0.9084121961317798,26.026691436767578,-3.212890625,76.30656008831414
56,qwen,4,Qwen2.5-7B,0.9311118868311437,31.134531021118164,-3.3984375,76.15608135277553
57,qwen,0,Qwen2.5-7B,0.9758314855875831,19.215221405029297,-2.10546875,75.70192184958985
57,qwen,1,Qwen2.5-7B,0.9756845727966482,19.973196029663086,-2.26171875,75.82967609274802
57,qwen,2,Qwen2.5-7B,0.9695121951219512,20.0733585357666,-2.171875,76.08368294477334
57,qwen,3,Qwen2.5-7B,0.9819277108433735,19.792007446289062,-2.283203125,75.49807236730028
57,qwen,4,Qwen2.5-7B,0.9633416647731575,19.865859985351562,-2.126953125,76.29437099714492
58,qwen,0,Qwen2.5-7B,0.8976050668491539,18.639169692993164,-2.8046875,76.293311622246
58,qwen,1,Qwen2.5-7B,0.8965720746048604,20.550193786621094,-2.90625,76.26069358831525
58,qwen,2,Qwen2.5-7B,0.9320581439560118,16.085893630981445,-2.662109375,76.7073936960794
58,qwen,3,Qwen2.5-7B,0.9008613002594034,17.31088638305664,-2.775390625,76.33163254876376
59,qwen,0,Qwen2.5-7B,0.9083666299255994,14.842514991760254,-2.361328125,76.49312897997106
59,qwen,1,Qwen2.5-7B,0.9521088814567076,21.269590377807617,-2.4609375,76.80529264358621
59,qwen,2,Qwen2.5-7B,0.950854441885832,18.55487823486328,-2.34375,76.67864532494744
59,qwen,3,Qwen2.5-7B,0.9665071770334929,18.38494110107422,-2.40625,76.16895991259163
59,qwen,4,Qwen2.5-7B,0.9685703803350862,20.05923080444336,-2.45703125,76.18251934096183
60,qwen,0,Qwen2.5-7B,0.910903892812157,35.642662048339844,-3.546875,75.55648187231128
60,qwen,1,Qwen2.5-7B,0.9175960855065333,34.32087326049805,-3.462890625,75.91142141934813
60,qwen,3,Qwen2.5-7B,0.9675925925925926,33.135616302490234,-3.4765625,75.12402162239452
60,qwen,4,Qwen2.5-7B,0.919939268349174,30.826759338378906,-3.353515625,76.2364670176265
61,qwen,0,Qwen2.5-7B,0.9437366737739872,20.009925842285156,-2.3828125,76.91543945665657
61,qwen,1,Qwen2.5-7B,0.951350041023346,21.260896682739258,-2.44140625,76.82570330173311
61,qwen,2,Qwen2.5-7B,0.9407782515991472,20.013500213623047,-2.349609375,76.9571082856941
61,qwen,3,Qwen2.5-7B,0.926946672958943,17.8831844329834,-2.201171875,76.8687138726204
61,qwen,4,Qwen2.5-7B,0.9366428200756172,21.58620262145996,-2.46484375,77.08878288943353
62,qwen,0,Qwen2.5-7B,0.9564643007265958,13.741926193237305,-2.5546875,76.15709982027428
62,qwen,1,Qwen2.5-7B,0.8502861823874238,16.31015396118164,-2.69921875,73.58444068882447
62,qwen,2,Qwen2.5-7B,0.8816806462663971,14.908474922180176,-2.62109375,75.52647594070716
62,qwen,4,Qwen2.5-7B,0.905886822165892,16.066076278686523,-2.701171875,76.43273744775205
63,qwen,3,Qwen2.5-7B,0.9404379959435496,22.673324584960938,-3.041015625,76.61289719482981
63,qwen,4,Qwen2.5-7B,0.9414646356289781,23.55002212524414,-3.02734375,76.65743551998183
64,qwen,0,Qwen2.5-7B,0.9124839859974377,29.22937774658203,-3.40625,76.00582284326417
64,qwen,1,Qwen2.5-7B,0.9183355467020806,24.045534133911133,-3.166015625,76.485976015028
64,qwen,2,Qwen2.5-7B,0.9295252724043584,23.389997482299805,-3.15234375,76.53310499713471
64,qwen,3,Qwen2.5-7B,0.8813644728819775,18.63005256652832,-2.927734375,75.50005799049153
64,qwen,4,Qwen2.5-7B,0.9194795044001852,22.081268310546875,-3.0859375,76.55697047835743
65,qwen,0,Qwen2.5-7B,0.9942196531791907,25.61104965209961,-3.205078125,74.23615155242668
65,qwen,1,Qwen2.5-7B,0.9886363636363636,31.550535202026367,-3.40625,74.22727988002528
65,qwen,3,Qwen2.5-7B,0.9942528735632183,31.568660736083984,-3.400390625,73.87843484851687
65,qwen,4,Qwen2.5-7B,0.9940828402366864,30.20046043395996,-3.3046875,74.11476307372469
66,qwen,0,Qwen2.5-7B,0.9302622574858052,21.914613723754883,-2.318359375,77.13634021112117
66,qwen,1,Qwen2.5-7B,0.9281810969100717,21.177915573120117,-2.24609375,77.08199606719498
66,qwen,2,Qwen2.5-7B,0.9362641223426789,24.489736557006836,-2.51171875,77.20804261376064
66,qwen,3,Qwen2.5-7B,0.9263294654084325,25.42147445678711,-2.498046875,77.27750885137253
66,qwen,4,Qwen2.5-7B,0.93557987661896,24.78445816040039,-2.419921875,77.2361103818158
67,qwen,0,Qwen2.5-7B,0.925067385444744,23.4213924407959,-2.6640625,77.13497674513816
67,qwen,1,Qwen2.5-7B,0.950381679389313,25.268394470214844,-2.787109375,76.84651780427757
67,qwen,2,Qwen2.5-7B,0.9422794887911167,23.391313552856445,-2.623046875,77.05226420699393
67,qwen,3,Qwen2.5-7B,0.9581749049429658,20.01340103149414,-2.59375,76.52732379373782
67,qwen,4,Qwen2.5-7B,0.9456521739130435,25.113740921020508,-2.681640625,77.02466909628424
68,qwen,0,Qwen2.5-7B,0.9315761277188471,18.437255859375,-2.876953125,76.6819728839523
68,qwen,1,Qwen2.5-7B,0.9447850801558408,20.385175704956055,-2.958984375,76.55184005124224
68,qwen,2,Qwen2.5-7B,0.920203811362259,19.61638832092285,-2.916015625,76.68272507374951
68,qwen,3,Qwen2.5-7B,0.9387535649165459,17.564804077148438,-2.822265625,76.62906846862414
68,qwen,4,Qwen2.5-7B,0.9504950495049505,20.282569885253906,-2.96875,76.41419272865937
69,qwen,0,Qwen2.5-7B,0.9763710223425863,15.126660346984863,-2.6640625,75.41709978008465
69,qwen,1,Qwen2.5-7B,0.966937485894832,20.299482345581055,-2.912109375,75.96008577406806
69,qwen,2,Qwen2.5-7B,0.9736462516081245,20.8415470123291,-2.900390625,75.70879188855989
69,qwen,3,Qwen2.5-7B,0.9692604576819617,17.40796661376953,-2.712890625,75.88052695908495
69,qwen,4,Qwen2.5-7B,0.9606615658087951,18.006912231445312,-2.755859375,76.21875901525414
70,qwen,0,Qwen2.5-7B,0.9795918367346939,16.252918243408203,-2.798828125,75.22953080632801
70,qwen,1,Qwen2.5-7B,0.9599129330672955,21.924739837646484,-3.12109375,75.98811468552883
70,qwen,2,Qwen2.5-7B,0.9651827046193243,18.04286766052246,-2.9296875,75.8706403237842
70,qwen,3,Qwen2.5-7B,0.9797297297297297,18.234458923339844,-2.9453125,75.19107186264179
70,qwen,4,Qwen2.5-7B,0.9722222222222222,20.274263381958008,-3.0703125,75.50045480317111
71,qwen,0,Qwen2.5-7B,0.9461883408071748,24.120695114135742,-2.31640625,77.05769051134455
71,qwen,1,Qwen2.5-7B,0.9478260869565217,20.812578201293945,-2.15234375,76.81134792177882
71,qwen,2,Qwen2.5-7B,0.9596412556053812,23.53524398803711,-2.240234375,76.65989055415871
71,qwen,3,Qwen2.5-7B,0.9449138078170336,25.288911819458008,-2.240234375,77.0996883364447
71,qwen,4,Qwen2.5-7B,0.9601769911504425,24.297279357910156,-2.302734375,76.69038390420413
72,qwen,1,Qwen2.5-7B,0.834032660911183,12.922660827636719,-2.466796875,72.01633151177242
72,qwen,2,Qwen2.5-7B,0.7548586182716555,11.018762588500977,-2.30078125,62.17067513586224
72,qwen,3,Qwen2.5-7B,0.8102321498199968,10.71134090423584,-2.328125,69.36813878186182
72,qwen,4,Qwen2.5-7B,0.7678418040901079,12.261835098266602,-2.453125,64.14194771727709
73,qwen,0,Qwen2.5-7B,0.9541703507220749,34.048274993896484,-2.787109375,76.81990238247592
73,qwen,1,Qwen2.5-7B,0.9478753062431359,32.13407897949219,-2.587890625,77.1274729852086
73,qwen,2,Qwen2.5-7B,0.929365867498936,29.7403564453125,-2.58984375,77.33284121048058
73,qwen,3,Qwen2.5-7B,0.949583535992218,33.80448913574219,-2.7578125,76.96509903879866
73,qwen,4,Qwen2.5-7B,0.9343933145213805,31.255971908569336,-2.611328125,77.30744837136571
74,qwen,0,Qwen2.5-7B,0.8775112498411874,18.67896842956543,-2.546875,75.61253349459982
74,qwen,1,Qwen2.5-7B,0.9057819838929616,20.226512908935547,-2.607421875,76.7553458553057
74,qwen,2,Qwen2.5-7B,0.8839301914354942,20.502605438232422,-2.65625,75.98585530483984
74,qwen,3,Qwen2.5-7B,0.9006625859784186,17.56635284423828,-2.548828125,76.4808906443622
74,qwen,4,Qwen2.5-7B,0.905139146795873,20.915760040283203,-2.654296875,76.75291172259293
75,qwen,3,Qwen2.5-7B,0.9242726263709389,22.959056854248047,-3.07421875,76.6471969350156
75,qwen,4,Qwen2.5-7B,0.9131938557526024,25.232316970825195,-3.14453125,76.50158425664702
76,qwen,0,Qwen2.5-7B,0.9787234042553191,21.613956451416016,-1.8740234375,75.49038004351092
76,qwen,1,Qwen2.5-7B,0.9374174122750688,21.310258865356445,-1.79296875,76.68455803147125
76,qwen,2,Qwen2.5-7B,0.971830985915493,24.030925750732422,-1.818359375,75.87368607780863
76,qwen,3,Qwen2.5-7B,0.9127932609037946,20.43927764892578,-1.771484375,76.53939707547335
76,qwen,4,Qwen2.5-7B,0.9310038677734213,24.339754104614258,-1.8388671875,76.9120990981061
77,qwen,0,Qwen2.5-7B,0.985781990521327,27.60365867614746,-3.21484375,74.80005794121199
77,qwen,1,Qwen2.5-7B,0.967995603094745,32.07335662841797,-3.4296875,75.23851567306224
77,qwen,2,Qwen2.5-7B,0.9809523809523809,40.1705207824707,-3.58203125,73.96918975746426
77,qwen,3,Qwen2.5-7B,0.9904761904761905,36.64095687866211,-3.52734375,73.70611240823567
77,qwen,4,Qwen2.5-7B,0.9530090315657693,31.681459426879883,-3.43359375,75.7404977621859
78,qwen,0,Qwen2.5-7B,0.9555758077879039,34.26809310913086,-3.533203125,75.37546350573216
78,qwen,1,Qwen2.5-7B,0.9780701754385965,40.44805908203125,-3.716796875,73.69729812134294
78,qwen,2,Qwen2.5-7B,0.9494227275391197,35.81761932373047,-3.5859375,75.34938200231447
78,qwen,3,Qwen2.5-7B,0.9658010203010517,37.3223876953125,-3.658203125,74.5777779256509
78,qwen,4,Qwen2.5-7B,0.9351987563846325,31.795228958129883,-3.439453125,76.02848190362243
79,qwen,0,Qwen2.5-7B,0.9291558765242975,22.423730850219727,-2.51171875,77.15962888699305
79,qwen,1,Qwen2.5-7B,0.928073889373408,23.855844497680664,-2.591796875,77.19430736310214
79,qwen,2,Qwen2.5-7B,0.9345547177501528,25.4244327545166,-2.6484375,77.19744318904218
79,qwen,3,Qwen2.5-7B,0.9155196517162754,23.522268295288086,-2.546875,77.11663330327855
79,qwen,4,Qwen2.5-7B,0.9206686471282662,23.89423179626465,-2.6875,77.11528165661183
80,qwen,1,Qwen2.5-7B,0.9644058295964125,14.14937686920166,-2.564453125,75.91661492397168
80,qwen,3,Qwen2.5-7B,0.9431289212709977,16.47623062133789,-2.740234375,76.56769553951261
80,qwen,4,Qwen2.5-7B,0.9539619538010441,11.954730033874512,-2.419921875,76.10225010768042
81,qwen,0,Qwen2.5-7B,0.9620991253644315,44.87169647216797,-3.158203125,75.54228670321378
81,qwen,1,Qwen2.5-7B,0.9586852316822644,47.85385513305664,-3.12890625,75.46394796143352
81,qwen,2,Qwen2.5-7B,0.9653179190751445,45.07484436035156,-3.154296875,75.41387667434688
81,qwen,3,Qwen2.5-7B,0.9619883040935673,44.93987274169922,-3.15234375,75.55203200357168
81,qwen,4,Qwen2.5-7B,0.9644970414201184,48.440940856933594,-3.1328125,75.19854552026939
82,qwen,0,Qwen2.5-7B,0.8419130859496954,15.223090171813965,-2.0546875,72.77714688921438
82,qwen,1,Qwen2.5-7B,0.8404803156527428,15.93431282043457,-2.1328125,72.75776339117243
82,qwen,2,Qwen2.5-7B,0.8351484650293796,14.945714950561523,-2.072265625,72.16463565869937
82,qwen,3,Qwen2.5-7B,0.8320284511833808,15.95602798461914,-2.107421875,71.97264066863949
82,qwen,4,Qwen2.5-7B,0.8318820504622175,14.407957077026367,-1.9990234375,71.76031341895607
83,qwen,0,Qwen2.5-7B,0.7149420564686051,16.05121421813965,-2.736328125,56.36932409851569
83,qwen,1,Qwen2.5-7B,0.9740401396160558,19.566755294799805,-2.939453125,75.56905513159293
83,qwen,2,Qwen2.5-7B,0.9377726876090752,22.21837615966797,-3.001953125,76.68324553326617
83,qwen,3,Qwen2.5-7B,0.9088025376685172,13.984031677246094,-2.623046875,76.38297571937785
83,qwen,4,Qwen2.5-7B,0.9219715956558061,14.830693244934082,-2.6484375,76.61092247755147
85,qwen,0,Qwen2.5-7B,0.9646399636556372,47.000732421875,-3.095703125,75.38798317077789
85,qwen,1,Qwen2.5-7B,0.9658703071672355,48.56106185913086,-3.21875,74.9683952315963
85,qwen,2,Qwen2.5-7B,0.9676258992805755,37.705169677734375,-3.017578125,75.97670663955827
85,qwen,3,Qwen2.5-7B,0.9671272355095885,44.475460052490234,-3.15234375,75.39054841431204
85,qwen,4,Qwen2.5-7B,0.9776119402985075,44.45121765136719,-3.15625,74.90181075477773
86,qwen,0,Qwen2.5-7B,0.976878612716763,22.124427795410156,-2.37890625,75.90578220245268
86,qwen,1,Qwen2.5-7B,0.9560000612173062,25.074115753173828,-2.453125,76.85988067608737
86,qwen,2,Qwen2.5-7B,0.9883040935672515,30.471874237060547,-2.65625,75.41066050200524
86,qwen,3,Qwen2.5-7B,0.9678195618423323,23.164827346801758,-2.509765625,76.35915456623596
86,qwen,4,Qwen2.5-7B,0.9827089337175793,30.65880012512207,-2.7421875,75.68139856926368
87,qwen,0,Qwen2.5-7B,0.9757085020242915,16.96759796142578,-2.8359375,75.44269337376593
87,qwen,1,Qwen2.5-7B,0.9646758582054713,17.906457901000977,-2.8359375,75.99081882984142
87,qwen,2,Qwen2.5-7B,0.9453637341774966,17.178030014038086,-2.77734375,76.54707852255767
87,qwen,3,Qwen2.5-7B,0.9840321285140562,18.619272232055664,-2.91015625,75.02204206570869
87,qwen,4,Qwen2.5-7B,0.9579870321249632,18.059175491333008,-2.859375,76.20913477070006
88,qwen,0,Qwen2.5-7B,0.9003270005399634,22.74197769165039,-3.10546875,76.18929512107732
88,qwen,1,Qwen2.5-7B,0.8896309380364507,25.639068603515625,-3.232421875,75.68421206295714
88,qwen,2,Qwen2.5-7B,0.9121376811594203,24.611560821533203,-3.205078125,76.34724332714573
88,qwen,3,Qwen2.5-7B,0.8909220537967791,26.788915634155273,-3.291015625,75.64033477714388
88,qwen,4,Qwen2.5-7B,0.9105890293819534,24.33910369873047,-3.19140625,76.33752617005533
89,qwen,0,Qwen2.5-7B,0.9656652360515021,38.16328430175781,-3.6328125,74.62883118590983
89,qwen,1,Qwen2.5-7B,0.9641255605381166,33.09421920776367,-3.552734375,75.05182414223852
89,qwen,2,Qwen2.5-7B,0.971830985915493,37.1104736328125,-3.65234375,74.34660845403306
89,qwen,4,Qwen2.5-7B,0.9775784753363229,30.979413986206055,-3.47265625,74.68327698761736
90,qwen,0,Qwen2.5-7B,0.7685142058686539,10.585222244262695,-2.361328125,64.08621957251822
90,qwen,1,Qwen2.5-7B,0.8201781326781328,13.404664993286133,-2.533203125,70.67122604177187
90,qwen,2,Qwen2.5-7B,0.7949132175086954,17.043163299560547,-2.8046875,67.89392622759632
90,qwen,3,Qwen2.5-7B,0.7513874641626554,17.90078353881836,-2.8515625,61.982241120352676
90,qwen,4,Qwen2.5-7B,0.7446269216347956,10.344449996948242,-2.31640625,60.60129656942756
91,qwen,0,Qwen2.5-7B,0.9706840390879479,29.372426986694336,-2.349609375,76.40727197959029
91,qwen,1,Qwen2.5-7B,0.9833887043189369,38.296409606933594,-2.740234375,75.49969897761135
91,qwen,2,Qwen2.5-7B,0.9639344262295082,42.97749710083008,-2.751953125,76.16081363187766
91,qwen,4,Qwen2.5-7B,0.9647435897435898,37.72325134277344,-2.6171875,76.4922072300006
92,qwen,0,Qwen2.5-7B,0.9243048339845512,18.07480239868164,-2.912109375,76.6165141337684
92,qwen,1,Qwen2.5-7B,0.9525779578971068,16.630130767822266,-2.798828125,76.3291364057445
92,qwen,3,Qwen2.5-7B,0.9107537760289184,22.011207580566406,-3.0546875,76.48720463216715
92,qwen,4,Qwen2.5-7B,0.9523809523809523,18.17550277709961,-2.890625,76.34109976749066
93,qwen,0,Qwen2.5-7B,0.9681818181818181,24.41046905517578,-2.724609375,76.28634620938116
93,qwen,1,Qwen2.5-7B,0.9553571428571429,27.834674835205078,-2.810546875,76.75802454199062
93,qwen,2,Qwen2.5-7B,0.9315571730491478,20.8327579498291,-2.611328125,77.03877275399188
93,qwen,3,Qwen2.5-7B,0.9587155963302753,24.875898361206055,-2.736328125,76.64444467006213
93,qwen,4,Qwen2.5-7B,0.9270111455869451,22.48495864868164,-2.693359375,77.0793286020642
95,qwen,0,Qwen2.5-7B,0.8275647142396833,18.212717056274414,-2.859375,71.55183700021445
95,qwen,1,Qwen2.5-7B,0.9194754850216577,20.214397430419922,-3.03125,76.5489991067754
95,qwen,4,Qwen2.5-7B,0.8651789384579117,19.079195022583008,-2.953125,74.57763643869004
96,qwen,0,Qwen2.5-7B,0.9499639254205536,15.805150985717773,-2.18359375,76.4590053207452
96,qwen,1,Qwen2.5-7B,0.9448023241126688,16.659202575683594,-2.326171875,76.67505916089742
96,qwen,2,Qwen2.5-7B,0.9460028237299875,18.346433639526367,-2.3671875,76.77287047343064
96,qwen,3,Qwen2.5-7B,0.9496100242935686,16.94510841369629,-2.2109375,76.56186929766835
96,qwen,4,Qwen2.5-7B,0.9564837145204462,15.375535011291504,-2.17578125,76.24973366974372
97,qwen,0,Qwen2.5-7B,0.9239601508414477,22.422527313232422,-3.08984375,76.59567576434017
97,qwen,1,Qwen2.5-7B,0.9451414281511368,20.97190284729004,-3.080078125,76.39262927797648
97,qwen,3,Qwen2.5-7B,0.9592286173442057,20.924551010131836,-2.986328125,76.17746242637247
97,qwen,4,Qwen2.5-7B,0.9464116543033337,16.663326263427734,-2.837890625,76.43220754443017
98,qwen,0,Qwen2.5-7B,0.987012987012987,40.88045883178711,-2.826171875,75.08496158830023
98,qwen,1,Qwen2.5-7B,0.9781659388646288,39.67677307128906,-2.96484375,75.47749650427048
98,qwen,2,Qwen2.5-7B,0.9826839826839827,40.449913024902344,-2.876953125,75.30559746462305
98,qwen,3,Qwen2.5-7B,0.9868421052631579,45.906532287597656,-3.001953125,74.53264395807295
98,qwen,4,Qwen2.5-7B,0.9870689655172413,35.23603820800781,-2.705078125,75.40788947733466
99,qwen,0,Qwen2.5-7B,0.9557291381315619,21.720869064331055,-3.0234375,76.2713387445761
99,qwen,1,Qwen2.5-7B,0.948950559500687,22.487993240356445,-3.0234375,76.48151524247356
99,qwen,2,Qwen2.5-7B,0.9601114827201784,22.38343048095703,-3.009765625,76.18596083638013
99,qwen,4,Qwen2.5-7B,0.9401362626709888,31.556079864501953,-3.33203125,76.24162942315643
100,qwen,0,Qwen2.5-7B,0.8646484336137282,17.083772659301758,-2.2890625,74.756225440676
100,qwen,1,Qwen2.5-7B,0.8309257338660969,15.500771522521973,-2.06640625,71.80585361072578
100,qwen,2,Qwen2.5-7B,0.8547076247761909,15.035042762756348,-2.091796875,73.81852825130363
100,qwen,3,Qwen2.5-7B,0.8765478930109838,17.67656135559082,-2.259765625,75.49349487743471
100,qwen,4,Qwen2.5-7B,0.8840455729073263,15.774105072021484,-2.2421875,75.72504648148859
101,qwen,0,Qwen2.5-7B,0.9599615631005766,35.438899993896484,-3.583984375,75.06882592256802
102,qwen,0,Qwen2.5-7B,0.9288577007923097,21.7271728515625,-2.4765625,77.13378601105236
102,qwen,1,Qwen2.5-7B,0.9299419419494409,21.117568969726562,-2.48828125,77.09926605680107
102,qwen,2,Qwen2.5-7B,0.9134346210617398,21.319700241088867,-2.576171875,76.97548267232298
102,qwen,3,Qwen2.5-7B,0.914007152699887,19.629581451416016,-2.361328125,76.92109743005136
102,qwen,4,Qwen2.5-7B,0.9273818472113504,21.390226364135742,-2.50390625,77.11211832479823
103,qwen,0,Qwen2.5-7B,0.8292885521589166,10.462164878845215,-1.841796875,71.02088950784544
103,qwen,1,Qwen2.5-7B,0.8374114904034372,12.618762969970703,-1.9873046875,72.1154034955999
103,qwen,2,Qwen2.5-7B,0.8445005826899394,13.734814643859863,-2.044921875,72.87253630599417
103,qwen,3,Qwen2.5-7B,0.8194999315157666,11.750166893005371,-1.9462890625,70.2512913997001
103,qwen,4,Qwen2.5-7B,0.8350127003687509,12.649280548095703,-2.021484375,71.92725895758038
104,qwen,0,Qwen2.5-7B,0.9534675341431298,31.80331039428711,-2.751953125,76.89259276185798
104,qwen,1,Qwen2.5-7B,0.9434299945974064,32.46064376831055,-2.755859375,77.10232583456748
104,qwen,2,Qwen2.5-7B,0.94948078737687,27.04774284362793,-2.669921875,77.00617505220356
104,qwen,3,Qwen2.5-7B,0.9171736686022992,28.658863067626953,-2.638671875,77.23738882872951
104,qwen,4,Qwen2.5-7B,0.9321266178042265,29.989933013916016,-2.6171875,77.31377146742773
106,qwen,0,Qwen2.5-7B,0.9048123140306706,22.084917068481445,-3.025390625,76.41056712785266
106,qwen,1,Qwen2.5-7B,0.9054638253941399,23.171594619750977,-3.072265625,76.40001551766784
106,qwen,2,Qwen2.5-7B,0.9202110187627532,20.98779296875,-2.990234375,76.65890061900484
106,qwen,3,Qwen2.5-7B,0.8965767764178886,21.015554428100586,-2.9921875,76.17051630592049
106,qwen,4,Qwen2.5-7B,0.9175291861423249,21.755081176757812,-3.04296875,76.59226835067864
108,qwen,0,Qwen2.5-7B,0.9440712746826202,33.676063537597656,-3.4296875,75.92691192743085
108,qwen,1,Qwen2.5-7B,0.9900990099009901,24.217103958129883,-3.123046875,74.61444251995312
108,qwen,2,Qwen2.5-7B,0.9377859542473205,29.531578063964844,-3.375,76.16043700329908
108,qwen,4,Qwen2.5-7B,0.9625108979947691,28.683883666992188,-3.267578125,75.82027858966796
109,qwen,0,Qwen2.5-7B,0.9403274772308764,26.751628875732422,-3.30078125,76.25795529636179
109,qwen,1,Qwen2.5-7B,0.9316743690010665,23.203006744384766,-3.166015625,76.49348046795977
109,qwen,3,Qwen2.5-7B,0.939261494030582,27.125736236572266,-3.3046875,76.27112297395145
109,qwen,4,Qwen2.5-7B,0.9518254452643844,29.4112491607666,-3.4375,75.75350251573549
110,qwen,0,Qwen2.5-7B,0.9894179894179894,23.953142166137695,-3.20703125,74.48794216715127
110,qwen,1,Qwen2.5-7B,0.9788359788359788,24.759653091430664,-3.265625,75.0056771809382
110,qwen,2,Qwen2.5-7B,0.9520729112759474,25.735109329223633,-3.265625,76.08219016789613
110,qwen,3,Qwen2.5-7B,0.9679144385026738,26.48004722595215,-3.310546875,75.47210031720044
110,qwen,4,Qwen2.5-7B,0.9835164835164835,21.09345054626465,-3.09375,74.92294058094005
111,qwen,0,Qwen2.5-7B,0.9314170842702865,29.476491928100586,-2.623046875,77.30971529065675
111,qwen,1,Qwen2.5-7B,0.9427520052923178,30.170198440551758,-2.73828125,77.12996941512786
111,qwen,2,Qwen2.5-7B,0.9414247123397732,28.598600387573242,-2.6328125,77.20465839703482
111,qwen,3,Qwen2.5-7B,0.9360566537599347,36.13056945800781,-2.78515625,77.10274991103917
111,qwen,4,Qwen2.5-7B,0.9348214611372506,32.222633361816406,-2.6640625,77.27236507206995
112,qwen,0,Qwen2.5-7B,0.9818181818181818,22.58559226989746,-3.0234375,75.20534031112417
112,qwen,1,Qwen2.5-7B,0.9906542056074766,25.4235782623291,-3.12890625,74.60956201387822
112,qwen,2,Qwen2.5-7B,0.9666666666666667,21.090286254882812,-2.970703125,75.93632169930231
112,qwen,3,Qwen2.5-7B,1.0,22.267223358154297,-3.009765625,74.04499329201877
112,qwen,4,Qwen2.5-7B,0.9821428571428571,23.50246810913086,-3.0625,75.16469545341454
113,qwen,0,Qwen2.5-7B,0.9593023255813954,20.75897216796875,-3.052734375,76.06503666067489
113,qwen,1,Qwen2.5-7B,0.9625,17.74924087524414,-2.896484375,75.99321283620215
113,qwen,2,Qwen2.5-7B,0.963855421686747,19.326120376586914,-3.005859375,75.89602558454035
113,qwen,3,Qwen2.5-7B,0.9580838323353293,21.222993850708008,-3.05859375,76.11921504329365
113,qwen,4,Qwen2.5-7B,0.9649122807017544,21.101417541503906,-2.98828125,75.9811813921428
114,qwen,0,Qwen2.5-7B,0.9941520467836257,53.18782424926758,-2.98046875,73.386871013799
114,qwen,1,Qwen2.5-7B,0.9881656804733728,50.0242919921875,-2.9453125,74.15771981359192
114,qwen,2,Qwen2.5-7B,0.9878787878787879,45.41926193237305,-2.900390625,74.64525080235062
114,qwen,3,Qwen2.5-7B,0.9940828402366864,60.1463508605957,-2.953125,72.57020553820357
114,qwen,4,Qwen2.5-7B,0.9880239520958084,42.4919548034668,-2.96875,74.75573635284366
115,qwen,0,Qwen2.5-7B,0.9269500553139544,28.564132690429688,-2.634765625,77.29882694202264
115,qwen,1,Qwen2.5-7B,0.9322663995217725,30.622346878051758,-2.60546875,77.32168257043494
115,qwen,2,Qwen2.5-7B,0.9276746242263484,26.883359909057617,-2.578125,77.29427917522985
115,qwen,3,Qwen2.5-7B,0.9404761904761905,29.549312591552734,-2.60546875,77.24220628634096
115,qwen,4,Qwen2.5-7B,0.9461538461538461,28.943845748901367,-2.623046875,77.13519391980991
116,qwen,0,Qwen2.5-7B,0.9778761061946902,30.96383285522461,-2.5546875,76.05007332612351
116,qwen,1,Qwen2.5-7B,0.9871244635193133,29.830921173095703,-2.501953125,75.5412949050365
116,qwen,2,Qwen2.5-7B,0.9791322386695264,30.315589904785156,-2.458984375,76.00449193351571
116,qwen,3,Qwen2.5-7B,0.9913419913419913,30.286779403686523,-2.478515625,75.28439851291543
116,qwen,4,Qwen2.5-7B,0.9794238683127572,33.49847412109375,-2.587890625,75.94066541175648
117,qwen,0,Qwen2.5-7B,0.9400656814449918,37.73521423339844,-2.751953125,77.03611331763581
117,qwen,1,Qwen2.5-7B,0.9440993788819876,34.6383171081543,-2.66796875,77.1256499007845
117,qwen,2,Qwen2.5-7B,0.9535521096285611,30.37984848022461,-2.724609375,76.91182397668659
117,qwen,3,Qwen2.5-7B,0.9319964481278673,38.335044860839844,-2.77734375,77.05975385550832
117,qwen,4,Qwen2.5-7B,0.9249016062121052,32.32721710205078,-2.654296875,77.29782411700971
118,qwen,0,Qwen2.5-7B,0.9437262966721863,23.207571029663086,-3.0078125,76.63799360854041
118,qwen,1,Qwen2.5-7B,0.9445768154977727,20.549184799194336,-2.900390625,76.64014343931488
118,qwen,3,Qwen2.5-7B,0.9158263982411916,18.54883575439453,-2.80078125,76.69907701605797
118,qwen,4,Qwen2.5-7B,0.9188456770347257,21.570316314697266,-2.947265625,76.73644332685494
119,qwen,0,Qwen2.5-7B,0.9002208376067788,22.79716682434082,-3.125,76.15404249867062
119,qwen,1,Qwen2.5-7B,0.9417588652482269,24.96059226989746,-3.220703125,76.35836015345339
119,qwen,2,Qwen2.5-7B,0.9291414027996108,22.34715461730957,-3.107421875,76.56935612600331
119,qwen,3,Qwen2.5-7B,0.9046624424636488,23.652177810668945,-3.15234375,76.25917277929231
119,qwen,4,Qwen2.5-7B,0.9254921076400339,21.206422805786133,-3.078125,76.56137904955804
120,qwen,0,Qwen2.5-7B,0.9573917543557012,16.697790145874023,-2.76171875,76.2308763980022
120,qwen,1,Qwen2.5-7B,0.9625108979947691,15.091686248779297,-2.666015625,76.01114245273061
120,qwen,2,Qwen2.5-7B,0.9531500174034111,15.365119934082031,-2.7265625,76.2833063585246
120,qwen,3,Qwen2.5-7B,0.9662300975860297,15.357766151428223,-2.681640625,75.88013253552376
120,qwen,4,Qwen2.5-7B,0.9571636152281314,16.489364624023438,-2.798828125,76.18946404281185
121,qwen,0,Qwen2.5-7B,0.9198156904371321,18.025556564331055,-2.283203125,76.87383859462206
121,qwen,1,Qwen2.5-7B,0.8934338733060242,23.499475479125977,-2.4140625,76.5918171750666
121,qwen,2,Qwen2.5-7B,0.9123266147495288,16.024879455566406,-2.111328125,76.56219928862083
121,qwen,3,Qwen2.5-7B,0.9078083669880693,20.323225021362305,-2.251953125,76.82430876510534
121,qwen,4,Qwen2.5-7B,0.8949559033400862,23.3696231842041,-2.419921875,76.64034260261627
122,qwen,0,Qwen2.5-7B,0.9430197468819203,18.95139503479004,-2.92578125,76.54159537710962
122,qwen,1,Qwen2.5-7B,0.9443318027312302,17.98139190673828,-2.908203125,76.48013785907712
122,qwen,2,Qwen2.5-7B,0.9472091263605145,13.283287048339844,-2.623046875,76.32275439584245
122,qwen,3,Qwen2.5-7B,0.9520246757355267,15.070823669433594,-2.76953125,76.25461985661758
122,qwen,4,Qwen2.5-7B,0.9546429841772515,13.63403606414795,-2.587890625,76.18836556789581
123,qwen,0,Qwen2.5-7B,0.9799196787148594,22.690250396728516,-3.091796875,75.20261354735995
123,qwen,1,Qwen2.5-7B,0.9620253164556962,21.971160888671875,-3.09375,75.96525960429953
123,qwen,2,Qwen2.5-7B,0.9656291983878191,24.43341064453125,-3.23046875,75.67517960599471
123,qwen,3,Qwen2.5-7B,0.9228611303847424,21.477596282958984,-3.041015625,76.62516714022087
123,qwen,4,Qwen2.5-7B,0.9747899159663865,23.279752731323242,-3.138671875,75.40691349584314
124,qwen,0,Qwen2.5-7B,0.9106412825651303,20.19315528869629,-3.013671875,76.45455449447928
124,qwen,1,Qwen2.5-7B,0.8544260224411342,22.981966018676758,-3.14453125,73.72553146622128
124,qwen,2,Qwen2.5-7B,0.8719513085107936,25.428930282592773,-3.232421875,74.80941554606393
124,qwen,3,Qwen2.5-7B,0.8663266397974106,28.202014923095703,-3.29296875,74.40318734318348
124,qwen,4,Qwen2.5-7B,0.8926825582713158,21.094451904296875,-3.041015625,75.9643463541163
125,qwen,0,Qwen2.5-7B,0.8980196709360075,28.886642456054688,-3.30859375,75.88852795811353
126,qwen,0,Qwen2.5-7B,0.9948979591836735,27.757732391357422,-3.203125,74.24634602090879
126,qwen,1,Qwen2.5-7B,0.9808612440191388,30.219165802001953,-3.337890625,74.8438632610761
126,qwen,2,Qwen2.5-7B,0.962908180680396,30.819778442382812,-3.38671875,75.54737283811545
126,qwen,3,Qwen2.5-7B,0.9946524064171123,29.93501853942871,-3.349609375,73.97110381085014
126,qwen,4,Qwen2.5-7B,0.9901477832512315,25.54880714416504,-3.126953125,74.6491845459771
127,qwen,0,Qwen2.5-7B,0.9148313568458339,22.626968383789062,-3.029296875,76.62114521021618
127,qwen,1,Qwen2.5-7B,0.9029629629629631,17.131473541259766,-2.826171875,76.3282985640143
127,qwen,2,Qwen2.5-7B,0.9073361792358616,19.755172729492188,-2.888671875,76.53168240124397
127,qwen,3,Qwen2.5-7B,0.9176087490783977,18.74747085571289,-2.87109375,76.65902795539084
127,qwen,4,Qwen2.5-7B,0.924944943753348,20.761524200439453,-2.962890625,76.71227273353911
128,qwen,0,Qwen2.5-7B,0.9271267912207509,19.45621109008789,-2.880859375,76.74697411311716
128,qwen,1,Qwen2.5-7B,0.8746898263027295,12.785185813903809,-2.49609375,75.03621558914142
128,qwen,2,Qwen2.5-7B,0.8596862082759235,18.021024703979492,-2.798828125,74.31884965809056
128,qwen,3,Qwen2.5-7B,0.9049015500628405,16.293025970458984,-2.71484375,76.41598408374054
128,qwen,4,Qwen2.5-7B,0.8697237223348252,19.06203842163086,-2.828125,75.00881302783104
129,qwen,0,Qwen2.5-7B,0.9359934123854969,30.408226013183594,-2.6875,77.2499835041052
129,qwen,1,Qwen2.5-7B,0.9192260367897762,31.444515228271484,-2.83203125,77.12226379151927
129,qwen,2,Qwen2.5-7B,0.9118962801066339,25.66351318359375,-2.732421875,77.03518864948794
129,qwen,3,Qwen2.5-7B,0.9301691350534198,31.30524444580078,-2.798828125,77.19286410834329
129,qwen,4,Qwen2.5-7B,0.9370710164944689,29.282766342163086,-2.626953125,77.26808014462407
130,qwen,0,Qwen2.5-7B,0.914329104877613,19.491619110107422,-3.04296875,76.42889740824087
130,qwen,1,Qwen2.5-7B,0.9061902783547985,23.200008392333984,-3.19140625,76.2020247226105
130,qwen,2,Qwen2.5-7B,0.9215205650186955,20.84979248046875,-3.07421875,76.53063967762343
130,qwen,3,Qwen2.5-7B,0.9159458418472264,24.721830368041992,-3.21875,76.37936778851463
130,qwen,4,Qwen2.5-7B,0.9040463477099877,23.320755004882812,-3.22265625,76.09277687881068
131,qwen,0,Qwen2.5-7B,1.0,32.56344223022461,-1.4599609375,73.84608699357351
131,qwen,1,Qwen2.5-7B,1.0,35.23497009277344,-1.5478515625,73.937735675651
131,qwen,2,Qwen2.5-7B,1.0,37.133094787597656,-1.462890625,73.75444470142027
131,qwen,3,Qwen2.5-7B,1.0,34.57278060913086,-1.40625,73.7332642226727
131,qwen,4,Qwen2.5-7B,1.0,39.601280212402344,-1.8876953125,74.2116235635921
132,qwen,0,Qwen2.5-7B,0.9314243669967531,24.13168716430664,-3.18359375,76.49757343489232
132,qwen,1,Qwen2.5-7B,0.9908256880733946,30.764408111572266,-3.375,74.16624422306398
132,qwen,2,Qwen2.5-7B,0.9147161863874769,24.42985725402832,-3.091796875,76.5906380437188
132,qwen,3,Qwen2.5-7B,0.9405393457117595,23.96736717224121,-3.201171875,76.37918558306191
132,qwen,4,Qwen2.5-7B,0.9668067226890756,24.234899520874023,-3.17578125,75.73014735164112
133,qwen,0,Qwen2.5-7B,0.9440993788819876,28.97255516052246,-3.33203125,76.1698388814788
133,qwen,1,Qwen2.5-7B,0.9549156725627315,28.58650779724121,-3.2890625,76.01674297492546
133,qwen,2,Qwen2.5-7B,0.9631782945736435,29.138708114624023,-3.310546875,75.70644842907728
133,qwen,3,Qwen2.5-7B,0.9718322453724403,26.953184127807617,-3.255859375,75.4329721669869
133,qwen,4,Qwen2.5-7B,0.948171821354552,22.134531021118164,-3.060546875,76.42331028233032
134,qwen,4,Qwen2.5-7B,0.9052942397498872,16.737077713012695,-2.791015625,76.39360023966131
135,qwen,0,Qwen2.5-7B,0.9399937510802654,18.977001190185547,-2.91015625,76.6062060398265
135,qwen,1,Qwen2.5-7B,0.9404780503046399,23.465185165405273,-3.126953125,76.50091737268292
135,qwen,2,Qwen2.5-7B,0.9164074392746046,22.37784194946289,-3.083984375,76.54172513354335
135,qwen,3,Qwen2.5-7B,0.9260959651035986,23.022396087646484,-3.083984375,76.63882867235405
135,qwen,4,Qwen2.5-7B,0.9433758840779715,20.545637130737305,-2.990234375,76.54068609650747
136,qwen,0,Qwen2.5-7B,0.9464690496948562,13.015083312988281,-2.5078125,76.35753335158762
136,qwen,2,Qwen2.5-7B,0.9434415584415585,13.323286056518555,-2.537109375,76.42982696318883
136,qwen,3,Qwen2.5-7B,0.9338919925512105,13.51203727722168,-2.484375,76.56614204972718
136,qwen,4,Qwen2.5-7B,0.9517038777908343,13.772090911865234,-2.494140625,76.30653908861325
137,qwen,1,Qwen2.5-7B,0.8607333928747803,20.485307693481445,-2.935546875,74.38581913842958
137,qwen,3,Qwen2.5-7B,0.8620707647214438,18.399337768554688,-2.84375,74.46191268373828
137,qwen,4,Qwen2.5-7B,0.859482136960082,20.998624801635742,-2.984375,74.25961178847666
138,qwen,0,Qwen2.5-7B,0.8323965339924518,13.19990062713623,-2.490234375,71.88222217556869
138,qwen,2,Qwen2.5-7B,0.8244689479544285,14.71461009979248,-2.595703125,71.19540777318903
138,qwen,4,Qwen2.5-7B,0.8437862115530251,13.629291534423828,-2.576171875,72.91365892400142
139,qwen,0,Qwen2.5-7B,0.9412508952017188,17.27115249633789,-2.89453125,76.49736749730397
139,qwen,1,Qwen2.5-7B,0.9361436950146627,16.48458480834961,-2.80859375,76.5937768880597
139,qwen,2,Qwen2.5-7B,0.9408300123237463,18.178329467773438,-2.90625,76.54951684062976
139,qwen,3,Qwen2.5-7B,0.9259724664519173,15.670814514160156,-2.759765625,76.61252314861723
139,qwen,4,Qwen2.5-7B,0.9135623471520621,19.04830551147461,-2.953125,76.52273200545596
140,qwen,0,Qwen2.5-7B,0.9482146867280484,44.66525650024414,-2.98828125,76.23683043465631
140,qwen,1,Qwen2.5-7B,0.9635854341736695,38.97035598754883,-2.927734375,76.20971796323269
140,qwen,2,Qwen2.5-7B,0.9715099715099715,39.036598205566406,-2.931640625,75.87491062909248
140,qwen,3,Qwen2.5-7B,0.9660056657223796,39.842689514160156,-2.978515625,76.00721503379471
140,qwen,4,Qwen2.5-7B,0.9520958083832335,39.62989807128906,-3.052734375,76.35820917004257
141,qwen,0,Qwen2.5-7B,0.9177639322229156,16.645898818969727,-2.732421875,76.65338005107972
141,qwen,2,Qwen2.5-7B,0.899498191795837,18.563196182250977,-2.86328125,76.2859561492697
141,qwen,3,Qwen2.5-7B,0.9119257560301894,15.223721504211426,-2.59765625,76.55047342902364
141,qwen,4,Qwen2.5-7B,0.9371619184998197,18.081336975097656,-2.8203125,76.68217455903797
142,qwen,0,Qwen2.5-7B,0.8686163150084242,18.65457534790039,-2.94140625,74.78330351603358
142,qwen,1,Qwen2.5-7B,0.8745446626544188,21.377145767211914,-3.087890625,75.06289706448759
142,qwen,2,Qwen2.5-7B,0.9069087813874308,25.661767959594727,-3.248046875,76.19127436010618
142,qwen,3,Qwen2.5-7B,0.8899125065153874,23.035720825195312,-3.169921875,75.72512839701939
142,qwen,4,Qwen2.5-7B,0.8776407541027083,20.724306106567383,-3.05078125,75.25684722636728
143,qwen,0,Qwen2.5-7B,0.9501301405517959,33.7130012512207,-3.0390625,76.61357649336351
143,qwen,1,Qwen2.5-7B,0.9481109156404457,31.624723434448242,-2.85546875,76.92201168147
143,qwen,2,Qwen2.5-7B,0.9538745078327889,27.881837844848633,-2.763671875,76.8436313147606
143,qwen,3,Qwen2.5-7B,0.9547868915786764,31.928730010986328,-2.96484375,76.62029851313771
143,qwen,4,Qwen2.5-7B,0.9575757575757575,31.995399475097656,-2.8359375,76.69392870482551
144,qwen,0,Qwen2.5-7B,0.9309734814046954,30.589597702026367,-3.42578125,76.08697549410893
144,qwen,1,Qwen2.5-7B,0.9226860628647342,42.39918518066406,-3.6640625,75.04791748266712
144,qwen,2,Qwen2.5-7B,0.9361571401973561,39.67193603515625,-3.640625,75.25024810775999
144,qwen,3,Qwen2.5-7B,0.9210656661563538,38.62158203125,-3.638671875,75.31469403770971
144,qwen,4,Qwen2.5-7B,0.9331820576198389,36.40712356567383,-3.5859375,75.56174201277226
145,qwen,1,Qwen2.5-7B,0.9175590842789821,26.35189437866211,-3.220703125,76.44386744739282
145,qwen,2,Qwen2.5-7B,0.9163022787906795,32.78925323486328,-3.376953125,76.13500422457132
145,qwen,4,Qwen2.5-7B,0.8853352789437501,18.48855972290039,-2.955078125,75.63985555803494
146,qwen,0,Qwen2.5-7B,0.8916164891153312,22.108428955078125,-3.107421875,75.86416707022073
146,qwen,1,Qwen2.5-7B,0.9166374501992032,21.855266571044922,-3.0703125,76.5426362515036
146,qwen,2,Qwen2.5-7B,0.9047677648465244,20.83268928527832,-3.025390625,76.3463361132771
146,qwen,3,Qwen2.5-7B,0.8907710646841082,18.40715980529785,-2.890625,75.9436999013727
146,qwen,4,Qwen2.5-7B,0.9333005168594635,24.2869815826416,-3.197265625,76.4676816076153
147,qwen,0,Qwen2.5-7B,0.9224781871822233,17.20663833618164,-2.83203125,76.64088002309158
147,qwen,1,Qwen2.5-7B,0.9552466196914874,17.28309440612793,-2.845703125,76.25447911705672
147,qwen,3,Qwen2.5-7B,0.921563660925363,13.133440971374512,-2.59375,76.4988286248588
147,qwen,4,Qwen2.5-7B,0.9287930163768847,19.665388107299805,-2.947265625,76.67626003114722
148,qwen,0,Qwen2.5-7B,0.9309952426862227,13.024706840515137,-1.7451171875,76.10210696463037
148,qwen,1,Qwen2.5-7B,0.9218507489221742,14.979608535766602,-1.8603515625,76.37793700128337
148,qwen,2,Qwen2.5-7B,0.9469351230425056,15.281479835510254,-1.982421875,76.34809353805453
148,qwen,3,Qwen2.5-7B,0.9348204949459742,9.433414459228516,-1.484375,75.3976018136774
148,qwen,4,Qwen2.5-7B,0.94493006993007,15.58309268951416,-1.8076171875,76.23254601115043
149,qwen,0,Qwen2.5-7B,0.9087003459703843,18.678611755371094,-2.955078125,76.4108874461386
149,qwen,1,Qwen2.5-7B,0.8770549116122335,18.09184455871582,-2.9296875,75.24435809924351
149,qwen,2,Qwen2.5-7B,0.9302166982081053,21.951547622680664,-3.064453125,76.62156670675259
149,qwen,3,Qwen2.5-7B,0.8890182095372491,21.401565551757812,-3.03125,75.85292295894658
149,qwen,4,Qwen2.5-7B,0.9155549531956051,18.556903839111328,-2.873046875,76.62017326139775
150,qwen,0,Qwen2.5-7B,0.8968883465527762,21.183025360107422,-3.02734375,76.13678728601046
150,qwen,1,Qwen2.5-7B,0.8869903802107192,24.06196403503418,-3.17578125,75.63448350033904
150,qwen,2,Qwen2.5-7B,0.893192285563531,22.833965301513672,-3.109375,75.95262109889698
150,qwen,3,Qwen2.5-7B,0.8844290657439446,19.36191749572754,-2.951171875,75.65828175351727
150,qwen,4,Qwen2.5-7B,0.8852188387826396,19.290254592895508,-2.96484375,75.67092017901612
152,qwen,2,Qwen2.5-7B,0.8729780295882809,19.839706420898438,-2.9140625,75.14783119177514
153,qwen,1,Qwen2.5-7B,0.9338841586643402,24.092578887939453,-3.158203125,76.53242160312972
154,qwen,2,Qwen2.5-7B,0.9427651770342093,24.938459396362305,-3.158203125,76.46502113182429
154,qwen,3,Qwen2.5-7B,0.9287689065389744,25.662569046020508,-3.22265625,76.47712097009807
155,qwen,0,Qwen2.5-7B,0.8991464825189863,17.89876937866211,-2.478515625,76.47544724555881
155,qwen,1,Qwen2.5-7B,0.9052369623283172,17.4029483795166,-2.458984375,76.61008105188071
155,qwen,2,Qwen2.5-7B,0.910172404442275,16.566389083862305,-2.39453125,76.65968811352356
155,qwen,3,Qwen2.5-7B,0.92569394079251,16.21641731262207,-2.37890625,76.7976545563053
155,qwen,4,Qwen2.5-7B,0.9002615930228471,15.820699691772461,-2.451171875,76.36624670331223
156,qwen,0,Qwen2.5-7B,0.987012987012987,17.235410690307617,-2.85546875,74.81875468928257
156,qwen,1,Qwen2.5-7B,0.9866666666666667,16.22064781188965,-2.826171875,74.79894056466472
156,qwen,2,Qwen2.5-7B,0.98,13.599590301513672,-2.609375,75.13724860511634
156,qwen,3,Qwen2.5-7B,0.9866666666666667,14.102032661437988,-2.638671875,74.78363466467349
156,qwen,4,Qwen2.5-7B,0.9867549668874173,14.573418617248535,-2.703125,74.77532867692541
157,qwen,0,Qwen2.5-7B,0.9106082689328969,22.198965072631836,-2.9921875,76.58931971386231
157,qwen,2,Qwen2.5-7B,0.8750755585168165,18.759708404541016,-2.81640625,75.30989647984318
157,qwen,3,Qwen2.5-7B,0.9070323965209507,23.03179359436035,-3.05078125,76.46502529466682
157,qwen,4,Qwen2.5-7B,0.9233775792682593,25.501392364501953,-3.109375,76.67713850994032
158,qwen,3,Qwen2.5-7B,0.9237087464851265,21.38407325744629,-2.984375,76.70990007002916
159,qwen,0,Qwen2.5-7B,0.8419418621260458,16.908721923828125,-2.314453125,73.02811745203068
159,qwen,1,Qwen2.5-7B,0.856244079599414,17.479259490966797,-2.2734375,74.19770646205733
159,qwen,2,Qwen2.5-7B,0.8397713978376036,18.206417083740234,-2.267578125,72.91398875411558
159,qwen,3,Qwen2.5-7B,0.8469906403543074,21.463729858398438,-2.388671875,73.73740473754764
159,qwen,4,Qwen2.5-7B,0.8426284936304248,16.6293888092041,-2.212890625,73.03484576793261
160,qwen,0,Qwen2.5-7B,0.8428058530137783,18.612268447875977,-2.185546875,73.17073191688026
160,qwen,1,Qwen2.5-7B,0.8567997081718669,19.953258514404297,-2.21484375,74.37185308427794
160,qwen,2,Qwen2.5-7B,0.8739845888893697,20.47097396850586,-2.314453125,75.53878044645452
160,qwen,3,Qwen2.5-7B,0.8617087022614575,18.298072814941406,-2.173828125,74.59709812289684
160,qwen,4,Qwen2.5-7B,0.8461949203240017,21.837806701660156,-2.26953125,73.66925015980442
161,qwen,0,Qwen2.5-7B,0.9407027327752047,20.056562423706055,-2.294921875,76.94991979693167
161,qwen,1,Qwen2.5-7B,0.896730421366655,21.58390235900879,-2.306640625,76.60702118573136
161,qwen,2,Qwen2.5-7B,0.9185797088008488,18.89069366455078,-2.201171875,76.88752248737417
161,qwen,3,Qwen2.5-7B,0.9114694315557729,19.663297653198242,-2.216796875,76.84388648460934
161,qwen,4,Qwen2.5-7B,0.9028728057939818,19.50615119934082,-2.1796875,76.62933655268469
162,qwen,0,Qwen2.5-7B,0.9393139841688655,29.9930362701416,-2.947265625,76.95371394400715
162,qwen,1,Qwen2.5-7B,0.9140702082359661,25.67498779296875,-2.7890625,77.02143460794997
162,qwen,2,Qwen2.5-7B,0.9241704315313911,25.869054794311523,-2.763671875,77.14386176769555
162,qwen,3,Qwen2.5-7B,0.9363395225464191,24.843952178955078,-2.908203125,76.93041108760835
162,qwen,4,Qwen2.5-7B,0.9205340114431024,31.006635665893555,-2.8984375,77.05902486996904
163,qwen,0,Qwen2.5-7B,0.9225992237385752,22.501604080200195,-2.39453125,77.16083822829161
163,qwen,1,Qwen2.5-7B,0.9198109057030219,23.9039306640625,-2.46484375,77.19675884374203
163,qwen,2,Qwen2.5-7B,0.9308474974018571,20.879047393798828,-2.490234375,77.0840030535622
163,qwen,3,Qwen2.5-7B,0.9209660649066936,23.68661880493164,-2.486328125,77.19416483047412
163,qwen,4,Qwen2.5-7B,0.9374923322291744,17.85103416442871,-2.244140625,76.83623947143604
164,qwen,0,Qwen2.5-7B,0.9737827715355806,17.702917098999023,-2.80078125,75.62151902288939
164,qwen,1,Qwen2.5-7B,0.9540416743384801,17.441665649414062,-2.796875,76.34839641195491
164,qwen,2,Qwen2.5-7B,0.9693486590038314,16.304174423217773,-2.7265625,75.78895946047373
164,qwen,3,Qwen2.5-7B,0.9552415021258119,17.230262756347656,-2.787109375,76.30944793650788
164,qwen,4,Qwen2.5-7B,0.9515246091214313,19.342756271362305,-2.892578125,76.43328600161215
166,qwen,0,Qwen2.5-7B,0.9242066106095245,23.29948616027832,-3.1796875,76.47138430578028
166,qwen,1,Qwen2.5-7B,0.931130587919134,21.116243362426758,-3.064453125,76.57708021554394
166,qwen,2,Qwen2.5-7B,0.9217364886742369,17.428464889526367,-2.869140625,76.611204014207
166,qwen,4,Qwen2.5-7B,0.9106483973711953,18.35410499572754,-2.94921875,76.43574453295685
167,qwen,0,Qwen2.5-7B,0.8820181309119677,26.33199119567871,-2.73046875,76.08351125169239
167,qwen,1,Qwen2.5-7B,0.8750237539169107,28.609695434570312,-2.666015625,75.81450850000884
167,qwen,2,Qwen2.5-7B,0.8722092756658351,19.951032638549805,-2.4453125,75.41736073951212
167,qwen,3,Qwen2.5-7B,0.892253994382825,18.394472122192383,-2.54296875,76.25891282371312
167,qwen,4,Qwen2.5-7B,0.8846596855124788,23.69371795654297,-2.650390625,76.17369664811808
168,qwen,0,Qwen2.5-7B,0.9115069151847122,21.729307174682617,-2.9921875,76.58276401427459
168,qwen,1,Qwen2.5-7B,0.9172827658300436,21.962059020996094,-3.01953125,76.63600372432
168,qwen,2,Qwen2.5-7B,0.9020442425277987,21.49106788635254,-3.033203125,76.29792262236924
168,qwen,3,Qwen2.5-7B,0.8891979444541068,18.686704635620117,-2.888671875,75.90114479274861
168,qwen,4,Qwen2.5-7B,0.8970312422864571,19.936452865600586,-3.005859375,76.10601026963744
169,qwen,0,Qwen2.5-7B,0.9471830985915493,26.336061477661133,-3.185546875,76.37490125481678
169,qwen,1,Qwen2.5-7B,0.8849625250631961,26.341529846191406,-3.18359375,75.60338043605086
169,qwen,2,Qwen2.5-7B,0.925038511671999,28.193462371826172,-3.220703125,76.53530144664255
169,qwen,3,Qwen2.5-7B,0.9070068527695647,26.172012329101562,-3.125,76.4483610525745
170,qwen,0,Qwen2.5-7B,0.9751552795031055,25.21619987487793,-2.75390625,75.97379251597876
170,qwen,1,Qwen2.5-7B,0.9530149337841647,23.420080184936523,-2.62890625,76.8276352978192
170,qwen,2,Qwen2.5-7B,0.9703450242372398,26.39910888671875,-2.75390625,76.23156581053297
170,qwen,3,Qwen2.5-7B,0.9530149337841647,23.151594161987305,-2.74609375,76.73794025804587
170,qwen,4,Qwen2.5-7B,0.9558659217877095,22.003284454345703,-2.54296875,76.7212241260671
171,qwen,0,Qwen2.5-7B,0.9691248770894788,18.317190170288086,-2.8984375,75.76647395501419
171,qwen,1,Qwen2.5-7B,0.9461820083682009,16.134008407592773,-2.779296875,76.45581176758465
171,qwen,2,Qwen2.5-7B,0.9420894569363152,17.79652976989746,-2.869140625,76.55030407238205
171,qwen,3,Qwen2.5-7B,0.9501107887909509,18.4235897064209,-2.892578125,76.41038482411382
171,qwen,4,Qwen2.5-7B,0.9687108633296975,19.012754440307617,-2.935546875,75.7811813579449
172,qwen,0,Qwen2.5-7B,0.9198324556462241,22.65327262878418,-3.1640625,76.4460914469086
172,qwen,1,Qwen2.5-7B,0.8975825074855556,27.711551666259766,-3.3515625,75.75681160866958
172,qwen,2,Qwen2.5-7B,0.918253984486811,20.170242309570312,-3.0078125,76.57052331036049
172,qwen,3,Qwen2.5-7B,0.8855825376629055,33.88562774658203,-3.51953125,74.87885732932997
172,qwen,4,Qwen2.5-7B,0.9081923652769478,29.309860229492188,-3.419921875,75.89251690684225
174,qwen,0,Qwen2.5-7B,0.938433450061357,22.98933219909668,-3.138671875,76.48453233796386
174,qwen,1,Qwen2.5-7B,0.9319943110904712,24.464862823486328,-3.22265625,76.42951193504236
174,qwen,2,Qwen2.5-7B,0.9315759261465533,26.491249084472656,-3.3046875,76.31693115076789
174,qwen,3,Qwen2.5-7B,0.9232940008754246,21.319223403930664,-3.1015625,76.51897193903312
174,qwen,4,Qwen2.5-7B,0.9481218443100483,21.394981384277344,-3.08984375,76.3392669692579
175,qwen,1,Qwen2.5-7B,0.8705475070893833,12.3518648147583,-2.390625,74.77007416374464
176,qwen,0,Qwen2.5-7B,0.9533527696793003,16.740800857543945,-2.251953125,76.47081604169465
176,qwen,1,Qwen2.5-7B,0.9525053304904051,19.842973709106445,-2.48828125,76.71316667992915
176,qwen,2,Qwen2.5-7B,0.9671641791044776,17.281919479370117,-2.255859375,76.04291849273483
176,qwen,3,Qwen2.5-7B,0.9473520786613766,18.62242317199707,-2.4375,76.76491635010993
176,qwen,4,Qwen2.5-7B,0.9573170731707317,20.545534133911133,-2.54296875,76.60287116162455
177,qwen,0,Qwen2.5-7B,0.783375295043273,20.618453979492188,-2.9609375,66.46829551244798
177,qwen,1,Qwen2.5-7B,0.769317597692106,22.094785690307617,-3.033203125,64.54439200162085
177,qwen,2,Qwen2.5-7B,0.7759496459480724,18.2457218170166,-2.8671875,65.45816345457567
177,qwen,3,Qwen2.5-7B,0.8398735417678589,19.80217933654785,-2.923828125,72.72243368426959
177,qwen,4,Qwen2.5-7B,0.8361558957684145,23.11223793029785,-3.072265625,72.33773954841374
178,qwen,0,Qwen2.5-7B,0.9624877045515515,19.97869300842285,-2.42578125,76.4186500070363
178,qwen,1,Qwen2.5-7B,0.9342772861356933,23.18010902404785,-2.462890625,77.18125875282419
178,qwen,2,Qwen2.5-7B,0.9718322453724403,23.087411880493164,-2.505859375,76.18203454352435
178,qwen,3,Qwen2.5-7B,0.9673133138453361,21.895278930664062,-2.47265625,76.3295198138188
178,qwen,4,Qwen2.5-7B,0.9582730025009872,23.84494400024414,-2.521484375,76.73389301306909
179,qwen,0,Qwen2.5-7B,0.9656749669762031,21.727659225463867,-3.064453125,75.865760742088
179,qwen,3,Qwen2.5-7B,0.940775049271911,23.124969482421875,-3.080078125,76.56439167512906
180,qwen,0,Qwen2.5-7B,0.8344975777465229,41.358211517333984,-1.7666015625,72.18507343634668
180,qwen,1,Qwen2.5-7B,0.9212587930396149,45.09409713745117,-1.759765625,76.38048575076802
180,qwen,2,Qwen2.5-7B,0.8916549460853258,30.92691421508789,-1.625,76.0824657397371
180,qwen,3,Qwen2.5-7B,0.8840938667562235,44.007484436035156,-1.861328125,75.59009080296624
180,qwen,4,Qwen2.5-7B,0.881345980126468,42.52471160888672,-1.6845703125,75.34979548934203
181,qwen,0,Qwen2.5-7B,0.8578581310183497,15.68642520904541,-2.796875,74.02747042956335
181,qwen,1,Qwen2.5-7B,0.8514954988074774,14.455385208129883,-2.712890625,73.52858429084
181,qwen,2,Qwen2.5-7B,0.8584575985689537,13.686660766601562,-2.642578125,74.02962122290778
181,qwen,3,Qwen2.5-7B,0.8714975947323806,20.21831703186035,-2.99609375,74.97271460623462
181,qwen,4,Qwen2.5-7B,0.8474692514009924,15.85428237915039,-2.76171875,73.27710976693848
182,qwen,0,Qwen2.5-7B,0.9479582146248813,38.84975814819336,-3.025390625,76.5331944310255
182,qwen,1,Qwen2.5-7B,0.9416505824190708,37.04054260253906,-2.947265625,76.82752292770071
182,qwen,2,Qwen2.5-7B,0.947848503588009,36.947959899902344,-2.880859375,76.80373827391026
182,qwen,3,Qwen2.5-7B,0.9460862619808307,30.97490882873535,-3.052734375,76.69642330428076
182,qwen,4,Qwen2.5-7B,0.95036212195146,38.55987548828125,-3.068359375,76.42340736256455
183,qwen,1,Qwen2.5-7B,0.9198036133891474,18.237503051757812,-2.939453125,76.56412322527653
183,qwen,2,Qwen2.5-7B,0.9452380952380952,20.39797592163086,-3.068359375,76.37940073328964
183,qwen,3,Qwen2.5-7B,0.8678984148495168,24.95302391052246,-3.21484375,74.58707706827222
184,qwen,0,Qwen2.5-7B,0.8668051488051824,27.847698211669922,-3.24609375,74.52883553712985
184,qwen,1,Qwen2.5-7B,0.8742369545712252,38.7154426574707,-3.62890625,73.85407072972221
184,qwen,2,Qwen2.5-7B,0.8616033206947162,27.59329605102539,-3.234375,74.20758283799431
184,qwen,3,Qwen2.5-7B,0.8386133297076519,29.70184326171875,-3.310546875,72.25992398400582
184,qwen,4,Qwen2.5-7B,0.8955280299477137,29.16872787475586,-3.28515625,75.86249856410367
185,qwen,0,Qwen2.5-7B,0.9826989619377162,28.826765060424805,-3.33984375,74.72502002560529
185,qwen,1,Qwen2.5-7B,0.9851851851851852,27.68943977355957,-3.275390625,74.70959120877889
185,qwen,2,Qwen2.5-7B,0.9539067243933977,27.917518615722656,-3.318359375,75.96823290170693
185,qwen,3,Qwen2.5-7B,0.9699248120300752,32.39739990234375,-3.470703125,75.04736303759654
185,qwen,4,Qwen2.5-7B,0.9774436090225563,29.39422035217285,-3.380859375,74.91577477999542
186,qwen,0,Qwen2.5-7B,0.9260821716801173,27.207847595214844,-3.216796875,76.52724692517201
186,qwen,1,Qwen2.5-7B,0.8969144242450532,26.097957611083984,-3.21484375,75.99841593339102
186,qwen,3,Qwen2.5-7B,0.8575947796477039,25.75476837158203,-3.169921875,74.0108441580273
186,qwen,4,Qwen2.5-7B,0.9117794517780348,31.424766540527344,-3.376953125,76.07611641194384
187,qwen,0,Qwen2.5-7B,0.8996575149816514,29.71347427368164,-3.37109375,75.80093652720699
187,qwen,1,Qwen2.5-7B,0.9158875645283029,27.067310333251953,-3.30078125,76.26982944741678
187,qwen,2,Qwen2.5-7B,0.8983771266600444,32.03069305419922,-3.46484375,75.52834554736481
187,qwen,3,Qwen2.5-7B,0.9132834382005808,31.394325256347656,-3.453125,75.90862634501865
187,qwen,4,Qwen2.5-7B,0.9086008411564412,35.07286834716797,-3.5625,75.48148357188441
188,qwen,1,Qwen2.5-7B,0.9415433219349163,28.34795570373535,-3.24609375,76.39160764061404
188,qwen,2,Qwen2.5-7B,0.9278237823735035,19.21043586730957,-2.869140625,76.74602109426793
188,qwen,4,Qwen2.5-7B,0.9391616655923057,25.51838493347168,-3.2109375,76.4302948162722
189,qwen,0,Qwen2.5-7B,0.9430101620433947,20.027925491333008,-2.880859375,76.66049207423981
189,qwen,2,Qwen2.5-7B,0.9217842224036107,20.88681411743164,-3.001953125,76.64795091329368
189,qwen,4,Qwen2.5-7B,0.9001164110827671,15.897735595703125,-2.712890625,76.26029010540273
191,qwen,1,Qwen2.5-7B,0.9685703803350862,18.635028839111328,-2.896484375,75.81266186282033
191,qwen,2,Qwen2.5-7B,0.955550024888004,27.952165603637695,-3.27734375,76.0143025264662
191,qwen,3,Qwen2.5-7B,0.9608477794030686,20.930278778076172,-3.005859375,76.0947999774434
191,qwen,4,Qwen2.5-7B,0.9630156716161997,24.724088668823242,-3.177734375,75.89008755802692
192,qwen,0,Qwen2.5-7B,0.917007070386683,22.353805541992188,-3.103515625,76.51421256200759
192,qwen,1,Qwen2.5-7B,0.8953103840302274,20.08717155456543,-3.013671875,76.04542848160456
192,qwen,2,Qwen2.5-7B,0.9013352375425233,20.59486198425293,-3.060546875,76.18779225675557
192,qwen,3,Qwen2.5-7B,0.9275147107924775,21.25712013244629,-3.05859375,76.59926762715624
192,qwen,4,Qwen2.5-7B,0.9336995123956561,21.49132537841797,-3.052734375,76.60312330654125
193,qwen,1,Qwen2.5-7B,0.5108408071748879,24.421838760375977,-3.1640625,26.5393754970188
193,qwen,2,Qwen2.5-7B,0.38960606944849724,29.056610107421875,-3.357421875,16.588935019839948
193,qwen,3,Qwen2.5-7B,0.43924828744758077,42.8757438659668,-3.685546875,18.433964998395474
194,qwen,0,Qwen2.5-7B,0.9622641509433962,21.19200897216797,-3.021484375,76.03512690162422
194,qwen,1,Qwen2.5-7B,0.9459896777793276,23.776350021362305,-3.107421875,76.45913263911382
194,qwen,2,Qwen2.5-7B,0.9242946971553849,27.753868103027344,-3.3359375,76.27317593499426
194,qwen,3,Qwen2.5-7B,0.9392201130883767,22.418170928955078,-3.072265625,76.56601466965851
194,qwen,4,Qwen2.5-7B,0.94104403543853,24.062641143798828,-3.126953125,76.51674883475914
195,qwen,0,Qwen2.5-7B,0.9499834179888639,27.102169036865234,-3.244140625,76.21379444225319
195,qwen,1,Qwen2.5-7B,0.9528023598820059,33.7484016418457,-3.47265625,75.62545501116927
195,qwen,3,Qwen2.5-7B,0.9336144784550505,31.62200927734375,-3.34765625,76.26654726552337
195,qwen,4,Qwen2.5-7B,0.9701492537313433,31.614093780517578,-3.408203125,75.20257035668246
197,qwen,0,Qwen2.5-7B,0.974169741697417,23.239479064941406,-2.609375,76.0430812539007
197,qwen,1,Qwen2.5-7B,0.9660377358490566,25.875926971435547,-2.794921875,76.36129251722406
197,qwen,2,Qwen2.5-7B,0.973384030418251,27.653457641601562,-2.73046875,76.14016771409335
197,qwen,3,Qwen2.5-7B,0.9802371541501976,28.724685668945312,-2.837890625,75.7131088333535
197,qwen,4,Qwen2.5-7B,0.9847328244274809,26.90085792541504,-2.751953125,75.5085937998254
198,qwen,1,Qwen2.5-7B,0.9756706707926219,26.80670928955078,-3.318359375,75.10930996906981
198,qwen,2,Qwen2.5-7B,0.9580182851494935,30.188114166259766,-3.431640625,75.59893715021421
198,qwen,3,Qwen2.5-7B,0.9421548459488521,28.429298400878906,-3.33984375,76.17548819892326
198,qwen,4,Qwen2.5-7B,0.9701771871539314,28.783559799194336,-3.400390625,75.20614657052828
199,qwen,0,Qwen2.5-7B,0.9656488549618321,30.912317276000977,-3.388671875,75.43876672471606
199,qwen,1,Qwen2.5-7B,0.94977830060628,27.939279556274414,-3.2734375,76.1725368961121
199,qwen,2,Qwen2.5-7B,0.9565217391304348,28.66042137145996,-3.291015625,75.96663328872876
199,qwen,3,Qwen2.5-7B,0.9619377162629758,18.158973693847656,-2.85546875,76.08754267878214
199,qwen,4,Qwen2.5-7B,0.9734848484848485,27.098705291748047,-3.25390625,75.36374345444273
