prompt_id,source,n_texts,n_texts_fw,D_style_scalar_component,D_style_funcword_component,scalar_norm,fw_norm,D_style
0,gemma,5,5,0.6717426241946708,0.01753235293445199,0.22976686197577598,0.10323834310177546,0.16650260253877572
0,human,3,3,0.6344554758166264,0.04792351528051216,0.2124045294174238,0.34275335299939125,0.27757894120840754
0,llama,5,5,0.9872872738094813,0.03194415458676066,0.37669660538428473,0.21681882337724193,0.2967577143807633
0,mistral,5,5,0.8100198626030728,0.0429680358433828,0.29415407051626297,0.3036988511374268,0.2989264608268449
0,qwen,5,5,0.9630839320268869,0.028115680647537722,0.36542659715538234,0.18664633563214517,0.2760364663937638
1,gemma,5,5,0.8675761608277437,0.01561072946895844,0.32095449999595066,0.08809388570602718,0.2045241928509889
1,human,4,4,1.3674018713624199,0.050342172929796224,0.553692603739696,0.3618149737498827,0.45775378874478934
1,llama,5,5,0.664892003197679,0.0361829232701729,0.22657694895869374,0.25022487450489156,0.23840091173179265
1,mistral,5,5,0.5888461813130358,0.013383042227125075,0.1911670850600686,0.0705373169344586,0.1308522009972636
1,qwen,5,5,0.8262354150478759,0.020107071966988733,0.30170465634571864,0.12352989521615396,0.2126172757809363
2,gemma,5,5,0.4803812081467228,0.021505777107506962,0.1406616155628316,0.13455319441611036,0.137607404989471
2,human,3,3,0.9856980758485916,0.04519735179686176,0.3759566135989577,0.3212682559065618,0.3486124347527597
2,llama,5,5,0.6912755661268518,0.029265320391427853,0.23886215213395823,0.1957067319243664,0.2172844420291623
2,mistral,5,5,0.537439747115052,0.02070658459043977,0.16723026915944614,0.12825469877267984,0.147742483966063
2,qwen,5,5,0.6043920101390226,0.030228064616582118,0.19840582177534208,0.20329419073857624,0.20085000625695915
3,gemma,5,5,0.7886286839162449,0.019827863321254656,0.28419351374720386,0.12132943112119753,0.2027614724342007
3,human,3,3,0.8338759336333528,0.039896434571763284,0.30526237610627377,0.27949133315584324,0.2923768546310585
3,llama,5,5,0.557572944729151,0.02238090134296512,0.17660506148453683,0.141450113577367,0.15902758753095192
3,mistral,5,5,13.194790099210351,0.03094895199711678,1.0,0.20897555777935378,0.6044877788896769
3,qwen,5,5,0.7730365608638344,0.022950067223957427,0.2769332206568879,0.14593575220042973,0.2114344864286588
4,gemma,4,4,1.4888361887075048,0.030991555061366027,0.6102370994561693,0.20931131569605124,0.40977420757611027
4,human,3,3,2.131306071142927,0.06560679034207668,0.9093958241855037,0.4821165584327614,0.6957561913091326
4,llama,5,5,1.5315999395027586,0.024073374126799274,0.6301495490546719,0.15478861741461936,0.39246908323464563
4,mistral,4,4,1.9445318117272707,0.03063115500265397,0.8224265345944545,0.2064709760391934,0.514448755316824
4,qwen,3,3,1.152160101898933,0.040919793789343,0.4534677449228246,0.2875565032318142,0.37051212407731937
5,gemma,5,5,1.0154970753596189,0.09223466663340929,0.38983217560683914,0.6919728311494189,0.540902503378129
5,human,3,3,2.397303896556502,0.1635117840705201,1.0,1.0,1.0
5,llama,5,5,1.1055451329765353,0.061347156945919315,0.43176201981823387,0.44854607095276844,0.4401540453855012
5,mistral,5,5,1.2910310071623867,0.0651023219587508,0.5181313876186344,0.4781408055987802,0.4981360966087073
5,qwen,1,1,,,,,
6,gemma,5,5,0.9106185321168077,0.05581731782928947,0.34099668602862776,0.4049649977555624,0.37298084189209507
6,human,3,3,1.215037841226592,0.08386207559867805,0.4827460423580616,0.6259878187396414,0.5543669305488514
6,llama,5,5,1.29033335811885,0.06587934257591364,0.5178065353510356,0.4842645628506819,0.5010355491008588
6,mistral,5,5,0.9637236134091367,0.0325253624606488,0.36572445744701426,0.22139936584158554,0.2935619116442999
6,qwen,5,5,0.5359339645394544,0.05690550617119814,0.16652911879061041,0.4135410909801282,0.2900351048853693
7,gemma,5,5,0.9318244573439476,0.006865253645875568,0.3508709816510291,0.019170140556918028,0.18502056110397355
7,human,4,4,2.069871844451755,0.027043100392586172,0.8807896818368605,0.1781932509012806,0.5294914663690705
7,llama,5,5,0.8851050746594437,0.011553411056470352,0.32911663747686026,0.056117857653554766,0.1926172475652075
7,mistral,5,5,0.9189752276974401,0.012133061694989155,0.3448878853847385,0.06068612743017911,0.2027870064074588
7,qwen,3,3,0.8605934292621119,0.011228373258199106,0.31770307120930763,0.05355621060025839,0.185629640904783
8,gemma,5,5,0.8679159126261112,0.029054053352602294,0.32111270152026,0.19404172068461356,0.2575772111024368
8,human,4,4,2.1757677576483796,0.10041481632623028,0.9300988980539097,0.7564411990364402,0.843270048545175
8,llama,5,5,1.6844973939247248,0.05936687215343116,0.7013444933310435,0.43293929927776575,0.5671418963044046
8,mistral,5,5,0.9860985309561237,0.05088842696256576,0.3761430809222609,0.3661200423937073,0.3711315616579841
8,qwen,5,5,1.0071998616784064,0.039757325455709945,0.3859686733142973,0.2783950038700802,0.33218183859218875
9,gemma,5,5,0.6480543112090107,0.0118581202975527,0.21873667099325672,0.05851929383630724,0.13862798241478197
9,human,3,3,1.330329128813357,0.046700861272098604,0.5364301067940724,0.3331175258601737,0.4347738163271231
9,llama,5,5,1.107076540138283,0.023560064244548807,0.43247510198142125,0.15074318407028717,0.2916091430258542
9,mistral,4,4,0.8930287167963803,0.015671821053728108,0.33280619046868604,0.08857535302748566,0.21069077174808584
9,qwen,2,2,0.7893523483490172,0.023335271420961035,0.2845304797821244,0.14897157511524112,0.21675102744868277
10,gemma,5,5,0.7702309597831208,0.06169306231257924,0.2756268247240172,0.45127217686394727,0.36344950079398225
10,human,3,3,2.16942570161526,0.1296869340287291,0.9271457924735548,0.987136934902136,0.9571413636878454
10,llama,5,5,1.0051587783071743,0.09465966044337938,0.3850182662756212,0.7110843876533425,0.5480513269644818
10,mistral,5,5,0.6353528987480267,0.05226799909845139,0.21282240410235512,0.37699255296170003,0.2949074785320276
10,qwen,5,5,1.211769942782965,0.1035718586951968,0.48122438296566394,0.7813220846583828,0.6312732338120234
11,gemma,5,5,1.137778888258091,0.021099490560158484,0.44677129789787506,0.13135121993085166,0.28906125891436335
11,human,3,3,1.4273579784041963,0.08886544159829564,0.5816104766434989,0.6654197181607294,0.6235150974021142
11,llama,5,5,0.946276428593209,0.04549943614030644,0.3576003761439898,0.3236490050758823,0.34062469060993605
11,mistral,5,5,1.0433647529586627,0.04850987811020378,0.4028084397394013,0.34737452205367025,0.37509148089653577
11,qwen,5,5,0.7980809269137661,0.04190154322190783,0.28859484218029885,0.29529374349857973,0.2919442928394393
12,gemma,5,5,0.5226180734471064,0.018476411300862382,0.16032872697968079,0.11067853727401399,0.13550363212684738
12,human,3,3,0.8427240608077042,0.09541292347544265,0.3093824049420037,0.7170209096108033,0.5132016572764035
12,llama,5,5,0.824954621251569,0.03733700644381803,0.301108269418923,0.25932028979736127,0.28021427960814216
12,mistral,5,5,0.5118203439305199,0.017614269794462335,0.1553008881961577,0.1038839359656727,0.1295924120809152
12,qwen,5,5,0.5383034500917351,0.023377426009960643,0.16763244253459328,0.14930379856515402,0.15846812054987364
13,gemma,5,5,1.360634314515863,0.03799537451815625,0.5505413685906262,0.26450893753797117,0.4075251530642987
13,human,3,3,2.3933160289464133,0.0804525971096719,1.0,0.5991174652881591,0.7995587326440796
13,llama,5,5,1.2899507688779699,0.04974661550163234,0.5176283870634256,0.3571213413814661,0.43737486422244587
13,mistral,5,5,1.402220620824656,0.04386992481282963,0.5699055546819368,0.3108067051570876,0.44035612991951223
13,qwen,3,3,0.9721312857642731,0.02878079836718539,0.36963939355292186,0.19188817782924503,0.28076378569108346
14,gemma,5,5,0.7279775827580389,0.03963698590651702,0.25595202481212903,0.2774465989361783,0.26669931187415363
14,human,3,3,1.8410136333970186,0.12219411912559493,0.7742244833197867,0.9280855035929338,0.8511549934563603
14,llama,5,5,0.6887371324729974,0.06895712964502214,0.23768015964612604,0.5085208315621628,0.3731004956041444
14,mistral,4,4,1.1236433074207024,0.04476819999777548,0.4401892269678083,0.3178860786724273,0.3790376528201178
14,qwen,5,5,0.8450402352842529,0.07855533346244449,0.3104609049956222,0.584164989431211,0.4473129472134166
15,gemma,5,5,0.518047126104791,0.009601010824077416,0.15820031782756852,0.040730846269756094,0.09946558204866231
15,human,4,4,0.938202899363905,0.03070962455366999,0.35384102994841715,0.2070894004046142,0.2804652151765157
15,llama,5,5,0.5488490988063716,0.013031056818502973,0.17254290278676127,0.06776329376055164,0.12015309827365644
15,mistral,5,5,0.6187767491911044,0.008580477751169713,0.20510391036756118,0.03268794925005654,0.11889592980880886
15,qwen,5,5,0.6673914721453145,0.018085928121914164,0.22774079797841854,0.10760111031002821,0.16767095414422337
16,gemma,5,5,0.7778473068699856,0.038170434189666716,0.2791732893037503,0.26588859582405633,0.2725309425639033
16,human,4,4,2.2299374008788573,0.11686435363183616,0.9553223705168411,0.8860812254921625,0.9207017980045018
16,llama,5,5,1.3088771413961424,0.03819055215467987,0.5264412351378377,0.2660471470020066,0.39624419106992215
16,mistral,5,5,1.1291508263910368,0.042603750477431535,0.44275373994597655,0.30082789108536134,0.37179081551566895
16,qwen,5,5,0.9282642576909534,0.03670899360198639,0.34921321555632256,0.2543708739009128,0.30179204472861765
17,gemma,5,5,0.5790856121518548,0.009531003329945964,0.18662218808867656,0.04017911200375901,0.11340065004621779
17,human,4,4,0.6214925091236186,0.03062870963639182,0.20636847280121529,0.20645170392587925,0.20641008836354727
17,llama,5,5,0.3435469815952856,0.014227763556206963,0.076946328926703,0.07719462853024242,0.07707047872847271
17,mistral,5,5,0.5040646248887981,0.014439373988052007,0.1516895266657381,0.07886234607591158,0.11527593637082484
17,qwen,5,5,0.3554134983409557,0.017213264462543267,0.08247183621298546,0.10072358313184819,0.09159770967241682
18,gemma,5,5,0.5982368409036591,0.048375095211725505,0.19553973788676443,0.3463122880102514,0.27092601294850793
18,human,3,3,2.1631335424711544,0.08410679418836697,0.9242159208067162,0.6279164641387232,0.7760661924727197
18,llama,5,5,1.1683455595333614,0.07217596274489778,0.4610043174493399,0.5338886945282671,0.4974465059888035
18,mistral,5,5,0.8965610056027054,0.07007861012368145,0.33445096019807824,0.5173593025915832,0.42590513139483077
18,qwen,4,4,1.1507706955212644,0.05701191735848821,0.45282078379447027,0.41437972545836166,0.43360025462641594
19,gemma,5,5,0.7857539381535809,0.04387426118203493,0.28285492138701473,0.31084088040518437,0.2968479008960996
19,human,3,3,1.6326125307315875,0.1537262397849921,0.6771849024615445,1.0,0.8385924512307723
19,llama,5,5,1.323189652426139,0.07112512122292453,0.5331056915808037,0.5256069343681831,0.5293563129744934
19,mistral,5,5,0.8140727751536844,0.06922457121230773,0.2960412627150386,0.5106285584370365,0.40333491057603754
19,qwen,1,1,,,,,
20,gemma,3,3,0.830998630389257,0.08042672737603367,0.3039225928842177,0.5989135839940561,0.4514180884391369
20,human,4,4,2.4793655546288274,0.28082304255078744,1.0,1.0,1.0
20,llama,5,5,1.1420699614764047,0.10203153009308567,0.44876938687730666,0.7691826404285356,0.6089760136529211
20,mistral,5,5,1.463650415602364,0.1012184039858135,0.5985096333609573,0.7627743331247989,0.6806419832428781
20,qwen,5,5,1.35683283693592,0.08991517669703522,0.548771254199284,0.6736927585170513,0.6112320063581677
21,gemma,5,5,0.41435518337283106,0.028261214616736086,0.10991735515418857,0.1877932996632035,0.14885532740869603
21,human,3,3,1.2009163638618512,0.0872270629681231,0.47617053854811503,0.6525075343701451,0.5643390364591301
21,llama,5,5,0.8927167250962604,0.032808604613811,0.33266091511541945,0.22363161830845643,0.27814626671193793
21,mistral,5,5,0.6976440069305818,0.018816417839665478,0.2418275434798314,0.11335815408430143,0.1775928487820664
21,qwen,5,5,0.6807885774785414,0.01802906471945711,0.23397900626821427,0.10715296560772204,0.17056598593796815
22,gemma,3,3,0.9020923899358451,0.03289645998760401,0.33702658580844486,0.22432401304097704,0.2806752994247109
22,human,3,3,1.7127714857684522,0.26608351628731286,0.7145099995907082,1.0,0.857254999795354
22,llama,5,5,1.2442315336539955,0.06004998726091652,0.496339750071824,0.43832298022644056,0.4673313651491323
22,mistral,5,5,0.5448476838107981,0.048215692899341044,0.17067968983325926,0.3450560265354935,0.2578678581843764
22,qwen,3,3,0.45963666868504954,0.045344536122109834,0.13100215892507192,0.32242822651634456,0.22671519272070823
23,gemma,5,5,1.0810203576039148,0.051507977435873264,0.4203423397284298,0.37100276573467744,0.39567255273155366
23,human,3,3,2.3020137958537688,0.10455566252432687,0.9888839163468897,0.7890755157772141,0.8889797160620518
23,llama,5,5,1.091635288579514,0.06131421690346607,0.4252850604700038,0.44828646802924815,0.436785764249626
23,mistral,4,4,1.572627287251936,0.0883844068247286,0.6492534625099529,0.6616286473474428,0.6554410549286978
23,qwen,2,2,0.8880124883126428,0.0790330643361038,0.3304704412652256,0.5879300219636945,0.45920023161446005
24,gemma,5,5,0.44806663925579243,0.026648611340822005,0.12561470755378473,0.17508425335581343,0.15034948045479907
24,human,3,3,0.859980673383172,0.05526866238397932,0.31741774846916737,0.40064100340097075,0.35902937593506906
24,llama,5,5,2.009482068549123,0.02220924414600913,0.8526698760068375,0.14009727044620454,0.49638357322652105
24,mistral,5,5,0.8466816178259619,0.027268567591929006,0.31122519593189035,0.17997017466178913,0.24559768529683973
24,qwen,5,5,1.0201992328227192,0.022354157585574918,0.3920216812453062,0.1412393440370949,0.2666305126412005
25,gemma,4,4,0.901060778033364,0.04665198781083849,0.3365462275697178,0.33273235047845734,0.33463928902408757
25,human,3,3,2.2858244205827627,0.48265685123307184,0.9813455196178794,1.0,0.9906727598089398
25,llama,5,5,1.2666186850296302,0.1801296991783934,0.5067640700889271,1.0,0.7533820350444635
25,mistral,3,3,1.2634079822651996,0.13255468611750196,0.5052690432078989,1.0,0.7526345216039494
25,qwen,4,4,0.7424032280475023,0.11193075447967338,0.26266916092415116,0.847199163782722,0.5549341623534365
26,gemma,5,5,1.0920187872747096,0.07916541654648143,0.42546363223457456,0.5889730995734812,0.5072183659040279
26,human,4,4,2.244567194049455,0.12975477197047916,0.9621345657459457,0.9876715707645187,0.9749030682552322
26,llama,5,5,1.377641217791887,0.13279956254089398,0.5584604378493504,1.0,0.7792302189246751
26,mistral,5,5,0.9222035166136049,0.1036832403618265,0.3463911010554198,0.782199891853825,0.5642954964546224
26,qwen,5,5,1.2058532351754592,0.08760281473651067,0.47846933599638336,0.6554688619922873,0.5669690989943353
27,gemma,5,5,0.7540789424470127,0.03520875104246195,0.2681058232884957,0.24254735075291106,0.2553265870207034
27,human,4,4,2.473509957798559,0.11916092793643947,1.0,0.904180698326869,0.9520903491634345
27,llama,5,5,1.3640875384504332,0.02207761917845654,0.5521493226702086,0.1390599242911892,0.34560462348069887
27,mistral,5,5,1.0219021300397961,0.060477776859494556,0.3928146157839257,0.441694421857096,0.41725451882051084
27,qwen,5,5,0.9370249663116486,0.03836174547084296,0.3532925389461717,0.2673963342541527,0.3103444366001622
28,gemma,5,5,0.7283087910056842,0.010039491805392719,0.2561062481301309,0.044186547482620894,0.1501463978063759
28,human,4,4,0.9452845259950293,0.05751766934162209,0.3571385080869187,0.41836559443785976,0.3877520512623892
28,llama,5,5,0.7589076433082463,0.019009646105981947,0.27035425240749217,0.11488100041680731,0.19261762641214975
28,mistral,5,5,2.4344644897092134,0.02477390838409509,1.0,0.16030957997798698,0.5801547899889935
28,qwen,5,5,0.7791440297847754,0.02640851984390983,0.2797770934416895,0.17319207441890916,0.22648458393029933
29,gemma,5,5,1.0252952395927863,0.026809461912416288,0.3943945782918826,0.17635192866907554,0.2853732534804791
29,human,3,3,1.1781509422550678,0.06123449469465255,0.465570081340698,0.4476581713745957,0.45661412635764687
29,llama,5,5,1.0772057318358503,0.030218257135908512,0.4185661030342397,0.2032168972542448,0.31089150014424227
29,mistral,5,5,0.7097973834938145,0.017938593304642658,0.2474866237468002,0.10643995366142037,0.17696328870411027
29,qwen,5,5,0.7583360222622909,0.02618262607760945,0.27008808363007303,0.17141178885249483,0.22074993624128392
30,gemma,5,5,1.2430442388643264,0.06852299796904464,0.4957868998840319,0.5050994075480167,0.5004431537160243
30,human,4,4,1.7650980265975653,0.16745143318120104,0.7388752525806153,1.0,0.8694376262903076
30,llama,5,5,2.005559517806133,0.09648192890541706,0.8508433852871313,0.7254458208802506,0.7881446030836909
30,mistral,5,5,1.5414800061141893,0.14605059766421744,0.6347500886418541,1.0,0.8173750443209271
30,qwen,5,5,1.46928612484913,0.09338166740856005,0.6011338366696273,0.7010124295328095,0.6510731331012184
31,gemma,5,5,1.0234582523451956,0.020889911651726288,0.3935392062700065,0.12969951297223395,0.2616193596211202
31,human,4,4,2.703481916568313,0.03586818014362212,1.0,0.24774436052478743,0.6238721802623937
31,llama,5,5,1.0076679686778611,0.025278830581439805,0.38618664196438085,0.1642889093539897,0.2752377756591853
31,mistral,5,5,0.9180609155035772,0.0148389134268199,0.34446214640864253,0.08201114609682904,0.21323664625273578
31,qwen,5,5,0.9725974689328032,0.014794393174150655,0.36985646639322234,0.0816602786756591,0.22575837253444073
32,gemma,5,5,0.8991773097061427,0.04585624030117892,0.33566921216674867,0.32646100519452736,0.331065108680638
32,human,3,3,2.8083886817107975,0.18345451952160943,1.0,1.0,1.0
32,llama,5,5,1.7875715730669874,0.06691133498895888,0.7493398014812612,0.49239777178195654,0.6208687866316089
32,mistral,5,5,1.3874101604142426,0.0425693429280937,0.5630092338268049,0.300556722630981,0.43178297822889294
32,qwen,2,2,0.7417904139669166,0.03368198918466003,0.2623838110830828,0.23051482704359222,0.2464493190633375
33,gemma,5,5,0.7948816346625788,0.029592285008553078,0.28710512847376124,0.19828356438030142,0.24269434642703133
33,human,3,3,1.1797429532954922,0.04439888636353769,0.4663113830042141,0.3149754904641663,0.3906434367341902
33,llama,5,5,0.5342989471487904,0.017466376773553827,0.16576779171384978,0.10271838007270169,0.13424308589327574
33,mistral,5,5,0.7180293232435653,0.018411586177987715,0.2513197319825496,0.11016764566117798,0.18074368882186378
33,qwen,5,5,0.9493430538976095,0.019594178123543127,0.35902831500987026,0.11948774070457353,0.2392580278572219
34,gemma,5,5,0.8106114234299004,0.053625599050031225,0.2944295240237219,0.38769189911164426,0.3410607115676831
34,human,4,4,1.8580146248659666,0.09653548838274938,0.7821407998134178,0.7258679271030165,0.7540043634582172
34,llama,5,5,0.8411069342344138,0.06161463005033676,0.30862940851895326,0.450654046374123,0.3796417274465381
34,mistral,5,5,0.636132317480216,0.04377726560269316,0.21318533148669885,0.3100764510332002,0.26163089125994954
34,qwen,5,5,1.0584640938771293,0.05243585029808262,0.4098392744865475,0.37831540074498704,0.39407733761576724
35,gemma,5,5,1.4928584395454911,0.014901350081265752,0.6121100143804802,0.08250321401240551,0.3473066141964428
35,human,3,3,1.2597689980426072,0.034657370231251115,0.5035745919828637,0.23820187758703731,0.3708882347849505
35,llama,5,5,0.935557525800923,0.02151724306226508,0.3526092421196485,0.13464355845800202,0.24362640028882526
35,mistral,5,5,0.7975970661024592,0.02454076053254981,0.2883695379485917,0.1584721244264485,0.2234208311875201
35,qwen,5,5,1.1900003957348324,0.024680179015551272,0.47108764331311037,0.15957089185612974,0.31532926758462004
36,gemma,5,5,0.5244629103195737,0.014815978340670532,0.16118775408926117,0.0818303929777638,0.12150907353351248
36,human,3,3,1.6834946027451938,0.05155855056300255,0.7008775551310751,0.37140133630947136,0.5361394457202733
36,llama,5,5,0.8943931120726724,0.030624177814084975,0.3334415054648303,0.20641598829735808,0.2699287468810942
36,mistral,5,5,0.5837629213526168,0.020968765697054935,0.18880012341906205,0.13032096756591802,0.15956054549249005
36,qwen,5,5,0.6557290654668413,0.02206799415519185,0.22231033220159266,0.13898406876726233,0.1806472004844275
37,gemma,5,5,0.35749155715809827,0.025295734982122564,0.08343946044354447,0.16442213419253784,0.12393079731804116
37,human,3,3,0.6762529449965404,0.05075033336068602,0.2318670410753669,0.3650317164506454,0.29844937876300615
37,llama,5,5,0.543799183723811,0.05366403517040793,0.17019146780530578,0.38799481703388833,0.27909314241959704
37,mistral,4,4,0.7043862143244622,0.032884859054008585,0.2449669749472927,0.22423258522083347,0.23459978008406307
37,qwen,5,5,0.3958180794117735,0.034268769898584475,0.10128576551430771,0.2351392894745779,0.16821252749444282
38,gemma,5,5,0.6795993552911085,0.015520452555010444,0.23342525860978136,0.0873824066355143,0.16040383262264785
38,human,4,4,1.0217640802403956,0.055976869834566956,0.392750334479748,0.4062224389711392,0.39948638672544357
38,llama,5,5,0.9015475607429343,0.033800399379419865,0.3367728923498057,0.23144802659176797,0.28411045947078684
38,mistral,5,5,1.1362110342710328,0.031927230543157326,0.44604124468891815,0.21668544373137635,0.33136334421014724
38,qwen,5,5,0.9414991053785304,0.02725185793620304,0.35537587043625846,0.1798384846227239,0.26760717752949115
39,gemma,5,5,0.6775149696272574,0.019461986063614666,0.23245468835568942,0.11844592525238316,0.17545030680403628
39,human,3,3,1.018402178418213,0.04965212374379472,0.39118490349335394,0.35637664481290415,0.37378077415312905
39,llama,5,5,0.6054148192362001,0.03547969797348878,0.1988820810888422,0.2446827036600378,0.22178239237444
39,mistral,5,5,0.34402528058067167,0.02349563593248416,0.07716904335802392,0.15023541975294605,0.11370223155548498
39,qwen,5,5,0.3647408012772655,0.03304450811549843,0.08681498774098113,0.2254907913436356,0.15615288954230835
40,gemma,5,5,0.86637256118358,0.025577668997142332,0.3203940576398549,0.16664407712545395,0.24351906738265444
40,human,4,4,1.840334872088767,0.08985936845227736,0.7739084259092782,0.6732529295910188,0.7235806777501486
40,llama,5,5,1.273430285786675,0.030413235234844894,0.5099358137792591,0.2047535341477205,0.3573446739634898
40,mistral,5,5,0.9550787143060436,0.043891488539784106,0.36169905942945807,0.31097665049238343,0.3363378549609207
40,qwen,4,4,1.0557829737717466,0.07275776041131543,0.40859084169070653,0.5384738851913844,0.47353236344104543
41,gemma,5,5,0.40919844528922134,0.016668264849554616,0.10751617926870115,0.09642840066357726,0.1019722899661392
41,human,3,3,0.7283044264796796,0.04293417385316486,0.2561042158387048,0.3034319822750302,0.2797680990568675
41,llama,5,5,0.48033518823241617,0.02509096857023624,0.14064018691807717,0.16280835487698592,0.15172427089753154
41,mistral,5,5,0.46257911104231775,0.017861313321112772,0.13237227342733174,0.10583090436579684,0.11910158889656429
41,qwen,4,4,0.8660582689050642,0.02280298759153167,0.3202477110486705,0.14477660668256312,0.23251215886561682
42,gemma,5,5,0.8342564622366346,0.048714221304661395,0.30543956488164375,0.3489849659612021,0.3272122654214229
42,human,4,4,1.6979155094963312,0.10597390120254556,0.7075924847971277,0.8002527602400199,0.7539226225185738
42,llama,5,5,0.6426177230382575,0.06701738037974383,0.21620518612757572,0.4932335233907379,0.35471935475915684
42,mistral,5,5,0.6339029578044362,0.0738594374223799,0.21214725574836052,0.5471562836203898,0.3796517696843752
42,qwen,5,5,1.0947842751552483,0.09100906192771212,0.42675134991631286,0.6823137493455379,0.5545325496309254
43,gemma,5,5,0.752794266124637,0.027127549636933958,0.26750762850801035,0.1788588016744128,0.22318321509121158
43,human,3,3,0.7153544969656224,0.0686240930934976,0.25007422983519817,0.5058961457398052,0.3779851877875017
43,llama,5,5,0.7686324260118091,0.06769938174789683,0.27488248582574926,0.49860842687693274,0.386745456351341
43,mistral,5,5,0.8290931620371289,0.048474141112800274,0.30303533342222727,0.3470928761202457,0.3250641047712365
43,qwen,4,4,0.7148572255891311,0.04902310045515631,0.24984268112777608,0.3514192655100493,0.3006309733189127
44,gemma,5,5,0.5190412308409557,0.01500002014298143,0.15866321128491018,0.08328084010446885,0.12097202569468951
44,human,4,4,1.3821304460176436,0.05030259219442466,0.5605507954330325,0.361503035031767,0.4610269152323998
44,llama,5,5,0.45594402355458746,0.03091252789646448,0.1292827211143539,0.20868849673414244,0.1689856089242482
44,mistral,5,5,0.5880388365678039,0.02231550223991271,0.19079115424836277,0.1409346983840773,0.16586292631622002
44,qwen,5,5,0.4508454874002504,0.037642154679294756,0.12690864628903134,0.26172518572757314,0.19431691600830225
45,gemma,5,5,1.3636482086429071,0.07461846490876271,0.5519447537891633,0.5531382356709046,0.552541494730034
45,human,3,3,2.086268760307261,0.14923547348359056,0.8884247174563246,1.0,0.9442123587281623
45,llama,5,5,1.1635418273883,0.09759876633830575,0.45876751472636973,0.734247699720763,0.5965076072235663
45,mistral,5,5,0.933196459759919,0.06983704229997734,0.35150983882442943,0.5154554886134733,0.4334826637189514
45,qwen,5,5,1.0600718036389865,0.07520822660993545,0.4105878860794659,0.5577861914840173,0.48418703878174163
46,gemma,2,2,1.00918552912069,0.018203829975830033,0.38689327656187417,0.10853030358621982,0.24771179007404698
46,human,3,3,1.6028560028462024,0.14156248214886313,0.6633291168785379,1.0,0.831664558439269
46,llama,5,5,0.8839668506846043,0.03138420091185686,0.32858663655062464,0.2124057868352494,0.270496211692937
46,mistral,5,5,1.0100443112146245,0.03904883054913283,0.3872931585844648,0.2728113028378876,0.3300522307111762
46,qwen,1,1,,,,,
47,gemma,5,5,0.36110393497536813,0.024542115564432865,0.08512152270140232,0.15848280353345948,0.12180216311743089
47,human,4,4,0.804504144194221,0.04820713765463532,0.29158573956368466,0.3449886020159232,0.31828717078980395
47,llama,5,5,1.6714290919309458,0.040687437274935026,0.6952593885413576,0.28572528426708727,0.4904923364042224
47,mistral,5,5,0.82261443494629,0.043537560636639196,0.30001858853292956,0.30818731837472635,0.304102953453828
47,qwen,5,5,0.7774546469277949,0.04253462681520315,0.278990451709694,0.3002831223643013,0.2896367870369977
48,gemma,5,5,1.2947718182818977,0.03832244078256791,0.519873253369172,0.26708657108372763,0.39347991222644985
48,human,3,3,1.9746756152105427,0.06805557660450941,0.8364626506134084,0.5014156250234064,0.6689391378184074
48,llama,5,5,1.2847061226509915,0.039896395357000694,0.5151862777602286,0.27949102410138377,0.3973386509308062
48,mistral,5,5,1.3352413431509143,0.06445389128984172,0.538717423004523,0.47303047528915937,0.5058739491468411
48,qwen,5,5,1.4131509586147692,0.037313357505293486,0.5749951409855871,0.25913391075465547,0.4170645258701213
49,gemma,5,5,1.01743526207819,0.054577190907973985,0.39073467000053286,0.39519146529073107,0.39296306764563194
49,human,4,4,2.280888461701394,0.22829870580210443,0.9790471470332079,1.0,0.9895235735166039
49,llama,5,5,1.0029889746320693,0.06044232591689197,0.3840079221052504,0.4414150303428245,0.4127114762240375
49,mistral,5,5,0.8864210090244956,0.06825219976696348,0.32972938720605244,0.5029652267847682,0.41634730699541034
49,qwen,2,2,0.6317905288116873,0.04680067359983453,0.21116362744012532,0.333904154235665,0.27253389083789514
50,gemma,5,5,0.868836802346836,0.020224997786844622,0.3215415032462243,0.12445927736970062,0.22300039030796248
50,human,3,3,1.203061585695816,0.07665502888785207,0.4771694364663765,0.5691885477996196,0.523178992132998
50,llama,5,5,0.9064823762664694,0.026773683691180928,0.33907073254302855,0.17606995784756738,0.257570345195298
50,mistral,5,5,1.0043078470280866,0.031832952450325816,0.3846220398948309,0.21594243107261257,0.30028223548372174
50,qwen,5,5,1.029716920371015,0.02154719644585834,0.3964534831821178,0.13487962330100192,0.26566655324155986
51,gemma,5,5,0.898527034442808,0.03179000025837799,0.33536641895601516,0.21560392165456654,0.27548517030529085
51,human,4,4,1.4420107990941118,0.09978164022013314,0.5884333943726009,0.7514510910704496,0.6699422427215252
51,llama,5,5,1.0772732119030088,0.038916659655137076,0.41859752435279124,0.27176965419598653,0.34518358927438886
51,mistral,5,5,1.2150600432015977,0.03895333379686897,0.4827563804528279,0.2720586858335356,0.37740753314318176
51,qwen,3,3,0.819630533268276,0.027850510259576116,0.29862916897394787,0.18455650809037588,0.24159283853216187
52,gemma,4,4,0.5671848720113418,0.043909462893555594,0.18108074507149524,0.3111183077107701,0.24609952639113267
52,human,3,3,1.3275778891490362,0.12783588312679875,0.5351490236306361,0.9725486651265869,0.7538488443786115
52,llama,5,5,1.0764478964551774,0.0625161670687113,0.4182132256897368,0.45775912664121704,0.4379861761654769
52,mistral,5,5,1.2955079561700833,0.04778117410765077,0.5202160275254013,0.34163155163363484,0.43092378957951805
52,qwen,5,5,0.776147399862643,0.06152376884287135,0.27838174712196373,0.4499379624429597,0.3641598547824617
53,gemma,5,5,0.8316107854373751,0.013766689089845375,0.3042076358543838,0.07356086638200232,0.18888425111819307
53,human,3,3,1.097999259891098,0.08166278811015852,0.42824837064817217,0.6086550705353351,0.5184517205917536
53,llama,5,5,1.095832855916079,0.03156547317007966,0.42723960950911544,0.21383440697909284,0.32053700824410414
53,mistral,5,5,0.5244192101177492,0.018258914572153194,0.16116740559199205,0.10896442938513841,0.13506591748856522
53,qwen,5,5,0.7827630446002474,0.03858383268124886,0.2814622461415625,0.2691466200705621,0.27530443310606234
54,gemma,5,5,0.4640372377235543,0.007153447264306079,0.13305123337608293,0.021441415889687978,0.07724632463288546
54,human,3,3,4.627901564182196,0.04715959589446972,1.0,0.3367328475239678,0.668366423761984
54,llama,5,5,0.6925029398882602,0.011864058260116273,0.23943366463480462,0.05856609136073197,0.1489998779977683
54,mistral,5,5,0.3141596753454264,0.01075491013743698,0.0632624671593431,0.04982481254564605,0.056543639852494575
54,qwen,5,5,0.26533796393637277,0.007275358945952703,0.04052919775086754,0.022402210916338598,0.031465704333603066
55,gemma,3,3,1.1051383409608582,0.05900668091344574,0.4315726017864053,0.4301006053368173,0.4308366035616113
55,human,3,3,1.6878688319702826,0.1773507036649569,0.7029143647503694,1.0,0.8514571823751846
55,llama,5,5,1.3925963818364628,0.07464695134318791,0.5654241382904259,0.5533627393784498,0.5593934388344379
55,mistral,5,5,0.7782713801467663,0.0465654321753539,0.2793707541564101,0.3320501990801752,0.30571047661829265
55,qwen,4,4,0.6419752207110306,0.061367983563890914,0.21590601229530174,0.4487102070773694,0.33230810968633556
56,gemma,5,5,0.808814983010339,0.027632764852845916,0.29359303216681026,0.18284044035152858,0.23821673625916942
56,human,3,3,1.7216178522286985,0.08461022529438304,0.7186292085701294,0.6318840421131088,0.675256625341619
56,llama,5,5,0.9893183985089529,0.07054312139363292,0.37764237528178846,0.5210201504444264,0.44933126286310743
56,mistral,5,5,0.9682004094828631,0.058463167941805706,0.36780902614183386,0.42581713919954006,0.39681308267068693
56,qwen,5,5,1.0681673739526736,0.05570851496710118,0.41435749545293366,0.4041075143096456,0.4092325048812896
57,gemma,5,5,0.7336655297257814,0.012228808142160852,0.25860055201584425,0.061440712298663526,0.1600206321572539
57,human,3,3,2.0419885450214736,0.06215031335414948,0.8678061435779325,0.4548758063171521,0.6613409749475423
57,llama,5,5,0.7609314895029364,0.04199380515755239,0.27129663315280705,0.29602086667266075,0.2836587499127339
57,mistral,5,5,1.4590562284578854,0.022541912923512063,0.5963704028617778,0.14271905781415534,0.36954473033796653
57,qwen,5,5,0.7346864750045137,0.03302428057925363,0.2590759434636834,0.22533137662666256,0.24220366004517296
58,gemma,4,4,1.054569404132427,0.07705240293337094,0.40802575692082926,0.572320282195354,0.49017301955809167
58,human,3,3,2.518857421527048,0.19126869600972882,1.0,1.0,1.0
58,llama,5,5,1.638380469212457,0.05625906586739421,0.6798706767949859,0.40844644688587595,0.544158561840431
58,mistral,3,3,0.9359705069150618,0.056310629239203526,0.3528015420341203,0.4088528216526135,0.3808271818433669
58,qwen,4,4,1.155966278547609,0.05568327887075623,0.4552400473815737,0.40390862675815903,0.42957433706986636
59,gemma,5,5,0.8113162224413779,0.03904820803967492,0.2947577055918055,0.272806396794569,0.2837820511931872
59,human,3,3,1.4947992430590162,0.1300056714595128,0.6130137272547015,0.9896489282908586,0.80133132777278
59,llama,5,5,0.9371072765182943,0.06399274912092304,0.3533308657489145,0.46939617957203345,0.41136352266047393
59,mistral,5,5,0.780463142419827,0.042922741165348666,0.2803913230958181,0.3033418804123811,0.2918666017540996
59,qwen,5,5,0.662362537703008,0.05979274909923686,0.2253991323912242,0.43629566714972523,0.3308473997704747
60,gemma,5,5,1.007466497898437,0.033219604644498135,0.38609282940897466,0.22687074010633368,0.3064817847576542
60,human,4,4,2.0811078783545716,0.20143512903223426,0.8860216120257748,1.0,0.9430108060128874
60,llama,5,5,1.0727535218805655,0.048180603100724896,0.4164929825832057,0.34477948122382857,0.38063623190351714
60,mistral,5,5,0.9284035877159017,0.04733784110663893,0.3492780929828285,0.3381376112928155,0.343707852137822
60,qwen,4,4,1.3332271679288612,0.0492356017312248,0.5377795454365868,0.3530940038652738,0.4454367746509303
61,gemma,5,5,0.4412646820601706,0.02053641145570606,0.12244745427711418,0.12691355164622464,0.12468050296166941
61,human,3,3,1.2232901963106408,0.07594061756245844,0.4865886567598438,0.5635582190308746,0.5250734378953592
61,llama,5,5,0.7600827306213541,0.04154496001440315,0.2709014183239743,0.2924834847298532,0.28169245152691375
61,mistral,5,5,0.7323649245718349,0.02232733595255365,0.25799494015781277,0.1410279607531847,0.19951145045549873
61,qwen,5,5,0.5686160596355266,0.02931095361068271,0.18174716115761047,0.19606637071794167,0.18890676593777606
62,gemma,5,5,1.1852838252144715,0.06599668110172727,0.4688914264000025,0.48518931649621877,0.4770403714481106
62,human,3,3,1.744477533317406,0.18000713422042444,0.7292735566231362,1.0,0.864636778311568
62,llama,5,5,1.5661275216542543,0.07003503268940586,0.6462269212814813,0.5170158655922681,0.5816213934368747
62,mistral,5,5,1.0412070265096387,0.07896544011009604,0.4018037191906997,0.5873970704109657,0.4946003948008327
62,qwen,4,4,1.158188258774148,0.06491363611011812,0.45627468696409457,0.4766537583977488,0.4664642226809217
63,gemma,2,2,0.3185347843818609,0.07036074124365777,0.06529968645268966,0.5195827989233158,0.29244124268800276
63,human,3,3,2.4787555837738937,0.1629750527022269,1.0,1.0,1.0
63,llama,5,5,0.9831879473976685,0.07085980405061335,0.37478780110390586,0.5235159500080421,0.44915187555597397
63,mistral,5,5,0.9896007233966243,0.0385036387861911,0.37777383662443526,0.26851460602155097,0.32314422132299314
63,qwen,2,2,1.166276091344152,0.042746140905620233,0.46004069334605124,0.3019500806360142,0.38099538699103275
64,gemma,5,5,1.1715646823435524,0.03566238984901685,0.4625032650280081,0.24612251191340634,0.3543128884707072
64,human,3,3,1.985075986767938,0.07362364612715822,0.8413054642251957,0.5452979948927092,0.6933017295589525
64,llama,5,5,1.5192770503052722,0.04361787307910257,0.6244115371756925,0.3088202667046546,0.46661590194017355
64,mistral,5,5,1.0268084556900683,0.03984889957538908,0.39509918999474836,0.27911670631540164,0.337107948155075
64,qwen,5,5,0.9362950315131469,0.03722825812801198,0.3529526531874376,0.2584632362355382,0.3057079447114879
65,gemma,4,4,2.1823447350282477,0.0625283241890539,0.9331613920623082,0.4578549378104651,0.6955081649363867
65,human,3,3,1.7370247907461176,0.05614470141077795,0.7258032726077812,0.4075451321007924,0.5666742023542868
65,llama,4,4,1.933506508360659,0.05514687284389902,0.8172927286603824,0.3996811709810851,0.6084869498207337
65,mistral,3,3,3.4259106825923187,0.0624187128671474,1.0,0.4569910828334037,0.7284955414167018
65,qwen,4,4,1.0541686171978946,0.05870290933435305,0.407839135086093,0.42770655893791637,0.4177728470120047
66,gemma,5,5,0.4998995836874275,0.012901685898482451,0.1497501230480558,0.066743711921715,0.1082469174848854
66,human,3,3,0.6865201327959162,0.022598980818950915,0.23664783919927979,0.1431688141408542,0.189908326670067
66,llama,5,5,0.4042593809604953,0.016586680799362697,0.10521636066812054,0.09578543069860196,0.10050089568336125
66,mistral,5,5,0.5028804749339321,0.009273297268666747,0.15113814083416702,0.03814811137551324,0.09464312610484013
66,qwen,5,5,0.4718655098793265,0.012110601240844865,0.13669637843109703,0.060509114921232676,0.09860274667616485
67,gemma,5,5,0.5751267321312925,0.017138272791215447,0.18477878105795567,0.10013256819481503,0.14245567462638536
67,human,3,3,1.4147746782477515,0.05404233204756048,0.5757512073911899,0.3909762028474249,0.4833637051193074
67,llama,5,5,0.5670654274155956,0.020432513413320984,0.18102512706679783,0.12609472344982856,0.1535599252583132
67,mistral,5,5,0.6150724995764865,0.017965560508822354,0.20337906906202402,0.10665248420245274,0.15501577663223837
67,qwen,5,5,0.9366267157146124,0.030038799332654187,0.3531070981278715,0.2018025769649046,0.27745483754638806
68,gemma,5,5,0.6236381978277864,0.013743301980695354,0.20736758811222675,0.07337655083606301,0.14037206947414488
68,human,3,3,1.1751642690558388,0.09735916103786275,0.4641793712546817,0.7323593525343788,0.5982693618945303
68,llama,5,5,0.8470195576440858,0.02719990491725338,0.3113825537284022,0.17942903901790477,0.24540579637315346
68,mistral,5,5,0.5211823496269711,0.023607127598456124,0.15966019866600004,0.15111409386138264,0.15538714626369132
68,qwen,5,5,0.6815809332722107,0.03589794826256706,0.23434795764670918,0.24797896528332028,0.24116346146501472
69,gemma,4,4,0.7569833265332259,0.09929864080558848,0.2694582163937756,0.7476445367755559,0.5085513765846658
69,human,3,3,2.1152552947112944,0.3023313147429206,0.9019219644148311,1.0,0.9509609822074155
69,llama,5,5,1.0120194150296435,0.11090745061437976,0.38821284300028414,0.8391344299422329,0.6136736364712585
69,mistral,5,5,1.3737428914700562,0.09837526538722721,0.5566452269532428,0.7403673464545781,0.6485062867039104
69,qwen,5,5,0.8197881314104445,0.09715280579081922,0.29870255273950613,0.7307330514908301,0.5147178021151682
70,gemma,4,4,0.8485016062010052,0.03586094797657998,0.3120726526239243,0.24768736327864874,0.27988000795128654
70,human,3,3,1.664606885375125,0.0774831370039335,0.692082706382588,0.575714929428628,0.633898817905608
70,llama,5,5,1.0486959729268368,0.07107130885176186,0.40529086111125573,0.5251828350703386,0.46523684809079713
70,mistral,5,5,0.698889596271961,0.057020406882391725,0.24240753785636296,0.4144466320274038,0.3284270849418834
70,qwen,5,5,1.0447983636721028,0.03797384888312276,0.4034759841092094,0.2643392924079366,0.33390763825857295
71,gemma,5,5,0.5168478086231844,0.015299859590235276,0.15764186941130506,0.08564389708001129,0.12164288324565817
71,human,3,3,0.8283771234200884,0.037982961163466146,0.3027019182608522,0.2644111069667805,0.2835565126138163
71,llama,5,5,0.9484281358342986,0.036785449200425924,0.35860229391762166,0.25497342615634994,0.30678786003698577
71,mistral,5,5,0.5076270993909056,0.020415219266793384,0.1533483520178173,0.12595842699530135,0.1396533895065593
71,qwen,5,5,0.5973666403798464,0.02115894485519406,0.195134539003393,0.13181978365019056,0.1634771613267918
72,gemma,5,5,0.7281020232796562,0.04326020722021554,0.2560099691123515,0.3060014754798934,0.2810057222961225
72,human,4,4,1.6147652456822552,0.10510708528025303,0.6688745190782801,0.7934213195125078,0.731147919295394
72,llama,5,5,1.1491516398764634,0.050466906855655226,0.4520668891214181,0.3627980110929924,0.4074324501072053
72,mistral,5,5,1.4575938214813715,0.04340541762554871,0.5956894498426717,0.30714588948007465,0.4514176696613732
72,qwen,4,4,0.8717759784221487,0.043145430782607984,0.32291009684179084,0.3050969138419885,0.3140035053418897
73,gemma,5,5,0.48584631776757004,0.014133660777497592,0.14320638111430165,0.07645299753510908,0.10982968932470535
73,human,3,3,0.7668406833674303,0.06526329473285815,0.2740481814339174,0.47940944399913293,0.37672881271652514
73,llama,5,5,1.007798481184142,0.042185291756751266,0.386247413614551,0.29752998679712767,0.34188870020583934
73,mistral,5,5,0.8765706116925269,0.030114239425985012,0.32514266277822657,0.20239712594908166,0.2637698943636541
73,qwen,5,5,0.39017886078434605,0.025609239840980357,0.09865992810282301,0.16689288929289384,0.13277640869785842
74,gemma,5,5,0.7086143829325062,0.01328882508120599,0.24693577311714343,0.06979478460284277,0.1583652788599931
74,human,3,3,1.8376871763292026,0.041558200105276145,0.7726755567763315,0.2925878308703654,0.5326316938233484
74,llama,5,5,0.6455487761410511,0.011679558128530155,0.21756999735424645,0.05711203210693416,0.1373410147305903
74,mistral,5,5,0.7238306782914723,0.011568843553957531,0.25402106635678523,0.056239482313589065,0.15513027433518714
74,qwen,5,5,0.8236774939434526,0.016202402550459637,0.30051358975025927,0.09275690524961114,0.19663524749993522
75,gemma,5,5,0.6365743571268521,0.052480751264559554,0.21339116217321472,0.3786692685999798,0.29603021538659724
75,human,4,4,1.9306298978429641,0.07531331030564493,0.8159532679984219,0.5586143639024111,0.6872838159504165
75,llama,5,5,0.7112494179608659,0.02993687685882207,0.2481627469259592,0.2009993183711492,0.2245810326485542
75,mistral,5,5,0.7255927250786116,0.05053762363854071,0.25484154321362373,0.3633553353163925,0.30909843926500813
75,qwen,2,2,0.5328649312054177,0.04102582735269844,0.16510005865337585,0.2883921616277443,0.22674611014056006
76,gemma,5,5,0.43680954432406105,0.029534689204189068,0.12037297053855225,0.19782964756411572,0.159101309051334
76,human,3,3,1.261724912706373,0.09784540238721935,0.5044853411907075,0.7361914567585489,0.6203383989746283
76,llama,5,5,1.2378195492872184,0.06199816534223981,0.49335408316573015,0.4536767165237611,0.47351539984474567
76,mistral,5,5,0.9277054359176496,0.03361512999963965,0.3489530066132685,0.22998790483576229,0.2894704557245154
76,qwen,5,5,0.5571847503348093,0.028605611883917137,0.17642430322156877,0.1905075201302688,0.1834659116759188
77,gemma,5,5,0.5145922491747752,0.019323631263941765,0.15659159404963455,0.11735554079009446,0.1369735674198645
77,human,4,4,2.176618997110444,0.11051716695259617,0.9304952679365649,0.8360585753878548,0.8832769216622098
77,llama,5,5,0.7978785749501378,0.04526821422553891,0.2885006193115847,0.3218267279752741,0.30516367364342945
77,mistral,5,5,0.6216930803869938,0.03837413746142084,0.2064618665073003,0.26749399645318667,0.2369779314802435
77,qwen,5,5,0.8779876253077307,0.042790923395612655,0.3258024788997878,0.3023030147690242,0.314052746834406
78,gemma,5,5,0.5311349297557595,0.02541771294924792,0.1642945033400314,0.16538345161997436,0.16483897748000287
78,human,4,4,0.8294355951736146,0.0618056189068644,0.30319478348084755,0.4521592437515929,0.3776770136162202
78,llama,5,5,0.6703843363741713,0.0430204930396363,0.22913439084630344,0.30411227020106085,0.26662333052368214
78,mistral,5,5,0.5175799817188815,0.05000817729912851,0.15798279740743087,0.3591827293534946,0.2585827633804627
78,qwen,5,5,0.6252551968790168,0.043187701806946276,0.20812052515609392,0.305430054927462,0.25677529004177796
79,gemma,5,5,0.43299590691806616,0.011769953801003753,0.1185971940638127,0.05782444712221647,0.08821082059301458
79,human,4,4,0.8786418584209109,0.021522826111338583,0.32610711503786294,0.13468755888282527,0.2303973369603441
79,llama,5,5,0.5155443198772538,0.016196807617826048,0.1570349148417719,0.09271281116956735,0.12487386300566963
79,mistral,5,5,0.9994253565226975,0.015473601791516444,0.38234856424557795,0.08701317228527133,0.23468086826542464
79,qwen,5,5,0.5601177022380122,0.016226037677428095,0.17778999860285044,0.09294317544241656,0.1353665870226335
80,gemma,5,5,1.1559953064024369,0.04090990149742239,0.45525356386891314,0.28747854134373985,0.3713660526063265
80,human,4,4,2.0334773364884513,0.20234676425082335,0.8638429970394638,1.0,0.9319214985197319
80,llama,5,5,0.8755134535117735,0.0815340818229977,0.32465040920831206,0.6076407267174783,0.4661455679628952
80,mistral,5,5,1.6553814441058268,0.05732055292296647,0.6877869855703893,0.41681210528770213,0.5522995454290457
80,qwen,3,3,0.9836506173961532,0.04083506045261298,0.3750032380769085,0.28688871350549666,0.33094597579120255
81,gemma,5,5,1.2751283413052428,0.006242038791183346,0.5107264938365541,0.014258537953824448,0.2624925158951893
81,human,3,3,2.627080315781674,0.06035027234358026,1.0,0.4406895492877794,0.7203447746438897
81,llama,5,5,0.6499781824094225,0.010101265605263554,0.21963249953027228,0.04467339139201137,0.1321529454611418
81,mistral,5,5,0.6573622606133798,0.010181083170584738,0.22307081077129698,0.04530243955839008,0.13418662516484353
81,qwen,5,5,0.8763172949418632,0.017201590874714824,0.3250247087415426,0.10063158271829269,0.21282814572991765
82,gemma,5,5,0.29894648434474963,0.005273716608707557,0.056178619428498375,0.006627118843267261,0.03140286913588282
82,human,4,4,0.556524768625934,0.019210979282660762,0.17611699031590636,0.11646772215044301,0.1462923562331747
82,llama,5,5,0.5506968517151444,0.009866622934794178,0.1734032877151691,0.042824155061398916,0.10811372138828401
82,mistral,5,5,0.485531659760976,0.009569199072290657,0.14305986422603645,0.0404801354888618,0.09176999985744913
82,qwen,5,5,0.30138640593157084,0.011640773275146121,0.05731474090330755,0.05680636579393253,0.057060553348620036
83,gemma,3,3,1.696701146084192,0.04774151732496205,0.7070270304160501,0.34131901358095884,0.5241730219985045
83,human,3,3,2.14438430314245,0.19610145890388406,0.9154855527683605,1.0,0.9577427763841803
83,llama,4,4,2.0951122001854876,0.07033375109404132,0.8925425637064275,0.5193700875475905,0.7059563256270089
83,mistral,5,5,0.9448693551593618,0.07957272172467349,0.35694518855375656,0.5921831019641488,0.4745641452589527
83,qwen,5,5,1.361779649066224,0.07850659375574967,0.5510746804747189,0.5837808681791677,0.5674277743269434
84,gemma,2,2,0.7922818860368562,0.0743373124703226,0.2858945853732196,0.5509224524011195,0.41840851888716957
84,human,3,3,2.132719866796356,0.1750564545356156,0.910054141900109,1.0,0.9550270709500546
84,llama,5,5,1.6779213819220538,0.09202671842613665,0.6982824488394536,0.690333975867875,0.6943082123536644
84,mistral,5,5,0.9005386855440751,0.052842221468138384,0.3363031211960862,0.3815180421480932,0.35891058167208967
85,gemma,5,5,1.2116388805859901,0.026222306319428967,0.48116335535833304,0.17172451178832468,0.32644393357332885
85,human,3,3,2.040321898938174,0.05213440618188436,0.8670300889635668,0.3759396972541937,0.6214848931088802
85,llama,5,5,0.553177059829276,0.02460133474970052,0.17455816814890143,0.158949514335238,0.1667538412420697
85,mistral,5,5,0.7112167867910778,0.024819918658729633,0.24814755259637714,0.16067219037304195,0.20440987148470954
85,qwen,5,5,1.0540408022851442,0.02495614681775856,0.40777961953937997,0.1617458146223092,0.28476271708084455
86,gemma,5,5,0.29078588727657717,0.01921255660656366,0.05237873109335948,0.11648015315738879,0.08442944212537414
86,human,3,3,0.800982543494233,0.05879788323298477,0.2899459466283011,0.4284550552939217,0.3592005009611114
86,llama,5,5,0.5074364453372888,0.04157420069240979,0.1532595761465994,0.2927139326871384,0.2229867544168689
86,mistral,5,5,0.4926213284365952,0.029419588658149486,0.1463610870502284,0.19692253160356196,0.17164180932689518
86,qwen,5,5,0.3542068278254999,0.03543750221314716,0.08190996394092835,0.24435015573571764,0.163130059838323
87,gemma,5,5,1.8572975580962467,0.03174232472148456,0.7818069059045515,0.2152281872038444,0.49851754655419794
87,human,3,3,1.758496563484681,0.055397764809347404,0.7358013570717519,0.4016584692134902,0.568729913142621
87,llama,5,5,1.4132798611414195,0.048751177637215,0.575055162967226,0.34927622156559673,0.46216569226641135
87,mistral,5,5,1.5205433868519418,0.06465551955463844,0.6250011922501744,0.4746195226341908,0.5498103574421827
87,qwen,5,5,1.3457493284816044,0.05428794578383006,0.5436103457343597,0.39291190296325895,0.46826112434880934
88,gemma,5,5,0.7481414624928212,0.015358656451944497,0.26534110391446264,0.08610727951842792,0.17572419171644527
88,human,3,3,3.6419140199703848,0.03700516565801304,1.0,0.25670502789353944,0.6283525139467697
88,llama,5,5,0.7336271240872627,0.02773332330920143,0.2585826688711931,0.18363294902214222,0.22110780894666765
88,mistral,5,5,1.3727558491575038,0.03630549679167351,0.5561856220323744,0.2511908855406363,0.40368825378650536
88,qwen,5,5,1.0754883223870693,0.018458069005256417,0.4177664110415382,0.11053398027867495,0.26415019566010656
89,gemma,5,5,1.4080998196509777,0.1011571256928852,0.5726431361178875,0.7622913943424613,0.6674672652301744
89,human,3,3,2.161005493208751,0.26738880169908746,0.9232250190992485,1.0,0.9616125095496242
89,llama,5,5,1.0497707283075528,0.16930481055581592,0.405791308615304,1.0,0.702895654307652
89,mistral,5,5,1.6700674683442216,0.1102395741630603,0.6946253641506396,0.8338708459757281,0.7642481050631839
89,qwen,4,4,1.1788330193016565,0.19166586627486204,0.46588768268669595,1.0,0.732943841343348
90,gemma,5,5,1.6788661530154507,0.07987348463774062,0.6987223706524269,0.5945534368424215,0.6466379037474241
90,human,3,3,2.4055596413233107,0.24796644976619422,1.0,1.0,1.0
90,llama,5,5,2.4075089802157352,0.09621477046582454,1.0,0.7233403253557752,0.8616701626778875
90,mistral,5,5,4.843910474049369,0.10648682662352578,1.0,0.8042951636164982,0.9021475818082492
90,qwen,5,5,1.5866108234110263,0.1045507331862254,0.6557647355811547,0.789036667297162,0.7224007014391584
91,gemma,5,5,0.5753355679383466,0.015892167915017595,0.18487602305392178,0.09031192302312131,0.13759397303852156
91,human,3,3,1.6779213424946704,0.0637804584878906,0.6982824304805452,0.4677231013102365,0.5830027658953908
91,llama,5,5,1.5744782775739712,0.02815910322180516,0.6501153549026785,0.1869885521682229,0.4185519535354507
91,mistral,5,5,0.5501393738779198,0.016188338725913798,0.17314370456052103,0.09264606720278232,0.13289488588165166
91,qwen,4,4,0.5936432541838249,0.017142077920738002,0.19340078696842725,0.1001625567034768,0.14678167183595203
92,gemma,3,3,1.37919296490666,0.06265781313545422,0.5591829910781464,0.4588754498239757,0.509029220451061
92,human,3,3,2.6333772655487935,0.1976493438983854,1.0,1.0,1.0
92,llama,5,5,1.397175263666523,0.11612378954068356,0.5675562420456627,0.8802447848321288,0.7239005134388957
92,mistral,5,5,2.1835487815998924,0.11592031119369875,0.9337220425250544,0.8786411568518275,0.906181599688441
92,qwen,4,4,1.4616385267754837,0.0924593978763063,0.5975728204266838,0.6937439547824629,0.6456583876045734
93,gemma,5,5,0.5378279966476163,0.03601230758218095,0.16741105309689452,0.24888023958330627,0.2081456463401004
93,human,3,3,0.441584251441778,0.1111616013168694,0.12259625809076814,0.8411374105235329,0.4818668343071505
93,llama,5,5,0.7004475810405767,0.0700133462951755,0.24313299557705795,0.5168449535070513,0.3799889745420546
93,mistral,5,5,0.6148732088850114,0.04993290958027656,0.20328627163954235,0.35858953886540085,0.2809379052524716
93,qwen,5,5,0.9381919341886593,0.06081155912684204,0.35383592414045234,0.4443249847212948,0.3990804544308736
94,gemma,4,4,0.6185708201289328,0.053853399377546164,0.2050080218639781,0.38948721042873485,0.2972476161463565
94,human,4,4,1.7450784550895861,0.08043091087313758,0.729553368947328,0.5989465544457566,0.6642499616965423
94,llama,5,5,1.3111412328162122,0.05502526021928496,0.5274954833141587,0.39872273284514165,0.4631091080796502
94,mistral,5,5,0.9991008171882901,0.03593216431359616,0.38219744623046137,0.24824862452529248,0.31522303537787694
95,gemma,5,5,0.9559449890437332,0.04208629667250269,0.36210243031559214,0.29674979917831856,0.3294261147469554
95,human,4,4,1.7454316140306723,0.10641661445331237,0.7297178133537204,0.8037418162830825,0.7667298148184014
95,llama,5,5,1.4358299309529388,0.039918604267871825,0.5855553440835753,0.27966605417909335,0.4326106991313343
95,mistral,4,4,1.574902174880824,0.03600459992478261,0.6503127378169616,0.24881949496231975,0.4495661163896407
95,qwen,3,3,0.6400237771621905,0.05809024141314112,0.21499734501079137,0.42287807750169876,0.31893771125624504
96,gemma,5,5,0.5464974432786669,0.02523180104923689,0.17144788138902045,0.1639182661142611,0.16768307375164077
96,human,4,4,1.2544980440765807,0.04700660585938508,0.5011202327830112,0.33552712168333426,0.41832367723317276
96,llama,5,5,0.9540301085165901,0.03201055917904226,0.3612107881823647,0.21734216290590053,0.2892764755441326
96,mistral,5,5,0.6553079336576912,0.02978452127210105,0.2221142370095648,0.19979859266523778,0.2109564148374013
96,qwen,5,5,0.831064661422074,0.0349873740976623,0.30395333947656417,0.24080266259254968,0.2723780010345569
97,gemma,5,5,0.5978204723148315,0.05322404977360765,0.1953458606335944,0.38452725941073984,0.2899365600221671
97,human,4,4,2.1430263977757664,0.1564774986819938,0.9148532597241166,1.0,0.9574266298620583
97,llama,5,5,1.4250308260541016,0.06384301021729458,0.5805268648690977,0.46821607614011324,0.5243714705046054
97,mistral,5,5,0.9709094398190002,0.042302506342956195,0.36907045501619556,0.29845376366539406,0.3337621093407948
97,qwen,4,4,0.8580768542638672,0.03842540412369059,0.31653125695350665,0.2678980328299838,0.2922146448917452
98,gemma,5,5,0.8284180162109418,0.018692551810415035,0.30272095951943384,0.11238195669888804,0.20755145810916092
98,human,3,3,1.5100925295272767,0.08702590321653443,0.6201348705204717,0.6509221794125382,0.6355285249665049
98,llama,5,5,0.9727345543770956,0.03685807723757596,0.3699202986565154,0.25554581311670227,0.3127330558866088
98,mistral,5,5,0.648142254254734,0.02811215032171952,0.21877762066284695,0.18661851287190784,0.2026980667673774
98,qwen,5,5,0.5870059659909603,0.036336894063674394,0.19031020992236936,0.2514383297755234,0.22087426984894637
99,gemma,1,1,,,,,
99,human,3,3,1.8825142625469258,0.24370586175227546,0.7935487748256989,1.0,0.8967743874128494
99,llama,5,5,1.1200059611798772,0.04704401604622849,0.4384955384501778,0.3358219541471289,0.3871587462986533
99,mistral,5,5,1.0430632901609334,0.03172588889913869,0.4026680670486532,0.215098655266006,0.3088833611573296
99,qwen,4,4,0.9119644859374098,0.04538306201524395,0.3416234139726514,0.32273185194436405,0.3321776329585077
100,gemma,5,5,0.5908013845080887,0.00820682979107441,0.19207750298067447,0.029743201897474543,0.1109103524390745
100,human,4,4,0.9515191680238332,0.024703199635177735,0.3600415975693558,0.159752319070887,0.2598969583201214
100,llama,5,5,1.252272257135639,0.020787128911968933,0.5000838206476327,0.12888947455876476,0.3144866476031987
100,mistral,5,5,1.9596074979924143,0.020753395471974124,0.8294463548238536,0.1286236188102338,0.4790349868170437
100,qwen,5,5,1.3570127416998277,0.018284546663324852,0.5488550247871585,0.1091664378012947,0.32901073129422664
101,gemma,5,5,1.2672523426401106,0.07754401371423132,0.5070591254803919,0.5761947033083988,0.5416269143943954
101,human,3,3,2.0285151352898585,0.18559174115562216,0.861532405021058,1.0,0.930766202510529
101,llama,5,5,1.1521910401840176,0.09309638747583532,0.45348215098008005,0.6987641171737065,0.5761231340768933
101,mistral,4,4,0.8785286887031082,0.054692348606712494,0.32605441885803965,0.3960990316759541,0.36107672526699686
101,qwen,1,1,,,,,
102,gemma,5,5,0.6062992124112474,0.018975352696342727,0.19929388861731895,0.1146107315058775,0.1569523100615982
102,human,4,4,0.9363923151855981,0.06917788941840991,0.35299795221262636,0.5102606557487432,0.4316293039806848
102,llama,5,5,0.7460047071205242,0.03599264734469454,0.26434614830687564,0.24872529579002428,0.25653572204845
102,mistral,5,5,1.075333147909606,0.03647439236187565,0.41769415582762454,0.25252196408603694,0.33510805995683074
102,qwen,5,5,0.6443315037944547,0.02821121082437611,0.21700318846123556,0.18739921605805404,0.2022012022596448
103,gemma,5,5,0.2701757951144798,0.005129188122929662,0.04278187829709344,0.005488079101798882,0.024134978699446162
103,human,4,4,0.5846918452444839,0.01834988100902381,0.1892326661645806,0.10968134263706743,0.14945700440082402
103,llama,5,5,0.5667735704437035,0.008177121034920187,0.1808892272185689,0.029509064981508678,0.10519914610003879
103,mistral,5,5,1.0170940550627792,0.027792385759562423,0.3905757908711143,0.18409842458446882,0.2873371077277916
103,qwen,5,5,0.5091779939280158,0.011465367942118576,0.15407050825361288,0.05542398332373282,0.10474724578867285
104,gemma,5,5,0.43142836895235825,0.014796180082021682,0.11786728800656941,0.08167436142943937,0.09977082471800439
104,human,3,3,0.7965259052804404,0.033217075130779795,0.2878707642095326,0.2268508048206613,0.257360784515097
104,llama,5,5,0.3102234817895665,0.032636656752420536,0.061429623820453624,0.22227648442927625,0.14185305412486493
104,mistral,5,5,1.3601969687872728,0.03605369233854707,0.5503377235731588,0.24920639592500102,0.3997720597490799
104,qwen,5,5,0.41776587040648616,0.026450216688987394,0.11150550241421472,0.1735206903549412,0.14251309638457796
105,gemma,5,5,1.1495554047755436,0.025117474027312257,0.45225489761115684,0.16301724635476536,0.3076360719829611
105,human,4,4,1.76998149750097,0.06754710687870924,0.7411491847409484,0.49740833731190326,0.6192787610264259
105,llama,5,5,1.2406850589337193,0.04297355191050138,0.49468837483446526,0.3037423236724835,0.39921534925347435
105,mistral,4,4,0.8962616542128229,0.03326636482479515,0.3343115706601535,0.22723926056366672,0.2807754156119101
106,gemma,5,5,0.9732331707092902,0.04568260217403397,0.37015247362711956,0.32509255020527233,0.347622511916196
106,human,3,3,2.752746762778344,0.08738739663729567,1.0,0.6537711359369922,0.8268855679684961
106,llama,5,5,1.1040408040421752,0.044322990574174735,0.4310615463207515,0.3143773501056811,0.3727194482132163
106,mistral,5,5,1.0778236221974777,0.0419721360889472,0.4188538165872957,0.29585009113198396,0.3573519538596398
106,qwen,5,5,0.6583568040326542,0.043429817870395016,0.22353390849639226,0.3073381896237585,0.26543604906007534
107,gemma,5,5,0.6691752571169339,0.05009169155828615,0.2285713969712899,0.35984091143883123,0.2942061542050606
107,human,3,3,2.3396615633658278,0.09187358367043363,1.0,0.6891271094732887,0.8445635547366444
107,llama,5,5,0.9361429833824196,0.06210920574031496,0.3528818537209888,0.4545518341563532,0.403716843938671
107,mistral,5,5,1.178187955735791,0.03738460136811026,0.46558731624305477,0.25969538893418015,0.36264135258861746
108,gemma,4,4,0.43473642021551134,0.028702052437225883,0.11940764409839542,0.19126757530082303,0.15533760969960922
108,human,4,4,2.283846154275549,0.09787232117016266,0.9804243626238772,0.7364036056882174,0.8584139841560473
108,llama,5,5,1.100522895602292,0.06244509061596106,0.4294234726438959,0.45719896783287295,0.44331122023838443
108,mistral,5,5,0.9602319151057197,0.05792807580890467,0.3640985882192925,0.42160003831841686,0.39284931326885464
108,qwen,4,4,0.5291177808795493,0.04699734750912491,0.16335524112417663,0.33545415593661654,0.2494046985303966
109,gemma,5,5,0.8462075233619746,0.0323031042218069,0.3110044392876878,0.21964773213735686,0.2653260857125223
109,human,3,3,2.6391943341697424,0.07658500822444565,1.0,0.5686367097455873,0.7843183548727937
109,llama,5,5,1.0411791925092255,0.03967329297701187,0.40179075860796204,0.2777327376580181,0.3397617481329901
109,mistral,5,5,1.007646375159685,0.03725008889093777,0.38617658719055153,0.2586352861011768,0.32240593664586414
109,qwen,4,4,0.6534311473244976,0.03822138593394845,0.22124033300040047,0.26629015030877723,0.24376524165458885
110,gemma,5,5,0.8239751434643807,0.03888537684490543,0.30065218683244405,0.27152311204281254,0.2860876494376283
110,human,4,4,2.149739290397183,0.06810656279684092,0.9179790411043353,0.5018174509957687,0.709898246050052
110,llama,5,5,1.2413979821688306,0.049894031978812446,0.4950203393540118,0.3582831415978847,0.4266517404759482
110,mistral,5,5,0.8319633422754377,0.04045584558342041,0.30437179989841584,0.2839000929284441,0.29413594641343
110,qwen,5,5,1.0239223843102612,0.05072832346475807,0.393755323990963,0.364858254824499,0.379306789407731
111,gemma,5,5,0.48494955685911634,0.005389381088794188,0.1427888146927549,0.007538679209971805,0.07516374695136335
111,human,3,3,1.9850130705645828,0.024218021122651295,0.8412761680174277,0.15592859114279262,0.4986023795801101
111,llama,5,5,0.6644106940262092,0.010481797394981762,0.22635283286878205,0.04767239071763372,0.1370126117932079
111,mistral,5,5,0.4648343951309319,0.006806105683203678,0.13342242057087506,0.018703991065711807,0.07606320581829343
111,qwen,5,5,0.568751832153726,0.006061750967586099,0.18181038207194167,0.012837676212453368,0.09732402914219752
112,gemma,5,5,0.8371262763064953,0.07357519990540357,0.30677586085569836,0.5449161866172989,0.4258460237364986
112,human,3,3,1.424770732955346,0.18756738335114986,0.5804057555037222,1.0,0.790202877751861
112,llama,5,5,0.8595671502295346,0.08492250236788915,0.31722519616022604,0.6343451209458277,0.4757851585530269
112,mistral,5,5,0.764671174544529,0.06677811965868141,0.27303797455809015,0.49134789186007005,0.3821929332090801
112,qwen,5,5,0.8509320151262599,0.07081064447207862,0.3132043446370874,0.5231285197148129,0.4181664321759502
113,gemma,5,5,0.6744978676488157,0.052908319739992174,0.2310498094579775,0.3820389675426867,0.3065443885003321
113,human,3,3,1.5474222722543687,0.09832184368829262,0.6375170366484435,0.7399463260736079,0.6887316813610257
113,llama,5,5,0.9679436695885597,0.06536706604459591,0.36768947815761427,0.48022727342187566,0.42395837578974493
113,mistral,5,5,0.8394599496328297,0.03941058042556306,0.30786250904782003,0.27566228050853536,0.29176239477817767
113,qwen,5,5,1.3303946220476839,0.0286352981810708,0.5364606029667263,0.19074148004518154,0.3636010415059539
114,gemma,5,5,0.5604907569091594,0.02197426289805978,0.1779637072275282,0.13824536576130067,0.15810453649441442
114,human,3,3,1.553715135062274,0.07537955944031427,0.6404472359682518,0.5591364782580699,0.5997918571131609
114,llama,5,5,0.825886351667398,0.0680966646216151,0.30154211899010336,0.5017394427409284,0.4016407808655159
114,mistral,5,5,0.667473471573141,0.027946872547523604,0.2277789800705722,0.18531594644579932,0.20654746325818577
114,qwen,5,5,0.7916133242355952,0.036385739312888674,0.28558327724604354,0.2518232828160091,0.2687032800310263
115,gemma,5,5,0.3393941287246677,0.023324743594461583,0.0750126006653047,0.14888860453190167,0.11195060259860318
115,human,3,3,0.7888617767124971,0.03873531983133841,0.28430205073170195,0.2703405015628165,0.2773212761472592
115,llama,5,5,0.6390297594721102,0.01952322833055945,0.21453449208545952,0.11892858011126632,0.16673153609836291
115,mistral,5,5,0.4597801246674445,0.017139861921310996,0.13106895755629394,0.10014509224724283,0.11560702490176838
115,qwen,5,5,0.4466499247188782,0.01921601791985056,0.12495503069459536,0.11650743202473615,0.12073123135966576
116,gemma,5,5,0.5547398121286456,0.014827628697367678,0.17528584581555726,0.08192221030504643,0.12860402806030186
116,human,3,3,0.8709374249874271,0.0713557300289858,0.32251963406212286,0.5274243795134954,0.4249720067878091
116,llama,5,5,0.7224792507031098,0.03450846202317946,0.25339178961564673,0.23702832092855886,0.2452100552721028
116,mistral,5,5,0.5416754012195911,0.034982178567775093,0.16920255286480076,0.24076171623524398,0.20498213455002237
116,qwen,5,5,0.7498091606222163,0.03889517126550714,0.2661176484020145,0.27160030259974643,0.26885897550088045
117,gemma,5,5,0.7872939869051592,0.016172555454899783,0.28357202740729504,0.09252167807050456,0.1880468527388998
117,human,3,3,1.1014337451568668,0.02498968988984618,0.42984759928176086,0.16201017006721055,0.2959288846744857
117,llama,5,5,0.48415375645278147,0.012671711690874032,0.14241825936991895,0.0649312680939893,0.10367476373195413
117,mistral,5,5,0.5445119297511095,0.024655952578952468,0.17052334981006878,0.1593799615081663,0.16495165565911754
117,qwen,5,5,0.6455474951096145,0.018566726578349613,0.2175694008566652,0.11139031869043173,0.16447985977354845
118,gemma,3,3,0.68709974117639,0.036240726086747076,0.23691772718731702,0.25068042279969605,0.24379907499350653
118,human,3,3,1.5280137731232213,0.2719240073725104,0.6284796918518676,1.0,0.8142398459259338
118,llama,5,5,1.1481730294178014,0.11398480309852203,0.4516112103965099,0.8633872736572855,0.6574992420268977
118,mistral,5,5,1.819223867152091,0.09990232019959137,0.7640783288303767,0.7524021789605819,0.7582402538954793
118,qwen,4,4,0.7364460459452574,0.07295929493058034,0.2598952674710723,0.54006219372091,0.39997873059599115
119,gemma,5,5,0.39237240382649147,0.018414193391843903,0.09968132623691078,0.11018819330741339,0.10493475977216209
119,human,4,4,0.9646718439560719,0.04522921623135436,0.3661659901148106,0.32151938188377754,0.3438426859992941
119,llama,5,5,0.9784887164161533,0.03685425048632235,0.37259965814799084,0.25551565420557054,0.3140576561767807
119,mistral,5,5,0.6315932853559221,0.03377409699103071,0.21107178328944814,0.231240735513407,0.22115625940142758
119,qwen,5,5,0.8046353582314902,0.03416394439543645,0.2916468378737055,0.23431315189095644,0.262979994882331
120,gemma,5,5,0.8618269477824525,0.036660291706701056,0.31827744494660454,0.25398705064339894,0.28613224779500174
120,human,3,3,1.600237208908257,0.08311003990937027,0.6621097055470139,0.6200609695616842,0.641085337554349
120,llama,5,5,1.0525813875563932,0.048113300110611226,0.40710005982609143,0.3442490613550635,0.37567456059057747
120,mistral,5,5,0.6387796316291185,0.014668638438461678,0.21441802292702206,0.08066919625438666,0.14754360959070437
120,qwen,5,5,0.6084131467255979,0.03474399021151482,0.20027821786127575,0.23888453609130747,0.2195813769762916
121,gemma,5,5,0.6606669298405186,0.006498071044236775,0.2246095920568812,0.016276347175002547,0.12044296961594186
121,human,4,4,1.118968363201304,0.031352515892657286,0.4380123928638431,0.2121560748432967,0.3250842338535699
121,llama,5,5,1.4741835236154557,0.013917655560369956,0.6034142541794275,0.07475064435989498,0.33908244926966125
121,mistral,5,5,0.916472859084044,0.013610368727819244,0.34372268616894247,0.07232889398714781,0.20802579007804514
121,qwen,5,5,0.9106632002916472,0.017681981671422497,0.34101748525141823,0.1044175783020739,0.22271753177674608
122,gemma,5,5,0.3537582417130377,0.025286249465169063,0.0817010849677588,0.16434737812822114,0.12302423154798997
122,human,3,3,1.6945540947158577,0.060516893165327344,0.7060272805961139,0.4420027003714883,0.5740149904838011
122,llama,5,5,2.0246846418272284,0.03766925174516271,0.8597487797170662,0.2619387397182253,0.5608437597176458
122,mistral,5,5,0.5655339354768317,0.021515361672598366,0.1803120054281661,0.13462873108616566,0.15747036825716587
122,qwen,5,5,0.9481810665555898,0.04101583567366375,0.3584872489445279,0.2883134164624348,0.32340033270348134
123,gemma,5,5,0.5883916793310237,0.029817740168472974,0.19095545143016165,0.20006039325722272,0.1955079223436922
123,human,3,3,2.0334072995356287,0.06646863948178632,0.8638103851364577,0.4889088555774793,0.6763596203569685
123,llama,5,5,1.5836537632850938,0.05574965852474183,0.6543878144827391,0.4044317697462528,0.5294097921144959
123,mistral,5,5,0.8557674986651864,0.040954222068913027,0.31545593203208155,0.2878278350626957,0.30164188354738863
123,qwen,5,5,0.7740551250173461,0.04176073490977089,0.2774075033611051,0.29418402272215416,0.2857957630416296
124,gemma,5,5,0.7466706440849354,0.01956062052712785,0.2646562342089076,0.11922327079236607,0.19193975250063683
124,human,4,4,1.503775192494203,0.05503656652816804,0.6171932750586959,0.39881183870602316,0.5080025568823595
124,llama,5,5,1.537126852565286,0.038978969087042056,0.6327230926692113,0.27226071946125996,0.45249190606523565
124,mistral,5,5,0.8312768226251361,0.035735152074309974,0.3040521299050034,0.24669595642049064,0.27537404316274705
124,qwen,5,5,0.69209266773578,0.027177259015012455,0.23924262611722827,0.17925056497872152,0.2092465955479749
125,gemma,5,5,0.9623218566044797,0.05193135894531643,0.36507174548412463,0.3743394668871391,0.36970560618563186
125,human,3,3,1.5367438781428973,0.1814019297447881,0.632544765026254,1.0,0.8162723825131271
125,llama,5,5,0.7187566473900561,0.06441549054097762,0.25165840212114693,0.4727278361324358,0.36219311912679136
125,mistral,5,5,0.8403659879317276,0.038989411870288614,0.30828439537971586,0.2723430198124008,0.29031370759605835
125,qwen,1,1,,,,,
126,gemma,5,5,0.5541401467986817,0.025548678145110172,0.17500661853925853,0.16641559806524706,0.17071110830225278
126,human,3,3,1.1695689112967822,0.0825726791960989,0.46157395715299887,0.6158259898300035,0.5386999734915012
126,llama,3,3,0.6312492887200519,0.06459997606649721,0.21091160520528957,0.47418178027473745,0.3425466927400135
126,mistral,5,5,1.0354859584419318,0.06953465493479032,0.3991397695270406,0.5130723513072731,0.45610606041715684
126,qwen,5,5,0.8341309808569708,0.057837803163885926,0.3053811359178218,0.4208885928916528,0.3631348644047373
127,gemma,5,5,0.8160559234254915,0.026033924751153282,0.29696469293980504,0.17023986264340876,0.23360227779160692
127,human,3,3,1.2573288587657199,0.07490588882266729,0.5024383691431745,0.5554034449050815,0.5289209070241281
127,llama,5,5,1.2047529358559672,0.03903968316117903,0.47795699425050725,0.2727392115933559,0.37534810292193155
127,mistral,5,5,0.8186726365475563,0.05076020020016577,0.2981831353633036,0.36510947774614116,0.3316463065547224
127,qwen,5,5,0.4681543857510343,0.04218856370014103,0.13496833608719191,0.2975557732262369,0.2162620546567144
128,gemma,5,5,1.0359427807591068,0.04627532508069745,0.39935248359437703,0.32976384349901006,0.36455816354669357
128,human,3,3,2.276204598694108,0.11229741859660387,0.9768661599980569,0.8500888709481044,0.9134775154730806
128,llama,5,5,0.944855831781593,0.043315063886259705,0.3569388915481569,0.30643380494333766,0.3316863482457473
128,mistral,5,5,0.6967137480274919,0.030043119145684173,0.24139437910166386,0.2018366217325529,0.22161550041710837
128,qwen,5,5,0.9572509714249842,0.05982251824185175,0.3627105460177836,0.43653027997587707,0.3996204129968303
129,gemma,5,5,0.5415938410330252,0.01686561411467997,0.16916457530029727,0.09798372489407398,0.13357415009718562
129,human,4,4,0.7673618219110078,0.03823516685259565,0.2742908436136805,0.266398758753186,0.2703448011834333
129,llama,5,5,0.8663404093427257,0.030233835784534126,0.3203790865042878,0.20333967374226677,0.2618593801232773
129,mistral,5,5,0.7267610667652576,0.02118983536299566,0.2553855681065887,0.1320632340387474,0.19372440107266803
129,qwen,5,5,0.5425998766672707,0.027734124420654382,0.16963302424335477,0.18363926264106203,0.1766361434422084
130,gemma,5,5,0.5041462977673081,0.013313829189963034,0.15172755670395158,0.06999184384290177,0.11085970027342668
130,human,3,3,2.388045968862481,0.0455538970370342,1.0,0.3240782154519202,0.6620391077259601
130,llama,5,5,1.0584705409362933,0.02913128335266808,0.40984227648563026,0.19465037605684046,0.3022463262712354
130,mistral,5,5,0.5005159124604854,0.012573034169198527,0.15003710946532267,0.06415358320942795,0.1070953463373753
130,qwen,5,5,0.8997127662887261,0.018011491672034453,0.33591854137699334,0.10701447111450585,0.2214665062457496
131,gemma,5,5,0.9178474865926676,0.06097703252178076,0.3443627656865984,0.44562909284902086,0.39499592926780963
131,human,3,3,2.484421729100328,0.18994523785078862,1.0,1.0,1.0
131,llama,5,5,0.8384733772066347,0.07737791016240832,0.3074031229241393,0.5748856288674185,0.4411443758957789
131,mistral,5,5,0.8634453980324741,0.08708786215287548,0.31903105772452806,0.6514104823962145,0.48522077006037123
131,qwen,5,5,0.6588914900387625,0.049544989097228286,0.22378287889654805,0.35553230869832764,0.28965759379743783
132,gemma,5,5,0.7845689910375466,0.0478661686777244,0.2823031643664977,0.34230140015935495,0.31230228226292633
132,human,5,5,1.2595800145411276,0.07045571682061949,0.5034865939850692,0.5203313085063647,0.5119089512457169
132,llama,5,5,1.3009081688240518,0.0666096045903032,0.5227305745493093,0.49001981207783235,0.5063751933135708
132,mistral,2,2,0.7959508208248054,0.075943625448467,0.28760298273515866,0.5635819244041309,0.4255924535696448
132,qwen,5,5,0.8287602313592869,0.09098747884581512,0.3028803080743791,0.6821436514725012,0.4925119797734402
133,gemma,5,5,0.8143111995415854,0.02722736718099994,0.2961522822939774,0.17964547116018909,0.23789887672708324
133,human,3,3,1.900938374714646,0.10164029715159324,0.8021277511342411,0.7660993045301974,0.7841135278322192
133,llama,5,5,1.0866783868112502,0.0733153082876334,0.4229769360704893,0.5428679614558615,0.48292244876317536
133,mistral,5,5,1.0492589959362673,0.05161248523983467,0.40555302631167883,0.37182639950738966,0.38868971290953425
133,qwen,5,5,0.6893440912929321,0.06737341692895915,0.237962783052295,0.4960394739048443,0.3670011284785697
134,gemma,4,4,1.2991653440381346,0.04372793980793269,0.521919048196657,0.3096877107775386,0.4158033794870978
134,human,3,3,1.878047089209099,0.19784559005677685,0.7914686868473749,1.0,0.8957343434236875
134,llama,4,4,1.0117497264194435,0.07366707229240839,0.3880872655951681,0.545640239729589,0.46686375266237856
134,mistral,5,5,1.746335609767473,0.04841227410088136,0.7301387485900258,0.3466052975997744,0.5383720230949001
134,qwen,1,1,,,,,
135,gemma,5,5,0.8941641832224259,0.01378622022018815,0.33333490737398463,0.07371479267228677,0.2035248500231357
135,human,4,4,1.643908710854891,0.033249383542509114,0.6824448390475059,0.22710542981548737,0.45477513443149664
135,llama,5,5,0.7331802312374813,0.02032591570509007,0.2583745783463509,0.12525461898619325,0.1918145986662721
135,mistral,4,4,0.7580794551986948,0.01801565890823013,0.26996861612248807,0.10704731341277954,0.18850796476763382
135,qwen,5,5,0.8117671068317819,0.020347656876845498,0.29496765473171266,0.1254259627771576,0.21019680875443514
136,gemma,5,5,1.3305234250368776,0.11124638306846327,0.5365205785998913,0.8418055818109919,0.6891630802054416
136,human,3,3,1.9750101501507429,0.19745051391063254,0.8366184229676056,1.0,0.9183092114838027
136,llama,5,5,1.5672976136973058,0.13103661025421448,0.6467717612078111,0.9977738335776358,0.8222727973927235
136,mistral,5,5,1.1625913285719487,0.15356316805289189,0.45832492586496115,1.0,0.7291624629324805
136,qwen,4,4,1.4164694905267465,0.10002613396054065,0.5765403772712125,0.7533779644156279,0.6649591708434202
137,gemma,5,5,0.8973797030018936,0.05071399703686054,0.334832177242762,0.3647453471811321,0.34978876221194705
137,human,4,4,1.9411745833948126,0.13477549505931166,0.8208632797648955,1.0,0.9104316398824477
137,llama,5,5,1.247024163627248,0.05954479062362148,0.4976401061574233,0.43434148796878597,0.46599079706310464
137,mistral,5,5,1.2794288817206485,0.056882158236932524,0.5127289911076212,0.41335708417436534,0.46304303764099325
137,qwen,3,3,0.9703632691357877,0.05821251415513592,0.3688161369079988,0.42384171807179655,0.3963289274898977
138,gemma,5,5,1.016201540458961,0.07460634245357964,0.39016020169257043,0.553042697700356,0.4716014496964632
138,human,4,4,1.608922391745501,0.1119263001900087,0.6661538612228904,0.8471640591947179,0.7566589602088042
138,llama,5,5,1.168857818177563,0.061875942919065785,0.46124284480590644,0.4527134725200308,0.45697815866296865
138,mistral,5,5,0.963483194669165,0.07867923886914055,0.36561250922093036,0.5851414971532007,0.47537700318706555
138,qwen,3,3,1.5802580106334505,0.08097685576283598,0.652806621246239,0.6032491867100541,0.6280279039781466
139,gemma,5,5,0.4665800158452623,0.023379693472911613,0.13423524881549348,0.14932166860924645,0.14177845871236996
139,human,3,3,2.069786352927766,0.054841394248200635,0.8807498736902204,0.3972736714574055,0.6390117725738129
139,llama,5,5,0.7316881670408113,0.03825144981204487,0.25767981578316573,0.2665270859671713,0.2621034508751685
139,mistral,4,4,0.6338027902777382,0.019952396581418026,0.21210061388955048,0.12231088700304137,0.16720575044629593
139,qwen,5,5,1.3329502673012341,0.037941440831899785,0.537650609838355,0.26408388214685324,0.40086724599260415
140,gemma,5,5,1.0743409499252172,0.01459918156515232,0.41723215022735644,0.0801218014720247,0.24867697584969056
140,human,3,3,3.3001413048155417,0.03028187972552669,1.0,0.2037183116130834,0.6018591558065417
140,llama,5,5,0.792625178312534,0.032900104472761725,0.2860544354801412,0.22435273549945633,0.25520358548979877
140,mistral,5,5,0.5858126824735098,0.017020296664571444,0.18975457115224084,0.09920278956973115,0.144478680360986
140,qwen,5,5,0.6681813788089579,0.01979430346581449,0.2281086089476347,0.12106494340544698,0.17458677617654084
141,gemma,2,2,2.5068817207300715,0.09148095989121952,1.0,0.6860328122794632,0.8430164061397316
141,human,3,3,1.8485340508611239,0.21080328620783648,0.7777262793720243,1.0,0.8888631396860122
141,llama,5,5,1.204966326123921,0.10202639715294412,0.4780563569789027,0.7691421873456686,0.6235992721622856
141,mistral,5,5,0.9182172133706878,0.09239441845587955,0.34453492471604824,0.6932318471391474,0.5188833859275979
141,qwen,4,4,1.545292253802452,0.07158326733606907,0.6365252180104867,0.5292176179470096,0.5828714179787482
142,gemma,5,5,0.8791487448778239,0.023022195114645417,0.3263431408970952,0.146504197469331,0.23642366918321311
142,human,3,3,1.227400755623365,0.0476420990804709,0.48850269151157,0.340535491004818,0.414519091258194
142,llama,5,5,1.1948736932749089,0.03848727617854525,0.4733568383636074,0.2683856510942066,0.370871244728907
142,mistral,5,5,1.0049359762398997,0.05171802775470091,0.3849145210509264,0.372658187913669,0.3787863544822977
142,qwen,5,5,1.009730944111831,0.026294333008970282,0.3871472427907338,0.17229215948346516,0.2797197011370995
143,gemma,5,5,0.5580930303199401,0.012924466538106217,0.17684723336892272,0.06692324783622956,0.12188524060257613
143,human,3,3,0.6902879129004633,0.05931296138573994,0.23840226274807583,0.43251442450956445,0.33545834362882015
143,llama,5,5,0.6258652148858341,0.023339441822507957,0.2084045730375131,0.1490044423598833,0.17870450769869822
143,mistral,5,5,0.6464271691846283,0.012918567176174933,0.21797901099039008,0.06687675452625769,0.14242788275832388
143,qwen,5,5,0.6865361450908014,0.02135937951296989,0.23665529514056025,0.13339942408955094,0.1850273596150556
144,gemma,5,5,1.076343718774475,0.030139174035118066,0.41816471654875415,0.202593637457437,0.3103791770030956
144,human,3,3,1.0740963548243283,0.053326615330779314,0.41711825732675917,0.3853355861921046,0.40122692175943186
144,llama,4,4,1.463121347850952,0.026984956934620646,0.5982632790365991,0.1777350179863457,0.38799914851147244
144,mistral,5,5,1.110449008414996,0.04100473940338202,0.4340454531160568,0.28822596593138594,0.36113570952372137
144,qwen,5,5,1.2395973110609926,0.04554642461317683,0.49418187752567555,0.32401932472395867,0.4091006011248171
145,gemma,4,4,1.232342107124164,0.0710231148366962,0.490803575107568,0.5248030144545947,0.5078032947810813
145,human,4,4,2.1230045400884876,0.15855197136716206,0.9055303115576854,1.0,0.9527651557788427
145,llama,5,5,1.4629822717570957,0.06869322398335806,0.5981985198501908,0.5064409714223711,0.552319745636281
145,mistral,5,5,1.112068032011662,0.07450266292995111,0.43479933286626277,0.5522255916665262,0.49351246226639445
145,qwen,3,3,0.7820915572673167,0.0587262651533715,0.2811495757741517,0.4278906278840025,0.3545201018290771
146,gemma,5,5,0.8354611438447875,0.029853634985503454,0.30600051104184933,0.2003432829788606,0.253171897010355
146,human,3,3,2.363340434977502,0.08759029994592005,1.0,0.6553702319972232,0.8276851159986116
146,llama,5,5,1.488466023501607,0.04077439335327051,0.6100647362778118,0.2864105915852485,0.44823766393153014
146,mistral,5,5,0.606361192893475,0.030672679187082552,0.19932274911728673,0.20679823122381424,0.2030604901705505
146,qwen,5,5,0.905980654268826,0.029732680933926912,0.3388371114549635,0.19939003510598785,0.2691135732804757
147,gemma,5,5,1.115712166438459,0.03408198533060669,0.4364961822247577,0.23366722640773965,0.3350817043162487
147,human,4,4,2.275136517485069,0.2594102907342384,0.9763688202454256,1.0,0.9881844101227129
147,llama,5,5,1.5234453644098456,0.06312246795832567,0.6263524647831759,0.46253742902805367,0.5444449469056147
147,mistral,5,5,1.2856196533793796,0.06799624548753902,0.515611652855898,0.5009480320795571,0.5082798424677275
147,qwen,4,4,1.553549389576941,0.04980244014863818,0.6403700584858866,0.3575612995748344,0.4989656790303605
148,gemma,5,5,0.9537168627475276,0.053344716007179424,0.36106492888629255,0.385478238968519,0.3732715839274058
148,human,3,3,1.7005668190837397,0.06946337364020046,0.7088270366675207,0.512510578125162,0.6106688073963413
148,llama,5,5,1.9414420108277046,0.06378107889161912,0.8209878042787581,0.4677279907581452,0.6443578975184516
148,mistral,5,5,0.7378886310743578,0.03751570497192509,0.26056699067449973,0.2607286261828171,0.2606478084286584
148,qwen,5,5,0.8843952208117478,0.05028632322992851,0.3287861021823249,0.3613748181130474,0.3450804601476861
149,gemma,5,5,0.5585018721452679,0.023112470376603945,0.17703760587108183,0.14721566352039206,0.16212663469573696
149,human,3,3,1.1107617229150968,0.04190202277033376,0.4341910650328363,0.29529752285537675,0.3647442939441065
149,llama,5,5,0.5557206592021704,0.033033121906516485,0.17574256599449833,0.22540105578413466,0.2005718108893165
149,mistral,5,5,0.342465253094436,0.015093577961847205,0.07644263446932106,0.08401817623055947,0.08023040534994028
149,qwen,5,5,0.25778433023326147,0.025338455242021884,0.037011934938283586,0.16475881573686652,0.10088537533757505
150,gemma,5,5,0.4326107210630156,0.017476859168647607,0.11841783669262529,0.10280099260775542,0.11060941465019036
150,human,3,3,0.7070766865176424,0.052649767189385265,0.24621976243544771,0.3800012956691166,0.31311052905228215
150,llama,5,5,0.47701778760669267,0.02370276729854721,0.1390954774029078,0.1518678374481886,0.1454816574255482
150,mistral,5,5,0.49800208921798567,0.01975708038694087,0.14886657653299212,0.12077158555347293,0.13481908104323254
150,qwen,5,5,0.6901611282113356,0.024036437854184235,0.23834322691316495,0.15449751990409194,0.19642037340862845
151,gemma,5,5,0.754966960484935,0.028879966682395196,0.2685193186927541,0.19266973069413854,0.23059452469344632
151,human,4,4,1.9717549564839436,0.08282588377129026,0.8351026794086776,0.6178215139117252,0.7264620966602013
151,llama,4,4,0.749242413099014,0.030179702254821045,0.2658537489245137,0.20291304337000982,0.23438339614726175
151,mistral,5,5,0.7556209771143737,0.030816088997741242,0.2688238540276603,0.20792845460349962,0.23837615431557996
152,gemma,5,5,1.2716854066316834,0.032620616561365515,0.5091233308332331,0.22215007049105448,0.3656367006621438
152,human,4,4,2.1756099294806925,0.20057937498951084,0.9300254071796097,1.0,0.9650127035898048
152,llama,5,5,2.182710684430565,0.0409049260974224,0.9333317922001289,0.28743932984644094,0.6103855610232849
152,mistral,4,4,0.7118847764047634,0.03135758975857966,0.24845859429097786,0.21219606235785043,0.23032732832441416
152,qwen,1,1,,,,,
153,gemma,5,5,1.2211955480516863,0.159470990184222,0.485613307846164,1.0,0.742806653923082
153,human,3,3,2.007638978621073,0.2933795787551315,0.8518116623418689,1.0,0.9259058311709345
153,llama,5,5,0.7594676383887284,0.13927222097686948,0.2706150076875634,1.0,0.6353075038437817
153,mistral,5,5,0.8388025049382211,0.07961960359933316,0.3075563774737241,0.5925525815038015,0.4500544794887628
153,qwen,1,1,,,,,
154,gemma,5,5,1.3063232105173526,0.01357538119277798,0.5252520265451339,0.07205315462231936,0.2986525905837266
154,human,4,4,2.557096461147166,0.04279109975771106,1.0,0.3023044046918335,0.6511522023459168
154,llama,5,5,0.8351087891503692,0.02393255546115548,0.3058364411236845,0.15367881504143652,0.2297576280825605
154,mistral,5,5,0.7860537619121367,0.02582673730426177,0.28299453087798904,0.16860700297098774,0.2258007669244884
154,qwen,2,2,0.9247790683978562,0.016730622647333604,0.34759037717452784,0.09691984710389955,0.2222551121392137
155,gemma,5,5,0.5271683029301002,0.01709553084666906,0.16244748909845613,0.09979571575217068,0.1311216024253134
155,human,4,4,0.6832478950608348,0.03511229204439994,0.23512415926563476,0.2417871502178851,0.23845565474175995
155,llama,5,5,0.41282492700998186,0.017649683896397796,0.10920480884729623,0.1041630371359077,0.10668392299160197
155,mistral,5,5,0.7512201821132225,0.022053297067656373,0.26677467435973723,0.13886823992773187,0.20282145714373456
155,qwen,5,5,0.4770055903326205,0.01841003837692092,0.1390897978822698,0.11015544732589842,0.1246226226040841
156,gemma,5,5,0.5621274274396483,0.028990461354758756,0.17872580406986904,0.19354054742182525,0.18613317574584715
156,human,3,3,1.031640304334827,0.09632563693558742,0.39734908484300446,0.7242140722464074,0.5607815785447059
156,llama,5,5,0.8502383185692028,0.04681381669533904,0.31288133279944047,0.33400773594846694,0.3234445343739537
156,mistral,5,5,0.5759713218349696,0.03365062534710346,0.185172054556962,0.23026764630804644,0.20771985043250424
156,qwen,5,5,0.7517670297295401,0.033757759546557776,0.2670293076740627,0.23111197889889915,0.24907064328648093
157,gemma,3,3,0.6548576526328594,0.020948942133768782,0.2219045688199092,0.13016473658986571,0.17603465270488744
157,human,3,3,1.6294673161326856,0.0549977726787082,0.6757203693929424,0.3985061014942793,0.5371132354436109
157,llama,5,5,0.9922881442962413,0.0353464878326219,0.3790252033127737,0.24363286463628195,0.3113290339745278
157,mistral,5,5,0.8109056052204293,0.023094019699645408,0.2945665063970584,0.1470702523635557,0.22081837938030704
157,qwen,4,4,0.7496442397207216,0.022416883046266062,0.2660408548776467,0.141733688056162,0.20388727146690436
158,gemma,5,5,1.0197413281297207,0.08561433628444183,0.39180846318209406,0.639797515476967,0.5158029893295305
158,human,3,3,2.8203757202223763,0.2789010159354319,1.0,1.0,1.0
158,llama,5,5,1.0829884018516287,0.14549714985084133,0.42125873693778254,1.0,0.7106293684688912
158,mistral,5,5,0.9875639957101413,0.11032397976972078,0.3768254577603561,0.8345360528370024,0.6056807552986793
158,qwen,1,1,,,,,
159,gemma,5,5,0.34113737081365214,0.00443282632488583,0.07582432133033916,0.0,0.03791216066516958
159,human,4,4,0.5618557984938211,0.009346206362101206,0.17859932316974464,0.03872271336133839,0.10866101826554152
159,llama,5,5,1.4278181557153373,0.01999299513786873,0.5818247529252577,0.12263084724475223,0.352227800085005
159,mistral,4,4,1.649621801518905,0.053448345556196764,0.6851050741247218,0.38629495114872264,0.5357000126367222
159,qwen,5,5,0.3994303178161828,0.010106685967222162,0.1029677628561676,0.04471610966758706,0.07384193626187732
160,gemma,5,5,0.7886470492172933,0.007794171643131853,0.28420206533878983,0.02649101235423365,0.15534653884651173
160,human,4,4,0.7859125697312318,0.017216968257295313,0.28292878635994073,0.10075277301364981,0.19184077968679528
160,llama,5,5,0.7712299201870191,0.013424667563524628,0.2760919791672924,0.07086536930528285,0.17347867423628763
160,mistral,5,5,0.8441709691922155,0.009201359903303685,0.310056141219679,0.037581167650862446,0.17381865443527073
160,qwen,5,5,1.433015797477996,0.011081337451219475,0.58424497513929,0.05239741047399091,0.31832119280664045
161,gemma,5,5,0.3016819980310492,0.00796799217500116,0.057452379970814975,0.027860904888682335,0.042656642429748655
161,human,4,4,0.8405805535982164,0.027721774474111466,0.3083843054189447,0.1835419317941935,0.2459631186065691
161,llama,5,5,1.4484927639029608,0.015313195727533747,0.5914516468681186,0.08574900016954327,0.3386003235188309
161,mistral,5,5,0.46766658514436343,0.011763776075259035,0.1347411973350053,0.0577757600063358,0.09625847867067056
161,qwen,5,5,0.640661083360474,0.01810141026509048,0.21529409932527824,0.10772312623142953,0.16150861277835388
162,gemma,5,5,1.795646703805398,0.018186363406772498,0.7530998934011629,0.10839264825691534,0.4307462708290391
162,human,3,3,2.9769819582350237,0.06338038626738203,1.0,0.4645701023968108,0.7322850511984054
162,llama,5,5,1.9400213796832613,0.02669198152709331,0.8203263036962383,0.17542605701819883,0.49787618035721853
162,mistral,5,5,0.6292973832954717,0.02349003038108588,0.2100027228536435,0.15019124198562828,0.1800969824196359
162,qwen,5,5,1.274291073447822,0.025298381623682652,0.5103366296711969,0.164442992571439,0.33738981112131794
163,gemma,5,5,0.601116372248208,0.025677038963707887,0.19688055859821618,0.167427219219674,0.18215388890894507
163,human,3,3,1.006018921624938,0.0672696957206715,0.38541878213646,0.4952220393511169,0.44032041074378847
163,llama,5,5,0.59237849893293,0.02506555399608832,0.19281186820616844,0.16260806072866515,0.1777099644674168
163,mistral,5,5,0.7558130862082064,0.016771085685402854,0.26891330742164987,0.09723873931517096,0.18307602336841042
163,qwen,5,5,0.716628933977819,0.029689063882904997,0.2506676567984534,0.19904628588414958,0.22485697134130148
164,gemma,5,5,0.3758040787908016,0.013856656163656222,0.09196647590059748,0.07426990357935906,0.08311818973997827
164,human,4,4,1.7141214474370035,0.06510568269874507,0.7151385937431164,0.47816729184053114,0.5966529427918238
164,llama,5,5,0.6593499341215793,0.024477697571195955,0.22399634812043648,0.1579751205395669,0.19098573433000168
164,mistral,5,5,0.42656537782759607,0.02554322712160669,0.11560289202003823,0.16637263814375666,0.14098776508189745
164,qwen,5,5,0.5040698817402997,0.02090562574528577,0.15169197445828725,0.12982335691184949,0.14075766568506837
165,human,3,3,2.653581945494109,0.21280583978058462,1.0,1.0,1.0
165,llama,5,5,1.473136720116771,0.051822837812042596,0.6029268221483389,0.3734842037677424,0.48820551295804065
165,mistral,5,5,0.9084690966306995,0.03911275195620242,0.3399958260716215,0.27331507219927653,0.306655449135449
166,gemma,1,1,,,,,
166,human,4,4,2.5470821223529247,0.11787205997816436,1.0,0.8940230341260786,0.9470115170630393
166,llama,5,5,1.2118935792993912,0.049554587544012076,0.48128195289009973,0.3556079547710327,0.41844495383056624
166,mistral,4,4,0.9719891774391781,0.046641310176378147,0.36957322244284946,0.33264819924744055,0.351110710845145
166,qwen,4,4,1.075097397500149,0.045286875921220826,0.417584381356049,0.32197380218635774,0.3697790917712034
167,gemma,5,5,0.5550066690853751,0.012668183922509823,0.1754101046937442,0.06490346548923702,0.12015678509149061
167,human,4,4,0.5200703716441282,0.01578611432936487,0.15914241888461422,0.08947610682997781,0.12430926285729602
167,llama,4,4,0.5439021304138311,0.012147334516560767,0.1702394037496099,0.06079861259810605,0.11551900817385799
167,mistral,4,4,0.47715974377742393,0.022788955472554107,0.1391615776640476,0.14466601850967503,0.14191379808686133
167,qwen,5,5,0.45528393672539497,0.010105734362837526,0.12897535926062265,0.04470861000268417,0.08684198463165341
168,gemma,5,5,0.5721065990666856,0.007805836496417307,0.18337249076977005,0.026582943930206486,0.10497771734998827
168,human,4,4,2.088855182938355,0.03259989474189162,0.8896290554604595,0.22198676029120523,0.5558079078758323
168,llama,5,5,0.9186353099623629,0.016078848233273303,0.3447296065939053,0.0917831644901494,0.21825638554202734
168,mistral,5,5,0.9285248518156648,0.022818070286317473,0.3493345582186822,0.14489547452150156,0.24711501637009187
168,qwen,5,5,0.8287940566800112,0.01571613476390924,0.30289605844663486,0.08892459267195126,0.19591032555929305
169,gemma,5,5,0.7557649869305705,0.07547266366890588,0.2688909105452338,0.5598702396054874,0.41438057507536064
169,human,3,3,1.9615103456973257,0.1625567666261195,0.8303323940115547,1.0,0.9151661970057774
169,llama,5,5,2.009518855920027,0.10252083335033546,0.852687005623753,0.7730388757764513,0.8128629407001021
169,mistral,5,5,1.985106380607751,0.07772509994728803,0.8413196167677609,0.5776218573740782,0.7094707370709196
169,qwen,4,4,0.8049220878067268,0.06401684789289953,0.2917803502085479,0.46958610378561716,0.38068322699708257
170,gemma,5,5,0.4472443940249303,0.02489375956353044,0.12523183850201372,0.16125413603352132,0.14324298726776752
170,human,3,3,1.4207616194484756,0.05915474120083286,0.5785389578268193,0.4312674794693418,0.5049032186480805
170,llama,5,5,0.7661741592630321,0.04194860553129313,0.27373782213689124,0.2956646450577195,0.28470123359730537
170,mistral,5,5,0.44812803440461774,0.030181275410749477,0.12564329549997377,0.20292544152883896,0.16428436851440636
170,qwen,5,5,0.8209569133212901,0.0223554510187706,0.29924678261781545,0.14124953768027113,0.2202481601490433
171,gemma,5,5,1.1748806341629585,0.014228349346965475,0.46404729992314914,0.0771992451907612,0.2706232725569552
171,human,3,3,1.6849278460891721,0.03848956094081468,0.701544928439511,0.268403657475514,0.4849742929575125
171,llama,5,5,0.8290510484456186,0.02155540696737528,0.3030157237118355,0.13494433103149284,0.21898002737166417
171,mistral,5,5,0.5703887602017406,0.013994425474590688,0.18257259882436186,0.07535567376137166,0.12896413629286677
171,qwen,5,5,0.877603220601131,0.022090172772842344,0.32562348526140844,0.13915886010184786,0.23239117268162815
172,gemma,5,5,0.5103138728597179,0.010168076408796222,0.15459941723743448,0.04519993230173966,0.09989967476958707
172,human,3,3,2.176189292815401,0.046959968982015265,0.9302951810648996,0.3351595729855375,0.6327273770252185
172,llama,5,5,1.3496883861488156,0.022254541866163567,0.5454445227138178,0.1404542651464265,0.34294939393012214
172,mistral,5,5,0.9982398045196728,0.019820567452880987,0.3817965255663784,0.12127193184012915,0.25153422870325376
172,qwen,5,5,0.8882063800035587,0.015706229106874713,0.3305607247050814,0.0888465254524204,0.2097036250787509
173,gemma,5,5,0.8231362229318174,0.05162951033741625,0.30026155311788055,0.37196057556717066,0.3361110643425256
173,human,3,3,1.9234361642782314,0.14664982397416446,0.8126035885533557,1.0,0.9063017942766778
173,llama,5,5,1.165313857078961,0.06709160948655882,0.459592640007622,0.4938185285001521,0.4767055842538871
173,mistral,4,4,1.0064373537608178,0.06303500701622831,0.3856136202566238,0.46184814284105075,0.4237308815488373
174,gemma,5,5,0.8889002245121602,0.04189322639612471,0.3308838054346665,0.29522819797626376,0.3130560017054651
174,human,4,4,2.155019553008701,0.11296151351201689,0.9204377347680907,0.85532265234899,0.8878801935585403
174,llama,5,5,1.2529565894984036,0.07087205899387744,0.5004024721557152,0.5236125321270071,0.5120075021413611
174,mistral,5,5,1.217716077278827,0.06247340397805342,0.4839931322276653,0.4574221075444959,0.4707076198860806
174,qwen,5,5,0.8727341962504938,0.05070239951783473,0.3233562799725144,0.3646539462714655,0.34400511312199
175,gemma,5,5,1.7245883839790288,0.07675886374916953,0.7200124025757816,0.5700068780613244,0.645009640318553
175,human,3,3,2.7072537245378356,0.09204058873916325,1.0,0.690443288836034,0.845221644418017
175,llama,4,4,1.2846236826403243,0.06554761022905871,0.5151478905157335,0.48165015556228746,0.4983990230390105
175,mistral,5,5,1.5124447784662487,0.06750736805151475,0.6212301682333564,0.4970951526603777,0.559162660446867
175,qwen,1,1,,,,,
176,gemma,5,5,0.7001200407744936,0.014935655871269393,0.24298048021255952,0.08277358049390775,0.16287703035323364
176,human,4,4,0.4355167076174584,0.03805034934845197,0.11977097596883889,0.26494219826266685,0.19235658711575288
176,llama,5,5,0.6328327236696224,0.027900638246139607,0.2116489135105594,0.18495157047927652,0.19830024199491797
176,mistral,5,5,0.4284056524110236,0.025517819504288754,0.1164597947521057,0.1661723988227302,0.14131609678741794
176,qwen,5,5,0.5064000854108479,0.02577124144274793,0.15277700704502628,0.16816963596052564,0.16047332150277596
177,gemma,5,5,1.0175773770841643,0.08982397562436646,0.39080084422148004,0.672973996082953,0.5318874201522166
177,human,3,3,1.8465708055561076,0.10975278151342922,0.7768121167352433,0.8300343969131082,0.8034232568241757
177,llama,5,5,0.6995675094546429,0.036568923651955944,0.24272320034693684,0.25326697221114247,0.24799508627903966
177,mistral,4,4,1.720280861273423,0.13493107993260045,0.7180066540814447,1.0,0.8590033270407224
177,qwen,5,5,0.8617800278555885,0.08333694082807286,0.31825559722133556,0.6218491925710576,0.4700523948961966
178,gemma,5,5,0.178297918763829,0.022370028577644106,0.0,0.14136442450553013,0.07068221225276507
178,human,4,4,1.0487510229499262,0.07936288633707354,0.4053164945224926,0.590529373674142,0.49792293409831734
178,llama,5,5,1.351944453067849,0.05940778905485674,0.5464950343733584,0.43326176841989117,0.4898784013966248
178,mistral,5,5,0.38384202699090925,0.03598740763788331,0.09570925419842119,0.24868400127109597,0.17219662773475858
178,qwen,5,5,0.7242903285274848,0.06156701503725639,0.25423509721206167,0.4502787889160712,0.3522569430640664
179,gemma,3,3,0.6876755580973407,0.04839318912561515,0.237185849725756,0.34645488749081804,0.29182036860828703
179,human,3,3,1.776231864440759,0.16823167764176608,0.7440595963476523,1.0,0.8720297981738261
179,llama,5,5,1.1002174953267922,0.06401395602965265,0.42928126651182913,0.46956331279637126,0.4494222896541002
179,mistral,5,5,1.5127407108035786,0.037071459544623306,0.6213679657287132,0.2572274949425718,0.4392977303356425
179,qwen,2,2,0.8241028425731356,0.056534582420261326,0.30071164845635606,0.4106178133224571,0.3556647308894066
180,gemma,5,5,0.6213225121479125,0.06923207961519258,0.20628931566116798,0.5106877327183885,0.3584885241897783
180,human,3,3,1.1284310879903503,0.1343433116489817,0.442418602022823,1.0,0.7212093010114116
180,llama,5,5,0.5984977342922683,0.08945750827313961,0.1956612198979223,0.6700858396427097,0.432873529770316
180,mistral,5,5,1.3188195334391462,0.08696837292643236,0.5310707958466901,0.6504687789191215,0.5907697873829059
180,qwen,5,5,0.7516013145119067,0.09595787755775317,0.2669521442855043,0.7213157332484149,0.4941339387669596
181,gemma,5,5,0.944099674682421,0.01192627761542856,0.35658679567616697,0.059056446725681604,0.2078216212009243
181,human,3,3,1.8911609082497378,0.03684068919900899,0.7975749861273619,0.2554087766920323,0.526491881409697
181,llama,5,5,1.0222390833918014,0.022515392197200234,0.39297151424381466,0.1425100459983933,0.26774078012110397
181,mistral,5,5,0.6318811352565185,0.019009110598825096,0.21120581729093232,0.11487678004509158,0.16304129866801195
181,qwen,5,5,1.0417092731575064,0.025614182024587883,0.4020375845761184,0.1669318390093342,0.2844847117927263
182,gemma,5,5,0.6430269733255121,0.01593078927757128,0.21639574882534154,0.09061630085273414,0.15350602483903786
182,human,3,3,1.3787242993944904,0.05204947213957304,0.5589647623630294,0.37527032575226826,0.4671175440576488
182,llama,5,5,1.693176485261634,0.03238892067189073,0.7053858125697242,0.22032405796054053,0.4628549352651324
182,mistral,5,5,0.5737139282425904,0.017214409307655932,0.18412092514720915,0.10073260574129528,0.1424267654442522
182,qwen,5,5,0.6588019533536271,0.03557194136589217,0.22374118716706176,0.2454096806934566,0.23457543393025918
183,gemma,5,5,0.8874830686419072,0.020995654205317838,0.3302239230736747,0.13053287789857945,0.23037840048612707
183,human,4,4,1.8597812985357125,0.11977001190417759,0.782963431125022,0.9089809343593085,0.8459721827421652
183,llama,5,5,0.9439222201250512,0.07743548176781331,0.3565041659988366,0.575339354969809,0.4659217604843228
183,mistral,5,5,0.9610599886608323,0.03826392271803476,0.3644841711633372,0.2666253858665829,0.31555477851496005
183,qwen,3,3,0.5081511112564526,0.02509342292441134,0.15359235212696773,0.16282769782471027,0.158210024975839
184,gemma,5,5,0.8128516354600744,0.03039681753891892,0.29547265303629083,0.2046241450655449,0.25004839905091786
184,human,4,4,1.5845028706470092,0.10539193086086611,0.654783191577438,0.7956662087103268,0.7252247001438824
184,llama,5,5,1.4206469586706414,0.03740947196273366,0.5784855673520108,0.25989139593942573,0.4191884816457183
184,mistral,5,5,0.9947785969134116,0.022741073403257837,0.3801848539817315,0.14428865636173135,0.26223675517173145
184,qwen,5,5,0.7876012466267623,0.02967312404087453,0.28371509936909195,0.19892066280405082,0.24131788108657137
185,gemma,2,2,0.7242661759516056,0.028325327587020888,0.2542238508423929,0.1882985787485334,0.22126121479546315
185,human,3,3,1.851332455314795,0.09984525594115541,0.7790293242781352,0.7519524512973732,0.7654908877877542
185,llama,5,5,1.146505643391599,0.07607603831314416,0.4508348112362265,0.5646254800349617,0.507730145635594
185,mistral,5,5,0.970876785281791,0.05568447438760245,0.36905524980584226,0.40391804871530546,0.38648664926057386
185,qwen,5,5,0.7523609152053595,0.06273900082496493,0.267305843627636,0.45951529604095476,0.36341056983429537
186,gemma,3,3,0.5507634955008529,0.03088637719923067,0.17343431962886463,0.20848240114505426,0.19095836038695946
186,human,3,3,1.4627855736887108,0.10927061552262829,0.5981069296528858,0.8262344108927002,0.712170670272793
186,llama,5,5,0.9250899678968642,0.024681867358404098,0.347735143956886,0.15958419781167366,0.2536596708842798
186,mistral,5,5,0.9886946849591585,0.04353237335086681,0.3773519502280169,0.3081464369899024,0.3427491936089596
186,qwen,4,4,0.6017748493726297,0.023573304929425037,0.1971871709114015,0.150847534892183,0.17401735290179227
187,gemma,5,5,0.951480379903677,0.02991152234703267,0.3600235363265212,0.20079949757874127,0.2804115169526312
187,human,3,3,1.2457547593674143,0.052069978583211905,0.4970490226375261,0.3754319385591494,0.43624048059833775
187,llama,5,5,0.8925022714793462,0.061383942242138556,0.33256105725078855,0.4488359786070961,0.39069851792894233
187,mistral,5,5,1.0349868399650792,0.05405594071278622,0.3989073607385414,0.39108345374981296,0.39499540724417714
187,qwen,5,5,0.8545824469915146,0.05963415063332048,0.31490412632550097,0.43504574084874476,0.37497493358712286
188,gemma,5,5,0.7079370670977678,0.03809341079957608,0.24662038877478137,0.26528156876040415,0.25595097876759276
188,human,4,4,1.9689776992131056,0.10303162056364736,0.8338094814454677,0.7770644277793293,0.8054369546123985
188,llama,5,5,0.6777140714623404,0.053208402983971614,0.23254739783936032,0.3844039458983487,0.3084756718688545
188,mistral,5,5,0.5480933424839487,0.06872955965384002,0.17219099353186343,0.5067273355428356,0.3394591645373495
188,qwen,3,3,0.734879369759712,0.08007483279821843,0.25916576269186786,0.596140276664491,0.4276530196781794
189,gemma,2,2,1.5504057180967772,0.034519514591915046,0.6389062439528087,0.23711542704447353,0.4380108354986411
189,human,3,3,1.6273915821464804,0.11767294622965234,0.6747538276932186,0.8924538038708302,0.7836038157820244
189,llama,5,5,0.8264849732227034,0.04619542875955094,0.3018208602447156,0.3291341746521168,0.31547751744841623
189,mistral,5,5,1.0659908939040172,0.05811292096201419,0.41334404250586837,0.4230568167124914,0.4182004296091799
189,qwen,3,3,1.0128291295059102,0.052218249098255155,0.38858987725004007,0.37660046951146137,0.3825951733807507
190,gemma,5,5,1.276816324546321,0.06336037324316483,0.5115124838534733,0.46441237826507537,0.4879624310592743
190,human,3,3,3.0541825373040488,0.22911725314300943,1.0,1.0,1.0
190,llama,5,5,1.3065121905217236,0.0768497880648054,0.5253400229145399,0.570723459352671,0.5480317411336054
190,mistral,5,5,1.097635536527206,0.06671203927271208,0.42807900703958757,0.49082710742546165,0.4594530572325246
191,gemma,5,5,1.2335232166566283,0.07683557121397758,0.491353545201354,0.570611415294337,0.5309824802478456
191,human,3,3,2.8078341641040354,0.11771118311513729,1.0,0.8927551516080802,0.94637757580404
191,llama,5,5,1.6893984543800626,0.08456631380789299,0.7036266158642933,0.6315379724234561,0.6675822941438747
191,mistral,4,4,1.3243855819035852,0.08325912273910134,0.5336625624118266,0.6212359024264428,0.5774492324191347
191,qwen,4,4,0.813826069051172,0.0505781583690619,0.2959263868507713,0.3636747925412077,0.32980058969598947
192,gemma,5,5,1.5183899314277043,0.03983719074681996,0.6239984604551302,0.2790244281669489,0.4515114443110395
192,human,4,4,2.777685563508626,0.0691301291849658,1.0,0.5098842537982083,0.7549421268991041
192,llama,5,5,1.351369159922679,0.036738502818758526,0.5462271557250983,0.25460343823217363,0.400415296978636
192,mistral,5,5,1.1863980500019582,0.03816359975446883,0.4694102523801757,0.2658347331321518,0.36762249275616377
192,qwen,5,5,1.5767768358099576,0.03813972772657932,0.6511856521561267,0.26564659590557504,0.45841612403085086
193,gemma,5,5,1.1095089173071995,0.14786957447098614,0.4336077104846486,1.0,0.7168038552423243
193,human,3,3,1.6974567600046857,0.18767571475561737,0.7073788733631244,1.0,0.8536894366815622
193,llama,5,5,2.0371092088505565,0.13041355184446765,0.8655341367083125,0.9928634639287878,0.9291988003185501
193,mistral,5,5,1.3516703678744841,0.12025986808298308,0.5463674097497676,0.9128415273231119,0.7296044685364398
193,qwen,3,3,1.8690966888280531,0.2619904765924674,0.7873010356671194,1.0,0.8936505178335596
194,gemma,5,5,1.4515647357420352,0.03159464578834198,0.5928820752864877,0.21406431855247313,0.4034731969194804
194,human,4,4,1.9419710254810372,0.05191105278850503,0.8212341338786051,0.3741794325556356,0.5977067832171203
194,llama,5,5,1.1741553017627973,0.04055793595823058,0.46370955721836343,0.2847046747622902,0.37420711599032686
194,mistral,5,5,1.0188807779189322,0.03693817303296263,0.3914077578561896,0.2561770540349122,0.3237924059455509
194,qwen,5,5,1.4284550521415174,0.044903090678170596,0.5821213164340692,0.31894916215314584,0.4505352392936075
195,gemma,5,5,1.676583001082653,0.042127934413749624,0.6976592471671829,0.2970779493126673,0.4973685982399251
195,human,3,3,3.1511717557924563,0.07560362566100869,1.0,0.5609023608016936,0.7804511804008468
195,llama,5,5,0.865670513708919,0.060636630047916196,0.32006715729330026,0.44294635564507795,0.3815067564691891
195,mistral,4,4,0.6388599032852408,0.02717357809695642,0.21445540050211775,0.17922155538986193,0.19683847794598985
195,qwen,4,4,1.7945515055047092,0.04933101669954878,0.752589926886129,0.35384597632431536,0.5532179516052222
196,gemma,1,1,,,,,
196,human,4,4,1.8545459180098538,0.0998052239373796,0.7805256362891744,0.7516369560994139,0.7660812961942942
196,llama,5,5,0.7978373139428686,0.07113378300345438,0.28848140659725646,0.525675198504504,0.4070783025508802
196,mistral,5,5,0.7628176440509765,0.05963369743785346,0.27217489936366057,0.43504216918157607,0.3536085342726183
197,gemma,5,5,0.7617000880613432,0.021184661719192623,0.27165452224745246,0.13202246016729816,0.2018384912073753
197,human,3,3,1.561559609854976,0.06336622575295747,0.6440999255951341,0.46445850232985936,0.5542792139624967
197,llama,5,5,0.5683658755415438,0.029950687347999973,0.18163066580654477,0.20110815986310895,0.19136941283482686
197,mistral,5,5,0.5803216554406437,0.016784634393696297,0.18719773745541515,0.09734551769251805,0.1422716275739666
197,qwen,5,5,1.2302030010409553,0.03525995248273711,0.48980752491843277,0.24295087311031996,0.3663791990143764
198,gemma,5,5,0.5288449905386512,0.028621801335989672,0.16322821943377114,0.19063511040566652,0.17693166491971885
198,human,3,3,3.760772417336994,0.2720976423482096,1.0,1.0,1.0
198,llama,5,5,1.202500526501567,0.028916528860493652,0.47690818569394655,0.19295787993796848,0.33493303281595754
198,mistral,5,5,1.5746764933176167,0.06543570163301689,0.6502076517880445,0.48076819559697337,0.565487923692509
198,qwen,4,4,0.7309977969286804,0.03302115583425987,0.2573583528664085,0.22530675027905583,0.24133255157273217
199,gemma,5,5,0.7794712051040477,0.038087483723507974,0.2799294388728953,0.26523485703325955,0.27258214795307745
199,human,3,3,1.4664067061568293,0.12563934104448105,0.5997930684134015,0.9552375536726658,0.7775153110430337
199,llama,5,5,1.4186949522735792,0.03351990781594484,0.5775766379836877,0.2292374517267159,0.40340704485520185
199,mistral,5,5,0.7149751501660452,0.02776153349233367,0.24989759135315526,0.1838552755727096,0.21687643346293242
199,qwen,5,5,1.3580367267074478,0.04949185729943393,0.549331831649856,0.35511357304979646,0.4522227023498262
