model_key,prompt_id,sample_idx,Perplexity
gemma,par3_0000,0,19.325912475585938
gemma,par3_0000,1,19.962095260620117
gemma,par3_0000,2,19.47678565979004
gemma,par3_0000,3,17.79936981201172
gemma,par3_0000,4,20.824743270874023
gemma,par3_0001,0,18.597129821777344
gemma,par3_0001,1,18.35240173339844
gemma,par3_0001,2,19.66083717346191
gemma,par3_0001,3,16.73310661315918
gemma,par3_0001,4,17.26028060913086
gemma,par3_0002,0,29.512073516845703
gemma,par3_0002,1,24.117341995239254
gemma,par3_0002,2,27.235429763793945
gemma,par3_0002,3,27.038368225097656
gemma,par3_0002,4,27.79156494140625
gemma,par3_0003,0,20.69466209411621
gemma,par3_0003,1,20.25247383117676
gemma,par3_0003,2,18.87320327758789
gemma,par3_0003,3,18.007034301757812
gemma,par3_0003,4,18.33333396911621
gemma,par3_0004,0,31.217809677124023
gemma,par3_0004,2,18.64712142944336
gemma,par3_0004,3,24.674545288085938
gemma,par3_0004,4,26.233549118041992
gemma,par3_0005,0,42.71931076049805
gemma,par3_0005,1,52.89299011230469
gemma,par3_0005,2,49.8541259765625
gemma,par3_0005,3,36.21430206298828
gemma,par3_0005,4,37.42664337158203
gemma,par3_0006,0,17.473831176757812
gemma,par3_0006,1,23.49363899230957
gemma,par3_0006,2,20.941648483276367
gemma,par3_0006,3,20.37283515930176
gemma,par3_0006,4,24.45748710632324
gemma,par3_0007,0,21.752788543701172
gemma,par3_0007,1,19.719568252563477
gemma,par3_0007,2,20.07342529296875
gemma,par3_0007,3,21.57395362854004
gemma,par3_0007,4,19.667049407958984
gemma,par3_0008,0,21.74195098876953
gemma,par3_0008,1,24.47597885131836
gemma,par3_0008,2,28.53067398071289
gemma,par3_0008,3,23.47888946533203
gemma,par3_0008,4,23.694080352783203
gemma,par3_0009,0,15.12355613708496
gemma,par3_0009,1,16.395322799682617
gemma,par3_0009,2,16.42292022705078
gemma,par3_0009,3,17.558469772338867
gemma,par3_0009,4,14.34926414489746
gemma,par3_0010,0,32.69082260131836
gemma,par3_0010,1,22.224008560180664
gemma,par3_0010,2,26.151185989379883
gemma,par3_0010,3,34.63092041015625
gemma,par3_0010,4,24.2462158203125
gemma,par3_0011,0,17.949914932250977
gemma,par3_0011,1,20.147499084472656
gemma,par3_0011,2,21.83674430847168
gemma,par3_0011,3,19.22276496887207
gemma,par3_0011,4,17.38597869873047
gemma,par3_0012,0,30.325891494750977
gemma,par3_0012,1,29.139055252075195
gemma,par3_0012,2,26.343992233276367
gemma,par3_0012,3,30.198278427124023
gemma,par3_0012,4,24.784748077392575
gemma,par3_0013,0,18.791120529174805
gemma,par3_0013,1,16.098186492919922
gemma,par3_0013,2,19.377660751342773
gemma,par3_0013,3,24.401670455932617
gemma,par3_0013,4,18.260971069335938
gemma,par3_0014,0,21.68248748779297
gemma,par3_0014,1,18.850053787231445
gemma,par3_0014,2,19.873435974121097
gemma,par3_0014,3,19.594764709472656
gemma,par3_0014,4,19.753538131713867
gemma,par3_0015,0,22.81180191040039
gemma,par3_0015,1,18.96060562133789
gemma,par3_0015,2,18.046417236328125
gemma,par3_0015,3,19.993227005004883
gemma,par3_0015,4,24.431499481201172
gemma,par3_0016,0,22.68564796447754
gemma,par3_0016,1,26.715667724609375
gemma,par3_0016,2,20.788772583007812
gemma,par3_0016,3,28.606048583984375
gemma,par3_0016,4,33.7574462890625
gemma,par3_0017,0,16.48346710205078
gemma,par3_0017,1,14.679912567138672
gemma,par3_0017,2,15.657840728759766
gemma,par3_0017,3,12.882420539855955
gemma,par3_0017,4,15.810800552368164
gemma,par3_0018,0,25.561119079589844
gemma,par3_0018,1,28.74060440063477
gemma,par3_0018,2,24.857419967651367
gemma,par3_0018,3,31.90426445007324
gemma,par3_0018,4,28.84993553161621
gemma,par3_0019,0,17.242084503173828
gemma,par3_0019,1,19.835865020751953
gemma,par3_0019,2,19.204849243164062
gemma,par3_0019,3,15.347846031188965
gemma,par3_0019,4,14.44248104095459
gemma,par3_0020,0,18.626117706298828
gemma,par3_0020,1,14.92307949066162
gemma,par3_0020,3,17.474872589111328
gemma,par3_0021,0,15.695302963256836
gemma,par3_0021,1,15.95412540435791
gemma,par3_0021,2,11.804984092712402
gemma,par3_0021,3,12.20544719696045
gemma,par3_0021,4,18.12223243713379
gemma,par3_0022,0,17.09733009338379
gemma,par3_0022,1,14.450684547424316
gemma,par3_0022,4,14.64770221710205
gemma,par3_0023,0,26.95111656188965
gemma,par3_0023,1,24.513097763061523
gemma,par3_0023,2,20.949159622192383
gemma,par3_0023,3,29.156248092651367
gemma,par3_0023,4,21.770355224609375
gemma,par3_0024,0,10.59786319732666
gemma,par3_0024,1,10.838763236999512
gemma,par3_0024,2,11.101107597351074
gemma,par3_0024,3,11.713656425476074
gemma,par3_0024,4,10.969347953796388
gemma,par3_0025,0,20.60791778564453
gemma,par3_0025,1,20.3925838470459
gemma,par3_0025,3,15.451313972473145
gemma,par3_0025,4,19.44468688964844
gemma,par3_0026,0,21.61415100097656
gemma,par3_0026,1,19.404048919677734
gemma,par3_0026,2,24.654916763305664
gemma,par3_0026,3,21.66700553894043
gemma,par3_0026,4,19.67184066772461
gemma,par3_0027,0,39.50734329223633
gemma,par3_0027,1,24.92426490783691
gemma,par3_0027,2,34.979530334472656
gemma,par3_0027,3,35.67387771606445
gemma,par3_0027,4,22.21774673461914
gemma,par3_0028,0,14.289846420288086
gemma,par3_0028,1,9.648802757263184
gemma,par3_0028,2,10.68423843383789
gemma,par3_0028,3,17.669166564941406
gemma,par3_0028,4,11.365316390991213
gemma,par3_0029,0,29.692567825317383
gemma,par3_0029,1,26.049779891967773
gemma,par3_0029,2,28.29865264892578
gemma,par3_0029,3,24.414024353027344
gemma,par3_0029,4,23.679962158203125
gemma,par3_0030,0,25.989059448242188
gemma,par3_0030,1,27.768217086791992
gemma,par3_0030,2,21.513185501098633
gemma,par3_0030,3,25.382749557495117
gemma,par3_0030,4,26.92426490783691
gemma,par3_0031,0,19.22580337524414
gemma,par3_0031,1,17.375656127929688
gemma,par3_0031,2,15.91834545135498
gemma,par3_0031,3,19.38611602783203
gemma,par3_0031,4,20.3973445892334
gemma,par3_0032,0,61.893951416015625
gemma,par3_0032,1,36.952919006347656
gemma,par3_0032,2,34.33173370361328
gemma,par3_0032,3,29.845932006835938
gemma,par3_0032,4,41.28482437133789
gemma,par3_0033,0,31.84925651550293
gemma,par3_0033,1,29.00128936767578
gemma,par3_0033,2,37.99567413330078
gemma,par3_0033,3,31.322938919067383
gemma,par3_0033,4,30.947078704833984
gemma,par3_0034,0,29.24782371520996
gemma,par3_0034,1,28.44122314453125
gemma,par3_0034,2,27.566709518432617
gemma,par3_0034,3,30.95215606689453
gemma,par3_0034,4,28.25548553466797
gemma,par3_0035,0,25.573354721069336
gemma,par3_0035,1,23.362314224243164
gemma,par3_0035,2,24.15082550048828
gemma,par3_0035,3,18.824975967407227
gemma,par3_0035,4,27.174394607543945
gemma,par3_0036,0,10.616679191589355
gemma,par3_0036,1,10.681721687316896
gemma,par3_0036,2,12.19205093383789
gemma,par3_0036,3,9.168387413024902
gemma,par3_0036,4,10.388931274414062
gemma,par3_0037,0,22.818857192993164
gemma,par3_0037,1,23.568979263305664
gemma,par3_0037,2,22.29806900024414
gemma,par3_0037,3,21.721439361572266
gemma,par3_0037,4,24.222797393798828
gemma,par3_0038,0,13.956748962402344
gemma,par3_0038,1,11.2781400680542
gemma,par3_0038,2,16.319360733032227
gemma,par3_0038,3,13.054100036621094
gemma,par3_0038,4,14.85324478149414
gemma,par3_0039,0,29.233448028564453
gemma,par3_0039,1,28.460657119750977
gemma,par3_0039,2,26.809648513793945
gemma,par3_0039,3,30.651521682739254
gemma,par3_0039,4,30.63733291625977
gemma,par3_0040,0,14.497115135192873
gemma,par3_0040,1,14.067803382873535
gemma,par3_0040,2,13.770926475524902
gemma,par3_0040,3,14.050031661987305
gemma,par3_0040,4,14.999564170837402
gemma,par3_0041,0,19.107860565185547
gemma,par3_0041,1,19.968591690063477
gemma,par3_0041,2,17.4444522857666
gemma,par3_0041,3,19.6214599609375
gemma,par3_0041,4,19.98018455505371
gemma,par3_0042,0,32.57651901245117
gemma,par3_0042,1,32.8010139465332
gemma,par3_0042,2,32.55946731567383
gemma,par3_0042,3,23.174694061279297
gemma,par3_0042,4,34.4738883972168
gemma,par3_0043,0,27.718509674072266
gemma,par3_0043,1,26.43794631958008
gemma,par3_0043,2,27.0458927154541
gemma,par3_0043,3,28.371667861938477
gemma,par3_0043,4,25.26642608642578
gemma,par3_0044,0,23.972990036010746
gemma,par3_0044,1,30.838388442993164
gemma,par3_0044,2,30.50057601928711
gemma,par3_0044,3,32.70924758911133
gemma,par3_0044,4,24.738264083862305
gemma,par3_0045,0,23.38662338256836
gemma,par3_0045,1,31.5385684967041
gemma,par3_0045,2,29.800859451293945
gemma,par3_0045,3,32.775882720947266
gemma,par3_0045,4,28.379758834838867
gemma,par3_0046,0,41.22397232055664
gemma,par3_0046,2,33.7241096496582
gemma,par3_0047,0,9.348522186279297
gemma,par3_0047,1,12.279699325561523
gemma,par3_0047,2,12.1205415725708
gemma,par3_0047,3,9.473856925964355
gemma,par3_0047,4,11.943673133850098
gemma,par3_0048,0,23.178258895874023
gemma,par3_0048,1,24.997968673706055
gemma,par3_0048,2,27.914630889892575
gemma,par3_0048,3,24.16523551940918
gemma,par3_0048,4,20.945348739624023
gemma,par3_0049,0,12.48724365234375
gemma,par3_0049,1,13.42548942565918
gemma,par3_0049,2,9.390267372131348
gemma,par3_0049,3,11.268630981445312
gemma,par3_0049,4,10.608567237854004
gemma,par3_0050,0,18.257766723632812
gemma,par3_0050,1,18.253461837768555
gemma,par3_0050,2,17.94332504272461
gemma,par3_0050,3,13.796931266784668
gemma,par3_0050,4,17.320154190063477
gemma,par3_0051,0,25.67586326599121
gemma,par3_0051,1,19.634492874145508
gemma,par3_0051,2,24.31070899963379
gemma,par3_0051,3,20.582109451293945
gemma,par3_0051,4,25.697566986083984
gemma,par3_0052,0,20.88092803955078
gemma,par3_0052,1,22.50289726257324
gemma,par3_0052,3,20.099328994750977
gemma,par3_0052,4,21.050519943237305
gemma,par3_0053,0,25.250486373901367
gemma,par3_0053,1,24.641611099243164
gemma,par3_0053,2,20.28544044494629
gemma,par3_0053,3,24.08261489868164
gemma,par3_0053,4,26.54072380065918
gemma,par3_0054,0,69.82633209228516
gemma,par3_0054,1,71.2455825805664
gemma,par3_0054,2,62.9986686706543
gemma,par3_0054,3,66.88385772705078
gemma,par3_0054,4,62.61201477050781
gemma,par3_0055,1,15.274799346923828
gemma,par3_0055,2,23.76997947692871
gemma,par3_0055,3,17.817914962768555
gemma,par3_0056,0,21.86200904846191
gemma,par3_0056,1,23.409116744995117
gemma,par3_0056,2,23.462682723999023
gemma,par3_0056,3,25.42395401000977
gemma,par3_0056,4,21.24917984008789
gemma,par3_0057,0,20.55730438232422
gemma,par3_0057,1,21.679929733276367
gemma,par3_0057,2,21.710281372070312
gemma,par3_0057,3,19.30238151550293
gemma,par3_0057,4,21.54483413696289
gemma,par3_0058,0,24.368850708007812
gemma,par3_0058,2,16.177518844604492
gemma,par3_0058,3,23.339160919189453
gemma,par3_0058,4,22.05251693725586
gemma,par3_0059,0,19.25178337097168
gemma,par3_0059,1,18.09358787536621
gemma,par3_0059,2,17.93802261352539
gemma,par3_0059,3,17.439624786376953
gemma,par3_0059,4,16.4991512298584
gemma,par3_0060,0,24.2369441986084
gemma,par3_0060,1,29.326705932617188
gemma,par3_0060,2,25.85645866394043
gemma,par3_0060,3,38.8835334777832
gemma,par3_0060,4,37.36799240112305
gemma,par3_0061,0,14.335579872131348
gemma,par3_0061,1,16.16562843322754
gemma,par3_0061,2,15.108901977539062
gemma,par3_0061,3,16.082456588745117
gemma,par3_0061,4,20.654296875
gemma,par3_0062,0,19.913589477539062
gemma,par3_0062,1,11.266655921936035
gemma,par3_0062,2,13.603233337402344
gemma,par3_0062,3,14.928969383239746
gemma,par3_0062,4,15.904491424560549
gemma,par3_0063,0,22.789026260375977
gemma,par3_0063,3,23.302698135375977
gemma,par3_0064,0,30.411176681518555
gemma,par3_0064,1,23.074188232421875
gemma,par3_0064,2,26.833009719848633
gemma,par3_0064,3,28.044504165649418
gemma,par3_0064,4,31.60713768005371
gemma,par3_0065,0,34.197994232177734
gemma,par3_0065,1,30.080303192138672
gemma,par3_0065,3,23.632383346557617
gemma,par3_0065,4,26.413103103637695
gemma,par3_0066,0,19.466033935546875
gemma,par3_0066,1,22.18638801574707
gemma,par3_0066,2,21.238759994506836
gemma,par3_0066,3,24.32770347595215
gemma,par3_0066,4,22.387636184692383
gemma,par3_0067,0,25.088804244995117
gemma,par3_0067,1,27.282546997070312
gemma,par3_0067,2,23.638980865478516
gemma,par3_0067,3,25.67047119140625
gemma,par3_0067,4,23.868968963623047
gemma,par3_0068,0,19.24111557006836
gemma,par3_0068,1,20.70479965209961
gemma,par3_0068,2,19.625205993652344
gemma,par3_0068,3,17.56251335144043
gemma,par3_0068,4,19.05142593383789
gemma,par3_0069,0,18.35519790649414
gemma,par3_0069,1,17.604650497436523
gemma,par3_0069,2,16.6434383392334
gemma,par3_0069,4,17.370630264282227
gemma,par3_0070,0,18.685523986816406
gemma,par3_0070,1,17.7132568359375
gemma,par3_0070,3,17.115009307861328
gemma,par3_0070,4,17.68395233154297
gemma,par3_0071,0,20.966251373291016
gemma,par3_0071,1,27.799861907958984
gemma,par3_0071,2,24.153553009033203
gemma,par3_0071,3,26.025127410888672
gemma,par3_0071,4,26.651927947998047
gemma,par3_0072,0,14.69719123840332
gemma,par3_0072,1,12.966830253601074
gemma,par3_0072,2,13.339536666870115
gemma,par3_0072,3,11.48370361328125
gemma,par3_0072,4,13.690613746643066
gemma,par3_0073,0,26.308151245117188
gemma,par3_0073,1,27.48993492126465
gemma,par3_0073,2,27.255535125732425
gemma,par3_0073,3,27.39496612548828
gemma,par3_0073,4,25.84416389465332
gemma,par3_0074,0,17.862056732177734
gemma,par3_0074,1,20.687376022338867
gemma,par3_0074,2,19.835529327392575
gemma,par3_0074,3,19.806291580200195
gemma,par3_0074,4,20.900617599487305
gemma,par3_0075,0,23.84685516357422
gemma,par3_0075,1,21.312423706054688
gemma,par3_0075,2,18.67217254638672
gemma,par3_0075,3,19.413434982299805
gemma,par3_0075,4,19.6545467376709
gemma,par3_0076,0,24.143617630004883
gemma,par3_0076,1,23.249616622924805
gemma,par3_0076,2,25.097000122070312
gemma,par3_0076,3,21.570337295532227
gemma,par3_0076,4,21.47975730895996
gemma,par3_0077,0,29.790067672729492
gemma,par3_0077,1,33.08436965942383
gemma,par3_0077,2,24.214702606201172
gemma,par3_0077,3,30.5484561920166
gemma,par3_0077,4,28.17298698425293
gemma,par3_0078,0,36.86843490600586
gemma,par3_0078,1,41.11049270629883
gemma,par3_0078,2,37.0343017578125
gemma,par3_0078,3,49.045997619628906
gemma,par3_0078,4,43.64011001586914
gemma,par3_0079,0,29.61023712158203
gemma,par3_0079,1,26.30232048034668
gemma,par3_0079,2,23.795835494995117
gemma,par3_0079,3,21.136043548583984
gemma,par3_0079,4,20.187562942504883
gemma,par3_0080,0,15.62758731842041
gemma,par3_0080,1,16.09711456298828
gemma,par3_0080,2,15.781402587890623
gemma,par3_0080,3,16.049110412597656
gemma,par3_0080,4,16.22486686706543
gemma,par3_0081,0,44.43098831176758
gemma,par3_0081,1,48.89687728881836
gemma,par3_0081,2,52.34129333496094
gemma,par3_0081,3,50.3752326965332
gemma,par3_0081,4,48.42696762084961
gemma,par3_0082,0,18.689115524291992
gemma,par3_0082,1,16.404977798461914
gemma,par3_0082,2,18.23162841796875
gemma,par3_0082,3,19.749183654785156
gemma,par3_0082,4,16.771198272705078
gemma,par3_0083,0,16.249557495117188
gemma,par3_0083,1,18.96980857849121
gemma,par3_0083,4,12.98794174194336
gemma,par3_0084,3,25.140148162841797
gemma,par3_0084,4,25.689138412475582
gemma,par3_0085,0,42.95947265625
gemma,par3_0085,1,41.90773010253906
gemma,par3_0085,2,44.465354919433594
gemma,par3_0085,3,39.97272491455078
gemma,par3_0085,4,39.86572265625
gemma,par3_0086,0,29.46976852416992
gemma,par3_0086,1,30.70048713684082
gemma,par3_0086,2,29.01791763305664
gemma,par3_0086,3,32.09504318237305
gemma,par3_0086,4,25.368738174438477
gemma,par3_0087,0,16.233592987060547
gemma,par3_0087,1,16.422258377075195
gemma,par3_0087,2,15.060698509216309
gemma,par3_0087,3,17.5181941986084
gemma,par3_0087,4,19.572776794433594
gemma,par3_0088,0,24.85193634033203
gemma,par3_0088,1,20.944364547729492
gemma,par3_0088,2,24.8898868560791
gemma,par3_0088,3,27.494693756103516
gemma,par3_0088,4,22.156204223632812
gemma,par3_0089,0,42.09074401855469
gemma,par3_0089,1,40.404205322265625
gemma,par3_0089,2,36.43278121948242
gemma,par3_0089,3,42.8361930847168
gemma,par3_0089,4,48.972137451171875
gemma,par3_0090,0,10.144288063049316
gemma,par3_0090,1,10.859732627868652
gemma,par3_0090,2,8.32443904876709
gemma,par3_0090,3,9.572606086730955
gemma,par3_0090,4,6.453176021575928
gemma,par3_0091,0,33.89862823486328
gemma,par3_0091,1,33.5849609375
gemma,par3_0091,2,32.324485778808594
gemma,par3_0091,3,35.83656311035156
gemma,par3_0091,4,37.16543197631836
gemma,par3_0092,1,15.379596710205078
gemma,par3_0092,2,11.58618450164795
gemma,par3_0092,4,11.943644523620604
gemma,par3_0093,0,22.425960540771484
gemma,par3_0093,1,22.27960777282715
gemma,par3_0093,2,19.53436279296875
gemma,par3_0093,3,22.934083938598633
gemma,par3_0093,4,22.96845817565918
gemma,par3_0094,1,26.228151321411133
gemma,par3_0094,2,26.384017944335938
gemma,par3_0094,3,25.474435806274418
gemma,par3_0094,4,24.869789123535156
gemma,par3_0095,0,20.84381103515625
gemma,par3_0095,1,20.95567321777344
gemma,par3_0095,2,18.933443069458008
gemma,par3_0095,3,15.946672439575195
gemma,par3_0095,4,16.462738037109375
gemma,par3_0096,0,14.132176399230955
gemma,par3_0096,1,13.973453521728516
gemma,par3_0096,2,15.86305809020996
gemma,par3_0096,3,13.977705955505373
gemma,par3_0096,4,11.841751098632812
gemma,par3_0097,0,23.901657104492188
gemma,par3_0097,1,21.36510467529297
gemma,par3_0097,2,21.42253875732422
gemma,par3_0097,3,23.405372619628903
gemma,par3_0097,4,20.747398376464844
gemma,par3_0098,0,32.678619384765625
gemma,par3_0098,1,40.02381134033203
gemma,par3_0098,2,38.211181640625
gemma,par3_0098,3,36.765419006347656
gemma,par3_0098,4,33.27781295776367
gemma,par3_0099,4,25.17152214050293
gemma,par3_0100,0,14.533685684204102
gemma,par3_0100,1,14.164984703063965
gemma,par3_0100,2,15.396124839782717
gemma,par3_0100,3,14.024415969848633
gemma,par3_0100,4,15.23268222808838
gemma,par3_0101,0,26.90938949584961
gemma,par3_0101,1,31.93327522277832
gemma,par3_0101,2,29.31733131408691
gemma,par3_0101,3,24.43573951721191
gemma,par3_0101,4,26.766468048095703
gemma,par3_0102,0,17.073345184326172
gemma,par3_0102,1,22.20124626159668
gemma,par3_0102,2,16.928152084350586
gemma,par3_0102,3,20.60209083557129
gemma,par3_0102,4,19.665246963500977
gemma,par3_0103,0,13.283591270446776
gemma,par3_0103,1,14.273951530456545
gemma,par3_0103,2,8.635329246520996
gemma,par3_0103,3,13.642077445983888
gemma,par3_0103,4,13.33115005493164
gemma,par3_0104,0,32.92652130126953
gemma,par3_0104,1,31.8573055267334
gemma,par3_0104,2,33.52654266357422
gemma,par3_0104,3,29.14345359802246
gemma,par3_0104,4,32.89137649536133
gemma,par3_0105,0,24.367416381835938
gemma,par3_0105,1,28.12413787841797
gemma,par3_0105,2,29.49288558959961
gemma,par3_0105,3,23.601661682128903
gemma,par3_0105,4,28.773502349853516
gemma,par3_0106,0,23.963459014892575
gemma,par3_0106,1,19.318374633789062
gemma,par3_0106,2,21.95331573486328
gemma,par3_0106,3,22.82240104675293
gemma,par3_0106,4,20.677942276000977
gemma,par3_0107,0,15.802864074707031
gemma,par3_0107,1,26.987394332885746
gemma,par3_0107,2,21.354726791381836
gemma,par3_0107,3,18.68499755859375
gemma,par3_0107,4,20.19336700439453
gemma,par3_0108,0,31.81434631347656
gemma,par3_0108,2,30.176082611083984
gemma,par3_0108,3,32.58108901977539
gemma,par3_0108,4,28.69278907775879
gemma,par3_0109,0,24.690675735473633
gemma,par3_0109,1,23.38211250305176
gemma,par3_0109,2,26.004703521728516
gemma,par3_0109,3,20.711158752441406
gemma,par3_0109,4,18.232833862304688
gemma,par3_0110,0,26.56285095214844
gemma,par3_0110,1,28.585289001464844
gemma,par3_0110,2,29.941486358642575
gemma,par3_0110,3,31.43303108215332
gemma,par3_0110,4,24.64385032653809
gemma,par3_0111,0,32.482391357421875
gemma,par3_0111,1,32.23479080200195
gemma,par3_0111,2,33.59751892089844
gemma,par3_0111,3,33.67106246948242
gemma,par3_0111,4,34.29844284057617
gemma,par3_0112,0,19.142562866210938
gemma,par3_0112,1,23.343000411987305
gemma,par3_0112,2,21.672569274902344
gemma,par3_0112,3,22.33389663696289
gemma,par3_0112,4,20.620622634887695
gemma,par3_0113,0,23.24365234375
gemma,par3_0113,1,18.92052459716797
gemma,par3_0113,2,21.623682022094727
gemma,par3_0113,3,20.164779663085938
gemma,par3_0113,4,20.03485870361328
gemma,par3_0114,0,53.5706901550293
gemma,par3_0114,1,54.79864501953125
gemma,par3_0114,2,53.207218170166016
gemma,par3_0114,3,53.7060546875
gemma,par3_0114,4,58.15685272216797
gemma,par3_0115,0,26.150819778442383
gemma,par3_0115,1,23.95993995666504
gemma,par3_0115,2,27.174604415893555
gemma,par3_0115,3,25.760608673095703
gemma,par3_0115,4,23.117704391479492
gemma,par3_0116,0,33.201412200927734
gemma,par3_0116,1,30.453744888305664
gemma,par3_0116,2,36.1201057434082
gemma,par3_0116,3,40.92150115966797
gemma,par3_0116,4,32.129390716552734
gemma,par3_0117,0,33.8815803527832
gemma,par3_0117,1,30.14098739624023
gemma,par3_0117,2,37.90001678466797
gemma,par3_0117,3,30.735427856445312
gemma,par3_0117,4,33.931434631347656
gemma,par3_0118,0,22.84728622436523
gemma,par3_0118,1,16.647497177124023
gemma,par3_0118,4,19.80327796936035
gemma,par3_0119,0,21.727365493774418
gemma,par3_0119,1,25.21164321899414
gemma,par3_0119,2,23.92997932434082
gemma,par3_0119,3,24.039228439331055
gemma,par3_0119,4,24.09859848022461
gemma,par3_0120,0,15.008583068847656
gemma,par3_0120,1,13.173315048217772
gemma,par3_0120,2,14.581161499023438
gemma,par3_0120,3,12.467374801635742
gemma,par3_0120,4,13.897461891174316
gemma,par3_0121,0,18.115575790405273
gemma,par3_0121,1,22.0570068359375
gemma,par3_0121,2,22.80359649658203
gemma,par3_0121,3,20.464439392089844
gemma,par3_0121,4,20.392072677612305
gemma,par3_0122,0,12.217604637145996
gemma,par3_0122,1,11.894732475280762
gemma,par3_0122,2,12.167344093322754
gemma,par3_0122,3,12.520689010620115
gemma,par3_0122,4,14.93372917175293
gemma,par3_0123,0,24.74956703186035
gemma,par3_0123,1,28.648822784423828
gemma,par3_0123,2,25.181461334228516
gemma,par3_0123,3,24.723051071166992
gemma,par3_0123,4,24.635501861572266
gemma,par3_0124,0,25.208372116088867
gemma,par3_0124,1,22.98130226135254
gemma,par3_0124,2,22.463022232055664
gemma,par3_0124,3,23.735746383666992
gemma,par3_0124,4,23.24419593811035
gemma,par3_0125,0,35.55229187011719
gemma,par3_0125,1,40.8685188293457
gemma,par3_0125,2,45.85902404785156
gemma,par3_0125,3,28.61178398132324
gemma,par3_0125,4,28.789709091186523
gemma,par3_0126,0,33.67622375488281
gemma,par3_0126,1,33.29290771484375
gemma,par3_0126,2,28.465801239013672
gemma,par3_0126,3,35.86691665649414
gemma,par3_0126,4,33.84559631347656
gemma,par3_0127,0,17.8891544342041
gemma,par3_0127,1,18.119691848754883
gemma,par3_0127,2,15.586384773254396
gemma,par3_0127,3,18.42515754699707
gemma,par3_0127,4,17.36971664428711
gemma,par3_0128,0,24.56027603149414
gemma,par3_0128,1,19.75782012939453
gemma,par3_0128,2,19.734663009643555
gemma,par3_0128,3,18.119701385498047
gemma,par3_0128,4,17.520160675048828
gemma,par3_0129,0,17.777103424072266
gemma,par3_0129,1,16.65506362915039
gemma,par3_0129,2,25.087169647216797
gemma,par3_0129,3,25.79499626159668
gemma,par3_0129,4,23.472442626953125
gemma,par3_0130,0,20.241106033325195
gemma,par3_0130,1,26.4001407623291
gemma,par3_0130,2,26.756093978881836
gemma,par3_0130,3,18.81288719177246
gemma,par3_0130,4,22.308565139770508
gemma,par3_0131,0,35.58738327026367
gemma,par3_0131,1,33.350616455078125
gemma,par3_0131,2,38.55564498901367
gemma,par3_0131,3,38.490875244140625
gemma,par3_0131,4,30.64100646972656
gemma,par3_0132,0,13.475278854370115
gemma,par3_0132,1,16.273374557495117
gemma,par3_0132,2,22.222885131835938
gemma,par3_0132,3,14.534770011901855
gemma,par3_0132,4,21.645654678344727
gemma,par3_0133,0,24.360191345214844
gemma,par3_0133,1,20.424869537353516
gemma,par3_0133,2,23.24783706665039
gemma,par3_0133,3,23.67363929748535
gemma,par3_0133,4,25.647865295410156
gemma,par3_0134,0,18.59540367126465
gemma,par3_0134,1,15.0947265625
gemma,par3_0134,3,18.318862915039062
gemma,par3_0134,4,18.4057559967041
gemma,par3_0135,0,24.49701881408691
gemma,par3_0135,1,27.07440948486328
gemma,par3_0135,2,21.383012771606445
gemma,par3_0135,3,22.604080200195312
gemma,par3_0135,4,21.56254768371582
gemma,par3_0136,0,18.31938362121582
gemma,par3_0136,1,19.109281539916992
gemma,par3_0136,2,16.00167465209961
gemma,par3_0136,3,10.84919261932373
gemma,par3_0136,4,23.24371910095215
gemma,par3_0137,0,22.47259521484375
gemma,par3_0137,1,21.02299118041992
gemma,par3_0137,2,18.491539001464844
gemma,par3_0137,3,24.422863006591797
gemma,par3_0137,4,20.47834587097168
gemma,par3_0138,0,15.573012351989746
gemma,par3_0138,1,21.57235336303711
gemma,par3_0138,2,13.67664623260498
gemma,par3_0138,3,14.256973266601562
gemma,par3_0138,4,15.035741806030272
gemma,par3_0139,0,19.422164916992188
gemma,par3_0139,1,18.808698654174805
gemma,par3_0139,2,18.215301513671875
gemma,par3_0139,3,19.549165725708008
gemma,par3_0139,4,17.29814910888672
gemma,par3_0140,0,33.846458435058594
gemma,par3_0140,1,29.988637924194336
gemma,par3_0140,2,36.671756744384766
gemma,par3_0140,3,30.26958465576172
gemma,par3_0140,4,30.38636779785156
gemma,par3_0141,1,22.580181121826172
gemma,par3_0141,2,9.773107528686523
gemma,par3_0142,0,21.99365997314453
gemma,par3_0142,1,20.55699920654297
gemma,par3_0142,2,19.893142700195312
gemma,par3_0142,3,23.090410232543945
gemma,par3_0142,4,21.57041931152344
gemma,par3_0143,0,25.889039993286133
gemma,par3_0143,1,26.35829734802246
gemma,par3_0143,2,32.085166931152344
gemma,par3_0143,3,24.12790870666504
gemma,par3_0143,4,25.215219497680664
gemma,par3_0144,0,35.65546417236328
gemma,par3_0144,1,37.21463394165039
gemma,par3_0144,2,33.76007843017578
gemma,par3_0144,3,31.38096618652344
gemma,par3_0144,4,31.207504272460938
gemma,par3_0145,1,23.156103134155273
gemma,par3_0145,2,29.87633895874023
gemma,par3_0145,3,27.19592666625977
gemma,par3_0145,4,21.15914535522461
gemma,par3_0146,0,21.96001625061035
gemma,par3_0146,1,24.478511810302734
gemma,par3_0146,2,31.79721450805664
gemma,par3_0146,3,22.692615509033203
gemma,par3_0146,4,26.6275634765625
gemma,par3_0147,0,18.457658767700195
gemma,par3_0147,1,19.490354537963867
gemma,par3_0147,2,16.053586959838867
gemma,par3_0147,3,18.12541389465332
gemma,par3_0147,4,20.286640167236328
gemma,par3_0148,0,13.709522247314451
gemma,par3_0148,1,15.007033348083496
gemma,par3_0148,2,16.59151268005371
gemma,par3_0148,3,14.945764541625977
gemma,par3_0148,4,15.800250053405762
gemma,par3_0149,0,16.234134674072266
gemma,par3_0149,1,18.038488388061523
gemma,par3_0149,2,15.72849941253662
gemma,par3_0149,3,16.992332458496094
gemma,par3_0149,4,16.716461181640625
gemma,par3_0150,0,17.43018341064453
gemma,par3_0150,1,18.920848846435547
gemma,par3_0150,2,17.98258399963379
gemma,par3_0150,3,22.74826431274414
gemma,par3_0150,4,18.508657455444336
gemma,par3_0151,0,16.13627052307129
gemma,par3_0151,1,22.295425415039062
gemma,par3_0151,2,11.583341598510742
gemma,par3_0151,3,15.775304794311523
gemma,par3_0151,4,26.031265258789062
gemma,par3_0152,0,17.784391403198242
gemma,par3_0152,1,23.34462547302246
gemma,par3_0152,2,17.757095336914062
gemma,par3_0152,3,19.785802841186523
gemma,par3_0152,4,19.430137634277344
gemma,par3_0153,0,22.367149353027344
gemma,par3_0153,1,29.499679565429688
gemma,par3_0153,2,31.774269104003903
gemma,par3_0153,3,36.95073318481445
gemma,par3_0153,4,32.67429733276367
gemma,par3_0154,0,26.64556312561035
gemma,par3_0154,1,23.459613800048828
gemma,par3_0154,2,23.000099182128903
gemma,par3_0154,3,21.156967163085938
gemma,par3_0154,4,24.419660568237305
gemma,par3_0155,0,18.204421997070312
gemma,par3_0155,1,15.760977745056152
gemma,par3_0155,2,15.931357383728027
gemma,par3_0155,3,15.064860343933104
gemma,par3_0155,4,16.477947235107422
gemma,par3_0156,0,14.101820945739746
gemma,par3_0156,1,14.221466064453123
gemma,par3_0156,2,14.63076114654541
gemma,par3_0156,3,13.157865524291992
gemma,par3_0156,4,12.997596740722656
gemma,par3_0157,0,21.86503219604492
gemma,par3_0157,2,26.068275451660156
gemma,par3_0157,4,17.628284454345703
gemma,par3_0158,0,13.830755233764648
gemma,par3_0158,1,20.28699493408203
gemma,par3_0158,2,18.020328521728516
gemma,par3_0158,3,18.257043838500977
gemma,par3_0158,4,18.737504959106445
gemma,par3_0159,0,14.424052238464355
gemma,par3_0159,1,14.472886085510254
gemma,par3_0159,2,17.958969116210938
gemma,par3_0159,3,17.476511001586914
gemma,par3_0159,4,17.819053649902344
gemma,par3_0160,0,16.52384376525879
gemma,par3_0160,1,20.70592498779297
gemma,par3_0160,2,20.130266189575195
gemma,par3_0160,3,21.37898063659668
gemma,par3_0160,4,20.92230987548828
gemma,par3_0161,0,18.000871658325195
gemma,par3_0161,1,13.673660278320312
gemma,par3_0161,2,17.747848510742188
gemma,par3_0161,3,16.001209259033203
gemma,par3_0161,4,16.44071388244629
gemma,par3_0162,0,26.646907806396484
gemma,par3_0162,1,32.40340042114258
gemma,par3_0162,2,31.235261917114254
gemma,par3_0162,3,30.66499900817871
gemma,par3_0162,4,32.63792037963867
gemma,par3_0163,0,23.74751853942871
gemma,par3_0163,1,23.618999481201172
gemma,par3_0163,2,22.8364315032959
gemma,par3_0163,3,22.2700252532959
gemma,par3_0163,4,22.319988250732425
gemma,par3_0164,0,16.071317672729492
gemma,par3_0164,1,16.37228775024414
gemma,par3_0164,2,15.947763442993164
gemma,par3_0164,3,15.837621688842772
gemma,par3_0164,4,15.528106689453123
gemma,par3_0166,2,17.14251708984375
gemma,par3_0167,0,17.38431167602539
gemma,par3_0167,1,22.43607711791992
gemma,par3_0167,2,24.224178314208984
gemma,par3_0167,3,20.147253036499023
gemma,par3_0167,4,19.253398895263672
gemma,par3_0168,0,29.414440155029297
gemma,par3_0168,1,23.969402313232425
gemma,par3_0168,2,25.02845001220703
gemma,par3_0168,3,22.024383544921875
gemma,par3_0168,4,21.392868041992188
gemma,par3_0169,0,18.383708953857425
gemma,par3_0169,1,17.02613067626953
gemma,par3_0169,2,22.983966827392575
gemma,par3_0169,3,16.094032287597656
gemma,par3_0169,4,16.720684051513672
gemma,par3_0170,0,24.12972068786621
gemma,par3_0170,1,24.915584564208984
gemma,par3_0170,2,25.471994400024418
gemma,par3_0170,3,24.58405113220215
gemma,par3_0170,4,23.69281578063965
gemma,par3_0171,0,18.764047622680664
gemma,par3_0171,1,13.917057991027832
gemma,par3_0171,2,14.47293758392334
gemma,par3_0171,3,13.824679374694824
gemma,par3_0171,4,16.353832244873047
gemma,par3_0172,0,22.13482093811035
gemma,par3_0172,1,31.91042709350586
gemma,par3_0172,2,23.249860763549805
gemma,par3_0172,3,30.063697814941406
gemma,par3_0172,4,26.672115325927734
gemma,par3_0173,0,27.02705764770508
gemma,par3_0173,1,26.406648635864254
gemma,par3_0173,2,17.30255889892578
gemma,par3_0173,3,20.367263793945312
gemma,par3_0173,4,24.204082489013672
gemma,par3_0174,0,19.20762825012207
gemma,par3_0174,1,18.20756721496582
gemma,par3_0174,2,19.715112686157227
gemma,par3_0174,3,20.51334571838379
gemma,par3_0174,4,17.96487808227539
gemma,par3_0175,0,9.309931755065918
gemma,par3_0175,1,15.627429962158203
gemma,par3_0175,2,11.343672752380373
gemma,par3_0175,3,12.025562286376951
gemma,par3_0175,4,13.06394863128662
gemma,par3_0176,0,20.667226791381836
gemma,par3_0176,1,20.568269729614254
gemma,par3_0176,2,17.73110008239746
gemma,par3_0176,3,19.47220230102539
gemma,par3_0176,4,19.518232345581055
gemma,par3_0177,0,24.94086647033691
gemma,par3_0177,1,22.634544372558594
gemma,par3_0177,2,26.179140090942383
gemma,par3_0177,3,20.772497177124023
gemma,par3_0177,4,26.997098922729492
gemma,par3_0178,0,22.760854721069336
gemma,par3_0178,1,21.686742782592773
gemma,par3_0178,2,23.009729385375977
gemma,par3_0178,3,24.915786743164062
gemma,par3_0178,4,21.54382705688477
gemma,par3_0179,0,21.43739128112793
gemma,par3_0179,2,22.035980224609375
gemma,par3_0179,4,26.94667053222656
gemma,par3_0180,0,26.12180519104004
gemma,par3_0180,1,33.135276794433594
gemma,par3_0180,2,28.474489212036133
gemma,par3_0180,3,32.29325866699219
gemma,par3_0180,4,33.304927825927734
gemma,par3_0181,0,15.251070022583008
gemma,par3_0181,1,13.706299781799316
gemma,par3_0181,2,19.095922470092773
gemma,par3_0181,3,15.270419120788574
gemma,par3_0181,4,17.1668701171875
gemma,par3_0182,0,35.90208053588867
gemma,par3_0182,1,32.72224807739258
gemma,par3_0182,2,28.3741512298584
gemma,par3_0182,3,30.17672348022461
gemma,par3_0182,4,32.165931701660156
gemma,par3_0183,0,19.47576904296875
gemma,par3_0183,1,19.081104278564453
gemma,par3_0183,2,20.49726295471191
gemma,par3_0183,3,23.394258499145508
gemma,par3_0183,4,18.80064582824707
gemma,par3_0184,0,34.32108688354492
gemma,par3_0184,1,32.486053466796875
gemma,par3_0184,2,30.94210624694824
gemma,par3_0184,3,28.736303329467773
gemma,par3_0184,4,40.149139404296875
gemma,par3_0185,2,27.80062484741211
gemma,par3_0185,4,25.15047836303711
gemma,par3_0186,0,31.153249740600582
gemma,par3_0186,2,34.2908821105957
gemma,par3_0186,4,35.7041015625
gemma,par3_0187,0,21.926424026489254
gemma,par3_0187,1,33.92470932006836
gemma,par3_0187,2,31.92264747619629
gemma,par3_0187,3,38.22960662841797
gemma,par3_0187,4,34.51264572143555
gemma,par3_0188,0,20.952665328979492
gemma,par3_0188,1,21.5037784576416
gemma,par3_0188,2,18.965072631835938
gemma,par3_0188,3,18.452632904052734
gemma,par3_0188,4,19.837188720703125
gemma,par3_0189,0,17.13199806213379
gemma,par3_0189,3,17.553007125854492
gemma,par3_0190,0,35.930965423583984
gemma,par3_0190,1,30.212560653686523
gemma,par3_0190,2,29.71822738647461
gemma,par3_0190,3,33.0102653503418
gemma,par3_0190,4,25.182861328125
gemma,par3_0191,0,26.71613883972168
gemma,par3_0191,1,27.656404495239254
gemma,par3_0191,2,29.402021408081055
gemma,par3_0191,3,26.694421768188477
gemma,par3_0191,4,31.781572341918945
gemma,par3_0192,0,18.009315490722656
gemma,par3_0192,1,21.81468963623047
gemma,par3_0192,2,20.7584171295166
gemma,par3_0192,3,23.62296485900879
gemma,par3_0192,4,19.449371337890625
gemma,par3_0193,0,42.20185852050781
gemma,par3_0193,1,40.09937286376953
gemma,par3_0193,2,28.200050354003903
gemma,par3_0193,3,35.000770568847656
gemma,par3_0193,4,40.08407974243164
gemma,par3_0194,0,17.926307678222656
gemma,par3_0194,1,25.965789794921875
gemma,par3_0194,2,22.13682556152344
gemma,par3_0194,3,23.569120407104492
gemma,par3_0194,4,22.36087226867676
gemma,par3_0195,0,29.04162979125977
gemma,par3_0195,1,28.95326232910156
gemma,par3_0195,2,40.33773422241211
gemma,par3_0195,3,37.252723693847656
gemma,par3_0195,4,29.730558395385746
gemma,par3_0196,4,20.05366897583008
gemma,par3_0197,0,23.556631088256836
gemma,par3_0197,1,21.6784610748291
gemma,par3_0197,2,30.34528160095215
gemma,par3_0197,3,24.526203155517575
gemma,par3_0197,4,21.78050422668457
gemma,par3_0198,0,31.412885665893555
gemma,par3_0198,1,34.75852966308594
gemma,par3_0198,2,28.482481002807617
gemma,par3_0198,3,38.567237854003906
gemma,par3_0198,4,33.259037017822266
gemma,par3_0199,0,20.29107666015625
gemma,par3_0199,1,20.940704345703125
gemma,par3_0199,2,28.145328521728516
gemma,par3_0199,3,21.409032821655273
gemma,par3_0199,4,22.39044952392578
llama,par3_0000,0,20.972776412963867
llama,par3_0000,1,15.255331993103027
llama,par3_0000,2,20.44820213317871
llama,par3_0000,3,19.143386840820312
llama,par3_0000,4,14.59064483642578
llama,par3_0001,0,21.080549240112305
llama,par3_0001,1,18.110666275024418
llama,par3_0001,2,19.1444034576416
llama,par3_0001,3,16.680784225463867
llama,par3_0001,4,19.524696350097656
llama,par3_0002,0,24.30824089050293
llama,par3_0002,1,29.569334030151367
llama,par3_0002,2,24.61804580688477
llama,par3_0002,3,23.183259963989254
llama,par3_0002,4,25.048370361328125
llama,par3_0003,0,20.961688995361328
llama,par3_0003,1,19.532583236694336
llama,par3_0003,2,20.262434005737305
llama,par3_0003,3,24.031108856201172
llama,par3_0003,4,20.222496032714844
llama,par3_0004,0,30.085309982299805
llama,par3_0004,1,23.672590255737305
llama,par3_0004,2,30.625829696655273
llama,par3_0004,3,32.718238830566406
llama,par3_0004,4,24.215688705444336
llama,par3_0005,0,32.40968322753906
llama,par3_0005,1,31.2806396484375
llama,par3_0005,2,29.964330673217773
llama,par3_0005,3,55.69114685058594
llama,par3_0005,4,44.10737609863281
llama,par3_0006,0,24.137619018554688
llama,par3_0006,1,19.98569107055664
llama,par3_0006,2,25.103761672973633
llama,par3_0006,3,20.221160888671875
llama,par3_0006,4,23.373289108276367
llama,par3_0007,0,23.166580200195312
llama,par3_0007,1,27.338109970092773
llama,par3_0007,2,27.75617790222168
llama,par3_0007,3,25.74448585510254
llama,par3_0007,4,24.84763526916504
llama,par3_0008,0,22.800472259521484
llama,par3_0008,1,24.05486297607422
llama,par3_0008,2,28.8315486907959
llama,par3_0008,3,22.32099342346191
llama,par3_0008,4,25.58419609069824
llama,par3_0009,0,16.953908920288086
llama,par3_0009,1,19.503286361694336
llama,par3_0009,2,19.468921661376953
llama,par3_0009,3,15.82143497467041
llama,par3_0009,4,12.911026000976562
llama,par3_0010,0,46.46176528930664
llama,par3_0010,1,39.69226837158203
llama,par3_0010,2,31.551136016845703
llama,par3_0010,3,31.87033462524414
llama,par3_0010,4,27.408187866210938
llama,par3_0011,0,23.08888053894043
llama,par3_0011,1,24.943702697753903
llama,par3_0011,2,19.89549446105957
llama,par3_0011,3,21.243783950805664
llama,par3_0011,4,18.702037811279297
llama,par3_0012,0,27.3651065826416
llama,par3_0012,1,27.17784881591797
llama,par3_0012,2,30.688966751098633
llama,par3_0012,3,29.70372009277344
llama,par3_0012,4,28.688007354736328
llama,par3_0013,0,18.957622528076172
llama,par3_0013,1,21.541479110717773
llama,par3_0013,2,18.22408866882324
llama,par3_0013,3,22.02637481689453
llama,par3_0013,4,17.35268783569336
llama,par3_0014,0,19.313135147094727
llama,par3_0014,1,22.933507919311523
llama,par3_0014,2,21.21416473388672
llama,par3_0014,3,15.557833671569824
llama,par3_0014,4,21.32052993774414
llama,par3_0015,0,19.07213020324707
llama,par3_0015,1,20.691923141479492
llama,par3_0015,2,18.472349166870117
llama,par3_0015,3,23.124286651611328
llama,par3_0015,4,23.59181022644043
llama,par3_0016,0,27.61357879638672
llama,par3_0016,1,24.67879867553711
llama,par3_0016,2,32.07902526855469
llama,par3_0016,3,20.720502853393555
llama,par3_0016,4,37.552207946777344
llama,par3_0017,0,18.178258895874023
llama,par3_0017,1,17.52029800415039
llama,par3_0017,2,17.217605590820312
llama,par3_0017,3,18.56116104125977
llama,par3_0017,4,20.00858688354492
llama,par3_0018,0,28.99650001525879
llama,par3_0018,1,29.56246757507324
llama,par3_0018,2,27.118696212768555
llama,par3_0018,3,27.584980010986328
llama,par3_0018,4,25.55291175842285
llama,par3_0019,0,22.618608474731445
llama,par3_0019,1,19.26176071166992
llama,par3_0019,2,19.869739532470703
llama,par3_0019,3,22.61854362487793
llama,par3_0019,4,18.125673294067383
llama,par3_0020,0,16.03774642944336
llama,par3_0020,1,15.04167938232422
llama,par3_0020,2,19.385696411132812
llama,par3_0020,3,14.821138381958008
llama,par3_0020,4,17.706361770629883
llama,par3_0021,0,20.113019943237305
llama,par3_0021,1,16.29520606994629
llama,par3_0021,2,15.99819564819336
llama,par3_0021,3,18.022846221923828
llama,par3_0021,4,19.159503936767575
llama,par3_0022,0,21.028167724609375
llama,par3_0022,1,16.235315322875977
llama,par3_0022,2,18.04481315612793
llama,par3_0022,3,13.829699516296388
llama,par3_0022,4,15.562556266784668
llama,par3_0023,0,26.400794982910156
llama,par3_0023,1,40.12216567993164
llama,par3_0023,2,22.91937255859375
llama,par3_0023,3,18.0583438873291
llama,par3_0023,4,28.71863174438477
llama,par3_0024,0,10.803692817687988
llama,par3_0024,1,13.584467887878418
llama,par3_0024,2,12.118403434753418
llama,par3_0024,3,12.361369132995604
llama,par3_0024,4,10.386493682861328
llama,par3_0025,0,14.895651817321776
llama,par3_0025,1,15.04566764831543
llama,par3_0025,2,14.99399757385254
llama,par3_0025,3,14.450106620788574
llama,par3_0025,4,17.984891891479492
llama,par3_0026,0,20.61903953552246
llama,par3_0026,1,20.232425689697266
llama,par3_0026,2,23.214521408081055
llama,par3_0026,3,19.441173553466797
llama,par3_0026,4,23.77359962463379
llama,par3_0027,0,26.028417587280273
llama,par3_0027,1,29.850635528564453
llama,par3_0027,2,18.239076614379883
llama,par3_0027,3,29.658748626708984
llama,par3_0027,4,41.31770706176758
llama,par3_0028,0,16.093238830566406
llama,par3_0028,1,14.630572319030762
llama,par3_0028,2,16.771587371826172
llama,par3_0028,3,16.215906143188477
llama,par3_0028,4,15.24630355834961
llama,par3_0029,0,25.61970329284668
llama,par3_0029,1,17.784887313842773
llama,par3_0029,2,27.732946395874023
llama,par3_0029,3,30.718673706054688
llama,par3_0029,4,26.452289581298828
llama,par3_0030,0,18.8721923828125
llama,par3_0030,1,21.32032012939453
llama,par3_0030,2,19.43755531311035
llama,par3_0030,3,21.73354148864746
llama,par3_0030,4,23.077329635620117
llama,par3_0031,0,21.24921417236328
llama,par3_0031,1,23.33207130432129
llama,par3_0031,2,16.171934127807617
llama,par3_0031,3,16.856557846069336
llama,par3_0031,4,16.86266326904297
llama,par3_0032,0,38.52629470825195
llama,par3_0032,1,55.68742752075195
llama,par3_0032,2,34.71377182006836
llama,par3_0032,3,53.29249572753906
llama,par3_0032,4,66.71061706542969
llama,par3_0033,0,36.33865737915039
llama,par3_0033,1,40.12129592895508
llama,par3_0033,2,30.77969741821289
llama,par3_0033,3,35.66099548339844
llama,par3_0033,4,39.43843460083008
llama,par3_0034,0,29.676368713378903
llama,par3_0034,1,36.98258590698242
llama,par3_0034,2,31.55910301208496
llama,par3_0034,3,30.09095573425293
llama,par3_0034,4,34.691368103027344
llama,par3_0035,0,23.8275146484375
llama,par3_0035,1,23.497329711914062
llama,par3_0035,2,23.387537002563477
llama,par3_0035,3,22.63344955444336
llama,par3_0035,4,25.015474319458008
llama,par3_0036,0,9.701675415039062
llama,par3_0036,1,10.63604736328125
llama,par3_0036,2,11.403913497924805
llama,par3_0036,3,11.827347755432127
llama,par3_0036,4,10.90129852294922
llama,par3_0037,0,26.54207420349121
llama,par3_0037,1,25.271385192871097
llama,par3_0037,2,24.91722297668457
llama,par3_0037,3,23.46642684936523
llama,par3_0037,4,24.204687118530273
llama,par3_0038,0,15.261662483215332
llama,par3_0038,1,16.743324279785156
llama,par3_0038,2,16.23571014404297
llama,par3_0038,3,14.364791870117188
llama,par3_0038,4,15.74595832824707
llama,par3_0039,0,26.84877014160156
llama,par3_0039,1,29.974342346191406
llama,par3_0039,2,32.3985595703125
llama,par3_0039,3,31.40105438232422
llama,par3_0039,4,28.882150650024418
llama,par3_0040,0,17.220914840698242
llama,par3_0040,1,16.759990692138672
llama,par3_0040,2,15.33360767364502
llama,par3_0040,3,16.373685836791992
llama,par3_0040,4,19.531444549560547
llama,par3_0041,0,21.092971801757812
llama,par3_0041,1,18.22644805908203
llama,par3_0041,2,21.571062088012695
llama,par3_0041,3,19.90912818908691
llama,par3_0041,4,18.480445861816406
llama,par3_0042,0,27.353593826293945
llama,par3_0042,1,34.767398834228516
llama,par3_0042,2,35.27737808227539
llama,par3_0042,3,23.39138984680176
llama,par3_0042,4,34.808502197265625
llama,par3_0043,0,24.131778717041016
llama,par3_0043,1,29.368471145629883
llama,par3_0043,2,28.302026748657227
llama,par3_0043,3,23.558326721191406
llama,par3_0043,4,26.903717041015625
llama,par3_0044,0,31.668228149414062
llama,par3_0044,1,35.701805114746094
llama,par3_0044,2,27.59357261657715
llama,par3_0044,3,27.190040588378903
llama,par3_0044,4,32.15119934082031
llama,par3_0045,0,26.953153610229492
llama,par3_0045,1,33.130157470703125
llama,par3_0045,2,35.94949722290039
llama,par3_0045,3,37.2403564453125
llama,par3_0045,4,27.40475273132324
llama,par3_0046,0,38.71371841430664
llama,par3_0046,1,29.368043899536133
llama,par3_0046,2,50.38922500610352
llama,par3_0046,3,33.92988967895508
llama,par3_0046,4,43.61179733276367
llama,par3_0047,0,12.504889488220217
llama,par3_0047,1,13.889028549194336
llama,par3_0047,2,11.386423110961914
llama,par3_0047,3,11.61486530303955
llama,par3_0047,4,14.480941772460938
llama,par3_0048,0,27.77466583251953
llama,par3_0048,1,21.70366668701172
llama,par3_0048,2,30.91275978088379
llama,par3_0048,3,25.02547264099121
llama,par3_0048,4,30.70831298828125
llama,par3_0049,0,10.070005416870115
llama,par3_0049,1,12.757969856262209
llama,par3_0049,2,14.094422340393066
llama,par3_0049,3,13.096696853637695
llama,par3_0049,4,12.143482208251951
llama,par3_0050,0,19.622230529785156
llama,par3_0050,1,20.567480087280273
llama,par3_0050,2,20.294328689575195
llama,par3_0050,3,26.696571350097656
llama,par3_0050,4,20.86210823059082
llama,par3_0051,0,21.184051513671875
llama,par3_0051,1,17.442461013793945
llama,par3_0051,2,19.950000762939453
llama,par3_0051,3,21.39571952819824
llama,par3_0051,4,21.73904800415039
llama,par3_0052,0,20.49555206298828
llama,par3_0052,1,23.167728424072266
llama,par3_0052,2,16.29171371459961
llama,par3_0052,3,20.62925148010254
llama,par3_0052,4,20.905261993408203
llama,par3_0053,0,22.728254318237305
llama,par3_0053,1,21.385786056518555
llama,par3_0053,2,23.467758178710938
llama,par3_0053,3,22.07065773010254
llama,par3_0053,4,21.97570419311523
llama,par3_0054,0,79.59283447265625
llama,par3_0054,1,66.66413116455078
llama,par3_0054,2,79.28707122802734
llama,par3_0054,3,68.59610748291016
llama,par3_0054,4,73.66305541992188
llama,par3_0055,0,19.040958404541016
llama,par3_0055,1,19.011035919189453
llama,par3_0055,2,17.802457809448242
llama,par3_0055,3,18.33502960205078
llama,par3_0055,4,18.53697395324707
llama,par3_0056,0,28.480321884155273
llama,par3_0056,1,39.86589431762695
llama,par3_0056,2,26.057052612304688
llama,par3_0056,3,29.268722534179688
llama,par3_0056,4,28.774593353271484
llama,par3_0057,0,23.857290267944336
llama,par3_0057,1,20.36804580688477
llama,par3_0057,2,20.574298858642575
llama,par3_0057,3,19.649364471435547
llama,par3_0057,4,21.24001121520996
llama,par3_0058,0,15.728221893310549
llama,par3_0058,1,15.215107917785645
llama,par3_0058,2,23.338397979736328
llama,par3_0058,3,14.035959243774414
llama,par3_0058,4,14.49434757232666
llama,par3_0059,0,21.90727806091309
llama,par3_0059,1,18.37331199645996
llama,par3_0059,2,20.49289894104004
llama,par3_0059,3,21.320056915283203
llama,par3_0059,4,18.020219802856445
llama,par3_0060,0,30.31243896484375
llama,par3_0060,1,26.60811996459961
llama,par3_0060,2,29.205713272094727
llama,par3_0060,3,57.45264434814453
llama,par3_0060,4,31.561737060546875
llama,par3_0061,0,20.14566993713379
llama,par3_0061,1,19.68138313293457
llama,par3_0061,2,18.8106632232666
llama,par3_0061,3,21.370586395263672
llama,par3_0061,4,19.0509033203125
llama,par3_0062,0,13.165066719055176
llama,par3_0062,1,14.914183616638184
llama,par3_0062,2,16.86355209350586
llama,par3_0062,3,16.447650909423828
llama,par3_0062,4,14.720276832580566
llama,par3_0063,0,36.803462982177734
llama,par3_0063,1,28.41550064086914
llama,par3_0063,2,33.14152526855469
llama,par3_0063,3,33.242835998535156
llama,par3_0063,4,26.460559844970703
llama,par3_0064,0,26.29414939880371
llama,par3_0064,1,23.955781936645508
llama,par3_0064,2,27.77872657775879
llama,par3_0064,3,23.47994613647461
llama,par3_0064,4,20.40606117248535
llama,par3_0065,0,24.927400588989254
llama,par3_0065,1,20.58852767944336
llama,par3_0065,3,39.52507400512695
llama,par3_0065,4,27.427995681762695
llama,par3_0066,0,23.724306106567383
llama,par3_0066,1,23.434797286987305
llama,par3_0066,2,27.210092544555664
llama,par3_0066,3,20.52766227722168
llama,par3_0066,4,25.414833068847656
llama,par3_0067,0,22.77496910095215
llama,par3_0067,1,24.821430206298828
llama,par3_0067,2,26.34941291809082
llama,par3_0067,3,30.06635856628418
llama,par3_0067,4,28.14634132385254
llama,par3_0068,0,19.774389266967773
llama,par3_0068,1,20.048768997192383
llama,par3_0068,2,18.103965759277344
llama,par3_0068,3,17.443458557128906
llama,par3_0068,4,19.150428771972656
llama,par3_0069,0,15.847949028015137
llama,par3_0069,1,15.291357040405272
llama,par3_0069,2,18.72207260131836
llama,par3_0069,3,21.959299087524418
llama,par3_0069,4,16.72707176208496
llama,par3_0070,0,21.547740936279297
llama,par3_0070,1,21.898740768432617
llama,par3_0070,2,21.673154830932617
llama,par3_0070,3,22.445880889892575
llama,par3_0070,4,18.850252151489254
llama,par3_0071,0,25.4044189453125
llama,par3_0071,1,27.13783264160156
llama,par3_0071,2,22.92280960083008
llama,par3_0071,3,24.33076858520508
llama,par3_0071,4,24.210834503173828
llama,par3_0072,0,14.06145191192627
llama,par3_0072,1,15.877277374267578
llama,par3_0072,2,20.742755889892575
llama,par3_0072,3,16.98733901977539
llama,par3_0072,4,14.997468948364258
llama,par3_0073,0,25.49578285217285
llama,par3_0073,1,27.644994735717773
llama,par3_0073,2,27.731464385986328
llama,par3_0073,3,28.64703369140625
llama,par3_0073,4,35.313438415527344
llama,par3_0074,0,19.42663955688477
llama,par3_0074,1,20.407238006591797
llama,par3_0074,2,17.700748443603516
llama,par3_0074,3,19.48709297180176
llama,par3_0074,4,22.239559173583984
llama,par3_0075,0,20.427490234375
llama,par3_0075,1,17.637969970703125
llama,par3_0075,2,20.488849639892575
llama,par3_0075,3,17.832075119018555
llama,par3_0075,4,20.13934898376465
llama,par3_0076,0,24.479433059692383
llama,par3_0076,1,19.921886444091797
llama,par3_0076,2,22.78870010375977
llama,par3_0076,3,18.19862365722656
llama,par3_0076,4,22.557025909423828
llama,par3_0077,0,39.964942932128906
llama,par3_0077,1,35.12904739379883
llama,par3_0077,2,32.80791473388672
llama,par3_0077,3,32.008323669433594
llama,par3_0077,4,31.40719413757324
llama,par3_0078,0,36.02885818481445
llama,par3_0078,1,40.153560638427734
llama,par3_0078,2,39.56130599975586
llama,par3_0078,3,44.56206130981445
llama,par3_0078,4,38.06295394897461
llama,par3_0079,0,27.77751350402832
llama,par3_0079,1,24.513166427612305
llama,par3_0079,2,23.13976669311523
llama,par3_0079,3,27.112728118896484
llama,par3_0079,4,22.151931762695312
llama,par3_0080,0,22.970949172973633
llama,par3_0080,1,16.268362045288086
llama,par3_0080,2,18.787683486938477
llama,par3_0080,3,18.017362594604492
llama,par3_0080,4,19.950395584106445
llama,par3_0081,0,49.17171096801758
llama,par3_0081,1,47.363380432128906
llama,par3_0081,2,42.6226921081543
llama,par3_0081,3,50.74884796142578
llama,par3_0081,4,52.563194274902344
llama,par3_0082,0,17.396045684814453
llama,par3_0082,1,16.38444709777832
llama,par3_0082,2,15.299277305603027
llama,par3_0082,3,16.029672622680664
llama,par3_0082,4,18.708906173706055
llama,par3_0083,0,12.00678825378418
llama,par3_0083,1,17.333162307739258
llama,par3_0083,3,16.93902587890625
llama,par3_0083,4,23.00865364074707
llama,par3_0084,0,36.91300964355469
llama,par3_0084,1,20.137903213500977
llama,par3_0084,2,33.2855110168457
llama,par3_0084,3,36.24985885620117
llama,par3_0084,4,24.78542709350586
llama,par3_0085,0,44.71778869628906
llama,par3_0085,1,48.87651443481445
llama,par3_0085,2,41.34670639038086
llama,par3_0085,3,46.59830474853515
llama,par3_0085,4,38.10853576660156
llama,par3_0086,0,31.736419677734375
llama,par3_0086,1,25.313396453857425
llama,par3_0086,2,25.535110473632812
llama,par3_0086,3,27.408750534057617
llama,par3_0086,4,24.9493465423584
llama,par3_0087,0,20.03639793395996
llama,par3_0087,1,19.114980697631836
llama,par3_0087,2,20.6885986328125
llama,par3_0087,3,23.656103134155273
llama,par3_0087,4,22.01656150817871
llama,par3_0088,0,28.07400703430176
llama,par3_0088,1,26.493423461914062
llama,par3_0088,2,25.95341110229492
llama,par3_0088,3,23.22608757019043
llama,par3_0088,4,25.40680503845215
llama,par3_0089,0,33.51274871826172
llama,par3_0089,1,73.68690490722656
llama,par3_0089,2,41.4066276550293
llama,par3_0089,3,31.719074249267575
llama,par3_0089,4,49.59268951416016
llama,par3_0090,0,16.966970443725586
llama,par3_0090,1,13.7531156539917
llama,par3_0090,2,17.179271697998047
llama,par3_0090,3,15.301959037780762
llama,par3_0090,4,13.65028953552246
llama,par3_0091,0,39.68285369873047
llama,par3_0091,1,44.332496643066406
llama,par3_0091,2,38.32522964477539
llama,par3_0091,3,40.52276992797851
llama,par3_0091,4,38.17048263549805
llama,par3_0092,0,17.24470329284668
llama,par3_0092,1,21.9628849029541
llama,par3_0092,2,21.57198715209961
llama,par3_0092,3,15.813515663146973
llama,par3_0092,4,18.943281173706055
llama,par3_0093,0,28.00358772277832
llama,par3_0093,1,22.169647216796875
llama,par3_0093,2,26.904897689819336
llama,par3_0093,3,21.599197387695312
llama,par3_0093,4,26.595947265625
llama,par3_0094,0,21.5469913482666
llama,par3_0094,1,37.1267204284668
llama,par3_0094,2,22.22484016418457
llama,par3_0094,3,19.66852569580078
llama,par3_0094,4,26.69218063354492
llama,par3_0095,0,19.46617889404297
llama,par3_0095,1,15.56736946105957
llama,par3_0095,2,18.902862548828125
llama,par3_0095,3,17.29517364501953
llama,par3_0095,4,23.114927291870117
llama,par3_0096,0,15.120325088500977
llama,par3_0096,1,17.30744743347168
llama,par3_0096,2,15.25825309753418
llama,par3_0096,3,14.411502838134766
llama,par3_0096,4,16.83025360107422
llama,par3_0097,0,19.83461570739746
llama,par3_0097,1,29.49386405944824
llama,par3_0097,2,28.87316513061523
llama,par3_0097,3,25.25385093688965
llama,par3_0097,4,16.945737838745117
llama,par3_0098,0,44.60986328125
llama,par3_0098,1,38.04339218139648
llama,par3_0098,2,36.91459655761719
llama,par3_0098,3,31.66455078125
llama,par3_0098,4,32.27505874633789
llama,par3_0099,0,16.804460525512695
llama,par3_0099,1,18.550338745117188
llama,par3_0099,2,20.52406120300293
llama,par3_0099,3,18.912242889404297
llama,par3_0099,4,19.37250518798828
llama,par3_0100,0,15.688594818115234
llama,par3_0100,1,15.424768447875977
llama,par3_0100,2,16.489320755004883
llama,par3_0100,3,12.824722290039062
llama,par3_0100,4,13.635187149047852
llama,par3_0101,0,36.39838409423828
llama,par3_0101,1,42.92803955078125
llama,par3_0101,2,35.22419357299805
llama,par3_0101,3,29.297264099121097
llama,par3_0101,4,35.977176666259766
llama,par3_0102,0,20.25695037841797
llama,par3_0102,1,21.02762794494629
llama,par3_0102,2,19.38979148864746
llama,par3_0102,3,17.956972122192383
llama,par3_0102,4,22.43275260925293
llama,par3_0103,0,12.5536527633667
llama,par3_0103,1,12.885993003845217
llama,par3_0103,2,14.178614616394045
llama,par3_0103,3,12.920904159545898
llama,par3_0103,4,12.669257164001465
llama,par3_0104,0,31.463321685791016
llama,par3_0104,1,37.79454040527344
llama,par3_0104,2,29.242446899414062
llama,par3_0104,3,31.401832580566406
llama,par3_0104,4,37.8128547668457
llama,par3_0105,0,19.968250274658203
llama,par3_0105,1,21.269960403442383
llama,par3_0105,2,20.88739585876465
llama,par3_0105,3,21.588611602783203
llama,par3_0105,4,20.714195251464844
llama,par3_0106,0,22.11566734313965
llama,par3_0106,1,18.806806564331055
llama,par3_0106,2,18.693683624267575
llama,par3_0106,3,25.23418235778809
llama,par3_0106,4,18.72725486755371
llama,par3_0107,0,30.49231719970703
llama,par3_0107,1,23.10091209411621
llama,par3_0107,2,31.054014205932617
llama,par3_0107,3,29.955224990844727
llama,par3_0107,4,21.576114654541016
llama,par3_0108,0,28.679677963256836
llama,par3_0108,1,26.17391586303711
llama,par3_0108,2,29.089506149291992
llama,par3_0108,3,34.94010543823242
llama,par3_0108,4,24.379270553588867
llama,par3_0109,0,24.725603103637695
llama,par3_0109,1,24.777137756347656
llama,par3_0109,2,25.504796981811523
llama,par3_0109,3,22.78720474243164
llama,par3_0109,4,24.888368606567383
llama,par3_0110,0,33.61328125
llama,par3_0110,1,31.56966209411621
llama,par3_0110,2,30.561853408813477
llama,par3_0110,3,25.92566299438477
llama,par3_0110,4,29.85459327697754
llama,par3_0111,0,32.15343475341797
llama,par3_0111,1,33.3512077331543
llama,par3_0111,2,32.42622375488281
llama,par3_0111,3,29.61073875427246
llama,par3_0111,4,32.363914489746094
llama,par3_0112,0,27.305980682373047
llama,par3_0112,1,24.061378479003903
llama,par3_0112,2,27.75425148010254
llama,par3_0112,3,29.326005935668945
llama,par3_0112,4,27.677778244018555
llama,par3_0113,0,23.41386604309082
llama,par3_0113,1,20.90276527404785
llama,par3_0113,2,21.162349700927734
llama,par3_0113,3,20.577373504638672
llama,par3_0113,4,22.685527801513672
llama,par3_0114,0,45.91054153442383
llama,par3_0114,1,44.76774597167969
llama,par3_0114,2,58.90813827514648
llama,par3_0114,3,48.51133728027344
llama,par3_0114,4,61.91364288330078
llama,par3_0115,0,25.160085678100582
llama,par3_0115,1,25.921754837036133
llama,par3_0115,2,22.80535316467285
llama,par3_0115,3,26.351091384887695
llama,par3_0115,4,22.51625633239746
llama,par3_0116,0,30.817941665649418
llama,par3_0116,1,38.19546890258789
llama,par3_0116,2,30.50126838684082
llama,par3_0116,3,36.8150749206543
llama,par3_0116,4,34.692832946777344
llama,par3_0117,0,30.232267379760746
llama,par3_0117,1,33.83246994018555
llama,par3_0117,2,31.689708709716797
llama,par3_0117,3,31.020130157470703
llama,par3_0117,4,32.9343147277832
llama,par3_0118,0,25.17538070678711
llama,par3_0118,1,18.7725887298584
llama,par3_0118,2,25.33592987060547
llama,par3_0118,3,20.941410064697266
llama,par3_0118,4,22.83943748474121
llama,par3_0119,0,20.74399185180664
llama,par3_0119,1,23.730976104736328
llama,par3_0119,2,18.947614669799805
llama,par3_0119,3,24.94422149658203
llama,par3_0119,4,19.404239654541016
llama,par3_0120,0,17.078433990478516
llama,par3_0120,1,14.164603233337402
llama,par3_0120,2,17.58086395263672
llama,par3_0120,3,20.183591842651367
llama,par3_0120,4,21.11531639099121
llama,par3_0121,0,23.292131423950195
llama,par3_0121,1,23.11828994750977
llama,par3_0121,2,22.97992706298828
llama,par3_0121,3,20.876283645629883
llama,par3_0121,4,22.76138687133789
llama,par3_0122,0,14.434982299804688
llama,par3_0122,1,16.144920349121094
llama,par3_0122,2,18.597183227539062
llama,par3_0122,3,15.279994010925291
llama,par3_0122,4,15.156211853027344
llama,par3_0123,0,27.03495216369629
llama,par3_0123,1,33.445068359375
llama,par3_0123,2,21.952322006225582
llama,par3_0123,3,24.371164321899418
llama,par3_0123,4,21.534156799316406
llama,par3_0124,0,26.183565139770508
llama,par3_0124,1,21.537961959838867
llama,par3_0124,2,24.40449333190918
llama,par3_0124,3,17.02741241455078
llama,par3_0124,4,23.400611877441406
llama,par3_0125,0,35.01210403442383
llama,par3_0125,1,38.511260986328125
llama,par3_0125,2,29.30113220214844
llama,par3_0125,3,40.96318435668945
llama,par3_0125,4,51.67294692993164
llama,par3_0126,2,26.55887222290039
llama,par3_0126,3,27.144758224487305
llama,par3_0126,4,28.84416389465332
llama,par3_0127,0,19.17335319519043
llama,par3_0127,1,20.11949920654297
llama,par3_0127,2,17.065954208374023
llama,par3_0127,3,18.274595260620117
llama,par3_0127,4,17.148433685302734
llama,par3_0128,0,20.394859313964844
llama,par3_0128,1,18.438465118408203
llama,par3_0128,2,19.76424217224121
llama,par3_0128,3,21.821699142456055
llama,par3_0128,4,23.280563354492188
llama,par3_0129,0,24.506200790405273
llama,par3_0129,1,28.89253044128418
llama,par3_0129,2,27.991371154785156
llama,par3_0129,3,24.19843292236328
llama,par3_0129,4,22.65288352966309
llama,par3_0130,0,20.49397850036621
llama,par3_0130,1,20.82301139831543
llama,par3_0130,2,23.62757110595703
llama,par3_0130,3,24.25931167602539
llama,par3_0130,4,23.074087142944336
llama,par3_0131,0,49.44622039794922
llama,par3_0131,1,48.37181091308594
llama,par3_0131,2,41.03337860107422
llama,par3_0131,3,43.48760223388672
llama,par3_0131,4,50.544044494628906
llama,par3_0132,0,21.07948303222656
llama,par3_0132,1,16.3523006439209
llama,par3_0132,2,18.698091506958008
llama,par3_0132,3,26.774280548095703
llama,par3_0132,4,20.027868270874023
llama,par3_0133,0,30.20671844482422
llama,par3_0133,1,26.472000122070312
llama,par3_0133,2,28.50621032714844
llama,par3_0133,3,25.77022171020508
llama,par3_0133,4,26.332481384277344
llama,par3_0134,1,16.545942306518555
llama,par3_0134,2,18.766660690307617
llama,par3_0134,3,19.587533950805664
llama,par3_0134,4,19.60024070739746
llama,par3_0135,0,24.145689010620117
llama,par3_0135,1,17.092117309570312
llama,par3_0135,2,21.22179794311523
llama,par3_0135,3,21.261199951171875
llama,par3_0135,4,24.02219009399414
llama,par3_0136,0,15.813533782958984
llama,par3_0136,1,25.793956756591797
llama,par3_0136,2,14.669807434082031
llama,par3_0136,3,26.72402000427246
llama,par3_0136,4,23.70004653930664
llama,par3_0137,0,24.6275577545166
llama,par3_0137,1,28.67654037475586
llama,par3_0137,2,22.07694625854492
llama,par3_0137,3,18.102691650390625
llama,par3_0137,4,27.357736587524418
llama,par3_0138,0,17.946611404418945
llama,par3_0138,1,13.007734298706056
llama,par3_0138,2,16.558666229248047
llama,par3_0138,3,13.412742614746094
llama,par3_0138,4,13.453436851501465
llama,par3_0139,0,19.426944732666016
llama,par3_0139,1,19.01488494873047
llama,par3_0139,2,16.998926162719727
llama,par3_0139,3,18.638160705566406
llama,par3_0139,4,14.083102226257324
llama,par3_0140,0,35.27167892456055
llama,par3_0140,1,39.360870361328125
llama,par3_0140,2,40.63410568237305
llama,par3_0140,3,39.26963806152344
llama,par3_0140,4,34.559810638427734
llama,par3_0141,0,15.601515769958496
llama,par3_0141,1,14.394782066345217
llama,par3_0141,2,17.26435089111328
llama,par3_0141,3,20.775657653808594
llama,par3_0141,4,20.48126792907715
llama,par3_0142,0,24.62104606628418
llama,par3_0142,1,22.119848251342773
llama,par3_0142,2,23.64063835144043
llama,par3_0142,3,23.27212142944336
llama,par3_0142,4,21.13551902770996
llama,par3_0143,0,22.22152328491211
llama,par3_0143,1,25.81604385375977
llama,par3_0143,2,25.071624755859375
llama,par3_0143,3,26.245935440063477
llama,par3_0143,4,28.693479537963867
llama,par3_0144,0,38.42680740356445
llama,par3_0144,1,42.61720275878906
llama,par3_0144,2,42.83070755004883
llama,par3_0144,3,40.30030059814453
llama,par3_0145,0,24.27128791809082
llama,par3_0145,1,38.933990478515625
llama,par3_0145,2,23.57999038696289
llama,par3_0145,3,41.75061798095703
llama,par3_0145,4,28.110736846923828
llama,par3_0146,0,26.5021915435791
llama,par3_0146,1,28.397315979003903
llama,par3_0146,2,24.723085403442383
llama,par3_0146,3,20.841297149658203
llama,par3_0146,4,21.780702590942383
llama,par3_0147,0,15.751544952392578
llama,par3_0147,1,16.6192569732666
llama,par3_0147,2,11.630901336669922
llama,par3_0147,3,16.817289352416992
llama,par3_0147,4,13.34762477874756
llama,par3_0148,0,16.0267333984375
llama,par3_0148,1,14.211921691894531
llama,par3_0148,2,17.06629180908203
llama,par3_0148,3,17.093217849731445
llama,par3_0148,4,14.361845970153809
llama,par3_0149,0,18.082962036132812
llama,par3_0149,1,14.623454093933104
llama,par3_0149,2,16.54316520690918
llama,par3_0149,3,16.125343322753906
llama,par3_0149,4,16.001171112060547
llama,par3_0150,0,18.330650329589844
llama,par3_0150,1,18.298967361450195
llama,par3_0150,2,19.799497604370117
llama,par3_0150,3,16.895387649536133
llama,par3_0150,4,21.483665466308594
llama,par3_0151,0,17.743309020996094
llama,par3_0151,2,17.322999954223633
llama,par3_0151,3,21.0821475982666
llama,par3_0151,4,17.232412338256836
llama,par3_0152,0,24.47270393371582
llama,par3_0152,1,21.201194763183594
llama,par3_0152,2,19.567337036132812
llama,par3_0152,3,23.7238712310791
llama,par3_0152,4,30.574636459350582
llama,par3_0153,0,37.400123596191406
llama,par3_0153,1,44.588172912597656
llama,par3_0153,2,33.338890075683594
llama,par3_0153,3,36.02262496948242
llama,par3_0153,4,29.41817855834961
llama,par3_0154,0,26.93358039855957
llama,par3_0154,1,27.54299545288086
llama,par3_0154,2,27.0080623626709
llama,par3_0154,3,29.608627319335938
llama,par3_0154,4,22.483169555664062
llama,par3_0155,0,17.783483505249023
llama,par3_0155,1,17.65995216369629
llama,par3_0155,2,20.260791778564453
llama,par3_0155,3,18.027976989746097
llama,par3_0155,4,13.867230415344238
llama,par3_0156,0,15.003484725952148
llama,par3_0156,1,16.741783142089844
llama,par3_0156,2,14.260379791259766
llama,par3_0156,3,15.49457836151123
llama,par3_0156,4,15.711843490600586
llama,par3_0157,0,22.50830078125
llama,par3_0157,1,16.463167190551758
llama,par3_0157,2,20.034353256225582
llama,par3_0157,3,18.142606735229492
llama,par3_0157,4,14.362459182739258
llama,par3_0158,0,22.522279739379883
llama,par3_0158,1,19.107398986816406
llama,par3_0158,2,21.26496696472168
llama,par3_0158,3,24.726491928100582
llama,par3_0158,4,21.943801879882812
llama,par3_0159,0,18.007902145385742
llama,par3_0159,1,14.851665496826172
llama,par3_0159,2,21.758939743041992
llama,par3_0159,3,15.74030876159668
llama,par3_0159,4,19.621538162231445
llama,par3_0160,0,23.327728271484375
llama,par3_0160,1,20.05600357055664
llama,par3_0160,2,20.38241958618164
llama,par3_0160,3,17.694316864013672
llama,par3_0160,4,16.970802307128906
llama,par3_0161,0,18.25096321105957
llama,par3_0161,1,22.32063102722168
llama,par3_0161,2,18.323291778564453
llama,par3_0161,3,16.679641723632812
llama,par3_0161,4,18.820802688598633
llama,par3_0162,0,29.4456787109375
llama,par3_0162,1,34.07271957397461
llama,par3_0162,2,32.4135627746582
llama,par3_0162,3,33.61125946044922
llama,par3_0162,4,34.517486572265625
llama,par3_0163,0,21.626821517944336
llama,par3_0163,1,22.602840423583984
llama,par3_0163,2,25.904796600341797
llama,par3_0163,3,24.03885078430176
llama,par3_0163,4,22.86037254333496
llama,par3_0164,0,19.531494140625
llama,par3_0164,1,16.781435012817383
llama,par3_0164,2,16.041397094726562
llama,par3_0164,3,16.5903263092041
llama,par3_0164,4,19.02600479125977
llama,par3_0165,0,21.726844787597656
llama,par3_0165,1,23.747417449951172
llama,par3_0165,2,25.27143287658691
llama,par3_0165,3,22.43060302734375
llama,par3_0165,4,25.42375373840332
llama,par3_0166,0,19.567169189453125
llama,par3_0166,1,31.252065658569336
llama,par3_0166,2,28.990781784057617
llama,par3_0166,3,32.12037658691406
llama,par3_0166,4,22.06800651550293
llama,par3_0167,0,22.780942916870117
llama,par3_0167,2,24.71217155456543
llama,par3_0167,3,29.8505859375
llama,par3_0167,4,24.887733459472656
llama,par3_0168,0,20.12640380859375
llama,par3_0168,1,26.712711334228516
llama,par3_0168,2,24.438560485839844
llama,par3_0168,3,30.750938415527344
llama,par3_0168,4,24.859752655029297
llama,par3_0169,0,16.32857322692871
llama,par3_0169,1,18.486919403076172
llama,par3_0169,2,25.5275936126709
llama,par3_0169,3,17.40106773376465
llama,par3_0169,4,14.8189058303833
llama,par3_0170,0,21.51335906982422
llama,par3_0170,1,23.30560302734375
llama,par3_0170,2,25.13517951965332
llama,par3_0170,3,24.205772399902344
llama,par3_0170,4,18.53505516052246
llama,par3_0171,0,17.474369049072266
llama,par3_0171,1,18.05123519897461
llama,par3_0171,2,18.7972412109375
llama,par3_0171,3,18.803054809570312
llama,par3_0171,4,17.972076416015625
llama,par3_0172,0,23.419677734375
llama,par3_0172,1,27.076894760131836
llama,par3_0172,2,21.9172306060791
llama,par3_0172,3,23.99476623535156
llama,par3_0172,4,30.21590232849121
llama,par3_0173,0,22.510534286499023
llama,par3_0173,1,19.41480827331543
llama,par3_0173,2,20.39847183227539
llama,par3_0173,3,24.562408447265625
llama,par3_0173,4,31.073558807373047
llama,par3_0174,0,28.3961181640625
llama,par3_0174,1,21.540760040283203
llama,par3_0174,2,23.847383499145508
llama,par3_0174,3,20.025699615478516
llama,par3_0174,4,23.345849990844727
llama,par3_0175,0,16.812467575073242
llama,par3_0175,1,12.063462257385254
llama,par3_0175,2,12.284896850585938
llama,par3_0175,4,17.848621368408203
llama,par3_0176,0,16.639942169189453
llama,par3_0176,1,18.201187133789062
llama,par3_0176,2,16.72730827331543
llama,par3_0176,3,17.008209228515625
llama,par3_0176,4,18.005722045898438
llama,par3_0177,0,20.59469413757324
llama,par3_0177,1,23.980335235595703
llama,par3_0177,2,27.922578811645508
llama,par3_0177,3,19.317628860473633
llama,par3_0177,4,26.143299102783203
llama,par3_0178,0,24.04627990722656
llama,par3_0178,1,23.67424964904785
llama,par3_0178,2,21.969154357910156
llama,par3_0178,3,20.48573875427246
llama,par3_0178,4,25.445178985595703
llama,par3_0179,0,35.222877502441406
llama,par3_0179,1,24.52466583251953
llama,par3_0179,2,23.3696231842041
llama,par3_0179,3,29.93120765686035
llama,par3_0179,4,32.013919830322266
llama,par3_0180,0,26.965816497802734
llama,par3_0180,1,35.705142974853516
llama,par3_0180,2,32.407249450683594
llama,par3_0180,3,35.1373405456543
llama,par3_0180,4,36.97019958496094
llama,par3_0181,0,15.777231216430664
llama,par3_0181,1,15.752506256103516
llama,par3_0181,2,15.218673706054688
llama,par3_0181,3,15.854418754577637
llama,par3_0181,4,16.54345703125
llama,par3_0182,0,32.69906997680664
llama,par3_0182,1,37.17667007446289
llama,par3_0182,2,31.86086082458496
llama,par3_0182,3,34.310401916503906
llama,par3_0182,4,36.22914123535156
llama,par3_0183,0,20.050500869750977
llama,par3_0183,1,21.510818481445312
llama,par3_0183,2,23.28321075439453
llama,par3_0183,3,24.574920654296875
llama,par3_0183,4,17.340482711791992
llama,par3_0184,0,29.857383728027344
llama,par3_0184,1,28.309680938720703
llama,par3_0184,2,26.12457847595215
llama,par3_0184,3,31.98164176940918
llama,par3_0184,4,33.93739700317383
llama,par3_0185,0,36.06658935546875
llama,par3_0185,1,30.59272003173828
llama,par3_0185,2,34.14614486694336
llama,par3_0185,3,30.572500228881836
llama,par3_0185,4,28.139692306518555
llama,par3_0186,0,38.875877380371094
llama,par3_0186,1,28.18036460876465
llama,par3_0186,2,33.78550720214844
llama,par3_0186,3,33.0470085144043
llama,par3_0186,4,25.669025421142575
llama,par3_0187,0,35.83072280883789
llama,par3_0187,1,35.2529182434082
llama,par3_0187,2,31.415918350219727
llama,par3_0187,3,38.349342346191406
llama,par3_0187,4,31.09345054626465
llama,par3_0188,0,22.946800231933594
llama,par3_0188,1,21.796037673950195
llama,par3_0188,2,22.136863708496097
llama,par3_0188,3,22.6346378326416
llama,par3_0188,4,23.52986717224121
llama,par3_0189,0,21.91132545471191
llama,par3_0189,1,16.67356300354004
llama,par3_0189,2,19.514816284179688
llama,par3_0189,3,19.910964965820312
llama,par3_0189,4,17.315261840820312
llama,par3_0190,0,41.02142333984375
llama,par3_0190,1,44.24917221069336
llama,par3_0190,2,29.0385684967041
llama,par3_0190,3,45.6168327331543
llama,par3_0190,4,38.51961898803711
llama,par3_0191,0,24.7706241607666
llama,par3_0191,1,27.34516143798828
llama,par3_0191,2,29.27791404724121
llama,par3_0191,3,27.081174850463867
llama,par3_0191,4,28.938169479370117
llama,par3_0192,0,23.047998428344727
llama,par3_0192,1,22.500686645507812
llama,par3_0192,2,26.44734001159668
llama,par3_0192,3,26.026220321655273
llama,par3_0192,4,25.499502182006836
llama,par3_0193,0,50.26961517333984
llama,par3_0193,1,43.294395446777344
llama,par3_0193,2,35.605308532714844
llama,par3_0193,3,34.24769973754883
llama,par3_0193,4,45.86922454833984
llama,par3_0194,0,21.19546890258789
llama,par3_0194,1,24.450279235839844
llama,par3_0194,2,25.2600040435791
llama,par3_0194,3,22.378664016723633
llama,par3_0194,4,24.547292709350582
llama,par3_0195,0,29.87657356262207
llama,par3_0195,1,31.945877075195312
llama,par3_0195,2,32.71714782714844
llama,par3_0195,3,30.58817672729492
llama,par3_0195,4,34.24953842163086
llama,par3_0196,0,25.956592559814453
llama,par3_0196,1,16.315074920654297
llama,par3_0196,2,24.90557098388672
llama,par3_0196,3,19.75466537475586
llama,par3_0196,4,26.00119400024414
llama,par3_0197,0,28.159639358520508
llama,par3_0197,1,24.93283462524414
llama,par3_0197,2,28.77338409423828
llama,par3_0197,3,27.857192993164062
llama,par3_0197,4,25.53697967529297
llama,par3_0198,0,30.322362899780273
llama,par3_0198,1,28.70291519165039
llama,par3_0198,2,20.037328720092773
llama,par3_0198,3,27.91481590270996
llama,par3_0198,4,34.11210632324219
llama,par3_0199,0,19.32997703552246
llama,par3_0199,1,19.723543167114254
llama,par3_0199,2,20.762149810791016
llama,par3_0199,3,24.565401077270508
llama,par3_0199,4,19.44383430480957
mistral,par3_0000,0,22.4927978515625
mistral,par3_0000,1,22.809797286987305
mistral,par3_0000,2,25.446645736694336
mistral,par3_0000,3,21.781070709228516
mistral,par3_0000,4,20.8101749420166
mistral,par3_0001,0,20.41448974609375
mistral,par3_0001,1,18.773645401000977
mistral,par3_0001,2,18.873199462890625
mistral,par3_0001,3,19.92264175415039
mistral,par3_0001,4,19.93765640258789
mistral,par3_0002,0,29.56973648071289
mistral,par3_0002,1,33.907875061035156
mistral,par3_0002,2,29.345800399780273
mistral,par3_0002,3,27.355941772460938
mistral,par3_0002,4,36.673828125
mistral,par3_0003,0,21.772245407104492
mistral,par3_0003,1,19.4091854095459
mistral,par3_0003,2,21.856428146362305
mistral,par3_0003,3,20.036083221435547
mistral,par3_0003,4,24.023353576660156
mistral,par3_0004,0,40.336395263671875
mistral,par3_0004,1,27.841650009155273
mistral,par3_0004,2,37.07073974609375
mistral,par3_0004,3,37.11484146118164
mistral,par3_0005,0,35.50399398803711
mistral,par3_0005,1,39.73128509521485
mistral,par3_0005,2,41.1069221496582
mistral,par3_0005,3,35.643341064453125
mistral,par3_0005,4,40.13693618774414
mistral,par3_0006,0,28.359556198120117
mistral,par3_0006,1,26.05955696105957
mistral,par3_0006,2,29.193204879760746
mistral,par3_0006,3,28.143836975097656
mistral,par3_0006,4,29.224145889282227
mistral,par3_0007,0,26.679290771484375
mistral,par3_0007,1,26.73025894165039
mistral,par3_0007,2,22.650541305541992
mistral,par3_0007,3,24.307058334350582
mistral,par3_0007,4,25.68777847290039
mistral,par3_0008,0,26.244489669799805
mistral,par3_0008,1,24.443117141723633
mistral,par3_0008,2,26.95368766784668
mistral,par3_0008,3,26.451683044433594
mistral,par3_0008,4,26.136213302612305
mistral,par3_0009,1,18.807222366333008
mistral,par3_0009,2,23.823270797729492
mistral,par3_0009,3,17.867660522460938
mistral,par3_0009,4,19.293275833129883
mistral,par3_0010,0,40.612274169921875
mistral,par3_0010,1,37.75727081298828
mistral,par3_0010,2,37.06619644165039
mistral,par3_0010,3,45.58163833618164
mistral,par3_0010,4,38.923362731933594
mistral,par3_0011,0,20.58871078491211
mistral,par3_0011,1,22.161699295043945
mistral,par3_0011,2,22.971534729003903
mistral,par3_0011,3,19.949602127075195
mistral,par3_0011,4,21.947490692138672
mistral,par3_0012,0,31.016159057617188
mistral,par3_0012,1,30.93282699584961
mistral,par3_0012,2,31.255495071411133
mistral,par3_0012,3,29.992427825927734
mistral,par3_0012,4,33.27626037597656
mistral,par3_0013,0,23.71158218383789
mistral,par3_0013,1,21.86426544189453
mistral,par3_0013,2,22.669124603271484
mistral,par3_0013,3,16.995546340942383
mistral,par3_0013,4,22.895751953125
mistral,par3_0014,0,22.40452003479004
mistral,par3_0014,1,19.39881896972656
mistral,par3_0014,2,23.775999069213867
mistral,par3_0014,3,26.30446434020996
mistral,par3_0015,0,24.186689376831055
mistral,par3_0015,1,22.69626808166504
mistral,par3_0015,2,25.701929092407227
mistral,par3_0015,3,24.893009185791016
mistral,par3_0015,4,24.29889488220215
mistral,par3_0016,0,29.57436180114746
mistral,par3_0016,1,23.602712631225582
mistral,par3_0016,2,31.0443172454834
mistral,par3_0016,3,29.744951248168945
mistral,par3_0016,4,28.86030960083008
mistral,par3_0017,0,18.573808670043945
mistral,par3_0017,1,16.413921356201172
mistral,par3_0017,2,17.079509735107422
mistral,par3_0017,3,19.410675048828125
mistral,par3_0017,4,18.876684188842773
mistral,par3_0018,0,28.13312530517578
mistral,par3_0018,1,29.332670211791992
mistral,par3_0018,2,37.258811950683594
mistral,par3_0018,3,32.10588073730469
mistral,par3_0018,4,32.39962387084961
mistral,par3_0019,0,18.022815704345703
mistral,par3_0019,1,17.927003860473633
mistral,par3_0019,2,21.17584228515625
mistral,par3_0019,3,19.77007293701172
mistral,par3_0019,4,20.29203414916992
mistral,par3_0020,0,20.933666229248047
mistral,par3_0020,1,22.252655029296875
mistral,par3_0020,2,22.16802978515625
mistral,par3_0020,3,18.006792068481445
mistral,par3_0020,4,25.046716690063477
mistral,par3_0021,0,15.362256050109863
mistral,par3_0021,1,17.18478012084961
mistral,par3_0021,2,16.371273040771484
mistral,par3_0021,3,13.74135971069336
mistral,par3_0021,4,17.0766544342041
mistral,par3_0022,0,15.020098686218262
mistral,par3_0022,1,14.936118125915527
mistral,par3_0022,2,16.947843551635742
mistral,par3_0022,3,12.947924613952637
mistral,par3_0022,4,14.302410125732422
mistral,par3_0023,0,36.25856399536133
mistral,par3_0023,1,37.186038970947266
mistral,par3_0023,2,40.42926025390625
mistral,par3_0023,4,33.9312858581543
mistral,par3_0024,0,12.217791557312012
mistral,par3_0024,1,6.6695685386657715
mistral,par3_0024,2,12.456796646118164
mistral,par3_0024,3,10.559940338134766
mistral,par3_0024,4,5.899045944213867
mistral,par3_0025,0,15.908249855041504
mistral,par3_0025,2,17.37812042236328
mistral,par3_0025,4,9.43653678894043
mistral,par3_0026,0,33.408416748046875
mistral,par3_0026,1,36.96188735961914
mistral,par3_0026,2,34.013710021972656
mistral,par3_0026,3,29.688880920410156
mistral,par3_0026,4,37.447566986083984
mistral,par3_0027,0,27.433128356933594
mistral,par3_0027,1,47.64088439941406
mistral,par3_0027,2,32.71367645263672
mistral,par3_0027,3,29.787134170532227
mistral,par3_0027,4,45.22450256347656
mistral,par3_0028,0,18.471755981445312
mistral,par3_0028,1,16.690534591674805
mistral,par3_0028,2,19.384708404541016
mistral,par3_0028,3,16.862964630126953
mistral,par3_0028,4,18.6324520111084
mistral,par3_0029,0,23.396020889282227
mistral,par3_0029,1,27.536054611206055
mistral,par3_0029,2,23.004985809326172
mistral,par3_0029,3,21.07866477966309
mistral,par3_0029,4,23.379783630371097
mistral,par3_0030,0,19.517297744750977
mistral,par3_0030,1,29.01445960998535
mistral,par3_0030,2,30.162818908691406
mistral,par3_0030,3,28.306711196899418
mistral,par3_0030,4,29.77204704284668
mistral,par3_0031,0,24.529781341552734
mistral,par3_0031,1,22.35506248474121
mistral,par3_0031,2,18.73567008972168
mistral,par3_0031,3,24.334659576416016
mistral,par3_0031,4,20.42587661743164
mistral,par3_0032,0,41.8537712097168
mistral,par3_0032,1,47.51198196411133
mistral,par3_0032,2,36.593257904052734
mistral,par3_0032,3,52.940895080566406
mistral,par3_0032,4,43.17401123046875
mistral,par3_0033,0,35.96071243286133
mistral,par3_0033,1,36.18703079223633
mistral,par3_0033,2,38.83858108520508
mistral,par3_0033,3,32.851924896240234
mistral,par3_0033,4,35.42138671875
mistral,par3_0034,0,33.64362716674805
mistral,par3_0034,1,31.93861961364746
mistral,par3_0034,2,33.21425247192383
mistral,par3_0034,3,25.611671447753903
mistral,par3_0034,4,33.59549331665039
mistral,par3_0035,0,24.34458351135254
mistral,par3_0035,1,25.302988052368164
mistral,par3_0035,2,26.042705535888672
mistral,par3_0035,3,23.746007919311523
mistral,par3_0035,4,24.127965927124023
mistral,par3_0036,0,11.709875106811523
mistral,par3_0036,1,12.563554763793944
mistral,par3_0036,2,12.288333892822266
mistral,par3_0036,3,10.61962890625
mistral,par3_0036,4,10.437111854553224
mistral,par3_0037,0,28.875415802001953
mistral,par3_0037,1,28.38779067993164
mistral,par3_0037,3,26.07393264770508
mistral,par3_0037,4,27.553050994873047
mistral,par3_0038,0,18.14705467224121
mistral,par3_0038,1,17.096330642700195
mistral,par3_0038,2,15.541703224182127
mistral,par3_0038,3,16.541831970214844
mistral,par3_0038,4,16.552576065063477
mistral,par3_0039,0,26.72612762451172
mistral,par3_0039,1,29.81916046142578
mistral,par3_0039,2,32.361000061035156
mistral,par3_0039,3,27.72017478942871
mistral,par3_0039,4,28.0423583984375
mistral,par3_0040,0,22.129348754882812
mistral,par3_0040,1,16.676546096801758
mistral,par3_0040,2,20.02820587158203
mistral,par3_0040,3,16.462997436523438
mistral,par3_0040,4,16.49393653869629
mistral,par3_0041,0,21.19912338256836
mistral,par3_0041,1,21.386449813842773
mistral,par3_0041,2,24.345251083374023
mistral,par3_0041,3,20.99306297302246
mistral,par3_0041,4,21.06279945373535
mistral,par3_0042,0,40.84208297729492
mistral,par3_0042,1,35.933799743652344
mistral,par3_0042,2,39.86058044433594
mistral,par3_0042,3,36.65574264526367
mistral,par3_0042,4,43.857051849365234
mistral,par3_0043,0,29.30994415283203
mistral,par3_0043,1,27.140867233276367
mistral,par3_0043,2,29.197895050048828
mistral,par3_0043,3,29.453330993652344
mistral,par3_0043,4,27.29618453979492
mistral,par3_0044,0,36.94035720825195
mistral,par3_0044,1,32.191246032714844
mistral,par3_0044,2,35.460025787353516
mistral,par3_0044,3,36.53401184082031
mistral,par3_0044,4,37.01241683959961
mistral,par3_0045,0,48.70243835449219
mistral,par3_0045,1,54.14168167114258
mistral,par3_0045,2,62.5792121887207
mistral,par3_0045,3,47.577274322509766
mistral,par3_0045,4,42.66935348510742
mistral,par3_0046,0,27.314367294311523
mistral,par3_0046,1,31.476940155029297
mistral,par3_0046,2,20.52277374267578
mistral,par3_0046,3,46.26009750366211
mistral,par3_0046,4,31.869157791137695
mistral,par3_0047,0,13.067805290222168
mistral,par3_0047,1,13.965333938598633
mistral,par3_0047,2,13.222408294677734
mistral,par3_0047,3,13.088762283325195
mistral,par3_0047,4,15.094294548034668
mistral,par3_0048,0,25.846412658691406
mistral,par3_0048,1,30.764577865600582
mistral,par3_0048,2,25.688438415527344
mistral,par3_0048,3,25.270967483520508
mistral,par3_0048,4,24.591529846191406
mistral,par3_0049,0,10.365903854370115
mistral,par3_0049,1,12.125863075256348
mistral,par3_0049,2,11.266107559204102
mistral,par3_0049,3,10.920641899108888
mistral,par3_0049,4,15.285061836242676
mistral,par3_0050,0,22.259044647216797
mistral,par3_0050,1,22.28076934814453
mistral,par3_0050,2,19.74987030029297
mistral,par3_0050,3,18.267738342285156
mistral,par3_0050,4,20.633129119873047
mistral,par3_0051,0,21.580188751220703
mistral,par3_0051,1,23.208711624145508
mistral,par3_0051,2,24.346284866333008
mistral,par3_0051,3,25.26216697692871
mistral,par3_0051,4,22.11284637451172
mistral,par3_0052,0,20.224685668945312
mistral,par3_0052,1,20.805160522460938
mistral,par3_0052,2,22.568662643432617
mistral,par3_0052,3,20.374540328979492
mistral,par3_0052,4,25.51744842529297
mistral,par3_0053,0,25.066417694091797
mistral,par3_0053,1,21.440324783325195
mistral,par3_0053,2,27.714860916137695
mistral,par3_0053,3,25.10118865966797
mistral,par3_0053,4,27.9409122467041
mistral,par3_0054,0,60.50788497924805
mistral,par3_0054,1,55.98277282714844
mistral,par3_0054,2,56.04310607910156
mistral,par3_0054,3,61.7707405090332
mistral,par3_0054,4,60.62054061889648
mistral,par3_0055,0,21.096649169921875
mistral,par3_0055,1,19.40912628173828
mistral,par3_0055,2,22.200056076049805
mistral,par3_0055,3,21.183530807495117
mistral,par3_0055,4,18.54994010925293
mistral,par3_0056,0,30.224693298339844
mistral,par3_0056,1,32.87223434448242
mistral,par3_0056,2,36.67904281616211
mistral,par3_0056,3,36.28782653808594
mistral,par3_0056,4,42.4589729309082
mistral,par3_0057,0,31.95210838317871
mistral,par3_0057,1,31.419178009033203
mistral,par3_0057,2,27.38594627380371
mistral,par3_0057,3,24.564821243286133
mistral,par3_0057,4,22.608747482299805
mistral,par3_0058,1,16.375450134277344
mistral,par3_0058,3,14.017796516418455
mistral,par3_0058,4,22.732236862182617
mistral,par3_0059,0,24.248760223388672
mistral,par3_0059,1,24.47179412841797
mistral,par3_0059,2,23.20673561096191
mistral,par3_0059,3,22.912975311279297
mistral,par3_0059,4,23.386428833007812
mistral,par3_0060,0,26.60074806213379
mistral,par3_0060,1,30.507261276245117
mistral,par3_0060,2,40.11076354980469
mistral,par3_0060,3,41.58876037597656
mistral,par3_0060,4,33.376827239990234
mistral,par3_0061,0,23.41003799438477
mistral,par3_0061,1,25.523393630981445
mistral,par3_0061,2,23.565624237060547
mistral,par3_0061,3,24.141447067260746
mistral,par3_0061,4,22.333539962768555
mistral,par3_0062,0,15.64404582977295
mistral,par3_0062,1,18.351606369018555
mistral,par3_0062,2,15.505672454833984
mistral,par3_0062,3,13.65574836730957
mistral,par3_0062,4,18.202823638916016
mistral,par3_0063,0,22.38626289367676
mistral,par3_0063,1,33.669158935546875
mistral,par3_0063,2,26.54631805419922
mistral,par3_0063,3,30.899856567382812
mistral,par3_0063,4,35.4295539855957
mistral,par3_0064,0,24.069761276245117
mistral,par3_0064,1,29.355716705322266
mistral,par3_0064,2,28.763891220092773
mistral,par3_0064,3,30.40937042236328
mistral,par3_0064,4,34.33876419067383
mistral,par3_0065,0,25.39888381958008
mistral,par3_0065,2,27.954057693481445
mistral,par3_0065,3,17.879798889160156
mistral,par3_0066,0,31.767169952392575
mistral,par3_0066,1,29.979251861572266
mistral,par3_0066,2,29.506242752075195
mistral,par3_0066,3,27.054800033569336
mistral,par3_0066,4,26.19647789001465
mistral,par3_0067,0,24.678564071655273
mistral,par3_0067,1,24.369583129882812
mistral,par3_0067,2,28.20062255859375
mistral,par3_0067,3,26.527698516845703
mistral,par3_0067,4,26.907880783081055
mistral,par3_0068,0,22.546859741210938
mistral,par3_0068,1,20.549659729003903
mistral,par3_0068,2,20.276226043701172
mistral,par3_0068,3,21.974288940429688
mistral,par3_0068,4,19.925310134887695
mistral,par3_0069,0,21.74710464477539
mistral,par3_0069,1,19.924850463867188
mistral,par3_0069,2,16.126392364501953
mistral,par3_0069,3,21.190765380859375
mistral,par3_0069,4,19.02346420288086
mistral,par3_0070,0,23.192983627319336
mistral,par3_0070,1,20.059545516967773
mistral,par3_0070,2,22.544897079467773
mistral,par3_0070,3,20.239343643188477
mistral,par3_0070,4,19.511783599853516
mistral,par3_0071,0,26.861967086791992
mistral,par3_0071,1,26.61955451965332
mistral,par3_0071,2,24.735679626464844
mistral,par3_0071,3,23.751148223876953
mistral,par3_0071,4,24.907529830932617
mistral,par3_0072,0,17.08412742614746
mistral,par3_0072,1,16.537221908569336
mistral,par3_0072,2,17.71380043029785
mistral,par3_0072,3,21.12121963500977
mistral,par3_0072,4,14.59620189666748
mistral,par3_0073,0,28.50200462341309
mistral,par3_0073,1,35.439971923828125
mistral,par3_0073,2,32.86717224121094
mistral,par3_0073,3,31.077144622802734
mistral,par3_0073,4,29.47696304321289
mistral,par3_0074,0,24.406757354736328
mistral,par3_0074,1,23.29387664794922
mistral,par3_0074,2,20.49278259277344
mistral,par3_0074,3,20.86758041381836
mistral,par3_0074,4,21.323732376098633
mistral,par3_0075,0,22.897274017333984
mistral,par3_0075,1,21.260007858276367
mistral,par3_0075,2,21.134950637817383
mistral,par3_0075,3,25.34993553161621
mistral,par3_0075,4,18.597063064575195
mistral,par3_0076,0,21.091358184814453
mistral,par3_0076,1,18.82727813720703
mistral,par3_0076,2,20.722929000854492
mistral,par3_0076,3,18.446962356567383
mistral,par3_0076,4,19.97210693359375
mistral,par3_0077,0,34.296775817871094
mistral,par3_0077,1,34.60411071777344
mistral,par3_0077,2,33.47339630126953
mistral,par3_0077,3,32.0182991027832
mistral,par3_0077,4,33.32263946533203
mistral,par3_0078,0,36.05794906616211
mistral,par3_0078,1,39.178077697753906
mistral,par3_0078,2,43.05809783935547
mistral,par3_0078,3,36.32770156860352
mistral,par3_0078,4,42.61993789672851
mistral,par3_0079,0,27.7307186126709
mistral,par3_0079,1,25.416458129882812
mistral,par3_0079,2,28.44981575012207
mistral,par3_0079,3,28.429637908935547
mistral,par3_0079,4,26.096271514892575
mistral,par3_0080,0,24.82777404785156
mistral,par3_0080,1,22.41670036315918
mistral,par3_0080,2,31.626970291137695
mistral,par3_0080,3,23.69119453430176
mistral,par3_0080,4,22.17818069458008
mistral,par3_0081,0,52.74333572387695
mistral,par3_0081,1,47.78657531738281
mistral,par3_0081,2,50.95718002319336
mistral,par3_0081,3,50.63698196411133
mistral,par3_0081,4,41.94046401977539
mistral,par3_0082,0,21.26189422607422
mistral,par3_0082,1,21.338058471679688
mistral,par3_0082,2,21.29220390319824
mistral,par3_0082,3,16.254274368286133
mistral,par3_0082,4,20.802526473999023
mistral,par3_0083,0,13.564845085144045
mistral,par3_0083,1,14.926281929016112
mistral,par3_0083,2,16.724987030029297
mistral,par3_0083,3,15.246296882629396
mistral,par3_0083,4,17.05317497253418
mistral,par3_0084,0,37.917869567871094
mistral,par3_0084,1,42.048728942871094
mistral,par3_0084,2,38.944332122802734
mistral,par3_0084,3,47.814327239990234
mistral,par3_0084,4,38.706085205078125
mistral,par3_0085,0,49.20039367675781
mistral,par3_0085,1,43.526668548583984
mistral,par3_0085,2,44.1220588684082
mistral,par3_0085,3,39.36195755004883
mistral,par3_0085,4,41.23248291015625
mistral,par3_0086,0,29.428279876708984
mistral,par3_0086,1,29.674352645874023
mistral,par3_0086,2,36.3156623840332
mistral,par3_0086,3,32.14938735961914
mistral,par3_0086,4,35.01677703857422
mistral,par3_0087,0,20.76647567749023
mistral,par3_0087,1,20.477807998657227
mistral,par3_0087,2,16.755739212036133
mistral,par3_0087,3,15.932782173156738
mistral,par3_0087,4,19.10341453552246
mistral,par3_0088,0,26.893829345703125
mistral,par3_0088,1,28.968969345092773
mistral,par3_0088,2,28.15802001953125
mistral,par3_0088,3,24.902286529541016
mistral,par3_0088,4,28.09706115722656
mistral,par3_0089,0,37.952823638916016
mistral,par3_0089,1,43.68665313720703
mistral,par3_0089,2,59.873477935791016
mistral,par3_0089,3,97.7536392211914
mistral,par3_0089,4,54.7166862487793
mistral,par3_0090,0,16.850746154785156
mistral,par3_0090,1,19.165590286254883
mistral,par3_0090,2,10.843664169311523
mistral,par3_0090,3,17.84246063232422
mistral,par3_0090,4,17.08769989013672
mistral,par3_0091,0,32.998146057128906
mistral,par3_0091,1,42.20082092285156
mistral,par3_0091,2,36.647335052490234
mistral,par3_0091,3,35.7006721496582
mistral,par3_0091,4,40.37151336669922
mistral,par3_0092,0,17.639446258544922
mistral,par3_0092,1,23.87001609802246
mistral,par3_0092,2,25.540529251098633
mistral,par3_0092,3,25.259624481201172
mistral,par3_0092,4,19.36465072631836
mistral,par3_0093,0,27.35557556152344
mistral,par3_0093,1,26.36981964111328
mistral,par3_0093,2,26.645301818847656
mistral,par3_0093,3,21.3276424407959
mistral,par3_0093,4,25.145278930664062
mistral,par3_0094,0,24.88977432250977
mistral,par3_0094,1,32.95203399658203
mistral,par3_0094,2,38.708492279052734
mistral,par3_0094,3,31.91004753112793
mistral,par3_0094,4,33.363834381103516
mistral,par3_0095,0,25.27750587463379
mistral,par3_0095,1,31.05896759033203
mistral,par3_0095,2,23.59095001220703
mistral,par3_0095,4,20.89696502685547
mistral,par3_0096,0,17.366125106811523
mistral,par3_0096,1,16.22071647644043
mistral,par3_0096,2,16.6647891998291
mistral,par3_0096,3,15.3982572555542
mistral,par3_0096,4,16.466121673583984
mistral,par3_0097,0,19.036531448364254
mistral,par3_0097,1,20.58946990966797
mistral,par3_0097,2,19.370220184326172
mistral,par3_0097,3,21.497812271118164
mistral,par3_0097,4,18.234561920166016
mistral,par3_0098,0,47.37639999389648
mistral,par3_0098,1,47.41967010498047
mistral,par3_0098,2,47.84276580810547
mistral,par3_0098,3,49.92251968383789
mistral,par3_0098,4,50.262210845947266
mistral,par3_0099,0,26.194805145263672
mistral,par3_0099,1,24.408432006835938
mistral,par3_0099,2,22.194900512695312
mistral,par3_0099,3,30.63727378845215
mistral,par3_0099,4,30.004236221313477
mistral,par3_0100,0,17.087125778198242
mistral,par3_0100,1,19.21641731262207
mistral,par3_0100,2,18.19723129272461
mistral,par3_0100,3,18.143892288208008
mistral,par3_0100,4,18.40789794921875
mistral,par3_0101,0,43.879005432128906
mistral,par3_0101,2,38.290740966796875
mistral,par3_0101,3,34.031829833984375
mistral,par3_0101,4,36.45455551147461
mistral,par3_0102,0,27.017593383789062
mistral,par3_0102,1,22.355487823486328
mistral,par3_0102,2,20.889488220214844
mistral,par3_0102,3,21.54586601257324
mistral,par3_0102,4,17.89179039001465
mistral,par3_0103,0,18.348970413208008
mistral,par3_0103,1,17.39046859741211
mistral,par3_0103,2,14.11081314086914
mistral,par3_0103,3,16.160110473632812
mistral,par3_0103,4,16.702253341674805
mistral,par3_0104,0,31.15045738220215
mistral,par3_0104,1,36.44432830810547
mistral,par3_0104,2,32.54367446899414
mistral,par3_0104,3,31.15489959716797
mistral,par3_0104,4,31.294342041015625
mistral,par3_0105,0,20.588502883911133
mistral,par3_0105,1,22.741783142089844
mistral,par3_0105,2,25.352582931518555
mistral,par3_0105,4,27.042198181152344
mistral,par3_0106,0,28.74752616882324
mistral,par3_0106,1,26.40892791748047
mistral,par3_0106,2,21.24703025817871
mistral,par3_0106,3,31.78561782836914
mistral,par3_0106,4,22.341001510620117
mistral,par3_0107,0,31.928714752197266
mistral,par3_0107,1,27.347862243652344
mistral,par3_0107,2,29.755613327026367
mistral,par3_0107,3,28.51284408569336
mistral,par3_0107,4,24.67786979675293
mistral,par3_0108,0,39.22585678100586
mistral,par3_0108,1,44.089481353759766
mistral,par3_0108,2,32.606258392333984
mistral,par3_0108,3,32.12966537475586
mistral,par3_0108,4,33.379661560058594
mistral,par3_0109,0,19.75185775756836
mistral,par3_0109,1,22.517946243286133
mistral,par3_0109,2,22.441198348999023
mistral,par3_0109,3,27.419076919555664
mistral,par3_0109,4,29.082683563232425
mistral,par3_0110,0,36.6343879699707
mistral,par3_0110,1,30.65508079528809
mistral,par3_0110,2,43.18503952026367
mistral,par3_0110,3,25.854305267333984
mistral,par3_0110,4,34.92481994628906
mistral,par3_0111,0,35.47000503540039
mistral,par3_0111,1,35.09859848022461
mistral,par3_0111,2,36.828392028808594
mistral,par3_0111,3,32.07680130004883
mistral,par3_0111,4,30.748489379882812
mistral,par3_0112,0,27.35926055908203
mistral,par3_0112,1,27.510986328125
mistral,par3_0112,2,26.73459243774414
mistral,par3_0112,3,29.91742515563965
mistral,par3_0112,4,31.83134078979492
mistral,par3_0113,0,27.422222137451172
mistral,par3_0113,1,24.491628646850582
mistral,par3_0113,2,25.33287811279297
mistral,par3_0113,3,25.954599380493164
mistral,par3_0113,4,22.952144622802734
mistral,par3_0114,0,32.6008186340332
mistral,par3_0114,1,27.43231201171875
mistral,par3_0114,2,32.36248779296875
mistral,par3_0114,3,36.7955436706543
mistral,par3_0114,4,32.81774139404297
mistral,par3_0115,0,27.32215881347656
mistral,par3_0115,1,29.184240341186523
mistral,par3_0115,2,28.559659957885746
mistral,par3_0115,3,28.601552963256836
mistral,par3_0115,4,27.305707931518555
mistral,par3_0116,0,39.147926330566406
mistral,par3_0116,1,39.384010314941406
mistral,par3_0116,2,35.46583557128906
mistral,par3_0116,3,36.16023254394531
mistral,par3_0116,4,38.06423568725586
mistral,par3_0117,0,38.26518630981445
mistral,par3_0117,1,34.44931411743164
mistral,par3_0117,2,29.971155166625977
mistral,par3_0117,3,32.90674591064453
mistral,par3_0117,4,29.42939567565918
mistral,par3_0118,0,23.249412536621097
mistral,par3_0118,1,19.38829040527344
mistral,par3_0118,2,25.41617774963379
mistral,par3_0118,3,23.55740737915039
mistral,par3_0118,4,21.860456466674805
mistral,par3_0119,0,26.674888610839844
mistral,par3_0119,1,25.81660270690918
mistral,par3_0119,2,25.290931701660156
mistral,par3_0119,3,27.00114631652832
mistral,par3_0119,4,26.570924758911133
mistral,par3_0120,0,17.76727294921875
mistral,par3_0120,1,13.90411376953125
mistral,par3_0120,2,14.897733688354492
mistral,par3_0120,3,19.221426010131836
mistral,par3_0120,4,16.942554473876953
mistral,par3_0121,0,19.40817642211914
mistral,par3_0121,1,23.874296188354492
mistral,par3_0121,2,22.16300392150879
mistral,par3_0121,3,23.37201881408691
mistral,par3_0121,4,19.205041885375977
mistral,par3_0122,0,17.89080810546875
mistral,par3_0122,1,14.024910926818848
mistral,par3_0122,2,15.58948802947998
mistral,par3_0122,3,14.220072746276855
mistral,par3_0122,4,15.28269386291504
mistral,par3_0123,0,27.65092658996582
mistral,par3_0123,1,29.92130470275879
mistral,par3_0123,2,32.355892181396484
mistral,par3_0123,3,27.510732650756836
mistral,par3_0123,4,28.536865234375
mistral,par3_0124,0,23.807157516479492
mistral,par3_0124,1,22.74993896484375
mistral,par3_0124,2,29.557451248168945
mistral,par3_0124,3,24.26589012145996
mistral,par3_0124,4,30.63035011291504
mistral,par3_0125,0,35.6190185546875
mistral,par3_0125,1,33.11402130126953
mistral,par3_0125,2,34.15620040893555
mistral,par3_0125,3,30.45810890197754
mistral,par3_0125,4,34.7505989074707
mistral,par3_0126,0,33.04562759399414
mistral,par3_0126,1,34.52751922607422
mistral,par3_0126,2,33.729827880859375
mistral,par3_0126,3,34.37591552734375
mistral,par3_0126,4,37.60970306396485
mistral,par3_0127,0,19.060529708862305
mistral,par3_0127,1,21.225038528442383
mistral,par3_0127,2,19.70087432861328
mistral,par3_0127,3,20.74637985229492
mistral,par3_0127,4,19.55967903137207
mistral,par3_0128,0,12.704453468322754
mistral,par3_0128,1,21.510234832763672
mistral,par3_0128,2,23.890228271484375
mistral,par3_0128,3,21.329574584960938
mistral,par3_0128,4,23.08013916015625
mistral,par3_0129,0,30.456445693969727
mistral,par3_0129,1,24.93958854675293
mistral,par3_0129,2,29.938987731933594
mistral,par3_0129,3,24.929832458496097
mistral,par3_0129,4,32.11611557006836
mistral,par3_0130,0,23.527843475341797
mistral,par3_0130,1,24.914127349853516
mistral,par3_0130,2,25.062986373901367
mistral,par3_0130,3,26.68653106689453
mistral,par3_0130,4,21.90416145324707
mistral,par3_0131,0,39.9099235534668
mistral,par3_0131,1,8.429938316345215
mistral,par3_0131,2,8.519205093383789
mistral,par3_0131,3,52.428321838378906
mistral,par3_0131,4,59.497802734375
mistral,par3_0132,0,28.720184326171875
mistral,par3_0132,4,29.463830947875977
mistral,par3_0133,0,27.6195125579834
mistral,par3_0133,1,25.729801177978516
mistral,par3_0133,2,25.039384841918945
mistral,par3_0133,3,28.406404495239254
mistral,par3_0133,4,24.269691467285156
mistral,par3_0134,0,17.43770408630371
mistral,par3_0134,1,22.337154388427734
mistral,par3_0134,2,15.332441329956056
mistral,par3_0134,3,20.590349197387695
mistral,par3_0134,4,15.895212173461914
mistral,par3_0135,0,24.404993057250977
mistral,par3_0135,1,25.716161727905273
mistral,par3_0135,2,24.265716552734375
mistral,par3_0135,4,27.002544403076172
mistral,par3_0136,0,21.961227416992188
mistral,par3_0136,1,30.15180397033691
mistral,par3_0136,2,18.0451602935791
mistral,par3_0136,3,16.50937843322754
mistral,par3_0136,4,19.44908332824707
mistral,par3_0137,0,24.264848709106445
mistral,par3_0137,1,22.205062866210938
mistral,par3_0137,2,18.804529190063477
mistral,par3_0137,3,24.352739334106445
mistral,par3_0137,4,26.647708892822266
mistral,par3_0138,0,12.54011344909668
mistral,par3_0138,1,17.606006622314453
mistral,par3_0138,2,15.271129608154297
mistral,par3_0138,3,18.14595603942871
mistral,par3_0138,4,17.18574333190918
mistral,par3_0139,0,20.41027450561523
mistral,par3_0139,1,24.405969619750977
mistral,par3_0139,2,21.770092010498047
mistral,par3_0139,4,20.954275131225582
mistral,par3_0140,0,29.01381492614746
mistral,par3_0140,1,36.97738265991211
mistral,par3_0140,2,35.851707458496094
mistral,par3_0140,3,39.38924026489258
mistral,par3_0140,4,33.0479621887207
mistral,par3_0141,0,14.561206817626951
mistral,par3_0141,1,25.246315002441406
mistral,par3_0141,2,21.25284194946289
mistral,par3_0141,3,20.72368812561035
mistral,par3_0141,4,20.740554809570312
mistral,par3_0142,0,22.035324096679688
mistral,par3_0142,1,28.9088191986084
mistral,par3_0142,2,25.120698928833008
mistral,par3_0142,3,25.177799224853516
mistral,par3_0142,4,29.745079040527344
mistral,par3_0143,0,37.35367965698242
mistral,par3_0143,1,34.447349548339844
mistral,par3_0143,2,38.99785232543945
mistral,par3_0143,3,34.49726104736328
mistral,par3_0143,4,28.40372085571289
mistral,par3_0144,0,51.98933792114258
mistral,par3_0144,1,37.81580352783203
mistral,par3_0144,2,42.306915283203125
mistral,par3_0144,3,49.01729965209961
mistral,par3_0144,4,44.50217056274414
mistral,par3_0145,0,23.187334060668945
mistral,par3_0145,1,25.77263069152832
mistral,par3_0145,2,25.672422409057617
mistral,par3_0145,3,31.187971115112305
mistral,par3_0145,4,28.761629104614254
mistral,par3_0146,0,32.55693054199219
mistral,par3_0146,1,27.536664962768555
mistral,par3_0146,2,30.24138641357422
mistral,par3_0146,3,29.343469619750977
mistral,par3_0146,4,25.21429443359375
mistral,par3_0147,0,14.608696937561035
mistral,par3_0147,1,18.402965545654297
mistral,par3_0147,2,17.83550262451172
mistral,par3_0147,3,14.839465141296388
mistral,par3_0147,4,15.870196342468262
mistral,par3_0148,0,18.92616271972656
mistral,par3_0148,1,17.82842445373535
mistral,par3_0148,2,20.503870010375977
mistral,par3_0148,3,16.283313751220703
mistral,par3_0148,4,19.779813766479492
mistral,par3_0149,0,19.03599739074707
mistral,par3_0149,1,19.14140892028809
mistral,par3_0149,2,17.62704086303711
mistral,par3_0149,3,17.70806312561035
mistral,par3_0149,4,18.96814346313477
mistral,par3_0150,0,24.622501373291016
mistral,par3_0150,1,26.79414176940918
mistral,par3_0150,2,27.15662384033203
mistral,par3_0150,3,26.2690372467041
mistral,par3_0150,4,27.96862411499023
mistral,par3_0151,0,15.183304786682127
mistral,par3_0151,1,21.56613540649414
mistral,par3_0151,2,25.53042984008789
mistral,par3_0151,3,17.45755386352539
mistral,par3_0151,4,18.133180618286133
mistral,par3_0152,0,31.991762161254883
mistral,par3_0152,2,27.918210983276367
mistral,par3_0152,3,25.77936553955078
mistral,par3_0152,4,23.811113357543945
mistral,par3_0153,0,59.99882888793945
mistral,par3_0153,1,42.3926887512207
mistral,par3_0153,2,46.27719497680664
mistral,par3_0153,3,45.535125732421875
mistral,par3_0153,4,55.988136291503906
mistral,par3_0154,0,29.970619201660156
mistral,par3_0154,1,25.54601669311523
mistral,par3_0154,2,28.015714645385746
mistral,par3_0154,3,34.14882278442383
mistral,par3_0154,4,28.711429595947266
mistral,par3_0155,0,18.83467674255371
mistral,par3_0155,1,15.936299324035645
mistral,par3_0155,2,17.937978744506836
mistral,par3_0155,3,17.97988510131836
mistral,par3_0155,4,18.421266555786133
mistral,par3_0156,0,15.304315567016602
mistral,par3_0156,1,15.353991508483888
mistral,par3_0156,2,15.29210090637207
mistral,par3_0156,3,17.92796516418457
mistral,par3_0156,4,16.10886573791504
mistral,par3_0157,0,22.987642288208008
mistral,par3_0157,1,28.79619789123535
mistral,par3_0157,2,20.820335388183594
mistral,par3_0157,3,26.14535140991211
mistral,par3_0157,4,26.75916862487793
mistral,par3_0158,0,26.819232940673828
mistral,par3_0158,1,20.95037269592285
mistral,par3_0158,2,33.88515853881836
mistral,par3_0158,3,24.806621551513672
mistral,par3_0158,4,23.98625946044922
mistral,par3_0159,0,20.81998634338379
mistral,par3_0159,1,23.288612365722656
mistral,par3_0159,2,15.72149658203125
mistral,par3_0159,4,23.628032684326172
mistral,par3_0160,0,23.60170555114746
mistral,par3_0160,1,20.40167236328125
mistral,par3_0160,2,23.98622703552246
mistral,par3_0160,3,22.67453956604004
mistral,par3_0160,4,22.94400405883789
mistral,par3_0161,0,16.030332565307617
mistral,par3_0161,1,20.885395050048828
mistral,par3_0161,2,20.5888614654541
mistral,par3_0161,3,21.05263328552246
mistral,par3_0161,4,20.607593536376953
mistral,par3_0162,0,36.75943374633789
mistral,par3_0162,1,33.757076263427734
mistral,par3_0162,2,34.8621711730957
mistral,par3_0162,3,34.88694381713867
mistral,par3_0162,4,37.61381912231445
mistral,par3_0163,0,20.825462341308594
mistral,par3_0163,1,26.965744018554688
mistral,par3_0163,2,33.332984924316406
mistral,par3_0163,3,26.01285743713379
mistral,par3_0163,4,26.907669067382812
mistral,par3_0164,0,20.60065269470215
mistral,par3_0164,1,21.417665481567383
mistral,par3_0164,2,21.85362434387207
mistral,par3_0164,3,17.872922897338867
mistral,par3_0164,4,19.890050888061523
mistral,par3_0165,0,24.09996032714844
mistral,par3_0165,1,26.740468978881836
mistral,par3_0165,2,26.183740615844727
mistral,par3_0165,3,23.413631439208984
mistral,par3_0165,4,23.315584182739254
mistral,par3_0166,0,25.197954177856445
mistral,par3_0166,1,30.849374771118164
mistral,par3_0166,2,31.34409523010254
mistral,par3_0166,3,23.401226043701172
mistral,par3_0167,1,19.605186462402344
mistral,par3_0167,2,23.181381225585938
mistral,par3_0167,3,25.950794219970703
mistral,par3_0167,4,23.276105880737305
mistral,par3_0168,0,25.09365463256836
mistral,par3_0168,1,30.601728439331055
mistral,par3_0168,2,28.646636962890625
mistral,par3_0168,3,23.22368431091309
mistral,par3_0168,4,30.699066162109375
mistral,par3_0169,0,23.94103240966797
mistral,par3_0169,1,17.418567657470703
mistral,par3_0169,2,22.57014274597168
mistral,par3_0169,3,18.49093437194824
mistral,par3_0169,4,18.639427185058594
mistral,par3_0170,0,32.764217376708984
mistral,par3_0170,1,29.284929275512695
mistral,par3_0170,2,30.03362274169922
mistral,par3_0170,3,27.272668838500977
mistral,par3_0170,4,27.90035820007324
mistral,par3_0171,0,18.45711326599121
mistral,par3_0171,1,20.728349685668945
mistral,par3_0171,2,21.92759895324707
mistral,par3_0171,3,20.56664276123047
mistral,par3_0171,4,20.39036750793457
mistral,par3_0172,0,29.737768173217773
mistral,par3_0172,1,39.63319396972656
mistral,par3_0172,2,32.41510772705078
mistral,par3_0172,3,34.537818908691406
mistral,par3_0172,4,36.84465026855469
mistral,par3_0173,0,26.728046417236328
mistral,par3_0173,1,18.128265380859375
mistral,par3_0173,2,19.03786277770996
mistral,par3_0173,3,20.228702545166016
mistral,par3_0174,0,24.7193546295166
mistral,par3_0174,1,22.69412422180176
mistral,par3_0174,2,26.507051467895508
mistral,par3_0174,3,22.961685180664062
mistral,par3_0174,4,23.096830368041992
mistral,par3_0175,0,16.26285171508789
mistral,par3_0175,1,12.620463371276855
mistral,par3_0175,2,16.95667839050293
mistral,par3_0175,3,16.854869842529297
mistral,par3_0175,4,14.788174629211426
mistral,par3_0176,0,21.267822265625
mistral,par3_0176,1,22.662981033325195
mistral,par3_0176,2,24.818519592285156
mistral,par3_0176,3,22.93917465209961
mistral,par3_0176,4,19.592214584350582
mistral,par3_0177,0,36.506343841552734
mistral,par3_0177,1,21.54682159423828
mistral,par3_0177,2,25.15118408203125
mistral,par3_0177,4,30.395931243896484
mistral,par3_0178,0,24.946754455566406
mistral,par3_0178,1,21.642894744873047
mistral,par3_0178,2,22.08504867553711
mistral,par3_0178,3,22.99819564819336
mistral,par3_0178,4,25.13237571716309
mistral,par3_0179,0,40.1511116027832
mistral,par3_0179,1,32.25307846069336
mistral,par3_0179,2,35.04541778564453
mistral,par3_0179,3,39.80819320678711
mistral,par3_0179,4,26.94938850402832
mistral,par3_0180,0,36.70159912109375
mistral,par3_0180,1,20.72572898864746
mistral,par3_0180,2,39.52112579345703
mistral,par3_0180,3,7.394713401794434
mistral,par3_0180,4,43.39988327026367
mistral,par3_0181,0,22.411420822143555
mistral,par3_0181,1,20.50777244567871
mistral,par3_0181,2,21.412010192871097
mistral,par3_0181,3,26.52422142028809
mistral,par3_0181,4,19.266578674316406
mistral,par3_0182,0,42.21625900268555
mistral,par3_0182,1,36.271263122558594
mistral,par3_0182,2,36.94956970214844
mistral,par3_0182,3,40.9208984375
mistral,par3_0182,4,30.694608688354492
mistral,par3_0183,0,23.33541679382324
mistral,par3_0183,1,21.527612686157227
mistral,par3_0183,2,35.53363037109375
mistral,par3_0183,3,22.919204711914062
mistral,par3_0183,4,24.95316696166992
mistral,par3_0184,0,33.772605895996094
mistral,par3_0184,1,42.64303207397461
mistral,par3_0184,2,27.432861328125
mistral,par3_0184,3,27.18501663208008
mistral,par3_0184,4,29.049253463745117
mistral,par3_0185,0,43.059043884277344
mistral,par3_0185,1,37.2386589050293
mistral,par3_0185,2,31.199542999267575
mistral,par3_0185,3,36.78839111328125
mistral,par3_0185,4,34.3172492980957
mistral,par3_0186,0,40.57013702392578
mistral,par3_0186,1,34.87890625
mistral,par3_0186,2,35.64302062988281
mistral,par3_0186,3,38.4025764465332
mistral,par3_0186,4,36.16691589355469
mistral,par3_0187,0,36.579551696777344
mistral,par3_0187,1,50.367244720458984
mistral,par3_0187,2,50.50291061401367
mistral,par3_0187,3,46.722747802734375
mistral,par3_0187,4,42.6155891418457
mistral,par3_0188,0,24.39587783813477
mistral,par3_0188,1,27.628192901611328
mistral,par3_0188,2,26.60906410217285
mistral,par3_0188,3,24.12876319885254
mistral,par3_0188,4,22.624330520629883
mistral,par3_0189,0,32.294715881347656
mistral,par3_0189,1,22.06499481201172
mistral,par3_0189,2,28.631649017333984
mistral,par3_0189,3,23.57978630065918
mistral,par3_0189,4,23.29961395263672
mistral,par3_0190,0,36.348087310791016
mistral,par3_0190,1,31.461942672729492
mistral,par3_0190,2,36.68593978881836
mistral,par3_0190,3,46.08171463012695
mistral,par3_0190,4,34.80110168457031
mistral,par3_0191,1,30.864028930664062
mistral,par3_0191,2,35.05955123901367
mistral,par3_0191,3,31.854944229125977
mistral,par3_0191,4,26.905250549316406
mistral,par3_0192,0,27.428119659423828
mistral,par3_0192,1,25.721227645874023
mistral,par3_0192,2,21.410070419311523
mistral,par3_0192,3,24.804763793945312
mistral,par3_0192,4,23.30824851989746
mistral,par3_0193,0,45.816383361816406
mistral,par3_0193,1,27.089635848999023
mistral,par3_0193,2,30.73059844970703
mistral,par3_0193,3,44.66831588745117
mistral,par3_0193,4,47.801490783691406
mistral,par3_0194,0,24.40764045715332
mistral,par3_0194,1,32.46581268310547
mistral,par3_0194,2,26.3836612701416
mistral,par3_0194,3,25.6386775970459
mistral,par3_0194,4,23.105093002319336
mistral,par3_0195,0,36.488792419433594
mistral,par3_0195,2,41.07389831542969
mistral,par3_0195,3,38.104496002197266
mistral,par3_0195,4,33.58389663696289
mistral,par3_0196,0,27.73493003845215
mistral,par3_0196,1,24.00362777709961
mistral,par3_0196,2,26.19014549255371
mistral,par3_0196,3,28.890960693359375
mistral,par3_0196,4,29.616655349731445
mistral,par3_0197,0,25.066978454589844
mistral,par3_0197,1,25.252635955810547
mistral,par3_0197,2,20.800003051757812
mistral,par3_0197,3,27.39496612548828
mistral,par3_0197,4,20.701082229614254
mistral,par3_0198,0,31.251619338989254
mistral,par3_0198,1,32.368247985839844
mistral,par3_0198,2,35.686912536621094
mistral,par3_0198,3,30.936464309692383
mistral,par3_0198,4,35.04209899902344
mistral,par3_0199,0,27.367685317993164
mistral,par3_0199,1,24.346046447753903
mistral,par3_0199,2,30.3289794921875
mistral,par3_0199,3,27.432435989379883
mistral,par3_0199,4,33.21554946899414
qwen,par3_0000,0,17.20257568359375
qwen,par3_0000,1,17.771366119384766
qwen,par3_0000,2,16.538000106811523
qwen,par3_0000,3,16.828306198120117
qwen,par3_0000,4,16.62771987915039
qwen,par3_0001,0,17.066539764404297
qwen,par3_0001,1,17.380407333374023
qwen,par3_0001,2,17.99563980102539
qwen,par3_0001,3,17.26612663269043
qwen,par3_0001,4,17.243915557861328
qwen,par3_0002,0,32.75889587402344
qwen,par3_0002,1,30.463584899902344
qwen,par3_0002,2,29.65187644958496
qwen,par3_0002,3,32.870628356933594
qwen,par3_0002,4,33.30950927734375
qwen,par3_0003,0,21.2916316986084
qwen,par3_0003,1,20.923492431640625
qwen,par3_0003,2,17.48464584350586
qwen,par3_0003,3,19.51911163330078
qwen,par3_0003,4,18.7525577545166
qwen,par3_0004,1,29.8875675201416
qwen,par3_0004,2,22.572704315185547
qwen,par3_0004,3,26.816987991333008
qwen,par3_0005,4,35.24471664428711
qwen,par3_0006,0,23.893878936767575
qwen,par3_0006,1,21.455543518066406
qwen,par3_0006,2,23.743980407714844
qwen,par3_0006,3,25.13554573059082
qwen,par3_0006,4,22.83402633666992
qwen,par3_0007,0,28.84543800354004
qwen,par3_0007,2,28.39577865600586
qwen,par3_0007,4,22.7475643157959
qwen,par3_0008,0,24.484615325927734
qwen,par3_0008,1,28.290220260620117
qwen,par3_0008,2,22.81557273864746
qwen,par3_0008,3,25.7091007232666
qwen,par3_0008,4,24.47282600402832
qwen,par3_0009,2,14.939448356628418
qwen,par3_0009,4,14.560748100280762
qwen,par3_0010,0,33.238990783691406
qwen,par3_0010,1,18.058923721313477
qwen,par3_0010,2,30.350296020507812
qwen,par3_0010,3,22.31319236755371
qwen,par3_0010,4,34.07493591308594
qwen,par3_0011,0,18.421310424804688
qwen,par3_0011,1,17.295682907104492
qwen,par3_0011,2,16.864757537841797
qwen,par3_0011,3,17.748640060424805
qwen,par3_0011,4,20.318742752075195
qwen,par3_0012,0,30.233118057250977
qwen,par3_0012,1,28.33613014221191
qwen,par3_0012,2,27.417978286743164
qwen,par3_0012,3,24.414316177368164
qwen,par3_0012,4,25.924833297729492
qwen,par3_0013,2,22.001296997070312
qwen,par3_0013,3,28.731616973876953
qwen,par3_0013,4,20.608423233032227
qwen,par3_0014,0,22.799976348876953
qwen,par3_0014,1,21.472869873046875
qwen,par3_0014,2,18.892841339111328
qwen,par3_0014,3,24.274152755737305
qwen,par3_0014,4,18.887540817260746
qwen,par3_0015,0,17.860485076904297
qwen,par3_0015,1,28.7230281829834
qwen,par3_0015,2,19.722362518310547
qwen,par3_0015,3,21.206876754760746
qwen,par3_0015,4,23.820493698120117
qwen,par3_0016,0,21.412687301635746
qwen,par3_0016,1,17.647123336791992
qwen,par3_0016,2,20.497425079345703
qwen,par3_0016,3,14.566225051879885
qwen,par3_0016,4,18.80539894104004
qwen,par3_0017,0,16.565750122070312
qwen,par3_0017,1,15.648021697998049
qwen,par3_0017,2,17.465625762939453
qwen,par3_0017,3,16.068279266357422
qwen,par3_0017,4,16.04323387145996
qwen,par3_0018,1,22.61738967895508
qwen,par3_0018,2,21.72110366821289
qwen,par3_0018,3,25.839269638061523
qwen,par3_0018,4,23.00793075561523
qwen,par3_0019,3,19.248565673828125
qwen,par3_0020,0,13.900212287902832
qwen,par3_0020,1,17.255603790283203
qwen,par3_0020,2,14.299355506896973
qwen,par3_0020,3,16.65732765197754
qwen,par3_0020,4,14.02200412750244
qwen,par3_0021,0,18.76719665527344
qwen,par3_0021,1,16.06123924255371
qwen,par3_0021,2,19.160430908203125
qwen,par3_0021,3,18.815786361694336
qwen,par3_0021,4,16.72983169555664
qwen,par3_0022,0,14.369534492492676
qwen,par3_0022,2,13.968323707580566
qwen,par3_0022,4,13.50643253326416
qwen,par3_0023,1,35.66769790649414
qwen,par3_0023,4,35.4152717590332
qwen,par3_0024,0,10.692888259887695
qwen,par3_0024,1,11.395700454711914
qwen,par3_0024,2,9.989153861999512
qwen,par3_0024,3,12.89531421661377
qwen,par3_0024,4,9.842772483825684
qwen,par3_0025,0,21.584144592285156
qwen,par3_0025,1,16.45230484008789
qwen,par3_0025,2,16.577926635742188
qwen,par3_0025,3,19.879165649414062
qwen,par3_0026,0,17.718963623046875
qwen,par3_0026,1,21.62651824951172
qwen,par3_0026,2,23.454864501953125
qwen,par3_0026,3,23.769718170166016
qwen,par3_0026,4,28.752132415771484
qwen,par3_0027,0,68.6392593383789
qwen,par3_0027,1,35.98249816894531
qwen,par3_0027,2,49.024696350097656
qwen,par3_0027,3,39.9053955078125
qwen,par3_0027,4,60.82786178588867
qwen,par3_0028,0,16.37502098083496
qwen,par3_0028,1,17.473926544189453
qwen,par3_0028,2,15.21772003173828
qwen,par3_0028,3,14.947030067443848
qwen,par3_0028,4,11.664595603942873
qwen,par3_0029,0,22.804773330688477
qwen,par3_0029,1,29.482593536376953
qwen,par3_0029,2,25.08484268188477
qwen,par3_0029,3,28.18526840209961
qwen,par3_0029,4,23.918251037597656
qwen,par3_0030,0,25.131807327270508
qwen,par3_0030,1,23.468305587768555
qwen,par3_0030,2,20.93871307373047
qwen,par3_0030,3,20.458980560302734
qwen,par3_0030,4,24.63113784790039
qwen,par3_0031,0,14.897150993347168
qwen,par3_0031,1,19.062267303466797
qwen,par3_0031,2,18.839603424072266
qwen,par3_0031,3,16.436046600341797
qwen,par3_0031,4,16.814207077026367
qwen,par3_0032,2,19.89483070373535
qwen,par3_0032,4,51.37178421020508
qwen,par3_0033,0,38.165714263916016
qwen,par3_0033,1,38.96714401245117
qwen,par3_0033,2,38.64592742919922
qwen,par3_0033,3,32.64228820800781
qwen,par3_0033,4,30.95448875427246
qwen,par3_0034,0,28.30588722229004
qwen,par3_0034,1,29.80229377746582
qwen,par3_0034,2,28.16697120666504
qwen,par3_0034,3,30.240917205810547
qwen,par3_0034,4,30.99283790588379
qwen,par3_0035,0,28.898717880249023
qwen,par3_0035,1,25.519243240356445
qwen,par3_0035,2,29.50425720214844
qwen,par3_0035,3,24.1981201171875
qwen,par3_0035,4,28.989343643188477
qwen,par3_0036,0,10.90872859954834
qwen,par3_0036,1,12.311870574951172
qwen,par3_0036,2,10.479262351989746
qwen,par3_0036,3,12.677762985229492
qwen,par3_0036,4,11.251057624816896
qwen,par3_0037,0,23.537992477416992
qwen,par3_0037,1,21.545480728149418
qwen,par3_0037,2,23.10032081604004
qwen,par3_0037,3,22.78715133666992
qwen,par3_0037,4,24.098569869995117
qwen,par3_0038,0,15.919275283813477
qwen,par3_0038,1,16.70268440246582
qwen,par3_0038,2,17.807323455810547
qwen,par3_0038,3,15.533045768737791
qwen,par3_0038,4,15.24782657623291
qwen,par3_0039,0,36.37395477294922
qwen,par3_0039,1,31.596694946289062
qwen,par3_0039,2,29.9721622467041
qwen,par3_0039,3,28.82978248596191
qwen,par3_0039,4,29.55588722229004
qwen,par3_0040,0,18.691133499145508
qwen,par3_0040,1,18.529056549072266
qwen,par3_0040,2,15.09655475616455
qwen,par3_0040,3,16.750511169433594
qwen,par3_0041,0,24.40546417236328
qwen,par3_0041,1,21.01306915283203
qwen,par3_0041,3,23.52805519104004
qwen,par3_0041,4,21.244401931762695
qwen,par3_0042,0,33.413875579833984
qwen,par3_0042,1,30.843778610229492
qwen,par3_0042,2,35.47752380371094
qwen,par3_0042,3,36.97627258300781
qwen,par3_0042,4,24.589256286621097
qwen,par3_0043,0,29.908281326293945
qwen,par3_0043,1,30.936626434326172
qwen,par3_0043,3,34.58524703979492
qwen,par3_0043,4,29.85588836669922
qwen,par3_0044,0,26.715482711791992
qwen,par3_0044,1,27.19966697692871
qwen,par3_0044,2,27.15978240966797
qwen,par3_0044,3,24.859262466430664
qwen,par3_0044,4,28.228530883789062
qwen,par3_0045,0,31.428407669067383
qwen,par3_0045,1,35.89182662963867
qwen,par3_0045,2,44.70392990112305
qwen,par3_0045,3,32.79446792602539
qwen,par3_0045,4,41.841007232666016
qwen,par3_0046,1,36.43920135498047
qwen,par3_0047,0,13.599480628967283
qwen,par3_0047,1,13.407730102539062
qwen,par3_0047,2,11.410463333129885
qwen,par3_0047,3,14.892860412597656
qwen,par3_0047,4,11.06919765472412
qwen,par3_0048,0,23.741840362548828
qwen,par3_0048,1,23.201330184936523
qwen,par3_0048,2,27.04789161682129
qwen,par3_0048,3,27.11544418334961
qwen,par3_0048,4,21.241146087646484
qwen,par3_0049,1,11.558147430419922
qwen,par3_0049,2,11.574991226196287
qwen,par3_0050,0,16.66119384765625
qwen,par3_0050,1,17.279382705688477
qwen,par3_0050,2,16.865755081176758
qwen,par3_0050,3,18.70346450805664
qwen,par3_0050,4,18.627260208129883
qwen,par3_0051,0,20.899171829223633
qwen,par3_0051,2,22.57417869567871
qwen,par3_0051,4,22.869962692260746
qwen,par3_0052,0,21.63298988342285
qwen,par3_0052,1,21.42321395874023
qwen,par3_0052,2,20.495920181274418
qwen,par3_0052,3,20.571453094482425
qwen,par3_0052,4,18.698322296142575
qwen,par3_0053,0,21.74169158935547
qwen,par3_0053,1,15.916463851928713
qwen,par3_0053,2,15.54259204864502
qwen,par3_0053,3,17.926490783691406
qwen,par3_0053,4,19.64365005493164
qwen,par3_0054,0,76.43502807617188
qwen,par3_0054,1,67.61872100830078
qwen,par3_0054,2,61.056766510009766
qwen,par3_0054,3,67.63261413574219
qwen,par3_0054,4,72.57435607910156
qwen,par3_0055,1,19.30731201171875
qwen,par3_0055,2,15.332327842712402
qwen,par3_0055,3,17.67075538635254
qwen,par3_0055,4,20.472646713256836
qwen,par3_0056,0,27.70170211791992
qwen,par3_0056,1,23.97467613220215
qwen,par3_0056,2,28.386335372924805
qwen,par3_0056,3,26.026691436767575
qwen,par3_0056,4,31.134531021118164
qwen,par3_0057,0,19.215221405029297
qwen,par3_0057,1,19.97319602966309
qwen,par3_0057,2,20.0733585357666
qwen,par3_0057,3,19.792007446289062
qwen,par3_0057,4,19.86585998535156
qwen,par3_0058,0,18.639169692993164
qwen,par3_0058,1,20.550193786621097
qwen,par3_0058,2,16.085893630981445
qwen,par3_0058,3,17.31088638305664
qwen,par3_0059,0,14.842514991760254
qwen,par3_0059,1,21.269590377807617
qwen,par3_0059,2,18.55487823486328
qwen,par3_0059,3,18.38494110107422
qwen,par3_0059,4,20.05923080444336
qwen,par3_0060,0,35.642662048339844
qwen,par3_0060,1,34.32087326049805
qwen,par3_0060,3,33.135616302490234
qwen,par3_0060,4,30.826759338378903
qwen,par3_0061,0,20.009925842285156
qwen,par3_0061,1,21.260896682739254
qwen,par3_0061,2,20.013500213623047
qwen,par3_0061,3,17.8831844329834
qwen,par3_0061,4,21.58620262145996
qwen,par3_0062,0,13.741926193237305
qwen,par3_0062,1,16.31015396118164
qwen,par3_0062,2,14.908474922180176
qwen,par3_0062,4,16.066076278686523
qwen,par3_0063,3,22.673324584960938
qwen,par3_0063,4,23.55002212524414
qwen,par3_0064,0,29.22937774658203
qwen,par3_0064,1,24.045534133911133
qwen,par3_0064,2,23.389997482299805
qwen,par3_0064,3,18.63005256652832
qwen,par3_0064,4,22.081268310546875
qwen,par3_0065,0,25.61104965209961
qwen,par3_0065,1,31.550535202026367
qwen,par3_0065,3,31.568660736083984
qwen,par3_0065,4,30.20046043395996
qwen,par3_0066,0,21.914613723754883
qwen,par3_0066,1,21.177915573120117
qwen,par3_0066,2,24.489736557006836
qwen,par3_0066,3,25.42147445678711
qwen,par3_0066,4,24.78445816040039
qwen,par3_0067,0,23.4213924407959
qwen,par3_0067,1,25.268394470214844
qwen,par3_0067,2,23.391313552856445
qwen,par3_0067,3,20.01340103149414
qwen,par3_0067,4,25.113740921020508
qwen,par3_0068,0,18.437255859375
qwen,par3_0068,1,20.385175704956055
qwen,par3_0068,2,19.61638832092285
qwen,par3_0068,3,17.564804077148438
qwen,par3_0068,4,20.282569885253903
qwen,par3_0069,0,15.126660346984863
qwen,par3_0069,1,20.299482345581055
qwen,par3_0069,2,20.8415470123291
qwen,par3_0069,3,17.40796661376953
qwen,par3_0069,4,18.006912231445312
qwen,par3_0070,0,16.252918243408203
qwen,par3_0070,1,21.924739837646484
qwen,par3_0070,2,18.04286766052246
qwen,par3_0070,3,18.234458923339844
qwen,par3_0070,4,20.274263381958008
qwen,par3_0071,0,24.120695114135746
qwen,par3_0071,1,20.812578201293945
qwen,par3_0071,2,23.53524398803711
qwen,par3_0071,3,25.288911819458008
qwen,par3_0071,4,24.297279357910156
qwen,par3_0072,1,12.92266082763672
qwen,par3_0072,2,11.018762588500977
qwen,par3_0072,3,10.71134090423584
qwen,par3_0072,4,12.261835098266602
qwen,par3_0073,0,34.048274993896484
qwen,par3_0073,1,32.13407897949219
qwen,par3_0073,2,29.7403564453125
qwen,par3_0073,3,33.80448913574219
qwen,par3_0073,4,31.255971908569336
qwen,par3_0074,0,18.67896842956543
qwen,par3_0074,1,20.226512908935547
qwen,par3_0074,2,20.502605438232425
qwen,par3_0074,3,17.56635284423828
qwen,par3_0074,4,20.915760040283203
qwen,par3_0075,3,22.959056854248047
qwen,par3_0075,4,25.232316970825195
qwen,par3_0076,0,21.613956451416016
qwen,par3_0076,1,21.310258865356445
qwen,par3_0076,2,24.030925750732425
qwen,par3_0076,3,20.43927764892578
qwen,par3_0076,4,24.339754104614254
qwen,par3_0077,0,27.60365867614746
qwen,par3_0077,1,32.07335662841797
qwen,par3_0077,2,40.1705207824707
qwen,par3_0077,3,36.64095687866211
qwen,par3_0077,4,31.681459426879883
qwen,par3_0078,0,34.26809310913086
qwen,par3_0078,1,40.44805908203125
qwen,par3_0078,2,35.81761932373047
qwen,par3_0078,3,37.3223876953125
qwen,par3_0078,4,31.795228958129883
qwen,par3_0079,0,22.423730850219727
qwen,par3_0079,1,23.855844497680664
qwen,par3_0079,2,25.4244327545166
qwen,par3_0079,3,23.52226829528809
qwen,par3_0079,4,23.89423179626465
qwen,par3_0080,1,14.14937686920166
qwen,par3_0080,3,16.47623062133789
qwen,par3_0080,4,11.954730033874512
qwen,par3_0081,0,44.87169647216797
qwen,par3_0081,1,47.85385513305664
qwen,par3_0081,2,45.07484436035156
qwen,par3_0081,3,44.93987274169922
qwen,par3_0081,4,48.440940856933594
qwen,par3_0082,0,15.223090171813965
qwen,par3_0082,1,15.93431282043457
qwen,par3_0082,2,14.945714950561523
qwen,par3_0082,3,15.95602798461914
qwen,par3_0082,4,14.407957077026367
qwen,par3_0083,0,16.05121421813965
qwen,par3_0083,1,19.566755294799805
qwen,par3_0083,2,22.21837615966797
qwen,par3_0083,3,13.984031677246094
qwen,par3_0083,4,14.830693244934082
qwen,par3_0085,0,47.000732421875
qwen,par3_0085,1,48.56106185913086
qwen,par3_0085,2,37.705169677734375
qwen,par3_0085,3,44.475460052490234
qwen,par3_0085,4,44.45121765136719
qwen,par3_0086,0,22.124427795410156
qwen,par3_0086,1,25.074115753173828
qwen,par3_0086,2,30.471874237060547
qwen,par3_0086,3,23.16482734680176
qwen,par3_0086,4,30.65880012512207
qwen,par3_0087,0,16.96759796142578
qwen,par3_0087,1,17.906457901000977
qwen,par3_0087,2,17.178030014038086
qwen,par3_0087,3,18.619272232055664
qwen,par3_0087,4,18.059175491333008
qwen,par3_0088,0,22.74197769165039
qwen,par3_0088,1,25.639068603515625
qwen,par3_0088,2,24.611560821533203
qwen,par3_0088,3,26.788915634155273
qwen,par3_0088,4,24.33910369873047
qwen,par3_0089,0,38.16328430175781
qwen,par3_0089,1,33.09421920776367
qwen,par3_0089,2,37.1104736328125
qwen,par3_0089,4,30.979413986206055
qwen,par3_0090,0,10.585222244262695
qwen,par3_0090,1,13.404664993286133
qwen,par3_0090,2,17.043163299560547
qwen,par3_0090,3,17.90078353881836
qwen,par3_0090,4,10.344449996948242
qwen,par3_0091,0,29.372426986694336
qwen,par3_0091,1,38.296409606933594
qwen,par3_0091,2,42.97749710083008
qwen,par3_0091,4,37.72325134277344
qwen,par3_0092,0,18.07480239868164
qwen,par3_0092,1,16.630130767822266
qwen,par3_0092,3,22.011207580566406
qwen,par3_0092,4,18.17550277709961
qwen,par3_0093,0,24.41046905517578
qwen,par3_0093,1,27.83467483520508
qwen,par3_0093,2,20.8327579498291
qwen,par3_0093,3,24.875898361206055
qwen,par3_0093,4,22.48495864868164
qwen,par3_0095,0,18.212717056274418
qwen,par3_0095,1,20.21439743041992
qwen,par3_0095,4,19.079195022583008
qwen,par3_0096,0,15.805150985717772
qwen,par3_0096,1,16.659202575683594
qwen,par3_0096,2,18.346433639526367
qwen,par3_0096,3,16.94510841369629
qwen,par3_0096,4,15.375535011291504
qwen,par3_0097,0,22.422527313232425
qwen,par3_0097,1,20.97190284729004
qwen,par3_0097,3,20.924551010131836
qwen,par3_0097,4,16.663326263427734
qwen,par3_0098,0,40.88045883178711
qwen,par3_0098,1,39.67677307128906
qwen,par3_0098,2,40.449913024902344
qwen,par3_0098,3,45.906532287597656
qwen,par3_0098,4,35.23603820800781
qwen,par3_0099,0,21.720869064331055
qwen,par3_0099,1,22.487993240356445
qwen,par3_0099,2,22.38343048095703
qwen,par3_0099,4,31.556079864501953
qwen,par3_0100,0,17.083772659301758
qwen,par3_0100,1,15.500771522521973
qwen,par3_0100,2,15.035042762756348
qwen,par3_0100,3,17.67656135559082
qwen,par3_0100,4,15.774105072021484
qwen,par3_0101,0,35.438899993896484
qwen,par3_0102,0,21.7271728515625
qwen,par3_0102,1,21.11756896972656
qwen,par3_0102,2,21.319700241088867
qwen,par3_0102,3,19.629581451416016
qwen,par3_0102,4,21.390226364135746
qwen,par3_0103,0,10.462164878845217
qwen,par3_0103,1,12.618762969970703
qwen,par3_0103,2,13.734814643859863
qwen,par3_0103,3,11.750166893005373
qwen,par3_0103,4,12.649280548095703
qwen,par3_0104,0,31.80331039428711
qwen,par3_0104,1,32.46064376831055
qwen,par3_0104,2,27.04774284362793
qwen,par3_0104,3,28.658863067626953
qwen,par3_0104,4,29.989933013916016
qwen,par3_0106,0,22.084917068481445
qwen,par3_0106,1,23.171594619750977
qwen,par3_0106,2,20.98779296875
qwen,par3_0106,3,21.015554428100582
qwen,par3_0106,4,21.755081176757812
qwen,par3_0108,0,33.676063537597656
qwen,par3_0108,1,24.217103958129883
qwen,par3_0108,2,29.531578063964844
qwen,par3_0108,4,28.683883666992188
qwen,par3_0109,0,26.751628875732425
qwen,par3_0109,1,23.20300674438477
qwen,par3_0109,3,27.125736236572266
qwen,par3_0109,4,29.4112491607666
qwen,par3_0110,0,23.953142166137695
qwen,par3_0110,1,24.759653091430664
qwen,par3_0110,2,25.735109329223633
qwen,par3_0110,3,26.48004722595215
qwen,par3_0110,4,21.09345054626465
qwen,par3_0111,0,29.476491928100582
qwen,par3_0111,1,30.17019844055176
qwen,par3_0111,2,28.59860038757324
qwen,par3_0111,3,36.13056945800781
qwen,par3_0111,4,32.222633361816406
qwen,par3_0112,0,22.58559226989746
qwen,par3_0112,1,25.4235782623291
qwen,par3_0112,2,21.090286254882812
qwen,par3_0112,3,22.267223358154297
qwen,par3_0112,4,23.50246810913086
qwen,par3_0113,0,20.75897216796875
qwen,par3_0113,1,17.74924087524414
qwen,par3_0113,2,19.32612037658691
qwen,par3_0113,3,21.222993850708008
qwen,par3_0113,4,21.101417541503903
qwen,par3_0114,0,53.18782424926758
qwen,par3_0114,1,50.0242919921875
qwen,par3_0114,2,45.41926193237305
qwen,par3_0114,3,60.1463508605957
qwen,par3_0114,4,42.4919548034668
qwen,par3_0115,0,28.564132690429688
qwen,par3_0115,1,30.62234687805176
qwen,par3_0115,2,26.883359909057617
qwen,par3_0115,3,29.549312591552734
qwen,par3_0115,4,28.943845748901367
qwen,par3_0116,0,30.96383285522461
qwen,par3_0116,1,29.830921173095703
qwen,par3_0116,2,30.315589904785156
qwen,par3_0116,3,30.286779403686523
qwen,par3_0116,4,33.49847412109375
qwen,par3_0117,0,37.73521423339844
qwen,par3_0117,1,34.6383171081543
qwen,par3_0117,2,30.37984848022461
qwen,par3_0117,3,38.33504486083984
qwen,par3_0117,4,32.32721710205078
qwen,par3_0118,0,23.20757102966309
qwen,par3_0118,1,20.549184799194336
qwen,par3_0118,3,18.54883575439453
qwen,par3_0118,4,21.570316314697266
qwen,par3_0119,0,22.79716682434082
qwen,par3_0119,1,24.96059226989746
qwen,par3_0119,2,22.34715461730957
qwen,par3_0119,3,23.652177810668945
qwen,par3_0119,4,21.206422805786133
qwen,par3_0120,0,16.697790145874023
qwen,par3_0120,1,15.091686248779297
qwen,par3_0120,2,15.365119934082031
qwen,par3_0120,3,15.357766151428224
qwen,par3_0120,4,16.489364624023438
qwen,par3_0121,0,18.025556564331055
qwen,par3_0121,1,23.499475479125977
qwen,par3_0121,2,16.024879455566406
qwen,par3_0121,3,20.323225021362305
qwen,par3_0121,4,23.3696231842041
qwen,par3_0122,0,18.95139503479004
qwen,par3_0122,1,17.98139190673828
qwen,par3_0122,2,13.283287048339844
qwen,par3_0122,3,15.070823669433594
qwen,par3_0122,4,13.63403606414795
qwen,par3_0123,0,22.690250396728516
qwen,par3_0123,1,21.971160888671875
qwen,par3_0123,2,24.43341064453125
qwen,par3_0123,3,21.477596282958984
qwen,par3_0123,4,23.27975273132324
qwen,par3_0124,0,20.19315528869629
qwen,par3_0124,1,22.98196601867676
qwen,par3_0124,2,25.428930282592773
qwen,par3_0124,3,28.202014923095703
qwen,par3_0124,4,21.094451904296875
qwen,par3_0125,0,28.886642456054688
qwen,par3_0126,0,27.757732391357425
qwen,par3_0126,1,30.219165802001953
qwen,par3_0126,2,30.819778442382812
qwen,par3_0126,3,29.93501853942871
qwen,par3_0126,4,25.54880714416504
qwen,par3_0127,0,22.626968383789062
qwen,par3_0127,1,17.131473541259766
qwen,par3_0127,2,19.755172729492188
qwen,par3_0127,3,18.74747085571289
qwen,par3_0127,4,20.761524200439453
qwen,par3_0128,0,19.45621109008789
qwen,par3_0128,1,12.785185813903809
qwen,par3_0128,2,18.021024703979492
qwen,par3_0128,3,16.293025970458984
qwen,par3_0128,4,19.06203842163086
qwen,par3_0129,0,30.408226013183594
qwen,par3_0129,1,31.444515228271484
qwen,par3_0129,2,25.66351318359375
qwen,par3_0129,3,31.30524444580078
qwen,par3_0129,4,29.28276634216309
qwen,par3_0130,0,19.491619110107425
qwen,par3_0130,1,23.200008392333984
qwen,par3_0130,2,20.84979248046875
qwen,par3_0130,3,24.721830368041992
qwen,par3_0130,4,23.320755004882812
qwen,par3_0131,0,32.56344223022461
qwen,par3_0131,1,35.23497009277344
qwen,par3_0131,2,37.133094787597656
qwen,par3_0131,3,34.57278060913086
qwen,par3_0131,4,39.601280212402344
qwen,par3_0132,0,24.13168716430664
qwen,par3_0132,1,30.764408111572266
qwen,par3_0132,2,24.42985725402832
qwen,par3_0132,3,23.96736717224121
qwen,par3_0132,4,24.234899520874023
qwen,par3_0133,0,28.97255516052246
qwen,par3_0133,1,28.58650779724121
qwen,par3_0133,2,29.138708114624023
qwen,par3_0133,3,26.953184127807617
qwen,par3_0133,4,22.134531021118164
qwen,par3_0134,4,16.737077713012695
qwen,par3_0135,0,18.977001190185547
qwen,par3_0135,1,23.465185165405273
qwen,par3_0135,2,22.37784194946289
qwen,par3_0135,3,23.022396087646484
qwen,par3_0135,4,20.545637130737305
qwen,par3_0136,0,13.01508331298828
qwen,par3_0136,2,13.323286056518556
qwen,par3_0136,3,13.51203727722168
qwen,par3_0136,4,13.772090911865234
qwen,par3_0137,1,20.485307693481445
qwen,par3_0137,3,18.399337768554688
qwen,par3_0137,4,20.998624801635746
qwen,par3_0138,0,13.19990062713623
qwen,par3_0138,2,14.71461009979248
qwen,par3_0138,4,13.629291534423828
qwen,par3_0139,0,17.27115249633789
qwen,par3_0139,1,16.48458480834961
qwen,par3_0139,2,18.17832946777344
qwen,par3_0139,3,15.670814514160156
qwen,par3_0139,4,19.04830551147461
qwen,par3_0140,0,44.66525650024414
qwen,par3_0140,1,38.97035598754883
qwen,par3_0140,2,39.036598205566406
qwen,par3_0140,3,39.84268951416016
qwen,par3_0140,4,39.62989807128906
qwen,par3_0141,0,16.645898818969727
qwen,par3_0141,2,18.563196182250977
qwen,par3_0141,3,15.223721504211426
qwen,par3_0141,4,18.081336975097656
qwen,par3_0142,0,18.65457534790039
qwen,par3_0142,1,21.37714576721191
qwen,par3_0142,2,25.661767959594727
qwen,par3_0142,3,23.035720825195312
qwen,par3_0142,4,20.724306106567383
qwen,par3_0143,0,33.7130012512207
qwen,par3_0143,1,31.62472343444824
qwen,par3_0143,2,27.881837844848633
qwen,par3_0143,3,31.928730010986328
qwen,par3_0143,4,31.995399475097656
qwen,par3_0144,0,30.589597702026367
qwen,par3_0144,1,42.39918518066406
qwen,par3_0144,2,39.67193603515625
qwen,par3_0144,3,38.62158203125
qwen,par3_0144,4,36.40712356567383
qwen,par3_0145,1,26.35189437866211
qwen,par3_0145,2,32.78925323486328
qwen,par3_0145,4,18.48855972290039
qwen,par3_0146,0,22.108428955078125
qwen,par3_0146,1,21.85526657104492
qwen,par3_0146,2,20.83268928527832
qwen,par3_0146,3,18.40715980529785
qwen,par3_0146,4,24.2869815826416
qwen,par3_0147,0,17.20663833618164
qwen,par3_0147,1,17.28309440612793
qwen,par3_0147,3,13.133440971374512
qwen,par3_0147,4,19.665388107299805
qwen,par3_0148,0,13.024706840515137
qwen,par3_0148,1,14.979608535766602
qwen,par3_0148,2,15.281479835510254
qwen,par3_0148,3,9.433414459228516
qwen,par3_0148,4,15.58309268951416
qwen,par3_0149,0,18.678611755371097
qwen,par3_0149,1,18.09184455871582
qwen,par3_0149,2,21.951547622680664
qwen,par3_0149,3,21.401565551757812
qwen,par3_0149,4,18.556903839111328
qwen,par3_0150,0,21.183025360107425
qwen,par3_0150,1,24.06196403503418
qwen,par3_0150,2,22.833965301513672
qwen,par3_0150,3,19.36191749572754
qwen,par3_0150,4,19.290254592895508
qwen,par3_0152,2,19.83970642089844
qwen,par3_0153,1,24.092578887939453
qwen,par3_0154,2,24.938459396362305
qwen,par3_0154,3,25.662569046020508
qwen,par3_0155,0,17.89876937866211
qwen,par3_0155,1,17.4029483795166
qwen,par3_0155,2,16.566389083862305
qwen,par3_0155,3,16.21641731262207
qwen,par3_0155,4,15.82069969177246
qwen,par3_0156,0,17.235410690307617
qwen,par3_0156,1,16.22064781188965
qwen,par3_0156,2,13.599590301513672
qwen,par3_0156,3,14.102032661437988
qwen,par3_0156,4,14.573418617248535
qwen,par3_0157,0,22.198965072631836
qwen,par3_0157,2,18.759708404541016
qwen,par3_0157,3,23.03179359436035
qwen,par3_0157,4,25.501392364501953
qwen,par3_0158,3,21.38407325744629
qwen,par3_0159,0,16.908721923828125
qwen,par3_0159,1,17.479259490966797
qwen,par3_0159,2,18.20641708374023
qwen,par3_0159,3,21.46372985839844
qwen,par3_0159,4,16.6293888092041
qwen,par3_0160,0,18.612268447875977
qwen,par3_0160,1,19.953258514404297
qwen,par3_0160,2,20.47097396850586
qwen,par3_0160,3,18.298072814941406
qwen,par3_0160,4,21.837806701660156
qwen,par3_0161,0,20.056562423706055
qwen,par3_0161,1,21.58390235900879
qwen,par3_0161,2,18.89069366455078
qwen,par3_0161,3,19.66329765319824
qwen,par3_0161,4,19.50615119934082
qwen,par3_0162,0,29.9930362701416
qwen,par3_0162,1,25.67498779296875
qwen,par3_0162,2,25.869054794311523
qwen,par3_0162,3,24.84395217895508
qwen,par3_0162,4,31.006635665893555
qwen,par3_0163,0,22.501604080200195
qwen,par3_0163,1,23.9039306640625
qwen,par3_0163,2,20.879047393798828
qwen,par3_0163,3,23.68661880493164
qwen,par3_0163,4,17.85103416442871
qwen,par3_0164,0,17.702917098999023
qwen,par3_0164,1,17.441665649414062
qwen,par3_0164,2,16.304174423217773
qwen,par3_0164,3,17.230262756347656
qwen,par3_0164,4,19.342756271362305
qwen,par3_0166,0,23.29948616027832
qwen,par3_0166,1,21.11624336242676
qwen,par3_0166,2,17.428464889526367
qwen,par3_0166,4,18.35410499572754
qwen,par3_0167,0,26.33199119567871
qwen,par3_0167,1,28.609695434570312
qwen,par3_0167,2,19.951032638549805
qwen,par3_0167,3,18.394472122192383
qwen,par3_0167,4,23.69371795654297
qwen,par3_0168,0,21.729307174682617
qwen,par3_0168,1,21.962059020996097
qwen,par3_0168,2,21.49106788635254
qwen,par3_0168,3,18.686704635620117
qwen,par3_0168,4,19.936452865600582
qwen,par3_0169,0,26.336061477661133
qwen,par3_0169,1,26.341529846191406
qwen,par3_0169,2,28.193462371826172
qwen,par3_0169,3,26.17201232910156
qwen,par3_0170,0,25.21619987487793
qwen,par3_0170,1,23.420080184936523
qwen,par3_0170,2,26.39910888671875
qwen,par3_0170,3,23.151594161987305
qwen,par3_0170,4,22.003284454345703
qwen,par3_0171,0,18.31719017028809
qwen,par3_0171,1,16.134008407592773
qwen,par3_0171,2,17.79652976989746
qwen,par3_0171,3,18.4235897064209
qwen,par3_0171,4,19.012754440307617
qwen,par3_0172,0,22.65327262878418
qwen,par3_0172,1,27.71155166625977
qwen,par3_0172,2,20.170242309570312
qwen,par3_0172,3,33.88562774658203
qwen,par3_0172,4,29.309860229492188
qwen,par3_0174,0,22.98933219909668
qwen,par3_0174,1,24.464862823486328
qwen,par3_0174,2,26.491249084472656
qwen,par3_0174,3,21.319223403930664
qwen,par3_0174,4,21.394981384277344
qwen,par3_0175,1,12.3518648147583
qwen,par3_0176,0,16.740800857543945
qwen,par3_0176,1,19.842973709106445
qwen,par3_0176,2,17.281919479370117
qwen,par3_0176,3,18.62242317199707
qwen,par3_0176,4,20.545534133911133
qwen,par3_0177,0,20.618453979492188
qwen,par3_0177,1,22.094785690307617
qwen,par3_0177,2,18.2457218170166
qwen,par3_0177,3,19.80217933654785
qwen,par3_0177,4,23.11223793029785
qwen,par3_0178,0,19.97869300842285
qwen,par3_0178,1,23.18010902404785
qwen,par3_0178,2,23.087411880493164
qwen,par3_0178,3,21.895278930664062
qwen,par3_0178,4,23.84494400024414
qwen,par3_0179,0,21.727659225463867
qwen,par3_0179,3,23.124969482421875
qwen,par3_0180,0,41.358211517333984
qwen,par3_0180,1,45.09409713745117
qwen,par3_0180,2,30.92691421508789
qwen,par3_0180,3,44.00748443603515
qwen,par3_0180,4,42.52471160888672
qwen,par3_0181,0,15.68642520904541
qwen,par3_0181,1,14.455385208129885
qwen,par3_0181,2,13.686660766601562
qwen,par3_0181,3,20.21831703186035
qwen,par3_0181,4,15.85428237915039
qwen,par3_0182,0,38.84975814819336
qwen,par3_0182,1,37.04054260253906
qwen,par3_0182,2,36.947959899902344
qwen,par3_0182,3,30.97490882873535
qwen,par3_0182,4,38.55987548828125
qwen,par3_0183,1,18.237503051757812
qwen,par3_0183,2,20.39797592163086
qwen,par3_0183,3,24.95302391052246
qwen,par3_0184,0,27.84769821166992
qwen,par3_0184,1,38.7154426574707
qwen,par3_0184,2,27.59329605102539
qwen,par3_0184,3,29.70184326171875
qwen,par3_0184,4,29.16872787475586
qwen,par3_0185,0,28.826765060424805
qwen,par3_0185,1,27.68943977355957
qwen,par3_0185,2,27.917518615722656
qwen,par3_0185,3,32.39739990234375
qwen,par3_0185,4,29.39422035217285
qwen,par3_0186,0,27.207847595214844
qwen,par3_0186,1,26.097957611083984
qwen,par3_0186,3,25.75476837158203
qwen,par3_0186,4,31.424766540527344
qwen,par3_0187,0,29.71347427368164
qwen,par3_0187,1,27.067310333251953
qwen,par3_0187,2,32.03069305419922
qwen,par3_0187,3,31.394325256347656
qwen,par3_0187,4,35.07286834716797
qwen,par3_0188,1,28.34795570373535
qwen,par3_0188,2,19.21043586730957
qwen,par3_0188,4,25.51838493347168
qwen,par3_0189,0,20.027925491333008
qwen,par3_0189,2,20.88681411743164
qwen,par3_0189,4,15.897735595703123
qwen,par3_0191,1,18.635028839111328
qwen,par3_0191,2,27.952165603637695
qwen,par3_0191,3,20.930278778076172
qwen,par3_0191,4,24.72408866882324
qwen,par3_0192,0,22.353805541992188
qwen,par3_0192,1,20.08717155456543
qwen,par3_0192,2,20.59486198425293
qwen,par3_0192,3,21.25712013244629
qwen,par3_0192,4,21.49132537841797
qwen,par3_0193,1,24.421838760375977
qwen,par3_0193,2,29.056610107421875
qwen,par3_0193,3,42.8757438659668
qwen,par3_0194,0,21.19200897216797
qwen,par3_0194,1,23.776350021362305
qwen,par3_0194,2,27.753868103027344
qwen,par3_0194,3,22.41817092895508
qwen,par3_0194,4,24.062641143798828
qwen,par3_0195,0,27.10216903686523
qwen,par3_0195,1,33.7484016418457
qwen,par3_0195,3,31.62200927734375
qwen,par3_0195,4,31.614093780517575
qwen,par3_0197,0,23.239479064941406
qwen,par3_0197,1,25.875926971435547
qwen,par3_0197,2,27.65345764160156
qwen,par3_0197,3,28.724685668945312
qwen,par3_0197,4,26.90085792541504
qwen,par3_0198,1,26.80670928955078
qwen,par3_0198,2,30.18811416625977
qwen,par3_0198,3,28.429298400878903
qwen,par3_0198,4,28.783559799194336
qwen,par3_0199,0,30.912317276000977
qwen,par3_0199,1,27.939279556274418
qwen,par3_0199,2,28.66042137145996
qwen,par3_0199,3,18.158973693847656
qwen,par3_0199,4,27.098705291748047
human,par3_0000,0,21.146528244018555
human,par3_0000,1,14.36301040649414
human,par3_0000,2,19.950918197631836
human,par3_0001,0,13.984591484069824
human,par3_0001,1,20.590295791625977
human,par3_0001,2,16.38471031188965
human,par3_0001,3,16.92127227783203
human,par3_0002,0,21.292484283447266
human,par3_0002,1,21.285961151123047
human,par3_0002,2,26.488964080810547
human,par3_0003,0,14.230080604553224
human,par3_0003,1,16.457632064819336
human,par3_0003,2,18.58518409729004
human,par3_0004,0,17.946308135986328
human,par3_0004,1,25.23554039001465
human,par3_0004,2,20.64192008972168
human,par3_0005,0,39.19813919067383
human,par3_0005,1,15.276206016540527
human,par3_0005,2,33.80007553100586
human,par3_0006,0,20.254892349243164
human,par3_0006,1,25.41903305053711
human,par3_0006,2,20.97547721862793
human,par3_0007,0,19.54356384277344
human,par3_0007,1,17.911487579345703
human,par3_0007,2,22.95850372314453
human,par3_0007,3,20.883373260498047
human,par3_0008,0,16.977876663208008
human,par3_0008,1,16.664962768554688
human,par3_0008,2,13.764174461364746
human,par3_0008,3,24.695043563842773
human,par3_0009,0,12.624860763549805
human,par3_0009,1,13.923640251159668
human,par3_0009,2,16.466106414794922
human,par3_0010,0,9.303277015686035
human,par3_0010,1,27.36504173278809
human,par3_0010,2,16.393590927124023
human,par3_0011,0,14.422701835632324
human,par3_0011,1,18.37126922607422
human,par3_0011,2,23.150075912475582
human,par3_0012,0,18.1796932220459
human,par3_0012,1,28.644025802612305
human,par3_0012,2,23.36629867553711
human,par3_0013,0,13.543974876403809
human,par3_0013,1,19.03919219970703
human,par3_0013,2,16.89657211303711
human,par3_0014,0,22.81607437133789
human,par3_0014,1,16.378469467163086
human,par3_0014,2,20.373912811279297
human,par3_0015,0,18.302427291870117
human,par3_0015,1,21.27717399597168
human,par3_0015,2,18.775110244750977
human,par3_0015,3,17.797561645507812
human,par3_0016,0,18.296253204345703
human,par3_0016,1,18.990184783935547
human,par3_0016,2,17.204570770263672
human,par3_0016,3,21.886390686035156
human,par3_0017,0,14.418585777282717
human,par3_0017,1,16.935165405273438
human,par3_0017,2,15.897913932800291
human,par3_0017,3,17.632980346679688
human,par3_0018,0,14.493168830871582
human,par3_0018,1,25.624937057495117
human,par3_0018,2,22.49645614624023
human,par3_0019,0,12.106260299682615
human,par3_0019,1,13.497902870178224
human,par3_0019,2,15.772119522094728
human,par3_0020,0,15.96700668334961
human,par3_0020,1,22.04493522644043
human,par3_0020,2,15.690479278564451
human,par3_0020,3,16.25757598876953
human,par3_0021,0,17.46687889099121
human,par3_0021,1,15.210363388061523
human,par3_0021,2,19.517866134643555
human,par3_0022,0,13.590716361999512
human,par3_0022,1,17.067806243896484
human,par3_0022,2,14.070992469787598
human,par3_0023,0,22.618297576904297
human,par3_0023,1,17.623252868652344
human,par3_0023,2,23.90361213684082
human,par3_0024,0,11.432007789611816
human,par3_0024,1,8.558281898498535
human,par3_0024,2,10.911134719848633
human,par3_0025,0,12.39491844177246
human,par3_0025,1,12.61660385131836
human,par3_0025,2,9.632469177246094
human,par3_0026,0,17.417438507080078
human,par3_0026,1,11.355093955993652
human,par3_0026,2,15.484396934509276
human,par3_0026,3,24.981447219848633
human,par3_0027,0,56.36838912963867
human,par3_0027,1,15.830765724182127
human,par3_0027,2,21.29452896118164
human,par3_0027,3,53.57918548583984
human,par3_0028,0,8.019217491149902
human,par3_0028,1,15.446757316589355
human,par3_0028,2,13.526325225830078
human,par3_0028,3,15.9675931930542
human,par3_0029,0,19.324710845947266
human,par3_0029,1,24.615304946899418
human,par3_0029,2,18.445587158203125
human,par3_0030,0,12.10371208190918
human,par3_0030,1,12.36415195465088
human,par3_0030,2,12.765348434448242
human,par3_0030,3,18.290971755981445
human,par3_0031,0,14.883031845092772
human,par3_0031,1,14.804327964782717
human,par3_0031,2,16.839859008789062
human,par3_0031,3,13.892797470092772
human,par3_0032,0,90.3880615234375
human,par3_0032,1,20.27358627319336
human,par3_0032,2,47.29010391235352
human,par3_0033,0,28.047401428222656
human,par3_0033,1,26.67588806152344
human,par3_0033,2,34.69164276123047
human,par3_0034,0,21.14245986938477
human,par3_0034,1,26.65036392211914
human,par3_0034,2,29.92955207824707
human,par3_0034,3,24.52584648132324
human,par3_0035,0,21.29584503173828
human,par3_0035,1,22.743274688720703
human,par3_0035,2,19.99698829650879
human,par3_0036,0,8.865926742553711
human,par3_0036,1,10.02078342437744
human,par3_0036,2,9.181687355041504
human,par3_0037,0,16.617883682250977
human,par3_0037,1,20.51883125305176
human,par3_0037,2,21.310386657714844
human,par3_0038,0,15.871305465698242
human,par3_0038,1,17.11110496520996
human,par3_0038,2,20.172780990600582
human,par3_0038,3,19.784801483154297
human,par3_0039,0,25.909873962402344
human,par3_0039,1,29.021896362304688
human,par3_0039,2,30.973896026611328
human,par3_0040,0,19.453855514526367
human,par3_0040,1,11.749833106994627
human,par3_0040,2,17.927490234375
human,par3_0040,3,15.037089347839355
human,par3_0041,0,16.76356315612793
human,par3_0041,1,18.061063766479492
human,par3_0041,2,15.92690658569336
human,par3_0042,0,21.17864227294922
human,par3_0042,1,25.3754825592041
human,par3_0042,2,20.64911651611328
human,par3_0042,3,27.44131851196289
human,par3_0043,0,26.3851261138916
human,par3_0043,1,29.777563095092773
human,par3_0043,2,25.51896858215332
human,par3_0044,0,23.604806900024418
human,par3_0044,1,22.242475509643555
human,par3_0044,2,24.36286735534668
human,par3_0044,3,24.881010055541992
human,par3_0045,0,34.6761360168457
human,par3_0045,1,18.670637130737305
human,par3_0045,2,41.29567337036133
human,par3_0046,0,82.27345275878906
human,par3_0046,1,17.080612182617188
human,par3_0046,2,34.53806686401367
human,par3_0047,0,7.528968811035156
human,par3_0047,1,9.863842964172363
human,par3_0047,2,9.136162757873535
human,par3_0047,3,10.905065536499023
human,par3_0048,0,17.635732650756836
human,par3_0048,1,23.102678298950195
human,par3_0048,2,24.24390983581543
human,par3_0049,0,10.885269165039062
human,par3_0049,1,18.609477996826172
human,par3_0049,2,10.848074913024902
human,par3_0049,3,13.834112167358398
human,par3_0050,0,11.02560043334961
human,par3_0050,1,17.365083694458008
human,par3_0050,2,15.884880065917969
human,par3_0051,0,20.878175735473633
human,par3_0051,1,17.94046401977539
human,par3_0051,2,21.00329208374023
human,par3_0051,3,21.92915916442871
human,par3_0052,0,15.434693336486816
human,par3_0052,1,19.533945083618164
human,par3_0052,2,18.423316955566406
human,par3_0053,0,21.323101043701172
human,par3_0053,1,16.810806274414062
human,par3_0053,2,16.47734260559082
human,par3_0054,0,51.82794189453125
human,par3_0054,1,45.59119415283203
human,par3_0054,2,53.701663970947266
human,par3_0055,0,18.036359786987305
human,par3_0055,1,17.847320556640625
human,par3_0055,2,19.20567321777344
human,par3_0056,0,22.510114669799805
human,par3_0056,1,16.058881759643555
human,par3_0056,2,26.13294982910156
human,par3_0057,0,14.687200546264648
human,par3_0057,1,14.158309936523438
human,par3_0057,2,11.345406532287598
human,par3_0058,0,13.542085647583008
human,par3_0058,1,18.784910202026367
human,par3_0058,2,16.640140533447266
human,par3_0059,0,16.92119598388672
human,par3_0059,1,21.28847312927246
human,par3_0059,2,18.291973114013672
human,par3_0060,0,33.220802307128906
human,par3_0060,1,23.32557487487793
human,par3_0060,2,10.711675643920898
human,par3_0060,3,26.991281509399418
human,par3_0061,0,22.66179084777832
human,par3_0061,1,16.58562469482422
human,par3_0061,2,17.364238739013672
human,par3_0062,0,12.691856384277344
human,par3_0062,1,15.022834777832031
human,par3_0062,2,15.054631233215332
human,par3_0063,0,15.46494960784912
human,par3_0063,1,17.077102661132812
human,par3_0063,2,14.033443450927734
human,par3_0064,0,19.155370712280273
human,par3_0064,1,14.367908477783203
human,par3_0064,2,16.863767623901367
human,par3_0065,0,29.35543632507324
human,par3_0065,1,18.770029067993164
human,par3_0065,2,21.38196182250977
human,par3_0066,0,21.430431365966797
human,par3_0066,1,21.705472946166992
human,par3_0066,2,20.82630729675293
human,par3_0067,0,15.71408748626709
human,par3_0067,1,13.290582656860352
human,par3_0067,2,14.816040992736816
human,par3_0068,0,16.604568481445312
human,par3_0068,1,17.431751251220703
human,par3_0068,2,23.220684051513672
human,par3_0069,0,8.715470314025879
human,par3_0069,1,18.539047241210938
human,par3_0069,2,12.599956512451172
human,par3_0070,0,12.572978973388672
human,par3_0070,1,13.266664505004885
human,par3_0070,2,13.683205604553224
human,par3_0071,0,19.947242736816406
human,par3_0071,1,18.961116790771484
human,par3_0071,2,18.476701736450195
human,par3_0072,0,15.182870864868164
human,par3_0072,1,14.71088409423828
human,par3_0072,2,12.331758499145508
human,par3_0072,3,12.361708641052246
human,par3_0073,0,23.756128311157227
human,par3_0073,1,24.931983947753903
human,par3_0073,2,26.062334060668945
human,par3_0074,0,16.046913146972656
human,par3_0074,1,24.052064895629883
human,par3_0074,2,16.320314407348633
human,par3_0075,0,20.671476364135746
human,par3_0075,1,14.684039115905762
human,par3_0075,2,15.757062911987305
human,par3_0075,3,14.454116821289062
human,par3_0076,0,16.97212028503418
human,par3_0076,1,19.29214859008789
human,par3_0076,2,22.843637466430664
human,par3_0077,0,23.251556396484375
human,par3_0077,1,22.4261531829834
human,par3_0077,2,28.201173782348633
human,par3_0077,3,26.92799949645996
human,par3_0078,0,21.108598709106445
human,par3_0078,1,27.671232223510746
human,par3_0078,2,23.38125991821289
human,par3_0078,3,24.46864891052246
human,par3_0079,0,16.791648864746094
human,par3_0079,1,20.281024932861328
human,par3_0079,2,18.20103645324707
human,par3_0079,3,18.12467384338379
human,par3_0080,0,15.24180030822754
human,par3_0080,1,20.818592071533203
human,par3_0080,2,17.82711410522461
human,par3_0080,3,18.249067306518555
human,par3_0081,0,42.80223846435547
human,par3_0081,1,33.699806213378906
human,par3_0081,2,46.39459609985352
human,par3_0082,0,18.231515884399418
human,par3_0082,1,15.388187408447266
human,par3_0082,2,21.347476959228516
human,par3_0082,3,20.86041259765625
human,par3_0083,0,16.42953109741211
human,par3_0083,1,22.027786254882812
human,par3_0083,2,15.650230407714844
human,par3_0084,0,42.440673828125
human,par3_0084,1,28.90205764770508
human,par3_0084,2,27.828948974609375
human,par3_0085,0,24.837793350219727
human,par3_0085,1,29.490720748901367
human,par3_0085,2,34.780521392822266
human,par3_0086,0,22.49990463256836
human,par3_0086,1,29.870079040527344
human,par3_0086,2,23.37453842163086
human,par3_0087,0,11.93830394744873
human,par3_0087,1,9.40212059020996
human,par3_0087,2,12.574993133544922
human,par3_0088,0,18.09391212463379
human,par3_0088,1,30.344486236572266
human,par3_0088,2,25.520862579345703
human,par3_0089,0,50.17135238647461
human,par3_0089,1,31.58837890625
human,par3_0089,2,39.283809661865234
human,par3_0090,0,9.829706192016602
human,par3_0090,1,10.36472511291504
human,par3_0090,2,12.027165412902832
human,par3_0091,0,40.97328186035156
human,par3_0091,1,31.698686599731445
human,par3_0091,2,22.817176818847656
human,par3_0092,0,28.086238861083984
human,par3_0092,1,20.649240493774418
human,par3_0092,2,18.477745056152344
human,par3_0093,0,18.111019134521484
human,par3_0093,1,19.952640533447266
human,par3_0093,2,20.412654876708984
human,par3_0094,0,19.758262634277344
human,par3_0094,1,18.768718719482425
human,par3_0094,2,26.60510635375977
human,par3_0094,3,17.765939712524414
human,par3_0095,0,15.099777221679688
human,par3_0095,1,13.556070327758787
human,par3_0095,2,16.988529205322266
human,par3_0095,3,17.57752227783203
human,par3_0096,0,14.470184326171877
human,par3_0096,1,14.636255264282228
human,par3_0096,2,16.66776466369629
human,par3_0096,3,16.950658798217773
human,par3_0097,0,18.72630500793457
human,par3_0097,1,14.840208053588867
human,par3_0097,2,15.00063419342041
human,par3_0097,3,19.437854766845703
human,par3_0098,0,30.322269439697266
human,par3_0098,1,34.42829132080078
human,par3_0098,2,30.242799758911133
human,par3_0099,0,20.24967384338379
human,par3_0099,1,18.158905029296875
human,par3_0099,2,21.018218994140625
human,par3_0100,0,11.715996742248535
human,par3_0100,1,14.109457969665527
human,par3_0100,2,11.36155605316162
human,par3_0100,3,12.764803886413574
human,par3_0101,0,23.40295028686523
human,par3_0101,1,16.434661865234375
human,par3_0101,2,17.900041580200195
human,par3_0102,0,18.561120986938477
human,par3_0102,1,22.475156784057617
human,par3_0102,2,19.403249740600582
human,par3_0102,3,21.49830436706543
human,par3_0103,0,8.102843284606934
human,par3_0103,1,13.3268404006958
human,par3_0103,2,9.331493377685549
human,par3_0103,3,11.553308486938477
human,par3_0104,0,17.82013702392578
human,par3_0104,1,24.696687698364254
human,par3_0104,2,31.26376724243164
human,par3_0105,0,18.520606994628903
human,par3_0105,1,18.445493698120117
human,par3_0105,2,20.974111557006836
human,par3_0105,3,17.275039672851562
human,par3_0106,0,13.557766914367676
human,par3_0106,1,18.958066940307617
human,par3_0106,2,20.618675231933594
human,par3_0107,0,21.98260498046875
human,par3_0107,1,21.504026412963867
human,par3_0107,2,22.569072723388672
human,par3_0108,0,17.88983917236328
human,par3_0108,1,16.02335548400879
human,par3_0108,2,19.722522735595703
human,par3_0108,3,20.470996856689453
human,par3_0109,0,13.700648307800291
human,par3_0109,1,16.691509246826172
human,par3_0109,2,21.8422794342041
human,par3_0110,0,17.065160751342773
human,par3_0110,1,21.74614524841309
human,par3_0110,2,14.86053466796875
human,par3_0110,3,21.412944793701172
human,par3_0111,0,40.21431350708008
human,par3_0111,1,26.464622497558594
human,par3_0111,2,24.52852439880371
human,par3_0112,0,13.389690399169922
human,par3_0112,1,18.84463882446289
human,par3_0112,2,19.66522979736328
human,par3_0113,0,14.593432426452637
human,par3_0113,1,13.172476768493652
human,par3_0113,2,16.23834228515625
human,par3_0114,0,36.461448669433594
human,par3_0114,1,33.240203857421875
human,par3_0114,2,38.12005233764648
human,par3_0115,0,18.490415573120117
human,par3_0115,1,26.843900680541992
human,par3_0115,2,22.485536575317383
human,par3_0116,0,23.809280395507812
human,par3_0116,1,31.19647979736328
human,par3_0116,2,33.020851135253906
human,par3_0117,0,28.374279022216797
human,par3_0117,1,28.76791763305664
human,par3_0117,2,31.382537841796875
human,par3_0118,0,13.68585205078125
human,par3_0118,1,15.175545692443848
human,par3_0118,2,14.270827293395996
human,par3_0119,0,17.79018783569336
human,par3_0119,1,18.58865737915039
human,par3_0119,2,23.42274284362793
human,par3_0119,3,21.081806182861328
human,par3_0120,0,11.99178981781006
human,par3_0120,1,14.234094619750977
human,par3_0120,2,14.212723731994627
human,par3_0121,0,18.24721336364746
human,par3_0121,1,17.30852508544922
human,par3_0121,2,14.73719596862793
human,par3_0121,3,15.59469223022461
human,par3_0122,0,14.630813598632812
human,par3_0122,1,12.72549819946289
human,par3_0122,2,13.44752597808838
human,par3_0123,0,20.35848617553711
human,par3_0123,1,23.73537254333496
human,par3_0123,2,22.70643615722656
human,par3_0124,0,21.771886825561523
human,par3_0124,1,20.73154067993164
human,par3_0124,2,19.31077766418457
human,par3_0124,3,16.868791580200195
human,par3_0125,0,44.67275619506836
human,par3_0125,1,17.778348922729492
human,par3_0125,2,32.5238037109375
human,par3_0126,0,27.1591796875
human,par3_0126,1,20.64287567138672
human,par3_0126,2,26.16643524169922
human,par3_0127,0,19.803302764892575
human,par3_0127,1,13.404035568237305
human,par3_0127,2,17.32395362854004
human,par3_0128,0,14.581338882446287
human,par3_0128,1,13.085067749023438
human,par3_0128,2,19.82437515258789
human,par3_0129,0,15.851069450378418
human,par3_0129,1,22.997894287109375
human,par3_0129,2,17.03591537475586
human,par3_0129,3,23.619264602661133
human,par3_0130,0,15.901750564575195
human,par3_0130,1,20.932777404785156
human,par3_0130,2,18.171655654907227
human,par3_0131,0,20.248138427734375
human,par3_0131,1,26.178945541381836
human,par3_0131,2,20.382658004760746
human,par3_0132,0,13.00212574005127
human,par3_0132,1,23.575458526611328
human,par3_0132,2,15.10679817199707
human,par3_0132,3,15.385732650756836
human,par3_0132,4,16.471635818481445
human,par3_0133,0,25.956727981567383
human,par3_0133,1,22.62316513061523
human,par3_0133,2,20.42276954650879
human,par3_0134,0,18.804609298706055
human,par3_0134,1,17.187908172607422
human,par3_0134,2,11.741812705993652
human,par3_0135,0,18.612462997436523
human,par3_0135,1,23.861270904541016
human,par3_0135,2,24.30390167236328
human,par3_0135,3,17.86149024963379
human,par3_0136,0,15.867018699645996
human,par3_0136,1,15.011470794677734
human,par3_0136,2,16.366531372070312
human,par3_0137,0,24.848880767822266
human,par3_0137,1,21.545146942138672
human,par3_0137,2,20.410572052001953
human,par3_0137,3,21.19114875793457
human,par3_0138,0,16.487424850463867
human,par3_0138,1,13.98740005493164
human,par3_0138,2,20.30658721923828
human,par3_0138,3,14.610549926757812
human,par3_0139,0,15.661492347717283
human,par3_0139,1,16.425582885742188
human,par3_0139,2,14.55875301361084
human,par3_0140,0,34.58997344970703
human,par3_0140,1,33.42464065551758
human,par3_0140,2,32.14958953857422
human,par3_0141,0,11.936616897583008
human,par3_0141,1,17.601531982421875
human,par3_0141,2,12.67184352874756
human,par3_0142,0,17.58026123046875
human,par3_0142,1,17.688373565673828
human,par3_0142,2,22.846702575683594
human,par3_0143,0,24.042667388916016
human,par3_0143,1,33.11988067626953
human,par3_0143,2,22.94479751586914
human,par3_0144,0,25.421558380126953
human,par3_0144,1,26.016151428222656
human,par3_0144,2,33.37546920776367
human,par3_0145,0,39.755714416503906
human,par3_0145,1,18.150005340576172
human,par3_0145,2,12.36353588104248
human,par3_0145,3,23.13816261291504
human,par3_0146,0,18.972412109375
human,par3_0146,1,22.718181610107425
human,par3_0146,2,26.88146209716797
human,par3_0147,0,15.218263626098633
human,par3_0147,1,17.447460174560547
human,par3_0147,2,20.26310920715332
human,par3_0147,3,14.298358917236328
human,par3_0148,0,9.341107368469238
human,par3_0148,1,10.094435691833496
human,par3_0148,2,13.23142433166504
human,par3_0149,0,16.554492950439453
human,par3_0149,1,18.332319259643555
human,par3_0149,2,19.825244903564453
human,par3_0150,0,18.678192138671875
human,par3_0150,1,17.892574310302734
human,par3_0150,2,14.63049602508545
human,par3_0151,0,16.515201568603516
human,par3_0151,1,13.316828727722168
human,par3_0151,2,16.837249755859375
human,par3_0151,3,13.854596138000488
human,par3_0152,0,22.22911071777344
human,par3_0152,1,18.08842086791992
human,par3_0152,2,19.59684944152832
human,par3_0152,3,17.81319236755371
human,par3_0153,0,46.640750885009766
human,par3_0153,1,24.92626190185547
human,par3_0153,2,41.7532958984375
human,par3_0154,0,23.558496475219727
human,par3_0154,1,21.265077590942383
human,par3_0154,2,20.976451873779297
human,par3_0154,3,27.68550491333008
human,par3_0155,0,14.316390991210938
human,par3_0155,1,18.494321823120117
human,par3_0155,2,15.459442138671877
human,par3_0155,3,15.48349666595459
human,par3_0156,0,12.097338676452637
human,par3_0156,1,11.80042839050293
human,par3_0156,2,20.01820945739746
human,par3_0157,0,31.251611709594727
human,par3_0157,1,24.49761390686035
human,par3_0157,2,25.615543365478516
human,par3_0158,0,12.92011260986328
human,par3_0158,1,26.244922637939453
human,par3_0158,2,15.93039608001709
human,par3_0159,0,14.82932472229004
human,par3_0159,1,17.830821990966797
human,par3_0159,2,16.780113220214844
human,par3_0159,3,18.411439895629883
human,par3_0160,0,20.865983963012695
human,par3_0160,1,16.82657814025879
human,par3_0160,2,17.99057388305664
human,par3_0160,3,18.327465057373047
human,par3_0161,0,15.14744472503662
human,par3_0161,1,15.820148468017578
human,par3_0161,2,14.942689895629885
human,par3_0161,3,16.206035614013672
human,par3_0162,0,31.872333526611328
human,par3_0162,1,30.241775512695312
human,par3_0162,2,25.66881942749023
human,par3_0163,0,22.5052547454834
human,par3_0163,1,19.36211204528809
human,par3_0163,2,21.755868911743164
human,par3_0164,0,19.245878219604492
human,par3_0164,1,17.96599578857422
human,par3_0164,2,17.21786117553711
human,par3_0164,3,16.97738265991211
human,par3_0165,0,24.882673263549805
human,par3_0165,1,12.1956205368042
human,par3_0165,2,24.066341400146484
human,par3_0166,0,21.081811904907227
human,par3_0166,1,20.606182098388672
human,par3_0166,2,10.755861282348633
human,par3_0166,3,16.840593338012695
human,par3_0167,0,17.280960083007812
human,par3_0167,1,19.253747940063477
human,par3_0167,2,20.3792667388916
human,par3_0167,3,21.389232635498047
human,par3_0168,0,20.88458251953125
human,par3_0168,1,20.65160369873047
human,par3_0168,2,28.181970596313477
human,par3_0168,3,22.371910095214844
human,par3_0169,0,18.676990509033203
human,par3_0169,1,23.458309173583984
human,par3_0169,2,16.455514907836914
human,par3_0170,0,20.174354553222656
human,par3_0170,1,27.369916915893555
human,par3_0170,2,22.459638595581055
human,par3_0171,0,13.964877128601074
human,par3_0171,1,16.08435821533203
human,par3_0171,2,15.620702743530272
human,par3_0172,0,13.989276885986328
human,par3_0172,1,24.72581672668457
human,par3_0172,2,29.27191925048828
human,par3_0173,0,14.464652061462402
human,par3_0173,1,10.288976669311523
human,par3_0173,2,12.525959014892578
human,par3_0174,0,19.213808059692383
human,par3_0174,1,18.19428825378418
human,par3_0174,2,19.79867172241211
human,par3_0174,3,26.32014274597168
human,par3_0175,0,11.425081253051758
human,par3_0175,1,11.39576816558838
human,par3_0175,2,8.340685844421387
human,par3_0176,0,11.943038940429688
human,par3_0176,1,16.50514793395996
human,par3_0176,2,16.34459686279297
human,par3_0176,3,18.40873146057129
human,par3_0177,0,16.122060775756836
human,par3_0177,1,22.827917098999023
human,par3_0177,2,26.294658660888672
human,par3_0178,0,18.081085205078125
human,par3_0178,1,26.471784591674805
human,par3_0178,2,22.35202407836914
human,par3_0178,3,24.409502029418945
human,par3_0179,0,23.964258193969727
human,par3_0179,1,18.622499465942383
human,par3_0179,2,23.13513946533203
human,par3_0180,0,25.377946853637695
human,par3_0180,1,27.326026916503903
human,par3_0180,2,26.840015411376953
human,par3_0181,0,17.714881896972656
human,par3_0181,1,12.303481101989746
human,par3_0181,2,13.83191204071045
human,par3_0182,0,35.31504440307617
human,par3_0182,1,38.43202209472656
human,par3_0182,2,33.5085334777832
human,par3_0183,0,16.986501693725586
human,par3_0183,1,15.8041410446167
human,par3_0183,2,15.379809379577637
human,par3_0183,3,19.64949607849121
human,par3_0184,0,35.291015625
human,par3_0184,1,18.004037857055664
human,par3_0184,2,27.363365173339844
human,par3_0184,3,25.009742736816406
human,par3_0185,0,18.90609359741211
human,par3_0185,1,27.655494689941406
human,par3_0185,2,28.214435577392575
human,par3_0186,0,62.081024169921875
human,par3_0186,1,28.85891342163086
human,par3_0186,2,26.80904197692871
human,par3_0187,0,21.63016891479492
human,par3_0187,1,22.31601905822754
human,par3_0187,2,23.286340713500977
human,par3_0188,0,17.82699966430664
human,par3_0188,1,19.8765811920166
human,par3_0188,2,20.75322723388672
human,par3_0188,3,17.364437103271484
human,par3_0189,0,19.48551368713379
human,par3_0189,1,15.82475471496582
human,par3_0189,2,22.523805618286133
human,par3_0190,0,27.08759307861328
human,par3_0190,1,29.12909507751465
human,par3_0190,2,25.029882431030273
human,par3_0191,0,26.220441818237305
human,par3_0191,1,20.240903854370117
human,par3_0191,2,30.673093795776367
human,par3_0192,0,19.72457695007324
human,par3_0192,1,22.863954544067383
human,par3_0192,2,25.668243408203125
human,par3_0192,3,22.08368492126465
human,par3_0193,0,53.70518493652344
human,par3_0193,1,24.045345306396484
human,par3_0193,2,42.433502197265625
human,par3_0194,0,17.994482040405273
human,par3_0194,1,17.8999080657959
human,par3_0194,2,20.09305763244629
human,par3_0194,3,19.320070266723633
human,par3_0195,0,22.76712417602539
human,par3_0195,1,26.63863754272461
human,par3_0195,2,18.36893081665039
human,par3_0196,0,23.866926193237305
human,par3_0196,1,15.006704330444336
human,par3_0196,2,16.238868713378906
human,par3_0196,3,18.06995391845703
human,par3_0197,0,21.193836212158203
human,par3_0197,1,29.083965301513672
human,par3_0197,2,22.44681167602539
human,par3_0198,0,28.494958877563477
human,par3_0198,1,14.735702514648438
human,par3_0198,2,36.89212417602539
human,par3_0199,0,23.089534759521484
human,par3_0199,1,22.149639129638672
human,par3_0199,2,15.338247299194336
