metric,source,prompt_id,delta
D_disc,gemma,par3_0000,-0.0016707142239942123
D_disc,gemma,par3_0001,-0.0005934391709828419
D_disc,gemma,par3_0002,-0.01186103912247185
D_disc,gemma,par3_0003,0.019230101867513096
D_disc,gemma,par3_0004,-0.007857754989321467
D_disc,gemma,par3_0005,0.0006646161544650262
D_disc,gemma,par3_0006,-0.021622600993673306
D_disc,gemma,par3_0007,-0.0003941974366552532
D_disc,gemma,par3_0008,-0.01591383794085721
D_disc,gemma,par3_0009,0.0034285667851529796
D_disc,gemma,par3_0010,0.009613200988927734
D_disc,gemma,par3_0011,-0.008337147051174264
D_disc,gemma,par3_0012,0.016262282244889025
D_disc,gemma,par3_0013,0.0008082144473314564
D_disc,gemma,par3_0014,0.014142309440659478
D_disc,gemma,par3_0015,0.0041206420307730455
D_disc,gemma,par3_0016,-0.010144832072915144
D_disc,gemma,par3_0017,0.0031125976007499155
D_disc,gemma,par3_0018,-0.0931815445346003
D_disc,gemma,par3_0019,-0.011888152365628984
D_disc,gemma,par3_0020,-0.010694262809203802
D_disc,gemma,par3_0021,0.007315209134267749
D_disc,gemma,par3_0022,-0.0038116387837731983
D_disc,gemma,par3_0023,0.02538978684699875
D_disc,gemma,par3_0024,0.024050701280442528
D_disc,gemma,par3_0025,-0.01643775633178945
D_disc,gemma,par3_0027,-0.00452348453623376
D_disc,gemma,par3_0028,0.0015435596408004207
D_disc,gemma,par3_0029,0.001450196048784642
D_disc,gemma,par3_0030,0.025492892401552905
D_disc,gemma,par3_0031,-0.008708083987827561
D_disc,gemma,par3_0032,-0.0017578791087032874
D_disc,gemma,par3_0033,0.0003281442759387222
D_disc,gemma,par3_0034,0.012098468976495089
D_disc,gemma,par3_0035,0.0025668883736522097
D_disc,gemma,par3_0036,-0.003395654779911543
D_disc,gemma,par3_0037,-0.012540963291940684
D_disc,gemma,par3_0038,-0.015625188953829677
D_disc,gemma,par3_0039,-0.03889548657771112
D_disc,gemma,par3_0040,-0.006156767131273062
D_disc,gemma,par3_0041,0.00045590159188745673
D_disc,gemma,par3_0042,0.004541193898016117
D_disc,gemma,par3_0043,0.039129316829656105
D_disc,gemma,par3_0044,0.0016761970083293918
D_disc,gemma,par3_0045,-0.002078636281610349
D_disc,gemma,par3_0046,-0.01887215223325494
D_disc,gemma,par3_0047,0.007855007502702864
D_disc,gemma,par3_0048,-0.0019374921616963057
D_disc,gemma,par3_0049,-0.009449287437564428
D_disc,gemma,par3_0050,-0.008757446294282665
D_disc,gemma,par3_0051,-0.002335615088726015
D_disc,gemma,par3_0052,-0.00042295832993191965
D_disc,gemma,par3_0053,0.016983402155309423
D_disc,gemma,par3_0054,-0.000974024530182907
D_disc,gemma,par3_0055,-0.018081565399023027
D_disc,gemma,par3_0056,0.02350121459238
D_disc,gemma,par3_0057,0.004894264398626545
D_disc,gemma,par3_0058,-0.005424413422415231
D_disc,gemma,par3_0059,-0.0056153465711837255
D_disc,gemma,par3_0060,0.003102887362767226
D_disc,gemma,par3_0061,-0.010896880370999373
D_disc,gemma,par3_0062,0.11418348807952268
D_disc,gemma,par3_0063,0.011308593756253796
D_disc,gemma,par3_0064,-0.01699135049918284
D_disc,gemma,par3_0065,0.02157994608583924
D_disc,gemma,par3_0066,-0.005374363491643404
D_disc,gemma,par3_0067,-0.002936408378711461
D_disc,gemma,par3_0068,0.016581594387605477
D_disc,gemma,par3_0069,0.015970476958625506
D_disc,gemma,par3_0070,-0.005788895676122987
D_disc,gemma,par3_0071,0.00345461423601069
D_disc,gemma,par3_0072,-0.023898425060414712
D_disc,gemma,par3_0073,0.005879804458379511
D_disc,gemma,par3_0074,-0.003916002558980621
D_disc,gemma,par3_0075,-0.004078826711031963
D_disc,gemma,par3_0076,0.07235844468820093
D_disc,gemma,par3_0077,0.006557567736374686
D_disc,gemma,par3_0078,-3.473023812860194e-05
D_disc,gemma,par3_0079,0.002163597776404619
D_disc,gemma,par3_0080,-0.005814921818157078
D_disc,gemma,par3_0081,0.02842798618245934
D_disc,gemma,par3_0082,0.0005932077714833692
D_disc,gemma,par3_0083,0.004665776656091865
D_disc,gemma,par3_0084,-0.0021161408315267297
D_disc,gemma,par3_0085,0.030473611928811265
D_disc,gemma,par3_0086,-0.008630253307205104
D_disc,gemma,par3_0087,-0.003394131011920987
D_disc,gemma,par3_0088,-0.002866703520064666
D_disc,gemma,par3_0089,-0.02316693133426111
D_disc,gemma,par3_0090,-0.012874112422087436
D_disc,gemma,par3_0091,0.0031364720461992492
D_disc,gemma,par3_0092,-0.006966256149351199
D_disc,gemma,par3_0093,0.002975550911208587
D_disc,gemma,par3_0094,-0.0015368521307879861
D_disc,gemma,par3_0095,-0.001568823700812967
D_disc,gemma,par3_0096,0.001241469685158224
D_disc,gemma,par3_0097,-0.014776678679225578
D_disc,gemma,par3_0098,-0.024613632106635478
D_disc,gemma,par3_0100,0.015791823293836073
D_disc,gemma,par3_0101,0.009375352384595711
D_disc,gemma,par3_0102,0.013400737830399792
D_disc,gemma,par3_0103,0.00413775407658975
D_disc,gemma,par3_0104,-0.0034411756671338246
D_disc,gemma,par3_0105,-0.004067107707635293
D_disc,gemma,par3_0106,-0.009651802301935462
D_disc,gemma,par3_0107,-0.004998666078786879
D_disc,gemma,par3_0108,-0.013152834033337031
D_disc,gemma,par3_0109,-0.0011888953304695718
D_disc,gemma,par3_0110,0.0001482037572688757
D_disc,gemma,par3_0111,-0.0048690697707696046
D_disc,gemma,par3_0112,0.003548435321327828
D_disc,gemma,par3_0113,-0.019929042294665324
D_disc,gemma,par3_0114,0.043429697629112134
D_disc,gemma,par3_0115,-0.002702902837668305
D_disc,gemma,par3_0116,0.0011837503474970493
D_disc,gemma,par3_0117,-0.004957265285119199
D_disc,gemma,par3_0118,-0.007613319434121552
D_disc,gemma,par3_0119,-0.003251638390309418
D_disc,gemma,par3_0120,-0.020188119645726216
D_disc,gemma,par3_0121,-0.0007525306695046765
D_disc,gemma,par3_0122,-0.005813616461868974
D_disc,gemma,par3_0123,-0.013883537526371134
D_disc,gemma,par3_0124,-0.001410171716376498
D_disc,gemma,par3_0125,-0.00524851426213471
D_disc,gemma,par3_0126,-0.0067806736205742344
D_disc,gemma,par3_0127,-0.004118797962108413
D_disc,gemma,par3_0128,-0.07606390245722473
D_disc,gemma,par3_0129,0.00032768026547528385
D_disc,gemma,par3_0130,-0.004511112917978292
D_disc,gemma,par3_0131,0.027149595852637858
D_disc,gemma,par3_0132,0.006113090312938775
D_disc,gemma,par3_0133,0.016868594915656513
D_disc,gemma,par3_0134,0.003716613850099098
D_disc,gemma,par3_0135,0.0002405611676665798
D_disc,gemma,par3_0136,0.04461754091777744
D_disc,gemma,par3_0137,-0.002592340947180382
D_disc,gemma,par3_0138,-0.019265752517934047
D_disc,gemma,par3_0139,-0.008426535878497749
D_disc,gemma,par3_0140,-0.010303772153632144
D_disc,gemma,par3_0141,-0.00015538271074939472
D_disc,gemma,par3_0142,0.013273780293503132
D_disc,gemma,par3_0143,-0.0257949759046613
D_disc,gemma,par3_0144,-0.001613269977004541
D_disc,gemma,par3_0145,-0.0033486027699418663
D_disc,gemma,par3_0146,-0.010970499399811096
D_disc,gemma,par3_0147,-0.025152848261455155
D_disc,gemma,par3_0148,-0.00011094077730067064
D_disc,gemma,par3_0149,0.003437847449204523
D_disc,gemma,par3_0150,-0.003525669262689128
D_disc,gemma,par3_0151,-0.0019704853274258205
D_disc,gemma,par3_0152,-0.010411530190257923
D_disc,gemma,par3_0153,-0.011009002035884438
D_disc,gemma,par3_0154,0.0030867452593903483
D_disc,gemma,par3_0155,0.0023256935679378476
D_disc,gemma,par3_0156,-0.057120611090475594
D_disc,gemma,par3_0157,-0.0008327400557681077
D_disc,gemma,par3_0158,-0.01456349045939107
D_disc,gemma,par3_0159,0.0028967060042392264
D_disc,gemma,par3_0160,0.00010478211732980027
D_disc,gemma,par3_0161,-0.00037430273353043206
D_disc,gemma,par3_0162,-0.005218876134616616
D_disc,gemma,par3_0163,0.020398423359406132
D_disc,gemma,par3_0164,0.0027692315523299865
D_disc,gemma,par3_0167,0.0010095615307337481
D_disc,gemma,par3_0168,-0.0006775217688478295
D_disc,gemma,par3_0169,-0.015495220944547777
D_disc,gemma,par3_0171,0.006224996857338597
D_disc,gemma,par3_0172,-0.0006684542422160711
D_disc,gemma,par3_0173,0.004410001473759438
D_disc,gemma,par3_0174,-0.010705318489380227
D_disc,gemma,par3_0175,-0.010000332455020243
D_disc,gemma,par3_0176,0.0035927997801929643
D_disc,gemma,par3_0177,-0.016193403311954218
D_disc,gemma,par3_0178,0.0111310757474335
D_disc,gemma,par3_0179,-0.011938268366148731
D_disc,gemma,par3_0180,-0.037985043789676216
D_disc,gemma,par3_0181,-0.0011475402868173078
D_disc,gemma,par3_0182,0.015777302253762858
D_disc,gemma,par3_0183,-0.007841139002928689
D_disc,gemma,par3_0184,-0.014646875116648446
D_disc,gemma,par3_0185,0.015011893084383237
D_disc,gemma,par3_0186,-0.011305216976800788
D_disc,gemma,par3_0187,0.0006888033162189916
D_disc,gemma,par3_0188,0.0002583843623235908
D_disc,gemma,par3_0189,-0.005855405169540453
D_disc,gemma,par3_0190,-0.007459233297491007
D_disc,gemma,par3_0191,-0.014653742329369598
D_disc,gemma,par3_0192,-0.006386806867198186
D_disc,gemma,par3_0193,0.0033418035060799253
D_disc,gemma,par3_0194,-0.002156076827021134
D_disc,gemma,par3_0195,-0.004231376043383297
D_disc,gemma,par3_0197,-0.004396884699491099
D_disc,gemma,par3_0198,-0.010051324118840336
D_disc,gemma,par3_0199,-0.0201447960958884
D_disc,llama,par3_0000,-0.0029386607634624274
D_disc,llama,par3_0001,-0.001251134772524369
D_disc,llama,par3_0002,-0.0036897447777041008
D_disc,llama,par3_0003,0.0017799300006547973
D_disc,llama,par3_0004,-0.015197860898875046
D_disc,llama,par3_0005,0.0002936826271651242
D_disc,llama,par3_0006,-0.016786062194631003
D_disc,llama,par3_0007,-0.0005553846862121283
D_disc,llama,par3_0008,0.01652429889283907
D_disc,llama,par3_0009,0.0007622956679083129
D_disc,llama,par3_0010,0.010258181661141933
D_disc,llama,par3_0011,-0.00834120487959925
D_disc,llama,par3_0012,0.0223733070379499
D_disc,llama,par3_0013,0.009352595376176704
D_disc,llama,par3_0014,0.0060325806079726705
D_disc,llama,par3_0015,0.003099677390279961
D_disc,llama,par3_0016,0.0074908834144479285
D_disc,llama,par3_0017,0.0021346351933097976
D_disc,llama,par3_0018,-0.0688661006525656
D_disc,llama,par3_0019,-0.008881560700783211
D_disc,llama,par3_0020,-0.009070314861020959
D_disc,llama,par3_0021,0.011796242109892082
D_disc,llama,par3_0022,0.013653963939253751
D_disc,llama,par3_0023,-0.006239579250416966
D_disc,llama,par3_0024,0.031061125378972307
D_disc,llama,par3_0025,-0.017248496803213487
D_disc,llama,par3_0026,0.029979863475122815
D_disc,llama,par3_0027,-0.004646118094620095
D_disc,llama,par3_0028,-0.0011490780930784319
D_disc,llama,par3_0029,0.0037550486911454672
D_disc,llama,par3_0030,0.0693692558831921
D_disc,llama,par3_0031,-0.011890575823283532
D_disc,llama,par3_0032,0.0011929966058961
D_disc,llama,par3_0033,0.0015616871196115223
D_disc,llama,par3_0034,0.004726375190518722
D_disc,llama,par3_0035,0.004553577212423908
D_disc,llama,par3_0036,0.0021962142923568923
D_disc,llama,par3_0037,-0.006799995825302995
D_disc,llama,par3_0038,-0.014547494887341118
D_disc,llama,par3_0039,-0.026755381869749545
D_disc,llama,par3_0040,-0.005444469159362378
D_disc,llama,par3_0041,-0.0015690641675013394
D_disc,llama,par3_0042,0.0032631480300235817
D_disc,llama,par3_0043,0.02342941968451274
D_disc,llama,par3_0044,0.001964981736421239
D_disc,llama,par3_0045,-0.004670227750611572
D_disc,llama,par3_0046,-0.01916741394865543
D_disc,llama,par3_0047,0.011146787039708858
D_disc,llama,par3_0048,-0.0012232090306730503
D_disc,llama,par3_0049,-0.009444223540864905
D_disc,llama,par3_0050,-0.009338827463728706
D_disc,llama,par3_0051,-0.003787908168764106
D_disc,llama,par3_0052,0.00012119182660486986
D_disc,llama,par3_0053,0.011683597041027324
D_disc,llama,par3_0054,0.0038822983302336193
D_disc,llama,par3_0055,-0.019400223638812972
D_disc,llama,par3_0056,0.012174761604448527
D_disc,llama,par3_0057,0.003955728759847915
D_disc,llama,par3_0058,-0.007546753812888239
D_disc,llama,par3_0059,-0.01097967460406612
D_disc,llama,par3_0060,-0.0015433929637173511
D_disc,llama,par3_0061,-0.009149358294545704
D_disc,llama,par3_0062,0.03812070353295244
D_disc,llama,par3_0063,0.04941369736949012
D_disc,llama,par3_0064,-0.011264144458813867
D_disc,llama,par3_0065,-0.004716013352989931
D_disc,llama,par3_0066,-0.005617535460292418
D_disc,llama,par3_0067,-0.004196363052295844
D_disc,llama,par3_0068,0.013832260563617478
D_disc,llama,par3_0069,-0.007553279555220404
D_disc,llama,par3_0070,-0.010321963106226526
D_disc,llama,par3_0071,0.001346993830265232
D_disc,llama,par3_0072,-0.020703449252137015
D_disc,llama,par3_0073,0.010270841088700557
D_disc,llama,par3_0074,-0.0034024405654933068
D_disc,llama,par3_0075,-0.004501211828770112
D_disc,llama,par3_0076,0.0012493626785002945
D_disc,llama,par3_0077,0.004580181242684599
D_disc,llama,par3_0078,-0.001075250756879902
D_disc,llama,par3_0079,0.0029517379415716955
D_disc,llama,par3_0080,-0.0008434900596775013
D_disc,llama,par3_0081,0.024277464110288183
D_disc,llama,par3_0082,0.001695559695923078
D_disc,llama,par3_0083,0.013213412559398762
D_disc,llama,par3_0084,-0.0006927476834329797
D_disc,llama,par3_0085,0.044004668983322226
D_disc,llama,par3_0086,-0.00171746828305958
D_disc,llama,par3_0087,0.004587516016545816
D_disc,llama,par3_0088,0.0028258511171925893
D_disc,llama,par3_0089,-0.019236567288319382
D_disc,llama,par3_0090,-0.013906511139190147
D_disc,llama,par3_0091,0.007769077758651194
D_disc,llama,par3_0092,0.005143648229607742
D_disc,llama,par3_0093,0.003746267137373327
D_disc,llama,par3_0094,-0.0022011953524894716
D_disc,llama,par3_0095,0.004526927292651902
D_disc,llama,par3_0096,0.0032074511398982944
D_disc,llama,par3_0097,-0.010478975476851227
D_disc,llama,par3_0098,-0.025198062376300727
D_disc,llama,par3_0099,-0.008331768166503406
D_disc,llama,par3_0100,0.0067183098141023675
D_disc,llama,par3_0101,0.021446898103533396
D_disc,llama,par3_0102,0.00023441935829830499
D_disc,llama,par3_0103,0.0051681420476501995
D_disc,llama,par3_0104,-0.003737198758779165
D_disc,llama,par3_0105,-0.0029608484993327404
D_disc,llama,par3_0106,-0.008296410627774952
D_disc,llama,par3_0107,0.0029662806838466997
D_disc,llama,par3_0108,-0.010761935970524683
D_disc,llama,par3_0109,0.0009279667498464222
D_disc,llama,par3_0110,0.0161971334845037
D_disc,llama,par3_0111,-0.002352091301537316
D_disc,llama,par3_0112,0.03532754336056256
D_disc,llama,par3_0113,-0.000737387715045397
D_disc,llama,par3_0114,0.030992955167485386
D_disc,llama,par3_0115,0.001876833230867141
D_disc,llama,par3_0116,0.0007290593496579768
D_disc,llama,par3_0117,0.007715132277862633
D_disc,llama,par3_0118,-0.0063201150464385165
D_disc,llama,par3_0119,-0.0018901497464150043
D_disc,llama,par3_0120,-0.024232077613681218
D_disc,llama,par3_0121,0.00034932143803104014
D_disc,llama,par3_0122,-0.0048021508126089305
D_disc,llama,par3_0123,-0.010071245961879327
D_disc,llama,par3_0124,0.0011665953749187836
D_disc,llama,par3_0125,-0.005736361292402128
D_disc,llama,par3_0126,-0.0004972685368892492
D_disc,llama,par3_0127,0.002570094869776971
D_disc,llama,par3_0128,-0.07623737676762345
D_disc,llama,par3_0129,0.0025937325170356366
D_disc,llama,par3_0130,-0.0014313836234439315
D_disc,llama,par3_0131,-0.007274738492257518
D_disc,llama,par3_0132,0.012085690440263976
D_disc,llama,par3_0133,0.010234680759549093
D_disc,llama,par3_0134,0.01068893872593406
D_disc,llama,par3_0135,-0.00032537826093615075
D_disc,llama,par3_0136,0.04084148383843335
D_disc,llama,par3_0137,-0.00010089205369005876
D_disc,llama,par3_0138,-0.011793336749170054
D_disc,llama,par3_0139,-0.006400955278823894
D_disc,llama,par3_0140,-0.005789829501132715
D_disc,llama,par3_0141,0.012586241007539578
D_disc,llama,par3_0142,0.0030646809139884823
D_disc,llama,par3_0143,-0.02141065302768921
D_disc,llama,par3_0144,0.0010158675891903657
D_disc,llama,par3_0145,-0.007458140392951341
D_disc,llama,par3_0146,-0.00797052257590458
D_disc,llama,par3_0147,-0.012454979500978252
D_disc,llama,par3_0148,0.008852388937623726
D_disc,llama,par3_0149,-0.0042005086808479175
D_disc,llama,par3_0150,-0.0018093209511496823
D_disc,llama,par3_0151,-0.0026582551402473064
D_disc,llama,par3_0152,-0.004525363283609058
D_disc,llama,par3_0153,-0.008436830172380887
D_disc,llama,par3_0154,0.0020504190177468664
D_disc,llama,par3_0155,0.0014042312027968754
D_disc,llama,par3_0156,-0.05610948717816747
D_disc,llama,par3_0157,0.000559371670620062
D_disc,llama,par3_0158,0.014904896304283174
D_disc,llama,par3_0159,0.011359723555842258
D_disc,llama,par3_0160,0.0004847154015412872
D_disc,llama,par3_0161,-4.559602141398282e-05
D_disc,llama,par3_0162,-0.000773952914693544
D_disc,llama,par3_0163,0.022540210423080242
D_disc,llama,par3_0164,0.010199514772986504
D_disc,llama,par3_0165,-0.00623181366967654
D_disc,llama,par3_0166,-0.004074926230831588
D_disc,llama,par3_0167,0.000920650784578034
D_disc,llama,par3_0168,0.000244834133222492
D_disc,llama,par3_0169,-0.007259326330746658
D_disc,llama,par3_0171,0.020817767718448663
D_disc,llama,par3_0172,-0.0007897448782594859
D_disc,llama,par3_0173,-0.001746552693889131
D_disc,llama,par3_0174,-0.010050438439207221
D_disc,llama,par3_0175,-0.013255736316310692
D_disc,llama,par3_0176,0.002593193114296188
D_disc,llama,par3_0177,-0.02482717656422583
D_disc,llama,par3_0178,0.010091988284984978
D_disc,llama,par3_0179,-0.0057161488436273415
D_disc,llama,par3_0180,-0.03860780101098519
D_disc,llama,par3_0181,0.003650134361325172
D_disc,llama,par3_0182,0.022556972483194437
D_disc,llama,par3_0183,-0.015432633265113987
D_disc,llama,par3_0184,-0.015416173988560626
D_disc,llama,par3_0185,0.02890800262250312
D_disc,llama,par3_0186,-0.00984216482713967
D_disc,llama,par3_0187,-0.001039846169178205
D_disc,llama,par3_0188,0.008409808875691586
D_disc,llama,par3_0189,-0.006407691488078806
D_disc,llama,par3_0190,-0.012990468432754266
D_disc,llama,par3_0191,-0.011568006181723876
D_disc,llama,par3_0192,-0.007450472090661565
D_disc,llama,par3_0193,-0.0011302915220754405
D_disc,llama,par3_0194,-0.0004855857044468678
D_disc,llama,par3_0195,-0.0012500482203348054
D_disc,llama,par3_0196,-0.002725175050002787
D_disc,llama,par3_0197,0.008704166281355974
D_disc,llama,par3_0198,-0.009009738040885255
D_disc,llama,par3_0199,-0.024846052228908844
D_disc,mistral,par3_0000,-0.00250667268459546
D_disc,mistral,par3_0001,-0.001950867491099556
D_disc,mistral,par3_0002,-0.004298554693244121
D_disc,mistral,par3_0003,0.007979832574502905
D_disc,mistral,par3_0004,-0.02150494822855774
D_disc,mistral,par3_0005,-0.0019890494166083434
D_disc,mistral,par3_0006,-0.02022660172855378
D_disc,mistral,par3_0007,4.6406825004597836e-05
D_disc,mistral,par3_0008,-0.0044138589683663625
D_disc,mistral,par3_0009,0.00762066647767539
D_disc,mistral,par3_0010,0.008529762899011462
D_disc,mistral,par3_0011,-0.003160005916004989
D_disc,mistral,par3_0012,0.037047152729315816
D_disc,mistral,par3_0013,0.00041476145556092366
D_disc,mistral,par3_0014,0.006203839846386778
D_disc,mistral,par3_0015,0.00956080038473261
D_disc,mistral,par3_0016,-0.006935452962714438
D_disc,mistral,par3_0017,0.0016920756523169343
D_disc,mistral,par3_0018,-0.07946406885110058
D_disc,mistral,par3_0019,-0.0045776041331692975
D_disc,mistral,par3_0020,-0.007364992041705811
D_disc,mistral,par3_0021,0.006680424421441781
D_disc,mistral,par3_0022,0.013238466779546093
D_disc,mistral,par3_0023,-0.005840034894399926
D_disc,mistral,par3_0024,0.04756843036566128
D_disc,mistral,par3_0025,0.0012958837506879632
D_disc,mistral,par3_0026,-0.00024473453569878826
D_disc,mistral,par3_0027,-0.005868894984683963
D_disc,mistral,par3_0028,0.006204279625492509
D_disc,mistral,par3_0029,0.0025488479210116232
D_disc,mistral,par3_0030,0.011246172565482283
D_disc,mistral,par3_0031,-0.010342894712903838
D_disc,mistral,par3_0032,-0.00013616379399796047
D_disc,mistral,par3_0033,-0.006166621819063866
D_disc,mistral,par3_0034,-0.002196114160925406
D_disc,mistral,par3_0035,0.0040655932205018895
D_disc,mistral,par3_0036,7.541720687365891e-05
D_disc,mistral,par3_0037,-0.0024885805703541973
D_disc,mistral,par3_0038,-0.010690642209223439
D_disc,mistral,par3_0039,-0.03889548657771112
D_disc,mistral,par3_0040,-0.0050212701290238484
D_disc,mistral,par3_0041,-0.006568800676791699
D_disc,mistral,par3_0042,-0.003029161694078203
D_disc,mistral,par3_0043,0.04071442310095206
D_disc,mistral,par3_0044,-0.00014322056811637862
D_disc,mistral,par3_0045,0.00034862272043038645
D_disc,mistral,par3_0046,-0.01659092684841278
D_disc,mistral,par3_0047,0.007244547816596724
D_disc,mistral,par3_0048,-0.0009929747388841674
D_disc,mistral,par3_0049,-0.007942106835666462
D_disc,mistral,par3_0050,-0.008652075936108063
D_disc,mistral,par3_0051,0.0013595219846047665
D_disc,mistral,par3_0052,0.013742571092878056
D_disc,mistral,par3_0053,0.01569224221905579
D_disc,mistral,par3_0054,0.0011355103349738847
D_disc,mistral,par3_0055,-0.022879126406524033
D_disc,mistral,par3_0056,0.012969227504738452
D_disc,mistral,par3_0057,0.0013347373451279663
D_disc,mistral,par3_0058,-0.003438572483722787
D_disc,mistral,par3_0059,-0.006774062813514896
D_disc,mistral,par3_0060,0.0011378104879036146
D_disc,mistral,par3_0061,-0.010471323391114637
D_disc,mistral,par3_0062,0.10094460596680095
D_disc,mistral,par3_0063,0.0010546656923192583
D_disc,mistral,par3_0064,-0.01021813159809466
D_disc,mistral,par3_0065,0.020602287272260576
D_disc,mistral,par3_0066,-0.0049312087139581386
D_disc,mistral,par3_0067,0.0019904840967379807
D_disc,mistral,par3_0068,0.031050801562641357
D_disc,mistral,par3_0069,-0.00591820703143738
D_disc,mistral,par3_0070,-0.003949727805044948
D_disc,mistral,par3_0071,-0.002418422023912781
D_disc,mistral,par3_0072,-0.019212449027567195
D_disc,mistral,par3_0073,0.0022562514814448886
D_disc,mistral,par3_0074,-0.0007849543924370699
D_disc,mistral,par3_0075,-0.004462192292773229
D_disc,mistral,par3_0077,0.00744289458962442
D_disc,mistral,par3_0078,0.004239932834016903
D_disc,mistral,par3_0079,0.005018031728717765
D_disc,mistral,par3_0080,-0.008227293193619834
D_disc,mistral,par3_0081,-0.0009835528193795906
D_disc,mistral,par3_0082,0.002758820677713252
D_disc,mistral,par3_0083,0.00985969708420765
D_disc,mistral,par3_0084,-0.005786550393210831
D_disc,mistral,par3_0085,0.02123199182998839
D_disc,mistral,par3_0086,-0.0010401189784640362
D_disc,mistral,par3_0087,0.02617064218335176
D_disc,mistral,par3_0088,-0.0023560623659144055
D_disc,mistral,par3_0089,-0.023538630380488156
D_disc,mistral,par3_0090,0.06342015087422942
D_disc,mistral,par3_0091,0.010445930493502757
D_disc,mistral,par3_0092,0.017228624524025033
D_disc,mistral,par3_0093,0.006574059509288552
D_disc,mistral,par3_0094,-0.0017845875245112355
D_disc,mistral,par3_0095,-0.0003095485884440606
D_disc,mistral,par3_0096,0.006770158057334261
D_disc,mistral,par3_0097,-0.013525894849003859
D_disc,mistral,par3_0098,-0.018885035436661774
D_disc,mistral,par3_0099,-0.012843346402161468
D_disc,mistral,par3_0100,0.013284363458806127
D_disc,mistral,par3_0101,0.01316793582253477
D_disc,mistral,par3_0102,0.0026487586055742494
D_disc,mistral,par3_0103,0.004005939031394022
D_disc,mistral,par3_0104,0.0008807421627408477
D_disc,mistral,par3_0105,-0.002806900384309573
D_disc,mistral,par3_0106,-0.0015434510754368618
D_disc,mistral,par3_0107,-0.0002567994823198007
D_disc,mistral,par3_0108,-0.012171864864648182
D_disc,mistral,par3_0109,0.0008787971377785172
D_disc,mistral,par3_0110,0.039966650882968476
D_disc,mistral,par3_0111,-0.003722247700978501
D_disc,mistral,par3_0112,0.0541906917139926
D_disc,mistral,par3_0113,-0.02137377966699748
D_disc,mistral,par3_0114,0.0645180359321548
D_disc,mistral,par3_0115,0.00028822903890959466
D_disc,mistral,par3_0116,-0.0006033013210260136
D_disc,mistral,par3_0117,0.005244181562260249
D_disc,mistral,par3_0118,0.0067253053427411445
D_disc,mistral,par3_0119,-0.0012174513973490554
D_disc,mistral,par3_0120,-0.030589538921087584
D_disc,mistral,par3_0121,0.007208602144844352
D_disc,mistral,par3_0122,-0.0072351281773866015
D_disc,mistral,par3_0123,-0.009738523616132103
D_disc,mistral,par3_0124,0.000768314384196791
D_disc,mistral,par3_0125,-0.004611616285816572
D_disc,mistral,par3_0126,-0.006677060501618895
D_disc,mistral,par3_0127,0.007033011755378941
D_disc,mistral,par3_0128,-0.07458519500988298
D_disc,mistral,par3_0129,0.0061440759395225255
D_disc,mistral,par3_0130,-0.0015196734123106316
D_disc,mistral,par3_0131,0.048544717203655725
D_disc,mistral,par3_0132,0.04071704364254196
D_disc,mistral,par3_0133,0.006815170075853069
D_disc,mistral,par3_0134,0.01351287093590893
D_disc,mistral,par3_0135,0.0017825250955354752
D_disc,mistral,par3_0136,0.02945938508869454
D_disc,mistral,par3_0137,0.0020619953561916917
D_disc,mistral,par3_0138,-0.0027542888473572106
D_disc,mistral,par3_0139,-0.007151058860328563
D_disc,mistral,par3_0140,0.00026937840151555065
D_disc,mistral,par3_0141,0.006426479160743779
D_disc,mistral,par3_0142,0.005182776771774169
D_disc,mistral,par3_0143,-0.03177277478091697
D_disc,mistral,par3_0144,0.003086991108399166
D_disc,mistral,par3_0145,-0.004433326076859132
D_disc,mistral,par3_0146,-0.009503605448204545
D_disc,mistral,par3_0147,-0.02842647764566218
D_disc,mistral,par3_0148,0.006107913085863601
D_disc,mistral,par3_0149,0.002161316528317887
D_disc,mistral,par3_0150,0.0028296257848035057
D_disc,mistral,par3_0151,-0.0006939822286274331
D_disc,mistral,par3_0152,-0.0015874730583681264
D_disc,mistral,par3_0153,-0.009520656823380784
D_disc,mistral,par3_0154,0.001565504528380243
D_disc,mistral,par3_0155,0.003483582324070944
D_disc,mistral,par3_0156,-0.06030487832235218
D_disc,mistral,par3_0157,0.00010601324397951715
D_disc,mistral,par3_0158,0.00723803033323719
D_disc,mistral,par3_0159,0.011271223494761234
D_disc,mistral,par3_0160,0.007575568229772207
D_disc,mistral,par3_0161,0.002158490293335252
D_disc,mistral,par3_0162,-0.00445816186229833
D_disc,mistral,par3_0163,0.028808110285053003
D_disc,mistral,par3_0164,0.012036095458732654
D_disc,mistral,par3_0165,-0.0055255291612550115
D_disc,mistral,par3_0166,-0.00342967194820386
D_disc,mistral,par3_0167,0.0012997729452296385
D_disc,mistral,par3_0168,0.0008636693509314403
D_disc,mistral,par3_0169,-0.008507266449102482
D_disc,mistral,par3_0171,0.01284563585349247
D_disc,mistral,par3_0172,0.0006754698241507193
D_disc,mistral,par3_0173,-0.00034142376890544435
D_disc,mistral,par3_0174,-0.00016314456359534506
D_disc,mistral,par3_0175,-0.01362883567376178
D_disc,mistral,par3_0176,0.008046325173918034
D_disc,mistral,par3_0177,-0.016193792784065644
D_disc,mistral,par3_0178,0.013583592697487852
D_disc,mistral,par3_0179,-0.016328906386403948
D_disc,mistral,par3_0180,-0.03609211799244459
D_disc,mistral,par3_0181,0.000255007100350733
D_disc,mistral,par3_0182,-0.0009410266930668457
D_disc,mistral,par3_0183,-0.0078865863258862
D_disc,mistral,par3_0184,-0.013584458384634212
D_disc,mistral,par3_0185,0.021881922986294915
D_disc,mistral,par3_0186,-0.009308835828811495
D_disc,mistral,par3_0187,0.0027304382020562463
D_disc,mistral,par3_0188,0.012782971073828966
D_disc,mistral,par3_0189,-0.003721403862498137
D_disc,mistral,par3_0190,-0.010440140821582303
D_disc,mistral,par3_0191,-0.005748322876377364
D_disc,mistral,par3_0192,0.0010677416516562406
D_disc,mistral,par3_0193,-0.005875430468479262
D_disc,mistral,par3_0194,0.0017221133345723717
D_disc,mistral,par3_0195,-0.0014495346509836124
D_disc,mistral,par3_0196,0.0009494440708141677
D_disc,mistral,par3_0197,0.003531479568562443
D_disc,mistral,par3_0198,-0.009793241513013381
D_disc,mistral,par3_0199,-0.0126322724739989
D_disc,qwen,par3_0000,-0.003569883123187012
D_disc,qwen,par3_0001,-0.0011974987061416417
D_disc,qwen,par3_0002,-0.0005141287961010014
D_disc,qwen,par3_0003,-0.00032851691418097907
D_disc,qwen,par3_0004,-0.015367973682296828
D_disc,qwen,par3_0006,-0.023356554360629837
D_disc,qwen,par3_0007,-3.190539459777413e-05
D_disc,qwen,par3_0008,0.010455946758941514
D_disc,qwen,par3_0009,0.001502524727950152
D_disc,qwen,par3_0010,0.0045329863703028285
D_disc,qwen,par3_0011,-0.0044018285756121855
D_disc,qwen,par3_0012,0.018396540583179008
D_disc,qwen,par3_0013,-0.0006400893571808132
D_disc,qwen,par3_0014,0.009744651411916572
D_disc,qwen,par3_0015,0.004116527795889784
D_disc,qwen,par3_0016,-0.02023274792607215
D_disc,qwen,par3_0017,0.002282424133164729
D_disc,qwen,par3_0018,-0.0817726162941871
D_disc,qwen,par3_0020,-0.0037133783510140263
D_disc,qwen,par3_0021,0.008416585017091395
D_disc,qwen,par3_0022,0.0113027082443597
D_disc,qwen,par3_0023,0.008027886712510061
D_disc,qwen,par3_0024,0.03345897113476368
D_disc,qwen,par3_0025,-0.0007110397901955862
D_disc,qwen,par3_0026,0.012542142318310674
D_disc,qwen,par3_0027,-0.0010534063101294044
D_disc,qwen,par3_0028,-0.0024437872442683835
D_disc,qwen,par3_0029,0.00299727438469
D_disc,qwen,par3_0030,-0.0027825317077302143
D_disc,qwen,par3_0031,-0.00971869541199605
D_disc,qwen,par3_0032,0.01217671125757447
D_disc,qwen,par3_0033,0.026424991359355388
D_disc,qwen,par3_0034,0.012548042563145545
D_disc,qwen,par3_0035,0.006780141573702911
D_disc,qwen,par3_0036,0.0017087541482457742
D_disc,qwen,par3_0037,-0.0013984451642762793
D_disc,qwen,par3_0038,-0.00989694283789088
D_disc,qwen,par3_0039,-0.020685329515768753
D_disc,qwen,par3_0040,-0.005575881373044243
D_disc,qwen,par3_0041,0.0081096627217326
D_disc,qwen,par3_0042,0.004323742199052102
D_disc,qwen,par3_0043,0.024860448758706702
D_disc,qwen,par3_0044,0.003241118633145674
D_disc,qwen,par3_0045,-0.003552900558255072
D_disc,qwen,par3_0047,0.008663554165817993
D_disc,qwen,par3_0048,-0.004411218390418682
D_disc,qwen,par3_0049,-0.010243436675859205
D_disc,qwen,par3_0050,-0.0075896215533878325
D_disc,qwen,par3_0051,0.00012726610498999444
D_disc,qwen,par3_0052,0.022259182854149063
D_disc,qwen,par3_0053,0.004598953685535299
D_disc,qwen,par3_0054,0.0015200311415873864
D_disc,qwen,par3_0055,-0.010820029739391933
D_disc,qwen,par3_0056,0.01779465146033989
D_disc,qwen,par3_0057,0.004627683706546343
D_disc,qwen,par3_0058,-0.004987600414268501
D_disc,qwen,par3_0059,-0.003448397369311275
D_disc,qwen,par3_0060,0.0011006093641944938
D_disc,qwen,par3_0061,-0.01179375620041701
D_disc,qwen,par3_0062,0.04892247911712703
D_disc,qwen,par3_0063,0.030237430038155242
D_disc,qwen,par3_0064,-0.020353105259751113
D_disc,qwen,par3_0065,-0.005763487029791602
D_disc,qwen,par3_0066,-0.0049312087139581915
D_disc,qwen,par3_0067,-0.00475974861075762
D_disc,qwen,par3_0068,0.008616646370669279
D_disc,qwen,par3_0069,0.003957603475442894
D_disc,qwen,par3_0070,-0.0009391332292379972
D_disc,qwen,par3_0071,0.0030772568265265703
D_disc,qwen,par3_0072,-0.020984451021355655
D_disc,qwen,par3_0073,-0.0002285294674928944
D_disc,qwen,par3_0074,-0.004569473741061069
D_disc,qwen,par3_0075,-0.0027918125213520686
D_disc,qwen,par3_0076,-0.024460703223342168
D_disc,qwen,par3_0077,0.01650601147433647
D_disc,qwen,par3_0078,-0.0005842355470611055
D_disc,qwen,par3_0079,0.0033462804781691584
D_disc,qwen,par3_0080,-0.006871228651962498
D_disc,qwen,par3_0081,0.0017942414264932513
D_disc,qwen,par3_0082,0.0006622263600092384
D_disc,qwen,par3_0083,0.01024381938863912
D_disc,qwen,par3_0085,0.024302984052823745
D_disc,qwen,par3_0086,-0.004128259184753996
D_disc,qwen,par3_0087,-0.004256396488940589
D_disc,qwen,par3_0088,0.0003330255862322862
D_disc,qwen,par3_0089,-0.005679712478657228
D_disc,qwen,par3_0090,-0.031983907796753745
D_disc,qwen,par3_0091,0.004505941124421407
D_disc,qwen,par3_0092,-0.00748171735454885
D_disc,qwen,par3_0093,0.0077412962248882425
D_disc,qwen,par3_0095,-0.0005706304097833327
D_disc,qwen,par3_0096,0.006332673666806218
D_disc,qwen,par3_0097,-0.010406527635323421
D_disc,qwen,par3_0098,-0.02423108900423088
D_disc,qwen,par3_0099,-0.011555619179587593
D_disc,qwen,par3_0100,0.005109940224523282
D_disc,qwen,par3_0102,-4.754064494999604e-05
D_disc,qwen,par3_0103,0.0034074219921246805
D_disc,qwen,par3_0104,-0.00442106628388644
D_disc,qwen,par3_0106,-0.013153254524717259
D_disc,qwen,par3_0108,-0.009868526577847966
D_disc,qwen,par3_0109,-0.004314086928544112
D_disc,qwen,par3_0110,0.035796541049471366
D_disc,qwen,par3_0111,-0.002136361540218275
D_disc,qwen,par3_0112,0.03129907338343923
D_disc,qwen,par3_0113,-0.021671942565266004
D_disc,qwen,par3_0114,0.014681422366042673
D_disc,qwen,par3_0115,-0.00220327379736184
D_disc,qwen,par3_0116,-0.0005493859831032984
D_disc,qwen,par3_0117,0.017759378972571363
D_disc,qwen,par3_0118,-0.0162273394221007
D_disc,qwen,par3_0119,0.0006220122691416854
D_disc,qwen,par3_0120,-0.023278680868358825
D_disc,qwen,par3_0121,0.00012453624001684056
D_disc,qwen,par3_0122,-0.004946319291564805
D_disc,qwen,par3_0123,-0.012386454807262054
D_disc,qwen,par3_0124,-0.0018757719459300654
D_disc,qwen,par3_0126,-0.002886978110812798
D_disc,qwen,par3_0127,-0.002590931084340775
D_disc,qwen,par3_0128,-0.07265936700506015
D_disc,qwen,par3_0129,0.0010281956210392244
D_disc,qwen,par3_0130,-0.003242548666333417
D_disc,qwen,par3_0131,-0.005038377810610826
D_disc,qwen,par3_0132,0.01763506719467659
D_disc,qwen,par3_0133,0.02759352081103981
D_disc,qwen,par3_0135,-0.00016612086852408576
D_disc,qwen,par3_0136,0.00901038809297041
D_disc,qwen,par3_0137,0.00029598762741439317
D_disc,qwen,par3_0138,-0.012895387528137686
D_disc,qwen,par3_0139,-0.008432601274806944
D_disc,qwen,par3_0140,0.014504690826341654
D_disc,qwen,par3_0141,0.002805632314102907
D_disc,qwen,par3_0142,0.0027378381842014417
D_disc,qwen,par3_0143,-0.030453757865282066
D_disc,qwen,par3_0144,-0.0010611027360774418
D_disc,qwen,par3_0145,-0.0067602947455258425
D_disc,qwen,par3_0146,-0.013165553986644688
D_disc,qwen,par3_0147,-0.025635008459473137
D_disc,qwen,par3_0148,0.0052376378939876815
D_disc,qwen,par3_0149,-0.0027969190658004768
D_disc,qwen,par3_0150,0.00039888144556587897
D_disc,qwen,par3_0154,-0.0015090510571391935
D_disc,qwen,par3_0155,0.0027279027904514894
D_disc,qwen,par3_0156,-0.05235770968863159
D_disc,qwen,par3_0157,0.0014089979608543784
D_disc,qwen,par3_0159,0.0034458353400641916
D_disc,qwen,par3_0160,0.0026536065522795613
D_disc,qwen,par3_0161,0.0005178601889242643
D_disc,qwen,par3_0162,-0.003271789137529235
D_disc,qwen,par3_0163,0.027860113873161677
D_disc,qwen,par3_0164,0.01406144373724915
D_disc,qwen,par3_0166,-0.0036937707699121625
D_disc,qwen,par3_0167,8.026586647953747e-05
D_disc,qwen,par3_0168,-9.264018955734626e-06
D_disc,qwen,par3_0169,-0.005339087811505675
D_disc,qwen,par3_0171,0.004857471397163708
D_disc,qwen,par3_0172,-0.0006847897959220386
D_disc,qwen,par3_0174,-0.009305931615239259
D_disc,qwen,par3_0176,0.009581735270883502
D_disc,qwen,par3_0177,-0.027362359309824284
D_disc,qwen,par3_0178,0.022707782909436678
D_disc,qwen,par3_0179,-0.010523385658677581
D_disc,qwen,par3_0180,-0.03860780101098519
D_disc,qwen,par3_0181,-0.001127975073468149
D_disc,qwen,par3_0182,0.028967285734743855
D_disc,qwen,par3_0183,-0.002868906689354375
D_disc,qwen,par3_0184,-0.010776847941284645
D_disc,qwen,par3_0185,0.023112584011973542
D_disc,qwen,par3_0186,-0.010912537942969591
D_disc,qwen,par3_0187,0.005595095327687663
D_disc,qwen,par3_0188,-0.0009864220790695214
D_disc,qwen,par3_0189,-0.0017688039022382876
D_disc,qwen,par3_0191,-0.012145551595646675
D_disc,qwen,par3_0192,0.0013873798011597594
D_disc,qwen,par3_0193,0.02855857770137048
D_disc,qwen,par3_0194,0.0006819965991894256
D_disc,qwen,par3_0195,0.0001723500406761435
D_disc,qwen,par3_0197,0.004225072077631678
D_disc,qwen,par3_0198,-0.009794102657369687
D_disc,qwen,par3_0199,-0.018365345044583845
D_lex,gemma,par3_0000,-0.020390466210936726
D_lex,gemma,par3_0001,0.06826409276240009
D_lex,gemma,par3_0002,0.04012592547384408
D_lex,gemma,par3_0003,0.025721348095856317
D_lex,gemma,par3_0004,0.013642152310317105
D_lex,gemma,par3_0005,-0.020592333172124427
D_lex,gemma,par3_0006,-0.004304723236701058
D_lex,gemma,par3_0007,-0.011053951137628767
D_lex,gemma,par3_0008,-0.04548934767496341
D_lex,gemma,par3_0009,-0.0127399510468017
D_lex,gemma,par3_0010,-0.004949986785759641
D_lex,gemma,par3_0011,-0.026222885758413656
D_lex,gemma,par3_0012,-0.01319196217771712
D_lex,gemma,par3_0013,-0.011398624895555062
D_lex,gemma,par3_0014,0.01030425430274636
D_lex,gemma,par3_0015,0.0710240607178562
D_lex,gemma,par3_0016,0.012070279952427357
D_lex,gemma,par3_0017,0.04435295040546988
D_lex,gemma,par3_0018,-0.01652913692061993
D_lex,gemma,par3_0019,0.02054470785286148
D_lex,gemma,par3_0020,-0.06094465482866801
D_lex,gemma,par3_0021,0.16077751070736765
D_lex,gemma,par3_0022,-0.021199847116133503
D_lex,gemma,par3_0023,-0.01523968949872434
D_lex,gemma,par3_0024,0.15536241273328547
D_lex,gemma,par3_0025,-0.010399008680198532
D_lex,gemma,par3_0026,-0.026953136093923063
D_lex,gemma,par3_0027,-0.009843375426081954
D_lex,gemma,par3_0028,0.04631199066625643
D_lex,gemma,par3_0029,-0.005125743427702445
D_lex,gemma,par3_0030,0.022847296234852172
D_lex,gemma,par3_0031,-0.01419424642117136
D_lex,gemma,par3_0032,0.001983680894242279
D_lex,gemma,par3_0033,0.012883427162974822
D_lex,gemma,par3_0034,0.0011150964789268618
D_lex,gemma,par3_0035,-0.023001980484912272
D_lex,gemma,par3_0036,-0.04311382930652811
D_lex,gemma,par3_0037,0.0018238566543551753
D_lex,gemma,par3_0038,0.09097030059027912
D_lex,gemma,par3_0039,-0.008523480766332803
D_lex,gemma,par3_0040,-0.012699205624402946
D_lex,gemma,par3_0041,0.0003054844097271081
D_lex,gemma,par3_0042,-0.02470959806752404
D_lex,gemma,par3_0043,0.01244661360215634
D_lex,gemma,par3_0044,0.09130184921412392
D_lex,gemma,par3_0045,-0.013960916992340219
D_lex,gemma,par3_0046,-0.023274809300304827
D_lex,gemma,par3_0047,0.08134538600841491
D_lex,gemma,par3_0048,-0.012216566637104131
D_lex,gemma,par3_0049,-0.009587956344255355
D_lex,gemma,par3_0050,-0.0385296238094874
D_lex,gemma,par3_0051,0.017118669656132568
D_lex,gemma,par3_0052,-0.017477802823985516
D_lex,gemma,par3_0053,-0.020165936699955034
D_lex,gemma,par3_0054,-0.0224461390004768
D_lex,gemma,par3_0055,-0.021583865943712605
D_lex,gemma,par3_0056,-0.01168700288337047
D_lex,gemma,par3_0057,0.014885161340665753
D_lex,gemma,par3_0058,-0.030347067317903858
D_lex,gemma,par3_0059,0.01694337827039934
D_lex,gemma,par3_0060,-0.021804433737224477
D_lex,gemma,par3_0061,-0.025637157902481517
D_lex,gemma,par3_0062,-0.033250894802262766
D_lex,gemma,par3_0063,-0.035778605886910175
D_lex,gemma,par3_0064,0.0682885898144407
D_lex,gemma,par3_0065,0.00037540482695748906
D_lex,gemma,par3_0066,0.04903659165815596
D_lex,gemma,par3_0067,-0.0014214597285450898
D_lex,gemma,par3_0068,-0.04273106099259838
D_lex,gemma,par3_0069,-0.026941607161509912
D_lex,gemma,par3_0070,0.05278272854625724
D_lex,gemma,par3_0071,0.023465305184123892
D_lex,gemma,par3_0072,0.007047598422795713
D_lex,gemma,par3_0073,0.0009871958649574353
D_lex,gemma,par3_0074,-0.028883107320770856
D_lex,gemma,par3_0075,0.01478759423390493
D_lex,gemma,par3_0076,-0.03735275303542281
D_lex,gemma,par3_0077,-0.04191498659329331
D_lex,gemma,par3_0078,-0.03373536719981853
D_lex,gemma,par3_0079,0.07592097471795785
D_lex,gemma,par3_0080,-0.010485813844420785
D_lex,gemma,par3_0081,-0.03007145501128905
D_lex,gemma,par3_0082,0.029575250881681576
D_lex,gemma,par3_0083,-0.03562844436516958
D_lex,gemma,par3_0084,-0.023295919486247096
D_lex,gemma,par3_0085,0.025013361859021737
D_lex,gemma,par3_0086,-0.012057766198888134
D_lex,gemma,par3_0087,0.034739715781365844
D_lex,gemma,par3_0088,-0.04074659716842629
D_lex,gemma,par3_0089,-0.02851410108573878
D_lex,gemma,par3_0090,0.03559050091985102
D_lex,gemma,par3_0091,-0.03399336079264059
D_lex,gemma,par3_0092,-0.025271656657641788
D_lex,gemma,par3_0093,-0.006937593842801644
D_lex,gemma,par3_0094,0.024003294996362407
D_lex,gemma,par3_0095,0.005169925988151081
D_lex,gemma,par3_0096,0.08877807102493897
D_lex,gemma,par3_0097,-0.026992264200188687
D_lex,gemma,par3_0098,-0.03470558246983509
D_lex,gemma,par3_0100,0.03746877534204879
D_lex,gemma,par3_0101,-0.019609523414494328
D_lex,gemma,par3_0102,0.0660226097681766
D_lex,gemma,par3_0103,0.09667703966869264
D_lex,gemma,par3_0104,0.014470660298172233
D_lex,gemma,par3_0105,0.003160322449120345
D_lex,gemma,par3_0106,-0.042044940999730475
D_lex,gemma,par3_0107,-0.024044777707389702
D_lex,gemma,par3_0108,0.01426930699223918
D_lex,gemma,par3_0109,-0.036385768431452324
D_lex,gemma,par3_0110,0.01659984995904547
D_lex,gemma,par3_0111,-0.021184452476440074
D_lex,gemma,par3_0112,-0.0154597942773681
D_lex,gemma,par3_0113,-0.017444069573983183
D_lex,gemma,par3_0114,0.10937919752036207
D_lex,gemma,par3_0115,-0.026521223372340235
D_lex,gemma,par3_0116,0.004365453511315158
D_lex,gemma,par3_0117,-0.021258504048898657
D_lex,gemma,par3_0118,-0.008543096530120494
D_lex,gemma,par3_0119,-0.04165309815254616
D_lex,gemma,par3_0120,-0.04513491395536643
D_lex,gemma,par3_0121,0.06820461300849934
D_lex,gemma,par3_0122,-0.04657563377235452
D_lex,gemma,par3_0123,0.0008813485871487595
D_lex,gemma,par3_0124,-0.032020946659995254
D_lex,gemma,par3_0125,0.0016067045898430592
D_lex,gemma,par3_0126,0.0515484796376439
D_lex,gemma,par3_0127,-0.003464987431561465
D_lex,gemma,par3_0128,-0.049445582828005596
D_lex,gemma,par3_0129,0.082982673820104
D_lex,gemma,par3_0130,-0.022665295973195148
D_lex,gemma,par3_0131,0.09151920235421647
D_lex,gemma,par3_0132,0.044474482388327484
D_lex,gemma,par3_0133,0.005765931806163656
D_lex,gemma,par3_0134,-0.027272852425656396
D_lex,gemma,par3_0135,-0.018066286924803627
D_lex,gemma,par3_0136,-0.038562534034820274
D_lex,gemma,par3_0137,0.02495848381284571
D_lex,gemma,par3_0138,0.006281905360410141
D_lex,gemma,par3_0139,-0.006468373591115591
D_lex,gemma,par3_0140,0.004034839361490368
D_lex,gemma,par3_0141,-0.02784260847541738
D_lex,gemma,par3_0142,-0.016449393169638005
D_lex,gemma,par3_0143,0.005335615554204957
D_lex,gemma,par3_0144,0.013395112298083137
D_lex,gemma,par3_0145,0.023820703783873576
D_lex,gemma,par3_0146,-0.022590816479404235
D_lex,gemma,par3_0147,-0.02691105074782781
D_lex,gemma,par3_0148,0.1195429995055874
D_lex,gemma,par3_0149,-0.03165929881126436
D_lex,gemma,par3_0150,0.0034558061946834417
D_lex,gemma,par3_0151,0.01609829414358625
D_lex,gemma,par3_0152,-0.04430142106661722
D_lex,gemma,par3_0153,-0.032944083811973744
D_lex,gemma,par3_0154,-0.027808190138073563
D_lex,gemma,par3_0155,0.0584864776744366
D_lex,gemma,par3_0156,-0.04211250048099435
D_lex,gemma,par3_0157,-0.012932924807313562
D_lex,gemma,par3_0158,-0.027288709842651488
D_lex,gemma,par3_0159,0.13058945778849587
D_lex,gemma,par3_0160,0.07502794015614739
D_lex,gemma,par3_0161,0.06418876435044173
D_lex,gemma,par3_0162,-0.03522303744725064
D_lex,gemma,par3_0163,-0.009569991317320429
D_lex,gemma,par3_0164,-0.06241814500817542
D_lex,gemma,par3_0167,0.07872479406303597
D_lex,gemma,par3_0168,-0.020670676703447872
D_lex,gemma,par3_0169,-0.036289451913656956
D_lex,gemma,par3_0170,-0.03223600876371576
D_lex,gemma,par3_0171,0.01866878655993276
D_lex,gemma,par3_0172,-0.03829485180936798
D_lex,gemma,par3_0173,0.02993356150457534
D_lex,gemma,par3_0174,-0.03656901673408027
D_lex,gemma,par3_0175,0.023390418606701657
D_lex,gemma,par3_0176,0.06607128671736684
D_lex,gemma,par3_0177,-0.053811998982244535
D_lex,gemma,par3_0178,0.05612197960666324
D_lex,gemma,par3_0179,-0.033576997614614
D_lex,gemma,par3_0180,-0.000902519849131996
D_lex,gemma,par3_0181,-0.024715819255319477
D_lex,gemma,par3_0182,-0.04759942717768147
D_lex,gemma,par3_0183,-0.0021564907864365566
D_lex,gemma,par3_0184,-0.00908933466560872
D_lex,gemma,par3_0185,-0.006638606473168089
D_lex,gemma,par3_0186,-0.04180262673064117
D_lex,gemma,par3_0187,-0.013045620796578413
D_lex,gemma,par3_0188,-0.03978384694821983
D_lex,gemma,par3_0189,-0.0542455925632539
D_lex,gemma,par3_0190,-0.011225778189348334
D_lex,gemma,par3_0191,-0.018388835475445526
D_lex,gemma,par3_0192,-0.02090111379439602
D_lex,gemma,par3_0193,-0.007937964042147453
D_lex,gemma,par3_0194,-0.00039016881643066936
D_lex,gemma,par3_0195,0.01627573718521369
D_lex,gemma,par3_0197,-0.06888052775996541
D_lex,gemma,par3_0198,-0.025065344106514176
D_lex,gemma,par3_0199,-0.007751777274050742
D_lex,llama,par3_0000,0.02154117718972015
D_lex,llama,par3_0001,0.0828125268319309
D_lex,llama,par3_0002,0.04914752700235525
D_lex,llama,par3_0003,0.027203500823110738
D_lex,llama,par3_0004,0.03940058300235916
D_lex,llama,par3_0005,-0.016996021427487906
D_lex,llama,par3_0006,0.006467625136581427
D_lex,llama,par3_0007,0.00523158036740103
D_lex,llama,par3_0008,-0.04142194150608708
D_lex,llama,par3_0009,-0.006247089381427669
D_lex,llama,par3_0010,0.013992539539171086
D_lex,llama,par3_0011,-0.002838322056305594
D_lex,llama,par3_0012,0.023033308391798252
D_lex,llama,par3_0013,0.02260463216784277
D_lex,llama,par3_0014,0.02358631952188343
D_lex,llama,par3_0015,0.07888424826518753
D_lex,llama,par3_0016,0.013013280789983503
D_lex,llama,par3_0017,0.04671923767183959
D_lex,llama,par3_0018,0.010542446032265432
D_lex,llama,par3_0019,0.033581114458754814
D_lex,llama,par3_0020,-0.034179360452448904
D_lex,llama,par3_0021,0.15323725720034578
D_lex,llama,par3_0022,-0.020875571754930673
D_lex,llama,par3_0023,-0.008969703038675761
D_lex,llama,par3_0024,0.18918625086233942
D_lex,llama,par3_0025,0.002446570128454987
D_lex,llama,par3_0026,0.02395958502858216
D_lex,llama,par3_0027,-0.005870061381915999
D_lex,llama,par3_0028,0.07282641629627813
D_lex,llama,par3_0029,0.0033103839775161146
D_lex,llama,par3_0030,0.05540204701338943
D_lex,llama,par3_0031,-0.00791660625866436
D_lex,llama,par3_0032,0.0006649896897628812
D_lex,llama,par3_0033,0.005185354783693604
D_lex,llama,par3_0034,0.04098986271139641
D_lex,llama,par3_0035,0.010411124606112857
D_lex,llama,par3_0036,-0.042615378829871764
D_lex,llama,par3_0037,0.029882116904217788
D_lex,llama,par3_0038,0.08664493013883821
D_lex,llama,par3_0039,0.01414709102660546
D_lex,llama,par3_0040,-0.0026398774576977813
D_lex,llama,par3_0041,0.007253252955340146
D_lex,llama,par3_0042,0.008289717926592721
D_lex,llama,par3_0043,0.025222857380930625
D_lex,llama,par3_0044,0.10120105774234335
D_lex,llama,par3_0045,0.0090244041864469
D_lex,llama,par3_0046,-0.01598218708321934
D_lex,llama,par3_0047,0.10654458331809552
D_lex,llama,par3_0048,0.005434203046708534
D_lex,llama,par3_0049,-0.0064975749291702285
D_lex,llama,par3_0050,-0.02092624276934048
D_lex,llama,par3_0051,0.022588269160350893
D_lex,llama,par3_0052,0.009850114178705849
D_lex,llama,par3_0053,0.01146279856839664
D_lex,llama,par3_0054,-0.01571238128845513
D_lex,llama,par3_0055,-0.027364574995388063
D_lex,llama,par3_0056,0.008796526711420874
D_lex,llama,par3_0057,0.03839012319245331
D_lex,llama,par3_0058,-0.03340009939038472
D_lex,llama,par3_0059,0.04478661010282118
D_lex,llama,par3_0060,-0.02497558067418189
D_lex,llama,par3_0061,-0.0019949095421846566
D_lex,llama,par3_0062,-0.02676845563893319
D_lex,llama,par3_0063,-0.032646481573654386
D_lex,llama,par3_0064,0.0843367570321738
D_lex,llama,par3_0065,0.015575294900582145
D_lex,llama,par3_0066,0.06307922829091443
D_lex,llama,par3_0067,-0.006483358245235789
D_lex,llama,par3_0068,-0.03432010260635473
D_lex,llama,par3_0069,-0.014749950416302596
D_lex,llama,par3_0070,0.11931036337891025
D_lex,llama,par3_0071,0.04371519983245442
D_lex,llama,par3_0072,0.02628948346584048
D_lex,llama,par3_0073,0.025560171179691376
D_lex,llama,par3_0074,-0.01420753376966466
D_lex,llama,par3_0075,0.029225512643644813
D_lex,llama,par3_0076,0.02416114689006325
D_lex,llama,par3_0077,-0.014942451847308228
D_lex,llama,par3_0078,-0.0038075033443387696
D_lex,llama,par3_0079,0.08367077656196624
D_lex,llama,par3_0080,-0.022557793940021813
D_lex,llama,par3_0081,-0.018987761868376734
D_lex,llama,par3_0082,0.04096033002530627
D_lex,llama,par3_0083,-0.028304016593298176
D_lex,llama,par3_0084,-0.03558131158226959
D_lex,llama,par3_0085,0.04642869360889346
D_lex,llama,par3_0086,0.02779061305961879
D_lex,llama,par3_0087,0.049952234483625846
D_lex,llama,par3_0088,-0.024592768180136042
D_lex,llama,par3_0089,-0.030630826377102866
D_lex,llama,par3_0090,0.0376147723327955
D_lex,llama,par3_0091,-0.020774826051473183
D_lex,llama,par3_0092,-0.028414938339042368
D_lex,llama,par3_0093,0.027406143597176375
D_lex,llama,par3_0094,0.030392254169738526
D_lex,llama,par3_0095,0.010700768928263124
D_lex,llama,par3_0096,0.0865452654200435
D_lex,llama,par3_0097,-0.03036378631129553
D_lex,llama,par3_0098,0.01086893089900102
D_lex,llama,par3_0099,-0.01861175854939375
D_lex,llama,par3_0100,0.05423811738427601
D_lex,llama,par3_0101,0.011285986068180912
D_lex,llama,par3_0102,0.07406246674305245
D_lex,llama,par3_0103,0.09586127299044511
D_lex,llama,par3_0104,0.028801243428058936
D_lex,llama,par3_0105,0.006220431226135248
D_lex,llama,par3_0106,-0.02543494688720031
D_lex,llama,par3_0107,-0.010801198539786894
D_lex,llama,par3_0108,0.028199600819425113
D_lex,llama,par3_0109,-0.021528509068039974
D_lex,llama,par3_0110,0.034773807244884235
D_lex,llama,par3_0111,-0.004759037867787456
D_lex,llama,par3_0112,0.03012731308145337
D_lex,llama,par3_0113,0.036680235900953706
D_lex,llama,par3_0114,0.12707509820040272
D_lex,llama,par3_0115,-0.014850779040996335
D_lex,llama,par3_0116,-0.0023048883187180014
D_lex,llama,par3_0117,-0.022422489082358815
D_lex,llama,par3_0118,0.01868317321620842
D_lex,llama,par3_0119,-0.004595012460967884
D_lex,llama,par3_0120,-0.004605689813989677
D_lex,llama,par3_0121,0.09167013620980212
D_lex,llama,par3_0122,-0.015850472435877155
D_lex,llama,par3_0123,0.010660168009596979
D_lex,llama,par3_0124,-0.001907250647812701
D_lex,llama,par3_0125,0.010404537784539683
D_lex,llama,par3_0126,0.09323748372102691
D_lex,llama,par3_0127,0.013331339884366892
D_lex,llama,par3_0128,-0.011613088326032065
D_lex,llama,par3_0129,0.09091913534940267
D_lex,llama,par3_0130,-0.0033361868326010256
D_lex,llama,par3_0131,0.083166256962602
D_lex,llama,par3_0132,0.08066719352191751
D_lex,llama,par3_0133,0.03251359406150064
D_lex,llama,par3_0134,-0.013961249576932677
D_lex,llama,par3_0135,0.002738334514086338
D_lex,llama,par3_0136,-0.03492811666414741
D_lex,llama,par3_0137,0.025368413784609984
D_lex,llama,par3_0138,0.011499597801901426
D_lex,llama,par3_0139,-0.0017214933557636591
D_lex,llama,par3_0140,0.03350755504710664
D_lex,llama,par3_0141,-0.016338733535592825
D_lex,llama,par3_0142,0.01326729326327536
D_lex,llama,par3_0143,-0.008544256238821194
D_lex,llama,par3_0144,0.029871289707093702
D_lex,llama,par3_0145,0.014815347879207555
D_lex,llama,par3_0146,-0.003279755773994012
D_lex,llama,par3_0147,-0.039529158323118395
D_lex,llama,par3_0148,0.15602757663882114
D_lex,llama,par3_0149,-0.008550975257359891
D_lex,llama,par3_0150,0.042775085663613356
D_lex,llama,par3_0151,0.016745931615330705
D_lex,llama,par3_0152,-0.026610750795211784
D_lex,llama,par3_0153,-0.024577606799908763
D_lex,llama,par3_0154,-0.011654510151344036
D_lex,llama,par3_0155,0.07215545267031624
D_lex,llama,par3_0156,-0.016461026225673026
D_lex,llama,par3_0157,-0.008830408999196885
D_lex,llama,par3_0158,-0.020631961654461684
D_lex,llama,par3_0159,0.19113939189814158
D_lex,llama,par3_0160,0.08904881940698006
D_lex,llama,par3_0161,0.09385008120894052
D_lex,llama,par3_0162,-0.0127314687075362
D_lex,llama,par3_0163,0.004891884593208218
D_lex,llama,par3_0164,-0.046812025893879394
D_lex,llama,par3_0165,-0.04289107412988965
D_lex,llama,par3_0166,-0.018172644011264855
D_lex,llama,par3_0167,0.07768993681782421
D_lex,llama,par3_0168,-0.005426334970706492
D_lex,llama,par3_0169,-0.019383046376633573
D_lex,llama,par3_0170,-0.035147310571012134
D_lex,llama,par3_0171,0.0277353207198426
D_lex,llama,par3_0172,-0.010156645413546883
D_lex,llama,par3_0173,0.045589866894811704
D_lex,llama,par3_0174,-0.021035361414509107
D_lex,llama,par3_0175,0.025949604647164153
D_lex,llama,par3_0176,0.06311872332602653
D_lex,llama,par3_0177,-0.012939150509845917
D_lex,llama,par3_0178,0.059254577423056655
D_lex,llama,par3_0179,-0.01627533507620349
D_lex,llama,par3_0180,0.027752507104001938
D_lex,llama,par3_0181,-0.01237615391659197
D_lex,llama,par3_0182,-0.012592440953791972
D_lex,llama,par3_0183,0.006118865337146728
D_lex,llama,par3_0184,0.005135499126574313
D_lex,llama,par3_0185,0.06180740230520817
D_lex,llama,par3_0186,-0.021246993927640474
D_lex,llama,par3_0187,0.022698843552376762
D_lex,llama,par3_0188,0.00031676339792015745
D_lex,llama,par3_0189,-0.03327665595632423
D_lex,llama,par3_0190,-0.020011845009703582
D_lex,llama,par3_0191,-0.01740941453878042
D_lex,llama,par3_0192,-0.003919947049741672
D_lex,llama,par3_0193,-0.016226230835364636
D_lex,llama,par3_0194,0.024733653043876296
D_lex,llama,par3_0195,0.03373744999753692
D_lex,llama,par3_0196,0.030169860088890128
D_lex,llama,par3_0197,-0.03269095186998294
D_lex,llama,par3_0198,-0.013687579978402717
D_lex,llama,par3_0199,-0.009442292294561358
D_lex,mistral,par3_0000,0.036624432657498186
D_lex,mistral,par3_0001,0.1147281176912875
D_lex,mistral,par3_0002,0.07567145692048549
D_lex,mistral,par3_0003,0.09294175589939861
D_lex,mistral,par3_0004,0.07586416476348701
D_lex,mistral,par3_0005,-0.01436065854343053
D_lex,mistral,par3_0006,-0.0016815116508077284
D_lex,mistral,par3_0007,0.01825285700410752
D_lex,mistral,par3_0008,-0.02076814987374707
D_lex,mistral,par3_0009,0.001346015131229265
D_lex,mistral,par3_0010,0.022818442889027124
D_lex,mistral,par3_0011,-0.011715422294918879
D_lex,mistral,par3_0012,0.02699164518847082
D_lex,mistral,par3_0013,0.02098487878531526
D_lex,mistral,par3_0014,0.032958160605502905
D_lex,mistral,par3_0015,0.08588958156523006
D_lex,mistral,par3_0016,0.04505640920354229
D_lex,mistral,par3_0017,0.07546443435676227
D_lex,mistral,par3_0018,0.002613928399167039
D_lex,mistral,par3_0019,0.04993634892730148
D_lex,mistral,par3_0020,-0.026201608632999012
D_lex,mistral,par3_0021,0.12459143833427962
D_lex,mistral,par3_0022,-0.017087782375677613
D_lex,mistral,par3_0023,0.0022047436437389045
D_lex,mistral,par3_0024,0.23506927303510583
D_lex,mistral,par3_0025,0.00857937562121299
D_lex,mistral,par3_0026,0.004340479273464037
D_lex,mistral,par3_0027,-0.004711342218836252
D_lex,mistral,par3_0028,0.09793105553879712
D_lex,mistral,par3_0029,-0.005943039883444541
D_lex,mistral,par3_0030,0.049191490911309456
D_lex,mistral,par3_0031,3.6415711806755034e-05
D_lex,mistral,par3_0032,0.022723528984594548
D_lex,mistral,par3_0033,0.016248915582871077
D_lex,mistral,par3_0034,0.007394175569016541
D_lex,mistral,par3_0035,0.008813495791304674
D_lex,mistral,par3_0036,-0.026766043196946903
D_lex,mistral,par3_0037,0.05038101325886505
D_lex,mistral,par3_0038,0.12676005180607408
D_lex,mistral,par3_0039,0.02830090438289956
D_lex,mistral,par3_0040,0.020259989868845512
D_lex,mistral,par3_0041,0.031342439671355526
D_lex,mistral,par3_0042,-0.018320559678804194
D_lex,mistral,par3_0043,0.033586630266720964
D_lex,mistral,par3_0044,0.11725801394529557
D_lex,mistral,par3_0045,0.019814921160808668
D_lex,mistral,par3_0046,-0.014988866170257298
D_lex,mistral,par3_0047,0.10798365959740042
D_lex,mistral,par3_0048,0.009614818018947924
D_lex,mistral,par3_0049,-0.0015598222364007024
D_lex,mistral,par3_0050,-0.01800626690851907
D_lex,mistral,par3_0051,0.03629873510371828
D_lex,mistral,par3_0052,0.0076002076127852
D_lex,mistral,par3_0053,0.015986003010637056
D_lex,mistral,par3_0054,-0.017183644053243647
D_lex,mistral,par3_0055,-0.002743181810850389
D_lex,mistral,par3_0056,0.007484539288944399
D_lex,mistral,par3_0057,0.018239321723932795
D_lex,mistral,par3_0058,-0.00800129919294453
D_lex,mistral,par3_0059,0.005799145603839613
D_lex,mistral,par3_0060,-0.008604273050405545
D_lex,mistral,par3_0061,0.00962741155156884
D_lex,mistral,par3_0062,-0.004269129503254643
D_lex,mistral,par3_0063,-0.015886044140308624
D_lex,mistral,par3_0064,0.08581885607708013
D_lex,mistral,par3_0065,0.046364755293172744
D_lex,mistral,par3_0066,0.053563596226175826
D_lex,mistral,par3_0067,0.00558303067184059
D_lex,mistral,par3_0068,-0.041003349569534144
D_lex,mistral,par3_0069,-0.01848711329963189
D_lex,mistral,par3_0070,0.09125877193197562
D_lex,mistral,par3_0071,0.02988616409933964
D_lex,mistral,par3_0072,0.03023496996255994
D_lex,mistral,par3_0073,0.03668152829161816
D_lex,mistral,par3_0074,0.01977440870375195
D_lex,mistral,par3_0075,0.03854375124578872
D_lex,mistral,par3_0076,-0.018062907752418922
D_lex,mistral,par3_0077,-0.016003543601440073
D_lex,mistral,par3_0078,0.008934947052307704
D_lex,mistral,par3_0079,0.08695176488886651
D_lex,mistral,par3_0080,-0.01235014132469416
D_lex,mistral,par3_0081,-0.039057931189815896
D_lex,mistral,par3_0082,0.060861533665696466
D_lex,mistral,par3_0083,-0.025777707076433676
D_lex,mistral,par3_0084,-0.014148196447422082
D_lex,mistral,par3_0085,0.056441395249870206
D_lex,mistral,par3_0086,0.009127084515072012
D_lex,mistral,par3_0087,0.05186332442723507
D_lex,mistral,par3_0088,0.013367939451768915
D_lex,mistral,par3_0089,-0.016250849179602105
D_lex,mistral,par3_0090,0.03723765464508999
D_lex,mistral,par3_0091,-0.012607105843913927
D_lex,mistral,par3_0092,-0.02368146107881482
D_lex,mistral,par3_0093,0.03550828631634025
D_lex,mistral,par3_0094,0.04824305854712124
D_lex,mistral,par3_0095,0.03625191605153786
D_lex,mistral,par3_0096,0.10233344852631764
D_lex,mistral,par3_0097,-0.0316818571813138
D_lex,mistral,par3_0098,-0.0038379377580689913
D_lex,mistral,par3_0099,-0.03021911635124926
D_lex,mistral,par3_0100,0.05761653818165204
D_lex,mistral,par3_0101,-0.0002853322202588382
D_lex,mistral,par3_0102,0.09211463154214683
D_lex,mistral,par3_0103,0.16878411160053539
D_lex,mistral,par3_0104,0.08025275897250099
D_lex,mistral,par3_0105,0.003205521435838928
D_lex,mistral,par3_0106,-0.03690757006303728
D_lex,mistral,par3_0107,0.0034302419616411006
D_lex,mistral,par3_0108,0.02435416952353701
D_lex,mistral,par3_0109,-0.0063249122645716955
D_lex,mistral,par3_0110,0.03736714106756208
D_lex,mistral,par3_0111,0.0026599011421958676
D_lex,mistral,par3_0112,0.027275679506235256
D_lex,mistral,par3_0113,0.01652791084958945
D_lex,mistral,par3_0114,0.12176960442672187
D_lex,mistral,par3_0115,0.006623912746093604
D_lex,mistral,par3_0116,0.03886710022596044
D_lex,mistral,par3_0117,0.00989828624098991
D_lex,mistral,par3_0118,0.031603853925250336
D_lex,mistral,par3_0119,-0.0043387163682949885
D_lex,mistral,par3_0120,-0.02844814986430137
D_lex,mistral,par3_0121,0.10593381587464396
D_lex,mistral,par3_0122,-0.005689257136829958
D_lex,mistral,par3_0123,0.029532711585926075
D_lex,mistral,par3_0124,0.0027127007485651853
D_lex,mistral,par3_0125,0.007915177887674374
D_lex,mistral,par3_0126,0.06944608954258262
D_lex,mistral,par3_0127,0.02851664231736221
D_lex,mistral,par3_0128,-0.014161435491004645
D_lex,mistral,par3_0129,0.10903088780667507
D_lex,mistral,par3_0130,-0.022107768738892048
D_lex,mistral,par3_0131,0.12365628740592575
D_lex,mistral,par3_0132,0.09763135447733477
D_lex,mistral,par3_0133,0.03276425103316535
D_lex,mistral,par3_0134,-0.016341189864597167
D_lex,mistral,par3_0135,-0.006630257333673099
D_lex,mistral,par3_0136,-0.02893003694209321
D_lex,mistral,par3_0137,0.03528911478409815
D_lex,mistral,par3_0138,0.042707493405670816
D_lex,mistral,par3_0139,0.02222782036808557
D_lex,mistral,par3_0140,0.023601186798324236
D_lex,mistral,par3_0141,-0.003032638605996526
D_lex,mistral,par3_0142,0.029123498953040488
D_lex,mistral,par3_0143,0.03553898603515778
D_lex,mistral,par3_0144,0.06083421138494708
D_lex,mistral,par3_0145,0.03096668628141099
D_lex,mistral,par3_0146,-0.017376693481477485
D_lex,mistral,par3_0147,-0.03139545253052637
D_lex,mistral,par3_0148,0.13273170128619338
D_lex,mistral,par3_0149,-0.0039085833528759535
D_lex,mistral,par3_0150,0.04899162120689763
D_lex,mistral,par3_0151,0.026472003017323647
D_lex,mistral,par3_0152,-0.03242380859886468
D_lex,mistral,par3_0153,-0.006544862546556174
D_lex,mistral,par3_0154,0.0023922640529554506
D_lex,mistral,par3_0155,0.08348493479978238
D_lex,mistral,par3_0156,-0.0045374353775323355
D_lex,mistral,par3_0157,-0.008377846182595775
D_lex,mistral,par3_0158,-0.007365819471826278
D_lex,mistral,par3_0159,0.21875223283862102
D_lex,mistral,par3_0160,0.09204938174532783
D_lex,mistral,par3_0161,0.09725590850083209
D_lex,mistral,par3_0162,-0.00869512639413809
D_lex,mistral,par3_0163,-0.006283891198718972
D_lex,mistral,par3_0164,-0.03541242970573751
D_lex,mistral,par3_0165,-0.030293789202810412
D_lex,mistral,par3_0166,-0.01572959382096417
D_lex,mistral,par3_0167,0.1212769573026793
D_lex,mistral,par3_0168,0.026583346980173284
D_lex,mistral,par3_0169,-0.02132395515980075
D_lex,mistral,par3_0170,-0.04788149445181108
D_lex,mistral,par3_0171,0.039502741952917954
D_lex,mistral,par3_0172,-0.009936310515994232
D_lex,mistral,par3_0173,0.06095815252219002
D_lex,mistral,par3_0174,-0.028713583729613135
D_lex,mistral,par3_0175,0.033052303025243125
D_lex,mistral,par3_0176,0.08111378505094279
D_lex,mistral,par3_0177,0.01632479038872318
D_lex,mistral,par3_0178,0.09081729862231153
D_lex,mistral,par3_0179,0.007619175151918789
D_lex,mistral,par3_0180,0.04149986110615219
D_lex,mistral,par3_0181,-0.010684452551181703
D_lex,mistral,par3_0182,-0.023013053601646887
D_lex,mistral,par3_0183,0.013706244173731045
D_lex,mistral,par3_0184,0.02074782880888787
D_lex,mistral,par3_0185,0.05747507369517616
D_lex,mistral,par3_0186,-0.017510121727025225
D_lex,mistral,par3_0187,0.04177588895421169
D_lex,mistral,par3_0188,-0.025579032823098962
D_lex,mistral,par3_0189,-0.010487677790005848
D_lex,mistral,par3_0190,0.0075797176107536
D_lex,mistral,par3_0191,-0.0002427752872298239
D_lex,mistral,par3_0192,0.003484541107942681
D_lex,mistral,par3_0193,-0.0016870317060996287
D_lex,mistral,par3_0194,0.029927502631767727
D_lex,mistral,par3_0195,0.028565220673796927
D_lex,mistral,par3_0196,0.05743967123036694
D_lex,mistral,par3_0197,-0.012190130598308794
D_lex,mistral,par3_0198,-0.0038389183766879644
D_lex,mistral,par3_0199,0.010409497914439644
D_lex,qwen,par3_0000,0.0013983516622023313
D_lex,qwen,par3_0001,0.10099029533305738
D_lex,qwen,par3_0002,0.04000923756209022
D_lex,qwen,par3_0003,0.004583601018612253
D_lex,qwen,par3_0004,0.016451969251566223
D_lex,qwen,par3_0006,-0.0274144120486521
D_lex,qwen,par3_0007,0.016104637747878108
D_lex,qwen,par3_0008,-0.052623946783004305
D_lex,qwen,par3_0009,0.00033473517297385086
D_lex,qwen,par3_0010,0.023667978361053315
D_lex,qwen,par3_0011,-0.013130615418146344
D_lex,qwen,par3_0012,-0.008483856044196991
D_lex,qwen,par3_0013,-0.016732785082029616
D_lex,qwen,par3_0014,0.020382937031051984
D_lex,qwen,par3_0015,0.10018387989373588
D_lex,qwen,par3_0016,0.011598126893143249
D_lex,qwen,par3_0017,0.06979634328313995
D_lex,qwen,par3_0018,-0.033364379955290846
D_lex,qwen,par3_0020,-0.04300696337653467
D_lex,qwen,par3_0021,0.1391075523978893
D_lex,qwen,par3_0022,-0.04058195032468256
D_lex,qwen,par3_0023,0.0188771515998174
D_lex,qwen,par3_0024,0.20353409441988538
D_lex,qwen,par3_0025,0.01598600317314262
D_lex,qwen,par3_0026,-0.02374115331216427
D_lex,qwen,par3_0027,-0.005489277727133757
D_lex,qwen,par3_0028,0.061815733974315466
D_lex,qwen,par3_0029,-0.005979660977095717
D_lex,qwen,par3_0030,0.02513428428855106
D_lex,qwen,par3_0031,-0.0035416762110045776
D_lex,qwen,par3_0032,0.0009969035295426625
D_lex,qwen,par3_0033,0.025001335270598297
D_lex,qwen,par3_0034,0.011393964211830624
D_lex,qwen,par3_0035,0.02115345237021271
D_lex,qwen,par3_0036,-0.04651953927006006
D_lex,qwen,par3_0037,0.02747925757787299
D_lex,qwen,par3_0038,0.09600856146162279
D_lex,qwen,par3_0039,0.02792177183234279
D_lex,qwen,par3_0040,0.008646554438089779
D_lex,qwen,par3_0041,0.05778633486535304
D_lex,qwen,par3_0042,-0.00558371438203481
D_lex,qwen,par3_0043,0.05982048384737911
D_lex,qwen,par3_0044,0.11731570123877129
D_lex,qwen,par3_0045,0.0012412731188618704
D_lex,qwen,par3_0047,0.10837167186932047
D_lex,qwen,par3_0048,0.009067878263761172
D_lex,qwen,par3_0049,-0.032779457582296244
D_lex,qwen,par3_0050,-0.02849302586902421
D_lex,qwen,par3_0051,0.0173344557273097
D_lex,qwen,par3_0052,-0.011224514660590637
D_lex,qwen,par3_0053,-0.0018874041744811887
D_lex,qwen,par3_0054,-0.01590313488236576
D_lex,qwen,par3_0055,-0.028916924176499048
D_lex,qwen,par3_0056,-0.013151190995765042
D_lex,qwen,par3_0057,0.03828957469251156
D_lex,qwen,par3_0058,-0.03283056259969963
D_lex,qwen,par3_0059,0.015909228166202882
D_lex,qwen,par3_0060,-0.02725786110713944
D_lex,qwen,par3_0061,-0.013858871516296353
D_lex,qwen,par3_0062,-0.02415510017142782
D_lex,qwen,par3_0063,-0.04333244064055094
D_lex,qwen,par3_0064,0.06223663746960791
D_lex,qwen,par3_0065,0.0016380290330347453
D_lex,qwen,par3_0066,0.03580954202364798
D_lex,qwen,par3_0067,-0.009586571441670336
D_lex,qwen,par3_0068,-0.017669586739260112
D_lex,qwen,par3_0069,-0.02263309228303904
D_lex,qwen,par3_0070,0.02805504257244736
D_lex,qwen,par3_0071,0.04025748062721094
D_lex,qwen,par3_0072,0.008046282696897167
D_lex,qwen,par3_0073,0.03030378067226421
D_lex,qwen,par3_0074,-0.009482882593549976
D_lex,qwen,par3_0075,0.009591644889791676
D_lex,qwen,par3_0076,-0.019146217641369184
D_lex,qwen,par3_0077,-0.004529135115238965
D_lex,qwen,par3_0078,0.0003104703949112775
D_lex,qwen,par3_0079,0.09721130287975412
D_lex,qwen,par3_0080,-0.02593626697035036
D_lex,qwen,par3_0081,-0.022012199300242192
D_lex,qwen,par3_0082,0.045210931643111164
D_lex,qwen,par3_0083,-0.02960204066245768
D_lex,qwen,par3_0085,0.04673031365699846
D_lex,qwen,par3_0086,0.00490684542969259
D_lex,qwen,par3_0087,0.058558312879875306
D_lex,qwen,par3_0088,-0.027402450048596316
D_lex,qwen,par3_0089,-0.030970987276731015
D_lex,qwen,par3_0090,0.028426041298008853
D_lex,qwen,par3_0091,-0.023212750237130764
D_lex,qwen,par3_0092,-0.04968235042756105
D_lex,qwen,par3_0093,0.031818481167887915
D_lex,qwen,par3_0095,0.015570485926477326
D_lex,qwen,par3_0096,0.11137264698156009
D_lex,qwen,par3_0097,-0.021218866535976582
D_lex,qwen,par3_0098,-0.0027173118476935634
D_lex,qwen,par3_0099,-0.02470207111676792
D_lex,qwen,par3_0100,0.06733720582494661
D_lex,qwen,par3_0102,0.07462124976312519
D_lex,qwen,par3_0103,0.11353272578204134
D_lex,qwen,par3_0104,0.025121442278638217
D_lex,qwen,par3_0106,-0.04673628075950994
D_lex,qwen,par3_0108,0.008454265704667932
D_lex,qwen,par3_0109,-0.02328711231462673
D_lex,qwen,par3_0110,0.020219213410384
D_lex,qwen,par3_0111,-0.0121546593785673
D_lex,qwen,par3_0112,-0.021093191291336282
D_lex,qwen,par3_0113,-0.01658882693342482
D_lex,qwen,par3_0114,0.1179855524031062
D_lex,qwen,par3_0115,0.005583405605089113
D_lex,qwen,par3_0116,0.007605324020220923
D_lex,qwen,par3_0117,0.012221620828502644
D_lex,qwen,par3_0118,-0.005805010874031032
D_lex,qwen,par3_0119,-0.012728746302838581
D_lex,qwen,par3_0120,-0.05190262635288101
D_lex,qwen,par3_0121,0.10222252911165364
D_lex,qwen,par3_0122,-0.029545422863830068
D_lex,qwen,par3_0123,-0.008060702242988826
D_lex,qwen,par3_0124,-0.007628138978538331
D_lex,qwen,par3_0126,0.06442818861388917
D_lex,qwen,par3_0127,0.0033776674157720934
D_lex,qwen,par3_0128,-0.025513335465255988
D_lex,qwen,par3_0129,0.11292487532075167
D_lex,qwen,par3_0130,-0.012895704938716354
D_lex,qwen,par3_0131,0.08600535243754089
D_lex,qwen,par3_0132,0.09678487215679146
D_lex,qwen,par3_0133,0.009452477627510373
D_lex,qwen,par3_0135,0.0041954641645972806
D_lex,qwen,par3_0136,-0.060383557493202754
D_lex,qwen,par3_0137,0.0051175423556732436
D_lex,qwen,par3_0138,0.008445743801318092
D_lex,qwen,par3_0139,0.0064303321509746976
D_lex,qwen,par3_0140,0.026545690627976886
D_lex,qwen,par3_0141,-0.026605241074102188
D_lex,qwen,par3_0142,0.01196315962023431
D_lex,qwen,par3_0143,0.02262873122929565
D_lex,qwen,par3_0144,0.032946043767903554
D_lex,qwen,par3_0145,0.004538215845210747
D_lex,qwen,par3_0146,-0.01576900233627158
D_lex,qwen,par3_0147,-0.032949824726572784
D_lex,qwen,par3_0148,0.13868657550001554
D_lex,qwen,par3_0149,-0.023159900508217184
D_lex,qwen,par3_0150,0.04063686502352881
D_lex,qwen,par3_0154,-0.003938027390618715
D_lex,qwen,par3_0155,0.08016579005805667
D_lex,qwen,par3_0156,-0.005820339038974757
D_lex,qwen,par3_0157,-0.00777520139643284
D_lex,qwen,par3_0159,0.1690765630673039
D_lex,qwen,par3_0160,0.09706036182001608
D_lex,qwen,par3_0161,0.08342986277164065
D_lex,qwen,par3_0162,-0.016062624617360004
D_lex,qwen,par3_0163,-0.001050015408888716
D_lex,qwen,par3_0164,-0.03573399248893302
D_lex,qwen,par3_0166,-0.01247393931001047
D_lex,qwen,par3_0167,0.0918731106682133
D_lex,qwen,par3_0168,0.006012031658933714
D_lex,qwen,par3_0169,-0.015602868632274855
D_lex,qwen,par3_0170,-0.026079521539662087
D_lex,qwen,par3_0171,0.03616284263145061
D_lex,qwen,par3_0172,-0.011666054972929682
D_lex,qwen,par3_0174,-0.031757380840814066
D_lex,qwen,par3_0176,0.09955993243159687
D_lex,qwen,par3_0177,-0.04064849061790702
D_lex,qwen,par3_0178,0.10137381905276148
D_lex,qwen,par3_0179,-0.036320886321701905
D_lex,qwen,par3_0180,0.05621429161854382
D_lex,qwen,par3_0181,-0.019859481489935844
D_lex,qwen,par3_0182,-0.024164640654167752
D_lex,qwen,par3_0183,-0.011138220715227095
D_lex,qwen,par3_0184,0.004293266943699414
D_lex,qwen,par3_0185,0.03547901459255065
D_lex,qwen,par3_0186,-0.03435177393464942
D_lex,qwen,par3_0187,0.010047229151314693
D_lex,qwen,par3_0188,-0.023798351420953396
D_lex,qwen,par3_0189,-0.030512306076274382
D_lex,qwen,par3_0191,-0.018559231607050863
D_lex,qwen,par3_0192,-0.007832987503992583
D_lex,qwen,par3_0193,-0.012995517798421119
D_lex,qwen,par3_0194,-0.004062509994951113
D_lex,qwen,par3_0195,0.03564116191484549
D_lex,qwen,par3_0197,-0.03376292715666118
D_lex,qwen,par3_0198,-0.034256564934878386
D_lex,qwen,par3_0199,-0.006873803584583782
D_narr,gemma,par3_0000,-0.4846808732859727
D_narr,gemma,par3_0001,-0.2514487389184827
D_narr,gemma,par3_0002,-0.6025962965809062
D_narr,gemma,par3_0003,0.5335032325319937
D_narr,gemma,par3_0005,-0.023609417089735924
D_narr,gemma,par3_0006,-1.1300930624360956
D_narr,gemma,par3_0007,0.048667063046230176
D_narr,gemma,par3_0009,0.37252718310634547
D_narr,gemma,par3_0010,-0.41105373361531644
D_narr,gemma,par3_0011,-0.6434748890657426
D_narr,gemma,par3_0012,-0.2928861965898812
D_narr,gemma,par3_0013,-0.13372822372815016
D_narr,gemma,par3_0014,0.10442765862442076
D_narr,gemma,par3_0015,-0.049860133862707934
D_narr,gemma,par3_0016,-1.1820559496303853
D_narr,gemma,par3_0017,0.17047078379276695
D_narr,gemma,par3_0018,-0.8704212553928261
D_narr,gemma,par3_0020,-0.8085153539644123
D_narr,gemma,par3_0021,-0.8430738564296589
D_narr,gemma,par3_0022,0.12553420427962592
D_narr,gemma,par3_0023,0.15930976791412044
D_narr,gemma,par3_0024,-0.5483177203678379
D_narr,gemma,par3_0026,1.2183019790876066
D_narr,gemma,par3_0027,-0.8185986194081974
D_narr,gemma,par3_0028,0.5932990502576446
D_narr,gemma,par3_0029,-0.11704889209733797
D_narr,gemma,par3_0030,0.555992791521836
D_narr,gemma,par3_0031,-0.38105093800603296
D_narr,gemma,par3_0032,-0.07901711855404721
D_narr,gemma,par3_0033,0.7925035722880779
D_narr,gemma,par3_0034,0.9848477191443937
D_narr,gemma,par3_0035,0.20199603270181768
D_narr,gemma,par3_0036,-0.09069524848264672
D_narr,gemma,par3_0037,0.052697812270940426
D_narr,gemma,par3_0038,0.16371224663895415
D_narr,gemma,par3_0039,0.10544250687583363
D_narr,gemma,par3_0040,0.203301393264973
D_narr,gemma,par3_0041,-0.38876478565706885
D_narr,gemma,par3_0042,-0.6581892090174298
D_narr,gemma,par3_0043,-0.7962987384021027
D_narr,gemma,par3_0044,0.2551444428486702
D_narr,gemma,par3_0045,-0.06852887019367726
D_narr,gemma,par3_0046,-0.1795722104673012
D_narr,gemma,par3_0047,0.4708558287024887
D_narr,gemma,par3_0048,0.33404692304721123
D_narr,gemma,par3_0049,-0.4922598912254899
D_narr,gemma,par3_0050,-0.021349556475721343
D_narr,gemma,par3_0051,-0.7696000536684652
D_narr,gemma,par3_0052,0.010335382844539609
D_narr,gemma,par3_0053,-0.1816518464646566
D_narr,gemma,par3_0054,-0.031321378957115766
D_narr,gemma,par3_0055,-0.2273304084564788
D_narr,gemma,par3_0056,-0.36809429710145974
D_narr,gemma,par3_0057,-0.4445524919892194
D_narr,gemma,par3_0058,0.2959666288978311
D_narr,gemma,par3_0059,0.05632363337497518
D_narr,gemma,par3_0060,-0.6344457954359995
D_narr,gemma,par3_0061,0.0367582738352609
D_narr,gemma,par3_0062,-0.6200634157301371
D_narr,gemma,par3_0063,0.564654287166177
D_narr,gemma,par3_0064,-0.3871846649091135
D_narr,gemma,par3_0065,-0.7409140254210153
D_narr,gemma,par3_0066,0.12124606704108487
D_narr,gemma,par3_0067,0.08102510445179112
D_narr,gemma,par3_0068,0.4203457220074516
D_narr,gemma,par3_0069,-1.0744298643631316
D_narr,gemma,par3_0070,0.29479061615902546
D_narr,gemma,par3_0071,0.24270017976087152
D_narr,gemma,par3_0072,-0.3421895972107462
D_narr,gemma,par3_0073,-0.6678357677278397
D_narr,gemma,par3_0074,-0.2721247057782967
D_narr,gemma,par3_0075,0.452218400138846
D_narr,gemma,par3_0076,0.5041273407799481
D_narr,gemma,par3_0077,0.063093750190708
D_narr,gemma,par3_0078,-0.3593594868792127
D_narr,gemma,par3_0079,-0.07114597297405263
D_narr,gemma,par3_0080,-0.9192657960192211
D_narr,gemma,par3_0081,-0.20533199169059171
D_narr,gemma,par3_0082,0.07172422272038155
D_narr,gemma,par3_0084,-0.13094476529655763
D_narr,gemma,par3_0085,-0.7925570866654446
D_narr,gemma,par3_0086,-0.08045082563400241
D_narr,gemma,par3_0087,0.6585383482205471
D_narr,gemma,par3_0088,-0.03387738349928723
D_narr,gemma,par3_0089,2.1041483514364336
D_narr,gemma,par3_0091,-0.027012903610432886
D_narr,gemma,par3_0092,-0.15958900190293956
D_narr,gemma,par3_0093,-0.43294201671819527
D_narr,gemma,par3_0094,0.37924507617739645
D_narr,gemma,par3_0095,-1.1103521760268382
D_narr,gemma,par3_0096,-0.0473927369455982
D_narr,gemma,par3_0097,0.010294207450119034
D_narr,gemma,par3_0098,-0.7059647168139467
D_narr,gemma,par3_0100,-0.003760902411531634
D_narr,gemma,par3_0101,0.7107531952802523
D_narr,gemma,par3_0102,0.39369979501266955
D_narr,gemma,par3_0103,0.6369433826943101
D_narr,gemma,par3_0104,0.09490267597795425
D_narr,gemma,par3_0105,-0.24489363836442365
D_narr,gemma,par3_0107,-0.3064779815805216
D_narr,gemma,par3_0108,-0.23155262218594896
D_narr,gemma,par3_0109,-0.37510900037642453
D_narr,gemma,par3_0110,-0.37395170177086806
D_narr,gemma,par3_0111,-0.33353039982009863
D_narr,gemma,par3_0113,-0.3496692727500837
D_narr,gemma,par3_0114,-0.4297455121831543
D_narr,gemma,par3_0115,-0.1582629574228108
D_narr,gemma,par3_0116,0.016918121144082383
D_narr,gemma,par3_0117,-0.16368606657525575
D_narr,gemma,par3_0118,1.1545621416039917
D_narr,gemma,par3_0119,-0.383839923423513
D_narr,gemma,par3_0120,-0.5414247999864256
D_narr,gemma,par3_0121,0.006760092666672102
D_narr,gemma,par3_0122,-0.10139939803147009
D_narr,gemma,par3_0123,0.03557321910664646
D_narr,gemma,par3_0124,0.03856931306454492
D_narr,gemma,par3_0125,-0.8002234535728427
D_narr,gemma,par3_0126,-1.1444207406807274
D_narr,gemma,par3_0127,0.5361205669434043
D_narr,gemma,par3_0128,-0.5461458753104567
D_narr,gemma,par3_0129,0.15851540933196384
D_narr,gemma,par3_0130,0.1105141551806641
D_narr,gemma,par3_0132,0.2655174296165433
D_narr,gemma,par3_0133,-0.6745212011707036
D_narr,gemma,par3_0134,-0.031412905911655464
D_narr,gemma,par3_0135,-0.1565432152326762
D_narr,gemma,par3_0136,0.39022626108882674
D_narr,gemma,par3_0137,-0.5635407751494607
D_narr,gemma,par3_0138,0.4157779240207679
D_narr,gemma,par3_0139,-0.5179850950566188
D_narr,gemma,par3_0140,-0.5436724783477854
D_narr,gemma,par3_0141,0.11553018620114663
D_narr,gemma,par3_0142,0.12028086485016765
D_narr,gemma,par3_0143,0.11007524256071625
D_narr,gemma,par3_0144,0.34290680841362403
D_narr,gemma,par3_0145,-0.2239264043917498
D_narr,gemma,par3_0146,-0.43150309220968636
D_narr,gemma,par3_0147,-1.050181836577406
D_narr,gemma,par3_0149,-0.06607995861715221
D_narr,gemma,par3_0150,-0.6373270796610913
D_narr,gemma,par3_0151,-0.2581831297089891
D_narr,gemma,par3_0153,-0.4689075275397497
D_narr,gemma,par3_0154,0.4821191551555231
D_narr,gemma,par3_0155,-0.30454235408240354
D_narr,gemma,par3_0156,0.9705903583690114
D_narr,gemma,par3_0157,-0.1551486271957232
D_narr,gemma,par3_0158,-0.5387286565418017
D_narr,gemma,par3_0159,0.7382936041711913
D_narr,gemma,par3_0160,0.39111720279194645
D_narr,gemma,par3_0161,-0.3000166674192865
D_narr,gemma,par3_0162,0.4483713224136247
D_narr,gemma,par3_0163,-0.5307692068686093
D_narr,gemma,par3_0164,0.40158209934799577
D_narr,gemma,par3_0167,0.26813479543742663
D_narr,gemma,par3_0168,-0.4205748322960719
D_narr,gemma,par3_0169,-0.949832343278909
D_narr,gemma,par3_0170,-0.4633825814718506
D_narr,gemma,par3_0171,-0.7573123173808437
D_narr,gemma,par3_0172,-0.19380485626951147
D_narr,gemma,par3_0174,0.14343551454276826
D_narr,gemma,par3_0175,0.7664994209921063
D_narr,gemma,par3_0176,0.2622278047738014
D_narr,gemma,par3_0177,-0.4383177971975809
D_narr,gemma,par3_0178,2.270065984689075
D_narr,gemma,par3_0179,-0.30687117225148225
D_narr,gemma,par3_0180,-0.1285128897449838
D_narr,gemma,par3_0181,0.00466175386232955
D_narr,gemma,par3_0182,0.29220034835435166
D_narr,gemma,par3_0183,-0.3994509979639829
D_narr,gemma,par3_0184,0.13238062619072086
D_narr,gemma,par3_0185,0.043869950938214476
D_narr,gemma,par3_0186,-0.13602970337751255
D_narr,gemma,par3_0187,-0.11946063304547232
D_narr,gemma,par3_0188,0.021650292043374503
D_narr,gemma,par3_0189,0.3110379225578326
D_narr,gemma,par3_0191,0.3533362786339098
D_narr,gemma,par3_0192,0.29918082059685386
D_narr,gemma,par3_0194,-0.42919609542542836
D_narr,gemma,par3_0195,0.26322405017113293
D_narr,gemma,par3_0197,-0.40231109739948784
D_narr,gemma,par3_0198,-0.23736190513184718
D_narr,gemma,par3_0199,0.7863126741398677
D_narr,llama,par3_0000,0.13760110734364042
D_narr,llama,par3_0001,-0.11301945899386683
D_narr,llama,par3_0002,-0.33603070284866093
D_narr,llama,par3_0003,0.5073803635518945
D_narr,llama,par3_0005,0.026880678926223478
D_narr,llama,par3_0006,-1.1304649813233094
D_narr,llama,par3_0007,0.04367959930001949
D_narr,llama,par3_0009,0.21276371540293462
D_narr,llama,par3_0010,-0.43288241243863884
D_narr,llama,par3_0011,-0.5221460548793181
D_narr,llama,par3_0012,-0.3185800510267344
D_narr,llama,par3_0013,-0.07617544658430653
D_narr,llama,par3_0014,0.1866507014533587
D_narr,llama,par3_0015,0.038580937755466484
D_narr,llama,par3_0016,-1.1509782341927381
D_narr,llama,par3_0017,0.04680440702600527
D_narr,llama,par3_0018,-0.7207400456811948
D_narr,llama,par3_0020,-0.8164352819595674
D_narr,llama,par3_0021,-0.9146879791588891
D_narr,llama,par3_0022,-0.22450999914578373
D_narr,llama,par3_0023,-0.42031303933344444
D_narr,llama,par3_0024,0.5587982419100215
D_narr,llama,par3_0026,1.1173764147915652
D_narr,llama,par3_0027,-0.8232103127807507
D_narr,llama,par3_0028,0.16432418259101814
D_narr,llama,par3_0029,-0.5055743169350772
D_narr,llama,par3_0030,1.1037132806559402
D_narr,llama,par3_0031,0.16425171922873685
D_narr,llama,par3_0032,-0.4454855099496946
D_narr,llama,par3_0033,-0.16115426479519387
D_narr,llama,par3_0034,1.28343541529443
D_narr,llama,par3_0035,0.20026701755005538
D_narr,llama,par3_0036,-0.013854383152436478
D_narr,llama,par3_0037,0.8766298355484222
D_narr,llama,par3_0038,0.20516811750278344
D_narr,llama,par3_0039,-0.8918315701607668
D_narr,llama,par3_0040,0.8735190938810297
D_narr,llama,par3_0041,-0.48492157202088987
D_narr,llama,par3_0042,-0.28826877329758555
D_narr,llama,par3_0043,0.4015306242453121
D_narr,llama,par3_0044,-0.008834537579329171
D_narr,llama,par3_0045,-0.00878655553376865
D_narr,llama,par3_0046,-0.03845724143800252
D_narr,llama,par3_0047,0.39280057783489153
D_narr,llama,par3_0048,0.6943727479250025
D_narr,llama,par3_0049,-0.5419943991457696
D_narr,llama,par3_0050,-0.11890339250645132
D_narr,llama,par3_0051,-0.2563837851428293
D_narr,llama,par3_0052,0.12970663935144308
D_narr,llama,par3_0053,-0.4508029795016459
D_narr,llama,par3_0054,0.11826203465033484
D_narr,llama,par3_0055,-0.8114813625868654
D_narr,llama,par3_0056,-0.5111399170796211
D_narr,llama,par3_0057,-0.39154048834069693
D_narr,llama,par3_0058,0.2618148212235935
D_narr,llama,par3_0059,0.057055657063791156
D_narr,llama,par3_0060,-0.5722926526466761
D_narr,llama,par3_0061,-0.007020625573189869
D_narr,llama,par3_0062,-0.749537189466093
D_narr,llama,par3_0063,0.26284029245671475
D_narr,llama,par3_0064,-0.598125165766383
D_narr,llama,par3_0065,-0.3110739471569642
D_narr,llama,par3_0066,0.44282058004076835
D_narr,llama,par3_0067,-0.04775615198807085
D_narr,llama,par3_0068,-0.14946373940672494
D_narr,llama,par3_0069,-1.0909384389833578
D_narr,llama,par3_0070,-0.7056270168191808
D_narr,llama,par3_0071,0.3100740252828147
D_narr,llama,par3_0072,-0.5300399059234525
D_narr,llama,par3_0073,-0.3487878084319644
D_narr,llama,par3_0074,-0.040618037060807355
D_narr,llama,par3_0075,0.3275680454914746
D_narr,llama,par3_0076,0.07993068515781639
D_narr,llama,par3_0077,0.11565077319866801
D_narr,llama,par3_0078,-0.13362979976643283
D_narr,llama,par3_0079,0.2754293593171267
D_narr,llama,par3_0080,-0.8835877114137857
D_narr,llama,par3_0081,-0.6278275207761187
D_narr,llama,par3_0082,0.12140189396567487
D_narr,llama,par3_0084,0.16762468827725652
D_narr,llama,par3_0085,-0.31582217983627786
D_narr,llama,par3_0086,-0.4014127516198683
D_narr,llama,par3_0087,0.3247520332467331
D_narr,llama,par3_0088,-0.07409093657935228
D_narr,llama,par3_0089,1.4467182532586067
D_narr,llama,par3_0091,-0.2461631279550381
D_narr,llama,par3_0092,-0.6519397456791539
D_narr,llama,par3_0093,-0.11416250429806112
D_narr,llama,par3_0094,0.018322946736761752
D_narr,llama,par3_0095,-0.6890353114183809
D_narr,llama,par3_0096,-0.1266643010537115
D_narr,llama,par3_0097,-0.029731203307657623
D_narr,llama,par3_0098,-0.6896855122781229
D_narr,llama,par3_0099,-0.8281948654078306
D_narr,llama,par3_0100,0.014154196564620506
D_narr,llama,par3_0101,1.8109499049219246
D_narr,llama,par3_0102,0.1674872941933683
D_narr,llama,par3_0103,0.528869963951703
D_narr,llama,par3_0104,0.3617640960008425
D_narr,llama,par3_0105,-0.41998318273815044
D_narr,llama,par3_0107,-0.5011830590634915
D_narr,llama,par3_0108,-0.33044714936558645
D_narr,llama,par3_0109,-0.21193287561919125
D_narr,llama,par3_0110,-0.19557189351854642
D_narr,llama,par3_0111,-0.4313806750614167
D_narr,llama,par3_0113,-0.4639514027950167
D_narr,llama,par3_0114,-0.021263751395253827
D_narr,llama,par3_0115,-0.19466292170185215
D_narr,llama,par3_0116,-0.3029734303920599
D_narr,llama,par3_0117,-0.33943988406117037
D_narr,llama,par3_0118,0.35013101586252127
D_narr,llama,par3_0119,0.248007798986659
D_narr,llama,par3_0120,-0.1280553368425157
D_narr,llama,par3_0121,0.203151073384943
D_narr,llama,par3_0122,0.6082766900152476
D_narr,llama,par3_0123,0.17361163757088352
D_narr,llama,par3_0124,0.08190910017816944
D_narr,llama,par3_0125,-0.9080087810747216
D_narr,llama,par3_0126,-1.1194251857218547
D_narr,llama,par3_0127,0.7080818249436515
D_narr,llama,par3_0128,-0.694237431632364
D_narr,llama,par3_0129,0.26093102957373965
D_narr,llama,par3_0130,0.28544215887718244
D_narr,llama,par3_0132,-0.3381523347351019
D_narr,llama,par3_0133,0.029794867613282577
D_narr,llama,par3_0134,-0.07421759739510447
D_narr,llama,par3_0135,-0.19414707901324357
D_narr,llama,par3_0136,0.1713174557574435
D_narr,llama,par3_0137,-0.35607536038417353
D_narr,llama,par3_0138,0.14965332918724097
D_narr,llama,par3_0139,-0.33661760054043777
D_narr,llama,par3_0141,0.4419803718329856
D_narr,llama,par3_0142,-0.28524265005321786
D_narr,llama,par3_0143,-0.06823823901661467
D_narr,llama,par3_0144,0.4497201132777578
D_narr,llama,par3_0145,0.12978825721960718
D_narr,llama,par3_0146,-0.4338084807075173
D_narr,llama,par3_0147,-1.1431471168853102
D_narr,llama,par3_0149,0.13811040579652448
D_narr,llama,par3_0150,-0.665930771490497
D_narr,llama,par3_0151,-0.3445010022688158
D_narr,llama,par3_0153,-0.6672241921038403
D_narr,llama,par3_0154,-0.14467439527665263
D_narr,llama,par3_0155,-0.26682016502611056
D_narr,llama,par3_0156,1.0916383069854303
D_narr,llama,par3_0157,-0.19915828238816635
D_narr,llama,par3_0158,-0.8155708659443155
D_narr,llama,par3_0159,0.8495984377053093
D_narr,llama,par3_0160,0.3603147417352421
D_narr,llama,par3_0161,-0.3525049677353825
D_narr,llama,par3_0162,0.9528308889920815
D_narr,llama,par3_0163,-0.46916706894413984
D_narr,llama,par3_0164,0.2902110551929476
D_narr,llama,par3_0165,-0.29763314408228253
D_narr,llama,par3_0166,-0.5112132996267269
D_narr,llama,par3_0167,0.2985892024467625
D_narr,llama,par3_0168,-0.044139081494787326
D_narr,llama,par3_0169,-0.8635411527675544
D_narr,llama,par3_0170,-0.7511046007880936
D_narr,llama,par3_0171,-0.45083666744182355
D_narr,llama,par3_0172,-0.18715302049319318
D_narr,llama,par3_0174,0.35906380596961385
D_narr,llama,par3_0175,0.9052151040756273
D_narr,llama,par3_0176,0.13138577441572483
D_narr,llama,par3_0177,-0.669625277822583
D_narr,llama,par3_0178,2.7153198843888
D_narr,llama,par3_0179,-0.24276534575092215
D_narr,llama,par3_0180,0.0631891169651931
D_narr,llama,par3_0181,0.35484843511791025
D_narr,llama,par3_0182,0.00815057846289946
D_narr,llama,par3_0183,-0.6145922504020084
D_narr,llama,par3_0184,0.2928928487071336
D_narr,llama,par3_0185,-0.0880130540597559
D_narr,llama,par3_0186,-0.1838893910287296
D_narr,llama,par3_0187,0.018902663768523748
D_narr,llama,par3_0188,-0.10564257220112956
D_narr,llama,par3_0189,-0.25080411252048646
D_narr,llama,par3_0191,0.513309368324962
D_narr,llama,par3_0192,0.032875531913167055
D_narr,llama,par3_0194,-0.36513252199023905
D_narr,llama,par3_0195,0.28249272536839043
D_narr,llama,par3_0196,-0.12238243962757737
D_narr,llama,par3_0197,-0.22508819685403628
D_narr,llama,par3_0198,-0.3959433458268278
D_narr,llama,par3_0199,0.36179700574879387
D_narr,mistral,par3_0000,-0.04607437221108205
D_narr,mistral,par3_0001,-0.44141308135200635
D_narr,mistral,par3_0002,-0.6213630229478508
D_narr,mistral,par3_0003,1.1984222439630976
D_narr,mistral,par3_0005,-0.21379400002257562
D_narr,mistral,par3_0006,-1.0002790539412525
D_narr,mistral,par3_0007,0.09975115289062601
D_narr,mistral,par3_0009,0.04182611852190029
D_narr,mistral,par3_0010,-0.6163373064057754
D_narr,mistral,par3_0011,-0.4202453457422286
D_narr,mistral,par3_0012,-0.36396069690587146
D_narr,mistral,par3_0013,-0.1622497250276053
D_narr,mistral,par3_0014,0.13041163056300795
D_narr,mistral,par3_0015,0.09605432906045357
D_narr,mistral,par3_0016,-1.1098206397313473
D_narr,mistral,par3_0017,0.0759225416053431
D_narr,mistral,par3_0018,-0.28029741250606266
D_narr,mistral,par3_0020,-0.8284038053262915
D_narr,mistral,par3_0021,-1.1994922312516125
D_narr,mistral,par3_0022,-0.2742857967786134
D_narr,mistral,par3_0023,-0.5428215180413676
D_narr,mistral,par3_0024,0.9370983194488733
D_narr,mistral,par3_0026,0.34192455100141567
D_narr,mistral,par3_0027,-0.7838102461404671
D_narr,mistral,par3_0028,0.3651248532747104
D_narr,mistral,par3_0029,-0.07908427167864056
D_narr,mistral,par3_0030,0.5437904522731766
D_narr,mistral,par3_0031,-0.46622671649297526
D_narr,mistral,par3_0032,-0.19564863463778362
D_narr,mistral,par3_0033,1.3781325299295561
D_narr,mistral,par3_0034,1.051857075688697
D_narr,mistral,par3_0035,0.5781223749466858
D_narr,mistral,par3_0036,-0.39547807520768435
D_narr,mistral,par3_0037,1.0015296335323605
D_narr,mistral,par3_0038,0.17494662148452397
D_narr,mistral,par3_0039,0.023515574510879045
D_narr,mistral,par3_0040,0.6999544714632592
D_narr,mistral,par3_0041,-0.35670183577821746
D_narr,mistral,par3_0042,-0.7915162181370895
D_narr,mistral,par3_0043,-0.5221886472079147
D_narr,mistral,par3_0044,-0.06680165873675648
D_narr,mistral,par3_0045,0.06820582743457582
D_narr,mistral,par3_0046,0.1033797585995145
D_narr,mistral,par3_0047,0.6046252667073124
D_narr,mistral,par3_0048,0.5599786365917031
D_narr,mistral,par3_0049,-0.577470335354206
D_narr,mistral,par3_0050,-0.035046064080945794
D_narr,mistral,par3_0051,-0.14951875546637075
D_narr,mistral,par3_0052,-0.09443926798918627
D_narr,mistral,par3_0053,-0.5938698812882962
D_narr,mistral,par3_0054,-0.03896211192791658
D_narr,mistral,par3_0055,-0.9565716091286455
D_narr,mistral,par3_0056,-0.2759675391579626
D_narr,mistral,par3_0057,-0.31409941894771753
D_narr,mistral,par3_0058,0.4786912050793732
D_narr,mistral,par3_0059,-0.29914734674616916
D_narr,mistral,par3_0060,-0.42164312759568084
D_narr,mistral,par3_0061,-0.5175741538319367
D_narr,mistral,par3_0062,-0.581118480824712
D_narr,mistral,par3_0063,0.2651781936245137
D_narr,mistral,par3_0064,-0.37715002359027333
D_narr,mistral,par3_0065,-0.6108036990514614
D_narr,mistral,par3_0066,0.4266040126786983
D_narr,mistral,par3_0067,-0.20058876221769953
D_narr,mistral,par3_0068,-0.1299393178450193
D_narr,mistral,par3_0069,-0.9170024035477108
D_narr,mistral,par3_0070,0.32172852900068927
D_narr,mistral,par3_0071,-0.1728808652354766
D_narr,mistral,par3_0072,-0.38759863430213054
D_narr,mistral,par3_0073,-0.057575041832386376
D_narr,mistral,par3_0074,-0.26567633452719597
D_narr,mistral,par3_0075,0.6026337553834366
D_narr,mistral,par3_0076,0.5117100052225786
D_narr,mistral,par3_0077,0.1774629913953747
D_narr,mistral,par3_0078,-0.04726120982930915
D_narr,mistral,par3_0079,0.37526580534151455
D_narr,mistral,par3_0080,-1.1138564666445652
D_narr,mistral,par3_0081,-0.670998735091329
D_narr,mistral,par3_0082,0.32794227070718956
D_narr,mistral,par3_0084,1.127351486940397
D_narr,mistral,par3_0085,-0.43380845611527574
D_narr,mistral,par3_0086,-0.4887867782504515
D_narr,mistral,par3_0087,-0.6930699290824983
D_narr,mistral,par3_0088,0.3161987641340624
D_narr,mistral,par3_0089,1.7479985474633883
D_narr,mistral,par3_0091,-0.43414353691311103
D_narr,mistral,par3_0092,0.024829685096121008
D_narr,mistral,par3_0093,0.20676852144718239
D_narr,mistral,par3_0094,0.4967019846091587
D_narr,mistral,par3_0095,-0.5865937792903684
D_narr,mistral,par3_0096,-0.5726561493036987
D_narr,mistral,par3_0097,0.1671072314314462
D_narr,mistral,par3_0098,-0.5624051844920913
D_narr,mistral,par3_0099,-0.7165480045343068
D_narr,mistral,par3_0100,-0.13528240472237577
D_narr,mistral,par3_0101,1.2147794038231086
D_narr,mistral,par3_0102,0.9138178348447132
D_narr,mistral,par3_0103,0.6230288899577757
D_narr,mistral,par3_0104,0.6952802749671235
D_narr,mistral,par3_0105,-0.16429500404255207
D_narr,mistral,par3_0107,-0.8114371329515552
D_narr,mistral,par3_0108,-0.6384866380836521
D_narr,mistral,par3_0109,-0.15867338963089908
D_narr,mistral,par3_0110,0.0779251243826115
D_narr,mistral,par3_0111,-0.1627170921895491
D_narr,mistral,par3_0113,-0.32817903553041744
D_narr,mistral,par3_0114,0.024136089044833813
D_narr,mistral,par3_0115,-0.28482459392827897
D_narr,mistral,par3_0116,0.014621729074803783
D_narr,mistral,par3_0117,-0.22856491978521243
D_narr,mistral,par3_0118,0.27198744584235096
D_narr,mistral,par3_0119,0.0011517986965734472
D_narr,mistral,par3_0120,-0.22305296558670595
D_narr,mistral,par3_0121,0.044309705500399255
D_narr,mistral,par3_0122,0.37539331121812064
D_narr,mistral,par3_0123,-0.16072463546482174
D_narr,mistral,par3_0124,-0.07526101993568046
D_narr,mistral,par3_0125,-0.47101565873859697
D_narr,mistral,par3_0126,-1.0808254018978334
D_narr,mistral,par3_0127,0.12021431211760684
D_narr,mistral,par3_0128,-0.5346497549670158
D_narr,mistral,par3_0129,0.1890349910275234
D_narr,mistral,par3_0130,-0.051725678766638104
D_narr,mistral,par3_0132,0.3087309380447446
D_narr,mistral,par3_0133,0.3168045434713072
D_narr,mistral,par3_0134,-0.2327899361026898
D_narr,mistral,par3_0135,0.3231800111802192
D_narr,mistral,par3_0136,0.4122247254556539
D_narr,mistral,par3_0137,-0.5806638315241713
D_narr,mistral,par3_0138,-0.46920187294539634
D_narr,mistral,par3_0139,-0.43517539847159004
D_narr,mistral,par3_0141,0.7803073684400479
D_narr,mistral,par3_0142,-0.24006938046838253
D_narr,mistral,par3_0143,0.8543974339098265
D_narr,mistral,par3_0144,0.7221161709769891
D_narr,mistral,par3_0145,0.12723497205951992
D_narr,mistral,par3_0146,-0.5040268804736634
D_narr,mistral,par3_0147,-1.006451337101095
D_narr,mistral,par3_0149,-0.2053622836149048
D_narr,mistral,par3_0150,-0.13554595106505354
D_narr,mistral,par3_0151,-0.14944499116448795
D_narr,mistral,par3_0153,-0.6316622138751073
D_narr,mistral,par3_0154,-0.0580368470668835
D_narr,mistral,par3_0155,-0.27554423363686165
D_narr,mistral,par3_0156,0.7838104654309502
D_narr,mistral,par3_0157,-0.18331281089328386
D_narr,mistral,par3_0158,-0.020496901523655797
D_narr,mistral,par3_0159,0.7106624430216777
D_narr,mistral,par3_0160,0.768766737412177
D_narr,mistral,par3_0161,-0.15834218518899454
D_narr,mistral,par3_0162,0.15641398675834065
D_narr,mistral,par3_0163,-0.33646480707653054
D_narr,mistral,par3_0164,0.532671938969164
D_narr,mistral,par3_0165,-0.08824869581800303
D_narr,mistral,par3_0166,-0.41045123845803166
D_narr,mistral,par3_0167,0.46396514131489264
D_narr,mistral,par3_0168,0.19380135055148648
D_narr,mistral,par3_0169,-0.8794608488648099
D_narr,mistral,par3_0170,-0.6635183554702767
D_narr,mistral,par3_0171,-0.7779450122619539
D_narr,mistral,par3_0172,-0.24621021220379605
D_narr,mistral,par3_0174,1.085283109695952
D_narr,mistral,par3_0175,1.1216084856670054
D_narr,mistral,par3_0176,-0.05450819138559867
D_narr,mistral,par3_0177,-0.2174515429845183
D_narr,mistral,par3_0178,3.0660666293930907
D_narr,mistral,par3_0179,-0.2277839441870292
D_narr,mistral,par3_0180,0.7985719143497172
D_narr,mistral,par3_0181,0.2590488961904909
D_narr,mistral,par3_0182,0.031175175924109528
D_narr,mistral,par3_0183,-0.6629261178289312
D_narr,mistral,par3_0184,0.06357163944657629
D_narr,mistral,par3_0185,-0.16312680782366762
D_narr,mistral,par3_0186,0.1087997882204393
D_narr,mistral,par3_0187,-0.05141271488219242
D_narr,mistral,par3_0188,-0.05630435369610631
D_narr,mistral,par3_0189,-0.48489962076828236
D_narr,mistral,par3_0191,0.5460488138498674
D_narr,mistral,par3_0192,0.04730615282094789
D_narr,mistral,par3_0194,-0.35797934034189854
D_narr,mistral,par3_0195,0.018438002151059136
D_narr,mistral,par3_0196,-0.5498782806575705
D_narr,mistral,par3_0197,-0.15241591566963444
D_narr,mistral,par3_0198,-0.5323424012262505
D_narr,mistral,par3_0199,1.0021526634965157
D_narr,qwen,par3_0000,-0.4024444039262351
D_narr,qwen,par3_0001,-0.3011513910138614
D_narr,qwen,par3_0002,-0.49889347412146307
D_narr,qwen,par3_0003,0.5783536122518511
D_narr,qwen,par3_0006,-1.1280796557833244
D_narr,qwen,par3_0007,0.3393198536662199
D_narr,qwen,par3_0009,0.3580884993041253
D_narr,qwen,par3_0010,-0.2734680565849262
D_narr,qwen,par3_0011,-0.570184286445127
D_narr,qwen,par3_0012,-0.283829117676847
D_narr,qwen,par3_0013,-0.7082208619897542
D_narr,qwen,par3_0014,0.16981619775924672
D_narr,qwen,par3_0015,-0.03646377930569703
D_narr,qwen,par3_0016,-0.9923675737024635
D_narr,qwen,par3_0017,0.13210915539204457
D_narr,qwen,par3_0018,-1.0245170282031795
D_narr,qwen,par3_0020,-0.7684702762418573
D_narr,qwen,par3_0021,-0.6493751862122653
D_narr,qwen,par3_0022,0.48753670730729226
D_narr,qwen,par3_0023,0.13940674645138929
D_narr,qwen,par3_0024,0.2776978110196099
D_narr,qwen,par3_0026,0.6713896738048938
D_narr,qwen,par3_0027,-0.8109756099272089
D_narr,qwen,par3_0028,-0.10113614182617692
D_narr,qwen,par3_0029,-0.36151559995702415
D_narr,qwen,par3_0030,0.061336556557137545
D_narr,qwen,par3_0031,-0.13367714830047742
D_narr,qwen,par3_0032,-0.34288863915480566
D_narr,qwen,par3_0033,0.7905871609681435
D_narr,qwen,par3_0034,1.261763538817836
D_narr,qwen,par3_0035,0.5858495754489198
D_narr,qwen,par3_0036,-0.2580943089611614
D_narr,qwen,par3_0037,-0.04875949709135119
D_narr,qwen,par3_0038,0.7560798037838788
D_narr,qwen,par3_0039,0.0023041057042010316
D_narr,qwen,par3_0040,0.5124230716025845
D_narr,qwen,par3_0041,0.06801676555584413
D_narr,qwen,par3_0042,-0.5972845349290122
D_narr,qwen,par3_0043,-0.6762916387742323
D_narr,qwen,par3_0044,0.1566246113723044
D_narr,qwen,par3_0045,-0.016285945786690625
D_narr,qwen,par3_0047,0.33372721651823145
D_narr,qwen,par3_0048,-0.022043773880177753
D_narr,qwen,par3_0049,-0.2980835301047035
D_narr,qwen,par3_0050,-0.19078878423076695
D_narr,qwen,par3_0051,-0.45368907991734514
D_narr,qwen,par3_0052,0.39671754452306685
D_narr,qwen,par3_0053,-0.06323613228890812
D_narr,qwen,par3_0054,0.08629901871138486
D_narr,qwen,par3_0055,-0.8226031696159718
D_narr,qwen,par3_0056,0.22441021123943905
D_narr,qwen,par3_0057,-0.250647491230734
D_narr,qwen,par3_0058,0.6112170052874991
D_narr,qwen,par3_0059,-0.22182448982507452
D_narr,qwen,par3_0060,-0.46526166170460614
D_narr,qwen,par3_0061,-0.34349300391687393
D_narr,qwen,par3_0062,-0.6650133606970372
D_narr,qwen,par3_0063,0.7856519150906781
D_narr,qwen,par3_0064,-0.33827470501429663
D_narr,qwen,par3_0066,0.05494311271076994
D_narr,qwen,par3_0067,0.019535242162627586
D_narr,qwen,par3_0068,0.13884268394013333
D_narr,qwen,par3_0069,-0.8045829323733953
D_narr,qwen,par3_0070,0.673185532487988
D_narr,qwen,par3_0071,-0.9870375777348407
D_narr,qwen,par3_0072,-0.07363787723846767
D_narr,qwen,par3_0073,-0.24340924900748964
D_narr,qwen,par3_0074,-0.05068692200238489
D_narr,qwen,par3_0075,0.2620860201177319
D_narr,qwen,par3_0076,-0.3917215804624579
D_narr,qwen,par3_0077,-0.009069106802539991
D_narr,qwen,par3_0078,-0.2828163635067997
D_narr,qwen,par3_0079,0.07489004160872074
D_narr,qwen,par3_0080,-0.9071043371053639
D_narr,qwen,par3_0081,-0.4433263569430639
D_narr,qwen,par3_0082,0.062102554722604654
D_narr,qwen,par3_0085,0.009266631917230317
D_narr,qwen,par3_0086,-0.43865209849313586
D_narr,qwen,par3_0087,-0.5875215566062186
D_narr,qwen,par3_0088,0.0015377100980037046
D_narr,qwen,par3_0089,0.9757432578938798
D_narr,qwen,par3_0091,-0.3836462354845776
D_narr,qwen,par3_0092,-0.43934758119022793
D_narr,qwen,par3_0093,0.15809775762648948
D_narr,qwen,par3_0095,-0.42307228969914523
D_narr,qwen,par3_0096,-0.2548604051993795
D_narr,qwen,par3_0097,0.07334526993113129
D_narr,qwen,par3_0098,-0.5626904627382023
D_narr,qwen,par3_0099,-0.9622803299339883
D_narr,qwen,par3_0100,0.023082990025018013
D_narr,qwen,par3_0102,0.4240772474513017
D_narr,qwen,par3_0103,0.798187382069548
D_narr,qwen,par3_0104,-0.12533000530537475
D_narr,qwen,par3_0108,-0.37066183523658575
D_narr,qwen,par3_0109,-0.2769867830194371
D_narr,qwen,par3_0110,-0.23024686379142492
D_narr,qwen,par3_0111,-0.3828612997255852
D_narr,qwen,par3_0113,-0.7168584182228734
D_narr,qwen,par3_0114,-0.5177568229941065
D_narr,qwen,par3_0115,-0.4768725864380503
D_narr,qwen,par3_0116,0.04786230720633511
D_narr,qwen,par3_0117,0.12798047243317212
D_narr,qwen,par3_0118,0.9021272641871306
D_narr,qwen,par3_0119,0.20186458590140002
D_narr,qwen,par3_0120,0.563189714710732
D_narr,qwen,par3_0121,-0.0015941867190044645
D_narr,qwen,par3_0122,-0.2271804335553591
D_narr,qwen,par3_0123,-0.17629014023134845
D_narr,qwen,par3_0124,0.14279293939922302
D_narr,qwen,par3_0126,-0.8718245214684432
D_narr,qwen,par3_0127,0.4969540428385965
D_narr,qwen,par3_0128,-0.3258705493777558
D_narr,qwen,par3_0129,0.11212290132974412
D_narr,qwen,par3_0130,-0.05415015703047891
D_narr,qwen,par3_0132,-0.28026214621296963
D_narr,qwen,par3_0133,-0.6164962680563406
D_narr,qwen,par3_0135,-0.33595640816196665
D_narr,qwen,par3_0136,-0.18211524081305042
D_narr,qwen,par3_0137,-0.7646919966964303
D_narr,qwen,par3_0138,-0.3244674563986569
D_narr,qwen,par3_0139,-0.3985428087550614
D_narr,qwen,par3_0141,0.6725917774079306
D_narr,qwen,par3_0142,-0.2924312523686186
D_narr,qwen,par3_0143,0.4856181259353181
D_narr,qwen,par3_0144,0.3161255675875052
D_narr,qwen,par3_0145,-0.3098648272421927
D_narr,qwen,par3_0146,-0.19826434758303071
D_narr,qwen,par3_0147,-1.0633632004289415
D_narr,qwen,par3_0149,-0.42996436069861055
D_narr,qwen,par3_0150,-0.48079423517999587
D_narr,qwen,par3_0154,-0.3107778434719472
D_narr,qwen,par3_0155,-0.32181620166268676
D_narr,qwen,par3_0156,1.0104614220133008
D_narr,qwen,par3_0157,0.006559033132644683
D_narr,qwen,par3_0159,0.583839625677513
D_narr,qwen,par3_0160,0.5990629955469995
D_narr,qwen,par3_0161,-0.34887591847223226
D_narr,qwen,par3_0162,0.25742643197816006
D_narr,qwen,par3_0163,-0.5928884160264585
D_narr,qwen,par3_0164,0.39507411875162135
D_narr,qwen,par3_0166,-0.5219981266266233
D_narr,qwen,par3_0167,0.3979422579418242
D_narr,qwen,par3_0168,-0.14799793601737507
D_narr,qwen,par3_0169,-0.9134877763755639
D_narr,qwen,par3_0170,-0.2199190365082703
D_narr,qwen,par3_0171,-0.42412433277910483
D_narr,qwen,par3_0172,-0.3201411919268411
D_narr,qwen,par3_0174,1.0575429524252864
D_narr,qwen,par3_0176,0.22611941643931002
D_narr,qwen,par3_0177,-0.5306074552158339
D_narr,qwen,par3_0178,2.7131728781017905
D_narr,qwen,par3_0179,-0.08784634064304164
D_narr,qwen,par3_0180,-0.3145455666636017
D_narr,qwen,par3_0181,0.3811994472224534
D_narr,qwen,par3_0182,0.51750106132413
D_narr,qwen,par3_0183,-0.6629890231199248
D_narr,qwen,par3_0184,0.129550178669693
D_narr,qwen,par3_0185,-0.17813143928785813
D_narr,qwen,par3_0186,-0.4864675648724442
D_narr,qwen,par3_0187,-0.1867718825496573
D_narr,qwen,par3_0188,-0.19274566238059287
D_narr,qwen,par3_0189,-0.2827949689124208
D_narr,qwen,par3_0191,-0.0876576583928615
D_narr,qwen,par3_0192,0.18879434218214705
D_narr,qwen,par3_0194,-0.17901910413594532
D_narr,qwen,par3_0195,0.2009603121395823
D_narr,qwen,par3_0197,-0.3433891473970565
D_narr,qwen,par3_0198,-0.6264348809050417
D_narr,qwen,par3_0199,0.5831597794056459
D_sem,gemma,par3_0000,-0.0011968930562337235
D_sem,gemma,par3_0001,0.0034594009319941204
D_sem,gemma,par3_0002,0.028029175599416093
D_sem,gemma,par3_0003,0.02339482307434082
D_sem,gemma,par3_0004,0.0038528839747111
D_sem,gemma,par3_0005,-0.049735399087270094
D_sem,gemma,par3_0006,0.012946196397145593
D_sem,gemma,par3_0007,0.02113095422585805
D_sem,gemma,par3_0008,0.000686021645863851
D_sem,gemma,par3_0009,-0.0018100221951802577
D_sem,gemma,par3_0010,0.010893555482228597
D_sem,gemma,par3_0011,0.01540203889211019
D_sem,gemma,par3_0012,4.1325887044270836e-05
D_sem,gemma,par3_0013,0.004405617713928223
D_sem,gemma,par3_0014,-0.007293216387430826
D_sem,gemma,par3_0015,0.011485474308331807
D_sem,gemma,par3_0016,0.005323627591133119
D_sem,gemma,par3_0017,-0.013715471824010214
D_sem,gemma,par3_0018,0.011990221341451009
D_sem,gemma,par3_0019,-0.005841918786366779
D_sem,gemma,par3_0020,-0.07348890105883281
D_sem,gemma,par3_0021,0.002101123332977295
D_sem,gemma,par3_0022,0.029223899046579987
D_sem,gemma,par3_0023,-0.03602670033772787
D_sem,gemma,par3_0024,0.017455438772837322
D_sem,gemma,par3_0025,-0.05191933115323385
D_sem,gemma,par3_0026,0.029253943761189782
D_sem,gemma,par3_0027,-0.04319417675336202
D_sem,gemma,par3_0028,0.0036056041717529297
D_sem,gemma,par3_0029,-0.0006026784578959145
D_sem,gemma,par3_0030,-0.02218706508477529
D_sem,gemma,par3_0031,-0.014649594823519388
D_sem,gemma,par3_0032,-0.013957456747690842
D_sem,gemma,par3_0033,-0.0007337212562561034
D_sem,gemma,par3_0034,-0.0025471458832422903
D_sem,gemma,par3_0035,-0.015513380368550619
D_sem,gemma,par3_0036,0.0024158000946044914
D_sem,gemma,par3_0037,0.021271741390228274
D_sem,gemma,par3_0038,-0.003856734434763589
D_sem,gemma,par3_0039,0.006545583407084147
D_sem,gemma,par3_0040,-0.013820777336756388
D_sem,gemma,par3_0041,-0.005897510051727294
D_sem,gemma,par3_0042,0.00956379274527232
D_sem,gemma,par3_0043,0.016897539297739666
D_sem,gemma,par3_0044,0.0028391599655151374
D_sem,gemma,par3_0045,-0.038254221280415855
D_sem,gemma,par3_0046,-0.03181105852127075
D_sem,gemma,par3_0047,-0.0070820788542429606
D_sem,gemma,par3_0048,0.013557223478953044
D_sem,gemma,par3_0049,-0.022537714242935183
D_sem,gemma,par3_0050,-0.00216653347015381
D_sem,gemma,par3_0051,0.003883291284243265
D_sem,gemma,par3_0052,-0.004602774977684021
D_sem,gemma,par3_0053,0.0005264719327290855
D_sem,gemma,par3_0054,-0.003737417856852214
D_sem,gemma,par3_0055,-0.03471422195434571
D_sem,gemma,par3_0056,0.0022791783014933266
D_sem,gemma,par3_0057,-0.003861474990844728
D_sem,gemma,par3_0058,-0.0847480446100235
D_sem,gemma,par3_0059,0.022148136297861738
D_sem,gemma,par3_0060,-0.04820960760116577
D_sem,gemma,par3_0061,0.007299820582071942
D_sem,gemma,par3_0062,-0.07408762375513712
D_sem,gemma,par3_0063,-0.010060866673787435
D_sem,gemma,par3_0064,0.025586859385172526
D_sem,gemma,par3_0065,-0.021097277601559956
D_sem,gemma,par3_0066,0.04870590368906657
D_sem,gemma,par3_0067,-0.0026221632957458495
D_sem,gemma,par3_0068,-0.001511915524800618
D_sem,gemma,par3_0069,-0.04240705072879791
D_sem,gemma,par3_0070,0.01599237322807312
D_sem,gemma,par3_0071,0.004326268037160237
D_sem,gemma,par3_0072,-0.02702365815639496
D_sem,gemma,par3_0073,0.024633808930714925
D_sem,gemma,par3_0074,0.013468897342681883
D_sem,gemma,par3_0075,0.013486939668655391
D_sem,gemma,par3_0076,-0.0021525343259175614
D_sem,gemma,par3_0077,-0.0017954339583714813
D_sem,gemma,par3_0078,0.004303399721781413
D_sem,gemma,par3_0079,0.0011238018671671554
D_sem,gemma,par3_0080,-0.06423094073931376
D_sem,gemma,par3_0081,0.0038052995999654136
D_sem,gemma,par3_0082,0.005541452765464784
D_sem,gemma,par3_0083,-0.028991937637329105
D_sem,gemma,par3_0084,-0.02153092622756958
D_sem,gemma,par3_0085,0.0032562812169392905
D_sem,gemma,par3_0086,0.0024214625358581535
D_sem,gemma,par3_0087,0.024794642130533857
D_sem,gemma,par3_0088,-0.001248371601104737
D_sem,gemma,par3_0089,-0.09437569379806517
D_sem,gemma,par3_0090,-0.006867798169453931
D_sem,gemma,par3_0091,0.004054582118988037
D_sem,gemma,par3_0092,-0.041613512569003634
D_sem,gemma,par3_0093,0.006792573134104411
D_sem,gemma,par3_0094,-0.018633197993040085
D_sem,gemma,par3_0095,-0.0050468683242797865
D_sem,gemma,par3_0096,0.011396630605061851
D_sem,gemma,par3_0097,-0.033216302593549095
D_sem,gemma,par3_0098,-0.0042303999265035
D_sem,gemma,par3_0100,0.027390685677528382
D_sem,gemma,par3_0101,0.020724920431772872
D_sem,gemma,par3_0102,-0.004660699764887492
D_sem,gemma,par3_0103,0.19847285946210225
D_sem,gemma,par3_0104,0.0246657411257426
D_sem,gemma,par3_0105,-0.016658336917559306
D_sem,gemma,par3_0106,-0.011565351486206054
D_sem,gemma,par3_0107,-0.005213526884714763
D_sem,gemma,par3_0108,0.005920719355344772
D_sem,gemma,par3_0109,-0.020880047480265302
D_sem,gemma,par3_0110,-0.008432510495185851
D_sem,gemma,par3_0111,-0.007044939200083415
D_sem,gemma,par3_0112,-0.003509207566579183
D_sem,gemma,par3_0113,-0.003850436210632325
D_sem,gemma,par3_0114,0.029793643951416014
D_sem,gemma,par3_0115,-0.0012070377667744946
D_sem,gemma,par3_0116,0.025128312905629474
D_sem,gemma,par3_0117,-0.005991343657175699
D_sem,gemma,par3_0118,-0.005026896794637049
D_sem,gemma,par3_0119,-0.007774417599042256
D_sem,gemma,par3_0120,-0.002913093566894532
D_sem,gemma,par3_0121,-0.006441712379455566
D_sem,gemma,par3_0122,0.0005633234977722168
D_sem,gemma,par3_0123,0.0043487191200256336
D_sem,gemma,par3_0124,-0.015530493855476378
D_sem,gemma,par3_0125,-0.057862770557403555
D_sem,gemma,par3_0126,0.023546632130940753
D_sem,gemma,par3_0127,-0.016365567843119305
D_sem,gemma,par3_0128,-0.0037089665730794252
D_sem,gemma,par3_0129,0.022836028536160787
D_sem,gemma,par3_0130,-0.013742697238922118
D_sem,gemma,par3_0131,0.03867589632670085
D_sem,gemma,par3_0132,0.03783542513847351
D_sem,gemma,par3_0133,-0.01644076108932495
D_sem,gemma,par3_0134,-0.018589014808336895
D_sem,gemma,par3_0135,-0.005236824353535969
D_sem,gemma,par3_0136,-0.04066170851389567
D_sem,gemma,par3_0137,0.0004297822713851933
D_sem,gemma,par3_0138,0.002781120936075847
D_sem,gemma,par3_0139,-0.0015323162078857422
D_sem,gemma,par3_0140,0.015700074036916097
D_sem,gemma,par3_0141,0.002672662337621053
D_sem,gemma,par3_0142,-0.006818759441375732
D_sem,gemma,par3_0143,0.020746286710103354
D_sem,gemma,par3_0144,0.02393476168314616
D_sem,gemma,par3_0145,-0.02417382225394249
D_sem,gemma,par3_0146,0.021816746393839518
D_sem,gemma,par3_0147,-0.05922716359297434
D_sem,gemma,par3_0148,0.01765258312225342
D_sem,gemma,par3_0149,0.049135315418243404
D_sem,gemma,par3_0150,0.009481430053710938
D_sem,gemma,par3_0151,-0.024404402573903403
D_sem,gemma,par3_0152,-0.06086532870928446
D_sem,gemma,par3_0153,-0.05602337519327799
D_sem,gemma,par3_0154,0.011771894494692486
D_sem,gemma,par3_0155,0.009425883491834005
D_sem,gemma,par3_0156,-0.0009164134661356604
D_sem,gemma,par3_0157,-0.02310020393795437
D_sem,gemma,par3_0158,-0.045676092306772866
D_sem,gemma,par3_0160,-0.01897974212964376
D_sem,gemma,par3_0161,0.005859319368998211
D_sem,gemma,par3_0162,0.0023769696553548173
D_sem,gemma,par3_0163,-0.00598305861155192
D_sem,gemma,par3_0164,-0.002388624350229899
D_sem,gemma,par3_0167,0.06387947499752045
D_sem,gemma,par3_0168,0.0017511328061421728
D_sem,gemma,par3_0169,-0.10203955173492434
D_sem,gemma,par3_0170,0.0002234737078348805
D_sem,gemma,par3_0171,0.0025285641352335614
D_sem,gemma,par3_0172,-0.02321033477783203
D_sem,gemma,par3_0173,-0.010817193984985351
D_sem,gemma,par3_0174,0.0006412386894226058
D_sem,gemma,par3_0175,-0.008577287197113037
D_sem,gemma,par3_0176,0.01444473365942637
D_sem,gemma,par3_0177,-0.019701667626698813
D_sem,gemma,par3_0178,-0.033599395553270975
D_sem,gemma,par3_0179,-0.0313248766793145
D_sem,gemma,par3_0180,0.006247135003407796
D_sem,gemma,par3_0181,-0.004781742890675861
D_sem,gemma,par3_0182,-0.014585793018341064
D_sem,gemma,par3_0183,-0.02304336726665497
D_sem,gemma,par3_0184,-0.037360046307245896
D_sem,gemma,par3_0185,0.008357544740041098
D_sem,gemma,par3_0186,-0.053173343340555825
D_sem,gemma,par3_0187,0.00027654170989990096
D_sem,gemma,par3_0188,-0.001398837566375731
D_sem,gemma,par3_0189,-0.022261738777160645
D_sem,gemma,par3_0190,-0.05878974994023642
D_sem,gemma,par3_0191,-0.019247968991597492
D_sem,gemma,par3_0192,0.004864143331845602
D_sem,gemma,par3_0193,-0.05921084880828858
D_sem,gemma,par3_0194,-0.004776216546694439
D_sem,gemma,par3_0195,0.0018275777498881045
D_sem,gemma,par3_0197,-0.005522139867146811
D_sem,gemma,par3_0198,-0.05905657211939494
D_sem,gemma,par3_0199,-0.062306388219197595
D_sem,llama,par3_0000,-0.007825601100921632
D_sem,llama,par3_0001,0.006662414471308391
D_sem,llama,par3_0002,0.017775448163350423
D_sem,llama,par3_0003,0.018367469310760498
D_sem,llama,par3_0004,0.0018524050712585421
D_sem,llama,par3_0005,-0.04672766129175821
D_sem,llama,par3_0006,0.03428731759389241
D_sem,llama,par3_0007,0.026673631866772973
D_sem,llama,par3_0008,0.004153623183568318
D_sem,llama,par3_0009,-0.0024651328722635896
D_sem,llama,par3_0010,0.024411622683207197
D_sem,llama,par3_0011,0.0084086537361145
D_sem,llama,par3_0012,0.0076000968615214035
D_sem,llama,par3_0013,0.010830461978912354
D_sem,llama,par3_0014,0.014898848533630374
D_sem,llama,par3_0015,0.011112605532010397
D_sem,llama,par3_0016,-0.014951974153518677
D_sem,llama,par3_0017,-0.014796074231465658
D_sem,llama,par3_0018,0.009397792816162107
D_sem,llama,par3_0019,0.012461686134338379
D_sem,llama,par3_0020,-0.060577741265296935
D_sem,llama,par3_0021,0.0020196914672851556
D_sem,llama,par3_0022,0.013846723238627115
D_sem,llama,par3_0023,-0.03972367445627848
D_sem,llama,par3_0024,0.026317111651102704
D_sem,llama,par3_0025,-0.03536493380864461
D_sem,llama,par3_0026,0.012264945109685258
D_sem,llama,par3_0027,-0.035303842027982084
D_sem,llama,par3_0028,0.02358357310295105
D_sem,llama,par3_0029,0.0013392726580301918
D_sem,llama,par3_0030,-0.016901539762814843
D_sem,llama,par3_0031,-0.016185052196184792
D_sem,llama,par3_0032,-0.01567720174789429
D_sem,llama,par3_0033,0.006854410966237386
D_sem,llama,par3_0034,0.004011209805806478
D_sem,llama,par3_0035,0.008750422795613605
D_sem,llama,par3_0036,-0.0030220746994018555
D_sem,llama,par3_0037,0.019093215465545658
D_sem,llama,par3_0038,-0.00017884771029154598
D_sem,llama,par3_0039,0.019401947657267254
D_sem,llama,par3_0040,2.6827057202657063e-05
D_sem,llama,par3_0041,-0.0010482788085937496
D_sem,llama,par3_0042,0.04477600256601969
D_sem,llama,par3_0043,0.03690526088078817
D_sem,llama,par3_0044,0.025668957829475408
D_sem,llama,par3_0045,-0.011739774545033776
D_sem,llama,par3_0046,-0.03482783635457356
D_sem,llama,par3_0047,0.016978534062703454
D_sem,llama,par3_0048,0.022222125530242918
D_sem,llama,par3_0049,-0.03318322598934174
D_sem,llama,par3_0050,0.006444462140401205
D_sem,llama,par3_0051,0.005604798595110576
D_sem,llama,par3_0052,-0.004948786894480387
D_sem,llama,par3_0053,0.002076554298400878
D_sem,llama,par3_0054,-0.006363876660664877
D_sem,llama,par3_0055,-0.053186241785685213
D_sem,llama,par3_0056,0.03099687894185384
D_sem,llama,par3_0057,0.032067835330963135
D_sem,llama,par3_0058,-0.08030029137929282
D_sem,llama,par3_0059,0.045889369646708165
D_sem,llama,par3_0060,-0.044780999422073364
D_sem,llama,par3_0061,0.04173919359842936
D_sem,llama,par3_0062,-0.07253553469975789
D_sem,llama,par3_0063,-0.031112341086069747
D_sem,llama,par3_0064,0.04134629567464193
D_sem,llama,par3_0065,-0.011385515332221985
D_sem,llama,par3_0066,0.04383521874745686
D_sem,llama,par3_0067,-0.0021589477856953938
D_sem,llama,par3_0068,0.0006025950113932287
D_sem,llama,par3_0069,-0.06750193834304809
D_sem,llama,par3_0070,0.02496210336685181
D_sem,llama,par3_0071,0.0028581658999125154
D_sem,llama,par3_0072,-0.02251411378383637
D_sem,llama,par3_0073,0.03432125647862752
D_sem,llama,par3_0074,0.018399059772491455
D_sem,llama,par3_0075,0.013226699829101565
D_sem,llama,par3_0076,0.004343430201212565
D_sem,llama,par3_0077,0.008739022413889568
D_sem,llama,par3_0078,-0.0003418942292531338
D_sem,llama,par3_0079,-0.0004619677861531577
D_sem,llama,par3_0080,-0.05959662894407908
D_sem,llama,par3_0081,0.003229677677154541
D_sem,llama,par3_0082,0.009269425272941589
D_sem,llama,par3_0083,-0.040072545409202576
D_sem,llama,par3_0084,-0.019278812408447258
D_sem,llama,par3_0085,0.009018218517303467
D_sem,llama,par3_0086,0.00695188840230306
D_sem,llama,par3_0087,0.03294196526209513
D_sem,llama,par3_0088,0.0013956149419148765
D_sem,llama,par3_0089,-0.07854156096776327
D_sem,llama,par3_0090,-0.013895257314046228
D_sem,llama,par3_0091,0.00486155351003011
D_sem,llama,par3_0092,-0.07035474379857382
D_sem,llama,par3_0093,0.007596019903818765
D_sem,llama,par3_0094,-0.01881988048553467
D_sem,llama,par3_0095,-0.011692625284194944
D_sem,llama,par3_0096,0.010489641626675922
D_sem,llama,par3_0097,-0.01786074241002401
D_sem,llama,par3_0098,0.00451663335164388
D_sem,llama,par3_0099,-0.07459033727645874
D_sem,llama,par3_0100,-0.0026197969913482663
D_sem,llama,par3_0101,0.016343581676483157
D_sem,llama,par3_0102,-0.005727786819140116
D_sem,llama,par3_0103,0.1711562325557073
D_sem,llama,par3_0104,0.03708783388137818
D_sem,llama,par3_0105,-0.009854877988497416
D_sem,llama,par3_0106,-0.015393026669820148
D_sem,llama,par3_0107,0.008329089482625326
D_sem,llama,par3_0108,0.014599943161010742
D_sem,llama,par3_0109,-0.020815535386403402
D_sem,llama,par3_0110,0.007514306902885438
D_sem,llama,par3_0111,-0.005754983425140382
D_sem,llama,par3_0112,0.00659993886947632
D_sem,llama,par3_0113,0.02317324082056681
D_sem,llama,par3_0114,0.028610833485921226
D_sem,llama,par3_0115,-0.0005127231280008943
D_sem,llama,par3_0116,0.021434982617696125
D_sem,llama,par3_0117,-0.004043916861216226
D_sem,llama,par3_0118,0.001944061120351152
D_sem,llama,par3_0119,0.004448006550470987
D_sem,llama,par3_0120,-0.002350580692291259
D_sem,llama,par3_0121,-0.00447077751159668
D_sem,llama,par3_0122,0.018676435947418215
D_sem,llama,par3_0123,0.010148640473683676
D_sem,llama,par3_0124,-0.011759385466575623
D_sem,llama,par3_0125,-0.04830177227656046
D_sem,llama,par3_0126,0.020433300071292453
D_sem,llama,par3_0127,-0.006403434276580809
D_sem,llama,par3_0128,0.01762693723042806
D_sem,llama,par3_0129,0.03125397165616353
D_sem,llama,par3_0130,0.017415916919708247
D_sem,llama,par3_0131,0.08136226733525594
D_sem,llama,par3_0132,0.05914762616157532
D_sem,llama,par3_0133,-0.0034904718399047844
D_sem,llama,par3_0134,-0.02686932682991028
D_sem,llama,par3_0135,0.0015935252110163382
D_sem,llama,par3_0136,-0.051747310161590586
D_sem,llama,par3_0137,-0.007511606812477111
D_sem,llama,par3_0138,0.007534874478975931
D_sem,llama,par3_0139,-0.0010030229886372883
D_sem,llama,par3_0140,0.020687937736511234
D_sem,llama,par3_0141,-0.009430623054504391
D_sem,llama,par3_0142,-0.005426943302154542
D_sem,llama,par3_0143,0.023051083087921143
D_sem,llama,par3_0144,0.03622487187385559
D_sem,llama,par3_0145,-0.013765406608581545
D_sem,llama,par3_0146,0.043911023934682214
D_sem,llama,par3_0147,-0.05966834227244059
D_sem,llama,par3_0148,0.01127789815266927
D_sem,llama,par3_0149,0.03039734363555908
D_sem,llama,par3_0150,0.025696420669555662
D_sem,llama,par3_0151,-0.022302651156981785
D_sem,llama,par3_0152,-0.05891051689783733
D_sem,llama,par3_0153,-0.034220250447591145
D_sem,llama,par3_0154,0.012298087279001871
D_sem,llama,par3_0155,0.010617961486180624
D_sem,llama,par3_0156,0.002816967169443768
D_sem,llama,par3_0157,-0.06018608808517456
D_sem,llama,par3_0158,-0.04909396171569824
D_sem,llama,par3_0160,-0.01894439657529195
D_sem,llama,par3_0161,0.01193348268667857
D_sem,llama,par3_0162,0.0037742137908935557
D_sem,llama,par3_0163,0.010794401168823242
D_sem,llama,par3_0164,0.0009541173775990808
D_sem,llama,par3_0165,-0.04121024211247762
D_sem,llama,par3_0166,-0.06707871456940968
D_sem,llama,par3_0167,0.06025075167417526
D_sem,llama,par3_0168,0.0014050831397374476
D_sem,llama,par3_0169,-0.10551933447519939
D_sem,llama,par3_0170,0.0013530373573303219
D_sem,llama,par3_0171,0.014195001125335694
D_sem,llama,par3_0172,0.02308162848154704
D_sem,llama,par3_0173,0.011147193113962811
D_sem,llama,par3_0174,0.005716866254806517
D_sem,llama,par3_0175,0.0036918669939041138
D_sem,llama,par3_0176,0.0046594361464182546
D_sem,llama,par3_0177,-0.008064087231953935
D_sem,llama,par3_0178,-0.028949804107348123
D_sem,llama,par3_0179,-0.001791663964589435
D_sem,llama,par3_0180,0.026065651575724283
D_sem,llama,par3_0181,-0.007982675234476726
D_sem,llama,par3_0182,-0.011936938762664795
D_sem,llama,par3_0183,-0.005307102203369139
D_sem,llama,par3_0184,-0.03952389160792033
D_sem,llama,par3_0185,0.02558474540710449
D_sem,llama,par3_0186,-0.03482425212860108
D_sem,llama,par3_0187,0.009057366847991945
D_sem,llama,par3_0188,0.0037110656499862657
D_sem,llama,par3_0189,-0.007389585177103683
D_sem,llama,par3_0190,-0.06335354248682658
D_sem,llama,par3_0191,-0.006311523914337158
D_sem,llama,par3_0192,0.003668983777364095
D_sem,llama,par3_0193,-0.04510958989461264
D_sem,llama,par3_0194,0.001953705151875814
D_sem,llama,par3_0195,0.01905514399210612
D_sem,llama,par3_0196,-0.01264475683371226
D_sem,llama,par3_0197,-0.007670994599660238
D_sem,llama,par3_0198,-0.05097422997156779
D_sem,llama,par3_0199,-0.05290172894795736
D_sem,mistral,par3_0000,0.015729387601216633
D_sem,mistral,par3_0001,0.008710200587908426
D_sem,mistral,par3_0002,0.031590088208516436
D_sem,mistral,par3_0003,0.06947422424952189
D_sem,mistral,par3_0004,0.006348967552185059
D_sem,mistral,par3_0005,-0.04059594869613648
D_sem,mistral,par3_0006,0.018364520867665605
D_sem,mistral,par3_0007,0.02116297682126363
D_sem,mistral,par3_0008,0.02838418980439504
D_sem,mistral,par3_0009,0.009699766834576925
D_sem,mistral,par3_0010,0.04013086160024007
D_sem,mistral,par3_0011,0.033380921681722
D_sem,mistral,par3_0012,-0.000217052300771077
D_sem,mistral,par3_0013,0.010903012752532958
D_sem,mistral,par3_0014,0.016142383217811584
D_sem,mistral,par3_0015,0.010202111800511678
D_sem,mistral,par3_0016,0.015132892131805421
D_sem,mistral,par3_0017,-0.009246741731961569
D_sem,mistral,par3_0018,0.029064989089965815
D_sem,mistral,par3_0019,0.007389342784881593
D_sem,mistral,par3_0020,-0.02939613163471222
D_sem,mistral,par3_0021,0.006295402844746907
D_sem,mistral,par3_0022,0.027933474381764727
D_sem,mistral,par3_0023,-0.02952266236146291
D_sem,mistral,par3_0024,0.03702575365702311
D_sem,mistral,par3_0025,-0.028847336769104004
D_sem,mistral,par3_0026,0.027951105435689294
D_sem,mistral,par3_0027,-0.029313846429189046
D_sem,mistral,par3_0028,0.004927685856819152
D_sem,mistral,par3_0029,0.0003921151161193857
D_sem,mistral,par3_0030,0.025573236743609108
D_sem,mistral,par3_0031,0.008349799116452538
D_sem,mistral,par3_0032,-0.006172132492065427
D_sem,mistral,par3_0033,9.228785832722924e-05
D_sem,mistral,par3_0034,0.007831223805745444
D_sem,mistral,par3_0035,0.009925953547159833
D_sem,mistral,par3_0036,0.007378311951955159
D_sem,mistral,par3_0037,0.030518983801205952
D_sem,mistral,par3_0038,0.006024145086606343
D_sem,mistral,par3_0039,-0.0022298693656921387
D_sem,mistral,par3_0040,0.031486486395200096
D_sem,mistral,par3_0041,0.00203226407368978
D_sem,mistral,par3_0042,0.015730456511179606
D_sem,mistral,par3_0043,0.02937584718068441
D_sem,mistral,par3_0044,0.019990587234497068
D_sem,mistral,par3_0045,-0.00986399253209432
D_sem,mistral,par3_0046,-0.03644193808237712
D_sem,mistral,par3_0047,0.006890167792638144
D_sem,mistral,par3_0048,0.025115056832631433
D_sem,mistral,par3_0049,-0.016930741071701047
D_sem,mistral,par3_0050,-0.000995214780171712
D_sem,mistral,par3_0051,-0.0020896782477696717
D_sem,mistral,par3_0052,-0.0009793877601623525
D_sem,mistral,par3_0053,0.006488772233327229
D_sem,mistral,par3_0054,-0.005419989426930745
D_sem,mistral,par3_0055,-0.013671433925628668
D_sem,mistral,par3_0056,0.031519218285878496
D_sem,mistral,par3_0057,0.032304187615712486
D_sem,mistral,par3_0058,-0.035680797364976674
D_sem,mistral,par3_0059,0.04805119832356771
D_sem,mistral,par3_0060,-0.04774523675441742
D_sem,mistral,par3_0061,0.032089304924011235
D_sem,mistral,par3_0062,-0.05870923201243083
D_sem,mistral,par3_0063,-0.01912502447764079
D_sem,mistral,par3_0064,0.027665023008982343
D_sem,mistral,par3_0065,0.012750241491529679
D_sem,mistral,par3_0066,0.05491772492726644
D_sem,mistral,par3_0067,-0.0006754438082377119
D_sem,mistral,par3_0068,0.0427452564239502
D_sem,mistral,par3_0069,-0.02237537304560343
D_sem,mistral,par3_0070,0.02562787135442098
D_sem,mistral,par3_0071,0.0034309784571329763
D_sem,mistral,par3_0072,0.0005699783563613905
D_sem,mistral,par3_0073,0.03406616051991781
D_sem,mistral,par3_0074,0.023197750250498455
D_sem,mistral,par3_0075,0.04224037826061249
D_sem,mistral,par3_0076,0.004268840948740641
D_sem,mistral,par3_0077,0.034082091848055523
D_sem,mistral,par3_0078,0.028764099876085917
D_sem,mistral,par3_0079,0.00705473224322001
D_sem,mistral,par3_0080,-0.05781591335932414
D_sem,mistral,par3_0081,0.0008609255154927569
D_sem,mistral,par3_0082,0.01827805042266846
D_sem,mistral,par3_0083,-0.029188199838002526
D_sem,mistral,par3_0084,0.02075868050257364
D_sem,mistral,par3_0085,0.0012056867281595867
D_sem,mistral,par3_0086,0.003697335720062256
D_sem,mistral,par3_0087,0.03608814477920532
D_sem,mistral,par3_0088,0.001087196667989096
D_sem,mistral,par3_0089,-0.08159911632537843
D_sem,mistral,par3_0090,0.014583023389180513
D_sem,mistral,par3_0091,0.003090731302897135
D_sem,mistral,par3_0092,-0.048759122689565025
D_sem,mistral,par3_0093,-0.004761020342508952
D_sem,mistral,par3_0094,-0.0010784298181533841
D_sem,mistral,par3_0095,0.0006380453705787659
D_sem,mistral,par3_0096,0.013477971156438192
D_sem,mistral,par3_0097,-0.01885875960191091
D_sem,mistral,par3_0098,-0.00012066761652628512
D_sem,mistral,par3_0099,-0.07126330137252808
D_sem,mistral,par3_0100,0.04285854697227478
D_sem,mistral,par3_0101,0.05370183289051056
D_sem,mistral,par3_0102,-0.011125842730204264
D_sem,mistral,par3_0103,0.2721387137969335
D_sem,mistral,par3_0104,0.03616656064987183
D_sem,mistral,par3_0105,-0.01585666338602702
D_sem,mistral,par3_0106,-0.0037084738413492835
D_sem,mistral,par3_0107,0.03417659600575765
D_sem,mistral,par3_0108,0.023272383213043212
D_sem,mistral,par3_0109,-0.020743517080942787
D_sem,mistral,par3_0110,0.019062325358390808
D_sem,mistral,par3_0111,-0.005367441972096761
D_sem,mistral,par3_0112,0.0011948426564534487
D_sem,mistral,par3_0113,0.008457605044047037
D_sem,mistral,par3_0114,0.03213841915130615
D_sem,mistral,par3_0115,0.005755531787872316
D_sem,mistral,par3_0116,0.029528443018595377
D_sem,mistral,par3_0117,-0.0014550129572550446
D_sem,mistral,par3_0118,0.02564822038014729
D_sem,mistral,par3_0119,0.01776499847571055
D_sem,mistral,par3_0120,0.015609614054361976
D_sem,mistral,par3_0121,0.06940084397792816
D_sem,mistral,par3_0122,0.01021405061086019
D_sem,mistral,par3_0123,0.009669228394826252
D_sem,mistral,par3_0124,-0.009330165386199952
D_sem,mistral,par3_0125,-0.04804357290267944
D_sem,mistral,par3_0126,0.03147298494974772
D_sem,mistral,par3_0127,-0.002556796868642172
D_sem,mistral,par3_0128,0.050344626108805336
D_sem,mistral,par3_0129,0.022986437877019244
D_sem,mistral,par3_0130,-0.005567316214243573
D_sem,mistral,par3_0131,0.12178745269775389
D_sem,mistral,par3_0132,0.12518052458763124
D_sem,mistral,par3_0133,0.009312379360198977
D_sem,mistral,par3_0134,-0.022246086597442625
D_sem,mistral,par3_0135,0.018071311215559643
D_sem,mistral,par3_0136,-0.027414854367574053
D_sem,mistral,par3_0137,0.007513979077339174
D_sem,mistral,par3_0138,0.02014432946840922
D_sem,mistral,par3_0139,0.0015330463647842407
D_sem,mistral,par3_0140,0.017124005158742267
D_sem,mistral,par3_0141,0.03993072112401327
D_sem,mistral,par3_0142,-0.0033786733945210777
D_sem,mistral,par3_0143,0.03148531913757324
D_sem,mistral,par3_0144,0.018982776006062827
D_sem,mistral,par3_0145,0.02217652499675751
D_sem,mistral,par3_0146,0.01979747215906779
D_sem,mistral,par3_0147,-0.055721111098925274
D_sem,mistral,par3_0148,0.016381871700286866
D_sem,mistral,par3_0149,0.02339450518290202
D_sem,mistral,par3_0150,0.01721392075220744
D_sem,mistral,par3_0151,-0.008860190709431967
D_sem,mistral,par3_0152,-0.049327040712038674
D_sem,mistral,par3_0153,-0.04256406227747599
D_sem,mistral,par3_0154,0.021195785204569495
D_sem,mistral,par3_0155,0.007103355725606282
D_sem,mistral,par3_0156,-0.0007664680480957038
D_sem,mistral,par3_0157,-0.06672390699386598
D_sem,mistral,par3_0158,-0.024728151162465416
D_sem,mistral,par3_0160,0.01080556015173594
D_sem,mistral,par3_0161,0.012952856222788493
D_sem,mistral,par3_0162,0.002526847521464029
D_sem,mistral,par3_0163,-0.01093893051147461
D_sem,mistral,par3_0164,-0.005838314692179362
D_sem,mistral,par3_0165,-0.01845748027165731
D_sem,mistral,par3_0166,-0.038832531621058784
D_sem,mistral,par3_0167,0.0913921557366848
D_sem,mistral,par3_0168,0.006238298614819845
D_sem,mistral,par3_0169,-0.0760108232498169
D_sem,mistral,par3_0170,0.006254931290944416
D_sem,mistral,par3_0171,0.005048024654388428
D_sem,mistral,par3_0172,-0.01599600315093994
D_sem,mistral,par3_0173,0.01738475759824117
D_sem,mistral,par3_0174,-0.0020029306411743163
D_sem,mistral,par3_0175,-0.0009396990140279107
D_sem,mistral,par3_0176,0.014290962616602579
D_sem,mistral,par3_0177,0.03493322432041168
D_sem,mistral,par3_0178,-0.01737505892912547
D_sem,mistral,par3_0179,0.012799863020579024
D_sem,mistral,par3_0180,0.02882521947224935
D_sem,mistral,par3_0181,-0.004373534520467122
D_sem,mistral,par3_0182,-0.014628350734710693
D_sem,mistral,par3_0183,-0.012245294451713561
D_sem,mistral,par3_0184,-0.022373435894648238
D_sem,mistral,par3_0185,0.03362197875976563
D_sem,mistral,par3_0186,-0.031076057751973474
D_sem,mistral,par3_0187,0.018486273288726807
D_sem,mistral,par3_0188,0.004500690102577211
D_sem,mistral,par3_0189,0.040449972947438566
D_sem,mistral,par3_0190,-0.0602999488512675
D_sem,mistral,par3_0191,0.056523144245147705
D_sem,mistral,par3_0192,0.011496226986249289
D_sem,mistral,par3_0193,-0.017709096272786457
D_sem,mistral,par3_0194,0.02509418328603109
D_sem,mistral,par3_0195,0.013693208495775858
D_sem,mistral,par3_0196,0.008298455675443012
D_sem,mistral,par3_0197,-0.0065337340037028005
D_sem,mistral,par3_0198,-0.042398413022359215
D_sem,mistral,par3_0199,-0.058905716737111403
D_sem,qwen,par3_0000,-0.008966954549153647
D_sem,qwen,par3_0001,0.006319458285967509
D_sem,qwen,par3_0002,0.013875865936279297
D_sem,qwen,par3_0003,0.018548242251078286
D_sem,qwen,par3_0004,0.010429203510284424
D_sem,qwen,par3_0006,0.03785489400227865
D_sem,qwen,par3_0007,0.01974077522754669
D_sem,qwen,par3_0008,0.006849308808644612
D_sem,qwen,par3_0009,-0.010760138432184855
D_sem,qwen,par3_0010,0.022915538152058917
D_sem,qwen,par3_0011,-0.004638775189717612
D_sem,qwen,par3_0012,-0.0023388822873433427
D_sem,qwen,par3_0013,0.0024145510461595333
D_sem,qwen,par3_0014,0.010081096490224201
D_sem,qwen,par3_0015,0.006963418920834859
D_sem,qwen,par3_0016,0.014287841320037839
D_sem,qwen,par3_0017,-0.012362929185231528
D_sem,qwen,par3_0018,0.002584253748257955
D_sem,qwen,par3_0020,-0.06616051495075226
D_sem,qwen,par3_0021,0.002425599098205567
D_sem,qwen,par3_0022,-0.058703866269853376
D_sem,qwen,par3_0023,-0.03241454561551412
D_sem,qwen,par3_0024,0.034527814388275145
D_sem,qwen,par3_0025,0.02534221609433492
D_sem,qwen,par3_0026,0.007775728901227315
D_sem,qwen,par3_0027,-0.04875962634881337
D_sem,qwen,par3_0028,0.012689560651779175
D_sem,qwen,par3_0029,-0.0017953793207804356
D_sem,qwen,par3_0030,-0.02270438273747762
D_sem,qwen,par3_0031,-0.017101795474688212
D_sem,qwen,par3_0032,-0.014894505341847738
D_sem,qwen,par3_0033,-0.001110152403513591
D_sem,qwen,par3_0034,0.0009666969378789268
D_sem,qwen,par3_0035,-0.0004859129587809231
D_sem,qwen,par3_0036,-0.000494996706644694
D_sem,qwen,par3_0037,0.01983834505081177
D_sem,qwen,par3_0038,-0.0048437307278315226
D_sem,qwen,par3_0039,-0.001580341657002766
D_sem,qwen,par3_0040,0.032351755847533546
D_sem,qwen,par3_0041,-0.002528443932533264
D_sem,qwen,par3_0042,0.03553722898165385
D_sem,qwen,par3_0043,0.029224748412768047
D_sem,qwen,par3_0044,0.020213815569877624
D_sem,qwen,par3_0045,-0.05530047019322714
D_sem,qwen,par3_0047,0.010020562012990317
D_sem,qwen,par3_0048,0.012424945831298828
D_sem,qwen,par3_0049,-0.039291590452194214
D_sem,qwen,par3_0050,0.011079359054565427
D_sem,qwen,par3_0051,-0.0028309325377146393
D_sem,qwen,par3_0052,7.232030232747165e-05
D_sem,qwen,par3_0053,8.537769317626977e-05
D_sem,qwen,par3_0054,-0.005953423182169597
D_sem,qwen,par3_0055,-0.05873502790927887
D_sem,qwen,par3_0056,0.016240652402242022
D_sem,qwen,par3_0057,0.02076021432876587
D_sem,qwen,par3_0058,-0.08399240672588348
D_sem,qwen,par3_0059,0.04713904460271199
D_sem,qwen,par3_0060,-0.03504864498972893
D_sem,qwen,par3_0061,0.02718149423599243
D_sem,qwen,par3_0062,-0.05527448654174805
D_sem,qwen,par3_0063,-0.027693122625350952
D_sem,qwen,par3_0064,0.025523066520690918
D_sem,qwen,par3_0065,-0.01296489437421163
D_sem,qwen,par3_0066,0.006727194786071777
D_sem,qwen,par3_0067,0.003267399470011393
D_sem,qwen,par3_0068,-0.0004002372423807781
D_sem,qwen,par3_0069,-0.06462910970052084
D_sem,qwen,par3_0070,0.014507190386454266
D_sem,qwen,par3_0071,0.002157111962636311
D_sem,qwen,par3_0072,-0.025048881769180298
D_sem,qwen,par3_0073,0.028106498718261718
D_sem,qwen,par3_0074,0.022550706068674722
D_sem,qwen,par3_0075,0.02514297515153885
D_sem,qwen,par3_0076,0.0008004665374755857
D_sem,qwen,par3_0077,0.023901499311129254
D_sem,qwen,par3_0078,0.01011584798494975
D_sem,qwen,par3_0079,0.0038419018189112344
D_sem,qwen,par3_0080,-0.06288817524909973
D_sem,qwen,par3_0081,0.00202556848526001
D_sem,qwen,par3_0082,-0.004787582159042359
D_sem,qwen,par3_0083,-0.046619780858357746
D_sem,qwen,par3_0085,0.0032922506332397467
D_sem,qwen,par3_0086,0.009478827317555744
D_sem,qwen,par3_0087,0.016157337029774982
D_sem,qwen,par3_0088,-0.00050818125406901
D_sem,qwen,par3_0089,-0.09341529508431752
D_sem,qwen,par3_0090,-0.00807345708211262
D_sem,qwen,par3_0091,0.002405772606531779
D_sem,qwen,par3_0092,-0.08355128268400829
D_sem,qwen,par3_0093,0.0035691817601521797
D_sem,qwen,par3_0095,0.0007952600717544568
D_sem,qwen,par3_0096,0.01540874441464742
D_sem,qwen,par3_0097,-0.02533027281363805
D_sem,qwen,par3_0098,-0.0013317783673604325
D_sem,qwen,par3_0099,-0.08807197709878285
D_sem,qwen,par3_0100,0.0098649799823761
D_sem,qwen,par3_0102,-0.00947545866171519
D_sem,qwen,par3_0103,0.21059322257836663
D_sem,qwen,par3_0104,0.016945882638295492
D_sem,qwen,par3_0106,-0.009930431842803955
D_sem,qwen,par3_0108,0.002561371773481369
D_sem,qwen,par3_0109,-0.018010730544726055
D_sem,qwen,par3_0110,-0.0013122797012329105
D_sem,qwen,par3_0111,-0.006993850072224935
D_sem,qwen,par3_0112,-0.004182036717732748
D_sem,qwen,par3_0113,0.008049543698628744
D_sem,qwen,par3_0114,0.019388834635416664
D_sem,qwen,par3_0115,4.73578770955399e-05
D_sem,qwen,par3_0116,0.02649925152460734
D_sem,qwen,par3_0117,-0.0032191395759582526
D_sem,qwen,par3_0118,-0.04604647556940714
D_sem,qwen,par3_0119,0.007867787281672159
D_sem,qwen,par3_0120,0.011388242244720459
D_sem,qwen,par3_0121,-0.00651894211769104
D_sem,qwen,par3_0122,0.011762094497680663
D_sem,qwen,par3_0123,0.007440535227457683
D_sem,qwen,par3_0124,-0.010874179005622863
D_sem,qwen,par3_0126,0.023884419600168863
D_sem,qwen,par3_0127,-0.016293513774871825
D_sem,qwen,par3_0128,-0.00010819832483927386
D_sem,qwen,par3_0129,0.035172410806020106
D_sem,qwen,par3_0130,-0.013315526644388833
D_sem,qwen,par3_0131,0.03209062814712524
D_sem,qwen,par3_0132,0.07456791043281555
D_sem,qwen,par3_0133,-0.0039020856221516956
D_sem,qwen,par3_0135,-0.0008259912331899001
D_sem,qwen,par3_0136,-0.06507230301698048
D_sem,qwen,par3_0137,-0.016205360492070515
D_sem,qwen,par3_0138,-0.0037938306728998814
D_sem,qwen,par3_0139,0.00763707955678304
D_sem,qwen,par3_0140,0.01752596298853556
D_sem,qwen,par3_0141,-0.030761430660883587
D_sem,qwen,par3_0142,-0.004217251141866048
D_sem,qwen,par3_0143,0.022452227274576825
D_sem,qwen,par3_0144,0.010333025455474853
D_sem,qwen,par3_0145,-0.01162765920162201
D_sem,qwen,par3_0146,0.048524161179860435
D_sem,qwen,par3_0147,-0.0615713099638621
D_sem,qwen,par3_0148,0.01766862869262695
D_sem,qwen,par3_0149,0.044475718339284265
D_sem,qwen,par3_0150,0.017359161376953126
D_sem,qwen,par3_0154,0.009161370495955149
D_sem,qwen,par3_0155,0.00732318659623464
D_sem,qwen,par3_0156,0.007290693124135335
D_sem,qwen,par3_0157,-0.03410938878854116
D_sem,qwen,par3_0160,-0.01661518414815267
D_sem,qwen,par3_0161,0.006241629521052043
D_sem,qwen,par3_0162,0.004163654645284017
D_sem,qwen,par3_0163,-0.008584757645924887
D_sem,qwen,par3_0164,-1.4678637186687124e-05
D_sem,qwen,par3_0166,-0.07540187363823254
D_sem,qwen,par3_0167,0.07490724325180054
D_sem,qwen,par3_0168,-0.0027103881041208914
D_sem,qwen,par3_0169,-0.11253780623277028
D_sem,qwen,par3_0170,-0.0013370116551717122
D_sem,qwen,par3_0171,0.0009356180826822919
D_sem,qwen,par3_0172,-0.018713378906249998
D_sem,qwen,par3_0174,-0.002066245675086975
D_sem,qwen,par3_0176,0.014864606658617654
D_sem,qwen,par3_0177,-0.010898784796396893
D_sem,qwen,par3_0178,-0.028061066071192426
D_sem,qwen,par3_0179,-0.037134786446889244
D_sem,qwen,par3_0180,0.03324677149454753
D_sem,qwen,par3_0181,-0.0040770888328552244
D_sem,qwen,par3_0182,-0.012453925609588622
D_sem,qwen,par3_0183,-0.0171223779519399
D_sem,qwen,par3_0184,-0.041870380441347756
D_sem,qwen,par3_0185,0.026820981502532957
D_sem,qwen,par3_0186,-0.0503611167271932
D_sem,qwen,par3_0187,-0.0017822782198588054
D_sem,qwen,par3_0188,0.01294363538424174
D_sem,qwen,par3_0189,-0.013139128684997559
D_sem,qwen,par3_0191,0.017894600828488667
D_sem,qwen,par3_0192,-0.00249669353167216
D_sem,qwen,par3_0193,-0.05900274382697212
D_sem,qwen,par3_0194,0.0026967932780583696
D_sem,qwen,par3_0195,0.004564747214317322
D_sem,qwen,par3_0197,-0.005593077341715495
D_sem,qwen,par3_0198,-0.05681475003560384
D_sem,qwen,par3_0199,-0.053049155076344806
D_style,gemma,par3_0000,0.1005675722665188
D_style,gemma,par3_0001,0.025956069838899237
D_style,gemma,par3_0002,0.11115137915920431
D_style,gemma,par3_0003,0.05912836502871501
D_style,gemma,par3_0004,0.030984723050915302
D_style,gemma,par3_0005,-0.023336899692472286
D_style,gemma,par3_0006,0.0030377873733380225
D_style,gemma,par3_0007,0.04997708525997362
D_style,gemma,par3_0008,-0.07758078869370033
D_style,gemma,par3_0009,0.003804253512375233
D_style,gemma,par3_0010,-0.014705341398240682
D_style,gemma,par3_0011,-0.011038861955479706
D_style,gemma,par3_0012,0.05448771553323758
D_style,gemma,par3_0013,0.22601674587152684
D_style,gemma,par3_0014,-0.08316800659287489
D_style,gemma,par3_0015,0.18688252615557996
D_style,gemma,par3_0016,-0.10971320192216727
D_style,gemma,par3_0017,0.043083747903491953
D_style,gemma,par3_0018,-0.00556490507209569
D_style,gemma,par3_0019,-0.03518312551390298
D_style,gemma,par3_0020,-0.06873132749428451
D_style,gemma,par3_0021,-0.003870682205365165
D_style,gemma,par3_0022,-0.06219910513028674
D_style,gemma,par3_0023,-0.10626464488928689
D_style,gemma,par3_0024,0.1718787303684015
D_style,gemma,par3_0025,0.0405254149669233
D_style,gemma,par3_0026,-0.09086581433850839
D_style,gemma,par3_0027,-0.09078594407468461
D_style,gemma,par3_0028,-1.9822928020200397e-05
D_style,gemma,par3_0029,-0.010672917007552149
D_style,gemma,par3_0030,-0.04944339403187015
D_style,gemma,par3_0031,0.007646291317072469
D_style,gemma,par3_0032,0.03709681966055833
D_style,gemma,par3_0033,-0.00884806749054362
D_style,gemma,par3_0034,4.827405349905334e-07
D_style,gemma,par3_0035,0.05579833657456738
D_style,gemma,par3_0036,0.0002906422690609663
D_style,gemma,par3_0037,0.07528767272281073
D_style,gemma,par3_0038,0.18610310917368075
D_style,gemma,par3_0039,0.050970616048311025
D_style,gemma,par3_0040,-0.11716498689103856
D_style,gemma,par3_0041,0.009416150696070888
D_style,gemma,par3_0042,0.02714018666638977
D_style,gemma,par3_0043,0.06657236543490778
D_style,gemma,par3_0044,0.0013682304666545002
D_style,gemma,par3_0045,-0.07195101507420487
D_style,gemma,par3_0046,-0.11647709827939319
D_style,gemma,par3_0047,0.10390203458282032
D_style,gemma,par3_0048,-0.06848287738529503
D_style,gemma,par3_0049,-0.054635467532718064
D_style,gemma,par3_0050,-0.056986401782498676
D_style,gemma,par3_0051,-0.025661092448108807
D_style,gemma,par3_0052,-0.11266845922598206
D_style,gemma,par3_0053,-0.07604397274688596
D_style,gemma,par3_0054,-0.08705694900713468
D_style,gemma,par3_0055,-0.03193652786221146
D_style,gemma,par3_0056,0.0775252969948728
D_style,gemma,par3_0057,-0.15062975061518008
D_style,gemma,par3_0058,-0.10487473049825591
D_style,gemma,par3_0059,-0.04630557330308416
D_style,gemma,par3_0060,-0.029751658255082598
D_style,gemma,par3_0061,-0.07866211074066626
D_style,gemma,par3_0062,-0.013970987607623312
D_style,gemma,par3_0063,-0.17495694974440623
D_style,gemma,par3_0064,0.010424932971976627
D_style,gemma,par3_0065,0.06995329535745598
D_style,gemma,par3_0066,0.02716148762583707
D_style,gemma,par3_0067,0.04663085566990307
D_style,gemma,par3_0068,-0.08758736338802302
D_style,gemma,par3_0069,-0.0491825617298521
D_style,gemma,par3_0070,0.10994011297447263
D_style,gemma,par3_0071,0.05094495095034002
D_style,gemma,par3_0072,-0.023384763307678563
D_style,gemma,par3_0073,-0.029227960470724013
D_style,gemma,par3_0074,-0.12864089233555023
D_style,gemma,par3_0075,0.044136075843824875
D_style,gemma,par3_0076,-0.043614764040030916
D_style,gemma,par3_0077,-0.15943940142889315
D_style,gemma,par3_0078,-0.0016068215603743479
D_style,gemma,par3_0079,0.08578346225011613
D_style,gemma,par3_0080,-0.05298475160871371
D_style,gemma,par3_0081,-0.05094749026567058
D_style,gemma,par3_0082,0.008637488574956586
D_style,gemma,par3_0083,-0.028332854077808205
D_style,gemma,par3_0084,-0.11660603718625544
D_style,gemma,par3_0085,-0.05017218887926685
D_style,gemma,par3_0086,-0.010963864061903065
D_style,gemma,par3_0087,-0.005985406484473006
D_style,gemma,par3_0088,-0.1100010283702112
D_style,gemma,par3_0089,-0.1135173605397161
D_style,gemma,par3_0090,-0.022316722338746858
D_style,gemma,par3_0091,-0.02212640594202688
D_style,gemma,par3_0092,-0.12493176136157558
D_style,gemma,par3_0093,-0.0023899375512220766
D_style,gemma,par3_0094,0.016247606943827913
D_style,gemma,par3_0095,-0.05913952320570128
D_style,gemma,par3_0096,0.07665890044451688
D_style,gemma,par3_0097,-0.12554031008697383
D_style,gemma,par3_0098,-0.12872525043983163
D_style,gemma,par3_0100,0.015733570864195228
D_style,gemma,par3_0101,0.06419082476183657
D_style,gemma,par3_0102,0.05354002081900402
D_style,gemma,par3_0103,0.20536148138769847
D_style,gemma,par3_0104,-0.0035254508585550646
D_style,gemma,par3_0105,-0.03913695603411643
D_style,gemma,par3_0106,0.006135845002525471
D_style,gemma,par3_0107,0.015184278994698838
D_style,gemma,par3_0108,-0.12698207475850307
D_style,gemma,par3_0109,-0.06360032757426437
D_style,gemma,par3_0110,-0.04917617375959474
D_style,gemma,par3_0111,-0.12704159662100842
D_style,gemma,par3_0112,-0.050248800140062055
D_style,gemma,par3_0113,-0.007374428271133586
D_style,gemma,par3_0114,0.06107986145452732
D_style,gemma,par3_0115,0.048862118021268
D_style,gemma,par3_0116,0.1038365344141064
D_style,gemma,par3_0117,0.012590850619201843
D_style,gemma,par3_0118,-0.10069086903835452
D_style,gemma,par3_0119,0.045084397947674604
D_style,gemma,par3_0120,-0.013011030955401107
D_style,gemma,par3_0121,0.015465818454815178
D_style,gemma,par3_0122,-0.10754326350538851
D_style,gemma,par3_0123,-0.045237276828675066
D_style,gemma,par3_0124,0.010093950002181773
D_style,gemma,par3_0125,0.037305048991169376
D_style,gemma,par3_0126,-0.005828964226213336
D_style,gemma,par3_0127,0.09011885308525282
D_style,gemma,par3_0128,-0.0854785694534969
D_style,gemma,par3_0129,0.05904306993482691
D_style,gemma,par3_0130,-0.03255273492064439
D_style,gemma,par3_0131,0.021271383854843912
D_style,gemma,par3_0132,0.11387264561124004
D_style,gemma,par3_0133,-0.05485587930542326
D_style,gemma,par3_0134,-0.12601502423546304
D_style,gemma,par3_0135,-0.03986192690395977
D_style,gemma,par3_0136,-0.03887190607792479
D_style,gemma,par3_0137,-0.014451534394617735
D_style,gemma,par3_0138,0.02621992088044058
D_style,gemma,par3_0139,-0.10500373087201949
D_style,gemma,par3_0140,-0.06257390228896455
D_style,gemma,par3_0141,0.016804740323484262
D_style,gemma,par3_0142,0.07202806930417048
D_style,gemma,par3_0143,0.000850671591598721
D_style,gemma,par3_0144,0.019774882846537927
D_style,gemma,par3_0145,-0.032931964445026496
D_style,gemma,par3_0146,0.0865500880650435
D_style,gemma,par3_0147,-0.07923673624795925
D_style,gemma,par3_0148,0.09709977351414813
D_style,gemma,par3_0149,0.03146734960082607
D_style,gemma,par3_0150,-0.016832114610076453
D_style,gemma,par3_0151,-0.0665197605998251
D_style,gemma,par3_0152,-0.15073015887302807
D_style,gemma,par3_0153,-0.14895271033321844
D_style,gemma,par3_0154,-0.03124713736732145
D_style,gemma,par3_0155,0.06275717914725693
D_style,gemma,par3_0156,-0.005272011078632881
D_style,gemma,par3_0157,-0.01660730186175759
D_style,gemma,par3_0158,0.0002275099235781545
D_style,gemma,par3_0159,0.0979447200886492
D_style,gemma,par3_0160,0.10843478728345979
D_style,gemma,par3_0161,0.11422262752319112
D_style,gemma,par3_0162,-0.07517978649780173
D_style,gemma,par3_0163,0.43466763391030844
D_style,gemma,par3_0164,-0.13494140513565153
D_style,gemma,par3_0167,0.11921377659421661
D_style,gemma,par3_0168,-0.08621711978651818
D_style,gemma,par3_0169,-0.12268535878694338
D_style,gemma,par3_0170,-0.040331700638823666
D_style,gemma,par3_0171,-0.02035745258702315
D_style,gemma,par3_0172,-0.07158100866986922
D_style,gemma,par3_0173,0.10367259167719307
D_style,gemma,par3_0174,-0.11678011348468414
D_style,gemma,par3_0175,0.006838314774144168
D_style,gemma,par3_0176,0.16444348166554348
D_style,gemma,par3_0177,-0.07336712343889691
D_style,gemma,par3_0178,0.06954879461747636
D_style,gemma,par3_0179,-0.11543053048542347
D_style,gemma,par3_0180,-0.04061616139879798
D_style,gemma,par3_0181,-0.0014399323272097735
D_style,gemma,par3_0182,0.0884063641239337
D_style,gemma,par3_0183,-0.027334422271194786
D_style,gemma,par3_0184,-0.05165252280548368
D_style,gemma,par3_0185,-0.05953044663235485
D_style,gemma,par3_0186,-0.06537001008503761
D_style,gemma,par3_0187,0.1639180115306417
D_style,gemma,par3_0188,-0.15807799676686476
D_style,gemma,par3_0189,0.012798632809887503
D_style,gemma,par3_0190,-0.08140567333666542
D_style,gemma,par3_0191,-0.07227309803207123
D_style,gemma,par3_0192,-0.019312639245835945
D_style,gemma,par3_0193,0.06016565860794162
D_style,gemma,par3_0194,-0.0029287613416899283
D_style,gemma,par3_0195,0.0655145271782136
D_style,gemma,par3_0197,-0.06237289271815736
D_style,gemma,par3_0198,-0.139952322095891
D_style,gemma,par3_0199,-0.041146483071025176
D_style,llama,par3_0000,0.11176975987605757
D_style,llama,par3_0001,0.006877477587678889
D_style,llama,par3_0002,0.08199440958716592
D_style,llama,par3_0003,0.032179496830358756
D_style,llama,par3_0004,-0.0047872340646768485
D_style,llama,par3_0005,-0.11969259903928464
D_style,llama,par3_0006,0.12372083178594252
D_style,llama,par3_0007,0.030524468173536767
D_style,llama,par3_0008,-0.03735854844721006
D_style,llama,par3_0009,-0.046803462235515715
D_style,llama,par3_0010,0.0046605978921736195
D_style,llama,par3_0011,-0.05031166267645206
D_style,llama,par3_0012,0.0538278321211594
D_style,llama,par3_0013,0.3187566171336555
D_style,llama,par3_0014,-0.06788648588703054
D_style,llama,par3_0015,0.08508655784241975
D_style,llama,par3_0016,-0.12092784171185521
D_style,llama,par3_0017,0.021959801659169175
D_style,llama,par3_0018,0.011273502996384854
D_style,llama,par3_0019,-0.004057798673186268
D_style,llama,par3_0020,-0.05646035539135391
D_style,llama,par3_0021,0.014677631707138539
D_style,llama,par3_0022,-0.11106640873603486
D_style,llama,par3_0023,-0.11039359938936484
D_style,llama,par3_0024,0.219040306115769
D_style,llama,par3_0025,0.051722269103176975
D_style,llama,par3_0026,-0.05327981843071805
D_style,llama,par3_0027,-0.15893921575697276
D_style,llama,par3_0028,-0.00820291671626718
D_style,llama,par3_0029,-0.038237283173627824
D_style,llama,par3_0030,0.02873559604643568
D_style,llama,par3_0031,0.05045933656017823
D_style,llama,par3_0032,-0.03524166742221927
D_style,llama,par3_0033,-0.04103029142012018
D_style,llama,par3_0034,0.05973832836809941
D_style,llama,par3_0035,-0.0036830725436896583
D_style,llama,par3_0036,0.002622268675444054
D_style,llama,par3_0037,0.08566650973659555
D_style,llama,par3_0038,0.05356702462713325
D_style,llama,par3_0039,0.14675568595968952
D_style,llama,par3_0040,-0.0703856570861589
D_style,llama,par3_0041,0.01848331172226351
D_style,llama,par3_0042,0.011417820022368685
D_style,llama,par3_0043,0.07664075545595361
D_style,llama,par3_0044,0.015936403770182378
D_style,llama,par3_0045,-0.03930149421670267
D_style,llama,par3_0046,-0.09561133129185974
D_style,llama,par3_0047,0.19367776168798448
D_style,llama,par3_0048,-0.024603197810597277
D_style,llama,par3_0049,-0.0073746681435617285
D_style,llama,par3_0050,0.05349558976807436
D_style,llama,par3_0051,-0.018604675184690427
D_style,llama,par3_0052,0.02062371873031003
D_style,llama,par3_0053,-0.07982828903862589
D_style,llama,par3_0054,-0.07270521096348742
D_style,llama,par3_0055,-0.08600438034095197
D_style,llama,par3_0056,0.036532256077463354
D_style,llama,par3_0057,-0.0591856264708272
D_style,llama,par3_0058,-0.004828150862121072
D_style,llama,par3_0059,0.019343804985747688
D_style,llama,par3_0060,-0.07219353350366652
D_style,llama,par3_0061,-0.06897424752665175
D_style,llama,par3_0062,-0.04410590962835089
D_style,llama,par3_0063,-0.12192728232054213
D_style,llama,par3_0064,-0.0015924971008360507
D_style,llama,par3_0065,0.0533676843393349
D_style,llama,par3_0066,0.012669458064417318
D_style,llama,par3_0067,0.07806087950659092
D_style,llama,par3_0068,-0.12492833761062407
D_style,llama,par3_0069,-0.01151301748762564
D_style,llama,par3_0070,0.005803216254358164
D_style,llama,par3_0071,0.117410039878323
D_style,llama,par3_0072,0.03673124016246284
D_style,llama,par3_0073,0.07308215585971878
D_style,llama,par3_0074,-0.1384427368430164
D_style,llama,par3_0075,-0.05346709804593263
D_style,llama,par3_0076,0.022382828708332376
D_style,llama,par3_0077,-0.14454411277061296
D_style,llama,par3_0078,0.03148342777096466
D_style,llama,par3_0079,0.03522182681025001
D_style,llama,par3_0080,-0.08973832766236205
D_style,llama,par3_0081,-0.038722462184007135
D_style,llama,par3_0082,0.05969056610723667
D_style,llama,par3_0083,-0.004050455474016686
D_style,llama,par3_0084,-0.010546173783425225
D_style,llama,par3_0085,-0.05163779987599981
D_style,llama,par3_0086,0.008293742763528253
D_style,llama,par3_0087,-0.03682433945614807
D_style,llama,par3_0088,-0.03838161614579191
D_style,llama,par3_0089,-0.05531979472284132
D_style,llama,par3_0090,-0.009027617951468336
D_style,llama,par3_0091,0.02496664897032101
D_style,llama,par3_0092,-0.03903546741516976
D_style,llama,par3_0093,0.16242249326510713
D_style,llama,par3_0094,-0.014433172594734875
D_style,llama,par3_0095,-0.032752852498757944
D_style,llama,par3_0096,0.005711825510160908
D_style,llama,par3_0097,-0.0836287124656467
D_style,llama,par3_0098,-0.12973858842161837
D_style,llama,par3_0099,-0.043764159252481116
D_style,llama,par3_0100,0.07786947378380642
D_style,llama,par3_0101,0.056165668435465034
D_style,llama,par3_0102,0.04671885055695952
D_style,llama,par3_0103,0.15690241341371589
D_style,llama,par3_0104,0.03859588491412826
D_style,llama,par3_0105,0.12510465196904424
D_style,llama,par3_0106,-0.09570267577781617
D_style,llama,par3_0107,-0.10302950125249033
D_style,llama,par3_0108,-0.10115744719808818
D_style,llama,par3_0109,-0.05518064403978562
D_style,llama,par3_0110,0.027789384888839436
D_style,llama,par3_0111,-0.08571897865089768
D_style,llama,par3_0112,-0.05761323107465932
D_style,llama,par3_0113,0.01917874723554121
D_style,llama,par3_0114,0.0593502942309402
D_style,llama,par3_0115,0.051192231226308636
D_style,llama,par3_0116,0.02549054777664217
D_style,llama,par3_0117,0.10403739008885445
D_style,llama,par3_0118,-0.016192333741353277
D_style,llama,par3_0119,0.05270665524012292
D_style,llama,par3_0120,-0.01831583735258237
D_style,llama,par3_0121,0.055067833111341065
D_style,llama,par3_0122,-0.07854111507560951
D_style,llama,par3_0123,0.03428740539784073
D_style,llama,par3_0124,0.05308137041096419
D_style,llama,par3_0125,-0.03166338517024159
D_style,llama,par3_0126,0.03622273832432186
D_style,llama,par3_0127,0.08877688507288796
D_style,llama,par3_0128,-0.10777354475738266
D_style,llama,par3_0129,0.05311203030468079
D_style,llama,par3_0130,-0.035535883102661925
D_style,llama,par3_0131,0.02054277264314593
D_style,llama,par3_0132,0.19798347370758335
D_style,llama,par3_0133,-0.030843271624578877
D_style,llama,par3_0134,-0.0408525428620663
D_style,llama,par3_0135,-0.0470821658615272
D_style,llama,par3_0136,-0.03598567888327272
D_style,llama,par3_0137,-0.06088509120662763
D_style,llama,par3_0138,0.03511446460790615
D_style,llama,par3_0139,-0.11979642658837637
D_style,llama,par3_0140,-0.048609490567909884
D_style,llama,par3_0141,0.026873204797001688
D_style,llama,par3_0142,0.11656927581758098
D_style,llama,par3_0143,0.008134589585596208
D_style,llama,par3_0144,0.12941514167984378
D_style,llama,par3_0145,0.011202987772533257
D_style,llama,par3_0146,0.046753182554314265
D_style,llama,par3_0147,-0.023237979030089118
D_style,llama,par3_0148,0.13587419388323158
D_style,llama,par3_0149,0.047101894798434296
D_style,llama,par3_0150,-0.005496736744253429
D_style,llama,par3_0151,-0.14915517960526373
D_style,llama,par3_0152,-0.10527042186556353
D_style,llama,par3_0153,-0.1148075062839005
D_style,llama,par3_0154,-0.0800851308568359
D_style,llama,par3_0155,0.09329567418915478
D_style,llama,par3_0156,0.04186404453625644
D_style,llama,par3_0157,0.023889956128229917
D_style,llama,par3_0158,0.0008117281159371418
D_style,llama,par3_0159,0.17615293285247335
D_style,llama,par3_0160,0.0473511021922017
D_style,llama,par3_0161,0.15722706992135885
D_style,llama,par3_0162,0.03211311502432864
D_style,llama,par3_0163,0.43446396943076443
D_style,llama,par3_0164,-0.11264028399034477
D_style,llama,par3_0165,-0.1644686938772244
D_style,llama,par3_0166,-0.17070398813106838
D_style,llama,par3_0167,0.10207749535610795
D_style,llama,par3_0168,-0.09216757326505831
D_style,llama,par3_0169,0.052844419044582626
D_style,llama,par3_0170,-0.04986386675129408
D_style,llama,par3_0171,-0.0488654436880121
D_style,llama,par3_0172,-0.07845956411312459
D_style,llama,par3_0173,0.07928950803911965
D_style,llama,par3_0174,-0.08699494769994036
D_style,llama,par3_0175,-0.06208308739461891
D_style,llama,par3_0176,0.12673724234520048
D_style,llama,par3_0177,-0.18512010636768017
D_style,llama,par3_0178,0.048280050694721154
D_style,llama,par3_0179,-0.14631525568702894
D_style,llama,par3_0180,-0.007764856519486514
D_style,llama,par3_0181,-0.05019769713776573
D_style,llama,par3_0182,0.10450439861068062
D_style,llama,par3_0183,0.016047445373578533
D_style,llama,par3_0184,0.016808773390568466
D_style,llama,par3_0185,0.0074333524172328636
D_style,llama,par3_0186,-0.03936215365097392
D_style,llama,par3_0187,0.17139972723010302
D_style,llama,par3_0188,-0.17414327923301776
D_style,llama,par3_0189,-0.0804639344129333
D_style,llama,par3_0190,-0.12831645144896545
D_style,llama,par3_0191,-0.058526857858755776
D_style,llama,par3_0192,-0.04155963144912036
D_style,llama,par3_0193,0.02952341579640705
D_style,llama,par3_0194,-0.003990113182741821
D_style,llama,par3_0195,0.0673997414485205
D_style,llama,par3_0196,-0.047698249967510487
D_style,llama,par3_0197,0.01995303608381181
D_style,llama,par3_0198,-0.19433759271177553
D_style,llama,par3_0199,-0.020961955871320697
D_style,mistral,par3_0000,0.15350977980431676
D_style,mistral,par3_0001,0.08905850370885214
D_style,mistral,par3_0002,0.19542750548123944
D_style,mistral,par3_0003,0.20631573853281013
D_style,mistral,par3_0004,-0.012365523837644332
D_style,mistral,par3_0005,-0.042118463291677864
D_style,mistral,par3_0006,0.04613277726448448
D_style,mistral,par3_0007,0.024635206142875028
D_style,mistral,par3_0008,-0.028964481301665197
D_style,mistral,par3_0009,0.04714079600460271
D_style,mistral,par3_0010,0.02128823901139565
D_style,mistral,par3_0011,-0.038037789888294204
D_style,mistral,par3_0012,0.05043912218331046
D_style,mistral,par3_0013,0.2871578039895439
D_style,mistral,par3_0014,-0.01971055663322019
D_style,mistral,par3_0015,0.11045104975485016
D_style,mistral,par3_0016,-0.05037729995532767
D_style,mistral,par3_0017,0.06053403875942748
D_style,mistral,par3_0018,0.0263303460089509
D_style,mistral,par3_0019,-0.007023329408153978
D_style,mistral,par3_0020,-0.026148675353115197
D_style,mistral,par3_0021,0.0002376196938385274
D_style,mistral,par3_0022,-0.07963526063909192
D_style,mistral,par3_0023,0.017811691483232656
D_style,mistral,par3_0024,0.2583673004584938
D_style,mistral,par3_0025,0.013802726008715238
D_style,mistral,par3_0026,-0.014126088856651878
D_style,mistral,par3_0027,-0.09911434748608161
D_style,mistral,par3_0028,0.13851740693412148
D_style,mistral,par3_0029,-0.05734245713367379
D_style,mistral,par3_0030,-0.033788499574190424
D_style,mistral,par3_0031,-0.015700985528311107
D_style,mistral,par3_0032,-0.010241702366813099
D_style,mistral,par3_0033,0.017069833051639043
D_style,mistral,par3_0034,0.012708553544595694
D_style,mistral,par3_0035,0.03181416027604315
D_style,mistral,par3_0036,0.11441117913928638
D_style,mistral,par3_0037,0.1312686899062746
D_style,mistral,par3_0038,0.18415348599907502
D_style,mistral,par3_0039,0.06665565917736938
D_style,mistral,par3_0040,-0.02768758449823692
D_style,mistral,par3_0041,0.018104456517848293
D_style,mistral,par3_0042,0.09652849516687184
D_style,mistral,par3_0043,0.14106111636053195
D_style,mistral,par3_0044,0.022598983454752142
D_style,mistral,par3_0045,0.017321740297303156
D_style,mistral,par3_0046,-0.0346635155804732
D_style,mistral,par3_0047,0.11290653043170884
D_style,mistral,par3_0048,0.04084506179807984
D_style,mistral,par3_0049,-0.005614645425249402
D_style,mistral,par3_0050,-0.05705803828010767
D_style,mistral,par3_0051,0.013477445138539981
D_style,mistral,par3_0052,-0.04249911102730353
D_style,mistral,par3_0053,-0.08022182492822462
D_style,mistral,par3_0054,-0.09033792932024359
D_style,mistral,par3_0055,-0.08909738813533934
D_style,mistral,par3_0056,0.05969472384719573
D_style,mistral,par3_0057,-0.05324797008890101
D_style,mistral,par3_0058,-0.07026961986608848
D_style,mistral,par3_0059,-0.04921981534317077
D_style,mistral,par3_0060,-0.06535449691744434
D_style,mistral,par3_0061,-0.01689569206016933
D_style,mistral,par3_0062,0.043332692746126465
D_style,mistral,par3_0063,-0.05564538906795857
D_style,mistral,par3_0064,-0.026111457279518357
D_style,mistral,par3_0065,0.086796523984148
D_style,mistral,par3_0066,0.021937781292532727
D_style,mistral,par3_0067,0.1976594124839002
D_style,mistral,par3_0068,-0.11589679515673836
D_style,mistral,par3_0069,0.019900045310368746
D_style,mistral,par3_0070,0.13747547454291528
D_style,mistral,par3_0071,0.06163405360301468
D_style,mistral,par3_0072,0.010734999864456743
D_style,mistral,par3_0073,0.01033858954285194
D_style,mistral,par3_0074,-0.07272967612376142
D_style,mistral,par3_0075,0.005459937280986381
D_style,mistral,par3_0076,-0.02192294745582446
D_style,mistral,par3_0077,-0.12678915880084127
D_style,mistral,par3_0078,0.06718284277769139
D_style,mistral,par3_0079,0.08214382596489406
D_style,mistral,par3_0080,-0.05084139395590496
D_style,mistral,par3_0081,-0.07826665295107114
D_style,mistral,par3_0082,0.08350740190674229
D_style,mistral,par3_0083,-0.040046748099763385
D_style,mistral,par3_0084,-0.019662631207522503
D_style,mistral,par3_0085,-0.06624541932303364
D_style,mistral,par3_0086,0.06248609615675912
D_style,mistral,par3_0087,0.0662474784907257
D_style,mistral,par3_0088,-0.053757099139349174
D_style,mistral,par3_0089,-0.02017444954188896
D_style,mistral,par3_0090,0.046054718046169195
D_style,mistral,par3_0091,-0.02447897624521193
D_style,mistral,par3_0092,-0.0003447972049692716
D_style,mistral,par3_0093,0.11791798214567874
D_style,mistral,par3_0094,0.06586132247204746
D_style,mistral,par3_0095,-0.02438044514506828
D_style,mistral,par3_0096,0.06437487005514599
D_style,mistral,par3_0097,-0.10752181886608371
D_style,mistral,par3_0098,-0.0020303799621124905
D_style,mistral,par3_0099,-0.11466889456567042
D_style,mistral,par3_0100,0.08544139654544214
D_style,mistral,par3_0101,0.13009202840942002
D_style,mistral,par3_0102,0.07873801194652641
D_style,mistral,par3_0103,0.288049014974835
D_style,mistral,par3_0104,0.13775656546284804
D_style,mistral,par3_0105,0.0020688227319219286
D_style,mistral,par3_0106,0.040989051268551346
D_style,mistral,par3_0107,0.0352698002276054
D_style,mistral,par3_0108,-0.055897827997648385
D_style,mistral,par3_0109,-0.06742870093335573
D_style,mistral,par3_0110,0.023060638074772506
D_style,mistral,par3_0111,-0.11195880623533487
D_style,mistral,par3_0112,-0.08825851821051356
D_style,mistral,par3_0113,0.030066015875705787
D_style,mistral,par3_0114,0.1296627845504949
D_style,mistral,par3_0115,0.05149241816865935
D_style,mistral,par3_0116,0.06921965747667609
D_style,mistral,par3_0117,0.08509291265339548
D_style,mistral,par3_0118,0.08879250051381544
D_style,mistral,par3_0119,0.08973356446490699
D_style,mistral,par3_0120,-0.12216515488472895
D_style,mistral,par3_0121,0.06075454446067511
D_style,mistral,par3_0122,-0.00786061311904727
D_style,mistral,par3_0123,0.013350430263114
D_style,mistral,par3_0124,0.1246848564335452
D_style,mistral,par3_0125,0.044500061381966084
D_style,mistral,par3_0126,0.0942889320446667
D_style,mistral,par3_0127,0.13093784005746947
D_style,mistral,par3_0128,-0.09597410388705414
D_style,mistral,par3_0129,0.13745788751515456
D_style,mistral,par3_0130,0.008831593138497074
D_style,mistral,par3_0131,0.020804795541554195
D_style,mistral,par3_0132,0.2923411075034134
D_style,mistral,par3_0133,-0.013547304430929922
D_style,mistral,par3_0134,-0.0025960935558146194
D_style,mistral,par3_0135,-0.017401867421622367
D_style,mistral,par3_0136,-0.030128729503363427
D_style,mistral,par3_0137,-0.01843707361163734
D_style,mistral,par3_0138,0.07129949962853753
D_style,mistral,par3_0139,-0.06302966899866609
D_style,mistral,par3_0140,-0.07707822079042191
D_style,mistral,par3_0141,0.0265202264818738
D_style,mistral,par3_0142,0.19459274326174805
D_style,mistral,par3_0143,0.010196125642967735
D_style,mistral,par3_0144,0.1122242901716059
D_style,mistral,par3_0145,-0.017368298790613506
D_style,mistral,par3_0146,0.15036213609288596
D_style,mistral,par3_0147,-0.017954655026251837
D_style,mistral,par3_0148,0.24848577554407827
D_style,mistral,par3_0149,0.017656201165590357
D_style,mistral,par3_0150,0.14404167453763095
D_style,mistral,par3_0151,-0.042566148136844284
D_style,mistral,par3_0152,-0.16902651415256634
D_style,mistral,par3_0153,-0.07980007883223665
D_style,mistral,par3_0154,-0.016895492966764725
D_style,mistral,par3_0155,0.09848276874535139
D_style,mistral,par3_0156,-0.03975244502340732
D_style,mistral,par3_0157,0.08124370626415169
D_style,mistral,par3_0158,-0.01111729385600968
D_style,mistral,par3_0159,0.3019190983785935
D_style,mistral,par3_0160,0.12796603407003163
D_style,mistral,par3_0161,0.15533024110084837
D_style,mistral,par3_0162,0.04748412213496781
D_style,mistral,par3_0163,0.47239776096572234
D_style,mistral,par3_0164,-0.1084736332349769
D_style,mistral,par3_0165,-0.14963111430264556
D_style,mistral,par3_0166,-0.12432369285224194
D_style,mistral,par3_0167,0.2229330069885108
D_style,mistral,par3_0168,-0.05335664208630194
D_style,mistral,par3_0169,0.026283063881918884
D_style,mistral,par3_0170,-0.0692512742482771
D_style,mistral,par3_0171,0.017106588806985106
D_style,mistral,par3_0172,-0.06677295338433951
D_style,mistral,par3_0173,0.07253696762600832
D_style,mistral,par3_0174,-0.09045645199053287
D_style,mistral,par3_0175,0.044518680452684735
D_style,mistral,par3_0176,0.20222563869627866
D_style,mistral,par3_0177,0.07161733949178488
D_style,mistral,par3_0178,0.029687957007452404
D_style,mistral,par3_0179,-0.0021694314891873936
D_style,mistral,par3_0180,0.15026774436807788
D_style,mistral,par3_0181,-0.038942077874020854
D_style,mistral,par3_0182,0.01733363425123639
D_style,mistral,par3_0183,0.03146319424355981
D_style,mistral,par3_0184,0.0065537922308064505
D_style,mistral,par3_0185,0.013640931166739109
D_style,mistral,par3_0186,-0.07648450978486156
D_style,mistral,par3_0187,0.3200642116390755
D_style,mistral,par3_0188,-0.08529246246768862
D_style,mistral,par3_0189,-0.05974860547709485
D_style,mistral,par3_0190,-0.1377861108731622
D_style,mistral,par3_0191,0.01492625840084146
D_style,mistral,par3_0192,0.02524204682563567
D_style,mistral,par3_0193,0.08069179433079547
D_style,mistral,par3_0194,-0.02029861970953616
D_style,mistral,par3_0195,0.050417629316969505
D_style,mistral,par3_0196,-0.034336265423961974
D_style,mistral,par3_0197,-0.028654722751601303
D_style,mistral,par3_0198,-0.039628336535830644
D_style,mistral,par3_0199,-0.014377343114856797
D_style,qwen,par3_0000,0.11082875509237326
D_style,qwen,par3_0001,0.10164971045141559
D_style,qwen,par3_0002,0.12310606870129576
D_style,qwen,par3_0003,0.030229489468510784
D_style,qwen,par3_0004,0.000800478388705154
D_style,qwen,par3_0006,0.0096321367332823
D_style,qwen,par3_0007,0.11998639618264191
D_style,qwen,par3_0008,-0.023647631749646292
D_style,qwen,par3_0009,-0.03462442984406977
D_style,qwen,par3_0010,0.05766733058670811
D_style,qwen,par3_0011,-0.09918744089819227
D_style,qwen,par3_0012,0.003961298058210327
D_style,qwen,par3_0013,0.23990183145079505
D_style,qwen,par3_0014,-0.011163819395807498
D_style,qwen,par3_0015,0.21768076715985762
D_style,qwen,par3_0016,-0.1029316559110341
D_style,qwen,par3_0017,0.03659698458048773
D_style,qwen,par3_0018,-0.0471762786409331
D_style,qwen,par3_0020,-0.04697048004475909
D_style,qwen,par3_0021,0.11772173599367171
D_style,qwen,par3_0022,-0.09770321569261105
D_style,qwen,par3_0023,0.025936536860585464
D_style,qwen,par3_0024,0.26400413310214194
D_style,qwen,par3_0025,0.061216668344137116
D_style,qwen,par3_0026,-0.007021305308458199
D_style,qwen,par3_0027,-0.026435237282578534
D_style,qwen,par3_0028,-0.03725078822608743
D_style,qwen,par3_0029,-0.03006519720745064
D_style,qwen,par3_0030,-0.06029381046487333
D_style,qwen,par3_0031,0.06991279961568529
D_style,qwen,par3_0032,0.06654276058652649
D_style,qwen,par3_0033,0.01927447052619428
D_style,qwen,par3_0034,-0.02462929198661873
D_style,qwen,par3_0035,0.09609542195403704
D_style,qwen,par3_0036,0.04431476750828826
D_style,qwen,par3_0037,0.10775260474965098
D_style,qwen,par3_0038,0.16503458632524592
D_style,qwen,par3_0039,0.10124253430737046
D_style,qwen,par3_0040,-0.05806587118209513
D_style,qwen,par3_0041,0.1471155907489161
D_style,qwen,par3_0042,0.03883184015998614
D_style,qwen,par3_0043,0.2125709887095961
D_style,qwen,par3_0044,0.09317610317527036
D_style,qwen,par3_0045,-0.07405837319434609
D_style,qwen,par3_0047,0.06308247724987663
D_style,qwen,par3_0048,0.0013119528866032775
D_style,qwen,par3_0049,0.020709698261684728
D_style,qwen,par3_0050,-0.012012116516864938
D_style,qwen,par3_0051,-0.06394954958241683
D_style,qwen,par3_0052,-0.051919661788572734
D_style,qwen,par3_0053,-0.033527040139086896
D_style,qwen,par3_0054,-0.07495042379874794
D_style,qwen,par3_0055,-0.06817051000578937
D_style,qwen,par3_0056,-0.006903741893797832
D_style,qwen,par3_0057,-0.06987304149155975
D_style,qwen,par3_0058,-0.017254776444314796
D_style,qwen,par3_0059,-0.046399882234821055
D_style,qwen,par3_0060,-0.0714826825352426
D_style,qwen,par3_0061,-0.05604884004408436
D_style,qwen,par3_0062,-0.007441075896439793
D_style,qwen,par3_0063,-0.11506846225100309
D_style,qwen,par3_0064,-0.009298691954412316
D_style,qwen,par3_0065,0.21053299429373387
D_style,qwen,par3_0066,0.005642516706060076
D_style,qwen,par3_0067,0.05453599876371488
D_style,qwen,par3_0068,-0.11291414347851807
D_style,qwen,par3_0069,-0.0312684218364467
D_style,qwen,par3_0070,0.025825910526231215
D_style,qwen,par3_0071,0.060335662438101366
D_style,qwen,par3_0072,-0.0792696398794972
D_style,qwen,par3_0073,-0.009178311988911503
D_style,qwen,par3_0074,-0.09997109991438662
D_style,qwen,par3_0075,-0.03083270556316653
D_style,qwen,par3_0076,-0.10474314449426392
D_style,qwen,par3_0077,-0.13082206799495869
D_style,qwen,par3_0078,0.0470867893774966
D_style,qwen,par3_0079,0.06638995430500567
D_style,qwen,par3_0080,-0.07721765857697747
D_style,qwen,par3_0081,-0.07471846034354211
D_style,qwen,par3_0082,0.011006266781266144
D_style,qwen,par3_0083,-0.09613289159648904
D_style,qwen,par3_0085,-0.0809699692240779
D_style,qwen,par3_0086,0.041248113013556076
D_style,qwen,par3_0087,0.031875540234547785
D_style,qwen,par3_0088,-0.1203367148702749
D_style,qwen,par3_0089,-0.1382990599845931
D_style,qwen,par3_0090,0.007136174247617033
D_style,qwen,par3_0091,-0.005133940965161972
D_style,qwen,par3_0092,-0.08384742478571754
D_style,qwen,par3_0093,0.07422181039350252
D_style,qwen,par3_0095,-0.05669012871057654
D_style,qwen,par3_0096,0.14744415952998324
D_style,qwen,par3_0097,-0.07240194261674293
D_style,qwen,par3_0098,-0.06911630670615332
D_style,qwen,par3_0099,-0.12973936338487466
D_style,qwen,par3_0100,0.1269376628206977
D_style,qwen,par3_0102,0.0397884223346226
D_style,qwen,par3_0103,0.2158993487619811
D_style,qwen,par3_0104,0.05792559460314436
D_style,qwen,par3_0106,-0.07990412371036552
D_style,qwen,par3_0108,-0.10926888518691213
D_style,qwen,par3_0109,-0.10460288307351229
D_style,qwen,par3_0110,-0.022597943047727925
D_style,qwen,par3_0111,-0.0924791167002151
D_style,qwen,par3_0112,-0.07587117271462962
D_style,qwen,par3_0113,0.07843863344211517
D_style,qwen,par3_0114,0.0205741037625695
D_style,qwen,par3_0115,0.08156576223223244
D_style,qwen,par3_0116,0.04447913600258063
D_style,qwen,par3_0117,0.08894455110754952
D_style,qwen,par3_0118,-0.04437932073015368
D_style,qwen,par3_0119,0.01595399533574406
D_style,qwen,par3_0120,-0.12025746925618774
D_style,qwen,par3_0121,0.08776733444549156
D_style,qwen,par3_0122,-0.09578542681332791
D_style,qwen,par3_0123,-0.042522063719841796
D_style,qwen,par3_0124,-0.015521086779202747
D_style,qwen,par3_0126,0.10489977781195912
D_style,qwen,par3_0127,0.15532602785773958
D_style,qwen,par3_0128,-0.1095862910661759
D_style,qwen,par3_0129,0.07118366899734625
D_style,qwen,par3_0130,-0.016493209975564638
D_style,qwen,par3_0131,-0.026283499122940257
D_style,qwen,par3_0132,0.28897320902156365
D_style,qwen,par3_0133,-0.1184820317398747
D_style,qwen,par3_0135,-0.06089517730443252
D_style,qwen,par3_0136,-0.0987331323967456
D_style,qwen,par3_0137,-0.08926812940923841
D_style,qwen,par3_0138,0.015348987920170495
D_style,qwen,par3_0139,-0.07838081321644262
D_style,qwen,par3_0140,-0.07761765888627879
D_style,qwen,par3_0141,0.0473326147747792
D_style,qwen,par3_0142,0.07121560162733698
D_style,qwen,par3_0143,0.009462199486454825
D_style,qwen,par3_0144,0.06078171182546125
D_style,qwen,par3_0145,-0.12280243994174889
D_style,qwen,par3_0146,0.013409656506986112
D_style,qwen,par3_0147,-0.08457679649973071
D_style,qwen,par3_0148,0.1290100502996016
D_style,qwen,par3_0149,-0.02781765918880748
D_style,qwen,par3_0150,0.10648029090655535
D_style,qwen,par3_0154,-0.06185668119329891
D_style,qwen,par3_0155,0.06496886986539495
D_style,qwen,par3_0156,-0.014916653421097622
D_style,qwen,par3_0157,0.05303122208560048
D_style,qwen,par3_0159,0.16350242262265038
D_style,qwen,par3_0160,0.22876875816582146
D_style,qwen,par3_0161,0.17007652872682436
D_style,qwen,par3_0162,-0.010847410577387953
D_style,qwen,par3_0163,0.415275343068918
D_style,qwen,par3_0164,-0.12373618567902693
D_style,qwen,par3_0166,-0.10901255876022257
D_style,qwen,par3_0167,0.17439952331276398
D_style,qwen,par3_0168,-0.06431655542895125
D_style,qwen,par3_0169,-0.04351789285634711
D_style,qwen,par3_0170,-0.04556614578734858
D_style,qwen,par3_0171,0.007735068566654531
D_style,qwen,par3_0172,-0.10275595339521822
D_style,qwen,par3_0174,-0.07339129555828988
D_style,qwen,par3_0176,0.29204778079353116
D_style,qwen,par3_0177,-0.14854433285980015
D_style,qwen,par3_0178,0.0990499159476423
D_style,qwen,par3_0179,-0.1330156801097474
D_style,qwen,par3_0180,0.03993724048063785
D_style,qwen,par3_0181,0.0876984965016697
D_style,qwen,par3_0182,0.036062040039965805
D_style,qwen,par3_0183,-0.055654617413653955
D_style,qwen,par3_0184,0.0008362063389288724
D_style,qwen,par3_0185,0.00339728358253899
D_style,qwen,par3_0186,-0.017244028347884188
D_style,qwen,par3_0187,0.3378148182596297
D_style,qwen,par3_0188,-0.13588584063259443
D_style,qwen,par3_0189,-0.061369099705668506
D_style,qwen,par3_0191,-0.15238483159818986
D_style,qwen,par3_0192,-0.03462051680068062
D_style,qwen,par3_0193,0.14619470726316705
D_style,qwen,par3_0194,0.005374563346075972
D_style,qwen,par3_0195,0.09329716378066559
D_style,qwen,par3_0197,0.05284483578428978
D_style,qwen,par3_0198,-0.1191792789267591
D_style,qwen,par3_0199,-0.008504129083033218
D_syn,gemma,par3_0000,-0.0014276638853075452
D_syn,gemma,par3_0001,0.05109384678072021
D_syn,gemma,par3_0002,0.04360170130354659
D_syn,gemma,par3_0003,0.0077006821565381205
D_syn,gemma,par3_0004,0.02725101044630986
D_syn,gemma,par3_0005,0.00886096469420139
D_syn,gemma,par3_0006,-0.023624983266052002
D_syn,gemma,par3_0007,0.02989171288310721
D_syn,gemma,par3_0008,0.009156859833020892
D_syn,gemma,par3_0009,0.00924756500800424
D_syn,gemma,par3_0010,-0.031060375541268653
D_syn,gemma,par3_0011,0.005912496576642797
D_syn,gemma,par3_0012,0.0007948370261302203
D_syn,gemma,par3_0013,0.026998689864220864
D_syn,gemma,par3_0014,-0.008671263513328217
D_syn,gemma,par3_0015,0.07165552463197762
D_syn,gemma,par3_0016,0.024822253062928106
D_syn,gemma,par3_0017,0.03408035878393343
D_syn,gemma,par3_0018,0.011285170002634312
D_syn,gemma,par3_0019,0.05057550895653921
D_syn,gemma,par3_0020,0.010058452524643935
D_syn,gemma,par3_0021,0.06307631185318667
D_syn,gemma,par3_0022,0.00021742439213014628
D_syn,gemma,par3_0023,0.008520799418328043
D_syn,gemma,par3_0024,0.09547176371829415
D_syn,gemma,par3_0025,0.02613812517730753
D_syn,gemma,par3_0026,0.0011645772835935837
D_syn,gemma,par3_0027,0.04240601480354292
D_syn,gemma,par3_0028,0.07285412392686473
D_syn,gemma,par3_0029,0.0005660642123942461
D_syn,gemma,par3_0030,-0.0143822652301507
D_syn,gemma,par3_0031,-0.0043669527340613095
D_syn,gemma,par3_0032,0.04089229492896801
D_syn,gemma,par3_0033,0.011949235079788031
D_syn,gemma,par3_0034,-0.002719948899141252
D_syn,gemma,par3_0035,-0.0030851562372263275
D_syn,gemma,par3_0036,0.011347090636065316
D_syn,gemma,par3_0037,-0.003933773850643456
D_syn,gemma,par3_0038,0.020917385086465113
D_syn,gemma,par3_0039,0.05707617733489628
D_syn,gemma,par3_0040,0.03187244146269169
D_syn,gemma,par3_0041,0.011253787925345982
D_syn,gemma,par3_0042,-0.007980682059883079
D_syn,gemma,par3_0043,-0.022342602503259795
D_syn,gemma,par3_0044,0.04781572413855923
D_syn,gemma,par3_0045,0.04355930317617714
D_syn,gemma,par3_0046,0.014111458756274084
D_syn,gemma,par3_0047,0.02275421880112824
D_syn,gemma,par3_0048,-0.012041176110186699
D_syn,gemma,par3_0049,0.003482007018880906
D_syn,gemma,par3_0050,0.07846160705968118
D_syn,gemma,par3_0051,0.06028967319702443
D_syn,gemma,par3_0052,0.03535080406321839
D_syn,gemma,par3_0053,-0.007843827423839192
D_syn,gemma,par3_0054,-0.005690246586043983
D_syn,gemma,par3_0055,-0.011442414467420078
D_syn,gemma,par3_0056,0.0576365931671333
D_syn,gemma,par3_0057,-0.037212258463070046
D_syn,gemma,par3_0058,0.02028141078422872
D_syn,gemma,par3_0059,0.02686788521194622
D_syn,gemma,par3_0060,-0.013461996622590178
D_syn,gemma,par3_0061,-0.017902446406140998
D_syn,gemma,par3_0062,0.04160118783630682
D_syn,gemma,par3_0063,0.03338660844473033
D_syn,gemma,par3_0064,0.014007690744012443
D_syn,gemma,par3_0065,-0.01616017409287936
D_syn,gemma,par3_0066,-0.005339919558443956
D_syn,gemma,par3_0067,-0.020867411205270765
D_syn,gemma,par3_0068,-0.04051217901674469
D_syn,gemma,par3_0069,-0.009322230194235559
D_syn,gemma,par3_0070,0.002993036070018329
D_syn,gemma,par3_0071,0.0014787048427533829
D_syn,gemma,par3_0072,0.014461619015127334
D_syn,gemma,par3_0073,0.04831589011899873
D_syn,gemma,par3_0074,0.015560007636969325
D_syn,gemma,par3_0075,0.013107728348258138
D_syn,gemma,par3_0076,-0.007565384311118158
D_syn,gemma,par3_0077,-0.008823494409093274
D_syn,gemma,par3_0078,0.03247113002193686
D_syn,gemma,par3_0079,0.0473460300392218
D_syn,gemma,par3_0080,0.053271187889871695
D_syn,gemma,par3_0081,0.041930822275894286
D_syn,gemma,par3_0082,-0.0014857338007481513
D_syn,gemma,par3_0083,0.004190462453575035
D_syn,gemma,par3_0084,0.04459247263033922
D_syn,gemma,par3_0085,0.006202051187232864
D_syn,gemma,par3_0086,0.00037507490255489495
D_syn,gemma,par3_0087,0.03959881179350724
D_syn,gemma,par3_0088,0.03408978418153561
D_syn,gemma,par3_0089,0.026515513052859763
D_syn,gemma,par3_0090,-0.031163691802086113
D_syn,gemma,par3_0091,-0.024778280715373968
D_syn,gemma,par3_0092,-0.02545823514072702
D_syn,gemma,par3_0093,-0.021816104029404943
D_syn,gemma,par3_0094,0.022004832474607428
D_syn,gemma,par3_0095,0.021484648115458176
D_syn,gemma,par3_0096,0.021793437150192527
D_syn,gemma,par3_0097,0.0038801236294097596
D_syn,gemma,par3_0098,-0.0510197508087479
D_syn,gemma,par3_0100,0.027647272836615014
D_syn,gemma,par3_0101,-0.012901129793049748
D_syn,gemma,par3_0102,0.051122688595682975
D_syn,gemma,par3_0103,0.05959148392451099
D_syn,gemma,par3_0104,-0.06364706867094995
D_syn,gemma,par3_0105,0.039953407412861706
D_syn,gemma,par3_0106,-0.018063500271437032
D_syn,gemma,par3_0107,0.010304357678354545
D_syn,gemma,par3_0108,-0.017114557452004537
D_syn,gemma,par3_0109,0.05732594201222004
D_syn,gemma,par3_0110,-0.031730564275579624
D_syn,gemma,par3_0111,0.021441082975377872
D_syn,gemma,par3_0112,-0.03804733028526321
D_syn,gemma,par3_0113,-0.057159594452209805
D_syn,gemma,par3_0114,0.06481098289297495
D_syn,gemma,par3_0115,-0.0056226213726796965
D_syn,gemma,par3_0116,0.010394879417172228
D_syn,gemma,par3_0117,0.002286337979184936
D_syn,gemma,par3_0118,-0.010893847073349764
D_syn,gemma,par3_0119,-0.029754833905590704
D_syn,gemma,par3_0120,-0.042856459113854085
D_syn,gemma,par3_0121,-0.0017279140128119569
D_syn,gemma,par3_0122,-0.018589603900690577
D_syn,gemma,par3_0123,0.03200374026424609
D_syn,gemma,par3_0124,0.009976385476316662
D_syn,gemma,par3_0125,0.004323769535178712
D_syn,gemma,par3_0126,0.05626623451733578
D_syn,gemma,par3_0127,0.030082292051051323
D_syn,gemma,par3_0128,-0.027469415393324776
D_syn,gemma,par3_0129,0.037047210291371195
D_syn,gemma,par3_0130,0.03327263142000262
D_syn,gemma,par3_0131,0.12052449539223842
D_syn,gemma,par3_0132,0.038227562860713
D_syn,gemma,par3_0133,-0.017200030052426114
D_syn,gemma,par3_0134,0.004270894548853876
D_syn,gemma,par3_0135,-0.006753186589788314
D_syn,gemma,par3_0136,-0.008470246493469927
D_syn,gemma,par3_0137,0.027803972155283463
D_syn,gemma,par3_0138,0.013015572826935681
D_syn,gemma,par3_0139,-0.012707785639035444
D_syn,gemma,par3_0140,0.0042418275412730855
D_syn,gemma,par3_0141,0.025787196813499558
D_syn,gemma,par3_0142,0.0034664726630544984
D_syn,gemma,par3_0143,0.0347371892887815
D_syn,gemma,par3_0144,0.01680351387073013
D_syn,gemma,par3_0145,0.02871959562967565
D_syn,gemma,par3_0146,0.01068384137705225
D_syn,gemma,par3_0147,-0.02169131213293113
D_syn,gemma,par3_0148,0.04070503707687597
D_syn,gemma,par3_0149,-0.04374264791667565
D_syn,gemma,par3_0150,-0.010517596046078456
D_syn,gemma,par3_0151,0.04221274953864784
D_syn,gemma,par3_0152,-0.04740434401660607
D_syn,gemma,par3_0153,-0.0030046992669924646
D_syn,gemma,par3_0154,-0.005402434816144663
D_syn,gemma,par3_0155,0.036401330671223475
D_syn,gemma,par3_0156,-0.008277296486675356
D_syn,gemma,par3_0157,0.011706966393689696
D_syn,gemma,par3_0158,-0.04154163234257752
D_syn,gemma,par3_0159,0.07107539564560945
D_syn,gemma,par3_0160,0.032988253781467365
D_syn,gemma,par3_0161,0.027947739202750874
D_syn,gemma,par3_0162,-0.004043356736233655
D_syn,gemma,par3_0163,0.017518814050747105
D_syn,gemma,par3_0164,-0.05847279542806769
D_syn,gemma,par3_0167,0.046178640460048236
D_syn,gemma,par3_0168,0.01822533239398133
D_syn,gemma,par3_0169,-0.008182587466323462
D_syn,gemma,par3_0170,-0.01713726967497155
D_syn,gemma,par3_0171,0.019934409615791144
D_syn,gemma,par3_0172,0.009019785722232268
D_syn,gemma,par3_0173,0.02612670742632332
D_syn,gemma,par3_0174,0.019946237826549595
D_syn,gemma,par3_0175,-0.013772041874836735
D_syn,gemma,par3_0176,0.043982655230083906
D_syn,gemma,par3_0177,-0.04893755122834644
D_syn,gemma,par3_0178,0.03512458082620636
D_syn,gemma,par3_0179,-0.03358690563721282
D_syn,gemma,par3_0180,-0.010493073744252476
D_syn,gemma,par3_0181,-0.01932348369027796
D_syn,gemma,par3_0182,0.02316740949803625
D_syn,gemma,par3_0183,-0.0032598963472771727
D_syn,gemma,par3_0184,0.0031601065404981235
D_syn,gemma,par3_0185,0.017254133486720058
D_syn,gemma,par3_0186,-0.0037049628984000735
D_syn,gemma,par3_0187,0.017423244145501227
D_syn,gemma,par3_0188,-0.027388435998046978
D_syn,gemma,par3_0189,-0.0260337593538502
D_syn,gemma,par3_0190,-0.01069031731226631
D_syn,gemma,par3_0191,0.037267930885566215
D_syn,gemma,par3_0192,-0.023352017008040613
D_syn,gemma,par3_0193,0.06406432038997895
D_syn,gemma,par3_0194,0.027408715535111604
D_syn,gemma,par3_0195,0.016454553220731416
D_syn,gemma,par3_0197,-0.00873936000740938
D_syn,gemma,par3_0198,-0.03493330217011176
D_syn,gemma,par3_0199,0.014672907224850021
D_syn,llama,par3_0000,0.03965874037979045
D_syn,llama,par3_0001,0.05758917022680481
D_syn,llama,par3_0002,0.03307038600159266
D_syn,llama,par3_0003,-0.006878803947471868
D_syn,llama,par3_0004,0.048946061019893294
D_syn,llama,par3_0005,0.016233367005209626
D_syn,llama,par3_0006,0.009606494986925377
D_syn,llama,par3_0007,0.02990091556712315
D_syn,llama,par3_0008,-0.007321403568414773
D_syn,llama,par3_0009,0.0006308411983429093
D_syn,llama,par3_0010,-0.03366498806107243
D_syn,llama,par3_0011,0.012921445484077218
D_syn,llama,par3_0012,0.02863389751818825
D_syn,llama,par3_0013,0.004376305531610521
D_syn,llama,par3_0014,0.0007791345570394662
D_syn,llama,par3_0015,0.09504506773035758
D_syn,llama,par3_0016,-0.004018194387604997
D_syn,llama,par3_0017,0.03494463696326762
D_syn,llama,par3_0018,0.009028101526261082
D_syn,llama,par3_0019,0.05403631094932709
D_syn,llama,par3_0020,-0.005641164509421444
D_syn,llama,par3_0021,0.09566439764592745
D_syn,llama,par3_0022,-0.030587436662022516
D_syn,llama,par3_0023,0.003828027485348958
D_syn,llama,par3_0024,0.11505712332404759
D_syn,llama,par3_0025,-0.012605348833059934
D_syn,llama,par3_0026,0.0030054054259301133
D_syn,llama,par3_0027,0.015022830609881929
D_syn,llama,par3_0028,0.044856277156434914
D_syn,llama,par3_0029,0.004900584495579637
D_syn,llama,par3_0030,0.02369900363157017
D_syn,llama,par3_0031,-0.027571291221509326
D_syn,llama,par3_0032,0.00393693843661828
D_syn,llama,par3_0033,0.002360000309841718
D_syn,llama,par3_0034,0.039206130855966685
D_syn,llama,par3_0035,-0.00024742982018216564
D_syn,llama,par3_0036,-0.013304435909997461
D_syn,llama,par3_0037,0.03798433764579501
D_syn,llama,par3_0038,0.03424995192095267
D_syn,llama,par3_0039,0.052118557398564226
D_syn,llama,par3_0040,-0.02666090700102784
D_syn,llama,par3_0041,-0.004439018301023871
D_syn,llama,par3_0042,0.015545670837383877
D_syn,llama,par3_0043,-0.022777126082851207
D_syn,llama,par3_0044,0.03572998433008945
D_syn,llama,par3_0045,0.03825729458853059
D_syn,llama,par3_0046,-0.015744495317937424
D_syn,llama,par3_0047,0.06398307011127682
D_syn,llama,par3_0048,-0.013947870671836107
D_syn,llama,par3_0049,-0.0373600155017615
D_syn,llama,par3_0050,0.10336430070650236
D_syn,llama,par3_0051,0.0007392116935894902
D_syn,llama,par3_0052,0.01661792984930462
D_syn,llama,par3_0053,0.009420114868527693
D_syn,llama,par3_0054,-0.007429238311391677
D_syn,llama,par3_0055,-0.024512629369043065
D_syn,llama,par3_0056,0.07236478026931542
D_syn,llama,par3_0057,0.006721671316966715
D_syn,llama,par3_0058,-0.020107133871263467
D_syn,llama,par3_0059,0.003270600196403628
D_syn,llama,par3_0060,-0.001421859416712486
D_syn,llama,par3_0061,-0.012470587994204049
D_syn,llama,par3_0062,0.034418109530533314
D_syn,llama,par3_0063,0.02194653127991388
D_syn,llama,par3_0064,0.012689734148005912
D_syn,llama,par3_0065,-0.028771349838184024
D_syn,llama,par3_0066,0.006849652825512281
D_syn,llama,par3_0067,-0.02746462951542868
D_syn,llama,par3_0068,-0.02576463070549223
D_syn,llama,par3_0069,-0.007462889021270199
D_syn,llama,par3_0070,0.05204138834543737
D_syn,llama,par3_0071,-0.010581029633064306
D_syn,llama,par3_0072,-0.01440758393143543
D_syn,llama,par3_0073,0.03538190113912132
D_syn,llama,par3_0074,0.020177075199153665
D_syn,llama,par3_0075,0.015797985124725095
D_syn,llama,par3_0076,-0.02634319118572041
D_syn,llama,par3_0077,-0.019123201892854907
D_syn,llama,par3_0078,0.03764965339467128
D_syn,llama,par3_0079,0.047377470348632066
D_syn,llama,par3_0080,0.015852187858366312
D_syn,llama,par3_0081,0.05329134327073992
D_syn,llama,par3_0082,-0.00604935244252849
D_syn,llama,par3_0083,-0.01380545306117035
D_syn,llama,par3_0084,0.01828099796101527
D_syn,llama,par3_0085,0.015484915757348764
D_syn,llama,par3_0086,0.02841074658185209
D_syn,llama,par3_0087,0.038282230918802694
D_syn,llama,par3_0088,0.021281526087472153
D_syn,llama,par3_0089,0.01134630113184365
D_syn,llama,par3_0090,-0.019729354924694353
D_syn,llama,par3_0091,-0.029219217293800854
D_syn,llama,par3_0092,-0.022674073217051356
D_syn,llama,par3_0093,0.001416398363374094
D_syn,llama,par3_0094,-0.014683484249433767
D_syn,llama,par3_0095,-0.0041665811030988835
D_syn,llama,par3_0096,0.027829819301986632
D_syn,llama,par3_0097,-0.006063313815524431
D_syn,llama,par3_0098,-0.019393558911902958
D_syn,llama,par3_0099,-0.009156024220045892
D_syn,llama,par3_0100,0.05605670119122247
D_syn,llama,par3_0101,-0.01639439377546381
D_syn,llama,par3_0102,0.03243545124991215
D_syn,llama,par3_0103,0.06365470769948584
D_syn,llama,par3_0104,-0.013081251262318313
D_syn,llama,par3_0105,0.02613227601351198
D_syn,llama,par3_0106,-0.011088600214660238
D_syn,llama,par3_0107,-0.00047165244272471635
D_syn,llama,par3_0108,-0.0003121919760137685
D_syn,llama,par3_0109,0.05271217819144761
D_syn,llama,par3_0110,-0.0139975248531763
D_syn,llama,par3_0111,0.011984686889230647
D_syn,llama,par3_0112,0.0041688844499734685
D_syn,llama,par3_0113,-0.03628383869566167
D_syn,llama,par3_0114,0.10892756224205015
D_syn,llama,par3_0115,0.020879059400991235
D_syn,llama,par3_0116,0.00021511365980170227
D_syn,llama,par3_0117,0.023776884733525416
D_syn,llama,par3_0118,-0.004386841632910736
D_syn,llama,par3_0119,-0.028326450646854618
D_syn,llama,par3_0120,-0.024737775256152283
D_syn,llama,par3_0121,0.01733516883978037
D_syn,llama,par3_0122,-0.023933606735668873
D_syn,llama,par3_0123,0.043929366908492896
D_syn,llama,par3_0124,0.013666153211334367
D_syn,llama,par3_0125,-0.015293676472830605
D_syn,llama,par3_0126,0.057403748804427245
D_syn,llama,par3_0127,0.0069693734052654515
D_syn,llama,par3_0128,-0.0013380945648256426
D_syn,llama,par3_0129,0.049871566647791306
D_syn,llama,par3_0130,0.033716556967622525
D_syn,llama,par3_0131,0.11812403065184914
D_syn,llama,par3_0132,0.06873387560448858
D_syn,llama,par3_0133,-0.01455638170700189
D_syn,llama,par3_0134,0.018938026772241972
D_syn,llama,par3_0135,-0.015851779391024418
D_syn,llama,par3_0136,-0.012142764551238305
D_syn,llama,par3_0137,0.006760599212189818
D_syn,llama,par3_0138,-0.019350609673202884
D_syn,llama,par3_0139,-0.029786187726068298
D_syn,llama,par3_0140,0.04690103370078521
D_syn,llama,par3_0141,-0.0021997453728023753
D_syn,llama,par3_0142,0.01717577630856763
D_syn,llama,par3_0143,0.010780610790838327
D_syn,llama,par3_0144,0.013222953159481252
D_syn,llama,par3_0145,-0.020711881523343533
D_syn,llama,par3_0146,0.028256955205749595
D_syn,llama,par3_0147,-0.055189338513485786
D_syn,llama,par3_0148,0.05996676015658838
D_syn,llama,par3_0149,-0.05486968750115617
D_syn,llama,par3_0150,-0.02140803486274608
D_syn,llama,par3_0151,0.010626784286123486
D_syn,llama,par3_0152,-0.05879129334122021
D_syn,llama,par3_0153,-0.03783655651414684
D_syn,llama,par3_0154,0.02351131561597784
D_syn,llama,par3_0155,0.032247360282054625
D_syn,llama,par3_0156,0.00033433556215813526
D_syn,llama,par3_0157,0.011681774590261207
D_syn,llama,par3_0158,-0.061246472748435955
D_syn,llama,par3_0159,0.12884967432408265
D_syn,llama,par3_0160,0.04232513192300419
D_syn,llama,par3_0161,0.03575441200229154
D_syn,llama,par3_0162,0.0168104700797921
D_syn,llama,par3_0163,0.0067406149937923225
D_syn,llama,par3_0164,-0.03810459401374978
D_syn,llama,par3_0165,-0.05586571508059257
D_syn,llama,par3_0166,0.019877843467003175
D_syn,llama,par3_0167,0.036127203288185764
D_syn,llama,par3_0168,0.029027454064498106
D_syn,llama,par3_0169,-0.035685082336679906
D_syn,llama,par3_0170,-0.015837522040551184
D_syn,llama,par3_0171,0.03554018335367015
D_syn,llama,par3_0172,0.022266913065229238
D_syn,llama,par3_0173,0.008337627066821673
D_syn,llama,par3_0174,0.0008760467159688404
D_syn,llama,par3_0175,-0.01805947813978283
D_syn,llama,par3_0176,0.04473224601788497
D_syn,llama,par3_0177,-0.025604471356804808
D_syn,llama,par3_0178,0.03624241218865042
D_syn,llama,par3_0179,-0.028128584415268887
D_syn,llama,par3_0180,0.016732598104325407
D_syn,llama,par3_0181,0.009100084478430895
D_syn,llama,par3_0182,0.034652517018916716
D_syn,llama,par3_0183,0.0025103644006430337
D_syn,llama,par3_0184,-0.017035657026607875
D_syn,llama,par3_0185,0.06271796212022308
D_syn,llama,par3_0186,0.016048984044866932
D_syn,llama,par3_0187,0.0001127396506725072
D_syn,llama,par3_0188,-0.005407081268014591
D_syn,llama,par3_0189,-0.0465314460204149
D_syn,llama,par3_0190,-0.03599233748828077
D_syn,llama,par3_0191,0.032525459311325666
D_syn,llama,par3_0192,-0.022630690410938587
D_syn,llama,par3_0193,0.028519897417523865
D_syn,llama,par3_0194,0.016840470196165153
D_syn,llama,par3_0195,-0.013783977085196575
D_syn,llama,par3_0196,0.0007460548878015227
D_syn,llama,par3_0197,-0.028575835987441234
D_syn,llama,par3_0198,-0.027063633463175696
D_syn,llama,par3_0199,-0.011329508431329405
D_syn,mistral,par3_0000,0.03813304947673151
D_syn,mistral,par3_0001,0.0807963144113686
D_syn,mistral,par3_0002,0.032770748925785874
D_syn,mistral,par3_0003,0.060855373830828584
D_syn,mistral,par3_0004,0.05105017499067355
D_syn,mistral,par3_0005,0.013568229153616551
D_syn,mistral,par3_0006,0.01748745122585534
D_syn,mistral,par3_0007,0.037355697837438646
D_syn,mistral,par3_0008,-0.0455881505974963
D_syn,mistral,par3_0009,-0.004061227959415252
D_syn,mistral,par3_0010,-0.0036229316601382546
D_syn,mistral,par3_0011,0.03046769597013116
D_syn,mistral,par3_0012,0.03440941954213026
D_syn,mistral,par3_0013,0.022822034406320024
D_syn,mistral,par3_0014,-0.00766891865983584
D_syn,mistral,par3_0015,0.07599927415603298
D_syn,mistral,par3_0016,0.032377109670867286
D_syn,mistral,par3_0017,0.033859203586235884
D_syn,mistral,par3_0018,-0.016170221907275423
D_syn,mistral,par3_0019,0.04629953448512155
D_syn,mistral,par3_0020,-0.0036379473523358206
D_syn,mistral,par3_0021,0.07186266900442813
D_syn,mistral,par3_0022,0.0040200350353010355
D_syn,mistral,par3_0023,0.03842197273275716
D_syn,mistral,par3_0024,0.17892703698310922
D_syn,mistral,par3_0025,0.035131303968348605
D_syn,mistral,par3_0026,0.028694381075613673
D_syn,mistral,par3_0027,0.018345689115800246
D_syn,mistral,par3_0028,0.07613674488512036
D_syn,mistral,par3_0029,-0.0024483313299606033
D_syn,mistral,par3_0030,-0.016715727006951658
D_syn,mistral,par3_0031,-0.016307871515262917
D_syn,mistral,par3_0032,-0.02286671424342392
D_syn,mistral,par3_0033,0.061299686741794014
D_syn,mistral,par3_0034,-0.010507266987189826
D_syn,mistral,par3_0035,-0.006051602373272717
D_syn,mistral,par3_0036,0.00393666067967996
D_syn,mistral,par3_0037,0.07717195729976317
D_syn,mistral,par3_0038,0.005788024434613913
D_syn,mistral,par3_0039,0.07069338687133304
D_syn,mistral,par3_0040,0.0361717926226623
D_syn,mistral,par3_0041,0.0254989806805271
D_syn,mistral,par3_0042,0.0079841047773249
D_syn,mistral,par3_0043,-0.003634285636109754
D_syn,mistral,par3_0044,0.06277888355278337
D_syn,mistral,par3_0045,0.028381316772756533
D_syn,mistral,par3_0046,0.009745798777143063
D_syn,mistral,par3_0047,0.036551707043319365
D_syn,mistral,par3_0048,-7.651301299802886e-05
D_syn,mistral,par3_0049,-0.029955909972192368
D_syn,mistral,par3_0050,0.08116418447424449
D_syn,mistral,par3_0051,0.041916246221978516
D_syn,mistral,par3_0052,0.04142370509318231
D_syn,mistral,par3_0053,0.00579720426914417
D_syn,mistral,par3_0054,0.012416571704411553
D_syn,mistral,par3_0055,-0.032054832908871345
D_syn,mistral,par3_0056,0.04236090411056437
D_syn,mistral,par3_0057,-0.008024897077921792
D_syn,mistral,par3_0058,-0.005012519982409073
D_syn,mistral,par3_0059,0.00941176096591719
D_syn,mistral,par3_0060,-0.012084799732303605
D_syn,mistral,par3_0061,-0.011110683691665254
D_syn,mistral,par3_0062,0.051426506265498884
D_syn,mistral,par3_0063,0.02780179141814228
D_syn,mistral,par3_0064,0.043980925296035346
D_syn,mistral,par3_0065,0.037715955469124075
D_syn,mistral,par3_0066,0.02093395548831421
D_syn,mistral,par3_0067,0.02578299125826722
D_syn,mistral,par3_0068,-0.018376569325688524
D_syn,mistral,par3_0069,0.0034995937679761315
D_syn,mistral,par3_0070,0.06492335551163679
D_syn,mistral,par3_0071,-0.012647965259386143
D_syn,mistral,par3_0072,0.008296380790088534
D_syn,mistral,par3_0073,0.04741935610984205
D_syn,mistral,par3_0074,0.04214398673514803
D_syn,mistral,par3_0075,0.012484660932866912
D_syn,mistral,par3_0076,-0.0041220080937536445
D_syn,mistral,par3_0077,-0.012178855029403893
D_syn,mistral,par3_0078,0.03803796213584576
D_syn,mistral,par3_0079,0.05025308168820533
D_syn,mistral,par3_0080,0.027222697169667232
D_syn,mistral,par3_0081,0.010901507167759691
D_syn,mistral,par3_0082,0.004337687327625993
D_syn,mistral,par3_0083,-0.01757033108160516
D_syn,mistral,par3_0084,0.010761598573457118
D_syn,mistral,par3_0085,0.00937634492417764
D_syn,mistral,par3_0086,0.03329034552381305
D_syn,mistral,par3_0087,0.06613038256021557
D_syn,mistral,par3_0088,0.03305506968823283
D_syn,mistral,par3_0089,0.01707501666624552
D_syn,mistral,par3_0090,-0.00313431518374598
D_syn,mistral,par3_0091,-0.0030626667806034993
D_syn,mistral,par3_0092,-0.0071391524923847816
D_syn,mistral,par3_0093,6.686873532372554e-05
D_syn,mistral,par3_0094,0.010461906713800734
D_syn,mistral,par3_0095,0.012173850274881335
D_syn,mistral,par3_0096,0.015493555967038714
D_syn,mistral,par3_0097,-0.01472924973485093
D_syn,mistral,par3_0098,-0.03701715412064599
D_syn,mistral,par3_0099,-0.0029448243993791348
D_syn,mistral,par3_0100,0.08617756476755571
D_syn,mistral,par3_0101,-0.007653815073234371
D_syn,mistral,par3_0102,0.03369196297450394
D_syn,mistral,par3_0103,0.13691394430088605
D_syn,mistral,par3_0104,0.015354553215424413
D_syn,mistral,par3_0105,0.016570739598215135
D_syn,mistral,par3_0106,-0.013439528987924313
D_syn,mistral,par3_0107,0.014430484699457366
D_syn,mistral,par3_0108,0.004630300020997753
D_syn,mistral,par3_0109,0.06356284146221769
D_syn,mistral,par3_0110,-0.014517392108945343
D_syn,mistral,par3_0111,0.017640933021037346
D_syn,mistral,par3_0112,0.008094755155388026
D_syn,mistral,par3_0113,-0.0014512361351250818
D_syn,mistral,par3_0114,0.09767507796089935
D_syn,mistral,par3_0115,0.022034388432602636
D_syn,mistral,par3_0116,0.032060624233487066
D_syn,mistral,par3_0117,0.0099797047595482
D_syn,mistral,par3_0118,-0.006613019114547591
D_syn,mistral,par3_0119,-0.01756037330155198
D_syn,mistral,par3_0120,-0.03027163288585283
D_syn,mistral,par3_0121,0.04197505875503669
D_syn,mistral,par3_0122,0.004213891083582592
D_syn,mistral,par3_0123,0.007298741605898366
D_syn,mistral,par3_0124,0.027736387202435698
D_syn,mistral,par3_0125,-0.014015783752323818
D_syn,mistral,par3_0126,0.05311973732732587
D_syn,mistral,par3_0127,0.0006454642046893241
D_syn,mistral,par3_0128,0.025209589046831554
D_syn,mistral,par3_0129,0.07043181156713678
D_syn,mistral,par3_0130,0.040024998424618353
D_syn,mistral,par3_0131,0.12506395241344623
D_syn,mistral,par3_0132,0.08391226458983066
D_syn,mistral,par3_0133,-0.016571761651616945
D_syn,mistral,par3_0134,0.05041509022267889
D_syn,mistral,par3_0135,0.03601681587266815
D_syn,mistral,par3_0136,-0.0029760605304236707
D_syn,mistral,par3_0137,0.009798647193312388
D_syn,mistral,par3_0138,0.012430838749705084
D_syn,mistral,par3_0139,-0.004700643348235205
D_syn,mistral,par3_0140,-0.00888757676444781
D_syn,mistral,par3_0141,0.021024449196082966
D_syn,mistral,par3_0142,0.046372386566575975
D_syn,mistral,par3_0143,0.043320107615010796
D_syn,mistral,par3_0144,0.018325999752542305
D_syn,mistral,par3_0145,-0.007662406438483603
D_syn,mistral,par3_0146,0.05346069174094784
D_syn,mistral,par3_0147,-0.04616657317164869
D_syn,mistral,par3_0148,0.08078518274305004
D_syn,mistral,par3_0149,-0.03376119156190377
D_syn,mistral,par3_0150,0.0038168802707794214
D_syn,mistral,par3_0151,0.030660987759648577
D_syn,mistral,par3_0152,-0.05636650719548184
D_syn,mistral,par3_0153,-0.023352053713917003
D_syn,mistral,par3_0154,0.04392558260434762
D_syn,mistral,par3_0155,0.050084256227857255
D_syn,mistral,par3_0156,0.034918713420725
D_syn,mistral,par3_0157,0.009053054465620195
D_syn,mistral,par3_0158,-0.05305547310290463
D_syn,mistral,par3_0159,0.1354812358881642
D_syn,mistral,par3_0160,0.07247036208944756
D_syn,mistral,par3_0161,0.0509229802899149
D_syn,mistral,par3_0162,0.006896022366895451
D_syn,mistral,par3_0163,0.007419186460010589
D_syn,mistral,par3_0164,-0.02579805828281152
D_syn,mistral,par3_0165,-0.04182829290920039
D_syn,mistral,par3_0166,0.009641861190355983
D_syn,mistral,par3_0167,0.08176328686593047
D_syn,mistral,par3_0168,0.07239507613141867
D_syn,mistral,par3_0169,0.018861822203495877
D_syn,mistral,par3_0170,0.004745715321584391
D_syn,mistral,par3_0171,0.01761600039270648
D_syn,mistral,par3_0172,0.04597941183584247
D_syn,mistral,par3_0173,0.01955472663917429
D_syn,mistral,par3_0174,0.005722975844414696
D_syn,mistral,par3_0175,-0.007946085740095735
D_syn,mistral,par3_0176,0.06621417951849938
D_syn,mistral,par3_0177,0.0029926542490632166
D_syn,mistral,par3_0178,0.044656578512417444
D_syn,mistral,par3_0179,-0.0016813857058150157
D_syn,mistral,par3_0180,-0.0035282303634296595
D_syn,mistral,par3_0181,-0.00262344619580529
D_syn,mistral,par3_0182,-0.0001441930421659706
D_syn,mistral,par3_0183,-0.029986694318961043
D_syn,mistral,par3_0184,-0.01837998863474639
D_syn,mistral,par3_0185,0.04644432890396503
D_syn,mistral,par3_0186,-0.01732374720400426
D_syn,mistral,par3_0187,0.04994380745693209
D_syn,mistral,par3_0188,-0.013662277905802378
D_syn,mistral,par3_0189,-0.04106524056253776
D_syn,mistral,par3_0190,-0.021840561426306988
D_syn,mistral,par3_0191,0.050366484759967266
D_syn,mistral,par3_0192,-0.019041999886531158
D_syn,mistral,par3_0193,0.005227770401214786
D_syn,mistral,par3_0194,0.03153342275281057
D_syn,mistral,par3_0195,-0.0026487612061765384
D_syn,mistral,par3_0196,0.03153733775489076
D_syn,mistral,par3_0197,-0.031106118990981108
D_syn,mistral,par3_0198,-0.03693866758044062
D_syn,mistral,par3_0199,-0.016046902069920155
D_syn,qwen,par3_0000,0.014692400288924953
D_syn,qwen,par3_0001,0.022534196273255574
D_syn,qwen,par3_0002,0.04260587793712883
D_syn,qwen,par3_0003,-0.01360844478247386
D_syn,qwen,par3_0004,0.014941154444068941
D_syn,qwen,par3_0006,0.01333387753426237
D_syn,qwen,par3_0007,0.03336730985425737
D_syn,qwen,par3_0008,-0.04933336557936979
D_syn,qwen,par3_0009,0.005894020868737748
D_syn,qwen,par3_0010,-0.0019974279316840407
D_syn,qwen,par3_0011,0.00548083195372423
D_syn,qwen,par3_0012,0.021346447902429306
D_syn,qwen,par3_0013,-0.0045664465423137885
D_syn,qwen,par3_0014,-0.012194672616020363
D_syn,qwen,par3_0015,0.05629569995395164
D_syn,qwen,par3_0016,0.013318063014591291
D_syn,qwen,par3_0017,0.03257630958085316
D_syn,qwen,par3_0018,-0.00018891084129383598
D_syn,qwen,par3_0020,-0.0252127147831203
D_syn,qwen,par3_0021,0.09111342836796228
D_syn,qwen,par3_0022,-0.02962214844889588
D_syn,qwen,par3_0023,0.023361824068945863
D_syn,qwen,par3_0024,0.15503479582292143
D_syn,qwen,par3_0025,0.01486316478968617
D_syn,qwen,par3_0026,-0.01952351209340128
D_syn,qwen,par3_0027,0.03043640342564589
D_syn,qwen,par3_0028,0.060204224251480455
D_syn,qwen,par3_0029,0.0011829680278005645
D_syn,qwen,par3_0030,-0.00666091820395015
D_syn,qwen,par3_0031,-0.013062160606717324
D_syn,qwen,par3_0032,0.03917314263431817
D_syn,qwen,par3_0033,0.029482464925699003
D_syn,qwen,par3_0034,0.01920735437706624
D_syn,qwen,par3_0035,0.0010261136358291993
D_syn,qwen,par3_0036,-0.025580717161932814
D_syn,qwen,par3_0037,0.03522584025272202
D_syn,qwen,par3_0038,0.007314786608507706
D_syn,qwen,par3_0039,0.05233827396508145
D_syn,qwen,par3_0040,0.0075326166658609695
D_syn,qwen,par3_0041,0.006516026331973956
D_syn,qwen,par3_0042,0.019439792536461848
D_syn,qwen,par3_0043,-0.006109414309850088
D_syn,qwen,par3_0044,0.07962411917737573
D_syn,qwen,par3_0045,0.030643942883312347
D_syn,qwen,par3_0047,0.044612098990118754
D_syn,qwen,par3_0048,-0.01573255101086655
D_syn,qwen,par3_0049,-0.03239331527729732
D_syn,qwen,par3_0050,0.05202170645631236
D_syn,qwen,par3_0051,0.032219405771783206
D_syn,qwen,par3_0052,0.055780889059754
D_syn,qwen,par3_0053,-0.00664173836608245
D_syn,qwen,par3_0054,0.010606595548594888
D_syn,qwen,par3_0055,-0.01390717372746412
D_syn,qwen,par3_0056,0.05932911290483659
D_syn,qwen,par3_0057,-0.014855748764633359
D_syn,qwen,par3_0058,-0.002027940931735491
D_syn,qwen,par3_0059,-0.015280955402368216
D_syn,qwen,par3_0060,-0.004003265362778156
D_syn,qwen,par3_0061,0.004525372017664175
D_syn,qwen,par3_0062,0.026322092698164396
D_syn,qwen,par3_0063,0.017629670531808434
D_syn,qwen,par3_0064,0.03638843927094254
D_syn,qwen,par3_0065,0.00012468420594898463
D_syn,qwen,par3_0066,0.027785291318251897
D_syn,qwen,par3_0067,-0.007141150503272094
D_syn,qwen,par3_0068,-0.03604859239450684
D_syn,qwen,par3_0069,-0.03379248013241304
D_syn,qwen,par3_0070,0.04336800535726424
D_syn,qwen,par3_0071,-0.0019224698102616917
D_syn,qwen,par3_0072,-0.014790285461052747
D_syn,qwen,par3_0073,0.028354144616339266
D_syn,qwen,par3_0074,0.03234998308352901
D_syn,qwen,par3_0075,-0.017233281288818753
D_syn,qwen,par3_0076,-0.023471167745870603
D_syn,qwen,par3_0077,-0.0013796342338110446
D_syn,qwen,par3_0078,0.020171869079311993
D_syn,qwen,par3_0079,0.055614500312562244
D_syn,qwen,par3_0080,0.04105868072647942
D_syn,qwen,par3_0081,0.0016011385306757646
D_syn,qwen,par3_0082,0.012253289386307736
D_syn,qwen,par3_0083,-0.028995957528311262
D_syn,qwen,par3_0085,0.012544787252955769
D_syn,qwen,par3_0086,0.042073319757214976
D_syn,qwen,par3_0087,0.06370487925103635
D_syn,qwen,par3_0088,0.037833297820165125
D_syn,qwen,par3_0089,0.0035978258143687936
D_syn,qwen,par3_0090,-0.005105723741253232
D_syn,qwen,par3_0091,-0.02868009577089851
D_syn,qwen,par3_0092,-0.027279870904817483
D_syn,qwen,par3_0093,0.011430049479613827
D_syn,qwen,par3_0095,0.012210117897745352
D_syn,qwen,par3_0096,0.02651816656477964
D_syn,qwen,par3_0097,-0.02894261252699437
D_syn,qwen,par3_0098,-0.03767442741929541
D_syn,qwen,par3_0099,-0.001560309550730295
D_syn,qwen,par3_0100,0.03868122671109644
D_syn,qwen,par3_0102,0.03985542145355226
D_syn,qwen,par3_0103,0.07146784098988107
D_syn,qwen,par3_0104,-0.027893988479749037
D_syn,qwen,par3_0106,-0.017498292524280572
D_syn,qwen,par3_0108,0.03952192348506774
D_syn,qwen,par3_0109,0.021632802606179318
D_syn,qwen,par3_0110,-0.014365654862434815
D_syn,qwen,par3_0111,0.0072598975358334665
D_syn,qwen,par3_0112,-0.03913069469858638
D_syn,qwen,par3_0113,-0.004542668040441067
D_syn,qwen,par3_0114,0.09870365483685885
D_syn,qwen,par3_0115,0.008906856645581218
D_syn,qwen,par3_0116,0.012895614498921312
D_syn,qwen,par3_0117,0.03633595425765066
D_syn,qwen,par3_0118,-0.07798015542397917
D_syn,qwen,par3_0119,-0.01891331236132082
D_syn,qwen,par3_0120,-0.0164694722428476
D_syn,qwen,par3_0121,0.01831282091167695
D_syn,qwen,par3_0122,-0.009921117295728532
D_syn,qwen,par3_0123,0.017415873902481487
D_syn,qwen,par3_0124,0.010613552525809181
D_syn,qwen,par3_0126,0.0569865640710272
D_syn,qwen,par3_0127,0.016970795033195447
D_syn,qwen,par3_0128,0.00905587464738683
D_syn,qwen,par3_0129,0.02705135098848659
D_syn,qwen,par3_0130,0.038425211199847174
D_syn,qwen,par3_0131,0.11761398876753475
D_syn,qwen,par3_0132,0.07433281523399145
D_syn,qwen,par3_0133,0.009125928910856876
D_syn,qwen,par3_0135,-0.017769902562226176
D_syn,qwen,par3_0136,-0.02643499820309399
D_syn,qwen,par3_0137,-0.013655555319712067
D_syn,qwen,par3_0138,-0.006036479588445165
D_syn,qwen,par3_0139,-0.010234415069049449
D_syn,qwen,par3_0140,0.013615840017224101
D_syn,qwen,par3_0141,0.0015369768604445537
D_syn,qwen,par3_0142,0.017061860389422756
D_syn,qwen,par3_0143,0.043911827722440955
D_syn,qwen,par3_0144,0.0150032489854696
D_syn,qwen,par3_0145,-0.04068885392171857
D_syn,qwen,par3_0146,0.03326523586841421
D_syn,qwen,par3_0147,-0.06239562419295797
D_syn,qwen,par3_0148,0.07183725643010642
D_syn,qwen,par3_0149,-0.025841619994634135
D_syn,qwen,par3_0150,0.0003178120107693398
D_syn,qwen,par3_0154,-0.0010772074011167476
D_syn,qwen,par3_0155,0.028953141486766906
D_syn,qwen,par3_0156,0.015052663120861787
D_syn,qwen,par3_0157,0.019840034506885096
D_syn,qwen,par3_0159,0.07612643576478874
D_syn,qwen,par3_0160,0.04216019999312463
D_syn,qwen,par3_0161,0.033602692228890625
D_syn,qwen,par3_0162,0.010618643458458551
D_syn,qwen,par3_0163,0.0015143614841332531
D_syn,qwen,par3_0164,-0.014966885135187652
D_syn,qwen,par3_0166,0.05040320250861292
D_syn,qwen,par3_0167,0.041741410829136016
D_syn,qwen,par3_0168,0.02156821953562689
D_syn,qwen,par3_0169,-0.031250341670836214
D_syn,qwen,par3_0170,-0.015066796758278433
D_syn,qwen,par3_0171,0.02721392729578964
D_syn,qwen,par3_0172,0.01969631623853807
D_syn,qwen,par3_0174,-0.009778577827025256
D_syn,qwen,par3_0176,0.044412406735113645
D_syn,qwen,par3_0177,-0.022703300625190898
D_syn,qwen,par3_0178,0.02521198275323963
D_syn,qwen,par3_0179,-0.05187705311858535
D_syn,qwen,par3_0180,0.09706856291141247
D_syn,qwen,par3_0181,-0.01867073179017606
D_syn,qwen,par3_0182,-0.012585545224250242
D_syn,qwen,par3_0183,-0.037598904981825367
D_syn,qwen,par3_0184,-0.002116528097975893
D_syn,qwen,par3_0185,0.06184555475444673
D_syn,qwen,par3_0186,-0.031812254339000444
D_syn,qwen,par3_0187,-0.005891444704193745
D_syn,qwen,par3_0188,-0.02743579093126917
D_syn,qwen,par3_0189,-0.0046932076380251835
D_syn,qwen,par3_0191,-0.0033667814614632974
D_syn,qwen,par3_0192,-0.006077486740680603
D_syn,qwen,par3_0193,0.04355335901400137
D_syn,qwen,par3_0194,0.011266295727322934
D_syn,qwen,par3_0195,-0.004929158236873232
D_syn,qwen,par3_0197,-0.02800615523207206
D_syn,qwen,par3_0198,-0.07927452006692494
D_syn,qwen,par3_0199,0.00023382947213148228
