metric,prompt_id,source,energy_dist,n_human_eff,n_model_eff,p_perm,n_perm_used,perm_exact
D_sem,par3_0000,gemma,0.06680537015199661,3,5,0.017857142857142856,56,True
D_sem,par3_0000,llama,0.05368085950613022,3,5,0.03571428571428571,56,True
D_sem,par3_0000,mistral,0.08727219700813293,3,5,0.017857142857142856,56,True
D_sem,par3_0000,qwen,0.05387084186077118,3,5,0.017857142857142856,56,True
D_sem,par3_0001,gemma,0.03851974382996559,4,5,0.023809523809523808,126,True
D_sem,par3_0001,llama,0.03654870018362999,4,5,0.015873015873015872,126,True
D_sem,par3_0001,mistral,0.04869331419467926,4,5,0.007936507936507936,126,True
D_sem,par3_0001,qwen,0.043615490198135376,4,5,0.015873015873015872,126,True
D_sem,par3_0002,gemma,0.07951892912387848,3,5,0.017857142857142856,56,True
D_sem,par3_0002,llama,0.0514807403087616,3,5,0.03571428571428571,56,True
D_sem,par3_0002,mistral,0.06583978980779648,3,5,0.017857142857142856,56,True
D_sem,par3_0002,qwen,0.05753500014543533,3,5,0.017857142857142856,56,True
D_sem,par3_0003,gemma,0.047683488577604294,3,5,0.017857142857142856,56,True
D_sem,par3_0003,llama,0.043665941804647446,3,5,0.017857142857142856,56,True
D_sem,par3_0003,mistral,0.0891285240650177,3,5,0.07142857142857142,56,True
D_sem,par3_0003,qwen,0.05027893930673599,3,5,0.017857142857142856,56,True
D_sem,par3_0004,gemma,0.048228710889816284,3,4,0.02857142857142857,35,True
D_sem,par3_0004,llama,0.026386599987745285,3,5,0.19642857142857142,56,True
D_sem,par3_0004,mistral,0.039307594299316406,3,4,0.08571428571428572,35,True
D_sem,par3_0004,qwen,0.06507354229688644,3,3,0.1,20,True
D_sem,par3_0005,gemma,0.122110515832901,3,5,0.017857142857142856,56,True
D_sem,par3_0005,llama,0.10982121527194977,3,5,0.03571428571428571,56,True
D_sem,par3_0005,mistral,0.11521439254283905,3,5,0.03571428571428571,56,True
D_sem,par3_0006,gemma,0.06582736223936081,3,5,0.05357142857142857,56,True
D_sem,par3_0006,llama,0.11469762772321701,3,5,0.017857142857142856,56,True
D_sem,par3_0006,mistral,0.06507504731416702,3,5,0.03571428571428571,56,True
D_sem,par3_0006,qwen,0.11293363571166992,3,5,0.017857142857142856,56,True
D_sem,par3_0007,gemma,0.1232067421078682,4,5,0.007936507936507936,126,True
D_sem,par3_0007,llama,0.12256956845521927,4,5,0.007936507936507936,126,True
D_sem,par3_0007,mistral,0.1091928631067276,4,5,0.015873015873015872,126,True
D_sem,par3_0007,qwen,0.12462106347084045,4,3,0.02857142857142857,35,True
D_sem,par3_0008,gemma,0.031256258487701416,4,5,0.007936507936507936,126,True
D_sem,par3_0008,llama,0.02835305593907833,4,5,0.023809523809523808,126,True
D_sem,par3_0008,mistral,0.06681802123785019,4,5,0.007936507936507936,126,True
D_sem,par3_0008,qwen,0.04250459372997284,4,5,0.007936507936507936,126,True
D_sem,par3_0009,gemma,0.04786984995007515,3,5,0.03571428571428571,56,True
D_sem,par3_0009,llama,0.048190075904130936,3,5,0.017857142857142856,56,True
D_sem,par3_0009,mistral,0.08160359412431717,3,4,0.02857142857142857,35,True
D_sem,par3_0009,qwen,0.0478045828640461,3,2,0.3,10,True
D_sem,par3_0010,gemma,0.0522952638566494,3,5,0.017857142857142856,56,True
D_sem,par3_0010,llama,0.05912775918841362,3,5,0.017857142857142856,56,True
D_sem,par3_0010,mistral,0.10520603507757187,3,5,0.017857142857142856,56,True
D_sem,par3_0010,qwen,0.05470705032348633,3,5,0.017857142857142856,56,True
D_sem,par3_0011,gemma,0.06022500991821289,3,5,0.03571428571428571,56,True
D_sem,par3_0011,llama,0.04635389894247055,3,5,0.017857142857142856,56,True
D_sem,par3_0011,mistral,0.09405767917633057,3,5,0.017857142857142856,56,True
D_sem,par3_0011,qwen,0.03544002026319504,3,5,0.017857142857142856,56,True
D_sem,par3_0012,gemma,0.02758079580962658,3,5,0.017857142857142856,56,True
D_sem,par3_0012,llama,0.033673591911792755,3,5,0.017857142857142856,56,True
D_sem,par3_0012,mistral,0.02716020867228508,3,5,0.017857142857142856,56,True
D_sem,par3_0012,qwen,0.021645769476890564,3,5,0.017857142857142856,56,True
D_sem,par3_0013,gemma,0.0524168536067009,3,5,0.017857142857142856,56,True
D_sem,par3_0013,llama,0.06521088629961014,3,5,0.017857142857142856,56,True
D_sem,par3_0013,mistral,0.056752171367406845,3,5,0.03571428571428571,56,True
D_sem,par3_0013,qwen,0.05779516324400902,3,3,0.05,20,True
D_sem,par3_0014,gemma,0.056413572281599045,3,5,0.017857142857142856,56,True
D_sem,par3_0014,llama,0.08909126371145248,3,5,0.017857142857142856,56,True
D_sem,par3_0014,mistral,0.08715120702981949,3,4,0.02857142857142857,35,True
D_sem,par3_0014,qwen,0.06991115212440491,3,5,0.017857142857142856,56,True
D_sem,par3_0015,gemma,0.037231702357530594,4,5,0.015873015873015872,126,True
D_sem,par3_0015,llama,0.025730254128575325,4,5,0.007936507936507936,126,True
D_sem,par3_0015,mistral,0.029271088540554047,4,5,0.007936507936507936,126,True
D_sem,par3_0015,qwen,0.025205098092556,4,5,0.015873015873015872,126,True
D_sem,par3_0016,gemma,0.09969846904277802,4,5,0.007936507936507936,126,True
D_sem,par3_0016,llama,0.05175793543457985,4,5,0.03968253968253968,126,True
D_sem,par3_0016,mistral,0.08616960048675537,4,5,0.007936507936507936,126,True
D_sem,par3_0016,qwen,0.10350614786148071,4,5,0.007936507936507936,126,True
D_sem,par3_0017,gemma,0.05254540219902992,4,5,0.007936507936507936,126,True
D_sem,par3_0017,llama,0.04489581659436226,4,5,0.015873015873015872,126,True
D_sem,par3_0017,mistral,0.05064045637845993,4,5,0.007936507936507936,126,True
D_sem,par3_0017,qwen,0.05101430043578148,4,5,0.007936507936507936,126,True
D_sem,par3_0018,gemma,0.04534611850976944,3,5,0.017857142857142856,56,True
D_sem,par3_0018,llama,0.039372242987155914,3,5,0.017857142857142856,56,True
D_sem,par3_0018,mistral,0.09504443407058716,3,5,0.017857142857142856,56,True
D_sem,par3_0018,qwen,0.032746486365795135,3,4,0.02857142857142857,35,True
D_sem,par3_0019,gemma,0.06061522290110588,3,5,0.17857142857142858,56,True
D_sem,par3_0019,llama,0.081661656498909,3,5,0.05357142857142857,56,True
D_sem,par3_0019,mistral,0.09544582664966583,3,5,0.017857142857142856,56,True
D_sem,par3_0020,gemma,0.08561872690916061,4,3,0.22857142857142856,35,True
D_sem,par3_0020,llama,0.09462402760982513,4,5,0.015873015873015872,126,True
D_sem,par3_0020,mistral,0.1679631620645523,4,5,0.007936507936507936,126,True
D_sem,par3_0020,qwen,0.08818560093641281,4,5,0.031746031746031744,126,True
D_sem,par3_0021,gemma,0.022572467103600502,3,5,0.017857142857142856,56,True
D_sem,par3_0021,llama,0.021680405363440514,3,5,0.017857142857142856,56,True
D_sem,par3_0021,mistral,0.028108295053243637,3,5,0.017857142857142856,56,True
D_sem,par3_0021,qwen,0.024298595264554024,3,5,0.017857142857142856,56,True
D_sem,par3_0022,gemma,0.26010820269584656,3,3,0.1,20,True
D_sem,par3_0022,llama,0.1674308478832245,3,5,0.03571428571428571,56,True
D_sem,par3_0022,mistral,0.2542537748813629,3,5,0.017857142857142856,56,True
D_sem,par3_0022,qwen,0.07859760522842407,3,3,0.3,20,True
D_sem,par3_0023,gemma,0.08638902753591537,3,5,0.03571428571428571,56,True
D_sem,par3_0023,llama,0.0930233895778656,3,5,0.017857142857142856,56,True
D_sem,par3_0023,mistral,0.08806208521127701,3,4,0.05714285714285714,35,True
D_sem,par3_0023,qwen,0.09743967652320862,3,2,0.6,10,True
D_sem,par3_0024,gemma,0.051607780158519745,3,5,0.03571428571428571,56,True
D_sem,par3_0024,llama,0.07975498586893082,3,5,0.017857142857142856,56,True
D_sem,par3_0024,mistral,0.08796147257089615,3,5,0.017857142857142856,56,True
D_sem,par3_0024,qwen,0.07382373511791229,3,5,0.017857142857142856,56,True
D_sem,par3_0025,gemma,0.13267838954925537,3,4,0.02857142857142857,35,True
D_sem,par3_0025,llama,0.12193633615970612,3,5,0.07142857142857142,56,True
D_sem,par3_0025,mistral,0.17820703983306885,3,3,0.1,20,True
D_sem,par3_0025,qwen,0.24877333641052246,3,4,0.02857142857142857,35,True
D_sem,par3_0026,gemma,0.1315421462059021,4,5,0.007936507936507936,126,True
D_sem,par3_0026,llama,0.04873434454202652,4,5,0.15873015873015872,126,True
D_sem,par3_0026,mistral,0.05250352621078491,4,5,0.23015873015873015,126,True
D_sem,par3_0026,qwen,0.06503909081220627,4,5,0.023809523809523808,126,True
D_sem,par3_0027,gemma,0.0781368538737297,4,5,0.007936507936507936,126,True
D_sem,par3_0027,llama,0.08162251114845276,4,5,0.007936507936507936,126,True
D_sem,par3_0027,mistral,0.0729900598526001,4,5,0.023809523809523808,126,True
D_sem,par3_0027,qwen,0.059297677129507065,4,5,0.007936507936507936,126,True
D_sem,par3_0028,gemma,0.028733422979712486,4,5,0.007936507936507936,126,True
D_sem,par3_0028,llama,0.05643562227487564,4,5,0.015873015873015872,126,True
D_sem,par3_0028,mistral,0.021757639944553375,4,5,0.015873015873015872,126,True
D_sem,par3_0028,qwen,0.02477102354168892,4,5,0.07142857142857142,126,True
D_sem,par3_0029,gemma,0.014523446559906006,3,5,0.017857142857142856,56,True
D_sem,par3_0029,llama,0.014269799925386906,3,5,0.03571428571428571,56,True
D_sem,par3_0029,mistral,0.01676945574581623,3,5,0.017857142857142856,56,True
D_sem,par3_0029,qwen,0.011622672900557518,3,5,0.017857142857142856,56,True
D_sem,par3_0030,gemma,0.07043267786502838,4,5,0.007936507936507936,126,True
D_sem,par3_0030,llama,0.07066131383180618,4,5,0.007936507936507936,126,True
D_sem,par3_0030,mistral,0.10882934927940369,4,5,0.007936507936507936,126,True
D_sem,par3_0030,qwen,0.061315976083278656,4,5,0.007936507936507936,126,True
D_sem,par3_0031,gemma,0.02516491897404194,4,5,0.007936507936507936,126,True
D_sem,par3_0031,llama,0.024325136095285416,4,5,0.007936507936507936,126,True
D_sem,par3_0031,mistral,0.061584584414958954,4,5,0.015873015873015872,126,True
D_sem,par3_0031,qwen,0.02132181078195572,4,5,0.007936507936507936,126,True
D_sem,par3_0032,gemma,0.12878401577472687,3,5,0.017857142857142856,56,True
D_sem,par3_0032,llama,0.10833428800106049,3,5,0.017857142857142856,56,True
D_sem,par3_0032,mistral,0.14510326087474823,3,5,0.017857142857142856,56,True
D_sem,par3_0032,qwen,0.1438339650630951,3,2,0.2,10,True
D_sem,par3_0033,gemma,0.010192111134529114,3,5,0.017857142857142856,56,True
D_sem,par3_0033,llama,0.015629246830940247,3,5,0.125,56,True
D_sem,par3_0033,mistral,0.011295136995613575,3,5,0.017857142857142856,56,True
D_sem,par3_0033,qwen,0.009346505627036095,3,5,0.017857142857142856,56,True
D_sem,par3_0034,gemma,0.03783537447452545,4,5,0.007936507936507936,126,True
D_sem,par3_0034,llama,0.04674779251217842,4,5,0.007936507936507936,126,True
D_sem,par3_0034,mistral,0.04783596843481064,4,5,0.007936507936507936,126,True
D_sem,par3_0034,qwen,0.03349454700946808,4,5,0.007936507936507936,126,True
D_sem,par3_0035,gemma,0.026621069759130478,3,5,0.2857142857142857,56,True
D_sem,par3_0035,llama,0.07305940240621567,3,5,0.03571428571428571,56,True
D_sem,par3_0035,mistral,0.06218350678682327,3,5,0.125,56,True
D_sem,par3_0035,qwen,0.03364609181880951,3,5,0.48214285714285715,56,True
D_sem,par3_0036,gemma,0.031098563224077225,3,5,0.017857142857142856,56,True
D_sem,par3_0036,llama,0.025435835123062134,3,5,0.07142857142857142,56,True
D_sem,par3_0036,mistral,0.04509527608752251,3,5,0.017857142857142856,56,True
D_sem,par3_0036,qwen,0.02853819914162159,3,5,0.03571428571428571,56,True
D_sem,par3_0037,gemma,0.07183748483657837,3,5,0.017857142857142856,56,True
D_sem,par3_0037,llama,0.05931371450424194,3,5,0.017857142857142856,56,True
D_sem,par3_0037,mistral,0.07798290252685547,3,4,0.02857142857142857,35,True
D_sem,par3_0037,qwen,0.06553088873624802,3,5,0.017857142857142856,56,True
D_sem,par3_0038,gemma,0.038233932107686996,4,5,0.007936507936507936,126,True
D_sem,par3_0038,llama,0.03238874673843384,4,5,0.015873015873015872,126,True
D_sem,par3_0038,mistral,0.0430011972784996,4,5,0.007936507936507936,126,True
D_sem,par3_0038,qwen,0.029947111383080482,4,5,0.031746031746031744,126,True
D_sem,par3_0039,gemma,0.04183337464928627,3,5,0.017857142857142856,56,True
D_sem,par3_0039,llama,0.05365921929478645,3,5,0.017857142857142856,56,True
D_sem,par3_0039,mistral,0.029286835342645645,3,5,0.017857142857142856,56,True
D_sem,par3_0039,qwen,0.0222748015075922,3,5,0.03571428571428571,56,True
D_sem,par3_0040,gemma,0.035153694450855255,4,5,0.2619047619047619,126,True
D_sem,par3_0040,llama,0.04611240327358246,4,5,0.1349206349206349,126,True
D_sem,par3_0040,mistral,0.1311340034008026,4,5,0.007936507936507936,126,True
D_sem,par3_0040,qwen,0.08836116641759872,4,4,0.02857142857142857,70,True
D_sem,par3_0041,gemma,0.028380416333675385,3,5,0.03571428571428571,56,True
D_sem,par3_0041,llama,0.028878124430775642,3,5,0.03571428571428571,56,True
D_sem,par3_0041,mistral,0.043756112456321716,3,5,0.017857142857142856,56,True
D_sem,par3_0041,qwen,0.026613179594278336,3,4,0.17142857142857143,35,True
D_sem,par3_0042,gemma,0.06970705091953278,4,5,0.007936507936507936,126,True
D_sem,par3_0042,llama,0.10367102175951004,4,5,0.015873015873015872,126,True
D_sem,par3_0042,mistral,0.079663947224617,4,5,0.007936507936507936,126,True
D_sem,par3_0042,qwen,0.1080964207649231,4,5,0.007936507936507936,126,True
D_sem,par3_0043,gemma,0.09581159055233002,3,5,0.05357142857142857,56,True
D_sem,par3_0043,llama,0.16560286283493042,3,5,0.017857142857142856,56,True
D_sem,par3_0043,mistral,0.09524178504943848,3,5,0.03571428571428571,56,True
D_sem,par3_0043,qwen,0.15695375204086304,3,4,0.02857142857142857,35,True
D_sem,par3_0044,gemma,0.03425409272313118,4,5,0.007936507936507936,126,True
D_sem,par3_0044,llama,0.05698012933135033,4,5,0.015873015873015872,126,True
D_sem,par3_0044,mistral,0.06249270588159561,4,5,0.007936507936507936,126,True
D_sem,par3_0044,qwen,0.057564351707696915,4,5,0.015873015873015872,126,True
D_sem,par3_0045,gemma,0.11018042266368866,3,5,0.10714285714285714,56,True
D_sem,par3_0045,llama,0.1388888657093048,3,5,0.05357142857142857,56,True
D_sem,par3_0045,mistral,0.1698346883058548,3,5,0.017857142857142856,56,True
D_sem,par3_0045,qwen,0.09008709341287613,3,5,0.08928571428571429,56,True
D_sem,par3_0046,gemma,0.12060785293579102,3,2,0.3,10,True
D_sem,par3_0046,llama,0.08456173539161682,3,5,0.017857142857142856,56,True
D_sem,par3_0046,mistral,0.09236109256744385,3,5,0.017857142857142856,56,True
D_sem,par3_0047,gemma,0.02952510304749012,4,5,0.15873015873015872,126,True
D_sem,par3_0047,llama,0.03922319784760475,4,5,0.2698412698412698,126,True
D_sem,par3_0047,mistral,0.03258610516786575,4,5,0.23015873015873015,126,True
D_sem,par3_0047,qwen,0.0325288325548172,4,5,0.35714285714285715,126,True
D_sem,par3_0048,gemma,0.04257383942604065,3,5,0.017857142857142856,56,True
D_sem,par3_0048,llama,0.050637803971767426,3,5,0.017857142857142856,56,True
D_sem,par3_0048,mistral,0.05385873466730118,3,5,0.017857142857142856,56,True
D_sem,par3_0048,qwen,0.03822510316967964,3,5,0.017857142857142856,56,True
D_sem,par3_0049,gemma,0.05219598114490509,4,5,0.007936507936507936,126,True
D_sem,par3_0049,llama,0.047568291425704956,4,5,0.007936507936507936,126,True
D_sem,par3_0049,mistral,0.07513612508773804,4,5,0.007936507936507936,126,True
D_sem,par3_0049,qwen,0.043428562581539154,4,2,0.5333333333333333,15,True
D_sem,par3_0050,gemma,0.04248272255063057,3,5,0.017857142857142856,56,True
D_sem,par3_0050,llama,0.05691219121217728,3,5,0.017857142857142856,56,True
D_sem,par3_0050,mistral,0.038757335394620895,3,5,0.017857142857142856,56,True
D_sem,par3_0050,qwen,0.056885767728090286,3,5,0.017857142857142856,56,True
D_sem,par3_0051,gemma,0.04192940890789032,4,5,0.007936507936507936,126,True
D_sem,par3_0051,llama,0.049943529069423676,4,5,0.007936507936507936,126,True
D_sem,par3_0051,mistral,0.036287613213062286,4,5,0.007936507936507936,126,True
D_sem,par3_0051,qwen,0.035723403096199036,4,3,0.08571428571428572,35,True
D_sem,par3_0052,gemma,0.056426867842674255,3,4,0.02857142857142857,35,True
D_sem,par3_0052,llama,0.04550021141767502,3,5,0.017857142857142856,56,True
D_sem,par3_0052,mistral,0.04726850241422653,3,5,0.017857142857142856,56,True
D_sem,par3_0052,qwen,0.05929117277264595,3,5,0.017857142857142856,56,True
D_sem,par3_0053,gemma,0.02050812914967537,3,5,0.017857142857142856,56,True
D_sem,par3_0053,llama,0.021037830039858818,3,5,0.017857142857142856,56,True
D_sem,par3_0053,mistral,0.021474555134773254,3,5,0.017857142857142856,56,True
D_sem,par3_0053,qwen,0.017550356686115265,3,5,0.017857142857142856,56,True
D_sem,par3_0054,gemma,0.02305137924849987,3,5,0.017857142857142856,56,True
D_sem,par3_0054,llama,0.02479514293372631,3,5,0.017857142857142856,56,True
D_sem,par3_0054,mistral,0.023281633853912354,3,5,0.017857142857142856,56,True
D_sem,par3_0054,qwen,0.021211616694927216,3,5,0.017857142857142856,56,True
D_sem,par3_0055,gemma,0.1110289990901947,3,3,0.3,20,True
D_sem,par3_0055,llama,0.10903270542621613,3,5,0.017857142857142856,56,True
D_sem,par3_0055,mistral,0.1807539314031601,3,5,0.017857142857142856,56,True
D_sem,par3_0055,qwen,0.08860136568546295,3,4,0.05714285714285714,35,True
D_sem,par3_0056,gemma,0.02052341215312481,3,5,0.10714285714285714,56,True
D_sem,par3_0056,llama,0.07054674625396729,3,5,0.017857142857142856,56,True
D_sem,par3_0056,mistral,0.07124970853328705,3,5,0.017857142857142856,56,True
D_sem,par3_0056,qwen,0.04136645793914795,3,5,0.017857142857142856,56,True
D_sem,par3_0057,gemma,0.037594348192214966,3,5,0.017857142857142856,56,True
D_sem,par3_0057,llama,0.07660045474767685,3,5,0.017857142857142856,56,True
D_sem,par3_0057,mistral,0.09156878292560577,3,5,0.017857142857142856,56,True
D_sem,par3_0057,qwen,0.053939566016197205,3,5,0.03571428571428571,56,True
D_sem,par3_0058,gemma,0.109993115067482,3,4,0.02857142857142857,35,True
D_sem,par3_0058,llama,0.09141619503498077,3,5,0.19642857142857142,56,True
D_sem,par3_0058,mistral,0.21111734211444855,3,3,0.05,20,True
D_sem,par3_0058,qwen,0.11390116810798645,3,4,0.02857142857142857,35,True
D_sem,par3_0059,gemma,0.04412205144762993,3,5,0.10714285714285714,56,True
D_sem,par3_0059,llama,0.08694784343242645,3,5,0.05357142857142857,56,True
D_sem,par3_0059,mistral,0.09660351276397705,3,5,0.03571428571428571,56,True
D_sem,par3_0059,qwen,0.11955497413873672,3,5,0.017857142857142856,56,True
D_sem,par3_0060,gemma,0.09165000170469284,4,5,0.007936507936507936,126,True
D_sem,par3_0060,llama,0.1057971864938736,4,5,0.007936507936507936,126,True
D_sem,par3_0060,mistral,0.0947926715016365,4,5,0.007936507936507936,126,True
D_sem,par3_0060,qwen,0.1008271872997284,4,4,0.02857142857142857,70,True
D_sem,par3_0061,gemma,0.061792753636837006,3,5,0.017857142857142856,56,True
D_sem,par3_0061,llama,0.11073823273181915,3,5,0.017857142857142856,56,True
D_sem,par3_0061,mistral,0.10306857526302338,3,5,0.03571428571428571,56,True
D_sem,par3_0061,qwen,0.10942690819501877,3,5,0.017857142857142856,56,True
D_sem,par3_0062,gemma,0.10730881989002228,3,5,0.03571428571428571,56,True
D_sem,par3_0062,llama,0.11232347786426544,3,5,0.07142857142857142,56,True
D_sem,par3_0062,mistral,0.15746553242206573,3,5,0.017857142857142856,56,True
D_sem,par3_0062,qwen,0.16474649310112,3,4,0.02857142857142857,35,True
D_sem,par3_0063,gemma,0.15335288643836975,3,2,0.2,10,True
D_sem,par3_0063,llama,0.09350401908159256,3,5,0.017857142857142856,56,True
D_sem,par3_0063,mistral,0.11541906744241714,3,5,0.017857142857142856,56,True
D_sem,par3_0063,qwen,0.12247681617736816,3,2,0.2,10,True
D_sem,par3_0064,gemma,0.06998700648546219,3,5,0.017857142857142856,56,True
D_sem,par3_0064,llama,0.07786740362644196,3,5,0.017857142857142856,56,True
D_sem,par3_0064,mistral,0.05571248009800911,3,5,0.03571428571428571,56,True
D_sem,par3_0064,qwen,0.045444875955581665,3,5,0.05357142857142857,56,True
D_sem,par3_0065,gemma,0.06558621674776077,3,4,0.02857142857142857,35,True
D_sem,par3_0065,llama,0.06757496297359467,3,4,0.02857142857142857,35,True
D_sem,par3_0065,mistral,0.08868968486785889,3,3,0.25,20,True
D_sem,par3_0065,qwen,0.06804834306240082,3,4,0.11428571428571428,35,True
D_sem,par3_0066,gemma,0.1047559529542923,3,5,0.017857142857142856,56,True
D_sem,par3_0066,llama,0.07188962399959564,3,5,0.017857142857142856,56,True
D_sem,par3_0066,mistral,0.11442828923463821,3,5,0.017857142857142856,56,True
D_sem,par3_0066,qwen,0.01735645905137062,3,5,0.017857142857142856,56,True
D_sem,par3_0067,gemma,0.016660593450069427,3,5,0.017857142857142856,56,True
D_sem,par3_0067,llama,0.015380165539681911,3,5,0.017857142857142856,56,True
D_sem,par3_0067,mistral,0.018205447122454643,3,5,0.017857142857142856,56,True
D_sem,par3_0067,qwen,0.02728116326034069,3,5,0.017857142857142856,56,True
D_sem,par3_0068,gemma,0.010348711162805557,3,5,0.017857142857142856,56,True
D_sem,par3_0068,llama,0.010939687490463257,3,5,0.017857142857142856,56,True
D_sem,par3_0068,mistral,0.0642157644033432,3,5,0.03571428571428571,56,True
D_sem,par3_0068,qwen,0.010168549604713917,3,5,0.03571428571428571,56,True
D_sem,par3_0069,gemma,0.1678803563117981,3,4,0.02857142857142857,35,True
D_sem,par3_0069,llama,0.08754849433898926,3,5,0.07142857142857142,56,True
D_sem,par3_0069,mistral,0.1775546818971634,3,5,0.017857142857142856,56,True
D_sem,par3_0069,qwen,0.09169992804527283,3,5,0.08928571428571429,56,True
D_sem,par3_0070,gemma,0.06409522891044617,3,4,0.02857142857142857,35,True
D_sem,par3_0070,llama,0.059951700270175934,3,5,0.017857142857142856,56,True
D_sem,par3_0070,mistral,0.07770587503910065,3,5,0.017857142857142856,56,True
D_sem,par3_0070,qwen,0.05108647793531418,3,5,0.017857142857142856,56,True
D_sem,par3_0071,gemma,0.016373546794056892,3,5,0.017857142857142856,56,True
D_sem,par3_0071,llama,0.016518190503120422,3,5,0.017857142857142856,56,True
D_sem,par3_0071,mistral,0.02138478308916092,3,5,0.017857142857142856,56,True
D_sem,par3_0071,qwen,0.016046173870563507,3,5,0.017857142857142856,56,True
D_sem,par3_0072,gemma,0.06704846769571304,4,5,0.007936507936507936,126,True
D_sem,par3_0072,llama,0.06433425843715668,4,5,0.007936507936507936,126,True
D_sem,par3_0072,mistral,0.07887130975723267,4,5,0.023809523809523808,126,True
D_sem,par3_0072,qwen,0.03974904119968414,4,4,0.22857142857142856,70,True
D_sem,par3_0073,gemma,0.06676311045885086,3,5,0.017857142857142856,56,True
D_sem,par3_0073,llama,0.0922919362783432,3,5,0.017857142857142856,56,True
D_sem,par3_0073,mistral,0.09292787313461304,3,5,0.017857142857142856,56,True
D_sem,par3_0073,qwen,0.0657561868429184,3,5,0.017857142857142856,56,True
D_sem,par3_0074,gemma,0.022946380078792572,3,5,0.19642857142857142,56,True
D_sem,par3_0074,llama,0.026795461773872375,3,5,0.21428571428571427,56,True
D_sem,par3_0074,mistral,0.05660552531480789,3,5,0.017857142857142856,56,True
D_sem,par3_0074,qwen,0.0444834902882576,3,5,0.05357142857142857,56,True
D_sem,par3_0075,gemma,0.06525500863790512,4,5,0.007936507936507936,126,True
D_sem,par3_0075,llama,0.06976506859064102,4,5,0.007936507936507936,126,True
D_sem,par3_0075,mistral,0.10895649343729019,4,5,0.007936507936507936,126,True
D_sem,par3_0075,qwen,0.1060115173459053,4,2,0.06666666666666667,15,True
D_sem,par3_0076,gemma,0.017287377268075943,3,5,0.017857142857142856,56,True
D_sem,par3_0076,llama,0.022315524518489838,3,5,0.017857142857142856,56,True
D_sem,par3_0076,mistral,0.02725790999829769,3,5,0.017857142857142856,56,True
D_sem,par3_0076,qwen,0.020658325403928757,3,5,0.017857142857142856,56,True
D_sem,par3_0077,gemma,0.022683167830109596,4,5,0.007936507936507936,126,True
D_sem,par3_0077,llama,0.02429877780377865,4,5,0.015873015873015872,126,True
D_sem,par3_0077,mistral,0.0702243447303772,4,5,0.007936507936507936,126,True
D_sem,par3_0077,qwen,0.05024426430463791,4,5,0.007936507936507936,126,True
D_sem,par3_0078,gemma,0.03530940040946007,4,5,0.023809523809523808,126,True
D_sem,par3_0078,llama,0.02789401262998581,4,5,0.007936507936507936,126,True
D_sem,par3_0078,mistral,0.04397447407245636,4,5,0.07936507936507936,126,True
D_sem,par3_0078,qwen,0.042571019381284714,4,5,0.007936507936507936,126,True
D_sem,par3_0079,gemma,0.01955525018274784,4,5,0.007936507936507936,126,True
D_sem,par3_0079,llama,0.015380027703940868,4,5,0.007936507936507936,126,True
D_sem,par3_0079,mistral,0.021549681201577187,4,5,0.007936507936507936,126,True
D_sem,par3_0079,qwen,0.017537498846650124,4,5,0.023809523809523808,126,True
D_sem,par3_0080,gemma,0.11664239317178726,4,5,0.007936507936507936,126,True
D_sem,par3_0080,llama,0.12199404835700989,4,5,0.007936507936507936,126,True
D_sem,par3_0080,mistral,0.12592753767967224,4,5,0.007936507936507936,126,True
D_sem,par3_0080,qwen,0.129458948969841,4,3,0.17142857142857143,35,True
D_sem,par3_0081,gemma,0.032486576586961746,3,5,0.017857142857142856,56,True
D_sem,par3_0081,llama,0.02886679396033287,3,5,0.017857142857142856,56,True
D_sem,par3_0081,mistral,0.027482174336910248,3,5,0.017857142857142856,56,True
D_sem,par3_0081,qwen,0.028605367988348007,3,5,0.017857142857142856,56,True
D_sem,par3_0082,gemma,0.024768715724349022,4,5,0.03968253968253968,126,True
D_sem,par3_0082,llama,0.028524091467261314,4,5,0.047619047619047616,126,True
D_sem,par3_0082,mistral,0.05077844485640526,4,5,0.007936507936507936,126,True
D_sem,par3_0082,qwen,0.016404420137405396,4,5,0.007936507936507936,126,True
D_sem,par3_0083,gemma,0.1252751648426056,3,3,0.2,20,True
D_sem,par3_0083,llama,0.10112274438142776,3,4,0.08571428571428572,35,True
D_sem,par3_0083,mistral,0.09782002866268158,3,5,0.10714285714285714,56,True
D_sem,par3_0083,qwen,0.0778498500585556,3,5,0.17857142857142858,56,True
D_sem,par3_0084,gemma,0.13205310702323914,3,2,0.2,10,True
D_sem,par3_0084,llama,0.09347774088382721,3,5,0.07142857142857142,56,True
D_sem,par3_0084,mistral,0.22591233253479004,3,5,0.017857142857142856,56,True
D_sem,par3_0085,gemma,0.020382268354296684,3,5,0.017857142857142856,56,True
D_sem,par3_0085,llama,0.027402980253100395,3,5,0.017857142857142856,56,True
D_sem,par3_0085,mistral,0.015339432284235954,3,5,0.017857142857142856,56,True
D_sem,par3_0085,qwen,0.01969338022172451,3,5,0.017857142857142856,56,True
D_sem,par3_0086,gemma,0.02020871266722679,3,5,0.017857142857142856,56,True
D_sem,par3_0086,llama,0.021092195063829422,3,5,0.05357142857142857,56,True
D_sem,par3_0086,mistral,0.021469760686159134,3,5,0.017857142857142856,56,True
D_sem,par3_0086,qwen,0.02658221684396267,3,5,0.03571428571428571,56,True
D_sem,par3_0087,gemma,0.10707879811525345,3,5,0.017857142857142856,56,True
D_sem,par3_0087,llama,0.0920499786734581,3,5,0.07142857142857142,56,True
D_sem,par3_0087,mistral,0.15863855183124542,3,5,0.017857142857142856,56,True
D_sem,par3_0087,qwen,0.10555208474397659,3,5,0.03571428571428571,56,True
D_sem,par3_0088,gemma,0.015028349123895168,3,5,0.017857142857142856,56,True
D_sem,par3_0088,llama,0.01599154993891716,3,5,0.017857142857142856,56,True
D_sem,par3_0088,mistral,0.017087215557694435,3,5,0.017857142857142856,56,True
D_sem,par3_0088,qwen,0.012445783242583275,3,5,0.017857142857142856,56,True
D_sem,par3_0089,gemma,0.11052677780389786,3,5,0.017857142857142856,56,True
D_sem,par3_0089,llama,0.12327329814434052,3,5,0.03571428571428571,56,True
D_sem,par3_0089,mistral,0.12145546078681946,3,5,0.017857142857142856,56,True
D_sem,par3_0089,qwen,0.11048848181962967,3,4,0.05714285714285714,35,True
D_sem,par3_0090,gemma,0.15039163827896118,3,5,0.017857142857142856,56,True
D_sem,par3_0090,llama,0.10985691845417023,3,5,0.03571428571428571,56,True
D_sem,par3_0090,mistral,0.16809111833572388,3,5,0.017857142857142856,56,True
D_sem,par3_0090,qwen,0.07817602902650833,3,5,0.3392857142857143,56,True
D_sem,par3_0091,gemma,0.027546443045139313,3,5,0.017857142857142856,56,True
D_sem,par3_0091,llama,0.024284005165100098,3,5,0.017857142857142856,56,True
D_sem,par3_0091,mistral,0.024336662143468857,3,5,0.017857142857142856,56,True
D_sem,par3_0091,qwen,0.01999085023999214,3,4,0.02857142857142857,35,True
D_sem,par3_0092,gemma,0.13147054612636566,3,3,0.1,20,True
D_sem,par3_0092,llama,0.08055108785629272,3,5,0.19642857142857142,56,True
D_sem,par3_0092,mistral,0.12367403507232666,3,5,0.017857142857142856,56,True
D_sem,par3_0092,qwen,0.06866487860679626,3,4,0.42857142857142855,35,True
D_sem,par3_0093,gemma,0.04188527911901474,3,5,0.03571428571428571,56,True
D_sem,par3_0093,llama,0.031035061925649643,3,5,0.21428571428571427,56,True
D_sem,par3_0093,mistral,0.02458689920604229,3,5,0.08928571428571429,56,True
D_sem,par3_0093,qwen,0.040676895529031754,3,5,0.017857142857142856,56,True
D_sem,par3_0094,gemma,0.04135055094957352,4,4,0.08571428571428572,70,True
D_sem,par3_0094,llama,0.026111451908946037,4,5,0.35714285714285715,126,True
D_sem,par3_0094,mistral,0.06378434598445892,4,5,0.015873015873015872,126,True
D_sem,par3_0095,gemma,0.03230154886841774,4,5,0.2619047619047619,126,True
D_sem,par3_0095,llama,0.03584946691989899,4,5,0.007936507936507936,126,True
D_sem,par3_0095,mistral,0.0571671798825264,4,4,0.02857142857142857,70,True
D_sem,par3_0095,qwen,0.056381307542324066,4,3,0.05714285714285714,35,True
D_sem,par3_0096,gemma,0.03588079661130905,4,5,0.007936507936507936,126,True
D_sem,par3_0096,llama,0.027553897351026535,4,5,0.007936507936507936,126,True
D_sem,par3_0096,mistral,0.03639417886734009,4,5,0.007936507936507936,126,True
D_sem,par3_0096,qwen,0.03722100332379341,4,5,0.007936507936507936,126,True
D_sem,par3_0097,gemma,0.0949999988079071,4,5,0.007936507936507936,126,True
D_sem,par3_0097,llama,0.08715201914310455,4,5,0.0873015873015873,126,True
D_sem,par3_0097,mistral,0.0909002274274826,4,5,0.047619047619047616,126,True
D_sem,par3_0097,qwen,0.10363693535327911,4,4,0.02857142857142857,70,True
D_sem,par3_0098,gemma,0.013976546004414558,3,5,0.017857142857142856,56,True
D_sem,par3_0098,llama,0.024528704583644867,3,5,0.08928571428571429,56,True
D_sem,par3_0098,mistral,0.021999966353178024,3,5,0.017857142857142856,56,True
D_sem,par3_0098,qwen,0.020169071853160858,3,5,0.017857142857142856,56,True
D_sem,par3_0099,llama,0.08449618518352509,3,5,0.14285714285714285,56,True
D_sem,par3_0099,mistral,0.1023314967751503,3,5,0.05357142857142857,56,True
D_sem,par3_0099,qwen,0.06963643431663513,3,4,0.22857142857142856,35,True
D_sem,par3_0100,gemma,0.07778361439704895,4,5,0.007936507936507936,126,True
D_sem,par3_0100,llama,0.03312910720705986,4,5,0.031746031746031744,126,True
D_sem,par3_0100,mistral,0.0919857770204544,4,5,0.015873015873015872,126,True
D_sem,par3_0100,qwen,0.03821973130106926,4,5,0.0873015873015873,126,True
D_sem,par3_0101,gemma,0.07947079837322235,3,5,0.017857142857142856,56,True
D_sem,par3_0101,llama,0.07259546220302582,3,5,0.017857142857142856,56,True
D_sem,par3_0101,mistral,0.1184961348772049,3,4,0.05714285714285714,35,True
D_sem,par3_0102,gemma,0.0729534775018692,4,5,0.015873015873015872,126,True
D_sem,par3_0102,llama,0.06912438571453094,4,5,0.007936507936507936,126,True
D_sem,par3_0102,mistral,0.06958711892366409,4,5,0.007936507936507936,126,True
D_sem,par3_0102,qwen,0.0730394572019577,4,5,0.007936507936507936,126,True
D_sem,par3_0103,gemma,0.42415398359298706,4,5,0.007936507936507936,126,True
D_sem,par3_0103,llama,0.38033327460289,4,5,0.007936507936507936,126,True
D_sem,par3_0103,mistral,0.5822679400444031,4,5,0.007936507936507936,126,True
D_sem,par3_0103,qwen,0.4610143303871155,4,5,0.007936507936507936,126,True
D_sem,par3_0104,gemma,0.08950106054544449,3,5,0.017857142857142856,56,True
D_sem,par3_0104,llama,0.09291630983352661,3,5,0.017857142857142856,56,True
D_sem,par3_0104,mistral,0.0745193213224411,3,5,0.03571428571428571,56,True
D_sem,par3_0104,qwen,0.07416872680187225,3,5,0.017857142857142856,56,True
D_sem,par3_0105,gemma,0.0247451551258564,4,5,0.0873015873015873,126,True
D_sem,par3_0105,llama,0.038832083344459534,4,5,0.007936507936507936,126,True
D_sem,par3_0105,mistral,0.032137900590896606,4,4,0.02857142857142857,70,True
D_sem,par3_0106,gemma,0.025456083938479424,3,5,0.017857142857142856,56,True
D_sem,par3_0106,llama,0.02156478725373745,3,5,0.017857142857142856,56,True
D_sem,par3_0106,mistral,0.03730686008930206,3,5,0.07142857142857142,56,True
D_sem,par3_0106,qwen,0.029889311641454697,3,5,0.05357142857142857,56,True
D_sem,par3_0107,gemma,0.0648631900548935,3,5,0.017857142857142856,56,True
D_sem,par3_0107,llama,0.06182340160012245,3,5,0.05357142857142857,56,True
D_sem,par3_0107,mistral,0.10269781947135925,3,5,0.017857142857142856,56,True
D_sem,par3_0108,gemma,0.055837564170360565,4,4,0.02857142857142857,70,True
D_sem,par3_0108,llama,0.054928235709667206,4,5,0.007936507936507936,126,True
D_sem,par3_0108,mistral,0.061849046498537064,4,5,0.007936507936507936,126,True
D_sem,par3_0108,qwen,0.04186127334833145,4,4,0.02857142857142857,70,True
D_sem,par3_0109,gemma,0.08012640476226807,3,5,0.017857142857142856,56,True
D_sem,par3_0109,llama,0.05873414874076843,3,5,0.08928571428571429,56,True
D_sem,par3_0109,mistral,0.05748488008975983,3,5,0.125,56,True
D_sem,par3_0109,qwen,0.08480117470026016,3,4,0.02857142857142857,35,True
D_sem,par3_0110,gemma,0.03152647614479065,4,5,0.007936507936507936,126,True
D_sem,par3_0110,llama,0.04423204064369202,4,5,0.015873015873015872,126,True
D_sem,par3_0110,mistral,0.06805559992790222,4,5,0.007936507936507936,126,True
D_sem,par3_0110,qwen,0.033630773425102234,4,5,0.023809523809523808,126,True
D_sem,par3_0111,gemma,0.008999981917440891,3,5,0.03571428571428571,56,True
D_sem,par3_0111,llama,0.007688602432608604,3,5,0.25,56,True
D_sem,par3_0111,mistral,0.010508857667446136,3,5,0.03571428571428571,56,True
D_sem,par3_0111,qwen,0.008219216018915176,3,5,0.08928571428571429,56,True
D_sem,par3_0112,gemma,0.0257056076079607,3,5,0.03571428571428571,56,True
D_sem,par3_0112,llama,0.04344047233462334,3,5,0.03571428571428571,56,True
D_sem,par3_0112,mistral,0.040313396602869034,3,5,0.017857142857142856,56,True
D_sem,par3_0112,qwen,0.027448080480098724,3,5,0.017857142857142856,56,True
D_sem,par3_0113,gemma,0.0656357929110527,3,5,0.017857142857142856,56,True
D_sem,par3_0113,llama,0.08057902008295059,3,5,0.017857142857142856,56,True
D_sem,par3_0113,mistral,0.05200600624084473,3,5,0.03571428571428571,56,True
D_sem,par3_0113,qwen,0.04971989989280701,3,5,0.125,56,True
D_sem,par3_0114,gemma,0.0907798632979393,3,5,0.017857142857142856,56,True
D_sem,par3_0114,llama,0.07262575626373291,3,5,0.017857142857142856,56,True
D_sem,par3_0114,mistral,0.08806289732456207,3,5,0.017857142857142856,56,True
D_sem,par3_0114,qwen,0.07536359131336212,3,5,0.017857142857142856,56,True
D_sem,par3_0115,gemma,0.023546073585748672,3,5,0.017857142857142856,56,True
D_sem,par3_0115,llama,0.024039454758167267,3,5,0.017857142857142856,56,True
D_sem,par3_0115,mistral,0.02347731404006481,3,5,0.017857142857142856,56,True
D_sem,par3_0115,qwen,0.026193521916866302,3,5,0.017857142857142856,56,True
D_sem,par3_0116,gemma,0.03987038880586624,3,5,0.05357142857142857,56,True
D_sem,par3_0116,llama,0.03829033300280571,3,5,0.03571428571428571,56,True
D_sem,par3_0116,mistral,0.05609813332557678,3,5,0.017857142857142856,56,True
D_sem,par3_0116,qwen,0.045873865485191345,3,5,0.05357142857142857,56,True
D_sem,par3_0117,gemma,0.018365269526839256,3,5,0.16071428571428573,56,True
D_sem,par3_0117,llama,0.02896646410226822,3,5,0.03571428571428571,56,True
D_sem,par3_0117,mistral,0.031614750623703,3,5,0.03571428571428571,56,True
D_sem,par3_0117,qwen,0.03965912014245987,3,5,0.017857142857142856,56,True
D_sem,par3_0118,gemma,0.18389856815338135,3,3,0.1,20,True
D_sem,par3_0118,llama,0.17636734247207642,3,5,0.017857142857142856,56,True
D_sem,par3_0118,mistral,0.21715296804904938,3,5,0.017857142857142856,56,True
D_sem,par3_0118,qwen,0.09236729890108109,3,4,0.05714285714285714,35,True
D_sem,par3_0119,gemma,0.011933686211705208,4,5,0.007936507936507936,126,True
D_sem,par3_0119,llama,0.023588264361023903,4,5,0.03968253968253968,126,True
D_sem,par3_0119,mistral,0.042853906750679016,4,5,0.007936507936507936,126,True
D_sem,par3_0119,qwen,0.0322822667658329,4,5,0.007936507936507936,126,True
D_sem,par3_0120,gemma,0.03404981642961502,3,5,0.08928571428571429,56,True
D_sem,par3_0120,llama,0.030305488035082817,3,5,0.10714285714285714,56,True
D_sem,par3_0120,mistral,0.06860462576150894,3,5,0.017857142857142856,56,True
D_sem,par3_0120,qwen,0.053495973348617554,3,5,0.017857142857142856,56,True
D_sem,par3_0121,gemma,0.02359558828175068,4,5,0.023809523809523808,126,True
D_sem,par3_0121,llama,0.023351062089204788,4,5,0.007936507936507936,126,True
D_sem,par3_0121,mistral,0.09848412871360779,4,5,0.07936507936507936,126,True
D_sem,par3_0121,qwen,0.023225706070661545,4,5,0.015873015873015872,126,True
D_sem,par3_0122,gemma,0.014121344313025475,3,5,0.017857142857142856,56,True
D_sem,par3_0122,llama,0.02867347002029419,3,5,0.017857142857142856,56,True
D_sem,par3_0122,mistral,0.032447077333927155,3,5,0.017857142857142856,56,True
D_sem,par3_0122,qwen,0.0236760713160038,3,5,0.05357142857142857,56,True
D_sem,par3_0123,gemma,0.03024270385503769,3,5,0.017857142857142856,56,True
D_sem,par3_0123,llama,0.037350669503211975,3,5,0.017857142857142856,56,True
D_sem,par3_0123,mistral,0.044776156544685364,3,5,0.017857142857142856,56,True
D_sem,par3_0123,qwen,0.037063851952552795,3,5,0.017857142857142856,56,True
D_sem,par3_0124,gemma,0.023912522941827774,4,5,0.14285714285714285,126,True
D_sem,par3_0124,llama,0.031851768493652344,4,5,0.031746031746031744,126,True
D_sem,par3_0124,mistral,0.03527762368321419,4,5,0.007936507936507936,126,True
D_sem,par3_0124,qwen,0.03205803036689758,4,5,0.06349206349206349,126,True
D_sem,par3_0125,gemma,0.06420215219259262,3,5,0.017857142857142856,56,True
D_sem,par3_0125,llama,0.06946723163127899,3,5,0.03571428571428571,56,True
D_sem,par3_0125,mistral,0.06898745894432068,3,5,0.017857142857142856,56,True
D_sem,par3_0126,gemma,0.061744749546051025,3,5,0.017857142857142856,56,True
D_sem,par3_0126,llama,0.05294592306017876,3,3,0.05,20,True
D_sem,par3_0126,mistral,0.07411078363656998,3,5,0.017857142857142856,56,True
D_sem,par3_0126,qwen,0.060891520231962204,3,5,0.017857142857142856,56,True
D_sem,par3_0127,gemma,0.04694770276546478,3,5,0.017857142857142856,56,True
D_sem,par3_0127,llama,0.04866259545087814,3,5,0.07142857142857142,56,True
D_sem,par3_0127,mistral,0.06510084122419357,3,5,0.017857142857142856,56,True
D_sem,par3_0127,qwen,0.045816294848918915,3,5,0.017857142857142856,56,True
D_sem,par3_0128,gemma,0.03427832946181297,3,5,0.017857142857142856,56,True
D_sem,par3_0128,llama,0.05733569338917732,3,5,0.07142857142857142,56,True
D_sem,par3_0128,mistral,0.11965904384851456,3,5,0.017857142857142856,56,True
D_sem,par3_0128,qwen,0.04007966071367264,3,5,0.017857142857142856,56,True
D_sem,par3_0129,gemma,0.08327190577983856,4,5,0.007936507936507936,126,True
D_sem,par3_0129,llama,0.07970160245895386,4,5,0.007936507936507936,126,True
D_sem,par3_0129,mistral,0.08786357939243317,4,5,0.007936507936507936,126,True
D_sem,par3_0129,qwen,0.09340153634548187,4,5,0.007936507936507936,126,True
D_sem,par3_0130,gemma,0.033266957849264145,3,5,0.017857142857142856,56,True
D_sem,par3_0130,llama,0.06845502555370331,3,5,0.03571428571428571,56,True
D_sem,par3_0130,mistral,0.04845540225505829,3,5,0.017857142857142856,56,True
D_sem,par3_0130,qwen,0.03181339055299759,3,5,0.017857142857142856,56,True
D_sem,par3_0131,gemma,0.09863892197608948,3,5,0.017857142857142856,56,True
D_sem,par3_0131,llama,0.1555904746055603,3,5,0.03571428571428571,56,True
D_sem,par3_0131,mistral,0.2523031234741211,3,5,0.017857142857142856,56,True
D_sem,par3_0131,qwen,0.0795031189918518,3,5,0.017857142857142856,56,True
D_sem,par3_0132,gemma,0.08131411671638489,5,5,0.007936507936507936,252,True
D_sem,par3_0132,llama,0.1024232804775238,5,5,0.007936507936507936,252,True
D_sem,par3_0132,mistral,0.26837053894996643,5,2,0.047619047619047616,21,True
D_sem,par3_0132,qwen,0.15192121267318726,5,5,0.007936507936507936,252,True
D_sem,par3_0133,gemma,0.07886643707752228,3,5,0.017857142857142856,56,True
D_sem,par3_0133,llama,0.0762517899274826,3,5,0.017857142857142856,56,True
D_sem,par3_0133,mistral,0.08281512558460236,3,5,0.07142857142857142,56,True
D_sem,par3_0133,qwen,0.09515362232923508,3,5,0.017857142857142856,56,True
D_sem,par3_0134,gemma,0.131665900349617,3,4,0.02857142857142857,35,True
D_sem,par3_0134,llama,0.09320762008428574,3,4,0.05714285714285714,35,True
D_sem,par3_0134,mistral,0.08609719574451447,3,5,0.05357142857142857,56,True
D_sem,par3_0135,gemma,0.03953293710947037,4,5,0.007936507936507936,126,True
D_sem,par3_0135,llama,0.04322998970746994,4,5,0.007936507936507936,126,True
D_sem,par3_0135,mistral,0.05892527848482132,4,4,0.02857142857142857,70,True
D_sem,par3_0135,qwen,0.03959476202726364,4,5,0.007936507936507936,126,True
D_sem,par3_0136,gemma,0.13051018118858337,3,5,0.017857142857142856,56,True
D_sem,par3_0136,llama,0.11229173839092255,3,5,0.05357142857142857,56,True
D_sem,par3_0136,mistral,0.15116243064403534,3,5,0.017857142857142856,56,True
D_sem,par3_0136,qwen,0.10826075822114944,3,4,0.05714285714285714,35,True
D_sem,par3_0137,gemma,0.07820785045623779,4,5,0.007936507936507936,126,True
D_sem,par3_0137,llama,0.039405323565006256,4,5,0.007936507936507936,126,True
D_sem,par3_0137,mistral,0.07734260708093643,4,5,0.007936507936507936,126,True
D_sem,par3_0137,qwen,0.03795246034860611,4,3,0.2,35,True
D_sem,par3_0138,gemma,0.043301280587911606,4,5,0.015873015873015872,126,True
D_sem,par3_0138,llama,0.027918614447116852,4,5,0.1111111111111111,126,True
D_sem,par3_0138,mistral,0.048389285802841187,4,5,0.007936507936507936,126,True
D_sem,par3_0138,qwen,0.03042539581656456,4,3,0.05714285714285714,35,True
D_sem,par3_0139,gemma,0.012780308723449707,3,5,0.05357142857142857,56,True
D_sem,par3_0139,llama,0.01179501786828041,3,5,0.05357142857142857,56,True
D_sem,par3_0139,mistral,0.019723862409591675,3,4,0.02857142857142857,35,True
D_sem,par3_0139,qwen,0.02120600827038288,3,5,0.03571428571428571,56,True
D_sem,par3_0140,gemma,0.05716661736369133,3,5,0.017857142857142856,56,True
D_sem,par3_0140,llama,0.04444947838783264,3,5,0.03571428571428571,56,True
D_sem,par3_0140,mistral,0.052678558975458145,3,5,0.017857142857142856,56,True
D_sem,par3_0140,qwen,0.0544000044465065,3,5,0.017857142857142856,56,True
D_sem,par3_0141,gemma,0.18644791841506958,3,2,0.1,10,True
D_sem,par3_0141,llama,0.11208540201187134,3,5,0.03571428571428571,56,True
D_sem,par3_0141,mistral,0.23300081491470337,3,5,0.017857142857142856,56,True
D_sem,par3_0141,qwen,0.09008674323558807,3,4,0.02857142857142857,35,True
D_sem,par3_0142,gemma,0.017430447041988373,3,5,0.017857142857142856,56,True
D_sem,par3_0142,llama,0.01417706348001957,3,5,0.125,56,True
D_sem,par3_0142,mistral,0.02192148193717003,3,5,0.017857142857142856,56,True
D_sem,par3_0142,qwen,0.017342176288366318,3,5,0.03571428571428571,56,True
D_sem,par3_0143,gemma,0.05288710445165634,3,5,0.017857142857142856,56,True
D_sem,par3_0143,llama,0.05364290624856949,3,5,0.017857142857142856,56,True
D_sem,par3_0143,mistral,0.06587530672550201,3,5,0.017857142857142856,56,True
D_sem,par3_0143,qwen,0.05424389988183975,3,5,0.017857142857142856,56,True
D_sem,par3_0144,gemma,0.05414259806275368,3,5,0.017857142857142856,56,True
D_sem,par3_0144,llama,0.06553924828767776,3,4,0.02857142857142857,35,True
D_sem,par3_0144,mistral,0.03548391908407211,3,5,0.017857142857142856,56,True
D_sem,par3_0144,qwen,0.022982662543654442,3,5,0.017857142857142856,56,True
D_sem,par3_0145,gemma,0.04276520013809204,4,4,0.17142857142857143,70,True
D_sem,par3_0145,llama,0.043905362486839294,4,5,0.20634920634920634,126,True
D_sem,par3_0145,mistral,0.111373171210289,4,5,0.007936507936507936,126,True
D_sem,par3_0145,qwen,0.05106152221560478,4,3,0.3142857142857143,35,True
D_sem,par3_0146,gemma,0.06829269975423813,3,5,0.017857142857142856,56,True
D_sem,par3_0146,llama,0.09882186353206635,3,5,0.017857142857142856,56,True
D_sem,par3_0146,mistral,0.0696902722120285,3,5,0.017857142857142856,56,True
D_sem,par3_0146,qwen,0.09493114054203033,3,5,0.017857142857142856,56,True
D_sem,par3_0147,gemma,0.1028185486793518,4,5,0.047619047619047616,126,True
D_sem,par3_0147,llama,0.10987795144319534,4,5,0.007936507936507936,126,True
D_sem,par3_0147,mistral,0.12099593877792358,4,5,0.007936507936507936,126,True
D_sem,par3_0147,qwen,0.09485041350126266,4,4,0.14285714285714285,70,True
D_sem,par3_0148,gemma,0.048771269619464874,3,5,0.017857142857142856,56,True
D_sem,par3_0148,llama,0.02888888493180275,3,5,0.03571428571428571,56,True
D_sem,par3_0148,mistral,0.03748388588428497,3,5,0.03571428571428571,56,True
D_sem,par3_0148,qwen,0.046209368854761124,3,5,0.017857142857142856,56,True
D_sem,par3_0149,gemma,0.11693884432315826,3,5,0.017857142857142856,56,True
D_sem,par3_0149,llama,0.05501651018857956,3,5,0.03571428571428571,56,True
D_sem,par3_0149,mistral,0.06422224640846252,3,5,0.017857142857142856,56,True
D_sem,par3_0149,qwen,0.10016722977161407,3,5,0.017857142857142856,56,True
D_sem,par3_0150,gemma,0.042433276772499084,3,5,0.017857142857142856,56,True
D_sem,par3_0150,llama,0.0679902732372284,3,5,0.017857142857142856,56,True
D_sem,par3_0150,mistral,0.048895567655563354,3,5,0.017857142857142856,56,True
D_sem,par3_0150,qwen,0.044120147824287415,3,5,0.017857142857142856,56,True
D_sem,par3_0151,gemma,0.07697325944900513,4,5,0.007936507936507936,126,True
D_sem,par3_0151,llama,0.06716656684875488,4,4,0.11428571428571428,70,True
D_sem,par3_0151,mistral,0.06437398493289948,4,5,0.1111111111111111,126,True
D_sem,par3_0152,gemma,0.07773913443088531,4,5,0.007936507936507936,126,True
D_sem,par3_0152,llama,0.07566573470830917,4,5,0.007936507936507936,126,True
D_sem,par3_0152,mistral,0.094529889523983,4,4,0.02857142857142857,70,True
D_sem,par3_0153,gemma,0.061859142035245895,3,5,0.125,56,True
D_sem,par3_0153,llama,0.07760411500930786,3,5,0.08928571428571429,56,True
D_sem,par3_0153,mistral,0.08055077493190765,3,5,0.017857142857142856,56,True
D_sem,par3_0154,gemma,0.05696587264537811,4,5,0.007936507936507936,126,True
D_sem,par3_0154,llama,0.05158904567360878,4,5,0.007936507936507936,126,True
D_sem,par3_0154,mistral,0.07047193497419357,4,5,0.007936507936507936,126,True
D_sem,par3_0154,qwen,0.056006595492362976,4,2,0.06666666666666667,15,True
D_sem,par3_0155,gemma,0.017981966957449913,4,5,0.015873015873015872,126,True
D_sem,par3_0155,llama,0.01673864759504795,4,5,0.007936507936507936,126,True
D_sem,par3_0155,mistral,0.016217507421970367,4,5,0.023809523809523808,126,True
D_sem,par3_0155,qwen,0.021489202976226807,4,5,0.007936507936507936,126,True
D_sem,par3_0156,gemma,0.03951173275709152,3,5,0.017857142857142856,56,True
D_sem,par3_0156,llama,0.0411541685461998,3,5,0.017857142857142856,56,True
D_sem,par3_0156,mistral,0.03854755312204361,3,5,0.017857142857142856,56,True
D_sem,par3_0156,qwen,0.04756081849336624,3,5,0.017857142857142856,56,True
D_sem,par3_0157,gemma,0.13291628658771515,3,3,0.05,20,True
D_sem,par3_0157,llama,0.051673319190740585,3,5,0.25,56,True
D_sem,par3_0157,mistral,0.05621447041630745,3,5,0.03571428571428571,56,True
D_sem,par3_0157,qwen,0.11886236071586609,3,4,0.02857142857142857,35,True
D_sem,par3_0158,gemma,0.11454091966152191,3,5,0.017857142857142856,56,True
D_sem,par3_0158,llama,0.11584406346082687,3,5,0.017857142857142856,56,True
D_sem,par3_0158,mistral,0.142512708902359,3,5,0.017857142857142856,56,True
D_sem,par3_0160,gemma,0.027137355878949165,4,5,0.007936507936507936,126,True
D_sem,par3_0160,llama,0.022816581651568413,4,5,0.047619047619047616,126,True
D_sem,par3_0160,mistral,0.03690945357084274,4,5,0.3412698412698413,126,True
D_sem,par3_0160,qwen,0.029521670192480087,4,5,0.007936507936507936,126,True
D_sem,par3_0161,gemma,0.042013704776763916,4,5,0.007936507936507936,126,True
D_sem,par3_0161,llama,0.049645211547613144,4,5,0.007936507936507936,126,True
D_sem,par3_0161,mistral,0.03815462067723274,4,5,0.007936507936507936,126,True
D_sem,par3_0161,qwen,0.040121834725141525,4,5,0.007936507936507936,126,True
D_sem,par3_0162,gemma,0.014394020661711693,3,5,0.017857142857142856,56,True
D_sem,par3_0162,llama,0.013393058441579342,3,5,0.03571428571428571,56,True
D_sem,par3_0162,mistral,0.016694938763976097,3,5,0.017857142857142856,56,True
D_sem,par3_0162,qwen,0.01691676676273346,3,5,0.017857142857142856,56,True
D_sem,par3_0163,gemma,0.04092857241630554,3,5,0.017857142857142856,56,True
D_sem,par3_0163,llama,0.05695221200585365,3,5,0.017857142857142856,56,True
D_sem,par3_0163,mistral,0.035577937960624695,3,5,0.05357142857142857,56,True
D_sem,par3_0163,qwen,0.04972473159432411,3,5,0.017857142857142856,56,True
D_sem,par3_0164,gemma,0.030150288715958595,4,5,0.031746031746031744,126,True
D_sem,par3_0164,llama,0.02163916826248169,4,5,0.15079365079365079,126,True
D_sem,par3_0164,mistral,0.022156760096549988,4,5,0.007936507936507936,126,True
D_sem,par3_0164,qwen,0.03718447685241699,4,5,0.007936507936507936,126,True
D_sem,par3_0165,llama,0.07107991725206375,3,5,0.19642857142857142,56,True
D_sem,par3_0165,mistral,0.13024981319904327,3,5,0.017857142857142856,56,True
D_sem,par3_0166,llama,0.08164290338754654,4,5,0.05555555555555555,126,True
D_sem,par3_0166,mistral,0.16217689216136932,4,4,0.02857142857142857,70,True
D_sem,par3_0166,qwen,0.07849753648042679,4,4,0.18571428571428572,70,True
D_sem,par3_0167,gemma,0.15285803377628326,4,5,0.015873015873015872,126,True
D_sem,par3_0167,llama,0.14290760457515717,4,4,0.02857142857142857,70,True
D_sem,par3_0167,mistral,0.23460513353347778,4,4,0.02857142857142857,70,True
D_sem,par3_0167,qwen,0.18991690874099731,4,5,0.007936507936507936,126,True
D_sem,par3_0168,gemma,0.05164432153105736,4,5,0.007936507936507936,126,True
D_sem,par3_0168,llama,0.03258005157113075,4,5,0.05555555555555555,126,True
D_sem,par3_0168,mistral,0.05154423788189888,4,5,0.007936507936507936,126,True
D_sem,par3_0168,qwen,0.03630806505680084,4,5,0.023809523809523808,126,True
D_sem,par3_0169,gemma,0.11968718469142914,3,5,0.05357142857142857,56,True
D_sem,par3_0169,llama,0.11959855258464813,3,5,0.10714285714285714,56,True
D_sem,par3_0169,mistral,0.15379518270492554,3,5,0.017857142857142856,56,True
D_sem,par3_0169,qwen,0.13044241070747375,3,4,0.02857142857142857,35,True
D_sem,par3_0170,gemma,0.019391486421227455,3,5,0.017857142857142856,56,True
D_sem,par3_0170,llama,0.02153361216187477,3,5,0.017857142857142856,56,True
D_sem,par3_0170,mistral,0.03360176086425781,3,5,0.017857142857142856,56,True
D_sem,par3_0170,qwen,0.01836381107568741,3,5,0.017857142857142856,56,True
D_sem,par3_0171,gemma,0.01271018572151661,3,5,0.017857142857142856,56,True
D_sem,par3_0171,llama,0.02725781686604023,3,5,0.03571428571428571,56,True
D_sem,par3_0171,mistral,0.016931932419538498,3,5,0.017857142857142856,56,True
D_sem,par3_0171,qwen,0.010842819698154926,3,5,0.017857142857142856,56,True
D_sem,par3_0172,gemma,0.028426852077245712,3,5,0.017857142857142856,56,True
D_sem,par3_0172,llama,0.09475769102573395,3,5,0.07142857142857142,56,True
D_sem,par3_0172,mistral,0.03311694785952568,3,5,0.017857142857142856,56,True
D_sem,par3_0172,qwen,0.027002593502402306,3,5,0.08928571428571429,56,True
D_sem,par3_0173,gemma,0.11899903416633606,3,5,0.017857142857142856,56,True
D_sem,par3_0173,llama,0.11269886046648026,3,5,0.017857142857142856,56,True
D_sem,par3_0173,mistral,0.11324533075094223,3,4,0.05714285714285714,35,True
D_sem,par3_0174,gemma,0.034413762390613556,4,5,0.07142857142857142,126,True
D_sem,par3_0174,llama,0.043384380638599396,4,5,0.015873015873015872,126,True
D_sem,par3_0174,mistral,0.03596077486872673,4,5,0.007936507936507936,126,True
D_sem,par3_0174,qwen,0.043715644627809525,4,5,0.007936507936507936,126,True
D_sem,par3_0175,gemma,0.04573912173509598,3,5,0.017857142857142856,56,True
D_sem,par3_0175,llama,0.04372479021549225,3,4,0.2571428571428571,35,True
D_sem,par3_0175,mistral,0.056635718792676926,3,5,0.017857142857142856,56,True
D_sem,par3_0176,gemma,0.06594564765691757,4,5,0.007936507936507936,126,True
D_sem,par3_0176,llama,0.045533083379268646,4,5,0.007936507936507936,126,True
D_sem,par3_0176,mistral,0.0632612407207489,4,5,0.007936507936507936,126,True
D_sem,par3_0176,qwen,0.05407757684588432,4,5,0.007936507936507936,126,True
D_sem,par3_0177,gemma,0.05504686012864113,3,5,0.017857142857142856,56,True
D_sem,par3_0177,llama,0.05106191709637642,3,5,0.07142857142857142,56,True
D_sem,par3_0177,mistral,0.13127492368221283,3,4,0.02857142857142857,35,True
D_sem,par3_0177,qwen,0.04942627251148224,3,5,0.07142857142857142,56,True
D_sem,par3_0178,gemma,0.04234112799167633,4,5,0.007936507936507936,126,True
D_sem,par3_0178,llama,0.04542284458875656,4,5,0.007936507936507936,126,True
D_sem,par3_0178,mistral,0.0545792430639267,4,5,0.03968253968253968,126,True
D_sem,par3_0178,qwen,0.04081372916698456,4,5,0.05555555555555555,126,True
D_sem,par3_0179,gemma,0.08126281946897507,3,3,0.5,20,True
D_sem,par3_0179,llama,0.1186051219701767,3,5,0.017857142857142856,56,True
D_sem,par3_0179,mistral,0.18633189797401428,3,5,0.017857142857142856,56,True
D_sem,par3_0179,qwen,0.10795646905899048,3,2,0.3,10,True
D_sem,par3_0180,gemma,0.04851101338863373,3,5,0.03571428571428571,56,True
D_sem,par3_0180,llama,0.08479920029640198,3,5,0.017857142857142856,56,True
D_sem,par3_0180,mistral,0.06617717444896698,3,5,0.017857142857142856,56,True
D_sem,par3_0180,qwen,0.11149542778730392,3,5,0.017857142857142856,56,True
D_sem,par3_0181,gemma,0.05127805098891258,3,5,0.017857142857142856,56,True
D_sem,par3_0181,llama,0.04650435596704483,3,5,0.017857142857142856,56,True
D_sem,par3_0181,mistral,0.04881073907017708,3,5,0.017857142857142856,56,True
D_sem,par3_0181,qwen,0.04841957241296768,3,5,0.017857142857142856,56,True
D_sem,par3_0182,gemma,0.04349623620510101,3,5,0.017857142857142856,56,True
D_sem,par3_0182,llama,0.03845059126615524,3,5,0.017857142857142856,56,True
D_sem,par3_0182,mistral,0.04312707856297493,3,5,0.017857142857142856,56,True
D_sem,par3_0182,qwen,0.04078449308872223,3,5,0.017857142857142856,56,True
D_sem,par3_0183,gemma,0.04038466885685921,4,5,0.05555555555555555,126,True
D_sem,par3_0183,llama,0.06851331889629364,4,5,0.007936507936507936,126,True
D_sem,par3_0183,mistral,0.06675318628549576,4,5,0.007936507936507936,126,True
D_sem,par3_0183,qwen,0.05637361854314804,4,3,0.17142857142857143,35,True
D_sem,par3_0184,gemma,0.07573679089546204,4,5,0.007936507936507936,126,True
D_sem,par3_0184,llama,0.06621310114860535,4,5,0.007936507936507936,126,True
D_sem,par3_0184,mistral,0.0794200450181961,4,5,0.023809523809523808,126,True
D_sem,par3_0184,qwen,0.05827746540307999,4,5,0.031746031746031744,126,True
D_sem,par3_0185,gemma,0.04091428965330124,3,2,0.1,10,True
D_sem,par3_0185,llama,0.0545213520526886,3,5,0.017857142857142856,56,True
D_sem,par3_0185,mistral,0.07889687269926071,3,5,0.017857142857142856,56,True
D_sem,par3_0185,qwen,0.07010091096162796,3,5,0.017857142857142856,56,True
D_sem,par3_0186,gemma,0.0704355537891388,3,3,0.4,20,True
D_sem,par3_0186,llama,0.07623408734798431,3,5,0.10714285714285714,56,True
D_sem,par3_0186,mistral,0.108702152967453,3,5,0.017857142857142856,56,True
D_sem,par3_0186,qwen,0.07154194265604019,3,4,0.08571428571428572,35,True
D_sem,par3_0187,gemma,0.027360159903764725,3,5,0.05357142857142857,56,True
D_sem,par3_0187,llama,0.03973017632961273,3,5,0.017857142857142856,56,True
D_sem,par3_0187,mistral,0.06200253218412399,3,5,0.017857142857142856,56,True
D_sem,par3_0187,qwen,0.030252333730459213,3,5,0.03571428571428571,56,True
D_sem,par3_0188,gemma,0.03897577524185181,4,5,0.007936507936507936,126,True
D_sem,par3_0188,llama,0.04232605919241905,4,5,0.007936507936507936,126,True
D_sem,par3_0188,mistral,0.048826418817043304,4,5,0.007936507936507936,126,True
D_sem,par3_0188,qwen,0.05609264224767685,4,3,0.02857142857142857,35,True
D_sem,par3_0189,gemma,0.08406725525856018,3,2,0.9,10,True
D_sem,par3_0189,llama,0.09051493555307388,3,5,0.03571428571428571,56,True
D_sem,par3_0189,mistral,0.21974991261959076,3,5,0.017857142857142856,56,True
D_sem,par3_0189,qwen,0.11933715641498566,3,3,0.1,20,True
D_sem,par3_0190,gemma,0.10589469969272614,3,5,0.03571428571428571,56,True
D_sem,par3_0190,llama,0.09168931841850281,3,5,0.03571428571428571,56,True
D_sem,par3_0190,mistral,0.07556210458278656,3,5,0.23214285714285715,56,True
D_sem,par3_0191,gemma,0.05533652380108833,3,5,0.017857142857142856,56,True
D_sem,par3_0191,llama,0.044326577335596085,3,5,0.23214285714285715,56,True
D_sem,par3_0191,mistral,0.16362641751766205,3,4,0.02857142857142857,35,True
D_sem,par3_0191,qwen,0.09486990422010422,3,4,0.08571428571428572,35,True
D_sem,par3_0192,gemma,0.0343954861164093,4,5,0.007936507936507936,126,True
D_sem,par3_0192,llama,0.0237882137298584,4,5,0.09523809523809523,126,True
D_sem,par3_0192,mistral,0.04372519999742508,4,5,0.007936507936507936,126,True
D_sem,par3_0192,qwen,0.022990241646766663,4,5,0.007936507936507936,126,True
D_sem,par3_0193,gemma,0.12614931166172028,3,5,0.017857142857142856,56,True
D_sem,par3_0193,llama,0.1388225555419922,3,5,0.017857142857142856,56,True
D_sem,par3_0193,mistral,0.1671190708875656,3,5,0.017857142857142856,56,True
D_sem,par3_0193,qwen,0.11205890774726868,3,3,0.1,20,True
D_sem,par3_0194,gemma,0.03360164910554886,4,5,0.015873015873015872,126,True
D_sem,par3_0194,llama,0.0329870767891407,4,5,0.047619047619047616,126,True
D_sem,par3_0194,mistral,0.052536264061927795,4,5,0.015873015873015872,126,True
D_sem,par3_0194,qwen,0.04841922968626022,4,5,0.007936507936507936,126,True
D_sem,par3_0195,gemma,0.03520594537258148,3,5,0.017857142857142856,56,True
D_sem,par3_0195,llama,0.05155057832598686,3,5,0.03571428571428571,56,True
D_sem,par3_0195,mistral,0.058947622776031494,3,4,0.02857142857142857,35,True
D_sem,par3_0195,qwen,0.035177748650312424,3,4,0.05714285714285714,35,True
D_sem,par3_0196,llama,0.06767220795154572,4,5,0.007936507936507936,126,True
D_sem,par3_0196,mistral,0.10485903918743134,4,5,0.007936507936507936,126,True
D_sem,par3_0197,gemma,0.01823733188211918,3,5,0.017857142857142856,56,True
D_sem,par3_0197,llama,0.013070161454379559,3,5,0.017857142857142856,56,True
D_sem,par3_0197,mistral,0.01566591113805771,3,5,0.017857142857142856,56,True
D_sem,par3_0197,qwen,0.015098493546247482,3,5,0.017857142857142856,56,True
D_sem,par3_0198,gemma,0.07081624865531921,3,5,0.017857142857142856,56,True
D_sem,par3_0198,llama,0.0739867314696312,3,5,0.017857142857142856,56,True
D_sem,par3_0198,mistral,0.08587370067834854,3,5,0.017857142857142856,56,True
D_sem,par3_0198,qwen,0.07452277839183807,3,4,0.02857142857142857,35,True
D_sem,par3_0199,gemma,0.0738166868686676,3,5,0.03571428571428571,56,True
D_sem,par3_0199,llama,0.08951926976442337,3,5,0.017857142857142856,56,True
D_sem,par3_0199,mistral,0.08186061680316925,3,5,0.017857142857142856,56,True
D_sem,par3_0199,qwen,0.07424198091030121,3,5,0.05357142857142857,56,True
D_lex,par3_0000,gemma,0.5160702551082302,3,5,0.017857142857142856,56,True
D_lex,par3_0000,llama,0.47686498375418457,3,5,0.017857142857142856,56,True
D_lex,par3_0000,mistral,0.545424202707301,3,5,0.017857142857142856,56,True
D_lex,par3_0000,qwen,0.47583611340752147,3,5,0.017857142857142856,56,True
D_lex,par3_0001,gemma,0.5658501522797198,4,5,0.007936507936507936,126,True
D_lex,par3_0001,llama,0.5089249818312358,4,5,0.007936507936507936,126,True
D_lex,par3_0001,mistral,0.6286575421300523,4,5,0.007936507936507936,126,True
D_lex,par3_0001,qwen,0.5335013544915411,4,5,0.007936507936507936,126,True
D_lex,par3_0002,gemma,0.6104639119866477,3,5,0.017857142857142856,56,True
D_lex,par3_0002,llama,0.5191544545324407,3,5,0.017857142857142856,56,True
D_lex,par3_0002,mistral,0.6038046979390811,3,5,0.017857142857142856,56,True
D_lex,par3_0002,qwen,0.5249955040829772,3,5,0.017857142857142856,56,True
D_lex,par3_0003,gemma,0.6081449083228924,3,5,0.017857142857142856,56,True
D_lex,par3_0003,llama,0.5010363843778274,3,5,0.017857142857142856,56,True
D_lex,par3_0003,mistral,0.5754391341460466,3,5,0.017857142857142856,56,True
D_lex,par3_0003,qwen,0.5059541696621326,3,5,0.017857142857142856,56,True
D_lex,par3_0004,gemma,0.5852277282615476,3,4,0.02857142857142857,35,True
D_lex,par3_0004,llama,0.5209517631437229,3,5,0.017857142857142856,56,True
D_lex,par3_0004,mistral,0.6374464835475993,3,4,0.02857142857142857,35,True
D_lex,par3_0004,qwen,0.6389966612897529,3,3,0.1,20,True
D_lex,par3_0005,gemma,0.5608998889791695,3,5,0.017857142857142856,56,True
D_lex,par3_0005,llama,0.5063273482600327,3,5,0.017857142857142856,56,True
D_lex,par3_0005,mistral,0.568009615164294,3,5,0.017857142857142856,56,True
D_lex,par3_0006,gemma,0.5636430879276155,3,5,0.017857142857142856,56,True
D_lex,par3_0006,llama,0.5073205511681615,3,5,0.017857142857142856,56,True
D_lex,par3_0006,mistral,0.5894610000589791,3,5,0.017857142857142856,56,True
D_lex,par3_0006,qwen,0.49363215569235824,3,5,0.017857142857142856,56,True
D_lex,par3_0007,gemma,0.4928622211373943,4,5,0.007936507936507936,126,True
D_lex,par3_0007,llama,0.45557962293092835,4,5,0.007936507936507936,126,True
D_lex,par3_0007,mistral,0.5346113414332402,4,5,0.007936507936507936,126,True
D_lex,par3_0007,qwen,0.5301729621755797,4,3,0.02857142857142857,35,True
D_lex,par3_0008,gemma,0.5367783895399482,4,5,0.007936507936507936,126,True
D_lex,par3_0008,llama,0.4558711590233148,4,5,0.007936507936507936,126,True
D_lex,par3_0008,mistral,0.5897799260785637,4,5,0.007936507936507936,126,True
D_lex,par3_0008,qwen,0.5206182496328762,4,5,0.007936507936507936,126,True
D_lex,par3_0009,gemma,0.5724132935461812,3,5,0.017857142857142856,56,True
D_lex,par3_0009,llama,0.5156917702006945,3,5,0.017857142857142856,56,True
D_lex,par3_0009,mistral,0.6156757857363361,3,4,0.02857142857142857,35,True
D_lex,par3_0009,qwen,0.6846675630778504,3,2,0.1,10,True
D_lex,par3_0010,gemma,0.6579177695028838,3,5,0.017857142857142856,56,True
D_lex,par3_0010,llama,0.583349488003556,3,5,0.017857142857142856,56,True
D_lex,par3_0010,mistral,0.6921732045851621,3,5,0.017857142857142856,56,True
D_lex,par3_0010,qwen,0.5890550633503747,3,5,0.017857142857142856,56,True
D_lex,par3_0011,gemma,0.5905715771890934,3,5,0.017857142857142856,56,True
D_lex,par3_0011,llama,0.497454327808433,3,5,0.017857142857142856,56,True
D_lex,par3_0011,mistral,0.5715945810467296,3,5,0.017857142857142856,56,True
D_lex,par3_0011,qwen,0.4920372924486197,3,5,0.017857142857142856,56,True
D_lex,par3_0012,gemma,0.5141755017644203,3,5,0.017857142857142856,56,True
D_lex,par3_0012,llama,0.49908108348016694,3,5,0.017857142857142856,56,True
D_lex,par3_0012,mistral,0.5676347967872152,3,5,0.017857142857142856,56,True
D_lex,par3_0012,qwen,0.4565736479692757,3,5,0.017857142857142856,56,True
D_lex,par3_0013,gemma,0.496144987451803,3,5,0.017857142857142856,56,True
D_lex,par3_0013,llama,0.5269700318839841,3,5,0.017857142857142856,56,True
D_lex,par3_0013,mistral,0.57180035610696,3,5,0.017857142857142856,56,True
D_lex,par3_0013,qwen,0.5959477716609759,3,3,0.1,20,True
D_lex,par3_0014,gemma,0.6166213989448236,3,5,0.017857142857142856,56,True
D_lex,par3_0014,llama,0.5583821631818302,3,5,0.017857142857142856,56,True
D_lex,par3_0014,mistral,0.6456339774961465,3,4,0.02857142857142857,35,True
D_lex,par3_0014,qwen,0.5444239039686162,3,5,0.017857142857142856,56,True
D_lex,par3_0015,gemma,0.5543865325397261,4,5,0.007936507936507936,126,True
D_lex,par3_0015,llama,0.4915513003137986,4,5,0.007936507936507936,126,True
D_lex,par3_0015,mistral,0.5606906912858426,4,5,0.007936507936507936,126,True
D_lex,par3_0015,qwen,0.5195541383083024,4,5,0.007936507936507936,126,True
D_lex,par3_0016,gemma,0.5219623221790578,4,5,0.007936507936507936,126,True
D_lex,par3_0016,llama,0.4778391830627483,4,5,0.007936507936507936,126,True
D_lex,par3_0016,mistral,0.5243180651125765,4,5,0.007936507936507936,126,True
D_lex,par3_0016,qwen,0.5043440433201302,4,5,0.007936507936507936,126,True
D_lex,par3_0017,gemma,0.5514790400049634,4,5,0.007936507936507936,126,True
D_lex,par3_0017,llama,0.5327354263272328,4,5,0.007936507936507936,126,True
D_lex,par3_0017,mistral,0.5859114214613219,4,5,0.007936507936507936,126,True
D_lex,par3_0017,qwen,0.5201268900793278,4,5,0.007936507936507936,126,True
D_lex,par3_0018,gemma,0.6368177583378298,3,5,0.017857142857142856,56,True
D_lex,par3_0018,llama,0.5371110292635521,3,5,0.017857142857142856,56,True
D_lex,par3_0018,mistral,0.5767162244683268,3,5,0.017857142857142856,56,True
D_lex,par3_0018,qwen,0.5743823688715193,3,4,0.02857142857142857,35,True
D_lex,par3_0019,gemma,0.5738951310180483,3,5,0.017857142857142856,56,True
D_lex,par3_0019,llama,0.5367816644194306,3,5,0.017857142857142856,56,True
D_lex,par3_0019,mistral,0.5983339594578523,3,5,0.017857142857142856,56,True
D_lex,par3_0020,gemma,0.5782804830351727,4,3,0.05714285714285714,35,True
D_lex,par3_0020,llama,0.5049302423037811,4,5,0.007936507936507936,126,True
D_lex,par3_0020,mistral,0.5477890910374196,4,5,0.007936507936507936,126,True
D_lex,par3_0020,qwen,0.5470146072242205,4,5,0.007936507936507936,126,True
D_lex,par3_0021,gemma,0.6844686031394052,3,5,0.017857142857142856,56,True
D_lex,par3_0021,llama,0.6686572298122504,3,5,0.017857142857142856,56,True
D_lex,par3_0021,mistral,0.6981150187869138,3,5,0.017857142857142856,56,True
D_lex,par3_0021,qwen,0.689799149608399,3,5,0.017857142857142856,56,True
D_lex,par3_0022,gemma,0.7696950113309774,3,3,0.1,20,True
D_lex,par3_0022,llama,0.5644327358124978,3,5,0.017857142857142856,56,True
D_lex,par3_0022,mistral,0.634786473944775,3,5,0.017857142857142856,56,True
D_lex,par3_0022,qwen,0.7011666880050236,3,3,0.1,20,True
D_lex,par3_0023,gemma,0.5463368433471565,3,5,0.017857142857142856,56,True
D_lex,par3_0023,llama,0.5710185308086891,3,5,0.017857142857142856,56,True
D_lex,par3_0023,mistral,0.6235823549503876,3,4,0.02857142857142857,35,True
D_lex,par3_0023,qwen,0.8184083732438672,3,2,0.1,10,True
D_lex,par3_0024,gemma,0.6272591246641609,3,5,0.017857142857142856,56,True
D_lex,par3_0024,llama,0.6160470325219052,3,5,0.017857142857142856,56,True
D_lex,par3_0024,mistral,0.745434847156424,3,5,0.017857142857142856,56,True
D_lex,par3_0024,qwen,0.6973828097357289,3,5,0.017857142857142856,56,True
D_lex,par3_0025,gemma,0.6646369446633993,3,4,0.02857142857142857,35,True
D_lex,par3_0025,llama,0.559776070094681,3,5,0.017857142857142856,56,True
D_lex,par3_0025,mistral,0.7202869059646939,3,3,0.1,20,True
D_lex,par3_0025,qwen,0.6793986054287519,3,4,0.02857142857142857,35,True
D_lex,par3_0026,gemma,0.5584317679537641,4,5,0.007936507936507936,126,True
D_lex,par3_0026,llama,0.4673130542066027,4,5,0.007936507936507936,126,True
D_lex,par3_0026,mistral,0.5074769309008216,4,5,0.007936507936507936,126,True
D_lex,par3_0026,qwen,0.4076101444186816,4,5,0.007936507936507936,126,True
D_lex,par3_0027,gemma,0.4935055521843461,4,5,0.007936507936507936,126,True
D_lex,par3_0027,llama,0.4710431422271548,4,5,0.007936507936507936,126,True
D_lex,par3_0027,mistral,0.49078968201029194,4,5,0.007936507936507936,126,True
D_lex,par3_0027,qwen,0.5037128369016829,4,5,0.007936507936507936,126,True
D_lex,par3_0028,gemma,0.47980041964630027,4,5,0.007936507936507936,126,True
D_lex,par3_0028,llama,0.5456167882421549,4,5,0.007936507936507936,126,True
D_lex,par3_0028,mistral,0.5488163925474977,4,5,0.007936507936507936,126,True
D_lex,par3_0028,qwen,0.4936312167320329,4,5,0.007936507936507936,126,True
D_lex,par3_0029,gemma,0.4723423636196955,3,5,0.017857142857142856,56,True
D_lex,par3_0029,llama,0.4001910688085534,3,5,0.017857142857142856,56,True
D_lex,par3_0029,mistral,0.5030317540049217,3,5,0.017857142857142856,56,True
D_lex,par3_0029,qwen,0.4489403871218283,3,5,0.017857142857142856,56,True
D_lex,par3_0030,gemma,0.5840796134397821,4,5,0.007936507936507936,126,True
D_lex,par3_0030,llama,0.5255614400177928,4,5,0.007936507936507936,126,True
D_lex,par3_0030,mistral,0.5547811423830715,4,5,0.007936507936507936,126,True
D_lex,par3_0030,qwen,0.5230742592547445,4,5,0.007936507936507936,126,True
D_lex,par3_0031,gemma,0.4729587469815706,4,5,0.007936507936507936,126,True
D_lex,par3_0031,llama,0.451805024177889,4,5,0.007936507936507936,126,True
D_lex,par3_0031,mistral,0.519663461039192,4,5,0.007936507936507936,126,True
D_lex,par3_0031,qwen,0.4932965470772941,4,5,0.007936507936507936,126,True
D_lex,par3_0032,gemma,0.575882749452513,3,5,0.017857142857142856,56,True
D_lex,par3_0032,llama,0.5424549438998054,3,5,0.017857142857142856,56,True
D_lex,par3_0032,mistral,0.6019369666232534,3,5,0.017857142857142856,56,True
D_lex,par3_0032,qwen,0.7961158225874642,3,2,0.1,10,True
D_lex,par3_0033,gemma,0.5092348340635143,3,5,0.017857142857142856,56,True
D_lex,par3_0033,llama,0.4905449395822633,3,5,0.017857142857142856,56,True
D_lex,par3_0033,mistral,0.5668333374401249,3,5,0.017857142857142856,56,True
D_lex,par3_0033,qwen,0.5292333398500633,3,5,0.017857142857142856,56,True
D_lex,par3_0034,gemma,0.5292287305650306,4,5,0.007936507936507936,126,True
D_lex,par3_0034,llama,0.5023406899955032,4,5,0.007936507936507936,126,True
D_lex,par3_0034,mistral,0.5616726382610318,4,5,0.007936507936507936,126,True
D_lex,par3_0034,qwen,0.44863779290355166,4,5,0.007936507936507936,126,True
D_lex,par3_0035,gemma,0.5380661965230625,3,5,0.017857142857142856,56,True
D_lex,par3_0035,llama,0.4944376929966847,3,5,0.017857142857142856,56,True
D_lex,par3_0035,mistral,0.5511128001555028,3,5,0.017857142857142856,56,True
D_lex,par3_0035,qwen,0.5004660423704952,3,5,0.017857142857142856,56,True
D_lex,par3_0036,gemma,0.5437580795578958,3,5,0.017857142857142856,56,True
D_lex,par3_0036,llama,0.42845374126510544,3,5,0.017857142857142856,56,True
D_lex,par3_0036,mistral,0.5471420393697304,3,5,0.017857142857142856,56,True
D_lex,par3_0036,qwen,0.4706138795758856,3,5,0.017857142857142856,56,True
D_lex,par3_0037,gemma,0.5769580074457317,3,5,0.017857142857142856,56,True
D_lex,par3_0037,llama,0.5027116688223953,3,5,0.017857142857142856,56,True
D_lex,par3_0037,mistral,0.5965319008285814,3,4,0.02857142857142857,35,True
D_lex,par3_0037,qwen,0.5521191881060994,3,5,0.017857142857142856,56,True
D_lex,par3_0038,gemma,0.5782940079655468,4,5,0.007936507936507936,126,True
D_lex,par3_0038,llama,0.4927737476201139,4,5,0.007936507936507936,126,True
D_lex,par3_0038,mistral,0.5801143337454148,4,5,0.007936507936507936,126,True
D_lex,par3_0038,qwen,0.5341174752759555,4,5,0.007936507936507936,126,True
D_lex,par3_0039,gemma,0.5289757649762825,3,5,0.017857142857142856,56,True
D_lex,par3_0039,llama,0.4686697351713439,3,5,0.017857142857142856,56,True
D_lex,par3_0039,mistral,0.5410041453274552,3,5,0.017857142857142856,56,True
D_lex,par3_0039,qwen,0.4933947806753284,3,5,0.017857142857142856,56,True
D_lex,par3_0040,gemma,0.49991563671605643,4,5,0.007936507936507936,126,True
D_lex,par3_0040,llama,0.47759758401106145,4,5,0.007936507936507936,126,True
D_lex,par3_0040,mistral,0.5195631825596062,4,5,0.007936507936507936,126,True
D_lex,par3_0040,qwen,0.4933994869275332,4,4,0.02857142857142857,70,True
D_lex,par3_0041,gemma,0.5252357967807997,3,5,0.017857142857142856,56,True
D_lex,par3_0041,llama,0.5030598438912329,3,5,0.017857142857142856,56,True
D_lex,par3_0041,mistral,0.5850327408041036,3,5,0.017857142857142856,56,True
D_lex,par3_0041,qwen,0.554061903413018,3,4,0.02857142857142857,35,True
D_lex,par3_0042,gemma,0.5148744636880156,4,5,0.007936507936507936,126,True
D_lex,par3_0042,llama,0.47548048805573334,4,5,0.007936507936507936,126,True
D_lex,par3_0042,mistral,0.5314441245658734,4,5,0.007936507936507936,126,True
D_lex,par3_0042,qwen,0.4185313970536799,4,5,0.007936507936507936,126,True
D_lex,par3_0043,gemma,0.490122851134595,3,5,0.017857142857142856,56,True
D_lex,par3_0043,llama,0.44378088480415556,3,5,0.017857142857142856,56,True
D_lex,par3_0043,mistral,0.4995891639585528,3,5,0.017857142857142856,56,True
D_lex,par3_0043,qwen,0.583696346036537,3,4,0.02857142857142857,35,True
D_lex,par3_0044,gemma,0.562471741558958,4,5,0.007936507936507936,126,True
D_lex,par3_0044,llama,0.5138978645192833,4,5,0.007936507936507936,126,True
D_lex,par3_0044,mistral,0.625864539119052,4,5,0.007936507936507936,126,True
D_lex,par3_0044,qwen,0.5308139571389549,4,5,0.007936507936507936,126,True
D_lex,par3_0045,gemma,0.5536050548257878,3,5,0.017857142857142856,56,True
D_lex,par3_0045,llama,0.5585896499474069,3,5,0.017857142857142856,56,True
D_lex,par3_0045,mistral,0.6087028043029915,3,5,0.017857142857142856,56,True
D_lex,par3_0045,qwen,0.581767091703178,3,5,0.017857142857142856,56,True
D_lex,par3_0046,gemma,0.7821576480483483,3,2,0.1,10,True
D_lex,par3_0046,llama,0.5236965026167311,3,5,0.017857142857142856,56,True
D_lex,par3_0046,mistral,0.5725464476618503,3,5,0.017857142857142856,56,True
D_lex,par3_0047,gemma,0.48873751195033627,4,5,0.007936507936507936,126,True
D_lex,par3_0047,llama,0.482359396562802,4,5,0.007936507936507936,126,True
D_lex,par3_0047,mistral,0.5220606039546514,4,5,0.007936507936507936,126,True
D_lex,par3_0047,qwen,0.5007956925933752,4,5,0.007936507936507936,126,True
D_lex,par3_0048,gemma,0.5127210628861965,3,5,0.017857142857142856,56,True
D_lex,par3_0048,llama,0.4795437742106526,3,5,0.017857142857142856,56,True
D_lex,par3_0048,mistral,0.5030893227711076,3,5,0.017857142857142856,56,True
D_lex,par3_0048,qwen,0.4665139816044406,3,5,0.017857142857142856,56,True
D_lex,par3_0049,gemma,0.5967322609921069,4,5,0.007936507936507936,126,True
D_lex,par3_0049,llama,0.5366338574260321,4,5,0.007936507936507936,126,True
D_lex,par3_0049,mistral,0.5443467712434575,4,5,0.007936507936507936,126,True
D_lex,par3_0049,qwen,0.6910373787530057,4,2,0.13333333333333333,15,True
D_lex,par3_0050,gemma,0.5913860962506257,3,5,0.017857142857142856,56,True
D_lex,par3_0050,llama,0.576147991340729,3,5,0.017857142857142856,56,True
D_lex,par3_0050,mistral,0.5538734697562482,3,5,0.017857142857142856,56,True
D_lex,par3_0050,qwen,0.5444670573297489,3,5,0.017857142857142856,56,True
D_lex,par3_0051,gemma,0.5141743114223647,4,5,0.007936507936507936,126,True
D_lex,par3_0051,llama,0.44776039054813144,4,5,0.007936507936507936,126,True
D_lex,par3_0051,mistral,0.5127559224213568,4,5,0.007936507936507936,126,True
D_lex,par3_0051,qwen,0.5835005923185967,4,3,0.02857142857142857,35,True
D_lex,par3_0052,gemma,0.6292403413919256,3,4,0.02857142857142857,35,True
D_lex,par3_0052,llama,0.5221809121181966,3,5,0.017857142857142856,56,True
D_lex,par3_0052,mistral,0.5693633395603139,3,5,0.017857142857142856,56,True
D_lex,par3_0052,qwen,0.4989836849945902,3,5,0.017857142857142856,56,True
D_lex,par3_0053,gemma,0.5540854289266162,3,5,0.017857142857142856,56,True
D_lex,par3_0053,llama,0.48951884676576574,3,5,0.017857142857142856,56,True
D_lex,par3_0053,mistral,0.5994113184957325,3,5,0.017857142857142856,56,True
D_lex,par3_0053,qwen,0.45836483825686275,3,5,0.017857142857142856,56,True
D_lex,par3_0054,gemma,0.6391383965706895,3,5,0.017857142857142856,56,True
D_lex,par3_0054,llama,0.5640861272950551,3,5,0.017857142857142856,56,True
D_lex,par3_0054,mistral,0.60557907992612,3,5,0.017857142857142856,56,True
D_lex,par3_0054,qwen,0.5887248284646529,3,5,0.017857142857142856,56,True
D_lex,par3_0055,gemma,0.6689611785084782,3,3,0.1,20,True
D_lex,par3_0055,llama,0.5183746795424088,3,5,0.017857142857142856,56,True
D_lex,par3_0055,mistral,0.6671522376579713,3,5,0.017857142857142856,56,True
D_lex,par3_0055,qwen,0.5921805140586291,3,4,0.02857142857142857,35,True
D_lex,par3_0056,gemma,0.5483222676132424,3,5,0.017857142857142856,56,True
D_lex,par3_0056,llama,0.5008738428758719,3,5,0.017857142857142856,56,True
D_lex,par3_0056,mistral,0.5647639610722212,3,5,0.017857142857142856,56,True
D_lex,par3_0056,qwen,0.4795823052083838,3,5,0.017857142857142856,56,True
D_lex,par3_0057,gemma,0.6709633916091935,3,5,0.017857142857142856,56,True
D_lex,par3_0057,llama,0.591419820139008,3,5,0.017857142857142856,56,True
D_lex,par3_0057,mistral,0.6179498786655845,3,5,0.017857142857142856,56,True
D_lex,par3_0057,qwen,0.6290832833955209,3,5,0.017857142857142856,56,True
D_lex,par3_0058,gemma,0.5747649564072157,3,4,0.02857142857142857,35,True
D_lex,par3_0058,llama,0.5271049554337863,3,5,0.017857142857142856,56,True
D_lex,par3_0058,mistral,0.6588480385637973,3,3,0.1,20,True
D_lex,par3_0058,qwen,0.5955557440575355,3,4,0.02857142857142857,35,True
D_lex,par3_0059,gemma,0.5780835294392928,3,5,0.017857142857142856,56,True
D_lex,par3_0059,llama,0.5829601252736514,3,5,0.017857142857142856,56,True
D_lex,par3_0059,mistral,0.5868494110374848,3,5,0.017857142857142856,56,True
D_lex,par3_0059,qwen,0.5443438045977776,3,5,0.017857142857142856,56,True
D_lex,par3_0060,gemma,0.5276530026613537,4,5,0.007936507936507936,126,True
D_lex,par3_0060,llama,0.48545487315409297,4,5,0.007936507936507936,126,True
D_lex,par3_0060,mistral,0.5409070714704773,4,5,0.007936507936507936,126,True
D_lex,par3_0060,qwen,0.5208914729399106,4,4,0.02857142857142857,70,True
D_lex,par3_0061,gemma,0.5254229950642091,3,5,0.017857142857142856,56,True
D_lex,par3_0061,llama,0.49576710065514584,3,5,0.017857142857142856,56,True
D_lex,par3_0061,mistral,0.6127005488473736,3,5,0.017857142857142856,56,True
D_lex,par3_0061,qwen,0.5065119808052234,3,5,0.017857142857142856,56,True
D_lex,par3_0062,gemma,0.5333818114571905,3,5,0.017857142857142856,56,True
D_lex,par3_0062,llama,0.5420640459038465,3,5,0.017857142857142856,56,True
D_lex,par3_0062,mistral,0.599632176395951,3,5,0.017857142857142856,56,True
D_lex,par3_0062,qwen,0.5869993171199568,3,4,0.02857142857142857,35,True
D_lex,par3_0063,gemma,0.7906077111885046,3,2,0.1,10,True
D_lex,par3_0063,llama,0.536283816903069,3,5,0.017857142857142856,56,True
D_lex,par3_0063,mistral,0.6151277376722598,3,5,0.017857142857142856,56,True
D_lex,par3_0063,qwen,0.7452045859995755,3,2,0.3,10,True
D_lex,par3_0064,gemma,0.6375207881795422,3,5,0.017857142857142856,56,True
D_lex,par3_0064,llama,0.5601891075940683,3,5,0.017857142857142856,56,True
D_lex,par3_0064,mistral,0.6552734885253115,3,5,0.017857142857142856,56,True
D_lex,par3_0064,qwen,0.5682555912178897,3,5,0.017857142857142856,56,True
D_lex,par3_0065,gemma,0.541649189429395,3,4,0.02857142857142857,35,True
D_lex,par3_0065,llama,0.5187958276541793,3,4,0.02857142857142857,35,True
D_lex,par3_0065,mistral,0.5913574878305402,3,3,0.1,20,True
D_lex,par3_0065,qwen,0.5938883184503543,3,4,0.02857142857142857,35,True
D_lex,par3_0066,gemma,0.48870513419586364,3,5,0.017857142857142856,56,True
D_lex,par3_0066,llama,0.4568448760334439,3,5,0.017857142857142856,56,True
D_lex,par3_0066,mistral,0.5608270671119413,3,5,0.017857142857142856,56,True
D_lex,par3_0066,qwen,0.4462051807108723,3,5,0.017857142857142856,56,True
D_lex,par3_0067,gemma,0.6790214905740097,3,5,0.017857142857142856,56,True
D_lex,par3_0067,llama,0.6182071798754578,3,5,0.017857142857142856,56,True
D_lex,par3_0067,mistral,0.7078179526507269,3,5,0.017857142857142856,56,True
D_lex,par3_0067,qwen,0.610555489786232,3,5,0.017857142857142856,56,True
D_lex,par3_0068,gemma,0.5684914886116865,3,5,0.017857142857142856,56,True
D_lex,par3_0068,llama,0.4773894183514513,3,5,0.017857142857142856,56,True
D_lex,par3_0068,mistral,0.576955359468672,3,5,0.017857142857142856,56,True
D_lex,par3_0068,qwen,0.5070760078174681,3,5,0.017857142857142856,56,True
D_lex,par3_0069,gemma,0.6755213135823166,3,4,0.02857142857142857,35,True
D_lex,par3_0069,llama,0.6041555474519473,3,5,0.017857142857142856,56,True
D_lex,par3_0069,mistral,0.607705953901373,3,5,0.017857142857142856,56,True
D_lex,par3_0069,qwen,0.6086813812010691,3,5,0.017857142857142856,56,True
D_lex,par3_0070,gemma,0.6084539029895443,3,4,0.02857142857142857,35,True
D_lex,par3_0070,llama,0.5508393092520611,3,5,0.017857142857142856,56,True
D_lex,par3_0070,mistral,0.5861698588656904,3,5,0.017857142857142856,56,True
D_lex,par3_0070,qwen,0.5457584092315904,3,5,0.017857142857142856,56,True
D_lex,par3_0071,gemma,0.5170427404375585,3,5,0.017857142857142856,56,True
D_lex,par3_0071,llama,0.5075797660802797,3,5,0.017857142857142856,56,True
D_lex,par3_0071,mistral,0.5895356363119306,3,5,0.017857142857142856,56,True
D_lex,par3_0071,qwen,0.5271816512143968,3,5,0.017857142857142856,56,True
D_lex,par3_0072,gemma,0.5183030426815586,4,5,0.007936507936507936,126,True
D_lex,par3_0072,llama,0.47112758346235006,4,5,0.007936507936507936,126,True
D_lex,par3_0072,mistral,0.5458944882980581,4,5,0.007936507936507936,126,True
D_lex,par3_0072,qwen,0.5397997300795309,4,4,0.02857142857142857,70,True
D_lex,par3_0073,gemma,0.5908129536628844,3,5,0.017857142857142856,56,True
D_lex,par3_0073,llama,0.5244911933843173,3,5,0.017857142857142856,56,True
D_lex,par3_0073,mistral,0.5957735248993303,3,5,0.017857142857142856,56,True
D_lex,par3_0073,qwen,0.5351091001579089,3,5,0.017857142857142856,56,True
D_lex,par3_0074,gemma,0.5201257751895498,3,5,0.017857142857142856,56,True
D_lex,par3_0074,llama,0.43872746469185553,3,5,0.017857142857142856,56,True
D_lex,par3_0074,mistral,0.5231399824950347,3,5,0.017857142857142856,56,True
D_lex,par3_0074,qwen,0.46707539860246944,3,5,0.017857142857142856,56,True
D_lex,par3_0075,gemma,0.5298676153419696,4,5,0.007936507936507936,126,True
D_lex,par3_0075,llama,0.5231735735032372,4,5,0.007936507936507936,126,True
D_lex,par3_0075,mistral,0.5229623076181119,4,5,0.007936507936507936,126,True
D_lex,par3_0075,qwen,0.7072522283671204,4,2,0.06666666666666667,15,True
D_lex,par3_0076,gemma,0.4919873702978646,3,5,0.017857142857142856,56,True
D_lex,par3_0076,llama,0.44637824515203695,3,5,0.017857142857142856,56,True
D_lex,par3_0076,mistral,0.4822065241771437,3,5,0.017857142857142856,56,True
D_lex,par3_0076,qwen,0.5339001968300496,3,5,0.017857142857142856,56,True
D_lex,par3_0077,gemma,0.5231612970963851,4,5,0.007936507936507936,126,True
D_lex,par3_0077,llama,0.4673919130167324,4,5,0.007936507936507936,126,True
D_lex,par3_0077,mistral,0.541670608146199,4,5,0.007936507936507936,126,True
D_lex,par3_0077,qwen,0.44571452554638274,4,5,0.007936507936507936,126,True
D_lex,par3_0078,gemma,0.517553441652258,4,5,0.007936507936507936,126,True
D_lex,par3_0078,llama,0.45526130193286857,4,5,0.007936507936507936,126,True
D_lex,par3_0078,mistral,0.47247557912347765,4,5,0.007936507936507936,126,True
D_lex,par3_0078,qwen,0.443459091626721,4,5,0.007936507936507936,126,True
D_lex,par3_0079,gemma,0.532329675009971,4,5,0.007936507936507936,126,True
D_lex,par3_0079,llama,0.5033182194145105,4,5,0.007936507936507936,126,True
D_lex,par3_0079,mistral,0.5453343922655596,4,5,0.007936507936507936,126,True
D_lex,par3_0079,qwen,0.5093190330453545,4,5,0.007936507936507936,126,True
D_lex,par3_0080,gemma,0.5557182204966995,4,5,0.007936507936507936,126,True
D_lex,par3_0080,llama,0.4997939122993901,4,5,0.007936507936507936,126,True
D_lex,par3_0080,mistral,0.5218071299782425,4,5,0.007936507936507936,126,True
D_lex,par3_0080,qwen,0.5989811127735513,4,3,0.02857142857142857,35,True
D_lex,par3_0081,gemma,0.6083627418598561,3,5,0.017857142857142856,56,True
D_lex,par3_0081,llama,0.5725882086584836,3,5,0.017857142857142856,56,True
D_lex,par3_0081,mistral,0.5862397337594751,3,5,0.017857142857142856,56,True
D_lex,par3_0081,qwen,0.5648099830874957,3,5,0.017857142857142856,56,True
D_lex,par3_0082,gemma,0.5934132857050954,4,5,0.007936507936507936,126,True
D_lex,par3_0082,llama,0.5234690258793167,4,5,0.007936507936507936,126,True
D_lex,par3_0082,mistral,0.5860202296681569,4,5,0.007936507936507936,126,True
D_lex,par3_0082,qwen,0.44963195025759306,4,5,0.007936507936507936,126,True
D_lex,par3_0083,gemma,0.6427327763441572,3,3,0.1,20,True
D_lex,par3_0083,llama,0.571790163545504,3,4,0.02857142857142857,35,True
D_lex,par3_0083,mistral,0.5813513760757832,3,5,0.017857142857142856,56,True
D_lex,par3_0083,qwen,0.5376606590483088,3,5,0.017857142857142856,56,True
D_lex,par3_0084,gemma,0.7608262714491743,3,2,0.2,10,True
D_lex,par3_0084,llama,0.5226738845100265,3,5,0.017857142857142856,56,True
D_lex,par3_0084,mistral,0.6427339996369955,3,5,0.017857142857142856,56,True
D_lex,par3_0085,gemma,0.643643895560873,3,5,0.017857142857142856,56,True
D_lex,par3_0085,llama,0.6060274562577799,3,5,0.017857142857142856,56,True
D_lex,par3_0085,mistral,0.6391772393163926,3,5,0.017857142857142856,56,True
D_lex,par3_0085,qwen,0.6010750820747691,3,5,0.017857142857142856,56,True
D_lex,par3_0086,gemma,0.5594249399830071,3,5,0.017857142857142856,56,True
D_lex,par3_0086,llama,0.4971505844362658,3,5,0.017857142857142856,56,True
D_lex,par3_0086,mistral,0.5447834457862679,3,5,0.017857142857142856,56,True
D_lex,par3_0086,qwen,0.5246793895108092,3,5,0.017857142857142856,56,True
D_lex,par3_0087,gemma,0.5442234770152259,3,5,0.017857142857142856,56,True
D_lex,par3_0087,llama,0.5297723074424012,3,5,0.017857142857142856,56,True
D_lex,par3_0087,mistral,0.5636097065332697,3,5,0.017857142857142856,56,True
D_lex,par3_0087,qwen,0.5852791515292405,3,5,0.017857142857142856,56,True
D_lex,par3_0088,gemma,0.5546521450490944,3,5,0.017857142857142856,56,True
D_lex,par3_0088,llama,0.48819648067188165,3,5,0.017857142857142856,56,True
D_lex,par3_0088,mistral,0.553160264146412,3,5,0.017857142857142856,56,True
D_lex,par3_0088,qwen,0.48065418184007935,3,5,0.017857142857142856,56,True
D_lex,par3_0089,gemma,0.5715078105312688,3,5,0.017857142857142856,56,True
D_lex,par3_0089,llama,0.5482115818441671,3,5,0.017857142857142856,56,True
D_lex,par3_0089,mistral,0.5715136463591044,3,5,0.017857142857142856,56,True
D_lex,par3_0089,qwen,0.6332776610750359,3,4,0.02857142857142857,35,True
D_lex,par3_0090,gemma,0.6396082403390755,3,5,0.017857142857142856,56,True
D_lex,par3_0090,llama,0.5795028468111101,3,5,0.017857142857142856,56,True
D_lex,par3_0090,mistral,0.6216417809313545,3,5,0.017857142857142856,56,True
D_lex,par3_0090,qwen,0.6053542422379304,3,5,0.017857142857142856,56,True
D_lex,par3_0091,gemma,0.6262204568194956,3,5,0.017857142857142856,56,True
D_lex,par3_0091,llama,0.5008763580352013,3,5,0.017857142857142856,56,True
D_lex,par3_0091,mistral,0.6414500819008726,3,5,0.017857142857142856,56,True
D_lex,par3_0091,qwen,0.5498732951434608,3,4,0.02857142857142857,35,True
D_lex,par3_0092,gemma,0.6832321632657488,3,3,0.1,20,True
D_lex,par3_0092,llama,0.5891455772046891,3,5,0.017857142857142856,56,True
D_lex,par3_0092,mistral,0.5975485056337708,3,5,0.017857142857142856,56,True
D_lex,par3_0092,qwen,0.5734841236725754,3,4,0.02857142857142857,35,True
D_lex,par3_0093,gemma,0.5326613597831816,3,5,0.017857142857142856,56,True
D_lex,par3_0093,llama,0.47035725771363485,3,5,0.017857142857142856,56,True
D_lex,par3_0093,mistral,0.5496134028716193,3,5,0.017857142857142856,56,True
D_lex,par3_0093,qwen,0.5113637714297615,3,5,0.017857142857142856,56,True
D_lex,par3_0094,gemma,0.5367272290151475,4,4,0.02857142857142857,70,True
D_lex,par3_0094,llama,0.4710713967342637,4,5,0.007936507936507936,126,True
D_lex,par3_0094,mistral,0.5346116723430534,4,5,0.007936507936507936,126,True
D_lex,par3_0095,gemma,0.4598173813537809,4,5,0.007936507936507936,126,True
D_lex,par3_0095,llama,0.4580712424349611,4,5,0.007936507936507936,126,True
D_lex,par3_0095,mistral,0.5685564839333924,4,4,0.02857142857142857,70,True
D_lex,par3_0095,qwen,0.6053366900262549,4,3,0.02857142857142857,35,True
D_lex,par3_0096,gemma,0.5467078365427225,4,5,0.007936507936507936,126,True
D_lex,par3_0096,llama,0.46401359707504924,4,5,0.007936507936507936,126,True
D_lex,par3_0096,mistral,0.5353150623076876,4,5,0.007936507936507936,126,True
D_lex,par3_0096,qwen,0.48114329223839486,4,5,0.007936507936507936,126,True
D_lex,par3_0097,gemma,0.5162014382287236,4,5,0.007936507936507936,126,True
D_lex,par3_0097,llama,0.4712525203350292,4,5,0.007936507936507936,126,True
D_lex,par3_0097,mistral,0.5269690516648781,4,5,0.007936507936507936,126,True
D_lex,par3_0097,qwen,0.5627552488503015,4,4,0.02857142857142857,70,True
D_lex,par3_0098,gemma,0.5577315543095704,3,5,0.017857142857142856,56,True
D_lex,par3_0098,llama,0.5057639178730213,3,5,0.017857142857142856,56,True
D_lex,par3_0098,mistral,0.6011430895151286,3,5,0.017857142857142856,56,True
D_lex,par3_0098,qwen,0.5171131694641109,3,5,0.017857142857142856,56,True
D_lex,par3_0099,llama,0.5378497342587258,3,5,0.017857142857142856,56,True
D_lex,par3_0099,mistral,0.5682984206516947,3,5,0.017857142857142856,56,True
D_lex,par3_0099,qwen,0.5779458622711067,3,4,0.02857142857142857,35,True
D_lex,par3_0100,gemma,0.5548658206358557,4,5,0.007936507936507936,126,True
D_lex,par3_0100,llama,0.49203791426668797,4,5,0.007936507936507936,126,True
D_lex,par3_0100,mistral,0.5268946141055308,4,5,0.007936507936507936,126,True
D_lex,par3_0100,qwen,0.49940984508502784,4,5,0.007936507936507936,126,True
D_lex,par3_0101,gemma,0.5501827532861785,3,5,0.017857142857142856,56,True
D_lex,par3_0101,llama,0.536822354320318,3,5,0.017857142857142856,56,True
D_lex,par3_0101,mistral,0.6679267665945574,3,4,0.02857142857142857,35,True
D_lex,par3_0102,gemma,0.5427160541740622,4,5,0.007936507936507936,126,True
D_lex,par3_0102,llama,0.5229189111287424,4,5,0.007936507936507936,126,True
D_lex,par3_0102,mistral,0.5324609515922979,4,5,0.007936507936507936,126,True
D_lex,par3_0102,qwen,0.5393777470894316,4,5,0.007936507936507936,126,True
D_lex,par3_0103,gemma,0.6137530187320452,4,5,0.007936507936507936,126,True
D_lex,par3_0103,llama,0.5998430828004266,4,5,0.007936507936507936,126,True
D_lex,par3_0103,mistral,0.6710609238608729,4,5,0.007936507936507936,126,True
D_lex,par3_0103,qwen,0.6144954715344949,4,5,0.007936507936507936,126,True
D_lex,par3_0104,gemma,0.5511887315851901,3,5,0.017857142857142856,56,True
D_lex,par3_0104,llama,0.4781630292505732,3,5,0.017857142857142856,56,True
D_lex,par3_0104,mistral,0.4865958728558899,3,5,0.017857142857142856,56,True
D_lex,par3_0104,qwen,0.5142743945066459,3,5,0.017857142857142856,56,True
D_lex,par3_0105,gemma,0.5097706195412142,4,5,0.007936507936507936,126,True
D_lex,par3_0105,llama,0.48092827562332296,4,5,0.007936507936507936,126,True
D_lex,par3_0105,mistral,0.5099759287601637,4,4,0.02857142857142857,70,True
D_lex,par3_0106,gemma,0.5445503446592905,3,5,0.017857142857142856,56,True
D_lex,par3_0106,llama,0.49037359563929644,3,5,0.017857142857142856,56,True
D_lex,par3_0106,mistral,0.5604389237224149,3,5,0.017857142857142856,56,True
D_lex,par3_0106,qwen,0.527662588635178,3,5,0.017857142857142856,56,True
D_lex,par3_0107,gemma,0.5663273190163971,3,5,0.017857142857142856,56,True
D_lex,par3_0107,llama,0.5025152183504816,3,5,0.017857142857142856,56,True
D_lex,par3_0107,mistral,0.5633708886049748,3,5,0.017857142857142856,56,True
D_lex,par3_0108,gemma,0.5999867224108015,4,4,0.02857142857142857,70,True
D_lex,par3_0108,llama,0.47730273854668237,4,5,0.007936507936507936,126,True
D_lex,par3_0108,mistral,0.5426102091120624,4,5,0.007936507936507936,126,True
D_lex,par3_0108,qwen,0.5534006997355951,4,4,0.02857142857142857,70,True
D_lex,par3_0109,gemma,0.5931934132217991,3,5,0.017857142857142856,56,True
D_lex,par3_0109,llama,0.4871637283166641,3,5,0.017857142857142856,56,True
D_lex,par3_0109,mistral,0.5724303880476567,3,5,0.017857142857142856,56,True
D_lex,par3_0109,qwen,0.5338605238451047,3,4,0.02857142857142857,35,True
D_lex,par3_0110,gemma,0.5029460893358236,4,5,0.007936507936507936,126,True
D_lex,par3_0110,llama,0.4680826031728441,4,5,0.007936507936507936,126,True
D_lex,par3_0110,mistral,0.520086696071821,4,5,0.007936507936507936,126,True
D_lex,par3_0110,qwen,0.41555761635623484,4,5,0.007936507936507936,126,True
D_lex,par3_0111,gemma,0.5762123489554397,3,5,0.017857142857142856,56,True
D_lex,par3_0111,llama,0.5184754040054902,3,5,0.017857142857142856,56,True
D_lex,par3_0111,mistral,0.6026465985721594,3,5,0.017857142857142856,56,True
D_lex,par3_0111,qwen,0.5279826731779379,3,5,0.017857142857142856,56,True
D_lex,par3_0112,gemma,0.5156231500534769,3,5,0.017857142857142856,56,True
D_lex,par3_0112,llama,0.5416324766204561,3,5,0.017857142857142856,56,True
D_lex,par3_0112,mistral,0.5548433519352838,3,5,0.017857142857142856,56,True
D_lex,par3_0112,qwen,0.5101365745836581,3,5,0.017857142857142856,56,True
D_lex,par3_0113,gemma,0.5865615464993678,3,5,0.017857142857142856,56,True
D_lex,par3_0113,llama,0.566673353159777,3,5,0.017857142857142856,56,True
D_lex,par3_0113,mistral,0.5865452499663981,3,5,0.017857142857142856,56,True
D_lex,par3_0113,qwen,0.5004376471456543,3,5,0.017857142857142856,56,True
D_lex,par3_0114,gemma,0.7592891133369979,3,5,0.017857142857142856,56,True
D_lex,par3_0114,llama,0.6098730191961507,3,5,0.017857142857142856,56,True
D_lex,par3_0114,mistral,0.6794367557879972,3,5,0.017857142857142856,56,True
D_lex,par3_0114,qwen,0.6586963948798741,3,5,0.017857142857142856,56,True
D_lex,par3_0115,gemma,0.4809139348519781,3,5,0.017857142857142856,56,True
D_lex,par3_0115,llama,0.4269376343844993,3,5,0.017857142857142856,56,True
D_lex,par3_0115,mistral,0.5160064615405893,3,5,0.017857142857142856,56,True
D_lex,par3_0115,qwen,0.499522375395313,3,5,0.017857142857142856,56,True
D_lex,par3_0116,gemma,0.5695919568520045,3,5,0.017857142857142856,56,True
D_lex,par3_0116,llama,0.49304766727826904,3,5,0.017857142857142856,56,True
D_lex,par3_0116,mistral,0.5944057901043609,3,5,0.017857142857142856,56,True
D_lex,par3_0116,qwen,0.51268004765525,3,5,0.017857142857142856,56,True
D_lex,par3_0117,gemma,0.552355915220101,3,5,0.017857142857142856,56,True
D_lex,par3_0117,llama,0.5237627429213414,3,5,0.017857142857142856,56,True
D_lex,par3_0117,mistral,0.5688096835362283,3,5,0.017857142857142856,56,True
D_lex,par3_0117,qwen,0.555910771678584,3,5,0.017857142857142856,56,True
D_lex,par3_0118,gemma,0.7372980966237535,3,3,0.1,20,True
D_lex,par3_0118,llama,0.6272562706880066,3,5,0.017857142857142856,56,True
D_lex,par3_0118,mistral,0.7129966410979895,3,5,0.017857142857142856,56,True
D_lex,par3_0118,qwen,0.662563127324054,3,4,0.02857142857142857,35,True
D_lex,par3_0119,gemma,0.44998775566540056,4,5,0.007936507936507936,126,True
D_lex,par3_0119,llama,0.3813956081899487,4,5,0.007936507936507936,126,True
D_lex,par3_0119,mistral,0.4243557158732526,4,5,0.007936507936507936,126,True
D_lex,par3_0119,qwen,0.37311186599096335,4,5,0.007936507936507936,126,True
D_lex,par3_0120,gemma,0.44455910826136424,3,5,0.017857142857142856,56,True
D_lex,par3_0120,llama,0.45724815398114954,3,5,0.017857142857142856,56,True
D_lex,par3_0120,mistral,0.578074794893112,3,5,0.017857142857142856,56,True
D_lex,par3_0120,qwen,0.42332566800227195,3,5,0.017857142857142856,56,True
D_lex,par3_0121,gemma,0.5514494486970178,4,5,0.007936507936507936,126,True
D_lex,par3_0121,llama,0.5053703110499554,4,5,0.007936507936507936,126,True
D_lex,par3_0121,mistral,0.5606586764810495,4,5,0.007936507936507936,126,True
D_lex,par3_0121,qwen,0.47074099947712117,4,5,0.007936507936507936,126,True
D_lex,par3_0122,gemma,0.49446007026999483,3,5,0.017857142857142856,56,True
D_lex,par3_0122,llama,0.4312309703306246,3,5,0.017857142857142856,56,True
D_lex,par3_0122,mistral,0.6031458305590767,3,5,0.017857142857142856,56,True
D_lex,par3_0122,qwen,0.4166096956871683,3,5,0.017857142857142856,56,True
D_lex,par3_0123,gemma,0.591141659635769,3,5,0.017857142857142856,56,True
D_lex,par3_0123,llama,0.49455177982487974,3,5,0.017857142857142856,56,True
D_lex,par3_0123,mistral,0.5851258345004735,3,5,0.017857142857142856,56,True
D_lex,par3_0123,qwen,0.5033514521325566,3,5,0.017857142857142856,56,True
D_lex,par3_0124,gemma,0.4709813940785187,4,5,0.007936507936507936,126,True
D_lex,par3_0124,llama,0.3905340769574154,4,5,0.007936507936507936,126,True
D_lex,par3_0124,mistral,0.5027786842762083,4,5,0.007936507936507936,126,True
D_lex,par3_0124,qwen,0.42912971034407854,4,5,0.007936507936507936,126,True
D_lex,par3_0125,gemma,0.5728143418220529,3,5,0.017857142857142856,56,True
D_lex,par3_0125,llama,0.5301036006384203,3,5,0.017857142857142856,56,True
D_lex,par3_0125,mistral,0.5954860228649557,3,5,0.017857142857142856,56,True
D_lex,par3_0126,gemma,0.6357641128372831,3,5,0.017857142857142856,56,True
D_lex,par3_0126,llama,0.6033299377160769,3,3,0.1,20,True
D_lex,par3_0126,mistral,0.5935662059557708,3,5,0.017857142857142856,56,True
D_lex,par3_0126,qwen,0.5464227559731235,3,5,0.017857142857142856,56,True
D_lex,par3_0127,gemma,0.642600207345764,3,5,0.017857142857142856,56,True
D_lex,par3_0127,llama,0.5533702584811355,3,5,0.017857142857142856,56,True
D_lex,par3_0127,mistral,0.6912806404287244,3,5,0.017857142857142856,56,True
D_lex,par3_0127,qwen,0.6101512480548094,3,5,0.017857142857142856,56,True
D_lex,par3_0128,gemma,0.5428562547286603,3,5,0.017857142857142856,56,True
D_lex,par3_0128,llama,0.5489014107485433,3,5,0.017857142857142856,56,True
D_lex,par3_0128,mistral,0.6035365527140968,3,5,0.017857142857142856,56,True
D_lex,par3_0128,qwen,0.5206291240003218,3,5,0.017857142857142856,56,True
D_lex,par3_0129,gemma,0.5324580922743107,4,5,0.007936507936507936,126,True
D_lex,par3_0129,llama,0.49114743827006774,4,5,0.007936507936507936,126,True
D_lex,par3_0129,mistral,0.6102983823347905,4,5,0.007936507936507936,126,True
D_lex,par3_0129,qwen,0.5338137527732607,4,5,0.007936507936507936,126,True
D_lex,par3_0130,gemma,0.5672697260518458,3,5,0.017857142857142856,56,True
D_lex,par3_0130,llama,0.5143048867634408,3,5,0.017857142857142856,56,True
D_lex,par3_0130,mistral,0.573721319299833,3,5,0.017857142857142856,56,True
D_lex,par3_0130,qwen,0.518132504091606,3,5,0.017857142857142856,56,True
D_lex,par3_0131,gemma,0.796019966543567,3,5,0.017857142857142856,56,True
D_lex,par3_0131,llama,0.7126506855012154,3,5,0.017857142857142856,56,True
D_lex,par3_0131,mistral,0.8063667369230882,3,5,0.017857142857142856,56,True
D_lex,par3_0131,qwen,0.769017377421646,3,5,0.017857142857142856,56,True
D_lex,par3_0132,gemma,0.5219795235234972,5,5,0.007936507936507936,252,True
D_lex,par3_0132,llama,0.5284784463270389,5,5,0.007936507936507936,252,True
D_lex,par3_0132,mistral,0.8038321993824383,5,2,0.09523809523809523,21,True
D_lex,par3_0132,qwen,0.5344763428874126,5,5,0.007936507936507936,252,True
D_lex,par3_0133,gemma,0.6163924572467168,3,5,0.017857142857142856,56,True
D_lex,par3_0133,llama,0.5526728601220047,3,5,0.017857142857142856,56,True
D_lex,par3_0133,mistral,0.6054095626977392,3,5,0.017857142857142856,56,True
D_lex,par3_0133,qwen,0.5343514254069428,3,5,0.017857142857142856,56,True
D_lex,par3_0134,gemma,0.6360146917858104,3,4,0.02857142857142857,35,True
D_lex,par3_0134,llama,0.5891817620975328,3,4,0.02857142857142857,35,True
D_lex,par3_0134,mistral,0.5771392602471807,3,5,0.017857142857142856,56,True
D_lex,par3_0135,gemma,0.474507409163764,4,5,0.007936507936507936,126,True
D_lex,par3_0135,llama,0.4129873563496639,4,5,0.007936507936507936,126,True
D_lex,par3_0135,mistral,0.45731998208828206,4,4,0.02857142857142857,70,True
D_lex,par3_0135,qwen,0.4174848583334667,4,5,0.007936507936507936,126,True
D_lex,par3_0136,gemma,0.5293375995224892,3,5,0.017857142857142856,56,True
D_lex,par3_0136,llama,0.547683511903938,3,5,0.017857142857142856,56,True
D_lex,par3_0136,mistral,0.5550225957701502,3,5,0.017857142857142856,56,True
D_lex,par3_0136,qwen,0.5782993550353456,3,4,0.02857142857142857,35,True
D_lex,par3_0137,gemma,0.5575940567601032,4,5,0.007936507936507936,126,True
D_lex,par3_0137,llama,0.448239512215154,4,5,0.007936507936507936,126,True
D_lex,par3_0137,mistral,0.5257481289236372,4,5,0.007936507936507936,126,True
D_lex,par3_0137,qwen,0.5696799947696252,4,3,0.02857142857142857,35,True
D_lex,par3_0138,gemma,0.4637470276367084,4,5,0.007936507936507936,126,True
D_lex,par3_0138,llama,0.46659271971218264,4,5,0.007936507936507936,126,True
D_lex,par3_0138,mistral,0.4876773351674407,4,5,0.007936507936507936,126,True
D_lex,par3_0138,qwen,0.5853124939487466,4,3,0.02857142857142857,35,True
D_lex,par3_0139,gemma,0.54601627854503,3,5,0.017857142857142856,56,True
D_lex,par3_0139,llama,0.42502459225255035,3,5,0.017857142857142856,56,True
D_lex,par3_0139,mistral,0.6079738764251355,3,4,0.02857142857142857,35,True
D_lex,par3_0139,qwen,0.4186532556621638,3,5,0.017857142857142856,56,True
D_lex,par3_0140,gemma,0.5871732929572313,3,5,0.017857142857142856,56,True
D_lex,par3_0140,llama,0.5247607257918846,3,5,0.017857142857142856,56,True
D_lex,par3_0140,mistral,0.6140073560735849,3,5,0.017857142857142856,56,True
D_lex,par3_0140,qwen,0.5379396787109705,3,5,0.017857142857142856,56,True
D_lex,par3_0141,gemma,0.7562952048929106,3,2,0.1,10,True
D_lex,par3_0141,llama,0.5449619027321397,3,5,0.017857142857142856,56,True
D_lex,par3_0141,mistral,0.6026893847431,3,5,0.017857142857142856,56,True
D_lex,par3_0141,qwen,0.6008369348016429,3,4,0.02857142857142857,35,True
D_lex,par3_0142,gemma,0.5277454115031248,3,5,0.017857142857142856,56,True
D_lex,par3_0142,llama,0.5061172162166123,3,5,0.017857142857142856,56,True
D_lex,par3_0142,mistral,0.5389472859463061,3,5,0.017857142857142856,56,True
D_lex,par3_0142,qwen,0.5225185237196683,3,5,0.017857142857142856,56,True
D_lex,par3_0143,gemma,0.5811320907208621,3,5,0.017857142857142856,56,True
D_lex,par3_0143,llama,0.5130669966178499,3,5,0.017857142857142856,56,True
D_lex,par3_0143,mistral,0.6320523892528886,3,5,0.017857142857142856,56,True
D_lex,par3_0143,qwen,0.5108872030394123,3,5,0.017857142857142856,56,True
D_lex,par3_0144,gemma,0.5523700193931614,3,5,0.017857142857142856,56,True
D_lex,par3_0144,llama,0.549327807441914,3,4,0.02857142857142857,35,True
D_lex,par3_0144,mistral,0.5895655454591948,3,5,0.017857142857142856,56,True
D_lex,par3_0144,qwen,0.5168975478978768,3,5,0.017857142857142856,56,True
D_lex,par3_0145,gemma,0.5308782186617641,4,4,0.02857142857142857,70,True
D_lex,par3_0145,llama,0.45531333761167403,4,5,0.007936507936507936,126,True
D_lex,par3_0145,mistral,0.5045459674533627,4,5,0.007936507936507936,126,True
D_lex,par3_0145,qwen,0.5739553810261551,4,3,0.02857142857142857,35,True
D_lex,par3_0146,gemma,0.5551972485003687,3,5,0.017857142857142856,56,True
D_lex,par3_0146,llama,0.4977548082377817,3,5,0.017857142857142856,56,True
D_lex,par3_0146,mistral,0.5513569405924732,3,5,0.017857142857142856,56,True
D_lex,par3_0146,qwen,0.4596997839116111,3,5,0.017857142857142856,56,True
D_lex,par3_0147,gemma,0.6329392202054598,4,5,0.007936507936507936,126,True
D_lex,par3_0147,llama,0.5154048221629668,4,5,0.007936507936507936,126,True
D_lex,par3_0147,mistral,0.6226104091291329,4,5,0.007936507936507936,126,True
D_lex,par3_0147,qwen,0.6417808341067934,4,4,0.02857142857142857,70,True
D_lex,par3_0148,gemma,0.6619217033352949,3,5,0.017857142857142856,56,True
D_lex,par3_0148,llama,0.6518021966247296,3,5,0.017857142857142856,56,True
D_lex,par3_0148,mistral,0.7475331536341256,3,5,0.017857142857142856,56,True
D_lex,par3_0148,qwen,0.6066924247868619,3,5,0.017857142857142856,56,True
D_lex,par3_0149,gemma,0.5533423705891232,3,5,0.017857142857142856,56,True
D_lex,par3_0149,llama,0.4875530383810827,3,5,0.017857142857142856,56,True
D_lex,par3_0149,mistral,0.6115329365011003,3,5,0.017857142857142856,56,True
D_lex,par3_0149,qwen,0.4813131809882742,3,5,0.017857142857142856,56,True
D_lex,par3_0150,gemma,0.5145308143234468,3,5,0.017857142857142856,56,True
D_lex,par3_0150,llama,0.4778836751380729,3,5,0.017857142857142856,56,True
D_lex,par3_0150,mistral,0.576241659876422,3,5,0.017857142857142856,56,True
D_lex,par3_0150,qwen,0.4906964366266572,3,5,0.017857142857142856,56,True
D_lex,par3_0151,gemma,0.5102822675106805,4,5,0.007936507936507936,126,True
D_lex,par3_0151,llama,0.5110107741790129,4,4,0.02857142857142857,70,True
D_lex,par3_0151,mistral,0.5250812062451222,4,5,0.007936507936507936,126,True
D_lex,par3_0152,gemma,0.5247580818307885,4,5,0.007936507936507936,126,True
D_lex,par3_0152,llama,0.48061206791191413,4,5,0.007936507936507936,126,True
D_lex,par3_0152,mistral,0.5807550216473627,4,4,0.02857142857142857,70,True
D_lex,par3_0153,gemma,0.5393317276507208,3,5,0.017857142857142856,56,True
D_lex,par3_0153,llama,0.538650865477554,3,5,0.017857142857142856,56,True
D_lex,par3_0153,mistral,0.581787957860431,3,5,0.017857142857142856,56,True
D_lex,par3_0154,gemma,0.5334150514544619,4,5,0.007936507936507936,126,True
D_lex,par3_0154,llama,0.47512768754207857,4,5,0.007936507936507936,126,True
D_lex,par3_0154,mistral,0.5219038387421513,4,5,0.007936507936507936,126,True
D_lex,par3_0154,qwen,0.6481750760675529,4,2,0.06666666666666667,15,True
D_lex,par3_0155,gemma,0.5072819436101281,4,5,0.007936507936507936,126,True
D_lex,par3_0155,llama,0.45882985723810404,4,5,0.007936507936507936,126,True
D_lex,par3_0155,mistral,0.5256267053378494,4,5,0.007936507936507936,126,True
D_lex,par3_0155,qwen,0.4655905481718775,4,5,0.007936507936507936,126,True
D_lex,par3_0156,gemma,0.4888322465431369,3,5,0.017857142857142856,56,True
D_lex,par3_0156,llama,0.4564471373436609,3,5,0.017857142857142856,56,True
D_lex,par3_0156,mistral,0.5741609359644928,3,5,0.017857142857142856,56,True
D_lex,par3_0156,qwen,0.48319941596773686,3,5,0.017857142857142856,56,True
D_lex,par3_0157,gemma,0.6672663247370273,3,3,0.1,20,True
D_lex,par3_0157,llama,0.5511667309078081,3,5,0.017857142857142856,56,True
D_lex,par3_0157,mistral,0.5538680294180777,3,5,0.017857142857142856,56,True
D_lex,par3_0157,qwen,0.5780414946396993,3,4,0.02857142857142857,35,True
D_lex,par3_0158,gemma,0.6024979490916236,3,5,0.017857142857142856,56,True
D_lex,par3_0158,llama,0.5640439617474234,3,5,0.017857142857142856,56,True
D_lex,par3_0158,mistral,0.6277083804121897,3,5,0.017857142857142856,56,True
D_lex,par3_0159,gemma,0.6614597251347396,4,5,0.007936507936507936,126,True
D_lex,par3_0159,llama,0.6585473693030819,4,5,0.007936507936507936,126,True
D_lex,par3_0159,mistral,0.706815486244684,4,4,0.02857142857142857,70,True
D_lex,par3_0159,qwen,0.7062942521098478,4,5,0.007936507936507936,126,True
D_lex,par3_0160,gemma,0.5878041322833814,4,5,0.007936507936507936,126,True
D_lex,par3_0160,llama,0.5170574767653934,4,5,0.007936507936507936,126,True
D_lex,par3_0160,mistral,0.5631626898119118,4,5,0.007936507936507936,126,True
D_lex,par3_0160,qwen,0.5087910739813044,4,5,0.007936507936507936,126,True
D_lex,par3_0161,gemma,0.5922840278148175,4,5,0.007936507936507936,126,True
D_lex,par3_0161,llama,0.5131956704687377,4,5,0.007936507936507936,126,True
D_lex,par3_0161,mistral,0.6108194259273318,4,5,0.007936507936507936,126,True
D_lex,par3_0161,qwen,0.5282361013696072,4,5,0.007936507936507936,126,True
D_lex,par3_0162,gemma,0.5029810868984249,3,5,0.017857142857142856,56,True
D_lex,par3_0162,llama,0.46241445239774254,3,5,0.017857142857142856,56,True
D_lex,par3_0162,mistral,0.5568470276408138,3,5,0.017857142857142856,56,True
D_lex,par3_0162,qwen,0.4873170424282901,3,5,0.017857142857142856,56,True
D_lex,par3_0163,gemma,0.689422457479369,3,5,0.017857142857142856,56,True
D_lex,par3_0163,llama,0.6791595230780345,3,5,0.017857142857142856,56,True
D_lex,par3_0163,mistral,0.6623789461675955,3,5,0.017857142857142856,56,True
D_lex,par3_0163,qwen,0.6458008982659393,3,5,0.017857142857142856,56,True
D_lex,par3_0164,gemma,0.44165842701249575,4,5,0.007936507936507936,126,True
D_lex,par3_0164,llama,0.3633124036655375,4,5,0.007936507936507936,126,True
D_lex,par3_0164,mistral,0.46941877669111853,4,5,0.007936507936507936,126,True
D_lex,par3_0164,qwen,0.42956498714215746,4,5,0.007936507936507936,126,True
D_lex,par3_0165,llama,0.5135703794907578,3,5,0.017857142857142856,56,True
D_lex,par3_0165,mistral,0.6033763614286429,3,5,0.017857142857142856,56,True
D_lex,par3_0166,llama,0.4658150369932914,4,5,0.007936507936507936,126,True
D_lex,par3_0166,mistral,0.5368230253135774,4,4,0.02857142857142857,70,True
D_lex,par3_0166,qwen,0.4968007656053647,4,4,0.02857142857142857,70,True
D_lex,par3_0167,gemma,0.5198782595148772,4,5,0.007936507936507936,126,True
D_lex,par3_0167,llama,0.5247358964182117,4,4,0.02857142857142857,70,True
D_lex,par3_0167,mistral,0.5987863909520854,4,4,0.02857142857142857,70,True
D_lex,par3_0167,qwen,0.5155295915028484,4,5,0.007936507936507936,126,True
D_lex,par3_0168,gemma,0.5275961738476884,4,5,0.007936507936507936,126,True
D_lex,par3_0168,llama,0.4428264483220089,4,5,0.007936507936507936,126,True
D_lex,par3_0168,mistral,0.47656557530956734,4,5,0.007936507936507936,126,True
D_lex,par3_0168,qwen,0.4596838987787821,4,5,0.007936507936507936,126,True
D_lex,par3_0169,gemma,0.5651059192916869,3,5,0.017857142857142856,56,True
D_lex,par3_0169,llama,0.5010706653180873,3,5,0.017857142857142856,56,True
D_lex,par3_0169,mistral,0.5107763067140328,3,5,0.017857142857142856,56,True
D_lex,par3_0169,qwen,0.6220664190115976,3,4,0.02857142857142857,35,True
D_lex,par3_0170,gemma,0.5267569362460465,3,5,0.017857142857142856,56,True
D_lex,par3_0170,llama,0.4389116814333534,3,5,0.017857142857142856,56,True
D_lex,par3_0170,mistral,0.5216347794034051,3,5,0.017857142857142856,56,True
D_lex,par3_0170,qwen,0.5044132995917028,3,5,0.017857142857142856,56,True
D_lex,par3_0171,gemma,0.5084443862125302,3,5,0.017857142857142856,56,True
D_lex,par3_0171,llama,0.4849573998666378,3,5,0.017857142857142856,56,True
D_lex,par3_0171,mistral,0.5764681625695423,3,5,0.017857142857142856,56,True
D_lex,par3_0171,qwen,0.5019012439058614,3,5,0.017857142857142856,56,True
D_lex,par3_0172,gemma,0.5767908654362808,3,5,0.017857142857142856,56,True
D_lex,par3_0172,llama,0.49739613852009446,3,5,0.017857142857142856,56,True
D_lex,par3_0172,mistral,0.5535339494579188,3,5,0.017857142857142856,56,True
D_lex,par3_0172,qwen,0.5132016191772789,3,5,0.017857142857142856,56,True
D_lex,par3_0173,gemma,0.6347521227104108,3,5,0.017857142857142856,56,True
D_lex,par3_0173,llama,0.5722556599362594,3,5,0.017857142857142856,56,True
D_lex,par3_0173,mistral,0.624599205207926,3,4,0.02857142857142857,35,True
D_lex,par3_0174,gemma,0.471722395493532,4,5,0.007936507936507936,126,True
D_lex,par3_0174,llama,0.4154016672404457,4,5,0.007936507936507936,126,True
D_lex,par3_0174,mistral,0.4713687972433815,4,5,0.007936507936507936,126,True
D_lex,par3_0174,qwen,0.4710129027641832,4,5,0.007936507936507936,126,True
D_lex,par3_0175,gemma,0.5396897639604106,3,5,0.017857142857142856,56,True
D_lex,par3_0175,llama,0.5744640262589917,3,4,0.02857142857142857,35,True
D_lex,par3_0175,mistral,0.5819897011540807,3,5,0.017857142857142856,56,True
D_lex,par3_0176,gemma,0.5916785167249367,4,5,0.007936507936507936,126,True
D_lex,par3_0176,llama,0.4884530941347062,4,5,0.007936507936507936,126,True
D_lex,par3_0176,mistral,0.5463085738168594,4,5,0.007936507936507936,126,True
D_lex,par3_0176,qwen,0.5519824919388796,4,5,0.007936507936507936,126,True
D_lex,par3_0177,gemma,0.5445986481200917,3,5,0.017857142857142856,56,True
D_lex,par3_0177,llama,0.5526993697357698,3,5,0.017857142857142856,56,True
D_lex,par3_0177,mistral,0.5872895943849582,3,4,0.02857142857142857,35,True
D_lex,par3_0177,qwen,0.4862550668184437,3,5,0.017857142857142856,56,True
D_lex,par3_0178,gemma,0.5917986527282428,4,5,0.007936507936507936,126,True
D_lex,par3_0178,llama,0.4610183282442606,4,5,0.007936507936507936,126,True
D_lex,par3_0178,mistral,0.5840407799961491,4,5,0.007936507936507936,126,True
D_lex,par3_0178,qwen,0.5518353322312126,4,5,0.007936507936507936,126,True
D_lex,par3_0179,gemma,0.6205850195931198,3,3,0.1,20,True
D_lex,par3_0179,llama,0.5014735901861738,3,5,0.017857142857142856,56,True
D_lex,par3_0179,mistral,0.5999574710077752,3,5,0.017857142857142856,56,True
D_lex,par3_0179,qwen,0.7347985734930514,3,2,0.2,10,True
D_lex,par3_0180,gemma,0.5169183088367576,3,5,0.017857142857142856,56,True
D_lex,par3_0180,llama,0.5342446380835033,3,5,0.017857142857142856,56,True
D_lex,par3_0180,mistral,0.542031229815884,3,5,0.017857142857142856,56,True
D_lex,par3_0180,qwen,0.6029170691109658,3,5,0.017857142857142856,56,True
D_lex,par3_0181,gemma,0.5986104161251656,3,5,0.017857142857142856,56,True
D_lex,par3_0181,llama,0.5462341332126914,3,5,0.017857142857142856,56,True
D_lex,par3_0181,mistral,0.5971889576119547,3,5,0.017857142857142856,56,True
D_lex,par3_0181,qwen,0.5319192325107622,3,5,0.017857142857142856,56,True
D_lex,par3_0182,gemma,0.5596396467988642,3,5,0.017857142857142856,56,True
D_lex,par3_0182,llama,0.5072381768743839,3,5,0.017857142857142856,56,True
D_lex,par3_0182,mistral,0.6053576817934214,3,5,0.017857142857142856,56,True
D_lex,par3_0182,qwen,0.5442017749994857,3,5,0.017857142857142856,56,True
D_lex,par3_0183,gemma,0.5252347453503615,4,5,0.007936507936507936,126,True
D_lex,par3_0183,llama,0.46927090151916906,4,5,0.007936507936507936,126,True
D_lex,par3_0183,mistral,0.543808900335395,4,5,0.007936507936507936,126,True
D_lex,par3_0183,qwen,0.6049979457813539,4,3,0.02857142857142857,35,True
D_lex,par3_0184,gemma,0.526164713861087,4,5,0.007936507936507936,126,True
D_lex,par3_0184,llama,0.477752695709592,4,5,0.007936507936507936,126,True
D_lex,par3_0184,mistral,0.519552990671847,4,5,0.007936507936507936,126,True
D_lex,par3_0184,qwen,0.53255432512873,4,5,0.007936507936507936,126,True
D_lex,par3_0185,gemma,0.7006319472794853,3,2,0.1,10,True
D_lex,par3_0185,llama,0.5525533451628912,3,5,0.017857142857142856,56,True
D_lex,par3_0185,mistral,0.5909047148818298,3,5,0.017857142857142856,56,True
D_lex,par3_0185,qwen,0.5498552577542706,3,5,0.017857142857142856,56,True
D_lex,par3_0186,gemma,0.6704216562361347,3,3,0.1,20,True
D_lex,par3_0186,llama,0.5349945301361291,3,5,0.017857142857142856,56,True
D_lex,par3_0186,mistral,0.6173808974587665,3,5,0.017857142857142856,56,True
D_lex,par3_0186,qwen,0.6111877784033164,3,4,0.02857142857142857,35,True
D_lex,par3_0187,gemma,0.5423765523267177,3,5,0.017857142857142856,56,True
D_lex,par3_0187,llama,0.5322032751298555,3,5,0.017857142857142856,56,True
D_lex,par3_0187,mistral,0.5997263582067741,3,5,0.017857142857142856,56,True
D_lex,par3_0187,qwen,0.5223826231477398,3,5,0.017857142857142856,56,True
D_lex,par3_0188,gemma,0.5299185884833737,4,5,0.007936507936507936,126,True
D_lex,par3_0188,llama,0.4567268089439033,4,5,0.007936507936507936,126,True
D_lex,par3_0188,mistral,0.5184661654542851,4,5,0.007936507936507936,126,True
D_lex,par3_0188,qwen,0.4762541758677126,4,3,0.02857142857142857,35,True
D_lex,par3_0189,gemma,0.7173299297608343,3,2,0.3,10,True
D_lex,par3_0189,llama,0.5367797489330987,3,5,0.017857142857142856,56,True
D_lex,par3_0189,mistral,0.5908041101024841,3,5,0.017857142857142856,56,True
D_lex,par3_0189,qwen,0.6410662631024131,3,3,0.1,20,True
D_lex,par3_0190,gemma,0.60261820066319,3,5,0.017857142857142856,56,True
D_lex,par3_0190,llama,0.5418230068018342,3,5,0.017857142857142856,56,True
D_lex,par3_0190,mistral,0.5953862406751143,3,5,0.017857142857142856,56,True
D_lex,par3_0191,gemma,0.5441604641101567,3,5,0.017857142857142856,56,True
D_lex,par3_0191,llama,0.4838891957750171,3,5,0.017857142857142856,56,True
D_lex,par3_0191,mistral,0.5884285333323311,3,4,0.02857142857142857,35,True
D_lex,par3_0191,qwen,0.5743039855608112,3,4,0.02857142857142857,35,True
D_lex,par3_0192,gemma,0.4854174415864201,4,5,0.007936507936507936,126,True
D_lex,par3_0192,llama,0.4413220876223865,4,5,0.007936507936507936,126,True
D_lex,par3_0192,mistral,0.523004617510231,4,5,0.007936507936507936,126,True
D_lex,par3_0192,qwen,0.4036833954378885,4,5,0.007936507936507936,126,True
D_lex,par3_0193,gemma,0.5985321136771632,3,5,0.017857142857142856,56,True
D_lex,par3_0193,llama,0.5374379001906694,3,5,0.017857142857142856,56,True
D_lex,par3_0193,mistral,0.5708321282822016,3,5,0.017857142857142856,56,True
D_lex,par3_0193,qwen,0.6596457074432625,3,3,0.1,20,True
D_lex,par3_0194,gemma,0.4727402404560044,4,5,0.007936507936507936,126,True
D_lex,par3_0194,llama,0.4506500830209136,4,5,0.007936507936507936,126,True
D_lex,par3_0194,mistral,0.49374134754607746,4,5,0.007936507936507936,126,True
D_lex,par3_0194,qwen,0.4068588505446461,4,5,0.007936507936507936,126,True
D_lex,par3_0195,gemma,0.5384536602929122,3,5,0.017857142857142856,56,True
D_lex,par3_0195,llama,0.5246777247318564,3,5,0.017857142857142856,56,True
D_lex,par3_0195,mistral,0.653625326098982,3,4,0.02857142857142857,35,True
D_lex,par3_0195,qwen,0.5796316452660171,3,4,0.02857142857142857,35,True
D_lex,par3_0196,llama,0.49802734772743085,4,5,0.007936507936507936,126,True
D_lex,par3_0196,mistral,0.5497969460701244,4,5,0.007936507936507936,126,True
D_lex,par3_0197,gemma,0.5417337405821125,3,5,0.017857142857142856,56,True
D_lex,par3_0197,llama,0.5251740702722316,3,5,0.017857142857142856,56,True
D_lex,par3_0197,mistral,0.6073090973487985,3,5,0.017857142857142856,56,True
D_lex,par3_0197,qwen,0.49917640910664707,3,5,0.017857142857142856,56,True
D_lex,par3_0198,gemma,0.5784487079511175,3,5,0.017857142857142856,56,True
D_lex,par3_0198,llama,0.5340581208630537,3,5,0.017857142857142856,56,True
D_lex,par3_0198,mistral,0.6034783705104241,3,5,0.017857142857142856,56,True
D_lex,par3_0198,qwen,0.6378883216968643,3,4,0.02857142857142857,35,True
D_lex,par3_0199,gemma,0.5947772820994074,3,5,0.017857142857142856,56,True
D_lex,par3_0199,llama,0.5454802503157856,3,5,0.017857142857142856,56,True
D_lex,par3_0199,mistral,0.6061527050566744,3,5,0.017857142857142856,56,True
D_lex,par3_0199,qwen,0.5893719286265314,3,5,0.017857142857142856,56,True
D_syn,par3_0000,gemma,0.1930458565943733,3,5,0.017857142857142856,56,True
D_syn,par3_0000,llama,0.20055058760212433,3,5,0.017857142857142856,56,True
D_syn,par3_0000,mistral,0.18806025933546724,3,5,0.017857142857142856,56,True
D_syn,par3_0000,qwen,0.1881913207652543,3,5,0.017857142857142856,56,True
D_syn,par3_0001,gemma,0.31760079521331663,4,5,0.007936507936507936,126,True
D_syn,par3_0001,llama,0.3073225338171134,4,5,0.007936507936507936,126,True
D_syn,par3_0001,mistral,0.34683440034999025,4,5,0.007936507936507936,126,True
D_syn,par3_0001,qwen,0.22773131492435444,4,5,0.007936507936507936,126,True
D_syn,par3_0002,gemma,0.34409914446614553,3,5,0.017857142857142856,56,True
D_syn,par3_0002,llama,0.28017049762035917,3,5,0.017857142857142856,56,True
D_syn,par3_0002,mistral,0.2908715134534921,3,5,0.017857142857142856,56,True
D_syn,par3_0002,qwen,0.30565147976886486,3,5,0.017857142857142856,56,True
D_syn,par3_0003,gemma,0.20049534934126148,3,5,0.017857142857142856,56,True
D_syn,par3_0003,llama,0.1790256209592569,3,5,0.017857142857142856,56,True
D_syn,par3_0003,mistral,0.2147715558673731,3,5,0.017857142857142856,56,True
D_syn,par3_0003,qwen,0.1685756018686831,3,5,0.017857142857142856,56,True
D_syn,par3_0004,gemma,0.26178037363305184,3,4,0.08571428571428572,35,True
D_syn,par3_0004,llama,0.2713311295733794,3,5,0.05357142857142857,56,True
D_syn,par3_0004,mistral,0.3361611182093661,3,4,0.02857142857142857,35,True
D_syn,par3_0004,qwen,0.32343692931326484,3,3,0.1,20,True
D_syn,par3_0005,gemma,0.3209166978788386,3,5,0.017857142857142856,56,True
D_syn,par3_0005,llama,0.2829799473160213,3,5,0.017857142857142856,56,True
D_syn,par3_0005,mistral,0.31233113872157364,3,5,0.017857142857142856,56,True
D_syn,par3_0006,gemma,0.24427177118427348,3,5,0.017857142857142856,56,True
D_syn,par3_0006,llama,0.20965044153126988,3,5,0.05357142857142857,56,True
D_syn,par3_0006,mistral,0.2713108933335686,3,5,0.017857142857142856,56,True
D_syn,par3_0006,qwen,0.24319437634676355,3,5,0.017857142857142856,56,True
D_syn,par3_0007,gemma,0.17155337964907255,4,5,0.007936507936507936,126,True
D_syn,par3_0007,llama,0.1424948596606575,4,5,0.007936507936507936,126,True
D_syn,par3_0007,mistral,0.1702155809683862,4,5,0.007936507936507936,126,True
D_syn,par3_0007,qwen,0.1940452258407741,4,3,0.02857142857142857,35,True
D_syn,par3_0008,gemma,0.30962355019588267,4,5,0.007936507936507936,126,True
D_syn,par3_0008,llama,0.24930643795211954,4,5,0.007936507936507936,126,True
D_syn,par3_0008,mistral,0.2525914001803091,4,5,0.007936507936507936,126,True
D_syn,par3_0008,qwen,0.20892542292355745,4,5,0.007936507936507936,126,True
D_syn,par3_0009,gemma,0.27883551928987554,3,5,0.017857142857142856,56,True
D_syn,par3_0009,llama,0.2507077651868652,3,5,0.017857142857142856,56,True
D_syn,par3_0009,mistral,0.258092757165984,3,4,0.02857142857142857,35,True
D_syn,par3_0009,qwen,0.2928159340649785,3,2,0.2,10,True
D_syn,par3_0010,gemma,0.3270031821909997,3,5,0.017857142857142856,56,True
D_syn,par3_0010,llama,0.2558010555126875,3,5,0.017857142857142856,56,True
D_syn,par3_0010,mistral,0.3604689347601402,3,5,0.017857142857142856,56,True
D_syn,par3_0010,qwen,0.3105039806420761,3,5,0.017857142857142856,56,True
D_syn,par3_0011,gemma,0.37567945119789153,3,5,0.017857142857142856,56,True
D_syn,par3_0011,llama,0.3024172605285906,3,5,0.017857142857142856,56,True
D_syn,par3_0011,mistral,0.37870023309855166,3,5,0.017857142857142856,56,True
D_syn,par3_0011,qwen,0.2931683520144873,3,5,0.017857142857142856,56,True
D_syn,par3_0012,gemma,0.24792321229990988,3,5,0.017857142857142856,56,True
D_syn,par3_0012,llama,0.25697714524267845,3,5,0.017857142857142856,56,True
D_syn,par3_0012,mistral,0.3400829987706783,3,5,0.017857142857142856,56,True
D_syn,par3_0012,qwen,0.25080969633654326,3,5,0.017857142857142856,56,True
D_syn,par3_0013,gemma,0.2402811320018505,3,5,0.017857142857142856,56,True
D_syn,par3_0013,llama,0.1855321178764676,3,5,0.017857142857142856,56,True
D_syn,par3_0013,mistral,0.2291790217360176,3,5,0.017857142857142856,56,True
D_syn,par3_0013,qwen,0.20522413658538377,3,3,0.2,20,True
D_syn,par3_0014,gemma,0.2432233983808977,3,5,0.017857142857142856,56,True
D_syn,par3_0014,llama,0.24506398418981998,3,5,0.017857142857142856,56,True
D_syn,par3_0014,mistral,0.23434507181616965,3,4,0.11428571428571428,35,True
D_syn,par3_0014,qwen,0.18328386266487762,3,5,0.35714285714285715,56,True
D_syn,par3_0015,gemma,0.24918870338790688,4,5,0.007936507936507936,126,True
D_syn,par3_0015,llama,0.2711389985113276,4,5,0.007936507936507936,126,True
D_syn,par3_0015,mistral,0.2691536837519443,4,5,0.007936507936507936,126,True
D_syn,par3_0015,qwen,0.20145861752728145,4,5,0.007936507936507936,126,True
D_syn,par3_0016,gemma,0.34893426147161455,4,5,0.007936507936507936,126,True
D_syn,par3_0016,llama,0.22821118225399617,4,5,0.007936507936507936,126,True
D_syn,par3_0016,mistral,0.2856879916018732,4,5,0.007936507936507936,126,True
D_syn,par3_0016,qwen,0.29774427296992817,4,5,0.007936507936507936,126,True
D_syn,par3_0017,gemma,0.196615578416451,4,5,0.007936507936507936,126,True
D_syn,par3_0017,llama,0.20828390815972003,4,5,0.007936507936507936,126,True
D_syn,par3_0017,mistral,0.19732789815752558,4,5,0.007936507936507936,126,True
D_syn,par3_0017,qwen,0.17846167980128083,4,5,0.007936507936507936,126,True
D_syn,par3_0018,gemma,0.418918840863159,3,5,0.017857142857142856,56,True
D_syn,par3_0018,llama,0.31508189719204005,3,5,0.017857142857142856,56,True
D_syn,par3_0018,mistral,0.2791911421437405,3,5,0.017857142857142856,56,True
D_syn,par3_0018,qwen,0.376119819774275,3,4,0.02857142857142857,35,True
D_syn,par3_0019,gemma,0.3354603328341077,3,5,0.017857142857142856,56,True
D_syn,par3_0019,llama,0.2977739525576116,3,5,0.017857142857142856,56,True
D_syn,par3_0019,mistral,0.30579418432585914,3,5,0.017857142857142856,56,True
D_syn,par3_0020,gemma,0.37927976702453364,4,3,0.02857142857142857,35,True
D_syn,par3_0020,llama,0.3134001005639777,4,5,0.007936507936507936,126,True
D_syn,par3_0020,mistral,0.29008009582819944,4,5,0.007936507936507936,126,True
D_syn,par3_0020,qwen,0.2608443911482762,4,5,0.007936507936507936,126,True
D_syn,par3_0021,gemma,0.3791054271107554,3,5,0.017857142857142856,56,True
D_syn,par3_0021,llama,0.37427510020856203,3,5,0.017857142857142856,56,True
D_syn,par3_0021,mistral,0.446505452746563,3,5,0.017857142857142856,56,True
D_syn,par3_0021,qwen,0.3979377552633044,3,5,0.017857142857142856,56,True
D_syn,par3_0022,gemma,0.4148592087277279,3,3,0.1,20,True
D_syn,par3_0022,llama,0.27055849773437335,3,5,0.017857142857142856,56,True
D_syn,par3_0022,mistral,0.40269861410150726,3,5,0.017857142857142856,56,True
D_syn,par3_0022,qwen,0.33681596943025927,3,3,0.1,20,True
D_syn,par3_0023,gemma,0.2817409649808755,3,5,0.017857142857142856,56,True
D_syn,par3_0023,llama,0.2563119927807786,3,5,0.03571428571428571,56,True
D_syn,par3_0023,mistral,0.30562752916228375,3,4,0.02857142857142857,35,True
D_syn,par3_0023,qwen,0.38418836806841716,3,2,0.2,10,True
D_syn,par3_0024,gemma,0.33078860581819014,3,5,0.017857142857142856,56,True
D_syn,par3_0024,llama,0.3148048559550697,3,5,0.017857142857142856,56,True
D_syn,par3_0024,mistral,0.44270244693828065,3,5,0.017857142857142856,56,True
D_syn,par3_0024,qwen,0.4083891056283001,3,5,0.017857142857142856,56,True
D_syn,par3_0025,gemma,0.4558714029203033,3,4,0.02857142857142857,35,True
D_syn,par3_0025,llama,0.3224739021524541,3,5,0.017857142857142856,56,True
D_syn,par3_0025,mistral,0.4696522604385249,3,3,0.1,20,True
D_syn,par3_0025,qwen,0.40344209456481434,3,4,0.02857142857142857,35,True
D_syn,par3_0026,gemma,0.40656992674431136,4,5,0.007936507936507936,126,True
D_syn,par3_0026,llama,0.3039743930669567,4,5,0.007936507936507936,126,True
D_syn,par3_0026,mistral,0.3864784990238594,4,5,0.007936507936507936,126,True
D_syn,par3_0026,qwen,0.3252959928937541,4,5,0.007936507936507936,126,True
D_syn,par3_0027,gemma,0.3061561852512009,4,5,0.007936507936507936,126,True
D_syn,par3_0027,llama,0.23252095461524844,4,5,0.007936507936507936,126,True
D_syn,par3_0027,mistral,0.253992667574525,4,5,0.007936507936507936,126,True
D_syn,par3_0027,qwen,0.2426996105636382,4,5,0.007936507936507936,126,True
D_syn,par3_0028,gemma,0.2699382530689153,4,5,0.007936507936507936,126,True
D_syn,par3_0028,llama,0.2209113619981277,4,5,0.007936507936507936,126,True
D_syn,par3_0028,mistral,0.27865397559039373,4,5,0.007936507936507936,126,True
D_syn,par3_0028,qwen,0.24063779226660553,4,5,0.007936507936507936,126,True
D_syn,par3_0029,gemma,0.29530282403756314,3,5,0.017857142857142856,56,True
D_syn,par3_0029,llama,0.23348734221128545,3,5,0.017857142857142856,56,True
D_syn,par3_0029,mistral,0.26421030437803256,3,5,0.017857142857142856,56,True
D_syn,par3_0029,qwen,0.23851612706552824,3,5,0.017857142857142856,56,True
D_syn,par3_0030,gemma,0.3146814734864761,4,5,0.007936507936507936,126,True
D_syn,par3_0030,llama,0.36675059698362644,4,5,0.007936507936507936,126,True
D_syn,par3_0030,mistral,0.2781858023700164,4,5,0.007936507936507936,126,True
D_syn,par3_0030,qwen,0.3333706069758289,4,5,0.007936507936507936,126,True
D_syn,par3_0031,gemma,0.19236706792523264,4,5,0.007936507936507936,126,True
D_syn,par3_0031,llama,0.16291978361798554,4,5,0.007936507936507936,126,True
D_syn,par3_0031,mistral,0.1890907330308378,4,5,0.007936507936507936,126,True
D_syn,par3_0031,qwen,0.19799897847083855,4,5,0.007936507936507936,126,True
D_syn,par3_0032,gemma,0.3377911612817653,3,5,0.017857142857142856,56,True
D_syn,par3_0032,llama,0.25996995703027875,3,5,0.03571428571428571,56,True
D_syn,par3_0032,mistral,0.25359805747824,3,5,0.017857142857142856,56,True
D_syn,par3_0032,qwen,0.41916018127934096,3,2,0.1,10,True
D_syn,par3_0033,gemma,0.23487725530840434,3,5,0.017857142857142856,56,True
D_syn,par3_0033,llama,0.23432019296545953,3,5,0.017857142857142856,56,True
D_syn,par3_0033,mistral,0.29890783359003426,3,5,0.017857142857142856,56,True
D_syn,par3_0033,qwen,0.25368958637062744,3,5,0.017857142857142856,56,True
D_syn,par3_0034,gemma,0.18260011216195127,4,5,0.007936507936507936,126,True
D_syn,par3_0034,llama,0.2178739463115076,4,5,0.015873015873015872,126,True
D_syn,par3_0034,mistral,0.19976050953313812,4,5,0.007936507936507936,126,True
D_syn,par3_0034,qwen,0.17541837754414064,4,5,0.03968253968253968,126,True
D_syn,par3_0035,gemma,0.20478825218526914,3,5,0.017857142857142856,56,True
D_syn,par3_0035,llama,0.1697345212865701,3,5,0.017857142857142856,56,True
D_syn,par3_0035,mistral,0.17413249689783156,3,5,0.017857142857142856,56,True
D_syn,par3_0035,qwen,0.1868248495461469,3,5,0.017857142857142856,56,True
D_syn,par3_0036,gemma,0.25576902093798803,3,5,0.017857142857142856,56,True
D_syn,par3_0036,llama,0.15911539564182967,3,5,0.03571428571428571,56,True
D_syn,par3_0036,mistral,0.22879044676436883,3,5,0.017857142857142856,56,True
D_syn,par3_0036,qwen,0.15739136990078392,3,5,0.08928571428571429,56,True
D_syn,par3_0037,gemma,0.2633979851715307,3,5,0.017857142857142856,56,True
D_syn,par3_0037,llama,0.2762585513827534,3,5,0.017857142857142856,56,True
D_syn,par3_0037,mistral,0.38963515432411044,3,4,0.02857142857142857,35,True
D_syn,par3_0037,qwen,0.3172145964584154,3,5,0.017857142857142856,56,True
D_syn,par3_0038,gemma,0.19833094448166175,4,5,0.007936507936507936,126,True
D_syn,par3_0038,llama,0.193421853154429,4,5,0.05555555555555555,126,True
D_syn,par3_0038,mistral,0.17336792579850532,4,5,0.023809523809523808,126,True
D_syn,par3_0038,qwen,0.21361238314773612,4,5,0.007936507936507936,126,True
D_syn,par3_0039,gemma,0.34228284437250067,3,5,0.017857142857142856,56,True
D_syn,par3_0039,llama,0.2733806836423529,3,5,0.017857142857142856,56,True
D_syn,par3_0039,mistral,0.3284126417202423,3,5,0.017857142857142856,56,True
D_syn,par3_0039,qwen,0.2991328977362212,3,5,0.017857142857142856,56,True
D_syn,par3_0040,gemma,0.3211099053681631,4,5,0.007936507936507936,126,True
D_syn,par3_0040,llama,0.1930158663084262,4,5,0.023809523809523808,126,True
D_syn,par3_0040,mistral,0.33560240168344024,4,5,0.007936507936507936,126,True
D_syn,par3_0040,qwen,0.24373737556829644,4,4,0.02857142857142857,70,True
D_syn,par3_0041,gemma,0.2599399874476499,3,5,0.017857142857142856,56,True
D_syn,par3_0041,llama,0.21990648017100758,3,5,0.017857142857142856,56,True
D_syn,par3_0041,mistral,0.35021260590827114,3,5,0.017857142857142856,56,True
D_syn,par3_0041,qwen,0.24964652344665383,3,4,0.02857142857142857,35,True
D_syn,par3_0042,gemma,0.2662379561190695,4,5,0.007936507936507936,126,True
D_syn,par3_0042,llama,0.2406728022359594,4,5,0.007936507936507936,126,True
D_syn,par3_0042,mistral,0.27146804642113953,4,5,0.007936507936507936,126,True
D_syn,par3_0042,qwen,0.227755680722668,4,5,0.007936507936507936,126,True
D_syn,par3_0043,gemma,0.2787469532972221,3,5,0.017857142857142856,56,True
D_syn,par3_0043,llama,0.24856763171057117,3,5,0.017857142857142856,56,True
D_syn,par3_0043,mistral,0.30330976637176243,3,5,0.017857142857142856,56,True
D_syn,par3_0043,qwen,0.3066485815747348,3,4,0.02857142857142857,35,True
D_syn,par3_0044,gemma,0.2369708858331293,4,5,0.007936507936507936,126,True
D_syn,par3_0044,llama,0.18858662956957475,4,5,0.007936507936507936,126,True
D_syn,par3_0044,mistral,0.2615185652893698,4,5,0.007936507936507936,126,True
D_syn,par3_0044,qwen,0.2693704549232807,4,5,0.007936507936507936,126,True
D_syn,par3_0045,gemma,0.3454499041678262,3,5,0.017857142857142856,56,True
D_syn,par3_0045,llama,0.300969962922698,3,5,0.017857142857142856,56,True
D_syn,par3_0045,mistral,0.33726996714254287,3,5,0.017857142857142856,56,True
D_syn,par3_0045,qwen,0.33957064168195367,3,5,0.017857142857142856,56,True
D_syn,par3_0046,gemma,0.35622007952963014,3,2,0.1,10,True
D_syn,par3_0046,llama,0.2115844642419807,3,5,0.017857142857142856,56,True
D_syn,par3_0046,mistral,0.2512055910307107,3,5,0.017857142857142856,56,True
D_syn,par3_0047,gemma,0.2144600648427805,4,5,0.007936507936507936,126,True
D_syn,par3_0047,llama,0.24115062790157232,4,5,0.007936507936507936,126,True
D_syn,par3_0047,mistral,0.1766769153786223,4,5,0.007936507936507936,126,True
D_syn,par3_0047,qwen,0.24905113116873984,4,5,0.007936507936507936,126,True
D_syn,par3_0048,gemma,0.20243607562076038,3,5,0.017857142857142856,56,True
D_syn,par3_0048,llama,0.18066613888753208,3,5,0.03571428571428571,56,True
D_syn,par3_0048,mistral,0.20560709098664864,3,5,0.017857142857142856,56,True
D_syn,par3_0048,qwen,0.19137637647666336,3,5,0.017857142857142856,56,True
D_syn,par3_0049,gemma,0.3321155566325408,4,5,0.007936507936507936,126,True
D_syn,par3_0049,llama,0.2522393251128432,4,5,0.007936507936507936,126,True
D_syn,par3_0049,mistral,0.23369884438765776,4,5,0.007936507936507936,126,True
D_syn,par3_0049,qwen,0.3441629003759625,4,2,0.2,15,True
D_syn,par3_0050,gemma,0.38024116541778075,3,5,0.017857142857142856,56,True
D_syn,par3_0050,llama,0.43582433280508176,3,5,0.017857142857142856,56,True
D_syn,par3_0050,mistral,0.35326337931085483,3,5,0.017857142857142856,56,True
D_syn,par3_0050,qwen,0.34190335832099605,3,5,0.017857142857142856,56,True
D_syn,par3_0051,gemma,0.3066565945004258,4,5,0.007936507936507936,126,True
D_syn,par3_0051,llama,0.18958988247593223,4,5,0.007936507936507936,126,True
D_syn,par3_0051,mistral,0.25870866653652286,4,5,0.007936507936507936,126,True
D_syn,par3_0051,qwen,0.26115966554602194,4,3,0.02857142857142857,35,True
D_syn,par3_0052,gemma,0.3124357043639226,3,4,0.02857142857142857,35,True
D_syn,par3_0052,llama,0.22900848965174211,3,5,0.017857142857142856,56,True
D_syn,par3_0052,mistral,0.2839776564660536,3,5,0.017857142857142856,56,True
D_syn,par3_0052,qwen,0.3275770009657729,3,5,0.017857142857142856,56,True
D_syn,par3_0053,gemma,0.24094184913273392,3,5,0.017857142857142856,56,True
D_syn,par3_0053,llama,0.2117333004728387,3,5,0.017857142857142856,56,True
D_syn,par3_0053,mistral,0.26630592450801144,3,5,0.017857142857142856,56,True
D_syn,par3_0053,qwen,0.18791849781485895,3,5,0.017857142857142856,56,True
D_syn,par3_0054,gemma,0.2560181340995875,3,5,0.017857142857142856,56,True
D_syn,par3_0054,llama,0.1999617597635093,3,5,0.017857142857142856,56,True
D_syn,par3_0054,mistral,0.24138643779332777,3,5,0.017857142857142856,56,True
D_syn,par3_0054,qwen,0.2510011347443183,3,5,0.017857142857142856,56,True
D_syn,par3_0055,gemma,0.3326545662355486,3,3,0.1,20,True
D_syn,par3_0055,llama,0.2567821736986336,3,5,0.017857142857142856,56,True
D_syn,par3_0055,mistral,0.32431456018890753,3,5,0.017857142857142856,56,True
D_syn,par3_0055,qwen,0.2988337582772642,3,4,0.02857142857142857,35,True
D_syn,par3_0056,gemma,0.26549663683018465,3,5,0.017857142857142856,56,True
D_syn,par3_0056,llama,0.281925570152689,3,5,0.017857142857142856,56,True
D_syn,par3_0056,mistral,0.241318350882263,3,5,0.017857142857142856,56,True
D_syn,par3_0056,qwen,0.2538849710727628,3,5,0.017857142857142856,56,True
D_syn,par3_0057,gemma,0.28898387543061527,3,5,0.017857142857142856,56,True
D_syn,par3_0057,llama,0.27333067062308025,3,5,0.017857142857142856,56,True
D_syn,par3_0057,mistral,0.33653987925052364,3,5,0.017857142857142856,56,True
D_syn,par3_0057,qwen,0.2726613824659175,3,5,0.017857142857142856,56,True
D_syn,par3_0058,gemma,0.32401688896338954,3,4,0.02857142857142857,35,True
D_syn,par3_0058,llama,0.23772446330323155,3,5,0.03571428571428571,56,True
D_syn,par3_0058,mistral,0.3068879715486287,3,3,0.1,20,True
D_syn,par3_0058,qwen,0.2696527128654218,3,4,0.11428571428571428,35,True
D_syn,par3_0059,gemma,0.3186944917289914,3,5,0.017857142857142856,56,True
D_syn,par3_0059,llama,0.2745776918391566,3,5,0.017857142857142856,56,True
D_syn,par3_0059,mistral,0.3411322536725361,3,5,0.017857142857142856,56,True
D_syn,par3_0059,qwen,0.25079272651468304,3,5,0.017857142857142856,56,True
D_syn,par3_0060,gemma,0.24462040940096036,4,5,0.007936507936507936,126,True
D_syn,par3_0060,llama,0.23952999308157777,4,5,0.007936507936507936,126,True
D_syn,par3_0060,mistral,0.24530081249546606,4,5,0.007936507936507936,126,True
D_syn,par3_0060,qwen,0.23157493138271418,4,4,0.02857142857142857,70,True
D_syn,par3_0061,gemma,0.2094967951729235,3,5,0.017857142857142856,56,True
D_syn,par3_0061,llama,0.21515041945747382,3,5,0.017857142857142856,56,True
D_syn,par3_0061,mistral,0.22128009747532057,3,5,0.017857142857142856,56,True
D_syn,par3_0061,qwen,0.20630736990428344,3,5,0.017857142857142856,56,True
D_syn,par3_0062,gemma,0.3676312543970814,3,5,0.017857142857142856,56,True
D_syn,par3_0062,llama,0.3413909290950567,3,5,0.017857142857142856,56,True
D_syn,par3_0062,mistral,0.36843919149257137,3,5,0.017857142857142856,56,True
D_syn,par3_0062,qwen,0.37527702969308857,3,4,0.05714285714285714,35,True
D_syn,par3_0063,gemma,0.41530187546624264,3,2,0.1,10,True
D_syn,par3_0063,llama,0.2542562165170147,3,5,0.03571428571428571,56,True
D_syn,par3_0063,mistral,0.32218989931805236,3,5,0.017857142857142856,56,True
D_syn,par3_0063,qwen,0.38767388257202706,3,2,0.1,10,True
D_syn,par3_0064,gemma,0.2969098381551779,3,5,0.017857142857142856,56,True
D_syn,par3_0064,llama,0.2188264217026833,3,5,0.017857142857142856,56,True
D_syn,par3_0064,mistral,0.34073205240897186,3,5,0.017857142857142856,56,True
D_syn,par3_0064,qwen,0.28925478346680245,3,5,0.017857142857142856,56,True
D_syn,par3_0065,gemma,0.33384991399209907,3,4,0.02857142857142857,35,True
D_syn,par3_0065,llama,0.25641634535797386,3,4,0.37142857142857144,35,True
D_syn,par3_0065,mistral,0.35167139906949363,3,3,0.2,20,True
D_syn,par3_0065,qwen,0.39254381696087526,3,4,0.02857142857142857,35,True
D_syn,par3_0066,gemma,0.20373672597458034,3,5,0.017857142857142856,56,True
D_syn,par3_0066,llama,0.19740696246642972,3,5,0.017857142857142856,56,True
D_syn,par3_0066,mistral,0.2645411947960786,3,5,0.017857142857142856,56,True
D_syn,par3_0066,qwen,0.2658238900109947,3,5,0.017857142857142856,56,True
D_syn,par3_0067,gemma,0.3080805676934216,3,5,0.017857142857142856,56,True
D_syn,par3_0067,llama,0.27129095794504654,3,5,0.017857142857142856,56,True
D_syn,par3_0067,mistral,0.36661433294183565,3,5,0.017857142857142856,56,True
D_syn,par3_0067,qwen,0.27393213749876555,3,5,0.017857142857142856,56,True
D_syn,par3_0068,gemma,0.21506256679817415,3,5,0.017857142857142856,56,True
D_syn,par3_0068,llama,0.1726296072182749,3,5,0.05357142857142857,56,True
D_syn,par3_0068,mistral,0.24795863087886405,3,5,0.017857142857142856,56,True
D_syn,par3_0068,qwen,0.17012528545589015,3,5,0.03571428571428571,56,True
D_syn,par3_0069,gemma,0.3873061947106437,3,4,0.02857142857142857,35,True
D_syn,par3_0069,llama,0.3225225554885236,3,5,0.017857142857142856,56,True
D_syn,par3_0069,mistral,0.351811542658772,3,5,0.017857142857142856,56,True
D_syn,par3_0069,qwen,0.3535531749293637,3,5,0.017857142857142856,56,True
D_syn,par3_0070,gemma,0.3340180660059278,3,4,0.02857142857142857,35,True
D_syn,par3_0070,llama,0.31172651177342336,3,5,0.017857142857142856,56,True
D_syn,par3_0070,mistral,0.35926698998905804,3,5,0.017857142857142856,56,True
D_syn,par3_0070,qwen,0.3475023715969075,3,5,0.017857142857142856,56,True
D_syn,par3_0071,gemma,0.27126593193817056,3,5,0.017857142857142856,56,True
D_syn,par3_0071,llama,0.2166124023926206,3,5,0.03571428571428571,56,True
D_syn,par3_0071,mistral,0.2634848579709731,3,5,0.017857142857142856,56,True
D_syn,par3_0071,qwen,0.27341605655611156,3,5,0.017857142857142856,56,True
D_syn,par3_0072,gemma,0.22365836470007838,4,5,0.015873015873015872,126,True
D_syn,par3_0072,llama,0.19154211300358426,4,5,0.031746031746031744,126,True
D_syn,par3_0072,mistral,0.2290325977958847,4,5,0.007936507936507936,126,True
D_syn,par3_0072,qwen,0.2195564407636008,4,4,0.05714285714285714,70,True
D_syn,par3_0073,gemma,0.3067468062131701,3,5,0.017857142857142856,56,True
D_syn,par3_0073,llama,0.2406311010421355,3,5,0.017857142857142856,56,True
D_syn,par3_0073,mistral,0.29242611274659974,3,5,0.017857142857142856,56,True
D_syn,par3_0073,qwen,0.24214643622031906,3,5,0.017857142857142856,56,True
D_syn,par3_0074,gemma,0.24797590098523234,3,5,0.017857142857142856,56,True
D_syn,par3_0074,llama,0.17677867053978708,3,5,0.05357142857142857,56,True
D_syn,par3_0074,mistral,0.2443934548753836,3,5,0.017857142857142856,56,True
D_syn,par3_0074,qwen,0.2095794835839473,3,5,0.017857142857142856,56,True
D_syn,par3_0075,gemma,0.2615649420161068,4,5,0.007936507936507936,126,True
D_syn,par3_0075,llama,0.2218933355960222,4,5,0.007936507936507936,126,True
D_syn,par3_0075,mistral,0.2177192398100396,4,5,0.007936507936507936,126,True
D_syn,par3_0075,qwen,0.280354892473035,4,2,0.26666666666666666,15,True
D_syn,par3_0076,gemma,0.3224758977368529,3,5,0.017857142857142856,56,True
D_syn,par3_0076,llama,0.21434079292066635,3,5,0.03571428571428571,56,True
D_syn,par3_0076,mistral,0.3062154699552255,3,5,0.017857142857142856,56,True
D_syn,par3_0076,qwen,0.2802352396283258,3,5,0.017857142857142856,56,True
D_syn,par3_0077,gemma,0.27707037211610147,4,5,0.007936507936507936,126,True
D_syn,par3_0077,llama,0.2253564422048094,4,5,0.007936507936507936,126,True
D_syn,par3_0077,mistral,0.24605043981141508,4,5,0.007936507936507936,126,True
D_syn,par3_0077,qwen,0.2317546714358146,4,5,0.007936507936507936,126,True
D_syn,par3_0078,gemma,0.2717419133933293,4,5,0.007936507936507936,126,True
D_syn,par3_0078,llama,0.24021051391218493,4,5,0.007936507936507936,126,True
D_syn,par3_0078,mistral,0.2226583114217793,4,5,0.007936507936507936,126,True
D_syn,par3_0078,qwen,0.20012109903365724,4,5,0.015873015873015872,126,True
D_syn,par3_0079,gemma,0.18614449154119886,4,5,0.007936507936507936,126,True
D_syn,par3_0079,llama,0.16960001766750574,4,5,0.007936507936507936,126,True
D_syn,par3_0079,mistral,0.1580803293847468,4,5,0.007936507936507936,126,True
D_syn,par3_0079,qwen,0.17071378194358486,4,5,0.007936507936507936,126,True
D_syn,par3_0080,gemma,0.31184705696700893,4,5,0.007936507936507936,126,True
D_syn,par3_0080,llama,0.27442675422600515,4,5,0.007936507936507936,126,True
D_syn,par3_0080,mistral,0.27819883227003195,4,5,0.007936507936507936,126,True
D_syn,par3_0080,qwen,0.3562093196439162,4,3,0.02857142857142857,35,True
D_syn,par3_0081,gemma,0.33879602811058096,3,5,0.017857142857142856,56,True
D_syn,par3_0081,llama,0.310520827752211,3,5,0.017857142857142856,56,True
D_syn,par3_0081,mistral,0.25725613346157805,3,5,0.017857142857142856,56,True
D_syn,par3_0081,qwen,0.22807487194760978,3,5,0.017857142857142856,56,True
D_syn,par3_0082,gemma,0.1737609016090364,4,5,0.007936507936507936,126,True
D_syn,par3_0082,llama,0.14887914086062284,4,5,0.007936507936507936,126,True
D_syn,par3_0082,mistral,0.16981451038025241,4,5,0.007936507936507936,126,True
D_syn,par3_0082,qwen,0.17215043084182102,4,5,0.007936507936507936,126,True
D_syn,par3_0083,gemma,0.4020915118544519,3,3,0.1,20,True
D_syn,par3_0083,llama,0.2985542775408172,3,4,0.02857142857142857,35,True
D_syn,par3_0083,mistral,0.2785619899701402,3,5,0.017857142857142856,56,True
D_syn,par3_0083,qwen,0.260942543740729,3,5,0.05357142857142857,56,True
D_syn,par3_0084,gemma,0.5377361983224899,3,2,0.1,10,True
D_syn,par3_0084,llama,0.3531825661762038,3,5,0.017857142857142856,56,True
D_syn,par3_0084,mistral,0.38761635283958545,3,5,0.017857142857142856,56,True
D_syn,par3_0085,gemma,0.2558051337110954,3,5,0.017857142857142856,56,True
D_syn,par3_0085,llama,0.23412514884839353,3,5,0.017857142857142856,56,True
D_syn,par3_0085,mistral,0.2695255214291963,3,5,0.017857142857142856,56,True
D_syn,par3_0085,qwen,0.2803330246961424,3,5,0.017857142857142856,56,True
D_syn,par3_0086,gemma,0.22108379101300793,3,5,0.017857142857142856,56,True
D_syn,par3_0086,llama,0.2724881198474511,3,5,0.017857142857142856,56,True
D_syn,par3_0086,mistral,0.2845227228473578,3,5,0.017857142857142856,56,True
D_syn,par3_0086,qwen,0.27156034376261873,3,5,0.017857142857142856,56,True
D_syn,par3_0087,gemma,0.2721289692484211,3,5,0.017857142857142856,56,True
D_syn,par3_0087,llama,0.20939103714665955,3,5,0.03571428571428571,56,True
D_syn,par3_0087,mistral,0.2965700958075593,3,5,0.017857142857142856,56,True
D_syn,par3_0087,qwen,0.31644655809751676,3,5,0.017857142857142856,56,True
D_syn,par3_0088,gemma,0.24734069138045692,3,5,0.017857142857142856,56,True
D_syn,par3_0088,llama,0.18927071759603495,3,5,0.017857142857142856,56,True
D_syn,par3_0088,mistral,0.21639515618093816,3,5,0.017857142857142856,56,True
D_syn,par3_0088,qwen,0.22935117992006798,3,5,0.017857142857142856,56,True
D_syn,par3_0089,gemma,0.3853825606112193,3,5,0.017857142857142856,56,True
D_syn,par3_0089,llama,0.3379986484856528,3,5,0.017857142857142856,56,True
D_syn,par3_0089,mistral,0.3304923090874635,3,5,0.017857142857142856,56,True
D_syn,par3_0089,qwen,0.3444944426588502,3,4,0.05714285714285714,35,True
D_syn,par3_0090,gemma,0.38588782258626625,3,5,0.017857142857142856,56,True
D_syn,par3_0090,llama,0.3213104746284312,3,5,0.017857142857142856,56,True
D_syn,par3_0090,mistral,0.39845836081509156,3,5,0.017857142857142856,56,True
D_syn,par3_0090,qwen,0.3702327971722642,3,5,0.017857142857142856,56,True
D_syn,par3_0091,gemma,0.24110335491718998,3,5,0.017857142857142856,56,True
D_syn,par3_0091,llama,0.18188223953043997,3,5,0.05357142857142857,56,True
D_syn,par3_0091,mistral,0.25348107417135635,3,5,0.017857142857142856,56,True
D_syn,par3_0091,qwen,0.19824020209992071,3,4,0.05714285714285714,35,True
D_syn,par3_0092,gemma,0.36725118036279636,3,3,0.1,20,True
D_syn,par3_0092,llama,0.3130673971120322,3,5,0.017857142857142856,56,True
D_syn,par3_0092,mistral,0.40222690879922324,3,5,0.017857142857142856,56,True
D_syn,par3_0092,qwen,0.3284537515730882,3,4,0.02857142857142857,35,True
D_syn,par3_0093,gemma,0.2279154517128621,3,5,0.017857142857142856,56,True
D_syn,par3_0093,llama,0.1945780554370051,3,5,0.017857142857142856,56,True
D_syn,par3_0093,mistral,0.2005470381875149,3,5,0.05357142857142857,56,True
D_syn,par3_0093,qwen,0.22690367970741726,3,5,0.017857142857142856,56,True
D_syn,par3_0094,gemma,0.27287587906959765,4,4,0.02857142857142857,70,True
D_syn,par3_0094,llama,0.1952090784958303,4,5,0.06349206349206349,126,True
D_syn,par3_0094,mistral,0.27583238256525555,4,5,0.007936507936507936,126,True
D_syn,par3_0095,gemma,0.2837754757795182,4,5,0.007936507936507936,126,True
D_syn,par3_0095,llama,0.21192254432389834,4,5,0.023809523809523808,126,True
D_syn,par3_0095,mistral,0.2764205024078414,4,4,0.02857142857142857,70,True
D_syn,par3_0095,qwen,0.3392259177788881,4,3,0.02857142857142857,35,True
D_syn,par3_0096,gemma,0.1903389219583892,4,5,0.007936507936507936,126,True
D_syn,par3_0096,llama,0.1611396040909684,4,5,0.007936507936507936,126,True
D_syn,par3_0096,mistral,0.1868241568012995,4,5,0.007936507936507936,126,True
D_syn,par3_0096,qwen,0.1929010917339472,4,5,0.007936507936507936,126,True
D_syn,par3_0097,gemma,0.27162572560242537,4,5,0.007936507936507936,126,True
D_syn,par3_0097,llama,0.2312759447410328,4,5,0.007936507936507936,126,True
D_syn,par3_0097,mistral,0.2956030081952862,4,5,0.007936507936507936,126,True
D_syn,par3_0097,qwen,0.23801140876791838,4,4,0.02857142857142857,70,True
D_syn,par3_0098,gemma,0.26315949341452005,3,5,0.017857142857142856,56,True
D_syn,par3_0098,llama,0.2634196697196213,3,5,0.017857142857142856,56,True
D_syn,par3_0098,mistral,0.2671946462707314,3,5,0.017857142857142856,56,True
D_syn,par3_0098,qwen,0.2490855564507668,3,5,0.017857142857142856,56,True
D_syn,par3_0099,llama,0.29180576215614146,3,5,0.017857142857142856,56,True
D_syn,par3_0099,mistral,0.32843853476656826,3,5,0.017857142857142856,56,True
D_syn,par3_0099,qwen,0.3312728779651186,3,4,0.02857142857142857,35,True
D_syn,par3_0100,gemma,0.14476757807998947,4,5,0.007936507936507936,126,True
D_syn,par3_0100,llama,0.18169284605539868,4,5,0.007936507936507936,126,True
D_syn,par3_0100,mistral,0.20097540844058762,4,5,0.007936507936507936,126,True
D_syn,par3_0100,qwen,0.14444434414831778,4,5,0.007936507936507936,126,True
D_syn,par3_0101,gemma,0.3067802154931893,3,5,0.017857142857142856,56,True
D_syn,par3_0101,llama,0.2787606344442429,3,5,0.017857142857142856,56,True
D_syn,par3_0101,mistral,0.3557934218657175,3,4,0.02857142857142857,35,True
D_syn,par3_0102,gemma,0.3175067851115042,4,5,0.007936507936507936,126,True
D_syn,par3_0102,llama,0.2402760736162275,4,5,0.007936507936507936,126,True
D_syn,par3_0102,mistral,0.2632540777178741,4,5,0.007936507936507936,126,True
D_syn,par3_0102,qwen,0.29134283203415945,4,5,0.007936507936507936,126,True
D_syn,par3_0103,gemma,0.17065179693652288,4,5,0.007936507936507936,126,True
D_syn,par3_0103,llama,0.17674326849349536,4,5,0.007936507936507936,126,True
D_syn,par3_0103,mistral,0.2846129858284477,4,5,0.007936507936507936,126,True
D_syn,par3_0103,qwen,0.1908823174340984,4,5,0.007936507936507936,126,True
D_syn,par3_0104,gemma,0.2380440452853908,3,5,0.017857142857142856,56,True
D_syn,par3_0104,llama,0.25684970783720684,3,5,0.017857142857142856,56,True
D_syn,par3_0104,mistral,0.23985782228410193,3,5,0.017857142857142856,56,True
D_syn,par3_0104,qwen,0.2483417780935757,3,5,0.017857142857142856,56,True
D_syn,par3_0105,gemma,0.25850037537105713,4,5,0.015873015873015872,126,True
D_syn,par3_0105,llama,0.20028667635033268,4,5,0.007936507936507936,126,True
D_syn,par3_0105,mistral,0.1945873225083754,4,4,0.02857142857142857,70,True
D_syn,par3_0106,gemma,0.2577106990388057,3,5,0.017857142857142856,56,True
D_syn,par3_0106,llama,0.2502022761596818,3,5,0.017857142857142856,56,True
D_syn,par3_0106,mistral,0.2811226609214845,3,5,0.017857142857142856,56,True
D_syn,par3_0106,qwen,0.2373232480784453,3,5,0.017857142857142856,56,True
D_syn,par3_0107,gemma,0.3392083970210391,3,5,0.017857142857142856,56,True
D_syn,par3_0107,llama,0.2552394826253918,3,5,0.017857142857142856,56,True
D_syn,par3_0107,mistral,0.2958810859689881,3,5,0.017857142857142856,56,True
D_syn,par3_0108,gemma,0.2570841648310061,4,4,0.02857142857142857,70,True
D_syn,par3_0108,llama,0.21083643684648407,4,5,0.023809523809523808,126,True
D_syn,par3_0108,mistral,0.2737199189267026,4,5,0.015873015873015872,126,True
D_syn,par3_0108,qwen,0.33246863570368873,4,4,0.02857142857142857,70,True
D_syn,par3_0109,gemma,0.30795018869404533,3,5,0.017857142857142856,56,True
D_syn,par3_0109,llama,0.23878307262120305,3,5,0.017857142857142856,56,True
D_syn,par3_0109,mistral,0.3184615472661727,3,5,0.017857142857142856,56,True
D_syn,par3_0109,qwen,0.21196893233908864,3,4,0.05714285714285714,35,True
D_syn,par3_0110,gemma,0.20846583735763835,4,5,0.007936507936507936,126,True
D_syn,par3_0110,llama,0.2110765210479049,4,5,0.007936507936507936,126,True
D_syn,par3_0110,mistral,0.25850391959901686,4,5,0.007936507936507936,126,True
D_syn,par3_0110,qwen,0.22506960025773906,4,5,0.007936507936507936,126,True
D_syn,par3_0111,gemma,0.21907923054221376,3,5,0.017857142857142856,56,True
D_syn,par3_0111,llama,0.1853144920619958,3,5,0.017857142857142856,56,True
D_syn,par3_0111,mistral,0.22080720712331015,3,5,0.017857142857142856,56,True
D_syn,par3_0111,qwen,0.1766385720741271,3,5,0.017857142857142856,56,True
D_syn,par3_0112,gemma,0.23975271791576186,3,5,0.03571428571428571,56,True
D_syn,par3_0112,llama,0.2717718170859988,3,5,0.017857142857142856,56,True
D_syn,par3_0112,mistral,0.3205554759148073,3,5,0.017857142857142856,56,True
D_syn,par3_0112,qwen,0.25323951669676953,3,5,0.017857142857142856,56,True
D_syn,par3_0113,gemma,0.27153404508251106,3,5,0.017857142857142856,56,True
D_syn,par3_0113,llama,0.23140848947888498,3,5,0.017857142857142856,56,True
D_syn,par3_0113,mistral,0.3534163193823545,3,5,0.017857142857142856,56,True
D_syn,par3_0113,qwen,0.30060443676143345,3,5,0.017857142857142856,56,True
D_syn,par3_0114,gemma,0.346332564840516,3,5,0.017857142857142856,56,True
D_syn,par3_0114,llama,0.32376299413234755,3,5,0.017857142857142856,56,True
D_syn,par3_0114,mistral,0.379841077834148,3,5,0.017857142857142856,56,True
D_syn,par3_0114,qwen,0.3531117666350271,3,5,0.017857142857142856,56,True
D_syn,par3_0115,gemma,0.2903652881991681,3,5,0.017857142857142856,56,True
D_syn,par3_0115,llama,0.2920904452336658,3,5,0.017857142857142856,56,True
D_syn,par3_0115,mistral,0.3348122075879797,3,5,0.017857142857142856,56,True
D_syn,par3_0115,qwen,0.31222270010061437,3,5,0.017857142857142856,56,True
D_syn,par3_0116,gemma,0.284046692486252,3,5,0.017857142857142856,56,True
D_syn,par3_0116,llama,0.24101887731936028,3,5,0.017857142857142856,56,True
D_syn,par3_0116,mistral,0.30749290069889823,3,5,0.017857142857142856,56,True
D_syn,par3_0116,qwen,0.2506941741188506,3,5,0.017857142857142856,56,True
D_syn,par3_0117,gemma,0.22002875373325131,3,5,0.017857142857142856,56,True
D_syn,par3_0117,llama,0.23965632242807716,3,5,0.017857142857142856,56,True
D_syn,par3_0117,mistral,0.20230318375399473,3,5,0.017857142857142856,56,True
D_syn,par3_0117,qwen,0.293490143989048,3,5,0.017857142857142856,56,True
D_syn,par3_0118,gemma,0.35814738556564574,3,3,0.1,20,True
D_syn,par3_0118,llama,0.31317514482103764,3,5,0.017857142857142856,56,True
D_syn,par3_0118,mistral,0.3446903610812647,3,5,0.017857142857142856,56,True
D_syn,par3_0118,qwen,0.2258501123620003,3,4,0.17142857142857143,35,True
D_syn,par3_0119,gemma,0.1937942941075798,4,5,0.007936507936507936,126,True
D_syn,par3_0119,llama,0.15925518178737325,4,5,0.007936507936507936,126,True
D_syn,par3_0119,mistral,0.1793215094189505,4,5,0.007936507936507936,126,True
D_syn,par3_0119,qwen,0.17567166329926637,4,5,0.007936507936507936,126,True
D_syn,par3_0120,gemma,0.3716064819542937,3,5,0.017857142857142856,56,True
D_syn,par3_0120,llama,0.3436105350434022,3,5,0.017857142857142856,56,True
D_syn,par3_0120,mistral,0.41403742930471654,3,5,0.017857142857142856,56,True
D_syn,par3_0120,qwen,0.3441395639439612,3,5,0.017857142857142856,56,True
D_syn,par3_0121,gemma,0.12517738004007034,4,5,0.007936507936507936,126,True
D_syn,par3_0121,llama,0.12729311939404642,4,5,0.007936507936507936,126,True
D_syn,par3_0121,mistral,0.17150308020355864,4,5,0.007936507936507936,126,True
D_syn,par3_0121,qwen,0.1093787784335806,4,5,0.031746031746031744,126,True
D_syn,par3_0122,gemma,0.171772232283209,3,5,0.017857142857142856,56,True
D_syn,par3_0122,llama,0.14394944883031952,3,5,0.017857142857142856,56,True
D_syn,par3_0122,mistral,0.2043191659765362,3,5,0.017857142857142856,56,True
D_syn,par3_0122,qwen,0.14850692416178599,3,5,0.03571428571428571,56,True
D_syn,par3_0123,gemma,0.31135870907588914,3,5,0.017857142857142856,56,True
D_syn,par3_0123,llama,0.28361296877852205,3,5,0.017857142857142856,56,True
D_syn,par3_0123,mistral,0.26201994796093986,3,5,0.017857142857142856,56,True
D_syn,par3_0123,qwen,0.24171830500275485,3,5,0.017857142857142856,56,True
D_syn,par3_0124,gemma,0.1811095859784102,4,5,0.007936507936507936,126,True
D_syn,par3_0124,llama,0.18449348713712901,4,5,0.007936507936507936,126,True
D_syn,par3_0124,mistral,0.21798298241494013,4,5,0.007936507936507936,126,True
D_syn,par3_0124,qwen,0.1861068570042986,4,5,0.015873015873015872,126,True
D_syn,par3_0125,gemma,0.2856664452241472,3,5,0.017857142857142856,56,True
D_syn,par3_0125,llama,0.22084718699719952,3,5,0.125,56,True
D_syn,par3_0125,mistral,0.25146687734322,3,5,0.017857142857142856,56,True
D_syn,par3_0126,gemma,0.3341345723241702,3,5,0.017857142857142856,56,True
D_syn,par3_0126,llama,0.25481715237724234,3,3,0.2,20,True
D_syn,par3_0126,mistral,0.28142278912670243,3,5,0.017857142857142856,56,True
D_syn,par3_0126,qwen,0.2765998383411419,3,5,0.017857142857142856,56,True
D_syn,par3_0127,gemma,0.35367955270952706,3,5,0.017857142857142856,56,True
D_syn,par3_0127,llama,0.26068940595807377,3,5,0.017857142857142856,56,True
D_syn,par3_0127,mistral,0.2733020131254522,3,5,0.017857142857142856,56,True
D_syn,par3_0127,qwen,0.26027493983351824,3,5,0.017857142857142856,56,True
D_syn,par3_0128,gemma,0.30156754415458736,3,5,0.017857142857142856,56,True
D_syn,par3_0128,llama,0.28306885648093544,3,5,0.017857142857142856,56,True
D_syn,par3_0128,mistral,0.33311594743226874,3,5,0.017857142857142856,56,True
D_syn,par3_0128,qwen,0.31121681088551967,3,5,0.017857142857142856,56,True
D_syn,par3_0129,gemma,0.19027402756470954,4,5,0.03968253968253968,126,True
D_syn,par3_0129,llama,0.20177738455243807,4,5,0.007936507936507936,126,True
D_syn,par3_0129,mistral,0.29835107208437944,4,5,0.007936507936507936,126,True
D_syn,par3_0129,qwen,0.17474866150988907,4,5,0.031746031746031744,126,True
D_syn,par3_0130,gemma,0.2547407576779317,3,5,0.017857142857142856,56,True
D_syn,par3_0130,llama,0.2284602476475271,3,5,0.017857142857142856,56,True
D_syn,par3_0130,mistral,0.3016757793883186,3,5,0.017857142857142856,56,True
D_syn,par3_0130,qwen,0.2632116292293515,3,5,0.017857142857142856,56,True
D_syn,par3_0131,gemma,0.6163473111106869,3,5,0.017857142857142856,56,True
D_syn,par3_0131,llama,0.5580924108255413,3,5,0.017857142857142856,56,True
D_syn,par3_0131,mistral,0.5555577961472717,3,5,0.017857142857142856,56,True
D_syn,par3_0131,qwen,0.6323373058812892,3,5,0.017857142857142856,56,True
D_syn,par3_0132,gemma,0.2655253144175974,5,5,0.007936507936507936,252,True
D_syn,par3_0132,llama,0.2713873166247731,5,5,0.015873015873015872,252,True
D_syn,par3_0132,mistral,0.5005079241297734,5,2,0.047619047619047616,21,True
D_syn,par3_0132,qwen,0.3341294395536649,5,5,0.007936507936507936,252,True
D_syn,par3_0133,gemma,0.2985031271053902,3,5,0.017857142857142856,56,True
D_syn,par3_0133,llama,0.21995117171027112,3,5,0.14285714285714285,56,True
D_syn,par3_0133,mistral,0.2673906701349933,3,5,0.03571428571428571,56,True
D_syn,par3_0133,qwen,0.28138845224666625,3,5,0.017857142857142856,56,True
D_syn,par3_0134,gemma,0.3079689456018024,3,4,0.02857142857142857,35,True
D_syn,par3_0134,llama,0.28868965627142446,3,4,0.02857142857142857,35,True
D_syn,par3_0134,mistral,0.3146459712765879,3,5,0.017857142857142856,56,True
D_syn,par3_0135,gemma,0.19057318442164634,4,5,0.007936507936507936,126,True
D_syn,par3_0135,llama,0.13561052914183205,4,5,0.1349206349206349,126,True
D_syn,par3_0135,mistral,0.2520892912496915,4,4,0.02857142857142857,70,True
D_syn,par3_0135,qwen,0.1457307817778869,4,5,0.047619047619047616,126,True
D_syn,par3_0136,gemma,0.31819688476348795,3,5,0.017857142857142856,56,True
D_syn,par3_0136,llama,0.31361073001369555,3,5,0.017857142857142856,56,True
D_syn,par3_0136,mistral,0.3040869314641175,3,5,0.03571428571428571,56,True
D_syn,par3_0136,qwen,0.3327852914451335,3,4,0.02857142857142857,35,True
D_syn,par3_0137,gemma,0.270408024701598,4,5,0.007936507936507936,126,True
D_syn,par3_0137,llama,0.20184442141586395,4,5,0.031746031746031744,126,True
D_syn,par3_0137,mistral,0.23579850847987122,4,5,0.007936507936507936,126,True
D_syn,par3_0137,qwen,0.27945072512562263,4,3,0.05714285714285714,35,True
D_syn,par3_0138,gemma,0.24660682681283308,4,5,0.007936507936507936,126,True
D_syn,par3_0138,llama,0.21288148603645252,4,5,0.007936507936507936,126,True
D_syn,par3_0138,mistral,0.263394581417949,4,5,0.007936507936507936,126,True
D_syn,par3_0138,qwen,0.304729273215428,4,3,0.02857142857142857,35,True
D_syn,par3_0139,gemma,0.2306710246552888,3,5,0.017857142857142856,56,True
D_syn,par3_0139,llama,0.15742495375020427,3,5,0.017857142857142856,56,True
D_syn,par3_0139,mistral,0.2302483376451671,3,4,0.02857142857142857,35,True
D_syn,par3_0139,qwen,0.1627301804105565,3,5,0.14285714285714285,56,True
D_syn,par3_0140,gemma,0.202016393351424,3,5,0.017857142857142856,56,True
D_syn,par3_0140,llama,0.23607250717666176,3,5,0.017857142857142856,56,True
D_syn,par3_0140,mistral,0.142884035771553,3,5,0.08928571428571429,56,True
D_syn,par3_0140,qwen,0.18531559383303084,3,5,0.017857142857142856,56,True
D_syn,par3_0141,gemma,0.432485039298088,3,2,0.1,10,True
D_syn,par3_0141,llama,0.29241369991471033,3,5,0.017857142857142856,56,True
D_syn,par3_0141,mistral,0.330966826099617,3,5,0.017857142857142856,56,True
D_syn,par3_0141,qwen,0.3392013548918247,3,4,0.02857142857142857,35,True
D_syn,par3_0142,gemma,0.21047889943873616,3,5,0.017857142857142856,56,True
D_syn,par3_0142,llama,0.22107790293549298,3,5,0.017857142857142856,56,True
D_syn,par3_0142,mistral,0.2648595549326642,3,5,0.017857142857142856,56,True
D_syn,par3_0142,qwen,0.23067960926972222,3,5,0.017857142857142856,56,True
D_syn,par3_0143,gemma,0.3046514190539269,3,5,0.017857142857142856,56,True
D_syn,par3_0143,llama,0.20342032158218284,3,5,0.017857142857142856,56,True
D_syn,par3_0143,mistral,0.237462681785034,3,5,0.017857142857142856,56,True
D_syn,par3_0143,qwen,0.2532823241202685,3,5,0.017857142857142856,56,True
D_syn,par3_0144,gemma,0.19392032680293061,3,5,0.017857142857142856,56,True
D_syn,par3_0144,llama,0.1843287384944583,3,4,0.05714285714285714,35,True
D_syn,par3_0144,mistral,0.18768812295433654,3,5,0.03571428571428571,56,True
D_syn,par3_0144,qwen,0.19693020086000182,3,5,0.017857142857142856,56,True
D_syn,par3_0145,gemma,0.2880922134282218,4,4,0.02857142857142857,70,True
D_syn,par3_0145,llama,0.17928438611995012,4,5,0.1111111111111111,126,True
D_syn,par3_0145,mistral,0.21997626834282308,4,5,0.007936507936507936,126,True
D_syn,par3_0145,qwen,0.2594445760849941,4,3,0.05714285714285714,35,True
D_syn,par3_0146,gemma,0.2858444506628146,3,5,0.017857142857142856,56,True
D_syn,par3_0146,llama,0.27038977081648774,3,5,0.017857142857142856,56,True
D_syn,par3_0146,mistral,0.33835147149199263,3,5,0.017857142857142856,56,True
D_syn,par3_0146,qwen,0.25847138045429185,3,5,0.017857142857142856,56,True
D_syn,par3_0147,gemma,0.3210119930125754,4,5,0.007936507936507936,126,True
D_syn,par3_0147,llama,0.25172632663888234,4,5,0.007936507936507936,126,True
D_syn,par3_0147,mistral,0.2794055141978,4,5,0.007936507936507936,126,True
D_syn,par3_0147,qwen,0.29188176304127944,4,4,0.02857142857142857,70,True
D_syn,par3_0148,gemma,0.2683432702586612,3,5,0.03571428571428571,56,True
D_syn,par3_0148,llama,0.2744314133466866,3,5,0.017857142857142856,56,True
D_syn,par3_0148,mistral,0.3499246239019811,3,5,0.017857142857142856,56,True
D_syn,par3_0148,qwen,0.2712688288084929,3,5,0.03571428571428571,56,True
D_syn,par3_0149,gemma,0.20159694041224854,3,5,0.03571428571428571,56,True
D_syn,par3_0149,llama,0.18364670750621795,3,5,0.03571428571428571,56,True
D_syn,par3_0149,mistral,0.22670378948090558,3,5,0.017857142857142856,56,True
D_syn,par3_0149,qwen,0.2119470822557184,3,5,0.017857142857142856,56,True
D_syn,par3_0150,gemma,0.2688804540323979,3,5,0.017857142857142856,56,True
D_syn,par3_0150,llama,0.22446172095042224,3,5,0.017857142857142856,56,True
D_syn,par3_0150,mistral,0.2853363573275769,3,5,0.017857142857142856,56,True
D_syn,par3_0150,qwen,0.23168235904939954,3,5,0.017857142857142856,56,True
D_syn,par3_0151,gemma,0.27832746800456576,4,5,0.007936507936507936,126,True
D_syn,par3_0151,llama,0.19914180674834359,4,4,0.02857142857142857,70,True
D_syn,par3_0151,mistral,0.2316536420992398,4,5,0.007936507936507936,126,True
D_syn,par3_0152,gemma,0.2576696657198275,4,5,0.007936507936507936,126,True
D_syn,par3_0152,llama,0.19321842359022823,4,5,0.14285714285714285,126,True
D_syn,par3_0152,mistral,0.2462516576658113,4,4,0.05714285714285714,70,True
D_syn,par3_0153,gemma,0.35385453867329564,3,5,0.017857142857142856,56,True
D_syn,par3_0153,llama,0.3097452128713556,3,5,0.017857142857142856,56,True
D_syn,par3_0153,mistral,0.29838620719278974,3,5,0.017857142857142856,56,True
D_syn,par3_0154,gemma,0.226327656634185,4,5,0.007936507936507936,126,True
D_syn,par3_0154,llama,0.20148631536450332,4,5,0.007936507936507936,126,True
D_syn,par3_0154,mistral,0.2696915202546973,4,5,0.007936507936507936,126,True
D_syn,par3_0154,qwen,0.2573258162902509,4,2,0.06666666666666667,15,True
D_syn,par3_0155,gemma,0.23954794274374142,4,5,0.007936507936507936,126,True
D_syn,par3_0155,llama,0.19137314725410148,4,5,0.007936507936507936,126,True
D_syn,par3_0155,mistral,0.2564824989911494,4,5,0.007936507936507936,126,True
D_syn,par3_0155,qwen,0.1740513307820234,4,5,0.023809523809523808,126,True
D_syn,par3_0156,gemma,0.24776911035953827,3,5,0.017857142857142856,56,True
D_syn,par3_0156,llama,0.25776697022824935,3,5,0.017857142857142856,56,True
D_syn,par3_0156,mistral,0.3197804271111419,3,5,0.017857142857142856,56,True
D_syn,par3_0156,qwen,0.2920265551828809,3,5,0.017857142857142856,56,True
D_syn,par3_0157,gemma,0.23370103607063897,3,3,0.1,20,True
D_syn,par3_0157,llama,0.18692669571006396,3,5,0.03571428571428571,56,True
D_syn,par3_0157,mistral,0.1935857434456014,3,5,0.017857142857142856,56,True
D_syn,par3_0157,qwen,0.22440408541692203,3,4,0.02857142857142857,35,True
D_syn,par3_0158,gemma,0.3280406351819101,3,5,0.017857142857142856,56,True
D_syn,par3_0158,llama,0.28548946171860634,3,5,0.017857142857142856,56,True
D_syn,par3_0158,mistral,0.3035661598844156,3,5,0.017857142857142856,56,True
D_syn,par3_0159,gemma,0.18844447186668212,4,5,0.007936507936507936,126,True
D_syn,par3_0159,llama,0.2482540274446456,4,5,0.007936507936507936,126,True
D_syn,par3_0159,mistral,0.2634583680066188,4,4,0.02857142857142857,70,True
D_syn,par3_0159,qwen,0.19303098270061492,4,5,0.007936507936507936,126,True
D_syn,par3_0160,gemma,0.15912436162540472,4,5,0.007936507936507936,126,True
D_syn,par3_0160,llama,0.1417965124299623,4,5,0.015873015873015872,126,True
D_syn,par3_0160,mistral,0.17536353869564256,4,5,0.007936507936507936,126,True
D_syn,par3_0160,qwen,0.12895842847354483,4,5,0.007936507936507936,126,True
D_syn,par3_0161,gemma,0.22967364783660682,4,5,0.007936507936507936,126,True
D_syn,par3_0161,llama,0.18023278715565974,4,5,0.007936507936507936,126,True
D_syn,par3_0161,mistral,0.2349116306442109,4,5,0.007936507936507936,126,True
D_syn,par3_0161,qwen,0.15952746146667304,4,5,0.007936507936507936,126,True
D_syn,par3_0162,gemma,0.18795256509498137,3,5,0.017857142857142856,56,True
D_syn,par3_0162,llama,0.19062712090676096,3,5,0.017857142857142856,56,True
D_syn,par3_0162,mistral,0.2238917452589743,3,5,0.017857142857142856,56,True
D_syn,par3_0162,qwen,0.20777235879478972,3,5,0.017857142857142856,56,True
D_syn,par3_0163,gemma,0.3446797619566493,3,5,0.017857142857142856,56,True
D_syn,par3_0163,llama,0.28815319690905294,3,5,0.017857142857142856,56,True
D_syn,par3_0163,mistral,0.33879857810669334,3,5,0.017857142857142856,56,True
D_syn,par3_0163,qwen,0.2811587033519993,3,5,0.017857142857142856,56,True
D_syn,par3_0164,gemma,0.2319133155544157,4,5,0.007936507936507936,126,True
D_syn,par3_0164,llama,0.19010199480908851,4,5,0.007936507936507936,126,True
D_syn,par3_0164,mistral,0.27343887000316575,4,5,0.007936507936507936,126,True
D_syn,par3_0164,qwen,0.23246891794700578,4,5,0.007936507936507936,126,True
D_syn,par3_0165,llama,0.21882704248808799,3,5,0.03571428571428571,56,True
D_syn,par3_0165,mistral,0.2451501982204148,3,5,0.07142857142857142,56,True
D_syn,par3_0166,llama,0.24303043987186318,4,5,0.007936507936507936,126,True
D_syn,par3_0166,mistral,0.23729967837290633,4,4,0.05714285714285714,70,True
D_syn,par3_0166,qwen,0.32153502103463966,4,4,0.02857142857142857,70,True
D_syn,par3_0167,gemma,0.1658239794954066,4,5,0.007936507936507936,126,True
D_syn,par3_0167,llama,0.1533129727361335,4,4,0.02857142857142857,70,True
D_syn,par3_0167,mistral,0.19728690902866103,4,4,0.02857142857142857,70,True
D_syn,par3_0167,qwen,0.16067352456156636,4,5,0.007936507936507936,126,True
D_syn,par3_0168,gemma,0.18726369357042016,4,5,0.007936507936507936,126,True
D_syn,par3_0168,llama,0.16257067877007728,4,5,0.015873015873015872,126,True
D_syn,par3_0168,mistral,0.22638224708793409,4,5,0.007936507936507936,126,True
D_syn,par3_0168,qwen,0.17075813623884925,4,5,0.007936507936507936,126,True
D_syn,par3_0169,gemma,0.32239634113435867,3,5,0.017857142857142856,56,True
D_syn,par3_0169,llama,0.26717554644713004,3,5,0.017857142857142856,56,True
D_syn,par3_0169,mistral,0.29297299525186044,3,5,0.017857142857142856,56,True
D_syn,par3_0169,qwen,0.25902093329668535,3,4,0.2571428571428571,35,True
D_syn,par3_0170,gemma,0.2767661837098347,3,5,0.017857142857142856,56,True
D_syn,par3_0170,llama,0.22603082315527523,3,5,0.017857142857142856,56,True
D_syn,par3_0170,mistral,0.3196583889021963,3,5,0.017857142857142856,56,True
D_syn,par3_0170,qwen,0.2646296088932213,3,5,0.017857142857142856,56,True
D_syn,par3_0171,gemma,0.22626075454490113,3,5,0.03571428571428571,56,True
D_syn,par3_0171,llama,0.25125096060162516,3,5,0.017857142857142856,56,True
D_syn,par3_0171,mistral,0.29284930868350945,3,5,0.017857142857142856,56,True
D_syn,par3_0171,qwen,0.23389142295246287,3,5,0.017857142857142856,56,True
D_syn,par3_0172,gemma,0.18707681814126814,3,5,0.017857142857142856,56,True
D_syn,par3_0172,llama,0.1955877912927182,3,5,0.017857142857142856,56,True
D_syn,par3_0172,mistral,0.22360929555527118,3,5,0.017857142857142856,56,True
D_syn,par3_0172,qwen,0.1898478503884584,3,5,0.017857142857142856,56,True
D_syn,par3_0173,gemma,0.3679148924970157,3,5,0.017857142857142856,56,True
D_syn,par3_0173,llama,0.30477813486502925,3,5,0.017857142857142856,56,True
D_syn,par3_0173,mistral,0.336959954032343,3,4,0.02857142857142857,35,True
D_syn,par3_0174,gemma,0.2784323263472357,4,5,0.007936507936507936,126,True
D_syn,par3_0174,llama,0.2221218170529907,4,5,0.007936507936507936,126,True
D_syn,par3_0174,mistral,0.2171991133282705,4,5,0.007936507936507936,126,True
D_syn,par3_0174,qwen,0.1866719962565981,4,5,0.007936507936507936,126,True
D_syn,par3_0175,gemma,0.2600993001478166,3,5,0.03571428571428571,56,True
D_syn,par3_0175,llama,0.28049811215345094,3,4,0.05714285714285714,35,True
D_syn,par3_0175,mistral,0.30976621987339703,3,5,0.017857142857142856,56,True
D_syn,par3_0176,gemma,0.2925288308478112,4,5,0.007936507936507936,126,True
D_syn,par3_0176,llama,0.2018907670358064,4,5,0.007936507936507936,126,True
D_syn,par3_0176,mistral,0.2738694430919475,4,5,0.007936507936507936,126,True
D_syn,par3_0176,qwen,0.2166260087147791,4,5,0.007936507936507936,126,True
D_syn,par3_0177,gemma,0.26698853465315936,3,5,0.017857142857142856,56,True
D_syn,par3_0177,llama,0.2835702798401946,3,5,0.03571428571428571,56,True
D_syn,par3_0177,mistral,0.2471652026185317,3,4,0.22857142857142856,35,True
D_syn,par3_0177,qwen,0.2466529600850081,3,5,0.07142857142857142,56,True
D_syn,par3_0178,gemma,0.2820960470703886,4,5,0.007936507936507936,126,True
D_syn,par3_0178,llama,0.22218418988257302,4,5,0.007936507936507936,126,True
D_syn,par3_0178,mistral,0.2715422627155244,4,5,0.007936507936507936,126,True
D_syn,par3_0178,qwen,0.22959077984050874,4,5,0.007936507936507936,126,True
D_syn,par3_0179,gemma,0.2816509948032368,3,3,0.6,20,True
D_syn,par3_0179,llama,0.2490118051037794,3,5,0.05357142857142857,56,True
D_syn,par3_0179,mistral,0.30640865017955393,3,5,0.017857142857142856,56,True
D_syn,par3_0179,qwen,0.3738256800446208,3,2,0.3,10,True
D_syn,par3_0180,gemma,0.32108486104946315,3,5,0.017857142857142856,56,True
D_syn,par3_0180,llama,0.3183114538248895,3,5,0.017857142857142856,56,True
D_syn,par3_0180,mistral,0.3269531856423514,3,5,0.017857142857142856,56,True
D_syn,par3_0180,qwen,0.5495189793182451,3,5,0.017857142857142856,56,True
D_syn,par3_0181,gemma,0.20354290945919468,3,5,0.017857142857142856,56,True
D_syn,par3_0181,llama,0.18883638824586144,3,5,0.017857142857142856,56,True
D_syn,par3_0181,mistral,0.20206490180826647,3,5,0.017857142857142856,56,True
D_syn,par3_0181,qwen,0.1864215250594952,3,5,0.017857142857142856,56,True
D_syn,par3_0182,gemma,0.28682910778293,3,5,0.017857142857142856,56,True
D_syn,par3_0182,llama,0.2510103677475335,3,5,0.017857142857142856,56,True
D_syn,par3_0182,mistral,0.2604826613475041,3,5,0.017857142857142856,56,True
D_syn,par3_0182,qwen,0.2070369793841192,3,5,0.017857142857142856,56,True
D_syn,par3_0183,gemma,0.23788277725645013,4,5,0.007936507936507936,126,True
D_syn,par3_0183,llama,0.2377283501427188,4,5,0.007936507936507936,126,True
D_syn,par3_0183,mistral,0.24532239404339745,4,5,0.007936507936507936,126,True
D_syn,par3_0183,qwen,0.27197977049443167,4,3,0.08571428571428572,35,True
D_syn,par3_0184,gemma,0.2456761458157401,4,5,0.007936507936507936,126,True
D_syn,par3_0184,llama,0.18827463261158758,4,5,0.047619047619047616,126,True
D_syn,par3_0184,mistral,0.1909605312785902,4,5,0.023809523809523808,126,True
D_syn,par3_0184,qwen,0.23749683415301143,4,5,0.007936507936507936,126,True
D_syn,par3_0185,gemma,0.3614158155681998,3,2,0.1,10,True
D_syn,par3_0185,llama,0.31906439503294776,3,5,0.017857142857142856,56,True
D_syn,par3_0185,mistral,0.3115801744000007,3,5,0.017857142857142856,56,True
D_syn,par3_0185,qwen,0.3437785345144959,3,5,0.017857142857142856,56,True
D_syn,par3_0186,gemma,0.37881687145183895,3,3,0.1,20,True
D_syn,par3_0186,llama,0.2884175859729723,3,5,0.017857142857142856,56,True
D_syn,par3_0186,mistral,0.3265064746349854,3,5,0.017857142857142856,56,True
D_syn,par3_0186,qwen,0.2565059588798499,3,4,0.05714285714285714,35,True
D_syn,par3_0187,gemma,0.30138809439806147,3,5,0.017857142857142856,56,True
D_syn,par3_0187,llama,0.2453203166861728,3,5,0.017857142857142856,56,True
D_syn,par3_0187,mistral,0.3243525758642674,3,5,0.017857142857142856,56,True
D_syn,par3_0187,qwen,0.26332148011865486,3,5,0.017857142857142856,56,True
D_syn,par3_0188,gemma,0.21090908505010095,4,5,0.007936507936507936,126,True
D_syn,par3_0188,llama,0.16627674846934146,4,5,0.06349206349206349,126,True
D_syn,par3_0188,mistral,0.21736314032293982,4,5,0.007936507936507936,126,True
D_syn,par3_0188,qwen,0.15939643933437503,4,3,0.8,35,True
D_syn,par3_0189,gemma,0.3419038858411065,3,2,0.2,10,True
D_syn,par3_0189,llama,0.24274542247152928,3,5,0.017857142857142856,56,True
D_syn,par3_0189,mistral,0.2458448908788252,3,5,0.017857142857142856,56,True
D_syn,par3_0189,qwen,0.3422857683611503,3,3,0.1,20,True
D_syn,par3_0190,gemma,0.3342392924556294,3,5,0.017857142857142856,56,True
D_syn,par3_0190,llama,0.28883886612807325,3,5,0.017857142857142856,56,True
D_syn,par3_0190,mistral,0.2991565058757326,3,5,0.07142857142857142,56,True
D_syn,par3_0191,gemma,0.2932788251642208,3,5,0.017857142857142856,56,True
D_syn,par3_0191,llama,0.2665853140497466,3,5,0.03571428571428571,56,True
D_syn,par3_0191,mistral,0.374478807955487,3,4,0.02857142857142857,35,True
D_syn,par3_0191,qwen,0.2551373976719161,3,4,0.11428571428571428,35,True
D_syn,par3_0192,gemma,0.18383562258830652,4,5,0.007936507936507936,126,True
D_syn,par3_0192,llama,0.15621954437083196,4,5,0.007936507936507936,126,True
D_syn,par3_0192,mistral,0.1860004245313491,4,5,0.007936507936507936,126,True
D_syn,par3_0192,qwen,0.18118921521932485,4,5,0.015873015873015872,126,True
D_syn,par3_0193,gemma,0.3765296094276719,3,5,0.017857142857142856,56,True
D_syn,par3_0193,llama,0.31248609349892525,3,5,0.017857142857142856,56,True
D_syn,par3_0193,mistral,0.33000897967128473,3,5,0.017857142857142856,56,True
D_syn,par3_0193,qwen,0.37981756227844427,3,3,0.1,20,True
D_syn,par3_0194,gemma,0.24265441685250994,4,5,0.007936507936507936,126,True
D_syn,par3_0194,llama,0.18284586673005776,4,5,0.007936507936507936,126,True
D_syn,par3_0194,mistral,0.23681876705611818,4,5,0.007936507936507936,126,True
D_syn,par3_0194,qwen,0.19410934314142428,4,5,0.007936507936507936,126,True
D_syn,par3_0195,gemma,0.30624776276699284,3,5,0.017857142857142856,56,True
D_syn,par3_0195,llama,0.2600675317369925,3,5,0.017857142857142856,56,True
D_syn,par3_0195,mistral,0.3018122675210527,3,4,0.02857142857142857,35,True
D_syn,par3_0195,qwen,0.28914427640498597,3,4,0.02857142857142857,35,True
D_syn,par3_0196,llama,0.1825498079244064,4,5,0.047619047619047616,126,True
D_syn,par3_0196,mistral,0.27767383842702853,4,5,0.007936507936507936,126,True
D_syn,par3_0197,gemma,0.33767298464963824,3,5,0.017857142857142856,56,True
D_syn,par3_0197,llama,0.2457723801378444,3,5,0.017857142857142856,56,True
D_syn,par3_0197,mistral,0.2863541758448237,3,5,0.017857142857142856,56,True
D_syn,par3_0197,qwen,0.2659329269582881,3,5,0.017857142857142856,56,True
D_syn,par3_0198,gemma,0.33476529512244296,3,5,0.017857142857142856,56,True
D_syn,par3_0198,llama,0.3378664853385495,3,5,0.017857142857142856,56,True
D_syn,par3_0198,mistral,0.3065936961698067,3,5,0.03571428571428571,56,True
D_syn,par3_0198,qwen,0.3326440879527169,3,4,0.02857142857142857,35,True
D_syn,par3_0199,gemma,0.3450437360866926,3,5,0.017857142857142856,56,True
D_syn,par3_0199,llama,0.2700276795677368,3,5,0.017857142857142856,56,True
D_syn,par3_0199,mistral,0.31733171779411196,3,5,0.017857142857142856,56,True
D_syn,par3_0199,qwen,0.29668771013298634,3,5,0.05357142857142857,56,True
D_disc,par3_0000,gemma,0.006024268108413747,3,5,0.23214285714285715,56,True
D_disc,par3_0000,llama,0.0027352037417890437,3,5,0.7678571428571429,56,True
D_disc,par3_0000,mistral,0.004200518936829215,3,5,0.5357142857142857,56,True
D_disc,par3_0000,qwen,0.00525566984386773,3,5,0.125,56,True
D_disc,par3_0001,gemma,0.02199945511450211,4,5,0.007936507936507936,126,True
D_disc,par3_0001,llama,0.007355037321226689,4,5,0.5158730158730159,126,True
D_disc,par3_0001,mistral,0.01950359999497522,4,5,0.007936507936507936,126,True
D_disc,par3_0001,qwen,0.017073886115243676,4,5,0.07142857142857142,126,True
D_disc,par3_0002,gemma,0.009993392611881403,3,5,0.10714285714285714,56,True
D_disc,par3_0002,llama,0.01434416939502158,3,5,0.25,56,True
D_disc,par3_0002,mistral,0.02371799589218895,3,5,0.017857142857142856,56,True
D_disc,par3_0002,qwen,0.01902976927062316,3,5,0.10714285714285714,56,True
D_disc,par3_0003,gemma,0.029362084190021977,3,5,0.05357142857142857,56,True
D_disc,par3_0003,llama,0.008467169562674756,3,5,0.03571428571428571,56,True
D_disc,par3_0003,mistral,0.01134553428735669,3,5,0.08928571428571429,56,True
D_disc,par3_0003,qwen,0.004050084059049499,3,5,0.03571428571428571,56,True
D_disc,par3_0004,gemma,0.05403680640714555,3,4,0.37142857142857144,35,True
D_disc,par3_0004,llama,0.051446775432299086,3,5,0.14285714285714285,56,True
D_disc,par3_0004,mistral,0.052250059389441,3,4,0.14285714285714285,35,True
D_disc,par3_0004,qwen,0.04770688569544966,3,3,0.6,20,True
D_disc,par3_0005,gemma,0.015391344480965422,3,5,0.07142857142857142,56,True
D_disc,par3_0005,llama,0.010815817864710751,3,5,0.25,56,True
D_disc,par3_0005,mistral,0.013709776509605504,3,5,0.017857142857142856,56,True
D_disc,par3_0006,gemma,0.016415828035187412,3,5,0.32142857142857145,56,True
D_disc,par3_0006,llama,0.02588021883065658,3,5,0.14285714285714285,56,True
D_disc,par3_0006,mistral,0.008888232982895983,3,5,0.6964285714285714,56,True
D_disc,par3_0006,qwen,0.02129727106122216,3,5,0.14285714285714285,56,True
D_disc,par3_0007,gemma,0.0010199811772059922,4,5,0.0873015873015873,126,True
D_disc,par3_0007,llama,0.0005836073634865988,4,5,0.6031746031746031,126,True
D_disc,par3_0007,mistral,0.0011095442066041785,4,5,0.23015873015873015,126,True
D_disc,par3_0007,qwen,0.001888019480505098,4,3,0.05714285714285714,35,True
D_disc,par3_0008,gemma,0.031169206453736283,4,5,0.0873015873015873,126,True
D_disc,par3_0008,llama,0.04967609104192745,4,5,0.15873015873015872,126,True
D_disc,par3_0008,mistral,0.03987255528270825,4,5,0.12698412698412698,126,True
D_disc,par3_0008,qwen,0.033237718945497596,4,5,0.5079365079365079,126,True
D_disc,par3_0009,gemma,0.009213898554142053,3,5,0.017857142857142856,56,True
D_disc,par3_0009,llama,0.003690230669947745,3,5,0.03571428571428571,56,True
D_disc,par3_0009,mistral,0.016858024217915643,3,4,0.05714285714285714,35,True
D_disc,par3_0009,qwen,0.007459380411495459,3,2,0.1,10,True
D_disc,par3_0010,gemma,0.04127750698404632,3,5,0.017857142857142856,56,True
D_disc,par3_0010,llama,0.03809300384933385,3,5,0.017857142857142856,56,True
D_disc,par3_0010,mistral,0.03755262926316327,3,5,0.017857142857142856,56,True
D_disc,par3_0010,qwen,0.02034193620357508,3,5,0.03571428571428571,56,True
D_disc,par3_0011,gemma,0.0037467156794576293,3,5,0.42857142857142855,56,True
D_disc,par3_0011,llama,0.004287278442027582,3,5,0.375,56,True
D_disc,par3_0011,mistral,0.008464562560585125,3,5,0.17857142857142858,56,True
D_disc,par3_0011,qwen,0.005681356472133655,3,5,0.5892857142857143,56,True
D_disc,par3_0012,gemma,0.14561680034074098,3,5,0.017857142857142856,56,True
D_disc,par3_0012,llama,0.17765991404513065,3,5,0.017857142857142856,56,True
D_disc,par3_0012,mistral,0.14806743345512224,3,5,0.03571428571428571,56,True
D_disc,par3_0012,qwen,0.12204353425285774,3,5,0.05357142857142857,56,True
D_disc,par3_0013,gemma,0.0074083856684808505,3,5,0.4107142857142857,56,True
D_disc,par3_0013,llama,0.018933542460871537,3,5,0.03571428571428571,56,True
D_disc,par3_0013,mistral,0.006570875158075166,3,5,0.6428571428571429,56,True
D_disc,par3_0013,qwen,0.007801877377717243,3,3,0.7,20,True
D_disc,par3_0014,gemma,0.03329453890802411,3,5,0.017857142857142856,56,True
D_disc,par3_0014,llama,0.015917745037601322,3,5,0.017857142857142856,56,True
D_disc,par3_0014,mistral,0.013495679109666682,3,4,0.11428571428571428,35,True
D_disc,par3_0014,qwen,0.016977136452615303,3,5,0.10714285714285714,56,True
D_disc,par3_0015,gemma,0.00781851572427658,4,5,0.007936507936507936,126,True
D_disc,par3_0015,llama,0.005093800347259408,4,5,0.015873015873015872,126,True
D_disc,par3_0015,mistral,0.018898805672324905,4,5,0.007936507936507936,126,True
D_disc,par3_0015,qwen,0.007131866570386686,4,5,0.007936507936507936,126,True
D_disc,par3_0016,gemma,0.028936798885852693,4,5,0.03968253968253968,126,True
D_disc,par3_0016,llama,0.05874561616555353,4,5,0.007936507936507936,126,True
D_disc,par3_0016,mistral,0.026867150731122336,4,5,0.1349206349206349,126,True
D_disc,par3_0016,qwen,0.011074250783508287,4,5,0.6428571428571429,126,True
D_disc,par3_0017,gemma,0.008330532764063226,4,5,0.007936507936507936,126,True
D_disc,par3_0017,llama,0.005613688720649162,4,5,0.023809523809523808,126,True
D_disc,par3_0017,mistral,0.004681805209276539,4,5,0.007936507936507936,126,True
D_disc,par3_0017,qwen,0.007054017442517415,4,5,0.007936507936507936,126,True
D_disc,par3_0018,gemma,0.0663224615582742,3,5,0.125,56,True
D_disc,par3_0018,llama,0.07425684624387136,3,5,0.35714285714285715,56,True
D_disc,par3_0018,mistral,0.07593776789342777,3,5,0.14285714285714285,56,True
D_disc,par3_0018,qwen,0.07846742644190921,3,4,0.17142857142857143,35,True
D_disc,par3_0019,gemma,0.004930672014562736,3,5,0.7857142857142857,56,True
D_disc,par3_0019,llama,0.008030255251318872,3,5,0.6071428571428571,56,True
D_disc,par3_0019,mistral,0.005462127451537634,3,5,0.9821428571428571,56,True
D_disc,par3_0020,gemma,0.017273903676788237,4,3,0.34285714285714286,35,True
D_disc,par3_0020,llama,0.01011699099345571,4,5,0.6031746031746031,126,True
D_disc,par3_0020,mistral,0.01908715975241492,4,5,0.06349206349206349,126,True
D_disc,par3_0020,qwen,0.027114370861759433,4,5,0.007936507936507936,126,True
D_disc,par3_0021,gemma,0.03533911352008936,3,5,0.017857142857142856,56,True
D_disc,par3_0021,llama,0.041427413709108296,3,5,0.017857142857142856,56,True
D_disc,par3_0021,mistral,0.02250779593617589,3,5,0.07142857142857142,56,True
D_disc,par3_0021,qwen,0.03501979619888522,3,5,0.017857142857142856,56,True
D_disc,par3_0022,gemma,0.02092020231755471,3,3,0.1,20,True
D_disc,par3_0022,llama,0.04537474848760741,3,5,0.017857142857142856,56,True
D_disc,par3_0022,mistral,0.05190666675626348,3,5,0.017857142857142856,56,True
D_disc,par3_0022,qwen,0.04586809311998025,3,3,0.1,20,True
D_disc,par3_0023,gemma,0.08595427338035462,3,5,0.017857142857142856,56,True
D_disc,par3_0023,llama,0.007172278917478639,3,5,0.8928571428571429,56,True
D_disc,par3_0023,mistral,0.02237140996920591,3,4,0.2,35,True
D_disc,par3_0023,qwen,0.03176441396955442,3,2,0.5,10,True
D_disc,par3_0024,gemma,0.06623711375080264,3,5,0.017857142857142856,56,True
D_disc,par3_0024,llama,0.05933122866248862,3,5,0.07142857142857142,56,True
D_disc,par3_0024,mistral,0.09886435953229973,3,5,0.017857142857142856,56,True
D_disc,par3_0024,qwen,0.08129359385916238,3,5,0.017857142857142856,56,True
D_disc,par3_0025,gemma,0.02371733939938536,3,4,0.3142857142857143,35,True
D_disc,par3_0025,llama,0.023398448611906156,3,5,0.17857142857142858,56,True
D_disc,par3_0025,mistral,0.04758465737993238,3,3,0.2,20,True
D_disc,par3_0025,qwen,0.05198806248527471,3,4,0.05714285714285714,35,True
D_disc,par3_0026,gemma,,3,0,,0,False
D_disc,par3_0026,llama,,3,1,,0,False
D_disc,par3_0026,mistral,,3,1,,0,False
D_disc,par3_0026,qwen,0.012499780197399595,3,2,0.4,10,True
D_disc,par3_0027,gemma,0.007504913908429441,4,5,0.05555555555555555,126,True
D_disc,par3_0027,llama,0.004650474901568947,4,5,0.3888888888888889,126,True
D_disc,par3_0027,mistral,0.0013941444098958334,4,5,0.9285714285714286,126,True
D_disc,par3_0027,qwen,0.010978885368892324,4,5,0.007936507936507936,126,True
D_disc,par3_0028,gemma,0.006696030619562652,4,5,0.30158730158730157,126,True
D_disc,par3_0028,llama,0.0032078590045947434,4,5,0.5793650793650794,126,True
D_disc,par3_0028,mistral,0.0103418155524336,4,5,0.21428571428571427,126,True
D_disc,par3_0028,qwen,0.00345013242576588,4,5,0.46825396825396826,126,True
D_disc,par3_0029,gemma,0.006209024175419648,3,5,0.8214285714285714,56,True
D_disc,par3_0029,llama,0.012141249694707127,3,5,0.23214285714285715,56,True
D_disc,par3_0029,mistral,0.0176340480686576,3,5,0.03571428571428571,56,True
D_disc,par3_0029,qwen,0.013014609733920704,3,5,0.17857142857142858,56,True
D_disc,par3_0030,gemma,0.02121362472378481,4,3,0.42857142857142855,35,True
D_disc,par3_0030,llama,0.09022941951495123,4,3,0.11428571428571428,35,True
D_disc,par3_0030,mistral,0.0069505378380100395,4,5,0.8412698412698413,126,True
D_disc,par3_0030,qwen,0.0017574054446675925,4,5,0.49206349206349204,126,True
D_disc,par3_0031,gemma,0.010851788517261974,4,5,0.023809523809523808,126,True
D_disc,par3_0031,llama,0.006495822914981393,4,5,0.40476190476190477,126,True
D_disc,par3_0031,mistral,0.0071481500078763435,4,5,0.42063492063492064,126,True
D_disc,par3_0031,qwen,0.00886240007054806,4,5,0.09523809523809523,126,True
D_disc,par3_0032,gemma,0.013132000530033792,3,5,0.2857142857142857,56,True
D_disc,par3_0032,llama,0.016086034291957988,3,5,0.19642857142857142,56,True
D_disc,par3_0032,mistral,0.019018814652577747,3,5,0.07142857142857142,56,True
D_disc,par3_0032,qwen,0.04719965654137724,3,2,0.1,10,True
D_disc,par3_0033,gemma,0.02485839214136819,3,5,0.03571428571428571,56,True
D_disc,par3_0033,llama,0.02304279064924826,3,5,0.03571428571428571,56,True
D_disc,par3_0033,mistral,0.007107495494020701,3,5,0.5,56,True
D_disc,par3_0033,qwen,0.039038946960753294,3,5,0.21428571428571427,56,True
D_disc,par3_0034,gemma,0.03492424365211458,4,5,0.007936507936507936,126,True
D_disc,par3_0034,llama,0.017352254921178405,4,5,0.07142857142857142,126,True
D_disc,par3_0034,mistral,0.011347982841196492,4,5,0.07936507936507936,126,True
D_disc,par3_0034,qwen,0.019111087787318324,4,5,0.20634920634920634,126,True
D_disc,par3_0035,gemma,0.01663046411426897,3,5,0.017857142857142856,56,True
D_disc,par3_0035,llama,0.012157010809262602,3,5,0.17857142857142858,56,True
D_disc,par3_0035,mistral,0.013943571224200188,3,5,0.07142857142857142,56,True
D_disc,par3_0035,qwen,0.01592614413614659,3,5,0.125,56,True
D_disc,par3_0036,gemma,0.004814927925095222,3,5,0.017857142857142856,56,True
D_disc,par3_0036,llama,0.009913041568842467,3,5,0.08928571428571429,56,True
D_disc,par3_0036,mistral,0.011112397201254913,3,5,0.017857142857142856,56,True
D_disc,par3_0036,qwen,0.0074139659653570215,3,5,0.26785714285714285,56,True
D_disc,par3_0037,gemma,0.0061830218163283195,3,5,0.35714285714285715,56,True
D_disc,par3_0037,llama,0.00882462128889551,3,5,0.4642857142857143,56,True
D_disc,par3_0037,mistral,0.029109054865953214,3,4,0.02857142857142857,35,True
D_disc,par3_0037,qwen,0.012546562370554373,3,5,0.39285714285714285,56,True
D_disc,par3_0038,gemma,0.010367114183874055,4,5,0.2222222222222222,126,True
D_disc,par3_0038,llama,0.00934648867501318,4,5,0.4523809523809524,126,True
D_disc,par3_0038,mistral,0.004428331536625141,4,5,0.8650793650793651,126,True
D_disc,par3_0038,qwen,0.006894789738938829,4,5,0.7777777777777778,126,True
D_disc,par3_0039,gemma,0.00526842305700953,3,5,0.6428571428571429,56,True
D_disc,par3_0039,llama,0.014373816149874204,3,5,0.44642857142857145,56,True
D_disc,par3_0039,mistral,0.00526842305700953,3,5,0.6428571428571429,56,True
D_disc,par3_0039,qwen,0.026513920857835768,3,5,0.21428571428571427,56,True
D_disc,par3_0040,gemma,0.008085608898528263,4,5,0.05555555555555555,126,True
D_disc,par3_0040,llama,0.0044413972630936455,4,5,0.7936507936507936,126,True
D_disc,par3_0040,mistral,0.009426662227820471,4,5,0.07936507936507936,126,True
D_disc,par3_0040,qwen,0.004000141309251802,4,4,0.8857142857142857,70,True
D_disc,par3_0041,gemma,0.012138073438870463,3,5,0.125,56,True
D_disc,par3_0041,llama,0.00169298848013575,3,5,0.8392857142857143,56,True
D_disc,par3_0041,mistral,0.0035527138006295114,3,5,0.375,56,True
D_disc,par3_0041,qwen,0.010610388999724128,3,4,0.5428571428571428,35,True
D_disc,par3_0042,gemma,0.016778006939992703,4,5,0.11904761904761904,126,True
D_disc,par3_0042,llama,0.02516889273181777,4,5,0.007936507936507936,126,True
D_disc,par3_0042,mistral,0.007456830903466048,4,5,0.3333333333333333,126,True
D_disc,par3_0042,qwen,0.025257318522432452,4,5,0.015873015873015872,126,True
D_disc,par3_0043,gemma,0.062272006530251466,3,5,0.017857142857142856,56,True
D_disc,par3_0043,llama,0.016448813801299755,3,5,0.625,56,True
D_disc,par3_0043,mistral,0.04475947650010041,3,5,0.21428571428571427,56,True
D_disc,par3_0043,qwen,0.0431258390541892,3,4,0.08571428571428572,35,True
D_disc,par3_0044,gemma,0.005170494023751972,4,5,0.023809523809523808,126,True
D_disc,par3_0044,llama,0.004225352245113818,4,5,0.21428571428571427,126,True
D_disc,par3_0044,mistral,0.004986593115262509,4,5,0.007936507936507936,126,True
D_disc,par3_0044,qwen,0.008897917108680218,4,5,0.007936507936507936,126,True
D_disc,par3_0045,gemma,0.01812774210788451,3,5,0.125,56,True
D_disc,par3_0045,llama,0.011408847998460241,3,5,0.5,56,True
D_disc,par3_0045,mistral,0.023585910622935413,3,5,0.03571428571428571,56,True
D_disc,par3_0045,qwen,0.018819107066675812,3,5,0.08928571428571429,56,True
D_disc,par3_0046,gemma,0.008034355712211096,3,2,0.9,10,True
D_disc,par3_0046,llama,0.008037425926038184,3,5,0.39285714285714285,56,True
D_disc,par3_0046,mistral,0.012572620839390612,3,5,0.14285714285714285,56,True
D_disc,par3_0047,gemma,0.01648607533667102,4,5,0.007936507936507936,126,True
D_disc,par3_0047,llama,0.01829671306645763,4,5,0.05555555555555555,126,True
D_disc,par3_0047,mistral,0.010072289702835125,4,5,0.15873015873015872,126,True
D_disc,par3_0047,qwen,0.009758667546507241,4,5,0.2698412698412698,126,True
D_disc,par3_0048,gemma,0.0267511610052957,3,5,0.017857142857142856,56,True
D_disc,par3_0048,llama,0.02366436372694066,3,5,0.03571428571428571,56,True
D_disc,par3_0048,mistral,0.012900909382154907,3,5,0.35714285714285715,56,True
D_disc,par3_0048,qwen,0.010910295138188936,3,5,0.5357142857142857,56,True
D_disc,par3_0049,gemma,0.008199088483162323,4,5,0.30158730158730157,126,True
D_disc,par3_0049,llama,0.010578485997009744,4,5,0.0873015873015873,126,True
D_disc,par3_0049,mistral,0.01078234596635504,4,5,0.1349206349206349,126,True
D_disc,par3_0049,qwen,0.010072208322821501,4,2,0.7333333333333333,15,True
D_disc,par3_0050,gemma,0.012733460163601378,3,5,0.03571428571428571,56,True
D_disc,par3_0050,llama,0.009384019328192736,3,5,0.25,56,True
D_disc,par3_0050,mistral,0.006952581031370492,3,5,0.6071428571428571,56,True
D_disc,par3_0050,qwen,0.008359845148088168,3,5,0.39285714285714285,56,True
D_disc,par3_0051,gemma,0.018409494311703016,4,5,0.05555555555555555,126,True
D_disc,par3_0051,llama,0.014210914553573373,4,5,0.12698412698412698,126,True
D_disc,par3_0051,mistral,0.02248425634517249,4,5,0.023809523809523808,126,True
D_disc,par3_0051,qwen,0.026908245392513623,4,3,0.08571428571428572,35,True
D_disc,par3_0052,gemma,0.015354915025991383,3,4,0.2,35,True
D_disc,par3_0052,llama,0.014332250218530936,3,5,0.23214285714285715,56,True
D_disc,par3_0052,mistral,0.027511221494303854,3,5,0.08928571428571429,56,True
D_disc,par3_0052,qwen,0.030258763665509995,3,5,0.2857142857142857,56,True
D_disc,par3_0053,gemma,0.04965153874988296,3,5,0.017857142857142856,56,True
D_disc,par3_0053,llama,0.025524426166723672,3,5,0.05357142857142857,56,True
D_disc,par3_0053,mistral,0.03645861298321717,3,5,0.017857142857142856,56,True
D_disc,par3_0053,qwen,0.01764592581132206,3,5,0.017857142857142856,56,True
D_disc,par3_0054,gemma,0.0036528045537495496,3,5,0.03571428571428571,56,True
D_disc,par3_0054,llama,0.009031066362345706,3,5,0.05357142857142857,56,True
D_disc,par3_0054,mistral,0.00551530045333268,3,5,0.017857142857142856,56,True
D_disc,par3_0054,qwen,0.004328545492023109,3,5,0.25,56,True
D_disc,par3_0055,gemma,0.013696188903262636,3,3,0.7,20,True
D_disc,par3_0055,llama,0.015139266862682388,3,5,0.375,56,True
D_disc,par3_0055,mistral,0.011057504097154407,3,5,0.5892857142857143,56,True
D_disc,par3_0055,qwen,0.03424037353749958,3,4,0.02857142857142857,35,True
D_disc,par3_0056,gemma,0.0646475059732605,3,5,0.017857142857142856,56,True
D_disc,par3_0056,llama,0.04768248643235616,3,5,0.017857142857142856,56,True
D_disc,par3_0056,mistral,0.051036814904674994,3,5,0.017857142857142856,56,True
D_disc,par3_0056,qwen,0.052716512364331655,3,5,0.03571428571428571,56,True
D_disc,par3_0057,gemma,0.01211312930022981,3,5,0.05357142857142857,56,True
D_disc,par3_0057,llama,0.006556789417808629,3,5,0.17857142857142858,56,True
D_disc,par3_0057,mistral,0.0035258978553083433,3,5,0.44642857142857145,56,True
D_disc,par3_0057,qwen,0.008050286929539721,3,5,0.10714285714285714,56,True
D_disc,par3_0058,gemma,0.03994290779763483,3,4,0.02857142857142857,35,True
D_disc,par3_0058,llama,0.02896652992592848,3,5,0.17857142857142858,56,True
D_disc,par3_0058,mistral,0.04187214732484941,3,3,0.1,20,True
D_disc,par3_0058,qwen,0.03774527321350534,3,4,0.11428571428571428,35,True
D_disc,par3_0059,gemma,0.013588000916435418,3,5,0.16071428571428573,56,True
D_disc,par3_0059,llama,0.006002164057084983,3,5,0.6428571428571429,56,True
D_disc,par3_0059,mistral,0.015757026235122547,3,5,0.10714285714285714,56,True
D_disc,par3_0059,qwen,0.019892068523440817,3,5,0.017857142857142856,56,True
D_disc,par3_0060,gemma,0.014947430711825489,4,5,0.007936507936507936,126,True
D_disc,par3_0060,llama,0.009250240038702017,4,5,0.007936507936507936,126,True
D_disc,par3_0060,mistral,0.00996396282609903,4,5,0.031746031746031744,126,True
D_disc,par3_0060,qwen,0.011127027841382224,4,4,0.02857142857142857,70,True
D_disc,par3_0061,gemma,0.009089057788318698,3,5,0.35714285714285715,56,True
D_disc,par3_0061,llama,0.013550009796495342,3,5,0.14285714285714285,56,True
D_disc,par3_0061,mistral,0.012277405431216236,3,5,0.125,56,True
D_disc,par3_0061,qwen,0.010821449956532034,3,5,0.125,56,True
D_disc,par3_0062,gemma,0.21657199688187062,3,5,0.017857142857142856,56,True
D_disc,par3_0062,llama,0.08494788741655082,3,5,0.017857142857142856,56,True
D_disc,par3_0062,mistral,0.18127942506964934,3,5,0.03571428571428571,56,True
D_disc,par3_0062,qwen,0.10652749513273266,3,4,0.05714285714285714,35,True
D_disc,par3_0063,gemma,0.040684238699846595,3,2,0.2,10,True
D_disc,par3_0063,llama,0.08184809125983392,3,5,0.03571428571428571,56,True
D_disc,par3_0063,mistral,0.020466456120659123,3,5,0.07142857142857142,56,True
D_disc,par3_0063,qwen,0.06779560358035705,3,2,0.1,10,True
D_disc,par3_0064,gemma,0.01343062538495826,3,5,0.19642857142857142,56,True
D_disc,par3_0064,llama,0.01507235271089646,3,5,0.5178571428571429,56,True
D_disc,par3_0064,mistral,0.018541666622619704,3,5,0.30357142857142855,56,True
D_disc,par3_0064,qwen,0.011252372031024409,3,5,0.2857142857142857,56,True
D_disc,par3_0065,gemma,0.06181629800581473,3,4,0.11428571428571428,35,True
D_disc,par3_0065,llama,0.03583230996350209,3,4,0.05714285714285714,35,True
D_disc,par3_0065,mistral,0.03373122178184501,3,3,0.8,20,True
D_disc,par3_0065,qwen,0.02748959901072354,3,4,0.42857142857142855,35,True
D_disc,par3_0066,gemma,0.004668617372332498,3,5,0.26785714285714285,56,True
D_disc,par3_0066,llama,0.003082907655145517,3,5,0.6785714285714286,56,True
D_disc,par3_0066,mistral,0.007626279928298131,3,5,0.10714285714285714,56,True
D_disc,par3_0066,qwen,0.007626279928298023,3,5,0.10714285714285714,56,True
D_disc,par3_0067,gemma,0.015998958827379946,3,5,0.017857142857142856,56,True
D_disc,par3_0067,llama,0.013013506629589885,3,5,0.017857142857142856,56,True
D_disc,par3_0067,mistral,0.025611767300009563,3,5,0.017857142857142856,56,True
D_disc,par3_0067,qwen,0.010573462084751281,3,5,0.05357142857142857,56,True
D_disc,par3_0068,gemma,0.03988478913691218,3,5,0.017857142857142856,56,True
D_disc,par3_0068,llama,0.019088431244466048,3,5,0.21428571428571427,56,True
D_disc,par3_0068,mistral,0.06500604402975509,3,5,0.017857142857142856,56,True
D_disc,par3_0068,qwen,0.017606042402985876,3,5,0.125,56,True
D_disc,par3_0069,gemma,0.023777749154977282,3,4,0.37142857142857144,35,True
D_disc,par3_0069,llama,0.0039600480178479044,3,5,0.8214285714285714,56,True
D_disc,par3_0069,mistral,0.007662718037701322,3,5,0.4107142857142857,56,True
D_disc,par3_0069,qwen,0.030008614724844423,3,5,0.017857142857142856,56,True
D_disc,par3_0070,gemma,0.027753287699031216,3,4,0.08571428571428572,35,True
D_disc,par3_0070,llama,0.018356348996395766,3,5,0.05357142857142857,56,True
D_disc,par3_0070,mistral,0.013893351925398548,3,5,0.44642857142857145,56,True
D_disc,par3_0070,qwen,0.0251906883441725,3,5,0.08928571428571429,56,True
D_disc,par3_0071,gemma,0.024711075678823365,3,5,0.017857142857142856,56,True
D_disc,par3_0071,llama,0.01773461270532224,3,5,0.07142857142857142,56,True
D_disc,par3_0071,mistral,0.015329631215706596,3,5,0.07142857142857142,56,True
D_disc,par3_0071,qwen,0.01962308725984125,3,5,0.05357142857142857,56,True
D_disc,par3_0072,gemma,0.008720089845873014,4,5,0.5555555555555556,126,True
D_disc,par3_0072,llama,0.013338534264455328,4,5,0.30952380952380953,126,True
D_disc,par3_0072,mistral,0.014580203072018207,4,5,0.29365079365079366,126,True
D_disc,par3_0072,qwen,0.014178196263857851,4,4,0.4857142857142857,70,True
D_disc,par3_0073,gemma,0.01653342655728189,3,5,0.07142857142857142,56,True
D_disc,par3_0073,llama,0.023460675886118297,3,5,0.05357142857142857,56,True
D_disc,par3_0073,mistral,0.013424059293637372,3,5,0.017857142857142856,56,True
D_disc,par3_0073,qwen,0.0069903200659658365,3,5,0.3392857142857143,56,True
D_disc,par3_0074,gemma,0.005935440066071541,3,5,0.125,56,True
D_disc,par3_0074,llama,0.005277894195154886,3,5,0.26785714285714285,56,True
D_disc,par3_0074,mistral,0.009290406743049595,3,5,0.03571428571428571,56,True
D_disc,par3_0074,qwen,0.0029442145532090564,3,5,0.7678571428571429,56,True
D_disc,par3_0075,gemma,0.00507385546358162,4,5,0.38095238095238093,126,True
D_disc,par3_0075,llama,0.00505867002019837,4,5,0.2698412698412698,126,True
D_disc,par3_0075,mistral,0.002851610377683564,4,5,0.7698412698412699,126,True
D_disc,par3_0075,qwen,0.007424706812760674,4,2,0.7333333333333333,15,True
D_disc,par3_0076,gemma,,2,1,,0,False
D_disc,par3_0076,llama,0.03382674200698012,2,4,0.6,15,True
D_disc,par3_0076,mistral,,2,0,,0,False
D_disc,par3_0076,qwen,,2,1,,0,False
D_disc,par3_0077,gemma,0.01954646563276901,4,5,0.015873015873015872,126,True
D_disc,par3_0077,llama,0.003920197089446091,4,5,0.7619047619047619,126,True
D_disc,par3_0077,mistral,0.009268670559950308,4,5,0.2222222222222222,126,True
D_disc,par3_0077,qwen,0.01720599676513933,4,5,0.1746031746031746,126,True
D_disc,par3_0078,gemma,0.005145966610436283,4,5,0.031746031746031744,126,True
D_disc,par3_0078,llama,0.0029772874103907295,4,5,0.19047619047619047,126,True
D_disc,par3_0078,mistral,0.013608682989986309,4,5,0.007936507936507936,126,True
D_disc,par3_0078,qwen,0.004972365246085647,4,5,0.023809523809523808,126,True
D_disc,par3_0079,gemma,0.007037501648236673,4,5,0.007936507936507936,126,True
D_disc,par3_0079,llama,0.0077368534053415,4,5,0.007936507936507936,126,True
D_disc,par3_0079,mistral,0.0027752160481958263,4,5,0.7142857142857143,126,True
D_disc,par3_0079,qwen,0.004269731201551406,4,5,0.18253968253968253,126,True
D_disc,par3_0080,gemma,0.03371208190698968,4,5,0.023809523809523808,126,True
D_disc,par3_0080,llama,0.04601873258091637,4,5,0.007936507936507936,126,True
D_disc,par3_0080,mistral,0.02192927408436686,4,5,0.1349206349206349,126,True
D_disc,par3_0080,qwen,0.0343397642695657,4,3,0.14285714285714285,35,True
D_disc,par3_0081,gemma,0.08775526874988683,3,5,0.017857142857142856,56,True
D_disc,par3_0081,llama,0.0866990168563286,3,5,0.017857142857142856,56,True
D_disc,par3_0081,mistral,0.024911513555389078,3,5,0.05357142857142857,56,True
D_disc,par3_0081,qwen,0.028984749631506573,3,5,0.05357142857142857,56,True
D_disc,par3_0082,gemma,0.0028607143079524043,4,5,0.007936507936507936,126,True
D_disc,par3_0082,llama,0.003970740793016683,4,5,0.015873015873015872,126,True
D_disc,par3_0082,mistral,0.004029072892532537,4,5,0.023809523809523808,126,True
D_disc,par3_0082,qwen,0.002067578931992856,4,5,0.047619047619047616,126,True
D_disc,par3_0083,gemma,0.06782807844591703,3,3,0.1,20,True
D_disc,par3_0083,llama,0.06756529944321178,3,4,0.02857142857142857,35,True
D_disc,par3_0083,mistral,0.04059588425983693,3,5,0.21428571428571427,56,True
D_disc,par3_0083,qwen,0.06396737243948909,3,5,0.017857142857142856,56,True
D_disc,par3_0084,gemma,0.08263984839173716,3,2,0.2,10,True
D_disc,par3_0084,llama,0.07157470254038656,3,5,0.017857142857142856,56,True
D_disc,par3_0084,mistral,0.08417274031956819,3,5,0.017857142857142856,56,True
D_disc,par3_0085,gemma,0.06045942609614641,3,5,0.017857142857142856,56,True
D_disc,par3_0085,llama,0.08835472467269999,3,5,0.017857142857142856,56,True
D_disc,par3_0085,mistral,0.04407720435228865,3,5,0.017857142857142856,56,True
D_disc,par3_0085,qwen,0.05052876523718961,3,5,0.017857142857142856,56,True
D_disc,par3_0086,gemma,0.006998929476799119,3,5,0.44642857142857145,56,True
D_disc,par3_0086,llama,0.008927334988702768,3,5,0.5178571428571429,56,True
D_disc,par3_0086,mistral,0.015501420284780609,3,5,0.17857142857142858,56,True
D_disc,par3_0086,qwen,0.010079270391040385,3,5,0.35714285714285715,56,True
D_disc,par3_0087,gemma,0.001701920034410889,3,5,0.5892857142857143,56,True
D_disc,par3_0087,llama,0.004562446094350938,3,5,0.875,56,True
D_disc,par3_0087,mistral,0.012342041740604513,3,5,0.875,56,True
D_disc,par3_0087,qwen,0.001859666806983041,3,5,0.42857142857142855,56,True
D_disc,par3_0088,gemma,0.005290737222099716,3,5,0.30357142857142855,56,True
D_disc,par3_0088,llama,0.012648409363777946,3,5,0.08928571428571429,56,True
D_disc,par3_0088,mistral,0.004537994712843743,3,5,0.5,56,True
D_disc,par3_0088,qwen,0.00958163965415846,3,5,0.125,56,True
D_disc,par3_0089,gemma,0.01097378313795102,3,5,0.8035714285714286,56,True
D_disc,par3_0089,llama,0.021319304162310024,3,5,0.39285714285714285,56,True
D_disc,par3_0089,mistral,0.015789184452423666,3,5,0.4642857142857143,56,True
D_disc,par3_0089,qwen,0.04487003760181417,3,4,0.2,35,True
D_disc,par3_0090,gemma,0.05962310132056577,3,5,0.125,56,True
D_disc,par3_0090,llama,0.019396650698169773,3,5,0.9107142857142857,56,True
D_disc,par3_0090,mistral,0.07815151873997048,3,5,0.5535714285714286,56,True
D_disc,par3_0090,qwen,0.029350377352475508,3,5,0.5,56,True
D_disc,par3_0091,gemma,0.024063181648595687,3,5,0.017857142857142856,56,True
D_disc,par3_0091,llama,0.019989643539301192,3,5,0.03571428571428571,56,True
D_disc,par3_0091,mistral,0.03276689338490459,3,5,0.017857142857142856,56,True
D_disc,par3_0091,qwen,0.016731627872463347,3,4,0.05714285714285714,35,True
D_disc,par3_0092,gemma,0.008682449742022345,3,3,0.6,20,True
D_disc,par3_0092,llama,0.015539172868462386,3,5,0.30357142857142855,56,True
D_disc,par3_0092,mistral,0.03126171045581889,3,5,0.19642857142857142,56,True
D_disc,par3_0092,qwen,0.0047936948387853374,3,4,0.7428571428571429,35,True
D_disc,par3_0093,gemma,0.011322875483405116,3,5,0.23214285714285715,56,True
D_disc,par3_0093,llama,0.00799178691369534,3,5,0.4107142857142857,56,True
D_disc,par3_0093,mistral,0.013760434836116277,3,5,0.17857142857142858,56,True
D_disc,par3_0093,qwen,0.012306117473011847,3,5,0.30357142857142855,56,True
D_disc,par3_0094,gemma,0.013910768388236298,4,4,0.05714285714285714,70,True
D_disc,par3_0094,llama,0.007084064849087314,4,5,0.24603174603174602,126,True
D_disc,par3_0094,mistral,0.011226688892321705,4,5,0.031746031746031744,126,True
D_disc,par3_0095,gemma,0.014157368283120295,4,5,0.023809523809523808,126,True
D_disc,par3_0095,llama,0.022213230651294512,4,5,0.047619047619047616,126,True
D_disc,par3_0095,mistral,0.015905016046822762,4,4,0.02857142857142857,70,True
D_disc,par3_0095,qwen,0.02059416645822963,4,3,0.02857142857142857,35,True
D_disc,par3_0096,gemma,0.00907540161547264,4,5,0.007936507936507936,126,True
D_disc,par3_0096,llama,0.010723859126572817,4,5,0.015873015873015872,126,True
D_disc,par3_0096,mistral,0.017119249810069168,4,5,0.007936507936507936,126,True
D_disc,par3_0096,qwen,0.01048410296629503,4,5,0.023809523809523808,126,True
D_disc,par3_0097,gemma,0.014788254053239407,4,5,0.3968253968253968,126,True
D_disc,par3_0097,llama,0.022356901418050072,4,5,0.23015873015873015,126,True
D_disc,par3_0097,mistral,0.01673871822355198,4,5,0.3888888888888889,126,True
D_disc,par3_0097,qwen,0.03329899750925025,4,4,0.11428571428571428,70,True
D_disc,par3_0098,gemma,0.08688255093647058,2,5,0.047619047619047616,21,True
D_disc,par3_0098,llama,0.07244481002338156,2,5,0.09523809523809523,21,True
D_disc,par3_0098,mistral,0.09855243028766222,2,5,0.047619047619047616,21,True
D_disc,par3_0098,qwen,0.08540359927622826,2,3,0.1,10,True
D_disc,par3_0099,llama,0.02807473429271609,3,5,0.03571428571428571,56,True
D_disc,par3_0099,mistral,0.024529082331413068,3,5,0.03571428571428571,56,True
D_disc,par3_0099,qwen,0.022114686226967308,3,4,0.14285714285714285,35,True
D_disc,par3_0100,gemma,0.03666841467853655,4,5,0.007936507936507936,126,True
D_disc,par3_0100,llama,0.01677923438227355,4,5,0.031746031746031744,126,True
D_disc,par3_0100,mistral,0.012986182512578135,4,5,0.3333333333333333,126,True
D_disc,par3_0100,qwen,0.01605001639385749,4,5,0.031746031746031744,126,True
D_disc,par3_0101,gemma,0.03064184847885981,3,5,0.017857142857142856,56,True
D_disc,par3_0101,llama,0.04750528188381421,3,5,0.017857142857142856,56,True
D_disc,par3_0101,mistral,0.030353810992892593,3,4,0.11428571428571428,35,True
D_disc,par3_0102,gemma,0.047421131988218776,4,5,0.007936507936507936,126,True
D_disc,par3_0102,llama,0.020187690167579653,4,5,0.015873015873015872,126,True
D_disc,par3_0102,mistral,0.0139761869238018,4,5,0.2222222222222222,126,True
D_disc,par3_0102,qwen,0.015659883298429482,4,5,0.07142857142857142,126,True
D_disc,par3_0103,gemma,0.008839856848060934,4,5,0.007936507936507936,126,True
D_disc,par3_0103,llama,0.009432122807393313,4,5,0.007936507936507936,126,True
D_disc,par3_0103,mistral,0.0050796351915931666,4,5,0.06349206349206349,126,True
D_disc,par3_0103,qwen,0.006993328387208054,4,5,0.007936507936507936,126,True
D_disc,par3_0104,gemma,0.0033390544630159166,3,5,0.10714285714285714,56,True
D_disc,par3_0104,llama,0.0038555065935134184,3,5,0.10714285714285714,56,True
D_disc,par3_0104,mistral,0.004873199006501454,3,5,0.5178571428571429,56,True
D_disc,par3_0104,qwen,0.002597457762459885,3,5,0.17857142857142858,56,True
D_disc,par3_0105,gemma,0.003985510087974214,4,5,0.49206349206349204,126,True
D_disc,par3_0105,llama,0.005969377314866989,4,5,0.15873015873015872,126,True
D_disc,par3_0105,mistral,0.006147118539849712,4,4,0.2571428571428571,70,True
D_disc,par3_0106,gemma,0.02855158525278271,3,5,0.017857142857142856,56,True
D_disc,par3_0106,llama,0.024743931267707013,3,5,0.14285714285714285,56,True
D_disc,par3_0106,mistral,0.04822026119674442,3,5,0.017857142857142856,56,True
D_disc,par3_0106,qwen,0.019801758915580142,3,5,0.17857142857142858,56,True
D_disc,par3_0107,gemma,0.021112616342547068,3,5,0.03571428571428571,56,True
D_disc,par3_0107,llama,0.03276589690952588,3,5,0.017857142857142856,56,True
D_disc,par3_0107,mistral,0.03204898575511447,3,5,0.017857142857142856,56,True
D_disc,par3_0108,gemma,0.009937436550261945,4,4,0.4,70,True
D_disc,par3_0108,llama,0.009117605389228404,4,5,0.3412698412698413,126,True
D_disc,par3_0108,mistral,0.008027229774901456,4,5,0.4126984126984127,126,True
D_disc,par3_0108,qwen,0.013653889850036066,4,4,0.17142857142857143,70,True
D_disc,par3_0109,gemma,0.03920188033565416,3,5,0.017857142857142856,56,True
D_disc,par3_0109,llama,0.025758017129508304,3,5,0.17857142857142858,56,True
D_disc,par3_0109,mistral,0.023590242591835835,3,5,0.21428571428571427,56,True
D_disc,par3_0109,qwen,0.021307964633214542,3,4,0.2857142857142857,35,True
D_disc,par3_0110,gemma,0.002956103617043009,4,5,0.16666666666666666,126,True
D_disc,par3_0110,llama,0.02056177800315294,4,5,0.11904761904761904,126,True
D_disc,par3_0110,mistral,0.06278499543860908,4,5,0.015873015873015872,126,True
D_disc,par3_0110,qwen,0.06753276868480446,4,5,0.007936507936507936,126,True
D_disc,par3_0111,gemma,0.0021565134500175663,3,5,0.75,56,True
D_disc,par3_0111,llama,0.007308519986004187,3,5,0.10714285714285714,56,True
D_disc,par3_0111,mistral,0.004276490506248232,3,5,0.4107142857142857,56,True
D_disc,par3_0111,qwen,0.008065482509639892,3,5,0.03571428571428571,56,True
D_disc,par3_0112,gemma,0.016836903966706923,3,5,0.7142857142857143,56,True
D_disc,par3_0112,llama,0.03138877492861927,3,5,0.6607142857142857,56,True
D_disc,par3_0112,mistral,0.09893630594600557,3,5,0.08928571428571429,56,True
D_disc,par3_0112,qwen,0.10614084095279477,3,5,0.03571428571428571,56,True
D_disc,par3_0113,gemma,0.020976388995494834,3,5,0.017857142857142856,56,True
D_disc,par3_0113,llama,0.0178445187419232,3,5,0.6071428571428571,56,True
D_disc,par3_0113,mistral,0.018585380437789782,3,5,0.05357142857142857,56,True
D_disc,par3_0113,qwen,0.017972851541651166,3,4,0.08571428571428572,35,True
D_disc,par3_0114,gemma,0.05853081671331753,3,5,0.23214285714285715,56,True
D_disc,par3_0114,llama,0.05951064618756903,3,5,0.16071428571428573,56,True
D_disc,par3_0114,mistral,0.17637074446212367,3,5,0.017857142857142856,56,True
D_disc,par3_0114,qwen,0.0437884732501801,3,5,0.32142857142857145,56,True
D_disc,par3_0115,gemma,0.0025884554333217707,3,5,0.375,56,True
D_disc,par3_0115,llama,0.005906885760527794,3,5,0.3392857142857143,56,True
D_disc,par3_0115,mistral,0.0041833662463924655,3,5,0.42857142857142855,56,True
D_disc,par3_0115,qwen,0.0036858291657975236,3,5,0.21428571428571427,56,True
D_disc,par3_0116,gemma,0.010187188139729669,3,5,0.19642857142857142,56,True
D_disc,par3_0116,llama,0.007197707471381154,3,5,0.4107142857142857,56,True
D_disc,par3_0116,mistral,0.00806588073348556,3,5,0.19642857142857142,56,True
D_disc,par3_0116,qwen,0.010489892573399915,3,5,0.07142857142857142,56,True
D_disc,par3_0117,gemma,0.008577582587789215,3,5,0.03571428571428571,56,True
D_disc,par3_0117,llama,0.027236110847497046,3,5,0.03571428571428571,56,True
D_disc,par3_0117,mistral,0.02111335882853637,3,5,0.05357142857142857,56,True
D_disc,par3_0117,qwen,0.050596726916751746,3,5,0.017857142857142856,56,True
D_disc,par3_0118,gemma,0.021113912261449007,3,3,0.5,20,True
D_disc,par3_0118,llama,0.00791048143049541,3,5,0.8392857142857143,56,True
D_disc,par3_0118,mistral,0.018736037319271058,3,5,0.5892857142857143,56,True
D_disc,par3_0118,qwen,0.003910047363075472,3,4,1.0,35,True
D_disc,par3_0119,gemma,0.009897092756436517,4,5,0.031746031746031744,126,True
D_disc,par3_0119,llama,0.008770362678148846,4,5,0.11904761904761904,126,True
D_disc,par3_0119,mistral,0.007352270083192768,4,5,0.30158730158730157,126,True
D_disc,par3_0119,qwen,0.008604505546154079,4,5,0.23809523809523808,126,True
D_disc,par3_0120,gemma,0.049743568623005496,3,5,0.07142857142857142,56,True
D_disc,par3_0120,llama,0.020963080288546515,3,5,0.5357142857142857,56,True
D_disc,par3_0120,mistral,0.027983767150193323,3,5,0.21428571428571427,56,True
D_disc,par3_0120,qwen,0.046429442428570195,3,5,0.03571428571428571,56,True
D_disc,par3_0121,gemma,0.0014620073112131657,4,5,0.1984126984126984,126,True
D_disc,par3_0121,llama,0.0027868392064803677,4,5,0.023809523809523808,126,True
D_disc,par3_0121,mistral,0.01233422021937993,4,5,0.06349206349206349,126,True
D_disc,par3_0121,qwen,0.0021264644593809653,4,5,0.18253968253968253,126,True
D_disc,par3_0122,gemma,0.010016046795322241,3,5,0.017857142857142856,56,True
D_disc,par3_0122,llama,0.00621151423630973,3,5,0.5357142857142857,56,True
D_disc,par3_0122,mistral,0.004892508162471016,3,5,0.5178571428571429,56,True
D_disc,par3_0122,qwen,0.00934304262441233,3,5,0.10714285714285714,56,True
D_disc,par3_0123,gemma,0.01951628778857569,3,5,0.017857142857142856,56,True
D_disc,par3_0123,llama,0.017986061894555077,3,5,0.07142857142857142,56,True
D_disc,par3_0123,mistral,0.019108441943504688,3,5,0.10714285714285714,56,True
D_disc,par3_0123,qwen,0.014662697536092848,3,5,0.25,56,True
D_disc,par3_0124,gemma,0.00907179682234989,4,5,0.007936507936507936,126,True
D_disc,par3_0124,llama,0.009495686137407651,4,5,0.031746031746031744,126,True
D_disc,par3_0124,mistral,0.010583225493028687,4,5,0.007936507936507936,126,True
D_disc,par3_0124,qwen,0.005644046292815806,4,5,0.1349206349206349,126,True
D_disc,par3_0125,gemma,0.007503168433942586,3,5,0.16071428571428573,56,True
D_disc,par3_0125,llama,0.007631981436313449,3,5,0.17857142857142858,56,True
D_disc,par3_0125,mistral,0.008656889117123857,3,5,0.125,56,True
D_disc,par3_0126,gemma,0.009943027676452262,3,5,0.10714285714285714,56,True
D_disc,par3_0126,llama,0.017730292932489726,3,3,0.3,20,True
D_disc,par3_0126,mistral,0.01038396155158456,3,5,0.05357142857142857,56,True
D_disc,par3_0126,qwen,0.015643221109840056,3,5,0.05357142857142857,56,True
D_disc,par3_0127,gemma,0.019877885424941583,3,5,0.017857142857142856,56,True
D_disc,par3_0127,llama,0.022162242391751828,3,5,0.10714285714285714,56,True
D_disc,par3_0127,mistral,0.023349419461394606,3,5,0.19642857142857142,56,True
D_disc,par3_0127,qwen,0.020192484658725408,3,5,0.017857142857142856,56,True
D_disc,par3_0128,gemma,0.07684328938551224,3,5,0.017857142857142856,56,True
D_disc,par3_0128,llama,0.07647870734977284,3,5,0.017857142857142856,56,True
D_disc,par3_0128,mistral,0.061242957487246924,3,5,0.14285714285714285,56,True
D_disc,par3_0128,qwen,0.04069057996061644,3,5,0.5357142857142857,56,True
D_disc,par3_0129,gemma,0.005896773317561517,4,5,0.14285714285714285,126,True
D_disc,par3_0129,llama,0.010404731257394429,4,5,0.007936507936507936,126,True
D_disc,par3_0129,mistral,0.013306135747761084,4,5,0.05555555555555555,126,True
D_disc,par3_0129,qwen,0.00960275165283328,4,5,0.007936507936507936,126,True
D_disc,par3_0130,gemma,0.004499560778556504,3,5,0.32142857142857145,56,True
D_disc,par3_0130,llama,0.006711846799036,3,5,0.2857142857142857,56,True
D_disc,par3_0130,mistral,0.010636089400101497,3,5,0.017857142857142856,56,True
D_disc,par3_0130,qwen,0.006583397009742571,3,5,0.05357142857142857,56,True
D_disc,par3_0131,gemma,0.0321889255817836,3,2,0.5,10,True
D_disc,par3_0131,llama,0.007356791311133197,3,3,1.0,20,True
D_disc,par3_0131,mistral,0.05353239914560812,3,4,0.42857142857142855,35,True
D_disc,par3_0131,qwen,0.014916562399536735,3,5,0.21428571428571427,56,True
D_disc,par3_0132,gemma,0.015693597407546125,5,5,0.29365079365079366,252,True
D_disc,par3_0132,llama,0.023542169192733137,5,5,0.1746031746031746,252,True
D_disc,par3_0132,mistral,0.1131917509530705,5,2,0.047619047619047616,21,True
D_disc,par3_0132,qwen,0.059119032272681234,5,5,0.007936507936507936,252,True
D_disc,par3_0133,gemma,0.023846207814801318,3,4,0.11428571428571428,35,True
D_disc,par3_0133,llama,0.03439153874137651,3,5,0.017857142857142856,56,True
D_disc,par3_0133,mistral,0.012125338236112167,3,5,0.30357142857142855,56,True
D_disc,par3_0133,qwen,0.040314672672075905,3,5,0.017857142857142856,56,True
D_disc,par3_0134,gemma,0.017148594710859104,3,4,0.08571428571428572,35,True
D_disc,par3_0134,llama,0.029279253633507696,3,4,0.05714285714285714,35,True
D_disc,par3_0134,mistral,0.02643558757613532,3,5,0.017857142857142856,56,True
D_disc,par3_0135,gemma,0.004479089687287439,4,5,0.05555555555555555,126,True
D_disc,par3_0135,llama,0.004140623208549684,4,5,0.07142857142857142,126,True
D_disc,par3_0135,mistral,0.006229201128963154,4,4,0.11428571428571428,70,True
D_disc,par3_0135,qwen,0.0018671671710421686,4,5,0.7936507936507936,126,True
D_disc,par3_0136,gemma,0.13347222137464526,3,2,0.1,10,True
D_disc,par3_0136,llama,0.10306774492158324,3,3,0.1,20,True
D_disc,par3_0136,mistral,0.07116648273501548,3,4,0.14285714285714285,35,True
D_disc,par3_0136,qwen,0.05904040620912954,3,4,0.02857142857142857,35,True
D_disc,par3_0137,gemma,0.009663407278326742,4,5,0.1111111111111111,126,True
D_disc,par3_0137,llama,0.012673508321739954,4,5,0.023809523809523808,126,True
D_disc,par3_0137,mistral,0.016358818915466214,4,5,0.015873015873015872,126,True
D_disc,par3_0137,qwen,0.010253300196190451,4,3,0.5142857142857142,35,True
D_disc,par3_0138,gemma,0.012291989324431589,4,5,0.8095238095238095,126,True
D_disc,par3_0138,llama,0.030727115399235238,4,5,0.06349206349206349,126,True
D_disc,par3_0138,mistral,0.02654561566727285,4,5,0.30158730158730157,126,True
D_disc,par3_0138,qwen,0.029132047120650303,4,3,0.4,35,True
D_disc,par3_0139,gemma,0.022018540767250166,3,5,0.10714285714285714,56,True
D_disc,par3_0139,llama,0.016411849175908398,3,5,0.19642857142857142,56,True
D_disc,par3_0139,mistral,0.020554908318209587,3,4,0.14285714285714285,35,True
D_disc,par3_0139,qwen,0.019836608435920517,3,5,0.10714285714285714,56,True
D_disc,par3_0140,gemma,0.05262842693182708,3,5,0.017857142857142856,56,True
D_disc,par3_0140,llama,0.057718126893834015,3,5,0.017857142857142856,56,True
D_disc,par3_0140,mistral,0.05256190465724357,3,5,0.125,56,True
D_disc,par3_0140,qwen,0.04708973986587005,3,4,0.37142857142857144,35,True
D_disc,par3_0141,gemma,0.02289032186456364,3,2,0.2,10,True
D_disc,par3_0141,llama,0.02724101354899532,3,5,0.16071428571428573,56,True
D_disc,par3_0141,mistral,0.024595067463277352,3,5,0.05357142857142857,56,True
D_disc,par3_0141,qwen,0.015200624027262931,3,4,0.37142857142857144,35,True
D_disc,par3_0142,gemma,0.02451508785206763,3,5,0.32142857142857145,56,True
D_disc,par3_0142,llama,0.019873617345050214,3,5,0.23214285714285715,56,True
D_disc,par3_0142,mistral,0.02714838065829824,3,5,0.125,56,True
D_disc,par3_0142,qwen,0.015176284050387585,3,5,0.48214285714285715,56,True
D_disc,par3_0143,gemma,0.0377804654006911,3,5,0.03571428571428571,56,True
D_disc,par3_0143,llama,0.022845750502580347,3,5,0.48214285714285715,56,True
D_disc,par3_0143,mistral,0.016392229798870672,3,5,0.5,56,True
D_disc,par3_0143,qwen,0.02024234954750793,3,5,0.4107142857142857,56,True
D_disc,par3_0144,gemma,0.004227177207933549,3,5,0.21428571428571427,56,True
D_disc,par3_0144,llama,0.0071875241135790505,3,4,0.2571428571428571,35,True
D_disc,par3_0144,mistral,0.01178837227040923,3,5,0.017857142857142856,56,True
D_disc,par3_0144,qwen,0.0034866143166429487,3,5,0.5535714285714286,56,True
D_disc,par3_0145,gemma,0.009752865283576488,4,4,0.22857142857142856,70,True
D_disc,par3_0145,llama,0.0026512449829737056,4,5,0.9126984126984127,126,True
D_disc,par3_0145,mistral,0.0065704723120986585,4,5,0.35714285714285715,126,True
D_disc,par3_0145,qwen,0.004774491894839352,4,3,0.8571428571428571,35,True
D_disc,par3_0146,gemma,0.015993873856097844,3,5,0.25,56,True
D_disc,par3_0146,llama,0.02247267622199614,3,5,0.08928571428571429,56,True
D_disc,par3_0146,mistral,0.026716966661873516,3,5,0.05357142857142857,56,True
D_disc,par3_0146,qwen,0.015957689741557583,3,5,0.125,56,True
D_disc,par3_0147,gemma,0.01163094210331217,4,5,0.6428571428571429,126,True
D_disc,par3_0147,llama,0.014606453944450835,4,5,0.7857142857142857,126,True
D_disc,par3_0147,mistral,0.013300353663772909,4,5,0.4603174603174603,126,True
D_disc,par3_0147,qwen,0.018879360689470253,4,4,0.37142857142857144,70,True
D_disc,par3_0148,gemma,0.013191777612066302,3,5,0.017857142857142856,56,True
D_disc,par3_0148,llama,0.0291800942130414,3,5,0.017857142857142856,56,True
D_disc,par3_0148,mistral,0.008417445482718288,3,5,0.44642857142857145,56,True
D_disc,par3_0148,qwen,0.014375797998133353,3,5,0.017857142857142856,56,True
D_disc,par3_0149,gemma,0.04049476932917192,3,5,0.017857142857142856,56,True
D_disc,par3_0149,llama,0.030574016838908463,3,5,0.017857142857142856,56,True
D_disc,par3_0149,mistral,0.04303500496206729,3,5,0.017857142857142856,56,True
D_disc,par3_0149,qwen,0.03049336959445159,3,5,0.017857142857142856,56,True
D_disc,par3_0150,gemma,0.010348558371177288,3,5,0.017857142857142856,56,True
D_disc,par3_0150,llama,0.014605836663985634,3,5,0.017857142857142856,56,True
D_disc,par3_0150,mistral,0.013069479881908753,3,5,0.16071428571428573,56,True
D_disc,par3_0150,qwen,0.0123715248958962,3,5,0.03571428571428571,56,True
D_disc,par3_0151,gemma,0.006384610993694031,4,5,0.11904761904761904,126,True
D_disc,par3_0151,llama,0.004215924048824639,4,4,0.3142857142857143,70,True
D_disc,par3_0151,mistral,0.008543102626111741,4,5,0.06349206349206349,126,True
D_disc,par3_0152,gemma,0.043639660012203096,4,5,0.007936507936507936,126,True
D_disc,par3_0152,llama,0.049744810397374536,4,5,0.007936507936507936,126,True
D_disc,par3_0152,mistral,0.054013630583073145,4,4,0.02857142857142857,70,True
D_disc,par3_0153,gemma,0.010884468050167379,3,5,0.19642857142857142,56,True
D_disc,par3_0153,llama,0.018412237677660353,3,5,0.017857142857142856,56,True
D_disc,par3_0153,mistral,0.00966358440647458,3,5,0.44642857142857145,56,True
D_disc,par3_0154,gemma,0.0144571103485627,4,5,0.047619047619047616,126,True
D_disc,par3_0154,llama,0.00975580943977979,4,5,0.38095238095238093,126,True
D_disc,par3_0154,mistral,0.021205024432614433,4,5,0.007936507936507936,126,True
D_disc,par3_0154,qwen,0.016279612890223786,4,2,0.3333333333333333,15,True
D_disc,par3_0155,gemma,0.005022464857890146,4,5,0.047619047619047616,126,True
D_disc,par3_0155,llama,0.004157680992306192,4,5,0.10317460317460317,126,True
D_disc,par3_0155,mistral,0.0026252650707030024,4,5,0.7222222222222222,126,True
D_disc,par3_0155,qwen,0.006243792261543101,4,5,0.015873015873015872,126,True
D_disc,par3_0156,gemma,0.07610980181612734,3,5,0.017857142857142856,56,True
D_disc,par3_0156,llama,0.055255261350231136,3,3,0.5,20,True
D_disc,par3_0156,mistral,0.055477038055962165,3,5,0.19642857142857142,56,True
D_disc,par3_0156,qwen,0.06885006382837253,3,5,0.125,56,True
D_disc,par3_0157,gemma,0.0012424042041401053,3,3,0.6,20,True
D_disc,par3_0157,llama,0.0022228642662890747,3,5,0.23214285714285715,56,True
D_disc,par3_0157,mistral,0.0020757516395149343,3,5,0.19642857142857142,56,True
D_disc,par3_0157,qwen,0.0034632361219897588,3,4,0.17142857142857143,35,True
D_disc,par3_0158,gemma,0.025169318246778892,3,5,0.08928571428571429,56,True
D_disc,par3_0158,llama,0.07956748029491105,3,5,0.017857142857142856,56,True
D_disc,par3_0158,mistral,0.05959104709604039,3,5,0.03571428571428571,56,True
D_disc,par3_0159,gemma,0.005570365233969275,4,5,0.007936507936507936,126,True
D_disc,par3_0159,llama,0.019747691640488122,4,5,0.007936507936507936,126,True
D_disc,par3_0159,mistral,0.017310965343243775,4,4,0.02857142857142857,70,True
D_disc,par3_0159,qwen,0.006249164547159883,4,5,0.007936507936507936,126,True
D_disc,par3_0160,gemma,0.003163675600303723,4,5,0.07936507936507936,126,True
D_disc,par3_0160,llama,0.0016461209859502182,4,5,0.7063492063492064,126,True
D_disc,par3_0160,mistral,0.009185880285713181,4,5,0.15079365079365079,126,True
D_disc,par3_0160,qwen,0.0031474602503119113,4,5,0.35714285714285715,126,True
D_disc,par3_0161,gemma,0.0025299590476709427,4,5,0.031746031746031744,126,True
D_disc,par3_0161,llama,0.0019000490875951928,4,5,0.1984126984126984,126,True
D_disc,par3_0161,mistral,0.003871469872720572,4,5,0.06349206349206349,126,True
D_disc,par3_0161,qwen,0.002778503103728072,4,5,0.05555555555555555,126,True
D_disc,par3_0162,gemma,0.0062272394471034435,3,5,0.5357142857142857,56,True
D_disc,par3_0162,llama,0.011534786091288093,3,5,0.19642857142857142,56,True
D_disc,par3_0162,mistral,0.00513115079985086,3,5,0.6607142857142857,56,True
D_disc,par3_0162,qwen,0.008398810337958805,3,5,0.39285714285714285,56,True
D_disc,par3_0163,gemma,0.05894600782712499,3,5,0.017857142857142856,56,True
D_disc,par3_0163,llama,0.060383006610883416,3,5,0.017857142857142856,56,True
D_disc,par3_0163,mistral,0.06849164998195302,3,5,0.017857142857142856,56,True
D_disc,par3_0163,qwen,0.07028366629635742,3,5,0.017857142857142856,56,True
D_disc,par3_0164,gemma,0.010640858568279805,4,5,0.30158730158730157,126,True
D_disc,par3_0164,llama,0.015260305111778356,4,5,0.2777777777777778,126,True
D_disc,par3_0164,mistral,0.03366249385893338,4,5,0.03968253968253968,126,True
D_disc,par3_0164,qwen,0.04730560842258288,4,5,0.007936507936507936,126,True
D_disc,par3_0165,llama,0.009488165492723483,3,5,0.10714285714285714,56,True
D_disc,par3_0165,mistral,0.011418508043124224,3,5,0.07142857142857142,56,True
D_disc,par3_0166,llama,0.0033605263769031675,4,5,0.8095238095238095,126,True
D_disc,par3_0166,mistral,0.008195053467413574,4,4,0.2571428571428571,70,True
D_disc,par3_0166,qwen,0.005167097216086932,4,4,0.6857142857142857,70,True
D_disc,par3_0167,gemma,0.0018772161303036209,4,5,0.007936507936507936,126,True
D_disc,par3_0167,llama,0.002095941784471036,4,4,0.05714285714285714,70,True
D_disc,par3_0167,mistral,0.0021111257720964963,4,4,0.02857142857142857,70,True
D_disc,par3_0167,qwen,0.0007435133251053822,4,5,0.05555555555555555,126,True
D_disc,par3_0168,gemma,0.0010247158349071805,4,5,0.5317460317460317,126,True
D_disc,par3_0168,llama,0.0015841729323160742,4,5,0.4523809523809524,126,True
D_disc,par3_0168,mistral,0.0027186567804955413,4,5,0.05555555555555555,126,True
D_disc,par3_0168,qwen,0.0017996567054352854,4,5,0.15873015873015872,126,True
D_disc,par3_0169,gemma,0.012992662605078188,3,5,0.32142857142857145,56,True
D_disc,par3_0169,llama,0.013016717564829961,3,5,0.48214285714285715,56,True
D_disc,par3_0169,mistral,0.024120246626014922,3,5,0.07142857142857142,56,True
D_disc,par3_0169,qwen,0.03363115270441382,3,4,0.02857142857142857,35,True
D_disc,par3_0170,gemma,,0,0,,0,False
D_disc,par3_0170,llama,,0,0,,0,False
D_disc,par3_0170,mistral,,0,0,,0,False
D_disc,par3_0170,qwen,,0,0,,0,False
D_disc,par3_0171,gemma,0.026716566548644703,3,5,0.03571428571428571,56,True
D_disc,par3_0171,llama,0.0305080181537263,3,5,0.10714285714285714,56,True
D_disc,par3_0171,mistral,0.03802863674565999,3,5,0.017857142857142856,56,True
D_disc,par3_0171,qwen,0.020710147224012564,3,5,0.03571428571428571,56,True
D_disc,par3_0172,gemma,0.002928654145823432,3,5,0.3392857142857143,56,True
D_disc,par3_0172,llama,0.002549691471388304,3,5,0.48214285714285715,56,True
D_disc,par3_0172,mistral,0.004593097901750745,3,5,0.19642857142857142,56,True
D_disc,par3_0172,qwen,0.0028510743588697394,3,5,0.3392857142857143,56,True
D_disc,par3_0173,gemma,0.044167557233665514,3,5,0.017857142857142856,56,True
D_disc,par3_0173,llama,0.03904011742609829,3,5,0.03571428571428571,56,True
D_disc,par3_0173,mistral,0.01803963468606256,3,4,0.6571428571428571,35,True
D_disc,par3_0174,gemma,0.00863238841721182,4,5,0.047619047619047616,126,True
D_disc,par3_0174,llama,0.008231576609367018,4,5,0.23809523809523808,126,True
D_disc,par3_0174,mistral,0.010830235727773783,4,5,0.5238095238095238,126,True
D_disc,par3_0174,qwen,0.00672906652168504,4,5,0.373015873015873,126,True
D_disc,par3_0175,gemma,0.024241029837699303,3,5,0.5,56,True
D_disc,par3_0175,llama,0.01730006690412792,3,4,0.9428571428571428,35,True
D_disc,par3_0175,mistral,0.022525346534557403,3,5,0.48214285714285715,56,True
D_disc,par3_0176,gemma,0.012780542952765532,4,5,0.007936507936507936,126,True
D_disc,par3_0176,llama,0.009655063014714568,4,5,0.023809523809523808,126,True
D_disc,par3_0176,mistral,0.020056525810084824,4,5,0.007936507936507936,126,True
D_disc,par3_0176,qwen,0.022102480097449334,4,5,0.007936507936507936,126,True
D_disc,par3_0177,gemma,0.021700372413372773,3,5,0.26785714285714285,56,True
D_disc,par3_0177,llama,0.010095632571119707,3,5,0.44642857142857145,56,True
D_disc,par3_0177,mistral,0.01984582571458006,3,4,0.37142857142857144,35,True
D_disc,par3_0177,qwen,0.0017406189035481176,3,5,1.0,56,True
D_disc,par3_0178,gemma,0.046036498896169724,4,5,0.007936507936507936,126,True
D_disc,par3_0178,llama,0.027457239488200176,4,5,0.047619047619047616,126,True
D_disc,par3_0178,mistral,0.051031251078406725,4,5,0.007936507936507936,126,True
D_disc,par3_0178,qwen,0.04761191886656137,4,5,0.015873015873015872,126,True
D_disc,par3_0179,gemma,0.023943229973883644,3,3,0.4,20,True
D_disc,par3_0179,llama,0.019697489380482647,3,5,0.44642857142857145,56,True
D_disc,par3_0179,mistral,0.015422142138364542,3,5,0.21428571428571427,56,True
D_disc,par3_0179,qwen,0.027096653760661858,3,2,0.5,10,True
D_disc,par3_0180,gemma,0.04487164208705929,2,5,0.047619047619047616,21,True
D_disc,par3_0180,llama,0.04382526981974,2,5,0.047619047619047616,21,True
D_disc,par3_0180,mistral,0.010456382004818382,2,4,0.8,15,True
D_disc,par3_0180,qwen,0.04382526981974,2,4,0.06666666666666667,15,True
D_disc,par3_0181,gemma,0.006093682112400469,3,5,0.03571428571428571,56,True
D_disc,par3_0181,llama,0.008716397722296753,3,5,0.16071428571428573,56,True
D_disc,par3_0181,mistral,0.00818943924641877,3,5,0.03571428571428571,56,True
D_disc,par3_0181,qwen,0.006334778876302519,3,5,0.03571428571428571,56,True
D_disc,par3_0182,gemma,0.0463126848555356,3,5,0.017857142857142856,56,True
D_disc,par3_0182,llama,0.0403583171383356,3,5,0.05357142857142857,56,True
D_disc,par3_0182,mistral,0.03074602873779062,3,5,0.017857142857142856,56,True
D_disc,par3_0182,qwen,0.07451306882864593,3,5,0.017857142857142856,56,True
D_disc,par3_0183,gemma,0.02080432548917381,4,5,0.0873015873015873,126,True
D_disc,par3_0183,llama,0.010073145827519947,4,5,0.40476190476190477,126,True
D_disc,par3_0183,mistral,0.023344334200514138,4,5,0.015873015873015872,126,True
D_disc,par3_0183,qwen,0.031463972164924484,4,3,0.11428571428571428,35,True
D_disc,par3_0184,gemma,0.01229420891450241,4,5,0.1349206349206349,126,True
D_disc,par3_0184,llama,0.010035615650372247,4,5,0.19047619047619047,126,True
D_disc,par3_0184,mistral,0.011960291006876352,4,5,0.1984126984126984,126,True
D_disc,par3_0184,qwen,0.019355389058741082,4,5,0.023809523809523808,126,True
D_disc,par3_0185,gemma,0.03879925314720589,3,2,0.1,10,True
D_disc,par3_0185,llama,0.0547554505823519,3,5,0.017857142857142856,56,True
D_disc,par3_0185,mistral,0.037941228370465485,3,5,0.05357142857142857,56,True
D_disc,par3_0185,qwen,0.04982652720348188,3,5,0.017857142857142856,56,True
D_disc,par3_0186,gemma,0.003890490342748418,3,3,1.0,20,True
D_disc,par3_0186,llama,0.004509127325089765,3,5,0.5892857142857143,56,True
D_disc,par3_0186,mistral,0.00456137489907442,3,5,0.625,56,True
D_disc,par3_0186,qwen,0.003575185643920571,3,4,0.8571428571428571,35,True
D_disc,par3_0187,gemma,0.007111730130407079,3,5,0.14285714285714285,56,True
D_disc,par3_0187,llama,0.0038222467763646415,3,5,0.375,56,True
D_disc,par3_0187,mistral,0.012047654465346318,3,5,0.017857142857142856,56,True
D_disc,par3_0187,qwen,0.010471133140954273,3,5,0.125,56,True
D_disc,par3_0188,gemma,0.002613809652593311,4,5,0.9285714285714286,126,True
D_disc,par3_0188,llama,0.023411756973217,4,5,0.007936507936507936,126,True
D_disc,par3_0188,mistral,0.03682927755925315,4,5,0.007936507936507936,126,True
D_disc,par3_0188,qwen,0.00850791323509184,4,3,0.42857142857142855,35,True
D_disc,par3_0189,gemma,0.007138525503366585,3,2,0.7,10,True
D_disc,par3_0189,llama,0.005845159545864656,3,5,0.19642857142857142,56,True
D_disc,par3_0189,mistral,0.005562478501712681,3,5,0.6071428571428571,56,True
D_disc,par3_0189,qwen,0.01048220285028412,3,3,0.3,20,True
D_disc,par3_0190,gemma,0.04572127478434436,3,5,0.05357142857142857,56,True
D_disc,par3_0190,llama,0.026624696388778395,3,5,0.39285714285714285,56,True
D_disc,par3_0190,mistral,0.03858384332629195,3,5,0.07142857142857142,56,True
D_disc,par3_0191,gemma,0.00745065288945636,3,5,0.8392857142857143,56,True
D_disc,par3_0191,llama,0.009116651099385115,3,5,0.75,56,True
D_disc,par3_0191,mistral,0.01687113203409766,3,4,0.45714285714285713,35,True
D_disc,par3_0191,qwen,0.011526113328303991,3,4,0.6,35,True
D_disc,par3_0192,gemma,0.006542077942087995,4,5,0.8333333333333334,126,True
D_disc,par3_0192,llama,0.008791623750707217,4,5,0.6587301587301587,126,True
D_disc,par3_0192,mistral,0.015422427287474637,4,5,0.3492063492063492,126,True
D_disc,par3_0192,qwen,0.015477421034969355,4,5,0.3412698412698413,126,True
D_disc,par3_0193,gemma,0.026515750660450203,3,5,0.19642857142857142,56,True
D_disc,par3_0193,llama,0.013782260077391445,3,5,0.7678571428571429,56,True
D_disc,par3_0193,mistral,0.022650446685156818,3,5,0.05357142857142857,56,True
D_disc,par3_0193,qwen,0.08254017185918212,3,3,0.1,20,True
D_disc,par3_0194,gemma,0.000885630321211206,4,5,0.7222222222222222,126,True
D_disc,par3_0194,llama,0.0026106786450283896,4,5,0.25396825396825395,126,True
D_disc,par3_0194,mistral,0.002768896900486927,4,5,0.40476190476190477,126,True
D_disc,par3_0194,qwen,0.003804823729860242,4,5,0.16666666666666666,126,True
D_disc,par3_0195,gemma,0.00495564232469662,3,5,0.39285714285714285,56,True
D_disc,par3_0195,llama,0.006046848757595594,3,5,0.625,56,True
D_disc,par3_0195,mistral,0.004818059588865045,3,4,0.8571428571428571,35,True
D_disc,par3_0195,qwen,0.006937783715810835,3,4,0.6857142857142857,35,True
D_disc,par3_0196,llama,0.00493879801190439,4,5,0.4365079365079365,126,True
D_disc,par3_0196,mistral,0.008761393316349132,4,5,0.16666666666666666,126,True
D_disc,par3_0197,gemma,0.006934733532102782,3,5,0.5178571428571429,56,True
D_disc,par3_0197,llama,0.029581886364300994,3,5,0.03571428571428571,56,True
D_disc,par3_0197,mistral,0.008606459112043295,3,5,0.625,56,True
D_disc,par3_0197,qwen,0.007771984044945508,3,5,0.7678571428571429,56,True
D_disc,par3_0198,gemma,0.01929958247737582,3,5,0.05357142857142857,56,True
D_disc,par3_0198,llama,0.01960206507970661,3,5,0.05357142857142857,56,True
D_disc,par3_0198,mistral,0.0104709512402321,3,5,0.44642857142857145,56,True
D_disc,par3_0198,qwen,0.017426536025812647,3,4,0.17142857142857143,35,True
D_disc,par3_0199,gemma,0.02388389019548809,3,5,0.125,56,True
D_disc,par3_0199,llama,0.014186007550675596,3,5,0.6607142857142857,56,True
D_disc,par3_0199,mistral,0.03368673091710778,3,5,0.08928571428571429,56,True
D_disc,par3_0199,qwen,0.03543746512946467,3,5,0.017857142857142856,56,True
D_narr,par3_0000,gemma,1.2176736414299443,3,5,0.23214285714285715,56,True
D_narr,par3_0000,llama,2.007743737212663,3,5,0.07142857142857142,56,True
D_narr,par3_0000,mistral,1.4205193084885512,3,5,0.39285714285714285,56,True
D_narr,par3_0000,qwen,1.1364591401322701,3,5,0.4107142857142857,56,True
D_narr,par3_0001,gemma,2.5580883332756716,4,5,0.007936507936507936,126,True
D_narr,par3_0001,llama,1.343638068163985,4,5,0.3412698412698413,126,True
D_narr,par3_0001,mistral,1.658543565872873,4,5,0.07142857142857142,126,True
D_narr,par3_0001,qwen,1.3721333355783574,4,5,0.23015873015873015,126,True
D_narr,par3_0002,gemma,1.8095333531835418,3,5,0.16071428571428573,56,True
D_narr,par3_0002,llama,1.6916157569507848,3,5,0.375,56,True
D_narr,par3_0002,mistral,2.310084949094553,3,5,0.07142857142857142,56,True
D_narr,par3_0002,qwen,1.7716232442500317,3,5,0.2857142857142857,56,True
D_narr,par3_0003,gemma,2.5181585901461223,3,5,0.017857142857142856,56,True
D_narr,par3_0003,llama,1.8547588834695707,3,5,0.017857142857142856,56,True
D_narr,par3_0003,mistral,2.426323050774953,3,5,0.017857142857142856,56,True
D_narr,par3_0003,qwen,1.9092050959469768,3,5,0.017857142857142856,56,True
D_narr,par3_0004,gemma,,1,3,,0,False
D_narr,par3_0004,llama,,1,5,,0,False
D_narr,par3_0004,mistral,,1,4,,0,False
D_narr,par3_0004,qwen,,1,2,,0,False
D_narr,par3_0005,gemma,2.087609089224392,3,5,0.05357142857142857,56,True
D_narr,par3_0005,llama,2.285555882732052,3,5,0.017857142857142856,56,True
D_narr,par3_0005,mistral,1.711559281130629,3,5,0.125,56,True
D_narr,par3_0006,gemma,2.6352734100804636,3,5,0.017857142857142856,56,True
D_narr,par3_0006,llama,2.6338026119554883,3,5,0.017857142857142856,56,True
D_narr,par3_0006,mistral,2.1189346928611057,3,5,0.05357142857142857,56,True
D_narr,par3_0006,qwen,2.6437636851112374,3,5,0.017857142857142856,56,True
D_narr,par3_0007,gemma,0.8311726726360011,4,5,0.05555555555555555,126,True
D_narr,par3_0007,llama,0.9077151929992785,4,5,0.007936507936507936,126,True
D_narr,par3_0007,mistral,0.690620083037937,4,5,0.40476190476190477,126,True
D_narr,par3_0007,qwen,1.6161901718435239,4,3,0.02857142857142857,35,True
D_narr,par3_0008,gemma,,1,4,,0,False
D_narr,par3_0008,llama,,1,5,,0,False
D_narr,par3_0008,mistral,,1,4,,0,False
D_narr,par3_0008,qwen,,1,4,,0,False
D_narr,par3_0009,gemma,1.464374116151656,3,5,0.16071428571428573,56,True
D_narr,par3_0009,llama,1.3959105713889566,3,5,0.07142857142857142,56,True
D_narr,par3_0009,mistral,1.2308124044750586,3,4,0.14285714285714285,35,True
D_narr,par3_0009,qwen,2.286119489274423,3,2,0.2,10,True
D_narr,par3_0010,gemma,1.2948818604649337,3,5,0.23214285714285715,56,True
D_narr,par3_0010,llama,1.3456264725779623,3,5,0.10714285714285714,56,True
D_narr,par3_0010,mistral,1.3087826092579133,3,5,0.017857142857142856,56,True
D_narr,par3_0010,qwen,1.2133712565731751,3,5,0.5357142857142857,56,True
D_narr,par3_0011,gemma,2.221964077916892,3,5,0.017857142857142856,56,True
D_narr,par3_0011,llama,1.3824621173912852,3,5,0.17857142857142858,56,True
D_narr,par3_0011,mistral,0.8791673536802456,3,5,0.8392857142857143,56,True
D_narr,par3_0011,qwen,0.8189513682382872,3,5,0.7321428571428571,56,True
D_narr,par3_0012,gemma,2.502459880315766,3,5,0.03571428571428571,56,True
D_narr,par3_0012,llama,2.7840449595323995,3,5,0.017857142857142856,56,True
D_narr,par3_0012,mistral,2.481740991849107,3,5,0.017857142857142856,56,True
D_narr,par3_0012,qwen,0.9185223344459703,3,5,0.9464285714285714,56,True
D_narr,par3_0013,gemma,1.7463064145745673,3,5,0.25,56,True
D_narr,par3_0013,llama,1.2779220377377625,3,5,0.7321428571428571,56,True
D_narr,par3_0013,mistral,1.8046089270498857,3,5,0.16071428571428573,56,True
D_narr,par3_0013,qwen,1.5928650723577358,3,3,0.7,20,True
D_narr,par3_0014,gemma,1.906932991540647,3,5,0.017857142857142856,56,True
D_narr,par3_0014,llama,1.6561438460553959,3,5,0.08928571428571429,56,True
D_narr,par3_0014,mistral,1.8861576749877045,3,4,0.02857142857142857,35,True
D_narr,par3_0014,qwen,1.901875286996991,3,5,0.017857142857142856,56,True
D_narr,par3_0015,gemma,1.0586843057725632,4,5,0.023809523809523808,126,True
D_narr,par3_0015,llama,0.9858965702605669,4,5,0.10317460317460317,126,True
D_narr,par3_0015,mistral,1.1991874290883495,4,5,0.015873015873015872,126,True
D_narr,par3_0015,qwen,0.8528120143396776,4,5,0.23015873015873015,126,True
D_narr,par3_0016,gemma,2.2059997743838933,2,5,0.7142857142857143,21,True
D_narr,par3_0016,llama,2.062077156572062,2,5,0.8095238095238095,21,True
D_narr,par3_0016,mistral,2.2680189260605013,2,5,0.6190476190476191,21,True
D_narr,par3_0016,qwen,2.592532824294072,2,5,0.47619047619047616,21,True
D_narr,par3_0017,gemma,1.1257756555912861,4,5,0.007936507936507936,126,True
D_narr,par3_0017,llama,1.2615960536748827,4,5,0.007936507936507936,126,True
D_narr,par3_0017,mistral,1.2251521210297602,4,5,0.007936507936507936,126,True
D_narr,par3_0017,qwen,1.0305021589111893,4,5,0.031746031746031744,126,True
D_narr,par3_0018,gemma,3.285295694583472,2,5,0.14285714285714285,21,True
D_narr,par3_0018,llama,2.465845648481767,2,5,0.38095238095238093,21,True
D_narr,par3_0018,mistral,3.3620157441902125,2,5,0.23809523809523808,21,True
D_narr,par3_0018,qwen,2.1453788553801014,2,4,0.5333333333333333,15,True
D_narr,par3_0019,gemma,,1,4,,0,False
D_narr,par3_0019,llama,,1,5,,0,False
D_narr,par3_0019,mistral,,1,5,,0,False
D_narr,par3_0020,gemma,2.7773782112748897,3,3,0.4,20,True
D_narr,par3_0020,llama,2.5565422806387077,3,5,0.125,56,True
D_narr,par3_0020,mistral,2.464964888751121,3,5,0.125,56,True
D_narr,par3_0020,qwen,2.639414703443941,3,5,0.125,56,True
D_narr,par3_0021,gemma,2.462929007019837,2,3,0.1,10,True
D_narr,par3_0021,llama,1.7979735418510812,2,5,0.14285714285714285,21,True
D_narr,par3_0021,mistral,1.8658172953831487,2,5,0.047619047619047616,21,True
D_narr,par3_0021,qwen,1.357020827902625,2,5,0.6190476190476191,21,True
D_narr,par3_0022,gemma,3.7188025359733756,2,3,0.1,10,True
D_narr,par3_0022,llama,2.7328153805812514,2,5,0.19047619047619047,21,True
D_narr,par3_0022,mistral,3.0698072833079704,2,5,0.09523809523809523,21,True
D_narr,par3_0022,qwen,3.7728521923067095,2,3,0.3,10,True
D_narr,par3_0023,gemma,2.998118360439238,2,5,0.14285714285714285,21,True
D_narr,par3_0023,llama,2.7182463593210695,2,5,0.23809523809523808,21,True
D_narr,par3_0023,mistral,1.9134645458232882,2,4,0.6666666666666666,15,True
D_narr,par3_0023,qwen,3.622062725764931,2,2,1.0,6,True
D_narr,par3_0024,gemma,0.8427641828525412,2,5,0.42857142857142855,21,True
D_narr,par3_0024,llama,2.2125960204530046,2,5,0.19047619047619047,21,True
D_narr,par3_0024,mistral,1.9841897126483867,2,5,0.5714285714285714,21,True
D_narr,par3_0024,qwen,1.699175303861397,2,5,0.3333333333333333,21,True
D_narr,par3_0025,gemma,,0,3,,0,False
D_narr,par3_0025,llama,,0,5,,0,False
D_narr,par3_0025,mistral,,0,3,,0,False
D_narr,par3_0025,qwen,,0,4,,0,False
D_narr,par3_0026,gemma,2.7628456662034258,4,5,0.007936507936507936,126,True
D_narr,par3_0026,llama,2.4783227054499477,4,3,0.08571428571428572,35,True
D_narr,par3_0026,mistral,1.2194214168362136,4,5,0.30952380952380953,126,True
D_narr,par3_0026,qwen,1.934221862494178,4,5,0.15079365079365079,126,True
D_narr,par3_0027,gemma,1.4220037383998911,4,5,0.031746031746031744,126,True
D_narr,par3_0027,llama,1.2550262589130035,4,5,0.06349206349206349,126,True
D_narr,par3_0027,mistral,1.231711735025086,4,5,0.09523809523809523,126,True
D_narr,par3_0027,qwen,1.6293400484978047,4,5,0.015873015873015872,126,True
D_narr,par3_0028,gemma,2.5044797686219455,3,5,0.08928571428571429,56,True
D_narr,par3_0028,llama,2.446878865623697,3,5,0.017857142857142856,56,True
D_narr,par3_0028,mistral,2.7256516915598787,3,5,0.017857142857142856,56,True
D_narr,par3_0028,qwen,1.718599436525281,3,5,0.08928571428571429,56,True
D_narr,par3_0029,gemma,1.7545912399508352,3,5,0.6964285714285714,56,True
D_narr,par3_0029,llama,1.2214918851778647,3,5,0.8571428571428571,56,True
D_narr,par3_0029,mistral,3.869359038887435,3,5,0.017857142857142856,56,True
D_narr,par3_0029,qwen,1.4663715141882054,3,5,0.8392857142857143,56,True
D_narr,par3_0030,gemma,2.4187252817536615,3,5,0.07142857142857142,56,True
D_narr,par3_0030,llama,4.234899508153314,3,4,0.02857142857142857,35,True
D_narr,par3_0030,mistral,1.6320294714465553,3,5,0.5,56,True
D_narr,par3_0030,qwen,1.258828452576906,3,5,0.6071428571428571,56,True
D_narr,par3_0031,gemma,1.219405534609017,4,5,0.11904761904761904,126,True
D_narr,par3_0031,llama,2.285246101397404,4,5,0.015873015873015872,126,True
D_narr,par3_0031,mistral,1.0770991002019277,4,5,0.2222222222222222,126,True
D_narr,par3_0031,qwen,1.748361607171109,4,5,0.007936507936507936,126,True
D_narr,par3_0032,gemma,1.862818416805009,3,5,0.19642857142857142,56,True
D_narr,par3_0032,llama,1.6445671979150998,3,5,0.17857142857142858,56,True
D_narr,par3_0032,mistral,1.8173962680779336,3,5,0.16071428571428573,56,True
D_narr,par3_0032,qwen,2.7610645920314543,3,2,0.2,10,True
D_narr,par3_0033,gemma,2.750440598081487,3,5,0.017857142857142856,56,True
D_narr,par3_0033,llama,0.8210741307896523,3,5,0.4642857142857143,56,True
D_narr,par3_0033,mistral,3.351050564636858,3,5,0.017857142857142856,56,True
D_narr,par3_0033,qwen,2.9155086284786074,3,5,0.017857142857142856,56,True
D_narr,par3_0034,gemma,2.093048457617061,4,5,0.015873015873015872,126,True
D_narr,par3_0034,llama,3.289041615358955,4,5,0.007936507936507936,126,True
D_narr,par3_0034,mistral,2.3514307599056608,4,5,0.023809523809523808,126,True
D_narr,par3_0034,qwen,1.9754501720769162,4,5,0.023809523809523808,126,True
D_narr,par3_0035,gemma,2.467274026624203,3,5,0.017857142857142856,56,True
D_narr,par3_0035,llama,3.1680081788904713,3,5,0.017857142857142856,56,True
D_narr,par3_0035,mistral,2.7143725405055634,3,5,0.05357142857142857,56,True
D_narr,par3_0035,qwen,2.8739458433055445,3,5,0.017857142857142856,56,True
D_narr,par3_0036,gemma,1.3598203636591522,3,5,0.23214285714285715,56,True
D_narr,par3_0036,llama,1.204703857685588,3,5,0.4107142857142857,56,True
D_narr,par3_0036,mistral,1.4697409702996356,3,5,0.03571428571428571,56,True
D_narr,par3_0036,qwen,1.0773493304085582,3,5,0.39285714285714285,56,True
D_narr,par3_0037,gemma,1.7671597352565092,3,5,0.017857142857142856,56,True
D_narr,par3_0037,llama,2.0516577202981923,3,5,0.03571428571428571,56,True
D_narr,par3_0037,mistral,2.807150036536121,3,4,0.05714285714285714,35,True
D_narr,par3_0037,qwen,1.219101553967885,3,5,0.07142857142857142,56,True
D_narr,par3_0038,gemma,1.6671640061317474,4,5,0.047619047619047616,126,True
D_narr,par3_0038,llama,1.4319472082426354,4,5,0.14285714285714285,126,True
D_narr,par3_0038,mistral,1.387439205712049,4,5,0.18253968253968253,126,True
D_narr,par3_0038,qwen,1.7380711373044408,4,5,0.2222222222222222,126,True
D_narr,par3_0039,gemma,1.712409856884777,3,5,0.26785714285714285,56,True
D_narr,par3_0039,llama,0.7392785144820111,3,5,0.625,56,True
D_narr,par3_0039,mistral,1.5615424030628327,3,5,0.35714285714285715,56,True
D_narr,par3_0039,qwen,1.318262884692623,3,5,0.5714285714285714,56,True
D_narr,par3_0040,gemma,1.0370535791339588,4,5,0.3968253968253968,126,True
D_narr,par3_0040,llama,2.0450934166864414,4,5,0.023809523809523808,126,True
D_narr,par3_0040,mistral,2.2835945949646543,4,5,0.015873015873015872,126,True
D_narr,par3_0040,qwen,1.75896164606896,4,4,0.05714285714285714,70,True
D_narr,par3_0041,gemma,1.2365887484386362,3,5,0.5357142857142857,56,True
D_narr,par3_0041,llama,1.4312341972085847,3,5,0.25,56,True
D_narr,par3_0041,mistral,2.2466289278516713,3,5,0.017857142857142856,56,True
D_narr,par3_0041,qwen,1.8778380953059868,3,4,0.2571428571428571,35,True
D_narr,par3_0042,gemma,1.5076034616912852,4,5,0.05555555555555555,126,True
D_narr,par3_0042,llama,1.5245106006348457,4,5,0.1111111111111111,126,True
D_narr,par3_0042,mistral,1.4712789818599785,4,5,0.047619047619047616,126,True
D_narr,par3_0042,qwen,1.2018233221322776,4,5,0.23809523809523808,126,True
D_narr,par3_0043,gemma,0.8303129992364051,3,5,0.21428571428571427,56,True
D_narr,par3_0043,llama,1.9618087692509187,3,4,0.2,35,True
D_narr,par3_0043,mistral,0.6253204701250124,3,5,0.8035714285714286,56,True
D_narr,par3_0043,qwen,1.00996528531471,3,4,0.22857142857142856,35,True
D_narr,par3_0044,gemma,1.4397323822315522,4,5,0.07936507936507936,126,True
D_narr,par3_0044,llama,1.3118311130187517,4,5,0.09523809523809523,126,True
D_narr,par3_0044,mistral,1.4807111982986205,4,5,0.015873015873015872,126,True
D_narr,par3_0044,qwen,1.3483147315244626,4,5,0.12698412698412698,126,True
D_narr,par3_0045,gemma,2.44561820004169,3,5,0.16071428571428573,56,True
D_narr,par3_0045,llama,3.398687395481213,3,5,0.017857142857142856,56,True
D_narr,par3_0045,mistral,3.587923781522271,3,5,0.017857142857142856,56,True
D_narr,par3_0045,qwen,3.7200776339116386,3,5,0.017857142857142856,56,True
D_narr,par3_0046,gemma,1.5541274453821194,3,2,0.4,10,True
D_narr,par3_0046,llama,0.9550786224751207,3,5,0.6607142857142857,56,True
D_narr,par3_0046,mistral,1.2108917893779614,3,5,0.30357142857142855,56,True
D_narr,par3_0047,gemma,3.4817088528908915,4,5,0.007936507936507936,126,True
D_narr,par3_0047,llama,2.275929172674078,4,5,0.031746031746031744,126,True
D_narr,par3_0047,mistral,3.2916155992907266,4,5,0.023809523809523808,126,True
D_narr,par3_0047,qwen,2.544731239841324,4,5,0.015873015873015872,126,True
D_narr,par3_0048,gemma,2.423669590646809,3,5,0.16071428571428573,56,True
D_narr,par3_0048,llama,3.5935175365220053,3,5,0.05357142857142857,56,True
D_narr,par3_0048,mistral,2.530643760988145,3,5,0.21428571428571427,56,True
D_narr,par3_0048,qwen,1.3448357261217465,3,5,0.75,56,True
D_narr,par3_0049,gemma,1.3991630674336923,4,5,0.047619047619047616,126,True
D_narr,par3_0049,llama,0.9669951582283975,4,5,0.6111111111111112,126,True
D_narr,par3_0049,mistral,1.4599866324909803,4,5,0.007936507936507936,126,True
D_narr,par3_0049,qwen,2.2303208215854404,4,2,0.3333333333333333,15,True
D_narr,par3_0050,gemma,6.341626357146072,2,2,0.3333333333333333,6,True
D_narr,par3_0050,llama,6.489746262505221,2,5,0.047619047619047616,21,True
D_narr,par3_0050,mistral,7.277272933353336,2,4,0.06666666666666667,15,True
D_narr,par3_0050,qwen,5.793006764005593,2,3,0.1,10,True
D_narr,par3_0051,gemma,1.1114303546838253,4,5,0.5238095238095238,126,True
D_narr,par3_0051,llama,1.6139780720127703,4,5,0.10317460317460317,126,True
D_narr,par3_0051,mistral,1.7373560531799028,4,5,0.12698412698412698,126,True
D_narr,par3_0051,qwen,2.072165310625384,4,3,0.11428571428571428,35,True
D_narr,par3_0052,gemma,1.7990631311553589,3,4,0.11428571428571428,35,True
D_narr,par3_0052,llama,1.2513341800159012,3,5,0.375,56,True
D_narr,par3_0052,mistral,0.9563240537857187,3,5,0.48214285714285715,56,True
D_narr,par3_0052,qwen,2.171119478304628,3,5,0.017857142857142856,56,True
D_narr,par3_0053,gemma,1.1265262671846294,3,5,0.4642857142857143,56,True
D_narr,par3_0053,llama,1.069243981896093,3,5,0.19642857142857142,56,True
D_narr,par3_0053,mistral,0.8422071344194805,3,5,0.5357142857142857,56,True
D_narr,par3_0053,qwen,1.364242854778301,3,5,0.23214285714285715,56,True
D_narr,par3_0054,gemma,1.3978276638365228,3,5,0.03571428571428571,56,True
D_narr,par3_0054,llama,1.6253075832836679,3,5,0.05357142857142857,56,True
D_narr,par3_0054,mistral,1.3412914030342953,3,5,0.03571428571428571,56,True
D_narr,par3_0054,qwen,1.4821123377837098,3,5,0.08928571428571429,56,True
D_narr,par3_0055,gemma,2.539390897264195,3,3,0.8,20,True
D_narr,par3_0055,llama,1.6385715786862698,3,5,0.6071428571428571,56,True
D_narr,par3_0055,mistral,2.59237222326066,3,5,0.07142857142857142,56,True
D_narr,par3_0055,qwen,2.770869258566882,3,4,0.02857142857142857,35,True
D_narr,par3_0056,gemma,0.7842131202237059,3,5,1.0,56,True
D_narr,par3_0056,llama,0.8735100591815479,3,5,0.8392857142857143,56,True
D_narr,par3_0056,mistral,1.002811058587307,3,5,0.7678571428571429,56,True
D_narr,par3_0056,qwen,1.5778621179611836,3,5,0.4642857142857143,56,True
D_narr,par3_0057,gemma,1.9419675238769,3,5,0.10714285714285714,56,True
D_narr,par3_0057,llama,1.5950447601521878,3,5,0.25,56,True
D_narr,par3_0057,mistral,3.0008626639779052,3,5,0.017857142857142856,56,True
D_narr,par3_0057,qwen,2.6800366065285406,3,5,0.017857142857142856,56,True
D_narr,par3_0058,gemma,2.412013852625903,3,4,0.2,35,True
D_narr,par3_0058,llama,2.0354373613835564,3,5,0.25,56,True
D_narr,par3_0058,mistral,2.9914877656673817,3,3,0.1,20,True
D_narr,par3_0058,qwen,3.2447998408306655,3,4,0.02857142857142857,35,True
D_narr,par3_0059,gemma,2.0222891664281475,3,5,0.07142857142857142,56,True
D_narr,par3_0059,llama,2.1887156724933954,3,5,0.03571428571428571,56,True
D_narr,par3_0059,mistral,1.2664623469455896,3,5,0.375,56,True
D_narr,par3_0059,qwen,1.7857176308484397,3,5,0.10714285714285714,56,True
D_narr,par3_0060,gemma,1.818329824116538,4,5,0.023809523809523808,126,True
D_narr,par3_0060,llama,1.3893150139989556,4,5,0.2857142857142857,126,True
D_narr,par3_0060,mistral,1.8669533953952806,4,5,0.023809523809523808,126,True
D_narr,par3_0060,qwen,1.642175857079064,4,4,0.2857142857142857,70,True
D_narr,par3_0061,gemma,1.0688467021232737,3,5,0.5,56,True
D_narr,par3_0061,llama,1.0303370598317358,3,5,0.5,56,True
D_narr,par3_0061,mistral,0.9659441598592814,3,5,0.21428571428571427,56,True
D_narr,par3_0061,qwen,1.0434738645359043,3,5,0.16071428571428573,56,True
D_narr,par3_0062,gemma,1.3759575897927325,3,4,0.9428571428571428,35,True
D_narr,par3_0062,llama,1.5070725224102923,3,5,0.5714285714285714,56,True
D_narr,par3_0062,mistral,1.524916375853656,3,5,0.6785714285714286,56,True
D_narr,par3_0062,qwen,2.0939076618891415,3,3,0.6,20,True
D_narr,par3_0063,gemma,4.8424145595998445,3,2,0.2,10,True
D_narr,par3_0063,llama,3.1207956310913576,3,5,0.05357142857142857,56,True
D_narr,par3_0063,mistral,3.0918544250571243,3,5,0.07142857142857142,56,True
D_narr,par3_0063,qwen,5.359918909383996,3,2,0.2,10,True
D_narr,par3_0064,gemma,2.5994064110975557,3,5,0.017857142857142856,56,True
D_narr,par3_0064,llama,1.7973634049628207,3,5,0.07142857142857142,56,True
D_narr,par3_0064,mistral,1.782683453257398,3,5,0.21428571428571427,56,True
D_narr,par3_0064,qwen,2.8046293521886865,3,5,0.017857142857142856,56,True
D_narr,par3_0065,gemma,2.159723925791453,3,2,0.9,10,True
D_narr,par3_0065,llama,,3,1,,0,False
D_narr,par3_0065,mistral,2.9768566057390817,3,2,0.7,10,True
D_narr,par3_0065,qwen,,3,0,,0,False
D_narr,par3_0066,gemma,2.082302640533097,3,5,0.10714285714285714,56,True
D_narr,par3_0066,llama,2.372304454984247,3,5,0.07142857142857142,56,True
D_narr,par3_0066,mistral,2.496492770626469,3,5,0.05357142857142857,56,True
D_narr,par3_0066,qwen,2.2452588786087437,3,5,0.05357142857142857,56,True
D_narr,par3_0067,gemma,3.3466735713658555,3,5,0.017857142857142856,56,True
D_narr,par3_0067,llama,2.8563668250709675,3,5,0.017857142857142856,56,True
D_narr,par3_0067,mistral,2.2487753139870263,3,5,0.05357142857142857,56,True
D_narr,par3_0067,qwen,2.0999623399115115,3,5,0.10714285714285714,56,True
D_narr,par3_0068,gemma,2.651296033291969,3,5,0.05357142857142857,56,True
D_narr,par3_0068,llama,1.7411360667302254,3,5,0.32142857142857145,56,True
D_narr,par3_0068,mistral,3.030299117536692,3,5,0.017857142857142856,56,True
D_narr,par3_0068,qwen,2.5473822345271664,3,5,0.05357142857142857,56,True
D_narr,par3_0069,gemma,1.5745146587371983,3,4,0.4,35,True
D_narr,par3_0069,llama,1.2551456417620999,3,5,0.6428571428571429,56,True
D_narr,par3_0069,mistral,1.5075670147892293,3,5,0.375,56,True
D_narr,par3_0069,qwen,2.049788853467307,3,5,0.05357142857142857,56,True
D_narr,par3_0070,gemma,,3,1,,0,False
D_narr,par3_0070,llama,2.5039112045608225,3,3,0.1,20,True
D_narr,par3_0070,mistral,3.7036404968301078,3,3,0.1,20,True
D_narr,par3_0070,qwen,3.509729643480779,3,3,0.1,20,True
D_narr,par3_0071,gemma,2.535834435770578,3,5,0.14285714285714285,56,True
D_narr,par3_0071,llama,3.2527491554614225,3,5,0.03571428571428571,56,True
D_narr,par3_0071,mistral,3.104345503400667,3,5,0.017857142857142856,56,True
D_narr,par3_0071,qwen,1.6062348523384669,3,5,0.19642857142857142,56,True
D_narr,par3_0072,gemma,1.5125891533294171,3,5,0.16071428571428573,56,True
D_narr,par3_0072,llama,1.221336258485874,3,5,0.3392857142857143,56,True
D_narr,par3_0072,mistral,1.2942658163275107,3,5,0.3392857142857143,56,True
D_narr,par3_0072,qwen,2.466071885948546,3,4,0.02857142857142857,35,True
D_narr,par3_0073,gemma,1.0885091684081265,3,5,0.375,56,True
D_narr,par3_0073,llama,1.0732554775310779,3,5,0.75,56,True
D_narr,par3_0073,mistral,1.2689510041846397,3,5,0.7321428571428571,56,True
D_narr,par3_0073,qwen,1.1577884141654682,3,5,0.7321428571428571,56,True
D_narr,par3_0074,gemma,1.3008728306745514,3,5,0.017857142857142856,56,True
D_narr,par3_0074,llama,1.7872457938131752,3,5,0.017857142857142856,56,True
D_narr,par3_0074,mistral,1.2924368541876272,3,5,0.03571428571428571,56,True
D_narr,par3_0074,qwen,1.399743959710825,3,5,0.07142857142857142,56,True
D_narr,par3_0075,gemma,2.552662776305894,4,5,0.007936507936507936,126,True
D_narr,par3_0075,llama,2.240732273576387,4,5,0.007936507936507936,126,True
D_narr,par3_0075,mistral,2.7230085767877266,4,5,0.007936507936507936,126,True
D_narr,par3_0075,qwen,2.5551032809454552,4,2,0.26666666666666666,15,True
D_narr,par3_0076,gemma,3.274301602537448,3,5,0.017857142857142856,56,True
D_narr,par3_0076,llama,0.9281205342075871,3,5,0.5892857142857143,56,True
D_narr,par3_0076,mistral,2.159403177154056,3,5,0.03571428571428571,56,True
D_narr,par3_0076,qwen,1.0555383848477633,3,5,0.07142857142857142,56,True
D_narr,par3_0077,gemma,2.163069066306974,4,5,0.023809523809523808,126,True
D_narr,par3_0077,llama,1.9634591252771538,4,5,0.023809523809523808,126,True
D_narr,par3_0077,mistral,2.3670256882191234,4,5,0.007936507936507936,126,True
D_narr,par3_0077,qwen,1.3368150871481856,4,5,0.42063492063492064,126,True
D_narr,par3_0078,gemma,0.7733119386845496,4,5,0.29365079365079366,126,True
D_narr,par3_0078,llama,0.9626521428190573,4,5,0.16666666666666666,126,True
D_narr,par3_0078,mistral,0.7131701261386483,4,5,0.8015873015873016,126,True
D_narr,par3_0078,qwen,0.7610518421185923,4,5,0.42063492063492064,126,True
D_narr,par3_0079,gemma,0.6601113336462998,4,5,0.3333333333333333,126,True
D_narr,par3_0079,llama,1.1700226381477743,4,5,0.007936507936507936,126,True
D_narr,par3_0079,mistral,1.0889491073897255,4,5,0.05555555555555555,126,True
D_narr,par3_0079,qwen,0.7811216416561957,4,5,0.3253968253968254,126,True
D_narr,par3_0080,gemma,2.3005933049669043,3,5,0.16071428571428573,56,True
D_narr,par3_0080,llama,2.3193650306494242,3,5,0.08928571428571429,56,True
D_narr,par3_0080,mistral,2.1355261659849125,3,5,0.16071428571428573,56,True
D_narr,par3_0080,qwen,3.3236100754661972,3,3,0.1,20,True
D_narr,par3_0081,gemma,1.511760039402129,3,5,0.32142857142857145,56,True
D_narr,par3_0081,llama,1.988257998669903,3,5,0.10714285714285714,56,True
D_narr,par3_0081,mistral,1.438857270064414,3,5,0.26785714285714285,56,True
D_narr,par3_0081,qwen,1.3701156919525324,3,5,0.21428571428571427,56,True
D_narr,par3_0082,gemma,1.0668223366783764,4,5,0.007936507936507936,126,True
D_narr,par3_0082,llama,0.8967983407370919,4,5,0.023809523809523808,126,True
D_narr,par3_0082,mistral,1.1530015611970916,4,5,0.015873015873015872,126,True
D_narr,par3_0082,qwen,0.6219087667681352,4,5,0.1984126984126984,126,True
D_narr,par3_0083,gemma,,1,2,,0,False
D_narr,par3_0083,llama,,1,4,,0,False
D_narr,par3_0083,mistral,,1,5,,0,False
D_narr,par3_0083,qwen,,1,5,,0,False
D_narr,par3_0084,gemma,2.393852962598088,2,2,1.0,6,True
D_narr,par3_0084,llama,1.7956430006131767,2,5,0.7142857142857143,21,True
D_narr,par3_0084,mistral,4.979423433349022,2,5,0.047619047619047616,21,True
D_narr,par3_0085,gemma,2.383721730866787,3,5,0.05357142857142857,56,True
D_narr,par3_0085,llama,1.9331427406522068,3,5,0.375,56,True
D_narr,par3_0085,mistral,2.628463752915442,3,5,0.07142857142857142,56,True
D_narr,par3_0085,qwen,2.903645063135045,3,5,0.10714285714285714,56,True
D_narr,par3_0086,gemma,1.8243768368680302,3,5,0.125,56,True
D_narr,par3_0086,llama,1.43834149172754,3,5,0.21428571428571427,56,True
D_narr,par3_0086,mistral,1.707588912092468,3,5,0.03571428571428571,56,True
D_narr,par3_0086,qwen,1.8167145485738556,3,5,0.07142857142857142,56,True
D_narr,par3_0087,gemma,4.139762454918434,2,5,0.047619047619047616,21,True
D_narr,par3_0087,llama,3.0330724622817677,2,5,0.09523809523809523,21,True
D_narr,par3_0087,mistral,0.9379801672057495,2,5,0.38095238095238093,21,True
D_narr,par3_0087,qwen,1.1620085236843773,2,5,0.5714285714285714,21,True
D_narr,par3_0088,gemma,1.525826318176076,3,5,0.2857142857142857,56,True
D_narr,par3_0088,llama,1.4672930849587282,3,5,0.39285714285714285,56,True
D_narr,par3_0088,mistral,2.2528232279308926,3,5,0.05357142857142857,56,True
D_narr,par3_0088,qwen,1.9650052544290695,3,5,0.125,56,True
D_narr,par3_0089,gemma,3.514799352684383,2,5,0.09523809523809523,21,True
D_narr,par3_0089,llama,2.268450277479057,2,5,0.14285714285714285,21,True
D_narr,par3_0089,mistral,3.3165631523717947,2,5,0.047619047619047616,21,True
D_narr,par3_0089,qwen,2.3776455726696626,2,4,0.13333333333333333,15,True
D_narr,par3_0090,gemma,,0,4,,0,False
D_narr,par3_0090,llama,,0,5,,0,False
D_narr,par3_0090,mistral,,0,5,,0,False
D_narr,par3_0090,qwen,,0,5,,0,False
D_narr,par3_0091,gemma,2.5826161143460054,3,5,0.03571428571428571,56,True
D_narr,par3_0091,llama,1.8333248082740985,3,5,0.17857142857142858,56,True
D_narr,par3_0091,mistral,1.7541728168839243,3,5,0.17857142857142858,56,True
D_narr,par3_0091,qwen,1.3577496405542133,3,4,0.6,35,True
D_narr,par3_0092,gemma,,3,1,,0,False
D_narr,par3_0092,llama,1.755878004832645,3,5,0.4107142857142857,56,True
D_narr,par3_0092,mistral,3.4864236055921762,3,5,0.017857142857142856,56,True
D_narr,par3_0092,qwen,2.079774996692594,3,4,0.34285714285714286,35,True
D_narr,par3_0093,gemma,0.9309353389293282,3,5,0.44642857142857145,56,True
D_narr,par3_0093,llama,1.2221923761444464,3,5,0.3392857142857143,56,True
D_narr,par3_0093,mistral,2.091265503632653,3,5,0.03571428571428571,56,True
D_narr,par3_0093,qwen,1.8298933851402974,3,5,0.05357142857142857,56,True
D_narr,par3_0094,gemma,2.060975265060229,4,4,0.05714285714285714,70,True
D_narr,par3_0094,llama,2.0659778309344756,4,5,0.007936507936507936,126,True
D_narr,par3_0094,mistral,2.714565995598048,4,5,0.007936507936507936,126,True
D_narr,par3_0095,gemma,0.8426584186536905,2,5,0.8571428571428571,21,True
D_narr,par3_0095,llama,1.543059054987951,2,5,0.5238095238095238,21,True
D_narr,par3_0095,mistral,1.762924707973057,2,4,0.6,15,True
D_narr,par3_0095,qwen,2.4815006036073948,2,3,0.1,10,True
D_narr,par3_0096,gemma,2.2940488062052475,4,5,0.03968253968253968,126,True
D_narr,par3_0096,llama,1.7527563762264062,4,5,0.15873015873015872,126,True
D_narr,par3_0096,mistral,1.739754097881456,4,5,0.07936507936507936,126,True
D_narr,par3_0096,qwen,1.9748206924163412,4,5,0.05555555555555555,126,True
D_narr,par3_0097,gemma,2.3225726779241596,4,5,0.007936507936507936,126,True
D_narr,par3_0097,llama,2.0957802729461066,4,5,0.047619047619047616,126,True
D_narr,par3_0097,mistral,2.752189932899447,4,5,0.007936507936507936,126,True
D_narr,par3_0097,qwen,2.5797105035374983,4,4,0.02857142857142857,70,True
D_narr,par3_0098,gemma,2.3018721107304754,3,5,0.07142857142857142,56,True
D_narr,par3_0098,llama,1.5308100976993888,3,5,0.7142857142857143,56,True
D_narr,par3_0098,mistral,2.7024477856325664,3,5,0.08928571428571429,56,True
D_narr,par3_0098,qwen,2.3746580834727498,3,5,0.125,56,True
D_narr,par3_0099,llama,1.5580560829190215,3,5,0.8392857142857143,56,True
D_narr,par3_0099,mistral,2.108712926076106,3,5,0.25,56,True
D_narr,par3_0099,qwen,1.7927474891522839,3,4,0.6,35,True
D_narr,par3_0100,gemma,2.139632757256717,4,5,0.007936507936507936,126,True
D_narr,par3_0100,llama,2.269375319766752,4,5,0.007936507936507936,126,True
D_narr,par3_0100,mistral,1.2004723477734656,4,5,0.1349206349206349,126,True
D_narr,par3_0100,qwen,1.4053238659722045,4,5,0.015873015873015872,126,True
D_narr,par3_0101,gemma,2.363948303922127,3,5,0.08928571428571429,56,True
D_narr,par3_0101,llama,4.420884787715152,3,5,0.017857142857142856,56,True
D_narr,par3_0101,mistral,3.2816670238827075,3,4,0.05714285714285714,35,True
D_narr,par3_0102,gemma,1.0724904273969869,4,5,0.3412698412698413,126,True
D_narr,par3_0102,llama,1.512345881036269,4,5,0.05555555555555555,126,True
D_narr,par3_0102,mistral,2.285876896084715,4,5,0.03968253968253968,126,True
D_narr,par3_0102,qwen,1.8799572354657204,4,5,0.007936507936507936,126,True
D_narr,par3_0103,gemma,1.6162403656125335,4,5,0.007936507936507936,126,True
D_narr,par3_0103,llama,1.6828998576637186,4,5,0.007936507936507936,126,True
D_narr,par3_0103,mistral,1.2450508078652132,4,5,0.007936507936507936,126,True
D_narr,par3_0103,qwen,2.109210889902024,4,5,0.007936507936507936,126,True
D_narr,par3_0104,gemma,1.3179180320641009,3,5,0.017857142857142856,56,True
D_narr,par3_0104,llama,1.6840193018475715,3,5,0.05357142857142857,56,True
D_narr,par3_0104,mistral,1.8838578476402175,3,5,0.017857142857142856,56,True
D_narr,par3_0104,qwen,0.5550423671614302,3,5,0.8928571428571429,56,True
D_narr,par3_0105,gemma,1.5382289259075703,4,5,0.06349206349206349,126,True
D_narr,par3_0105,llama,1.1450684977575192,4,5,0.20634920634920634,126,True
D_narr,par3_0105,mistral,1.154583264864796,4,4,0.6571428571428571,70,True
D_narr,par3_0106,gemma,,1,4,,0,False
D_narr,par3_0106,llama,,1,5,,0,False
D_narr,par3_0106,mistral,,1,5,,0,False
D_narr,par3_0106,qwen,,1,5,,0,False
D_narr,par3_0107,gemma,3.470640894209957,3,5,0.03571428571428571,56,True
D_narr,par3_0107,llama,2.2403060983000103,3,5,0.10714285714285714,56,True
D_narr,par3_0107,mistral,2.439853864464488,3,5,0.03571428571428571,56,True
D_narr,par3_0108,gemma,1.3169119121746615,4,4,0.4857142857142857,70,True
D_narr,par3_0108,llama,1.4089812701026538,4,5,0.1111111111111111,126,True
D_narr,par3_0108,mistral,0.7813469371434798,4,5,0.873015873015873,126,True
D_narr,par3_0108,qwen,1.7526236810612608,4,4,0.05714285714285714,70,True
D_narr,par3_0109,gemma,3.269447407380154,3,5,0.03571428571428571,56,True
D_narr,par3_0109,llama,2.685654435520241,3,5,0.21428571428571427,56,True
D_narr,par3_0109,mistral,3.77962732526891,3,5,0.08928571428571429,56,True
D_narr,par3_0109,qwen,3.12020643012672,3,4,0.17142857142857143,35,True
D_narr,par3_0110,gemma,0.9310051481160972,4,5,0.5793650793650794,126,True
D_narr,par3_0110,llama,1.1925216825355287,4,5,0.4365079365079365,126,True
D_narr,par3_0110,mistral,2.4047090653271725,4,5,0.023809523809523808,126,True
D_narr,par3_0110,qwen,1.19900620657607,4,5,0.42857142857142855,126,True
D_narr,par3_0111,gemma,1.5655933417406782,3,5,0.35714285714285715,56,True
D_narr,par3_0111,llama,1.5263931649846312,3,5,0.4107142857142857,56,True
D_narr,par3_0111,mistral,2.3997804633984368,3,5,0.017857142857142856,56,True
D_narr,par3_0111,qwen,1.622467679265057,3,5,0.2857142857142857,56,True
D_narr,par3_0112,gemma,,1,2,,0,False
D_narr,par3_0112,llama,,1,5,,0,False
D_narr,par3_0112,mistral,,1,5,,0,False
D_narr,par3_0112,qwen,,1,5,,0,False
D_narr,par3_0113,gemma,2.148969317914174,3,5,0.03571428571428571,56,True
D_narr,par3_0113,llama,1.4410493028352174,3,4,0.4,35,True
D_narr,par3_0113,mistral,2.219369485669842,3,5,0.07142857142857142,56,True
D_narr,par3_0113,qwen,1.014256824172143,3,5,0.375,56,True
D_narr,par3_0114,gemma,0.735786899640932,3,5,0.8035714285714286,56,True
D_narr,par3_0114,llama,1.2057481828486605,3,5,0.6785714285714286,56,True
D_narr,par3_0114,mistral,2.1094263688601878,3,5,0.05357142857142857,56,True
D_narr,par3_0114,qwen,,3,1,,0,False
D_narr,par3_0115,gemma,3.6175848973718487,3,5,0.017857142857142856,56,True
D_narr,par3_0115,llama,2.2266226279127665,3,5,0.125,56,True
D_narr,par3_0115,mistral,2.4934548580918636,3,5,0.07142857142857142,56,True
D_narr,par3_0115,qwen,1.8761740726451177,3,5,0.32142857142857145,56,True
D_narr,par3_0116,gemma,1.021814863441255,3,5,0.19642857142857142,56,True
D_narr,par3_0116,llama,0.4899819193389502,3,5,0.8571428571428571,56,True
D_narr,par3_0116,mistral,0.8817560100734296,3,5,0.4642857142857143,56,True
D_narr,par3_0116,qwen,0.852974102297587,3,5,0.3392857142857143,56,True
D_narr,par3_0117,gemma,3.301560914842062,3,5,0.017857142857142856,56,True
D_narr,par3_0117,llama,2.7607260507209066,3,5,0.05357142857142857,56,True
D_narr,par3_0117,mistral,3.9210798195114274,3,5,0.017857142857142856,56,True
D_narr,par3_0117,qwen,3.177911656350026,3,5,0.03571428571428571,56,True
D_narr,par3_0118,gemma,5.31604858975313,3,2,0.1,10,True
D_narr,par3_0118,llama,2.519109561341683,3,5,0.08928571428571429,56,True
D_narr,par3_0118,mistral,1.8723216679590688,3,5,0.4107142857142857,56,True
D_narr,par3_0118,qwen,5.239239062320195,3,4,0.02857142857142857,35,True
D_narr,par3_0119,gemma,0.832573604526202,4,5,0.4444444444444444,126,True
D_narr,par3_0119,llama,1.4317228420961123,4,5,0.12698412698412698,126,True
D_narr,par3_0119,mistral,0.9440827733937542,4,5,0.5873015873015873,126,True
D_narr,par3_0119,qwen,1.5225991727640422,4,5,0.007936507936507936,126,True
D_narr,par3_0120,gemma,0.8790975372374643,3,5,0.6071428571428571,56,True
D_narr,par3_0120,llama,1.1564078225342898,3,4,0.6571428571428571,35,True
D_narr,par3_0120,mistral,1.2710898245870217,3,5,0.25,56,True
D_narr,par3_0120,qwen,2.5817314473655735,3,4,0.05714285714285714,35,True
D_narr,par3_0121,gemma,0.8743944286979602,4,5,0.07142857142857142,126,True
D_narr,par3_0121,llama,1.2896072150720905,4,5,0.023809523809523808,126,True
D_narr,par3_0121,mistral,1.04313296402536,4,5,0.007936507936507936,126,True
D_narr,par3_0121,qwen,0.7905188874767799,4,5,0.10317460317460317,126,True
D_narr,par3_0122,gemma,0.8714419239990181,3,5,0.5178571428571429,56,True
D_narr,par3_0122,llama,2.084557430705919,3,5,0.05357142857142857,56,True
D_narr,par3_0122,mistral,1.815452707066182,3,5,0.125,56,True
D_narr,par3_0122,qwen,0.6086406788549441,3,5,0.9285714285714286,56,True
D_narr,par3_0123,gemma,2.6699926908003597,3,5,0.017857142857142856,56,True
D_narr,par3_0123,llama,2.401493984996103,3,5,0.05357142857142857,56,True
D_narr,par3_0123,mistral,2.6907858492186296,3,5,0.03571428571428571,56,True
D_narr,par3_0123,qwen,2.098253679019596,3,5,0.05357142857142857,56,True
D_narr,par3_0124,gemma,0.9748561432145213,4,5,0.3888888888888889,126,True
D_narr,par3_0124,llama,1.0659494403617966,4,5,0.23809523809523808,126,True
D_narr,par3_0124,mistral,0.9647459369985076,4,5,0.24603174603174602,126,True
D_narr,par3_0124,qwen,1.1297613469813668,4,5,0.2777777777777778,126,True
D_narr,par3_0125,gemma,2.2501903006792263,3,5,0.017857142857142856,56,True
D_narr,par3_0125,llama,1.7658737392330655,3,5,0.14285714285714285,56,True
D_narr,par3_0125,mistral,2.4521994344290174,3,5,0.05357142857142857,56,True
D_narr,par3_0126,gemma,1.2168687778217084,3,5,0.4107142857142857,56,True
D_narr,par3_0126,llama,1.0089160255375764,3,3,1.0,20,True
D_narr,par3_0126,mistral,1.5108027138843656,3,5,0.25,56,True
D_narr,par3_0126,qwen,1.474591405966371,3,5,0.4107142857142857,56,True
D_narr,par3_0127,gemma,3.3396083857617924,3,5,0.017857142857142856,56,True
D_narr,par3_0127,llama,3.165445988746066,3,5,0.017857142857142856,56,True
D_narr,par3_0127,mistral,2.2465208071858846,3,5,0.10714285714285714,56,True
D_narr,par3_0127,qwen,2.3452105810810293,3,5,0.07142857142857142,56,True
D_narr,par3_0128,gemma,0.8252272354327146,3,5,0.6607142857142857,56,True
D_narr,par3_0128,llama,0.5801686603565934,3,5,0.7142857142857143,56,True
D_narr,par3_0128,mistral,0.5895258983287606,3,5,0.8035714285714286,56,True
D_narr,par3_0128,qwen,1.5426023184743105,3,5,0.08928571428571429,56,True
D_narr,par3_0129,gemma,1.009026436711706,4,5,0.30158730158730157,126,True
D_narr,par3_0129,llama,1.2255475487513474,4,5,0.1349206349206349,126,True
D_narr,par3_0129,mistral,1.7969410014767586,4,5,0.015873015873015872,126,True
D_narr,par3_0129,qwen,1.4717983064153763,4,5,0.007936507936507936,126,True
D_narr,par3_0130,gemma,1.6096529881515618,3,5,0.08928571428571429,56,True
D_narr,par3_0130,llama,1.5433414210379803,3,5,0.30357142857142855,56,True
D_narr,par3_0130,mistral,1.8212780290569865,3,5,0.03571428571428571,56,True
D_narr,par3_0130,qwen,1.2434248280264455,3,5,0.42857142857142855,56,True
D_narr,par3_0131,gemma,,0,5,,0,False
D_narr,par3_0131,llama,,0,5,,0,False
D_narr,par3_0131,mistral,,0,5,,0,False
D_narr,par3_0131,qwen,,0,5,,0,False
D_narr,par3_0132,gemma,2.7841515811929076,5,5,0.007936507936507936,252,True
D_narr,par3_0132,llama,1.2539851613011876,5,5,0.2619047619047619,252,True
D_narr,par3_0132,mistral,3.2829285954175162,5,2,0.047619047619047616,21,True
D_narr,par3_0132,qwen,1.573270222612638,5,5,0.07936507936507936,252,True
D_narr,par3_0133,gemma,0.6844153172810444,3,5,0.44642857142857145,56,True
D_narr,par3_0133,llama,0.9932750463263962,3,5,0.8035714285714286,56,True
D_narr,par3_0133,mistral,2.176507977029047,3,5,0.017857142857142856,56,True
D_narr,par3_0133,qwen,0.7728051444004784,3,5,0.42857142857142855,56,True
D_narr,par3_0134,gemma,2.9708451940750846,3,4,0.02857142857142857,35,True
D_narr,par3_0134,llama,2.9256148162256506,3,4,0.05714285714285714,35,True
D_narr,par3_0134,mistral,2.029400809738023,3,5,0.14285714285714285,56,True
D_narr,par3_0135,gemma,0.81011732607903,4,5,0.2698412698412698,126,True
D_narr,par3_0135,llama,0.9607189859140242,4,5,0.07142857142857142,126,True
D_narr,par3_0135,mistral,1.170842651147077,4,4,0.2857142857142857,70,True
D_narr,par3_0135,qwen,0.65607163679434,4,5,0.38095238095238093,126,True
D_narr,par3_0136,gemma,4.139708053498964,2,5,0.047619047619047616,21,True
D_narr,par3_0136,llama,3.6545948216312016,2,4,0.06666666666666667,15,True
D_narr,par3_0136,mistral,4.234358858673007,2,5,0.047619047619047616,21,True
D_narr,par3_0136,qwen,3.2380622934575403,2,2,1.0,6,True
D_narr,par3_0137,gemma,1.5299042879739435,3,5,0.3392857142857143,56,True
D_narr,par3_0137,llama,1.9014638477084052,3,5,0.14285714285714285,56,True
D_narr,par3_0137,mistral,1.860858446973525,3,5,0.05357142857142857,56,True
D_narr,par3_0137,qwen,1.5654430715158376,3,3,0.7,20,True
D_narr,par3_0138,gemma,2.909344224116942,4,5,0.023809523809523808,126,True
D_narr,par3_0138,llama,2.403958181915976,4,5,0.031746031746031744,126,True
D_narr,par3_0138,mistral,1.2216233250349458,4,5,0.5158730158730159,126,True
D_narr,par3_0138,qwen,2.36284348464787,4,3,0.11428571428571428,35,True
D_narr,par3_0139,gemma,1.4811015741489486,3,5,0.23214285714285715,56,True
D_narr,par3_0139,llama,1.357644305984714,3,5,0.30357142857142855,56,True
D_narr,par3_0139,mistral,1.6021937746374244,3,4,0.17142857142857143,35,True
D_narr,par3_0139,qwen,1.4926051796955517,3,5,0.16071428571428573,56,True
D_narr,par3_0140,gemma,2.5562296622900824,3,2,0.6,10,True
D_narr,par3_0140,llama,,3,0,,0,False
D_narr,par3_0140,mistral,,3,0,,0,False
D_narr,par3_0140,qwen,,3,0,,0,False
D_narr,par3_0141,gemma,2.876747716228448,3,2,0.4,10,True
D_narr,par3_0141,llama,2.5483874714224584,3,5,0.05357142857142857,56,True
D_narr,par3_0141,mistral,3.959256439212287,3,5,0.017857142857142856,56,True
D_narr,par3_0141,qwen,3.388138126267494,3,4,0.05714285714285714,35,True
D_narr,par3_0142,gemma,2.0929857065385917,3,5,0.125,56,True
D_narr,par3_0142,llama,1.4032529533855906,3,5,0.23214285714285715,56,True
D_narr,par3_0142,mistral,1.645327090544129,3,5,0.30357142857142855,56,True
D_narr,par3_0142,qwen,1.3344713307135776,3,5,0.3392857142857143,56,True
D_narr,par3_0143,gemma,1.7651624303416131,3,5,0.19642857142857142,56,True
D_narr,par3_0143,llama,1.1692205139822138,3,5,0.6607142857142857,56,True
D_narr,par3_0143,mistral,2.5610500442005186,3,5,0.10714285714285714,56,True
D_narr,par3_0143,qwen,2.6752346688979136,3,5,0.017857142857142856,56,True
D_narr,par3_0144,gemma,1.5016812394322903,3,5,0.05357142857142857,56,True
D_narr,par3_0144,llama,2.0000271490756623,3,4,0.02857142857142857,35,True
D_narr,par3_0144,mistral,1.765210390473768,3,5,0.05357142857142857,56,True
D_narr,par3_0144,qwen,1.636792832372717,3,5,0.017857142857142856,56,True
D_narr,par3_0145,gemma,1.764628654625641,4,4,0.05714285714285714,70,True
D_narr,par3_0145,llama,2.134172353151688,4,5,0.007936507936507936,126,True
D_narr,par3_0145,mistral,2.2427060925077957,4,5,0.015873015873015872,126,True
D_narr,par3_0145,qwen,2.3577566592969106,4,3,0.05714285714285714,35,True
D_narr,par3_0146,gemma,1.475308415101655,3,5,0.05357142857142857,56,True
D_narr,par3_0146,llama,1.3636723469840577,3,5,0.16071428571428573,56,True
D_narr,par3_0146,mistral,2.0406782941309687,3,5,0.017857142857142856,56,True
D_narr,par3_0146,qwen,1.0127552670850337,3,5,0.39285714285714285,56,True
D_narr,par3_0147,gemma,3.552709486728288,2,5,0.047619047619047616,21,True
D_narr,par3_0147,llama,3.640461684377803,2,4,0.06666666666666667,15,True
D_narr,par3_0147,mistral,3.7281042283366457,2,5,0.047619047619047616,21,True
D_narr,par3_0147,qwen,3.8783523500859802,2,4,0.06666666666666667,15,True
D_narr,par3_0148,gemma,,1,5,,0,False
D_narr,par3_0148,llama,,1,5,,0,False
D_narr,par3_0148,mistral,,1,5,,0,False
D_narr,par3_0148,qwen,,1,4,,0,False
D_narr,par3_0149,gemma,0.948451600515728,3,5,0.125,56,True
D_narr,par3_0149,llama,1.7467192760503591,3,5,0.017857142857142856,56,True
D_narr,par3_0149,mistral,0.5210234073512469,3,5,0.6428571428571429,56,True
D_narr,par3_0149,qwen,0.6014321094148827,3,5,0.30357142857142855,56,True
D_narr,par3_0150,gemma,1.4663368535327383,3,5,0.03571428571428571,56,True
D_narr,par3_0150,llama,0.9624855446608689,3,5,0.17857142857142858,56,True
D_narr,par3_0150,mistral,1.1031305275937149,3,5,0.4642857142857143,56,True
D_narr,par3_0150,qwen,0.7640392436766319,3,5,0.625,56,True
D_narr,par3_0151,gemma,1.0596788053521407,4,5,0.2619047619047619,126,True
D_narr,par3_0151,llama,0.886425254488364,4,4,0.6285714285714286,70,True
D_narr,par3_0151,mistral,1.2541886120280927,4,5,0.10317460317460317,126,True
D_narr,par3_0152,gemma,,0,4,,0,False
D_narr,par3_0152,llama,,0,5,,0,False
D_narr,par3_0152,mistral,,0,4,,0,False
D_narr,par3_0153,gemma,1.6389669609332715,3,5,0.08928571428571429,56,True
D_narr,par3_0153,llama,0.8828911132466557,3,5,0.8392857142857143,56,True
D_narr,par3_0153,mistral,1.1525802400181964,3,5,0.5892857142857143,56,True
D_narr,par3_0154,gemma,1.908492076600263,4,5,0.03968253968253968,126,True
D_narr,par3_0154,llama,0.7821558825594184,4,5,0.7698412698412699,126,True
D_narr,par3_0154,mistral,0.8801064975733224,4,5,0.5634920634920635,126,True
D_narr,par3_0154,qwen,1.7302446229393773,4,2,0.3333333333333333,15,True
D_narr,par3_0155,gemma,0.66164898239525,4,5,0.6111111111111112,126,True
D_narr,par3_0155,llama,0.5369938686211047,4,5,0.8650793650793651,126,True
D_narr,par3_0155,mistral,0.6979185541241137,4,5,0.5079365079365079,126,True
D_narr,par3_0155,qwen,0.8255750950381446,4,5,0.24603174603174602,126,True
D_narr,par3_0156,gemma,2.105873146925752,3,5,0.08928571428571429,56,True
D_narr,par3_0156,llama,1.5800645225305545,3,5,0.23214285714285715,56,True
D_narr,par3_0156,mistral,2.339435441484249,3,5,0.03571428571428571,56,True
D_narr,par3_0156,qwen,1.7473503617564012,3,5,0.10714285714285714,56,True
D_narr,par3_0157,gemma,1.4593980396030353,3,3,0.1,20,True
D_narr,par3_0157,llama,0.8570055363797422,3,5,0.5,56,True
D_narr,par3_0157,mistral,0.9130142143406903,3,5,0.4107142857142857,56,True
D_narr,par3_0157,qwen,1.601779974729208,3,4,0.02857142857142857,35,True
D_narr,par3_0158,gemma,1.6331473183786698,2,5,0.7142857142857143,21,True
D_narr,par3_0158,llama,1.5066060898070102,2,5,0.5714285714285714,21,True
D_narr,par3_0158,mistral,2.181499065593705,2,5,0.5238095238095238,21,True
D_narr,par3_0159,gemma,1.3696561650915942,4,5,0.007936507936507936,126,True
D_narr,par3_0159,llama,1.4559808297997745,4,5,0.015873015873015872,126,True
D_narr,par3_0159,mistral,0.9611567016762672,4,4,0.02857142857142857,70,True
D_narr,par3_0159,qwen,1.3418740621152851,4,5,0.007936507936507936,126,True
D_narr,par3_0160,gemma,1.1566548541441934,4,5,0.05555555555555555,126,True
D_narr,par3_0160,llama,1.0487989336484884,4,5,0.09523809523809523,126,True
D_narr,par3_0160,mistral,1.4071498601878591,4,5,0.06349206349206349,126,True
D_narr,par3_0160,qwen,1.6522305475627739,4,5,0.007936507936507936,126,True
D_narr,par3_0161,gemma,0.9955176661212188,4,5,0.14285714285714285,126,True
D_narr,par3_0161,llama,0.8083074210917947,4,5,0.373015873015873,126,True
D_narr,par3_0161,mistral,0.8090273744830514,4,5,0.5079365079365079,126,True
D_narr,par3_0161,qwen,0.9135182982010182,4,5,0.1349206349206349,126,True
D_narr,par3_0162,gemma,1.7029604208956872,3,5,0.2857142857142857,56,True
D_narr,par3_0162,llama,2.4330692783806187,3,5,0.10714285714285714,56,True
D_narr,par3_0162,mistral,0.9828336226314023,3,5,0.9107142857142857,56,True
D_narr,par3_0162,qwen,1.309679960266359,3,5,0.5,56,True
D_narr,par3_0163,gemma,2.017703258889198,3,5,0.03571428571428571,56,True
D_narr,par3_0163,llama,2.1634175480721414,3,5,0.017857142857142856,56,True
D_narr,par3_0163,mistral,2.19955555126996,3,5,0.05357142857142857,56,True
D_narr,par3_0163,qwen,1.4956493116707523,3,5,0.19642857142857142,56,True
D_narr,par3_0164,gemma,1.7604819156153397,4,5,0.14285714285714285,126,True
D_narr,par3_0164,llama,1.2193291681484544,4,5,0.3492063492063492,126,True
D_narr,par3_0164,mistral,2.789034578741463,4,5,0.007936507936507936,126,True
D_narr,par3_0164,qwen,1.1971672071204416,4,5,0.47619047619047616,126,True
D_narr,par3_0165,llama,1.3711350205150998,3,5,0.375,56,True
D_narr,par3_0165,mistral,1.8851363477891168,3,5,0.07142857142857142,56,True
D_narr,par3_0166,llama,0.7704220917363394,4,5,0.9682539682539683,126,True
D_narr,par3_0166,mistral,1.2358568742416776,4,4,0.6285714285714286,70,True
D_narr,par3_0166,qwen,1.2697937764564085,4,4,0.5142857142857142,70,True
D_narr,par3_0167,gemma,0.6037698491476156,4,5,0.1349206349206349,126,True
D_narr,par3_0167,llama,0.7036742125603274,4,4,0.08571428571428572,70,True
D_narr,par3_0167,mistral,0.9537843042159586,4,4,0.02857142857142857,70,True
D_narr,par3_0167,qwen,1.2807935911222468,4,5,0.007936507936507936,126,True
D_narr,par3_0168,gemma,0.9356578715171472,4,5,0.11904761904761904,126,True
D_narr,par3_0168,llama,1.3982549581410813,4,5,0.06349206349206349,126,True
D_narr,par3_0168,mistral,1.744220542989202,4,5,0.047619047619047616,126,True
D_narr,par3_0168,qwen,0.9301373893095026,4,5,0.42063492063492064,126,True
D_narr,par3_0169,gemma,1.5060579152404912,3,5,0.6607142857142857,56,True
D_narr,par3_0169,llama,1.651933424212289,3,5,0.5535714285714286,56,True
D_narr,par3_0169,mistral,1.7325460023413957,3,5,0.375,56,True
D_narr,par3_0169,qwen,1.9329100089774691,3,4,0.42857142857142855,35,True
D_narr,par3_0170,gemma,2.25801376972409,3,5,0.017857142857142856,56,True
D_narr,par3_0170,llama,0.3708759913688944,3,5,0.75,56,True
D_narr,par3_0170,mistral,1.1767368788669454,3,5,0.17857142857142858,56,True
D_narr,par3_0170,qwen,1.0611271518275842,3,5,0.48214285714285715,56,True
D_narr,par3_0171,gemma,1.63521189585719,3,5,0.375,56,True
D_narr,par3_0171,llama,2.374304619133329,3,5,0.125,56,True
D_narr,par3_0171,mistral,1.710660019785015,3,5,0.3392857142857143,56,True
D_narr,par3_0171,qwen,2.3509469694606304,3,5,0.08928571428571429,56,True
D_narr,par3_0172,gemma,0.8116052675104606,3,5,0.5357142857142857,56,True
D_narr,par3_0172,llama,0.7981408130622043,3,5,0.5357142857142857,56,True
D_narr,par3_0172,mistral,0.7293256170460782,3,5,0.6607142857142857,56,True
D_narr,par3_0172,qwen,0.6543857366162253,3,5,0.625,56,True
D_narr,par3_0173,gemma,,1,4,,0,False
D_narr,par3_0173,llama,,1,5,,0,False
D_narr,par3_0173,mistral,,1,4,,0,False
D_narr,par3_0174,gemma,2.428926723741397,3,5,0.03571428571428571,56,True
D_narr,par3_0174,llama,3.0535402774842724,3,5,0.017857142857142856,56,True
D_narr,par3_0174,mistral,4.345792542363594,3,4,0.02857142857142857,35,True
D_narr,par3_0174,qwen,3.4499115620767924,3,5,0.017857142857142856,56,True
D_narr,par3_0175,gemma,4.54028527490579,2,3,0.1,10,True
D_narr,par3_0175,llama,4.155971789069154,2,4,0.06666666666666667,15,True
D_narr,par3_0175,mistral,4.5322224390735055,2,5,0.047619047619047616,21,True
D_narr,par3_0176,gemma,1.2267182346524454,4,5,0.38095238095238093,126,True
D_narr,par3_0176,llama,1.9242351039903485,4,5,0.007936507936507936,126,True
D_narr,par3_0176,mistral,1.706590924192204,4,5,0.023809523809523808,126,True
D_narr,par3_0176,qwen,1.7155770565070256,4,5,0.07936507936507936,126,True
D_narr,par3_0177,gemma,1.6536659466572907,3,5,0.14285714285714285,56,True
D_narr,par3_0177,llama,1.8684527205176433,3,5,0.03571428571428571,56,True
D_narr,par3_0177,mistral,1.744647447681729,3,4,0.2571428571428571,35,True
D_narr,par3_0177,qwen,1.9563811841627454,3,5,0.05357142857142857,56,True
D_narr,par3_0178,gemma,3.0192752897575508,2,5,0.09523809523809523,21,True
D_narr,par3_0178,llama,3.7349825930036413,2,5,0.09523809523809523,21,True
D_narr,par3_0178,mistral,4.140006656711492,2,5,0.047619047619047616,21,True
D_narr,par3_0178,qwen,3.6399988845710793,2,5,0.047619047619047616,21,True
D_narr,par3_0179,gemma,3.149552929867676,3,3,0.1,20,True
D_narr,par3_0179,llama,2.1447780636930522,3,5,0.07142857142857142,56,True
D_narr,par3_0179,mistral,1.9407809364697979,3,5,0.30357142857142855,56,True
D_narr,par3_0179,qwen,3.61083879239125,3,2,0.2,10,True
D_narr,par3_0180,gemma,1.0595541728036242,3,5,0.5357142857142857,56,True
D_narr,par3_0180,llama,1.158625187652552,3,5,0.4642857142857143,56,True
D_narr,par3_0180,mistral,2.1590623293052333,3,5,0.14285714285714285,56,True
D_narr,par3_0180,qwen,1.045543971041017,3,5,0.26785714285714285,56,True
D_narr,par3_0181,gemma,1.557496748768718,3,5,0.10714285714285714,56,True
D_narr,par3_0181,llama,2.408205623983588,3,5,0.017857142857142856,56,True
D_narr,par3_0181,mistral,1.9041760382795758,3,5,0.07142857142857142,56,True
D_narr,par3_0181,qwen,1.9695569191373146,3,5,0.05357142857142857,56,True
D_narr,par3_0182,gemma,2.168205559159416,3,5,0.125,56,True
D_narr,par3_0182,llama,1.7101468292985853,3,4,0.45714285714285713,35,True
D_narr,par3_0182,mistral,2.178532821551817,3,5,0.05357142857142857,56,True
D_narr,par3_0182,qwen,2.0142555414139025,3,5,0.26785714285714285,56,True
D_narr,par3_0183,gemma,1.6250902896520318,3,5,0.32142857142857145,56,True
D_narr,par3_0183,llama,1.5983395447770017,3,5,0.16071428571428573,56,True
D_narr,par3_0183,mistral,1.1415557533317973,3,5,0.8035714285714286,56,True
D_narr,par3_0183,qwen,1.7854275400977075,3,3,0.4,20,True
D_narr,par3_0184,gemma,1.6939073451232753,3,5,0.05357142857142857,56,True
D_narr,par3_0184,llama,2.048060919354932,3,5,0.07142857142857142,56,True
D_narr,par3_0184,mistral,1.4991066906147745,3,5,0.10714285714285714,56,True
D_narr,par3_0184,qwen,1.5436042867790118,3,5,0.08928571428571429,56,True
D_narr,par3_0185,gemma,2.412050365490928,3,2,0.2,10,True
D_narr,par3_0185,llama,1.144432467752286,3,5,0.5535714285714286,56,True
D_narr,par3_0185,mistral,1.2367138828757867,3,5,0.35714285714285715,56,True
D_narr,par3_0185,qwen,1.5191562267041814,3,5,0.05357142857142857,56,True
D_narr,par3_0186,gemma,1.9357068992917787,3,3,0.3,20,True
D_narr,par3_0186,llama,1.4277524455606982,3,5,0.25,56,True
D_narr,par3_0186,mistral,1.9042361698743824,3,5,0.10714285714285714,56,True
D_narr,par3_0186,qwen,1.2196474262688084,3,4,0.5428571428571428,35,True
D_narr,par3_0187,gemma,2.0909559836650713,3,5,0.017857142857142856,56,True
D_narr,par3_0187,llama,1.6862112822189477,3,5,0.125,56,True
D_narr,par3_0187,mistral,1.4058829261755443,3,5,0.39285714285714285,56,True
D_narr,par3_0187,qwen,1.862467938767497,3,5,0.03571428571428571,56,True
D_narr,par3_0188,gemma,2.0546359951059077,4,5,0.007936507936507936,126,True
D_narr,par3_0188,llama,0.956917616941301,4,5,0.40476190476190477,126,True
D_narr,par3_0188,mistral,1.080600377637268,4,5,0.21428571428571427,126,True
D_narr,par3_0188,qwen,1.1580409835345604,4,3,0.4857142857142857,35,True
D_narr,par3_0189,gemma,3.0661695337013004,3,2,0.1,10,True
D_narr,par3_0189,llama,1.961511551557081,3,5,0.03571428571428571,56,True
D_narr,par3_0189,mistral,1.336730456607594,3,5,0.375,56,True
D_narr,par3_0189,qwen,1.8831218755431136,3,3,0.4,20,True
D_narr,par3_0190,gemma,,1,5,,0,False
D_narr,par3_0190,llama,,1,5,,0,False
D_narr,par3_0190,mistral,,1,5,,0,False
D_narr,par3_0191,gemma,2.1361218942259383,3,5,0.07142857142857142,56,True
D_narr,par3_0191,llama,2.1950886505752365,3,5,0.125,56,True
D_narr,par3_0191,mistral,2.0393151278420087,3,4,0.3142857142857143,35,True
D_narr,par3_0191,qwen,1.6231951099076836,3,4,0.2571428571428571,35,True
D_narr,par3_0192,gemma,1.8655781691253925,4,5,0.03968253968253968,126,True
D_narr,par3_0192,llama,2.0291829173796554,4,5,0.015873015873015872,126,True
D_narr,par3_0192,mistral,1.9333554175986605,4,5,0.047619047619047616,126,True
D_narr,par3_0192,qwen,1.0502280090346883,4,5,0.7619047619047619,126,True
D_narr,par3_0193,gemma,,1,4,,0,False
D_narr,par3_0193,llama,,1,4,,0,False
D_narr,par3_0193,mistral,,1,5,,0,False
D_narr,par3_0193,qwen,,1,3,,0,False
D_narr,par3_0194,gemma,0.9877485407306068,4,5,0.47619047619047616,126,True
D_narr,par3_0194,llama,0.960080315361135,4,5,0.6111111111111112,126,True
D_narr,par3_0194,mistral,1.0289396897725427,4,5,0.49206349206349204,126,True
D_narr,par3_0194,qwen,0.9651249805832669,4,5,0.7222222222222222,126,True
D_narr,par3_0195,gemma,1.31108090412601,3,5,0.17857142857142858,56,True
D_narr,par3_0195,llama,1.5333440876573343,3,5,0.07142857142857142,56,True
D_narr,par3_0195,mistral,1.3334588959480342,3,4,0.08571428571428572,35,True
D_narr,par3_0195,qwen,1.3699234836108052,3,4,0.11428571428571428,35,True
D_narr,par3_0196,llama,2.3765889156631674,4,5,0.015873015873015872,126,True
D_narr,par3_0196,mistral,1.4074992424809973,4,5,0.29365079365079366,126,True
D_narr,par3_0197,gemma,2.7576581386202714,3,5,0.03571428571428571,56,True
D_narr,par3_0197,llama,3.037135101322862,3,5,0.03571428571428571,56,True
D_narr,par3_0197,mistral,3.4953735871584883,3,5,0.017857142857142856,56,True
D_narr,par3_0197,qwen,2.4261105768007214,3,5,0.08928571428571429,56,True
D_narr,par3_0198,gemma,3.1122831240964133,2,5,0.047619047619047616,21,True
D_narr,par3_0198,llama,1.8897592159718597,2,5,0.5714285714285714,21,True
D_narr,par3_0198,mistral,2.5313690255259207,2,5,0.19047619047619047,21,True
D_narr,par3_0198,qwen,2.2899743062881823,2,4,0.3333333333333333,15,True
D_narr,par3_0199,gemma,4.1577415572272125,3,5,0.017857142857142856,56,True
D_narr,par3_0199,llama,2.3970346431951914,3,5,0.125,56,True
D_narr,par3_0199,mistral,4.23730813880049,3,5,0.017857142857142856,56,True
D_narr,par3_0199,qwen,2.847574449212042,3,5,0.05357142857142857,56,True
D_style,par3_0000,gemma,0.4105346375260258,3,5,0.017857142857142856,56,True
D_style,par3_0000,llama,0.3523840072579709,3,5,0.017857142857142856,56,True
D_style,par3_0000,mistral,0.43369520562208397,3,5,0.017857142857142856,56,True
D_style,par3_0000,qwen,0.3634170208857993,3,5,0.017857142857142856,56,True
D_style,par3_0001,gemma,0.388562141925767,4,5,0.007936507936507936,126,True
D_style,par3_0001,llama,0.3282469632646767,4,5,0.023809523809523808,126,True
D_style,par3_0001,mistral,0.5599377535363708,4,5,0.007936507936507936,126,True
D_style,par3_0001,qwen,0.5346732654005601,4,5,0.007936507936507936,126,True
D_style,par3_0002,gemma,0.5210390473551425,3,5,0.017857142857142856,56,True
D_style,par3_0002,llama,0.41351503587665606,3,5,0.017857142857142856,56,True
D_style,par3_0002,mistral,0.6834318675832488,3,5,0.017857142857142856,56,True
D_style,par3_0002,qwen,0.5056782142422463,3,5,0.017857142857142856,56,True
D_style,par3_0003,gemma,0.31940303867679376,3,5,0.017857142857142856,56,True
D_style,par3_0003,llama,0.29203231256141227,3,5,0.017857142857142856,56,True
D_style,par3_0003,mistral,0.37713154425871914,3,5,0.07142857142857142,56,True
D_style,par3_0003,qwen,0.2560714912531711,3,5,0.017857142857142856,56,True
D_style,par3_0004,gemma,0.5674694273387391,3,4,0.02857142857142857,35,True
D_style,par3_0004,llama,0.48898194152766317,3,5,0.03571428571428571,56,True
D_style,par3_0004,mistral,0.4208533165172041,3,4,0.08571428571428572,35,True
D_style,par3_0004,qwen,0.5565922854856807,3,3,0.1,20,True
D_style,par3_0005,gemma,0.7097355901987301,3,5,0.017857142857142856,56,True
D_style,par3_0005,llama,0.5807659723530696,3,5,0.017857142857142856,56,True
D_style,par3_0005,mistral,0.7002926254968329,3,5,0.017857142857142856,56,True
D_style,par3_0006,gemma,0.37258044625548126,3,5,0.017857142857142856,56,True
D_style,par3_0006,llama,0.5350216830538296,3,5,0.017857142857142856,56,True
D_style,par3_0006,mistral,0.5089728638800274,3,5,0.017857142857142856,56,True
D_style,par3_0006,qwen,0.43633795356733673,3,5,0.017857142857142856,56,True
D_style,par3_0007,gemma,0.5109765402998024,4,5,0.007936507936507936,126,True
D_style,par3_0007,llama,0.46706024469300217,4,5,0.007936507936507936,126,True
D_style,par3_0007,mistral,0.4490570981912171,4,5,0.015873015873015872,126,True
D_style,par3_0007,qwen,0.6753114886140273,4,3,0.05714285714285714,35,True
D_style,par3_0008,gemma,0.5171815084206912,4,5,0.007936507936507936,126,True
D_style,par3_0008,llama,0.4064323434760572,4,5,0.031746031746031744,126,True
D_style,par3_0008,mistral,0.543509436854664,4,5,0.007936507936507936,126,True
D_style,par3_0008,qwen,0.5787241392950621,4,5,0.007936507936507936,126,True
D_style,par3_0009,gemma,0.3941824729882562,3,5,0.017857142857142856,56,True
D_style,par3_0009,llama,0.19872821127465598,3,5,0.19642857142857142,56,True
D_style,par3_0009,mistral,0.44694571004652317,3,4,0.02857142857142857,35,True
D_style,par3_0009,qwen,0.332572258633163,3,2,0.3,10,True
D_style,par3_0010,gemma,0.7581067960543545,3,5,0.017857142857142856,56,True
D_style,par3_0010,llama,0.6816695577785602,3,5,0.017857142857142856,56,True
D_style,par3_0010,mistral,0.8726289385175943,3,5,0.017857142857142856,56,True
D_style,par3_0010,qwen,0.7362898290674684,3,5,0.017857142857142856,56,True
D_style,par3_0011,gemma,0.46921262330094304,3,5,0.017857142857142856,56,True
D_style,par3_0011,llama,0.3574346964418308,3,5,0.03571428571428571,56,True
D_style,par3_0011,mistral,0.3607173476955595,3,5,0.05357142857142857,56,True
D_style,par3_0011,qwen,0.2896807704099753,3,5,0.017857142857142856,56,True
D_style,par3_0012,gemma,0.5828370925957995,3,5,0.017857142857142856,56,True
D_style,par3_0012,llama,0.4917481104543126,3,5,0.017857142857142856,56,True
D_style,par3_0012,mistral,0.5784196408023092,3,5,0.017857142857142856,56,True
D_style,par3_0012,qwen,0.46741870482276004,3,5,0.017857142857142856,56,True
D_style,par3_0013,gemma,1.0289179421264982,3,5,0.017857142857142856,56,True
D_style,par3_0013,llama,1.1952644909259544,3,5,0.017857142857142856,56,True
D_style,par3_0013,mistral,1.1307128122600225,3,5,0.017857142857142856,56,True
D_style,par3_0013,qwen,1.1696498312272574,3,3,0.1,20,True
D_style,par3_0014,gemma,0.5730109297973118,3,5,0.017857142857142856,56,True
D_style,par3_0014,llama,0.5364925850013809,3,5,0.017857142857142856,56,True
D_style,par3_0014,mistral,0.6478716882771897,3,4,0.02857142857142857,35,True
D_style,par3_0014,qwen,0.603950938457822,3,5,0.017857142857142856,56,True
D_style,par3_0015,gemma,0.6036571994605046,4,5,0.007936507936507936,126,True
D_style,par3_0015,llama,0.3871582775489374,4,5,0.007936507936507936,126,True
D_style,par3_0015,mistral,0.4389839349616077,4,5,0.007936507936507936,126,True
D_style,par3_0015,qwen,0.6229571516064633,4,5,0.007936507936507936,126,True
D_style,par3_0016,gemma,0.44119258570199055,4,5,0.007936507936507936,126,True
D_style,par3_0016,llama,0.34312133225691077,4,5,0.015873015873015872,126,True
D_style,par3_0016,mistral,0.498947596956428,4,5,0.007936507936507936,126,True
D_style,par3_0016,qwen,0.43696191655047123,4,5,0.007936507936507936,126,True
D_style,par3_0017,gemma,0.2368824742930809,4,5,0.007936507936507936,126,True
D_style,par3_0017,llama,0.21646525209150497,4,5,0.007936507936507936,126,True
D_style,par3_0017,mistral,0.27026903990656465,4,5,0.007936507936507936,126,True
D_style,par3_0017,qwen,0.23665553713559495,4,5,0.007936507936507936,126,True
D_style,par3_0018,gemma,0.643973549482141,3,5,0.017857142857142856,56,True
D_style,par3_0018,llama,0.5376016309218437,3,5,0.017857142857142856,56,True
D_style,par3_0018,mistral,0.6115375066887014,3,5,0.017857142857142856,56,True
D_style,par3_0018,qwen,0.4798444069130276,3,4,0.02857142857142857,35,True
D_style,par3_0019,gemma,0.6584609596346668,3,5,0.017857142857142856,56,True
D_style,par3_0019,llama,0.5766721709419599,3,5,0.017857142857142856,56,True
D_style,par3_0019,mistral,0.6479137965979054,3,5,0.017857142857142856,56,True
D_style,par3_0020,gemma,0.7643059657382452,4,3,0.05714285714285714,35,True
D_style,par3_0020,llama,0.6381141387210676,4,5,0.007936507936507936,126,True
D_style,par3_0020,mistral,0.6549893466151349,4,5,0.015873015873015872,126,True
D_style,par3_0020,qwen,0.6566047490786204,4,5,0.007936507936507936,126,True
D_style,par3_0021,gemma,0.5082308537138477,3,5,0.017857142857142856,56,True
D_style,par3_0021,llama,0.4660219975866621,3,5,0.03571428571428571,56,True
D_style,par3_0021,mistral,0.49955905343442963,3,5,0.017857142857142856,56,True
D_style,par3_0021,qwen,0.7388598285894987,3,5,0.017857142857142856,56,True
D_style,par3_0022,gemma,0.7735814577930218,3,3,0.1,20,True
D_style,par3_0022,llama,0.5249063251636871,3,5,0.017857142857142856,56,True
D_style,par3_0022,mistral,0.7165523015943027,3,5,0.017857142857142856,56,True
D_style,par3_0022,qwen,0.7292917745578759,3,3,0.1,20,True
D_style,par3_0023,gemma,0.48341155510264444,3,5,0.03571428571428571,56,True
D_style,par3_0023,llama,0.4494001526351831,3,5,0.017857142857142856,56,True
D_style,par3_0023,mistral,0.5978941996527691,3,4,0.02857142857142857,35,True
D_style,par3_0023,qwen,0.8278482193367578,3,2,0.1,10,True
D_style,par3_0024,gemma,0.6460348423337166,3,5,0.017857142857142856,56,True
D_style,par3_0024,llama,0.5558617714377403,3,5,0.017857142857142856,56,True
D_style,par3_0024,mistral,0.7607671487157612,3,5,0.017857142857142856,56,True
D_style,par3_0024,qwen,0.7595967775398857,3,5,0.017857142857142856,56,True
D_style,par3_0025,gemma,1.0412121117394644,3,4,0.02857142857142857,35,True
D_style,par3_0025,llama,0.7525882517906243,3,5,0.017857142857142856,56,True
D_style,par3_0025,mistral,0.8049918795392663,3,3,0.1,20,True
D_style,par3_0025,qwen,0.9520867415927552,3,4,0.02857142857142857,35,True
D_style,par3_0026,gemma,0.4582152075445598,4,5,0.007936507936507936,126,True
D_style,par3_0026,llama,0.37636923685207946,4,5,0.1984126984126984,126,True
D_style,par3_0026,mistral,0.5751383885048326,4,5,0.007936507936507936,126,True
D_style,par3_0026,qwen,0.5888500855789115,4,5,0.007936507936507936,126,True
D_style,par3_0027,gemma,0.6175625136503368,4,5,0.007936507936507936,126,True
D_style,par3_0027,llama,0.4271548421388346,4,5,0.03968253968253968,126,True
D_style,par3_0027,mistral,0.5002128656909407,4,5,0.015873015873015872,126,True
D_style,par3_0027,qwen,0.7124875351543365,4,5,0.007936507936507936,126,True
D_style,par3_0028,gemma,0.30428402743765326,4,5,0.007936507936507936,126,True
D_style,par3_0028,llama,0.2613044554419554,4,5,0.023809523809523808,126,True
D_style,par3_0028,mistral,0.35596507653413423,4,5,0.06349206349206349,126,True
D_style,par3_0028,qwen,0.1820457605245951,4,5,0.07142857142857142,126,True
D_style,par3_0029,gemma,0.2985138701642214,3,5,0.05357142857142857,56,True
D_style,par3_0029,llama,0.22751167446631082,3,5,0.16071428571428573,56,True
D_style,par3_0029,mistral,0.27194572605025147,3,5,0.05357142857142857,56,True
D_style,par3_0029,qwen,0.29919687428325925,3,5,0.03571428571428571,56,True
D_style,par3_0030,gemma,0.5224423815082497,4,5,0.007936507936507936,126,True
D_style,par3_0030,llama,0.5050791873254047,4,5,0.007936507936507936,126,True
D_style,par3_0030,mistral,0.35224659417865234,4,5,0.31746031746031744,126,True
D_style,par3_0030,qwen,0.40691460134809054,4,5,0.023809523809523808,126,True
D_style,par3_0031,gemma,0.4459342326397093,4,5,0.007936507936507936,126,True
D_style,par3_0031,llama,0.522903007772636,4,5,0.007936507936507936,126,True
D_style,par3_0031,mistral,0.42922411785473036,4,5,0.007936507936507936,126,True
D_style,par3_0031,qwen,0.5928061362155486,4,5,0.007936507936507936,126,True
D_style,par3_0032,gemma,0.9889882158722445,3,5,0.017857142857142856,56,True
D_style,par3_0032,llama,0.673892752742487,3,5,0.08928571428571429,56,True
D_style,par3_0032,mistral,0.833048342118003,3,5,0.017857142857142856,56,True
D_style,par3_0032,qwen,1.1712336159715178,3,2,0.1,10,True
D_style,par3_0033,gemma,0.25912351836370917,3,5,0.05357142857142857,56,True
D_style,par3_0033,llama,0.26184334527069775,3,5,0.017857142857142856,56,True
D_style,par3_0033,mistral,0.34955464262762637,3,5,0.017857142857142856,56,True
D_style,par3_0033,qwen,0.31815832731417215,3,5,0.017857142857142856,56,True
D_style,par3_0034,gemma,0.5296681915144087,4,5,0.007936507936507936,126,True
D_style,par3_0034,llama,0.6250030693063124,4,5,0.007936507936507936,126,True
D_style,par3_0034,mistral,0.6043010970053697,4,5,0.007936507936507936,126,True
D_style,par3_0034,qwen,0.4481108283491263,4,5,0.023809523809523808,126,True
D_style,par3_0035,gemma,0.30482508217811516,3,5,0.05357142857142857,56,True
D_style,par3_0035,llama,0.24793197892625435,3,5,0.05357142857142857,56,True
D_style,par3_0035,mistral,0.33100079995455806,3,5,0.017857142857142856,56,True
D_style,par3_0035,qwen,0.40348114737992025,3,5,0.03571428571428571,56,True
D_style,par3_0036,gemma,0.5011201475245342,3,5,0.017857142857142856,56,True
D_style,par3_0036,llama,0.41398317024195597,3,5,0.017857142857142856,56,True
D_style,par3_0036,mistral,0.7056892621907774,3,5,0.017857142857142856,56,True
D_style,par3_0036,qwen,0.5524969174888021,3,5,0.017857142857142856,56,True
D_style,par3_0037,gemma,0.4070156585294332,3,5,0.017857142857142856,56,True
D_style,par3_0037,llama,0.3310129099858512,3,5,0.017857142857142856,56,True
D_style,par3_0037,mistral,0.46222775792238996,3,4,0.02857142857142857,35,True
D_style,par3_0037,qwen,0.4442743826520675,3,5,0.017857142857142856,56,True
D_style,par3_0038,gemma,0.6808895785557252,4,5,0.007936507936507936,126,True
D_style,par3_0038,llama,0.3389053132584,4,5,0.015873015873015872,126,True
D_style,par3_0038,mistral,0.5713809148482041,4,5,0.007936507936507936,126,True
D_style,par3_0038,qwen,0.5724161458081497,4,5,0.007936507936507936,126,True
D_style,par3_0039,gemma,0.4038136180293118,3,5,0.017857142857142856,56,True
D_style,par3_0039,llama,0.5659711350441178,3,5,0.017857142857142856,56,True
D_style,par3_0039,mistral,0.4726445330719379,3,5,0.017857142857142856,56,True
D_style,par3_0039,qwen,0.5151880200737622,3,5,0.017857142857142856,56,True
D_style,par3_0040,gemma,0.3276389838218031,4,5,0.007936507936507936,126,True
D_style,par3_0040,llama,0.35138399735692577,4,5,0.05555555555555555,126,True
D_style,par3_0040,mistral,0.4486045223520147,4,5,0.007936507936507936,126,True
D_style,par3_0040,qwen,0.3226296195352122,4,4,0.11428571428571428,70,True
D_style,par3_0041,gemma,0.26939333257196385,3,5,0.017857142857142856,56,True
D_style,par3_0041,llama,0.25654721601148167,3,5,0.017857142857142856,56,True
D_style,par3_0041,mistral,0.27623083206513094,3,5,0.017857142857142856,56,True
D_style,par3_0041,qwen,0.4758146870166692,3,4,0.05714285714285714,35,True
D_style,par3_0042,gemma,0.6026237595907696,4,5,0.007936507936507936,126,True
D_style,par3_0042,llama,0.5530931510345769,4,5,0.007936507936507936,126,True
D_style,par3_0042,mistral,0.7075520431388218,4,5,0.007936507936507936,126,True
D_style,par3_0042,qwen,0.4841789435581552,4,5,0.007936507936507936,126,True
D_style,par3_0043,gemma,0.4119232383173817,3,5,0.017857142857142856,56,True
D_style,par3_0043,llama,0.3292934499039207,3,5,0.017857142857142856,56,True
D_style,par3_0043,mistral,0.49717746835078913,3,5,0.017857142857142856,56,True
D_style,par3_0043,qwen,0.6689899749103929,3,4,0.02857142857142857,35,True
D_style,par3_0044,gemma,0.39367287292819597,4,5,0.007936507936507936,126,True
D_style,par3_0044,llama,0.3923445145550035,4,5,0.007936507936507936,126,True
D_style,par3_0044,mistral,0.40816950989068,4,5,0.007936507936507936,126,True
D_style,par3_0044,qwen,0.5308437752151113,4,5,0.007936507936507936,126,True
D_style,par3_0045,gemma,0.5881819099683854,3,5,0.017857142857142856,56,True
D_style,par3_0045,llama,0.6249694813133837,3,5,0.017857142857142856,56,True
D_style,par3_0045,mistral,0.8398080234702989,3,5,0.017857142857142856,56,True
D_style,par3_0045,qwen,0.6256884773518903,3,5,0.017857142857142856,56,True
D_style,par3_0046,gemma,0.5498859848669668,3,2,0.2,10,True
D_style,par3_0046,llama,0.5060231755103216,3,5,0.017857142857142856,56,True
D_style,par3_0046,mistral,0.5909800942987617,3,5,0.017857142857142856,56,True
D_style,par3_0047,gemma,0.4610678623634292,4,5,0.007936507936507936,126,True
D_style,par3_0047,llama,0.4143419149343945,4,5,0.007936507936507936,126,True
D_style,par3_0047,mistral,0.3664175350646134,4,5,0.007936507936507936,126,True
D_style,par3_0047,qwen,0.2756369831149914,4,5,0.015873015873015872,126,True
D_style,par3_0048,gemma,0.33311203423480384,3,5,0.08928571428571429,56,True
D_style,par3_0048,llama,0.4183526901496263,3,5,0.017857142857142856,56,True
D_style,par3_0048,mistral,0.48116847239267885,3,5,0.017857142857142856,56,True
D_style,par3_0048,qwen,0.458380411285216,3,5,0.017857142857142856,56,True
D_style,par3_0049,gemma,0.6071268909644463,4,5,0.007936507936507936,126,True
D_style,par3_0049,llama,0.6891661020333871,4,5,0.007936507936507936,126,True
D_style,par3_0049,mistral,0.6899282718555868,4,5,0.007936507936507936,126,True
D_style,par3_0049,qwen,0.9091561925449637,4,2,0.06666666666666667,15,True
D_style,par3_0050,gemma,0.3140924768642666,3,5,0.017857142857142856,56,True
D_style,par3_0050,llama,0.5134763833327294,3,5,0.017857142857142856,56,True
D_style,par3_0050,mistral,0.2659526298286688,3,5,0.08928571428571429,56,True
D_style,par3_0050,qwen,0.37794150686687933,3,5,0.017857142857142856,56,True
D_style,par3_0051,gemma,0.44317988245533935,4,5,0.015873015873015872,126,True
D_style,par3_0051,llama,0.41420076541929557,4,5,0.007936507936507936,126,True
D_style,par3_0051,mistral,0.45870368064361544,4,5,0.007936507936507936,126,True
D_style,par3_0051,qwen,0.41853348778156974,4,3,0.05714285714285714,35,True
D_style,par3_0052,gemma,0.43976489728140555,3,4,0.02857142857142857,35,True
D_style,par3_0052,llama,0.5759424058135332,3,5,0.017857142857142856,56,True
D_style,par3_0052,mistral,0.45508031160012896,3,5,0.03571428571428571,56,True
D_style,par3_0052,qwen,0.47606168474857485,3,5,0.017857142857142856,56,True
D_style,par3_0053,gemma,0.2931344346185674,3,5,0.017857142857142856,56,True
D_style,par3_0053,llama,0.2038681257499661,3,5,0.375,56,True
D_style,par3_0053,mistral,0.31733128709367264,3,5,0.017857142857142856,56,True
D_style,par3_0053,qwen,0.32358163457048483,3,5,0.03571428571428571,56,True
D_style,par3_0054,gemma,0.48261127716485186,3,5,0.017857142857142856,56,True
D_style,par3_0054,llama,0.4671732171254052,3,5,0.017857142857142856,56,True
D_style,par3_0054,mistral,0.4884362317121925,3,5,0.017857142857142856,56,True
D_style,par3_0054,qwen,0.5347729589957139,3,5,0.017857142857142856,56,True
D_style,par3_0055,gemma,0.6892701197274813,3,3,0.1,20,True
D_style,par3_0055,llama,0.45087823889689893,3,5,0.07142857142857142,56,True
D_style,par3_0055,mistral,0.6017108353152403,3,5,0.017857142857142856,56,True
D_style,par3_0055,qwen,0.6414584721997376,3,4,0.02857142857142857,35,True
D_style,par3_0056,gemma,0.7290920920426361,3,5,0.017857142857142856,56,True
D_style,par3_0056,llama,0.5150601264539361,3,5,0.017857142857142856,56,True
D_style,par3_0056,mistral,0.5943482329029273,3,5,0.017857142857142856,56,True
D_style,par3_0056,qwen,0.45375343938642704,3,5,0.017857142857142856,56,True
D_style,par3_0057,gemma,0.30472499654681806,3,5,0.017857142857142856,56,True
D_style,par3_0057,llama,0.4099397447591696,3,5,0.017857142857142856,56,True
D_style,par3_0057,mistral,0.3708091507213767,3,5,0.125,56,True
D_style,par3_0057,qwen,0.4145535522079875,3,5,0.017857142857142856,56,True
D_style,par3_0058,gemma,0.5473260867159471,3,4,0.02857142857142857,35,True
D_style,par3_0058,llama,0.6946199540214253,3,5,0.017857142857142856,56,True
D_style,par3_0058,mistral,0.7089584477213438,3,3,0.1,20,True
D_style,par3_0058,qwen,0.7586952594064074,3,4,0.02857142857142857,35,True
D_style,par3_0059,gemma,0.5859724753008799,3,5,0.017857142857142856,56,True
D_style,par3_0059,llama,0.6375501088984707,3,5,0.017857142857142856,56,True
D_style,par3_0059,mistral,0.5749550613709221,3,5,0.017857142857142856,56,True
D_style,par3_0059,qwen,0.5555859080779776,3,5,0.017857142857142856,56,True
D_style,par3_0060,gemma,0.6701784716369426,4,5,0.007936507936507936,126,True
D_style,par3_0060,llama,0.5389312282628158,4,5,0.007936507936507936,126,True
D_style,par3_0060,mistral,0.575229775213395,4,5,0.007936507936507936,126,True
D_style,par3_0060,qwen,0.5201830890637745,4,4,0.02857142857142857,70,True
D_style,par3_0061,gemma,0.33261983341064233,3,5,0.017857142857142856,56,True
D_style,par3_0061,llama,0.25458782725825335,3,5,0.03571428571428571,56,True
D_style,par3_0061,mistral,0.41034075874443765,3,5,0.017857142857142856,56,True
D_style,par3_0061,qwen,0.33795503642128005,3,5,0.017857142857142856,56,True
D_style,par3_0062,gemma,0.6195479332669209,3,5,0.017857142857142856,56,True
D_style,par3_0062,llama,0.49502652845540723,3,5,0.03571428571428571,56,True
D_style,par3_0062,mistral,0.7224935279266348,3,5,0.017857142857142856,56,True
D_style,par3_0062,qwen,0.6594702203094918,3,4,0.02857142857142857,35,True
D_style,par3_0063,gemma,0.6451752958814965,3,2,0.4,10,True
D_style,par3_0063,llama,0.5730714260870863,3,5,0.017857142857142856,56,True
D_style,par3_0063,mistral,0.7849035617283894,3,5,0.017857142857142856,56,True
D_style,par3_0063,qwen,0.7323881594276901,3,2,0.3,10,True
D_style,par3_0064,gemma,0.5405410815721761,3,5,0.017857142857142856,56,True
D_style,par3_0064,llama,0.4473244344760004,3,5,0.03571428571428571,56,True
D_style,par3_0064,mistral,0.4776498271510915,3,5,0.017857142857142856,56,True
D_style,par3_0064,qwen,0.5306911126213263,3,5,0.017857142857142856,56,True
D_style,par3_0065,gemma,0.37485058867578364,3,4,0.2,35,True
D_style,par3_0065,llama,0.3645573934665662,3,4,0.17142857142857143,35,True
D_style,par3_0065,mistral,0.3844829928152536,3,3,0.5,20,True
D_style,par3_0065,qwen,0.7878061258986991,3,4,0.02857142857142857,35,True
D_style,par3_0066,gemma,0.2072690893868204,3,5,0.017857142857142856,56,True
D_style,par3_0066,llama,0.1827475146110713,3,5,0.017857142857142856,56,True
D_style,par3_0066,mistral,0.20537992317722092,3,5,0.017857142857142856,56,True
D_style,par3_0066,qwen,0.17017006023102182,3,5,0.03571428571428571,56,True
D_style,par3_0067,gemma,0.5275214544294656,3,5,0.017857142857142856,56,True
D_style,par3_0067,llama,0.583388453391566,3,5,0.017857142857142856,56,True
D_style,par3_0067,mistral,0.8218614078265192,3,5,0.017857142857142856,56,True
D_style,par3_0067,qwen,0.4599684025021476,3,5,0.017857142857142856,56,True
D_style,par3_0068,gemma,0.38282105725603,3,5,0.017857142857142856,56,True
D_style,par3_0068,llama,0.24304437377822932,3,5,0.08928571428571429,56,True
D_style,par3_0068,mistral,0.3163361644447805,3,5,0.017857142857142856,56,True
D_style,par3_0068,qwen,0.26901644309536915,3,5,0.017857142857142856,56,True
D_style,par3_0069,gemma,0.7379420518016647,3,4,0.02857142857142857,35,True
D_style,par3_0069,llama,0.731989016538056,3,5,0.017857142857142856,56,True
D_style,par3_0069,mistral,0.7685815415973558,3,5,0.017857142857142856,56,True
D_style,par3_0069,qwen,0.7479859038275023,3,5,0.017857142857142856,56,True
D_style,par3_0070,gemma,0.7379673096835386,3,4,0.02857142857142857,35,True
D_style,par3_0070,llama,0.400810312934617,3,5,0.017857142857142856,56,True
D_style,par3_0070,mistral,0.7487501160807098,3,5,0.017857142857142856,56,True
D_style,par3_0070,qwen,0.5234811206287237,3,5,0.017857142857142856,56,True
D_style,par3_0071,gemma,0.3436842191787197,3,5,0.017857142857142856,56,True
D_style,par3_0071,llama,0.36198858949024526,3,5,0.017857142857142856,56,True
D_style,par3_0071,mistral,0.3536667430081283,3,5,0.017857142857142856,56,True
D_style,par3_0071,qwen,0.336471837541111,3,5,0.017857142857142856,56,True
D_style,par3_0072,gemma,0.5007096530728101,4,5,0.007936507936507936,126,True
D_style,par3_0072,llama,0.5432143372549996,4,5,0.007936507936507936,126,True
D_style,par3_0072,mistral,0.46487003085189277,4,5,0.007936507936507936,126,True
D_style,par3_0072,qwen,0.38320070433365494,4,4,0.02857142857142857,70,True
D_style,par3_0073,gemma,0.2888332550754584,3,5,0.017857142857142856,56,True
D_style,par3_0073,llama,0.3497187463543482,3,5,0.03571428571428571,56,True
D_style,par3_0073,mistral,0.2727774753876837,3,5,0.05357142857142857,56,True
D_style,par3_0073,qwen,0.31410970827425544,3,5,0.017857142857142856,56,True
D_style,par3_0074,gemma,0.21601432192860093,3,5,0.07142857142857142,56,True
D_style,par3_0074,llama,0.2094191454870531,3,5,0.05357142857142857,56,True
D_style,par3_0074,mistral,0.3299755940477157,3,5,0.03571428571428571,56,True
D_style,par3_0074,qwen,0.24982173625016804,3,5,0.07142857142857142,56,True
D_style,par3_0075,gemma,0.5882626479589051,4,5,0.007936507936507936,126,True
D_style,par3_0075,llama,0.43833339553734707,4,5,0.007936507936507936,126,True
D_style,par3_0075,mistral,0.5030805034940953,4,5,0.007936507936507936,126,True
D_style,par3_0075,qwen,0.5480503406017342,4,2,0.13333333333333333,15,True
D_style,par3_0076,gemma,0.48065522677249667,3,5,0.017857142857142856,56,True
D_style,par3_0076,llama,0.4182238332359718,3,5,0.05357142857142857,56,True
D_style,par3_0076,mistral,0.444051702971616,3,5,0.017857142857142856,56,True
D_style,par3_0076,qwen,0.34356307743795766,3,5,0.03571428571428571,56,True
D_style,par3_0077,gemma,0.44925732012523156,4,5,0.007936507936507936,126,True
D_style,par3_0077,llama,0.3745077564594951,4,5,0.031746031746031744,126,True
D_style,par3_0077,mistral,0.45215564291692895,4,5,0.007936507936507936,126,True
D_style,par3_0077,qwen,0.3967011375406956,4,5,0.007936507936507936,126,True
D_style,par3_0078,gemma,0.2819927997157089,4,5,0.007936507936507936,126,True
D_style,par3_0078,llama,0.2847318519142006,4,5,0.007936507936507936,126,True
D_style,par3_0078,mistral,0.36051973873507265,4,5,0.007936507936507936,126,True
D_style,par3_0078,qwen,0.3219227150026861,4,5,0.007936507936507936,126,True
D_style,par3_0079,gemma,0.35939205459526874,4,5,0.007936507936507936,126,True
D_style,par3_0079,llama,0.2355554488009634,4,5,0.007936507936507936,126,True
D_style,par3_0079,mistral,0.2623822612449439,4,5,0.007936507936507936,126,True
D_style,par3_0079,qwen,0.29146153591345714,4,5,0.007936507936507936,126,True
D_style,par3_0080,gemma,0.6516802672434808,4,5,0.007936507936507936,126,True
D_style,par3_0080,llama,0.5173886561698972,4,5,0.007936507936507936,126,True
D_style,par3_0080,mistral,0.5442870720728316,4,5,0.007936507936507936,126,True
D_style,par3_0080,qwen,0.6680945868118895,4,3,0.05714285714285714,35,True
D_style,par3_0081,gemma,0.466521442486488,3,5,0.05357142857142857,56,True
D_style,par3_0081,llama,0.5702332945912079,3,5,0.017857142857142856,56,True
D_style,par3_0081,mistral,0.48990200339521284,3,5,0.017857142857142856,56,True
D_style,par3_0081,qwen,0.44849232534341243,3,5,0.03571428571428571,56,True
D_style,par3_0082,gemma,0.15973963003655148,4,5,0.007936507936507936,126,True
D_style,par3_0082,llama,0.21466875235990288,4,5,0.007936507936507936,126,True
D_style,par3_0082,mistral,0.2723000489378971,4,5,0.007936507936507936,126,True
D_style,par3_0082,qwen,0.1483468766275104,4,5,0.007936507936507936,126,True
D_style,par3_0083,gemma,0.8052056815356827,3,3,0.1,20,True
D_style,par3_0083,llama,0.7158038324845714,3,4,0.02857142857142857,35,True
D_style,par3_0083,mistral,0.7498630889419415,3,5,0.017857142857142856,56,True
D_style,par3_0083,qwen,0.5810685112652336,3,5,0.017857142857142856,56,True
D_style,par3_0084,gemma,0.6566032072423738,3,2,0.3,10,True
D_style,par3_0084,llama,0.5875640151034918,3,5,0.017857142857142856,56,True
D_style,par3_0084,mistral,0.7769992535616419,3,5,0.017857142857142856,56,True
D_style,par3_0085,gemma,0.3611460850787557,3,5,0.05357142857142857,56,True
D_style,par3_0085,llama,0.45581580178239123,3,5,0.017857142857142856,56,True
D_style,par3_0085,mistral,0.4035573800912533,3,5,0.017857142857142856,56,True
D_style,par3_0085,qwen,0.3250699216423456,3,5,0.05357142857142857,56,True
D_style,par3_0086,gemma,0.3217953710475039,3,5,0.017857142857142856,56,True
D_style,par3_0086,llama,0.27408565211521363,3,5,0.017857142857142856,56,True
D_style,par3_0086,mistral,0.4147116072185379,3,5,0.017857142857142856,56,True
D_style,par3_0086,qwen,0.37700013642061025,3,5,0.017857142857142856,56,True
D_style,par3_0087,gemma,0.29070155307852047,3,5,0.23214285714285715,56,True
D_style,par3_0087,llama,0.2499954899916914,3,5,0.32142857142857145,56,True
D_style,par3_0087,mistral,0.4014514995208123,3,5,0.017857142857142856,56,True
D_style,par3_0087,qwen,0.38321573926974883,3,5,0.017857142857142856,56,True
D_style,par3_0088,gemma,0.3702900765352474,3,5,0.017857142857142856,56,True
D_style,par3_0088,llama,0.4849102597301719,3,5,0.017857142857142856,56,True
D_style,par3_0088,mistral,0.3420804504360157,3,5,0.07142857142857142,56,True
D_style,par3_0088,qwen,0.29545023947105264,3,5,0.03571428571428571,56,True
D_style,par3_0089,gemma,0.4858952400420413,3,5,0.07142857142857142,56,True
D_style,par3_0089,llama,0.5734390901820277,3,5,0.07142857142857142,56,True
D_style,par3_0089,mistral,0.6137808393100279,3,5,0.03571428571428571,56,True
D_style,par3_0089,qwen,0.3972428771108292,3,4,0.6285714285714286,35,True
D_style,par3_0090,gemma,0.7551829514861508,3,5,0.017857142857142856,56,True
D_style,par3_0090,llama,0.7250110546917858,3,5,0.05357142857142857,56,True
D_style,par3_0090,mistral,0.7437658248016212,3,5,0.017857142857142856,56,True
D_style,par3_0090,qwen,0.7677085847485541,3,5,0.017857142857142856,56,True
D_style,par3_0091,gemma,0.49553144609195343,3,5,0.017857142857142856,56,True
D_style,par3_0091,llama,0.4215412347489631,3,5,0.07142857142857142,56,True
D_style,par3_0091,mistral,0.49367114796887424,3,5,0.017857142857142856,56,True
D_style,par3_0091,qwen,0.5317682605241462,3,4,0.02857142857142857,35,True
D_style,par3_0092,gemma,0.5933179068338587,3,3,0.1,20,True
D_style,par3_0092,llama,0.577020899963042,3,5,0.07142857142857142,56,True
D_style,par3_0092,mistral,0.5455075064815023,3,5,0.017857142857142856,56,True
D_style,par3_0092,qwen,0.5585958934341616,3,4,0.02857142857142857,35,True
D_style,par3_0093,gemma,0.3934301624359745,3,5,0.017857142857142856,56,True
D_style,par3_0093,llama,0.6156554065201585,3,5,0.017857142857142856,56,True
D_style,par3_0093,mistral,0.588577278378271,3,5,0.017857142857142856,56,True
D_style,par3_0093,qwen,0.4282121520560688,3,5,0.017857142857142856,56,True
D_style,par3_0094,gemma,0.5240455980575826,4,4,0.02857142857142857,70,True
D_style,par3_0094,llama,0.3474571357884685,4,5,0.023809523809523808,126,True
D_style,par3_0094,mistral,0.5997514637819299,4,5,0.007936507936507936,126,True
D_style,par3_0095,gemma,0.4413773889786073,4,5,0.007936507936507936,126,True
D_style,par3_0095,llama,0.43127771868653253,4,5,0.007936507936507936,126,True
D_style,par3_0095,mistral,0.45755309604616023,4,4,0.02857142857142857,70,True
D_style,par3_0095,qwen,0.49071453709661916,4,3,0.05714285714285714,35,True
D_style,par3_0096,gemma,0.4739168776954673,4,5,0.007936507936507936,126,True
D_style,par3_0096,llama,0.2573127286694668,4,5,0.07142857142857142,126,True
D_style,par3_0096,mistral,0.42261256853864104,4,5,0.007936507936507936,126,True
D_style,par3_0096,qwen,0.5508301046906379,4,5,0.007936507936507936,126,True
D_style,par3_0097,gemma,0.5098973815280008,4,5,0.007936507936507936,126,True
D_style,par3_0097,llama,0.4497461582157552,4,5,0.023809523809523808,126,True
D_style,par3_0097,mistral,0.5199913712140039,4,5,0.007936507936507936,126,True
D_style,par3_0097,qwen,0.6294735644955867,4,4,0.02857142857142857,70,True
D_style,par3_0098,gemma,0.29572472846775066,3,5,0.03571428571428571,56,True
D_style,par3_0098,llama,0.2281368888841751,3,5,0.23214285714285715,56,True
D_style,par3_0098,mistral,0.5513512311102393,3,5,0.017857142857142856,56,True
D_style,par3_0098,qwen,0.40552867166108697,3,5,0.017857142857142856,56,True
D_style,par3_0099,llama,0.6540261999900492,3,5,0.017857142857142856,56,True
D_style,par3_0099,mistral,0.561113443925346,3,5,0.017857142857142856,56,True
D_style,par3_0099,qwen,0.5308938675064891,3,4,0.02857142857142857,35,True
D_style,par3_0100,gemma,0.23415118214498576,4,5,0.007936507936507936,126,True
D_style,par3_0100,llama,0.23326454828627732,4,5,0.047619047619047616,126,True
D_style,par3_0100,mistral,0.2104307457235136,4,5,0.05555555555555555,126,True
D_style,par3_0100,qwen,0.3226399028392396,4,5,0.023809523809523808,126,True
D_style,par3_0101,gemma,0.8974390776680122,3,5,0.017857142857142856,56,True
D_style,par3_0101,llama,0.8592358033085628,3,5,0.017857142857142856,56,True
D_style,par3_0101,mistral,1.1574806096122794,3,4,0.02857142857142857,35,True
D_style,par3_0102,gemma,0.4498501696024908,4,5,0.007936507936507936,126,True
D_style,par3_0102,llama,0.37417283582566935,4,5,0.007936507936507936,126,True
D_style,par3_0102,mistral,0.39017636581379544,4,5,0.007936507936507936,126,True
D_style,par3_0102,qwen,0.3940813555973546,4,5,0.007936507936507936,126,True
D_style,par3_0103,gemma,0.5605665086389409,4,5,0.007936507936507936,126,True
D_style,par3_0103,llama,0.41391718058103844,4,5,0.007936507936507936,126,True
D_style,par3_0103,mistral,0.5635674129445332,4,5,0.007936507936507936,126,True
D_style,par3_0103,qwen,0.5319570828915507,4,5,0.007936507936507936,126,True
D_style,par3_0104,gemma,0.22095603324925206,3,5,0.017857142857142856,56,True
D_style,par3_0104,llama,0.2781910357287319,3,5,0.017857142857142856,56,True
D_style,par3_0104,mistral,0.31865766169643583,3,5,0.017857142857142856,56,True
D_style,par3_0104,qwen,0.31691885790783936,3,5,0.017857142857142856,56,True
D_style,par3_0105,gemma,0.3508250808863302,4,5,0.015873015873015872,126,True
D_style,par3_0105,llama,0.6221323282718085,4,5,0.007936507936507936,126,True
D_style,par3_0105,mistral,0.4622118875968114,4,4,0.02857142857142857,70,True
D_style,par3_0106,gemma,0.6997884489617195,3,5,0.017857142857142856,56,True
D_style,par3_0106,llama,0.4808204062948589,3,5,0.017857142857142856,56,True
D_style,par3_0106,mistral,0.7637754392124141,3,5,0.017857142857142856,56,True
D_style,par3_0106,qwen,0.5780528264298946,3,5,0.017857142857142856,56,True
D_style,par3_0107,gemma,0.7269982725582872,3,5,0.017857142857142856,56,True
D_style,par3_0107,llama,0.4227942432299837,3,5,0.017857142857142856,56,True
D_style,par3_0107,mistral,0.7262726669150978,3,5,0.017857142857142856,56,True
D_style,par3_0108,gemma,0.46206444996047785,4,4,0.02857142857142857,70,True
D_style,par3_0108,llama,0.32706101892170036,4,5,0.03968253968253968,126,True
D_style,par3_0108,mistral,0.4487383980641574,4,5,0.007936507936507936,126,True
D_style,par3_0108,qwen,0.44240867157155206,4,4,0.02857142857142857,70,True
D_style,par3_0109,gemma,0.5763036564690541,3,5,0.017857142857142856,56,True
D_style,par3_0109,llama,0.5472003304486918,3,5,0.017857142857142856,56,True
D_style,par3_0109,mistral,0.5334547733609138,3,5,0.017857142857142856,56,True
D_style,par3_0109,qwen,0.518800428787906,3,4,0.02857142857142857,35,True
D_style,par3_0110,gemma,0.40891523073489966,4,5,0.007936507936507936,126,True
D_style,par3_0110,llama,0.47620867030066316,4,5,0.007936507936507936,126,True
D_style,par3_0110,mistral,0.5483449673130448,4,5,0.007936507936507936,126,True
D_style,par3_0110,qwen,0.4042847881714042,4,5,0.007936507936507936,126,True
D_style,par3_0111,gemma,0.2339537055137474,3,5,0.017857142857142856,56,True
D_style,par3_0111,llama,0.27845738738853887,3,5,0.05357142857142857,56,True
D_style,par3_0111,mistral,0.26346964214847546,3,5,0.017857142857142856,56,True
D_style,par3_0111,qwen,0.2895087054673467,3,5,0.017857142857142856,56,True
D_style,par3_0112,gemma,0.6023691876241369,3,5,0.017857142857142856,56,True
D_style,par3_0112,llama,0.5563398476138113,3,5,0.017857142857142856,56,True
D_style,par3_0112,mistral,0.553514527616825,3,5,0.017857142857142856,56,True
D_style,par3_0112,qwen,0.5559948247258668,3,5,0.017857142857142856,56,True
D_style,par3_0113,gemma,0.5312460666894018,3,5,0.017857142857142856,56,True
D_style,par3_0113,llama,0.5117213910428443,3,5,0.017857142857142856,56,True
D_style,par3_0113,mistral,0.6161686630284199,3,5,0.017857142857142856,56,True
D_style,par3_0113,qwen,0.6698135627095068,3,5,0.017857142857142856,56,True
D_style,par3_0114,gemma,0.6676308388130594,3,5,0.017857142857142856,56,True
D_style,par3_0114,llama,0.512034838701472,3,5,0.017857142857142856,56,True
D_style,par3_0114,mistral,0.7747709156211147,3,5,0.017857142857142856,56,True
D_style,par3_0114,qwen,0.5179423884199855,3,5,0.017857142857142856,56,True
D_style,par3_0115,gemma,0.33870263925899313,3,5,0.017857142857142856,56,True
D_style,par3_0115,llama,0.31016127034829855,3,5,0.017857142857142856,56,True
D_style,par3_0115,mistral,0.34217054511278466,3,5,0.017857142857142856,56,True
D_style,par3_0115,qwen,0.3990557881018294,3,5,0.017857142857142856,56,True
D_style,par3_0116,gemma,0.5933741062140341,3,5,0.017857142857142856,56,True
D_style,par3_0116,llama,0.36402502803250325,3,5,0.017857142857142856,56,True
D_style,par3_0116,mistral,0.47603289250028347,3,5,0.017857142857142856,56,True
D_style,par3_0116,qwen,0.38723428367077506,3,5,0.017857142857142856,56,True
D_style,par3_0117,gemma,0.23729414962026446,3,5,0.017857142857142856,56,True
D_style,par3_0117,llama,0.471981136538447,3,5,0.017857142857142856,56,True
D_style,par3_0117,mistral,0.3957869324651997,3,5,0.017857142857142856,56,True
D_style,par3_0117,qwen,0.40423603683165066,3,5,0.017857142857142856,56,True
D_style,par3_0118,gemma,0.6411271935748887,3,3,0.1,20,True
D_style,par3_0118,llama,0.5205879298027097,3,5,0.03571428571428571,56,True
D_style,par3_0118,mistral,0.6735452610813163,3,5,0.017857142857142856,56,True
D_style,par3_0118,qwen,0.6422966468347632,3,4,0.02857142857142857,35,True
D_style,par3_0119,gemma,0.37826474835321117,4,5,0.007936507936507936,126,True
D_style,par3_0119,llama,0.26443025854315116,4,5,0.015873015873015872,126,True
D_style,par3_0119,mistral,0.3954567378510915,4,5,0.007936507936507936,126,True
D_style,par3_0119,qwen,0.22234822281342667,4,5,0.015873015873015872,126,True
D_style,par3_0120,gemma,0.48319430545290376,3,5,0.017857142857142856,56,True
D_style,par3_0120,llama,0.41702757649327565,3,5,0.017857142857142856,56,True
D_style,par3_0120,mistral,0.35110825358651065,3,5,0.017857142857142856,56,True
D_style,par3_0120,qwen,0.30944501076312314,3,5,0.017857142857142856,56,True
D_style,par3_0121,gemma,0.29090236923762064,4,5,0.007936507936507936,126,True
D_style,par3_0121,llama,0.24349056296964708,4,5,0.03968253968253968,126,True
D_style,par3_0121,mistral,0.32748561398696074,4,5,0.007936507936507936,126,True
D_style,par3_0121,qwen,0.3722428904416191,4,5,0.015873015873015872,126,True
D_style,par3_0122,gemma,0.3235703885941186,3,5,0.017857142857142856,56,True
D_style,par3_0122,llama,0.18775710012510127,3,5,0.6785714285714286,56,True
D_style,par3_0122,mistral,0.5021587617369652,3,5,0.017857142857142856,56,True
D_style,par3_0122,qwen,0.22360550376331412,3,5,0.19642857142857142,56,True
D_style,par3_0123,gemma,0.5084511521335555,3,5,0.017857142857142856,56,True
D_style,par3_0123,llama,0.46168589697384615,3,5,0.03571428571428571,56,True
D_style,par3_0123,mistral,0.5599695533032399,3,5,0.017857142857142856,56,True
D_style,par3_0123,qwen,0.45786276344696875,3,5,0.017857142857142856,56,True
D_style,par3_0124,gemma,0.4127545519232619,4,5,0.007936507936507936,126,True
D_style,par3_0124,llama,0.33823798874673233,4,5,0.031746031746031744,126,True
D_style,par3_0124,mistral,0.5898031865301054,4,5,0.007936507936507936,126,True
D_style,par3_0124,qwen,0.35040143337056584,4,5,0.007936507936507936,126,True
D_style,par3_0125,gemma,0.735533867859655,3,5,0.017857142857142856,56,True
D_style,par3_0125,llama,0.6013011718569716,3,5,0.017857142857142856,56,True
D_style,par3_0125,mistral,0.7993051642765014,3,5,0.017857142857142856,56,True
D_style,par3_0126,gemma,0.4644094535251201,3,5,0.017857142857142856,56,True
D_style,par3_0126,llama,0.48243906279331494,3,3,0.2,20,True
D_style,par3_0126,mistral,0.48718638436033584,3,5,0.017857142857142856,56,True
D_style,par3_0126,qwen,0.5659874852242832,3,5,0.017857142857142856,56,True
D_style,par3_0127,gemma,0.6069694198324327,3,5,0.017857142857142856,56,True
D_style,par3_0127,llama,0.5167753239756696,3,5,0.017857142857142856,56,True
D_style,par3_0127,mistral,0.6269594279877935,3,5,0.017857142857142856,56,True
D_style,par3_0127,qwen,0.7468549789387936,3,5,0.017857142857142856,56,True
D_style,par3_0128,gemma,0.5285997574425063,3,5,0.017857142857142856,56,True
D_style,par3_0128,llama,0.5043440275617311,3,5,0.017857142857142856,56,True
D_style,par3_0128,mistral,0.5960718609181916,3,5,0.017857142857142856,56,True
D_style,par3_0128,qwen,0.45800690345971656,3,5,0.017857142857142856,56,True
D_style,par3_0129,gemma,0.3178689417590683,4,5,0.007936507936507936,126,True
D_style,par3_0129,llama,0.2266783437432916,4,5,0.015873015873015872,126,True
D_style,par3_0129,mistral,0.4376497481784448,4,5,0.007936507936507936,126,True
D_style,par3_0129,qwen,0.3150753987347712,4,5,0.007936507936507936,126,True
D_style,par3_0130,gemma,0.5262127977718022,3,5,0.017857142857142856,56,True
D_style,par3_0130,llama,0.40223678758032155,3,5,0.05357142857142857,56,True
D_style,par3_0130,mistral,0.6113506369353112,3,5,0.017857142857142856,56,True
D_style,par3_0130,qwen,0.4904721575032443,3,5,0.017857142857142856,56,True
D_style,par3_0131,gemma,1.0036739282507936,3,5,0.017857142857142856,56,True
D_style,par3_0131,llama,0.9728600820884863,3,5,0.017857142857142856,56,True
D_style,par3_0131,mistral,0.9469830179980547,3,5,0.017857142857142856,56,True
D_style,par3_0131,qwen,0.9736799517818635,3,5,0.017857142857142856,56,True
D_style,par3_0132,gemma,0.528194947081962,5,5,0.007936507936507936,252,True
D_style,par3_0132,llama,0.5765269893288403,5,5,0.007936507936507936,252,True
D_style,par3_0132,mistral,0.9269876814916078,5,2,0.047619047619047616,21,True
D_style,par3_0132,qwen,0.7652343200257594,5,5,0.007936507936507936,252,True
D_style,par3_0133,gemma,0.577557341433705,3,5,0.017857142857142856,56,True
D_style,par3_0133,llama,0.47263823352489903,3,5,0.017857142857142856,56,True
D_style,par3_0133,mistral,0.5663391804050232,3,5,0.017857142857142856,56,True
D_style,par3_0133,qwen,0.3685655865457095,3,5,0.08928571428571429,56,True
D_style,par3_0134,gemma,0.5368071501323244,3,4,0.02857142857142857,35,True
D_style,par3_0134,llama,0.6758271593990873,3,4,0.02857142857142857,35,True
D_style,par3_0134,mistral,0.6901053805553586,3,5,0.017857142857142856,56,True
D_style,par3_0135,gemma,0.25294631222559893,4,5,0.023809523809523808,126,True
D_style,par3_0135,llama,0.24518222476228138,4,5,0.007936507936507936,126,True
D_style,par3_0135,mistral,0.31626455323022873,4,4,0.02857142857142857,70,True
D_style,par3_0135,qwen,0.2062771171451625,4,5,0.09523809523809523,126,True
D_style,par3_0136,gemma,0.5922304223861619,3,5,0.017857142857142856,56,True
D_style,par3_0136,llama,0.5154701634863414,3,5,0.07142857142857142,56,True
D_style,par3_0136,mistral,0.5637869492949197,3,5,0.017857142857142856,56,True
D_style,par3_0136,qwen,0.5162210457509814,3,4,0.11428571428571428,35,True
D_style,par3_0137,gemma,0.6479297788590235,4,5,0.007936507936507936,126,True
D_style,par3_0137,llama,0.4834800011677447,4,5,0.007936507936507936,126,True
D_style,par3_0137,mistral,0.5703494958142303,4,5,0.007936507936507936,126,True
D_style,par3_0137,qwen,0.5164126029686296,4,3,0.08571428571428572,35,True
D_style,par3_0138,gemma,0.5139073306140383,4,5,0.023809523809523808,126,True
D_style,par3_0138,llama,0.5415041970216431,4,5,0.007936507936507936,126,True
D_style,par3_0138,mistral,0.6014460602926404,4,5,0.007936507936507936,126,True
D_style,par3_0138,qwen,0.4670826065329947,4,3,0.11428571428571428,35,True
D_style,par3_0139,gemma,0.38264496512133794,3,5,0.017857142857142856,56,True
D_style,par3_0139,llama,0.27848817643669815,3,5,0.03571428571428571,56,True
D_style,par3_0139,mistral,0.4600300437961699,3,4,0.02857142857142857,35,True
D_style,par3_0139,qwen,0.2766484076464105,3,5,0.17857142857142858,56,True
D_style,par3_0140,gemma,0.4385515816339056,3,5,0.017857142857142856,56,True
D_style,par3_0140,llama,0.46113367926055193,3,5,0.017857142857142856,56,True
D_style,par3_0140,mistral,0.4730063958235405,3,5,0.017857142857142856,56,True
D_style,par3_0140,qwen,0.4533461885395348,3,5,0.017857142857142856,56,True
D_style,par3_0141,gemma,0.7045473986144025,3,2,0.2,10,True
D_style,par3_0141,llama,0.6654621321995993,3,5,0.017857142857142856,56,True
D_style,par3_0141,mistral,0.7288823120328722,3,5,0.017857142857142856,56,True
D_style,par3_0141,qwen,0.7577701769293952,3,4,0.02857142857142857,35,True
D_style,par3_0142,gemma,0.44964302096297903,3,5,0.017857142857142856,56,True
D_style,par3_0142,llama,0.4554834851433838,3,5,0.017857142857142856,56,True
D_style,par3_0142,mistral,0.6057825858313242,3,5,0.017857142857142856,56,True
D_style,par3_0142,qwen,0.42136637734104654,3,5,0.017857142857142856,56,True
D_style,par3_0143,gemma,0.29900466106214973,3,5,0.017857142857142856,56,True
D_style,par3_0143,llama,0.2781396569902877,3,5,0.017857142857142856,56,True
D_style,par3_0143,mistral,0.3051538266938079,3,5,0.017857142857142856,56,True
D_style,par3_0143,qwen,0.27709759091394137,3,5,0.017857142857142856,56,True
D_style,par3_0144,gemma,0.28668877128791703,3,5,0.017857142857142856,56,True
D_style,par3_0144,llama,0.47597898404935846,3,4,0.05714285714285714,35,True
D_style,par3_0144,mistral,0.43979365218630745,3,5,0.017857142857142856,56,True
D_style,par3_0144,qwen,0.30732067917298217,3,5,0.05357142857142857,56,True
D_style,par3_0145,gemma,0.6040292203537725,4,4,0.02857142857142857,70,True
D_style,par3_0145,llama,0.6433747712008993,4,5,0.007936507936507936,126,True
D_style,par3_0145,mistral,0.621669182985831,4,5,0.007936507936507936,126,True
D_style,par3_0145,qwen,0.539662834892771,4,3,0.05714285714285714,35,True
D_style,par3_0146,gemma,0.8640535240695162,3,5,0.017857142857142856,56,True
D_style,par3_0146,llama,0.664548825985003,3,5,0.017857142857142856,56,True
D_style,par3_0146,mistral,1.0222281088558052,3,5,0.017857142857142856,56,True
D_style,par3_0146,qwen,0.7080432450640751,3,5,0.017857142857142856,56,True
D_style,par3_0147,gemma,0.7079447491172477,4,5,0.007936507936507936,126,True
D_style,par3_0147,llama,0.6900384771605312,4,5,0.007936507936507936,126,True
D_style,par3_0147,mistral,0.7222860848280637,4,5,0.007936507936507936,126,True
D_style,par3_0147,qwen,0.6175160692237361,4,4,0.02857142857142857,70,True
D_style,par3_0148,gemma,0.6163324584988759,3,5,0.03571428571428571,56,True
D_style,par3_0148,llama,0.5661773901393907,3,5,0.05357142857142857,56,True
D_style,par3_0148,mistral,0.9890297007315767,3,5,0.017857142857142856,56,True
D_style,par3_0148,qwen,0.6975767427405994,3,5,0.017857142857142856,56,True
D_style,par3_0149,gemma,0.36263262245251393,3,5,0.017857142857142856,56,True
D_style,par3_0149,llama,0.36965999295448193,3,5,0.017857142857142856,56,True
D_style,par3_0149,mistral,0.38557887697676974,3,5,0.017857142857142856,56,True
D_style,par3_0149,qwen,0.28127515392250185,3,5,0.017857142857142856,56,True
D_style,par3_0150,gemma,0.2466295278039513,3,5,0.017857142857142856,56,True
D_style,par3_0150,llama,0.24759663909119656,3,5,0.017857142857142856,56,True
D_style,par3_0150,mistral,0.5534639761633005,3,5,0.017857142857142856,56,True
D_style,par3_0150,qwen,0.44041139778547245,3,5,0.017857142857142856,56,True
D_style,par3_0151,gemma,0.4453571425732368,4,5,0.007936507936507936,126,True
D_style,par3_0151,llama,0.2890543506831862,4,4,0.02857142857142857,70,True
D_style,par3_0151,mistral,0.4884237453036019,4,5,0.007936507936507936,126,True
D_style,par3_0152,gemma,0.4679132813820889,4,5,0.007936507936507936,126,True
D_style,par3_0152,llama,0.41560115049590063,4,5,0.047619047619047616,126,True
D_style,par3_0152,mistral,0.5252277514858182,4,4,0.02857142857142857,70,True
D_style,par3_0153,gemma,0.412803377318954,3,5,0.17857142857142858,56,True
D_style,par3_0153,llama,0.5406747872811146,3,5,0.07142857142857142,56,True
D_style,par3_0153,mistral,0.6662942233639981,3,5,0.017857142857142856,56,True
D_style,par3_0154,gemma,0.38168067050359694,4,5,0.03968253968253968,126,True
D_style,par3_0154,llama,0.32524815777291993,4,5,0.015873015873015872,126,True
D_style,par3_0154,mistral,0.45388978593815354,4,5,0.007936507936507936,126,True
D_style,par3_0154,qwen,0.4316744121318902,4,2,0.3333333333333333,15,True
D_style,par3_0155,gemma,0.29591388909530475,4,5,0.007936507936507936,126,True
D_style,par3_0155,llama,0.3719199174600025,4,5,0.007936507936507936,126,True
D_style,par3_0155,mistral,0.32324339926000245,4,5,0.007936507936507936,126,True
D_style,par3_0155,qwen,0.304246742176591,4,5,0.007936507936507936,126,True
D_style,par3_0156,gemma,0.4800514760268557,3,5,0.017857142857142856,56,True
D_style,par3_0156,llama,0.48911789423476304,3,5,0.017857142857142856,56,True
D_style,par3_0156,mistral,0.39755759883551733,3,5,0.017857142857142856,56,True
D_style,par3_0156,qwen,0.42194907853001107,3,5,0.017857142857142856,56,True
D_style,par3_0157,gemma,0.4592121868318814,3,3,0.1,20,True
D_style,par3_0157,llama,0.4323782711816251,3,5,0.017857142857142856,56,True
D_style,par3_0157,mistral,0.603245058651629,3,5,0.017857142857142856,56,True
D_style,par3_0157,qwen,0.5673304789541918,3,4,0.02857142857142857,35,True
D_style,par3_0158,gemma,0.823077789873291,3,5,0.017857142857142856,56,True
D_style,par3_0158,llama,0.7088879697426159,3,5,0.017857142857142856,56,True
D_style,par3_0158,mistral,0.7514142267679106,3,5,0.017857142857142856,56,True
D_style,par3_0159,gemma,0.29740585956061727,4,5,0.007936507936507936,126,True
D_style,par3_0159,llama,0.2607923984232573,4,5,0.015873015873015872,126,True
D_style,par3_0159,mistral,0.4207604339347679,4,4,0.02857142857142857,70,True
D_style,par3_0159,qwen,0.40617388940319654,4,5,0.007936507936507936,126,True
D_style,par3_0160,gemma,0.32675448334018176,4,5,0.007936507936507936,126,True
D_style,par3_0160,llama,0.19309639328137054,4,5,0.031746031746031744,126,True
D_style,par3_0160,mistral,0.354412361044913,4,5,0.007936507936507936,126,True
D_style,par3_0160,qwen,0.4676928345305381,4,5,0.007936507936507936,126,True
D_style,par3_0161,gemma,0.45990442767580175,4,5,0.007936507936507936,126,True
D_style,par3_0161,llama,0.36572864836103125,4,5,0.015873015873015872,126,True
D_style,par3_0161,mistral,0.5091250174918696,4,5,0.007936507936507936,126,True
D_style,par3_0161,qwen,0.4982922994554413,4,5,0.007936507936507936,126,True
D_style,par3_0162,gemma,0.29251321536752195,3,5,0.23214285714285715,56,True
D_style,par3_0162,llama,0.5101624517765454,3,5,0.03571428571428571,56,True
D_style,par3_0162,mistral,0.6878938692816546,3,5,0.017857142857142856,56,True
D_style,par3_0162,qwen,0.47509341361838187,3,5,0.05357142857142857,56,True
D_style,par3_0163,gemma,1.2365620962835446,3,5,0.017857142857142856,56,True
D_style,par3_0163,llama,1.2388796005482918,3,5,0.017857142857142856,56,True
D_style,par3_0163,mistral,1.312126854494062,3,5,0.017857142857142856,56,True
D_style,par3_0163,qwen,1.1714318444656817,3,5,0.017857142857142856,56,True
D_style,par3_0164,gemma,0.27537695448473,4,5,0.007936507936507936,126,True
D_style,par3_0164,llama,0.25329512740173876,4,5,0.03968253968253968,126,True
D_style,par3_0164,mistral,0.2920761500365705,4,5,0.007936507936507936,126,True
D_style,par3_0164,qwen,0.26205983797595145,4,5,0.007936507936507936,126,True
D_style,par3_0165,llama,0.4451441394766526,3,5,0.05357142857142857,56,True
D_style,par3_0165,mistral,0.5865731934435006,3,5,0.017857142857142856,56,True
D_style,par3_0166,llama,0.33863313948375046,4,5,0.10317460317460317,126,True
D_style,par3_0166,mistral,0.48861839776425764,4,4,0.02857142857142857,70,True
D_style,par3_0166,qwen,0.5085619066547584,4,4,0.02857142857142857,70,True
D_style,par3_0167,gemma,0.3047589629052085,4,5,0.007936507936507936,126,True
D_style,par3_0167,llama,0.2800847354026531,4,4,0.02857142857142857,70,True
D_style,par3_0167,mistral,0.5059393903382418,4,4,0.02857142857142857,70,True
D_style,par3_0167,qwen,0.43566395187604806,4,5,0.007936507936507936,126,True
D_style,par3_0168,gemma,0.30547881304489016,4,5,0.007936507936507936,126,True
D_style,par3_0168,llama,0.22379787419371533,4,5,0.023809523809523808,126,True
D_style,par3_0168,mistral,0.2833058879366616,4,5,0.031746031746031744,126,True
D_style,par3_0168,qwen,0.29318420395428446,4,5,0.007936507936507936,126,True
D_style,par3_0169,gemma,0.5826266657980678,3,5,0.017857142857142856,56,True
D_style,par3_0169,llama,0.7065664884526571,3,5,0.03571428571428571,56,True
D_style,par3_0169,mistral,0.7044782914873475,3,5,0.017857142857142856,56,True
D_style,par3_0169,qwen,0.7794468379784124,3,4,0.02857142857142857,35,True
D_style,par3_0170,gemma,0.37519353448058157,3,5,0.017857142857142856,56,True
D_style,par3_0170,llama,0.26849295497628367,3,5,0.07142857142857142,56,True
D_style,par3_0170,mistral,0.3041279508200168,3,5,0.017857142857142856,56,True
D_style,par3_0170,qwen,0.3178849368295556,3,5,0.03571428571428571,56,True
D_style,par3_0171,gemma,0.3151253103187693,3,5,0.05357142857142857,56,True
D_style,par3_0171,llama,0.2891408472306628,3,5,0.017857142857142856,56,True
D_style,par3_0171,mistral,0.4765949294685141,3,5,0.017857142857142856,56,True
D_style,par3_0171,qwen,0.3940981637229674,3,5,0.017857142857142856,56,True
D_style,par3_0172,gemma,0.4687108523742207,3,5,0.017857142857142856,56,True
D_style,par3_0172,llama,0.3056412376913806,3,5,0.16071428571428573,56,True
D_style,par3_0172,mistral,0.38503605370168303,3,5,0.03571428571428571,56,True
D_style,par3_0172,qwen,0.3389072294293297,3,5,0.05357142857142857,56,True
D_style,par3_0173,gemma,0.9584237385943313,3,5,0.017857142857142856,56,True
D_style,par3_0173,llama,0.8226670637238238,3,5,0.017857142857142856,56,True
D_style,par3_0173,mistral,0.8606061179111886,3,4,0.02857142857142857,35,True
D_style,par3_0174,gemma,0.4524128264367595,4,5,0.007936507936507936,126,True
D_style,par3_0174,llama,0.38835976529358196,4,5,0.03968253968253968,126,True
D_style,par3_0174,mistral,0.40726040712168254,4,5,0.015873015873015872,126,True
D_style,par3_0174,qwen,0.5196555128711344,4,5,0.007936507936507936,126,True
D_style,par3_0175,gemma,0.5226557559581955,3,5,0.017857142857142856,56,True
D_style,par3_0175,llama,0.49675068736404054,3,4,0.02857142857142857,35,True
D_style,par3_0175,mistral,0.6511009644201555,3,5,0.017857142857142856,56,True
D_style,par3_0176,gemma,0.4364745426042317,4,5,0.007936507936507936,126,True
D_style,par3_0176,llama,0.3384996011306768,4,5,0.007936507936507936,126,True
D_style,par3_0176,mistral,0.5244568750769115,4,5,0.007936507936507936,126,True
D_style,par3_0176,qwen,0.6923713023845407,4,5,0.007936507936507936,126,True
D_style,par3_0177,gemma,0.3801198231713562,3,5,0.17857142857142858,56,True
D_style,par3_0177,llama,0.33071546760897214,3,5,0.03571428571428571,56,True
D_style,par3_0177,mistral,0.5376679710898706,3,4,0.11428571428571428,35,True
D_style,par3_0177,qwen,0.26481896956378864,3,5,0.4642857142857143,56,True
D_style,par3_0178,gemma,0.5987520795845975,4,5,0.007936507936507936,126,True
D_style,par3_0178,llama,0.2975734221451084,4,5,0.07142857142857142,126,True
D_style,par3_0178,mistral,0.45602680295302,4,5,0.007936507936507936,126,True
D_style,par3_0178,qwen,0.48295902370664434,4,5,0.007936507936507936,126,True
D_style,par3_0179,gemma,0.5937253163866469,3,3,0.1,20,True
D_style,par3_0179,llama,0.39827335035032435,3,5,0.03571428571428571,56,True
D_style,par3_0179,mistral,0.6946896760835246,3,5,0.017857142857142856,56,True
D_style,par3_0179,qwen,0.5792013192041744,3,2,0.5,10,True
D_style,par3_0180,gemma,0.48117967848362453,3,5,0.017857142857142856,56,True
D_style,par3_0180,llama,0.499987039670863,3,5,0.017857142857142856,56,True
D_style,par3_0180,mistral,0.7198423740488262,3,5,0.017857142857142856,56,True
D_style,par3_0180,qwen,0.5575186995326331,3,5,0.017857142857142856,56,True
D_style,par3_0181,gemma,0.433628698459357,3,5,0.017857142857142856,56,True
D_style,par3_0181,llama,0.29874149410549883,3,5,0.05357142857142857,56,True
D_style,par3_0181,mistral,0.38546100315963594,3,5,0.017857142857142856,56,True
D_style,par3_0181,qwen,0.5641288381652103,3,5,0.017857142857142856,56,True
D_style,par3_0182,gemma,0.5876892661969892,3,5,0.017857142857142856,56,True
D_style,par3_0182,llama,0.4298371069057707,3,5,0.03571428571428571,56,True
D_style,par3_0182,mistral,0.45221282553120196,3,5,0.017857142857142856,56,True
D_style,par3_0182,qwen,0.4320783007697482,3,5,0.017857142857142856,56,True
D_style,par3_0183,gemma,0.6160553488468279,4,5,0.007936507936507936,126,True
D_style,par3_0183,llama,0.5549303652354214,4,5,0.007936507936507936,126,True
D_style,par3_0183,mistral,0.6803446517691343,4,5,0.007936507936507936,126,True
D_style,par3_0183,qwen,0.6256332992659857,4,3,0.05714285714285714,35,True
D_style,par3_0184,gemma,0.46594119426704916,4,5,0.007936507936507936,126,True
D_style,par3_0184,llama,0.4990942403289868,4,5,0.007936507936507936,126,True
D_style,par3_0184,mistral,0.5754948647358186,4,5,0.007936507936507936,126,True
D_style,par3_0184,qwen,0.5762947089025606,4,5,0.007936507936507936,126,True
D_style,par3_0185,gemma,0.6239555962714539,3,2,0.1,10,True
D_style,par3_0185,llama,0.5145227586942185,3,5,0.017857142857142856,56,True
D_style,par3_0185,mistral,0.6024641307124415,3,5,0.017857142857142856,56,True
D_style,par3_0185,qwen,0.5955661290301906,3,5,0.017857142857142856,56,True
D_style,par3_0186,gemma,0.5314706257501122,3,3,0.1,20,True
D_style,par3_0186,llama,0.5198545173971608,3,5,0.017857142857142856,56,True
D_style,par3_0186,mistral,0.3898368721532007,3,5,0.017857142857142856,56,True
D_style,par3_0186,qwen,0.6217911097903226,3,4,0.02857142857142857,35,True
D_style,par3_0187,gemma,0.628747771203587,3,5,0.017857142857142856,56,True
D_style,par3_0187,llama,0.5741227744915,3,5,0.017857142857142856,56,True
D_style,par3_0187,mistral,0.8693426470405965,3,5,0.017857142857142856,56,True
D_style,par3_0187,qwen,0.9166719434987864,3,5,0.017857142857142856,56,True
D_style,par3_0188,gemma,0.3216912377516026,4,5,0.007936507936507936,126,True
D_style,par3_0188,llama,0.256396053014038,4,5,0.14285714285714285,126,True
D_style,par3_0188,mistral,0.41404584754994406,4,5,0.007936507936507936,126,True
D_style,par3_0188,qwen,0.3086694114949683,4,3,0.5714285714285714,35,True
D_style,par3_0189,gemma,0.7042813045942877,3,2,0.2,10,True
D_style,par3_0189,llama,0.47695497723416985,3,5,0.017857142857142856,56,True
D_style,par3_0189,mistral,0.4548223490487957,3,5,0.017857142857142856,56,True
D_style,par3_0189,qwen,0.5192922909804788,3,3,0.1,20,True
D_style,par3_0190,gemma,0.7132944445129213,3,5,0.017857142857142856,56,True
D_style,par3_0190,llama,0.5818075725992925,3,5,0.03571428571428571,56,True
D_style,par3_0190,mistral,0.6177185440032809,3,5,0.03571428571428571,56,True
D_style,par3_0191,gemma,0.6072349499507683,3,5,0.017857142857142856,56,True
D_style,par3_0191,llama,0.5508097006790575,3,5,0.017857142857142856,56,True
D_style,par3_0191,mistral,0.7775349684269497,3,4,0.02857142857142857,35,True
D_style,par3_0191,qwen,0.5868641409533866,3,4,0.02857142857142857,35,True
D_style,par3_0192,gemma,0.49336684298728994,4,5,0.023809523809523808,126,True
D_style,par3_0192,llama,0.4802583973011957,4,5,0.007936507936507936,126,True
D_style,par3_0192,mistral,0.6337656739007989,4,5,0.007936507936507936,126,True
D_style,par3_0192,qwen,0.45856821076733234,4,5,0.015873015873015872,126,True
D_style,par3_0193,gemma,0.6977802361600121,3,5,0.017857142857142856,56,True
D_style,par3_0193,llama,0.5554994940167042,3,5,0.08928571428571429,56,True
D_style,par3_0193,mistral,0.754077303432386,3,5,0.017857142857142856,56,True
D_style,par3_0193,qwen,0.8065871189720549,3,3,0.1,20,True
D_style,par3_0194,gemma,0.341881573649964,4,5,0.03968253968253968,126,True
D_style,par3_0194,llama,0.3569684603621941,4,5,0.007936507936507936,126,True
D_style,par3_0194,mistral,0.3553988988559228,4,5,0.007936507936507936,126,True
D_style,par3_0194,qwen,0.3287899337473266,4,5,0.031746031746031744,126,True
D_style,par3_0195,gemma,0.6088845614455718,3,5,0.017857142857142856,56,True
D_style,par3_0195,llama,0.6818158255210447,3,5,0.017857142857142856,56,True
D_style,par3_0195,mistral,0.7729067286476251,3,4,0.02857142857142857,35,True
D_style,par3_0195,qwen,0.6672114799396268,3,4,0.08571428571428572,35,True
D_style,par3_0196,llama,0.4134303446149876,4,5,0.007936507936507936,126,True
D_style,par3_0196,mistral,0.47363576303473165,4,5,0.007936507936507936,126,True
D_style,par3_0197,gemma,0.34631373999308424,3,5,0.017857142857142856,56,True
D_style,par3_0197,llama,0.5167008900052865,3,5,0.017857142857142856,56,True
D_style,par3_0197,mistral,0.45039606236954366,3,5,0.017857142857142856,56,True
D_style,par3_0197,qwen,0.4751881767751464,3,5,0.03571428571428571,56,True
D_style,par3_0198,gemma,0.6237967424933588,3,5,0.017857142857142856,56,True
D_style,par3_0198,llama,0.4184992934959568,3,5,0.03571428571428571,56,True
D_style,par3_0198,mistral,0.5845143160281256,3,5,0.017857142857142856,56,True
D_style,par3_0198,qwen,0.6373390331988597,3,4,0.02857142857142857,35,True
D_style,par3_0199,gemma,0.5670381732518941,3,5,0.017857142857142856,56,True
D_style,par3_0199,llama,0.5278681132914307,3,5,0.017857142857142856,56,True
D_style,par3_0199,mistral,0.6553583371117286,3,5,0.017857142857142856,56,True
D_style,par3_0199,qwen,0.5217438662624192,3,5,0.017857142857142856,56,True
