prompt_id,source,story_id,Diversity,Perplexity,Coherence,QStarText
0,human,0,0.8790926958531132,40.0504150390625,-3.732005834579468,72.29751862867997
0,human,1,0.8801351701627226,45.095462799072266,-3.687838077545166,71.8451947682577
0,human,2,0.973568281938326,28.70421600341797,-3.3160154819488525,74.65116674170915
0,human,3,0.9432034744929688,22.07349395751953,-3.033571720123291,76.40571861076421
0,human,4,0.938175581348969,39.90300750732422,-3.6029791831970215,73.89787295443477
0,human,5,0.8687322750021099,24.69523811340332,-3.1627111434936523,74.50010018232999
0,human,6,0.8098851113935899,44.24869918823242,-3.726262092590332,66.17278758830743
0,human,7,0.8776691299297805,27.05183982849121,-3.268357753753662,74.6788785942182
0,human,8,0.9025173538343045,71.12922668457031,-4.217346668243408,66.57153358062055
0,human,9,0.8181181948467879,18.343299865722656,-2.84800386428833,70.87507706366945
1,human,0,0.8788358840341569,17.60146141052246,-2.94832181930542,75.380608193803
1,human,1,0.788202255199516,37.95123291015625,-3.649363040924072,64.67484216779536
1,human,2,0.8981513744919987,29.71129989624023,-3.3721988201141357,75.11375215558051
1,human,3,0.8805142873071342,43.66316223144531,-3.721425771713257,71.9428983879972
1,human,4,0.8481549115220447,22.555389404296875,-3.1502561569213867,73.11263058996822
1,human,5,0.8577213657452484,14.631046295166016,-2.6804518699645996,74.36841707456183
1,human,6,0.82263218921747,21.345911026000977,-3.0357985496520996,71.071112161272
1,human,7,0.8635626475372332,32.46053695678711,-3.481137752532959,72.98900389694809
1,human,8,0.92212440928607,27.709741592407227,-3.31124210357666,75.78933713576458
1,human,9,0.79705553069385,28.04901123046875,-3.2900333404541016,67.58749530565031
2,human,0,0.8767028078954685,38.56525039672851,-3.488727331161499,73.18018980110459
2,human,1,0.8929547869016374,21.96071434020996,-2.905672073364258,76.17891640970262
2,human,2,0.8309326943472266,25.085329055786133,-3.2133994102478027,71.47151981962392
2,human,3,0.9066578187776416,24.46470832824707,-3.1703667640686035,76.01591237425981
2,human,4,0.9061255401760732,24.308902740478516,-3.152658224105835,76.04834177312097
2,human,5,0.9297428480300219,38.41204833984375,-3.624368190765381,74.05191310515083
2,human,6,0.9254895186881557,21.828125,-3.091258764266968,76.40878801943218
2,human,7,0.9173335968119092,25.59404945373535,-3.136057138442993,76.25372344823236
2,human,8,0.9259578126702043,27.189035415649418,-3.2928378582000732,75.8681898632654
2,human,9,0.8980458499230839,20.10329246520996,-2.9511423110961914,76.22647559177044
3,human,0,0.9421025159202423,16.204872131347656,-2.7812867164611816,76.67499314234344
3,human,1,0.9001639295548645,30.13041114807129,-3.3829288482666016,75.11991657507869
3,human,2,0.9154474775826524,31.638721466064453,-3.411651611328125,75.25564302024065
3,human,3,0.9268761959018225,41.70901107788086,-3.7091469764709473,73.36621022733146
3,human,4,0.8604008509046758,22.26552391052246,-3.1166129112243652,74.0806960996668
3,human,5,0.8720989916779274,24.759340286254883,-3.1646816730499268,74.6885856393199
3,human,6,0.7949715844036382,21.865100860595703,-3.0705957412719727,67.94445924653098
3,human,7,0.95,25.743013381958008,-3.259481191635132,75.722179985144
3,human,8,0.9384404107953188,20.628637313842773,-2.9702391624450684,76.57580247626355
3,human,9,0.9247893641909869,26.766462326049805,-3.2493228912353516,75.99426784981765
4,human,0,0.8519018251701301,31.10150146484375,-3.3889214992523193,72.5459274055416
4,human,1,0.8566228796105416,24.36858367919922,-3.1770596504211426,73.68070307304421
4,human,2,0.796219144126118,22.739030838012695,-3.1051037311553955,68.0257052541239
4,human,3,0.9343907714491709,44.77449417114258,-3.7907700538635254,72.62614426980994
4,human,4,0.7768196526551092,19.778425216674805,-2.9299702644348145,65.89139222504626
4,human,5,0.9429223744292238,26.13091278076172,-3.3097476959228516,75.71888002372648
4,human,6,0.8139097823695101,13.77847671508789,-2.5474815368652344,70.54668831144701
4,human,7,0.8584912779728906,18.905811309814453,-2.9569339752197266,74.21085464319286
4,human,8,0.7996550621566366,20.64718246459961,-2.980064868927002,68.66755348230234
4,human,9,0.86711104134372,14.845197677612305,-2.7335803508758545,74.92907278651647
5,human,0,0.16850638473048743,3.273139715194702,-1.1115918159484863,10.143919133274045
5,human,1,0.8826923919765861,25.20904541015625,-3.1032087802886963,75.36618968315098
5,human,2,0.9147250906869557,25.219074249267575,-3.079620838165283,76.35792888806512
5,human,3,0.8963041010901113,35.66530990600586,-3.552408456802368,74.08042031433077
5,human,4,0.18947194015212293,7.216469764709473,-1.646136999130249,11.51326626514968
5,human,5,0.8800578546614851,44.15843200683594,-3.74306583404541,71.77375971332442
5,human,6,0.943827650013217,38.25514602661133,-3.616223812103271,73.95701226820007
5,human,7,0.9242670303105435,29.10650634765625,-3.253732204437256,75.90290951377887
5,human,8,0.912273469124626,22.14333724975586,-3.095883846282959,76.2887310485681
5,human,9,0.9036330511461685,35.218379974365234,-3.338764190673828,74.98673304161251
6,human,0,0.8647423435210965,30.60452461242676,-3.460617780685425,73.24163268271838
6,human,1,0.7525912747884099,14.79624080657959,-2.721219778060913,62.63929813307053
6,human,2,0.8963285615102323,28.60187530517578,-3.3820250034332275,75.07611820833951
6,human,3,0.8589013860718543,33.03072738647461,-3.474792957305908,72.66002081594601
6,human,4,0.8928853754940712,36.43117904663086,-3.620422124862671,73.66412198851056
6,human,5,0.914076786240428,36.84419250488281,-3.6008739471435547,74.20946483260762
6,human,6,0.8415732722340558,17.262619018554688,-2.8915510177612305,72.96559060155425
6,human,7,0.8779123909304922,36.431827545166016,-3.658080101013184,72.89190942734982
6,human,8,0.8987244735264479,26.860483169555664,-3.2984297275543213,75.4437595985765
6,human,9,0.9232404477319746,29.30629539489746,-3.4147403240203857,75.43285571198031
7,human,0,0.877458686748256,32.29245376586914,-3.4476964473724365,73.90364563321823
7,human,1,0.9387594107458284,26.093460083007812,-3.1730704307556152,76.13674920674904
7,human,2,0.8699964970203857,28.07546043395996,-3.378263235092163,73.9216228930403
7,human,3,0.8159880438765021,22.186500549316406,-3.032806634902954,70.40627039610473
7,human,4,0.9303996733656943,44.84195709228515,-3.762985229492187,72.74149277787441
7,human,5,0.9001474423741159,15.807662010192873,-2.774785041809082,76.40006815148062
7,human,6,0.8568797917489656,32.41694641113281,-3.447843074798584,72.64670624515642
7,human,7,0.8514613248229068,42.6259765625,-3.73055100440979,70.2555557630976
7,human,8,0.7873125766759674,20.150957107543945,-2.9606916904449463,67.19413396392181
7,human,9,0.9510785159620363,26.392274856567383,-3.269801139831543,75.65627042310298
8,human,0,0.7638995389698295,28.202289581298828,-3.3363590240478516,63.16334414779794
8,human,1,0.8836533757338552,20.30413246154785,-2.98375940322876,75.63165180118607
8,human,2,0.8990619741787359,29.13546371459961,-3.358867645263672,75.20532636101522
8,human,3,0.8513229801340934,30.70668029785156,-3.423588991165161,72.42022238701472
8,human,4,0.8943175051549437,32.43889617919922,-3.5282764434814453,74.35036443130126
8,human,5,0.9243125855760812,20.364545822143555,-2.949666738510132,76.67020379576688
8,human,6,0.8092117859802148,20.92947006225586,-3.003572463989258,69.71557378898525
8,human,7,0.8453777249161066,21.31627082824707,-3.0185961723327637,73.16904333708065
8,human,8,0.9080782485218216,27.901216506958008,-3.342203378677368,75.52003800963396
8,human,9,0.7762487034843261,28.549074172973633,-3.357809543609619,64.76141854580278
9,human,0,0.8625705678070421,12.975443840026855,-2.550485134124756,74.70971963097372
9,human,1,0.8641809682772593,27.94705390930176,-3.3875575065612793,73.54509012857754
9,human,2,0.8904604051467678,30.804534912109375,-3.4164538383483887,74.665458200299
9,human,3,0.8583767464587138,18.0223445892334,-2.8805112838745117,74.30649840294016
9,human,4,0.8570230112803825,12.89257526397705,-2.495042562484741,74.36898454204567
9,human,5,0.9481481481481482,36.79212951660156,-3.6349902153015137,73.9586669928563
9,human,6,0.9150738916256158,38.051124572753906,-3.565152883529663,74.21966366558473
9,human,7,0.9095713229859571,37.5323486328125,-3.620579719543457,74.00095723717371
9,human,8,0.9313271228600692,25.06836700439453,-3.168101072311402,76.22500171357187
9,human,9,0.9517948717948719,37.74604415893555,-3.597355365753174,73.90609132158286
10,human,0,0.9714285714285714,25.49465560913086,-3.2401697635650635,75.04184488508108
10,human,1,0.9348109750647957,26.901479721069336,-3.356627941131592,75.66637687092275
10,human,2,0.96,33.86459732055664,-3.54516077041626,74.19397909450723
10,human,3,0.9479124167006664,20.854103088378903,-2.994628667831421,76.37635900151179
10,human,4,0.950510259931534,30.84140968322754,-3.4444234371185303,74.99237491118082
10,human,5,0.9358467779244116,33.07379150390625,-3.417593240737915,75.17380349241192
10,human,6,0.9183864856310278,26.441261291503903,-3.249724864959717,75.96367286478858
10,human,7,0.8113795728653285,26.041154861450195,-3.3118133544921875,69.21426817021154
10,human,8,0.9402512562814069,26.394224166870117,-3.2253236770629883,75.98000925438252
10,human,9,0.8355515735789546,30.542264938354492,-3.4680824279785156,70.98914648215445
11,human,0,0.9509021842355176,38.70517349243164,-3.627876043319702,73.72055375494801
11,human,1,0.7367797973308229,38.8242301940918,-3.6450212001800537,57.461329880499825
11,human,2,0.9530090315657693,25.842578887939453,-3.2663321495056152,75.62684165543614
11,human,3,0.8623461160017508,24.380451202392575,-3.2137351036071777,73.97767235411851
11,human,4,0.8940162796404725,35.675506591796875,-3.589672565460205,73.87900268727935
11,human,5,0.8925927513922428,32.972511291503906,-3.4839353561401367,74.3963510477682
11,human,6,0.8247386421785091,27.635339736938477,-3.352602958679199,70.44427169444697
11,human,7,0.929932326913066,35.15684509277344,-3.5556938648223877,74.60320894418349
11,human,8,0.9527027027027027,26.929349899291992,-3.271631956100464,75.5973791840993
11,human,9,0.9302949061662198,24.54791259765625,-3.2041704654693604,76.14402009612076
12,human,0,0.9367880395127227,23.161869049072266,-3.1031494140625,76.34677589508769
12,human,1,0.9666666666666667,24.115894317626953,-3.107448101043701,75.58337897422551
12,human,2,0.9276007358613731,19.605592727661133,-3.0165297985076904,76.52262126079711
12,human,3,0.9560975609756097,31.5467586517334,-3.414821147918701,74.89173142399474
12,human,4,0.964,34.397220611572266,-3.4388022422790527,74.34865017941203
12,human,5,0.9174835232970298,69.08441162109375,-4.199247360229492,67.18273289109811
12,human,6,0.9121202780389316,27.271167755126953,-3.2844672203063965,75.77221638314514
12,human,7,0.8876434216182257,25.669160842895508,-3.196585178375244,75.34921897802607
12,human,8,0.909314973663752,27.206523895263672,-3.253633975982666,75.809189239011
12,human,9,0.961457896941768,25.98247528076172,-3.2112534046173096,75.50791599058226
13,human,0,0.9397514234134149,28.28042221069336,-3.357595443725586,75.56950414436061
13,human,1,0.8578228003112982,12.786609649658203,-2.541020393371582,74.38377540364317
13,human,2,0.9025170011689675,13.82809066772461,-2.6139698028564453,76.53221779923743
13,human,3,0.9503030303030303,43.95961380004883,-3.7157890796661377,72.76709110805618
13,human,4,0.9643765903307888,37.9918212890625,-3.6162357330322266,73.41688611640788
13,human,5,0.895108275328693,18.030303955078125,-2.8827033042907715,76.1866118410338
13,human,6,0.85351979960419,19.51982879638672,-3.0078530311584473,73.7768989314395
13,human,7,0.9072312086317396,27.2482852935791,-3.2217283248901367,75.85067141163307
13,human,8,0.9043270602592637,50.17961502075195,-3.933456897735596,71.01716115304822
13,human,9,0.8309539155655816,18.62780380249023,-2.9404497146606445,71.99154286431543
14,human,0,0.7769379087595899,32.14097213745117,-3.4928388595581055,64.25404300173439
14,human,1,0.9011768974774923,21.04240608215332,-3.075315475463867,76.08330496144308
14,human,2,0.9094461433910975,19.158416748046875,-2.9116880893707275,76.54650057623354
14,human,3,0.8575455849876951,21.45557403564453,-3.08812952041626,73.93930512473734
14,human,4,0.8666474900736988,31.694604873657227,-3.447767734527588,73.33674241292661
14,human,5,0.9229385307346327,22.394832611083984,-3.1237435340881348,76.33308016485178
14,human,6,0.9510864917681627,35.607025146484375,-3.6297824382781982,74.02041965524747
14,human,7,0.8449612847537418,16.236074447631836,-2.75488805770874,73.40510241598902
14,human,8,0.9231371841841021,17.920761108398438,-2.8851089477539062,76.70082427635354
14,human,9,0.8951907389596881,30.06694602966309,-3.356557607650757,75.04901865656753
15,human,0,0.8821127369617626,44.29985046386719,-3.786455392837525,71.6903058914812
15,human,1,0.8170854265180496,25.752429962158203,-3.2582695484161377,69.97423502291143
15,human,2,0.86234549118855,19.98311424255371,-2.9817233085632324,74.45500766424517
15,human,3,0.9010707079746294,31.866247177124023,-3.451027154922486,74.83954266374543
15,human,4,0.9570957095709571,76.65684509277344,-4.395635604858398,65.03875582315145
15,human,5,0.8764431359703043,23.86780548095703,-3.171100616455078,74.9115774692316
15,human,6,0.9057729248812051,24.71910858154297,-3.1958584785461426,75.9316252957574
15,human,7,0.8336049592263988,35.83252716064453,-3.4843711853027344,70.37615962558252
15,human,8,0.8515763032044172,22.167856216430664,-3.08865737915039,73.51467154252315
15,human,9,0.946969696969697,38.26800537109375,-3.631052494049072,73.8452988898632
16,human,0,0.8825527086257231,45.69748306274414,-3.8663170337677,71.2082162707052
16,human,1,0.7807105190462134,18.464839935302734,-2.8874316215515137,66.43111912409663
16,human,2,0.9006547459509133,23.9432373046875,-3.16037654876709,75.8967644561445
16,human,3,0.9214677267424577,43.769901275634766,-3.806163787841797,72.71865931250544
16,human,4,0.88384059081051,27.047286987304688,-3.260260581970215,74.9934692008373
16,human,5,0.9036498109374118,22.01763153076172,-3.060534954071045,76.1941047093108
16,human,6,0.8738272403752831,39.71712112426758,-3.5213301181793213,72.79317649061288
16,human,7,0.9217335254878353,23.62071228027344,-3.215759515762329,76.10763747302684
16,human,8,0.8985243610306298,37.35578155517578,-3.568636417388916,73.93177599887994
16,human,9,0.8857267735219666,30.45633888244629,-3.422262191772461,74.47674882034232
17,human,0,0.7426678431458706,38.12651443481445,-3.646028995513916,58.41138180808506
17,human,1,0.834345112139101,13.663707733154297,-2.42685866355896,72.63690407624966
17,human,2,0.8425049730141663,24.132625579833984,-3.1655967235565186,72.62149800015293
17,human,3,0.9353709660940532,49.82695007324219,-3.8923580646514897,71.46913588723449
17,human,4,0.8973053820779404,24.053285598754883,-3.227473020553589,75.63090605561715
17,human,5,0.8221849487911665,34.816951751708984,-3.561790943145752,69.11881505261722
17,human,6,0.829201324343679,25.208301544189453,-3.2090368270874023,71.31830038995925
17,human,7,0.8723745179087868,23.0523681640625,-3.097294569015503,74.86606186638795
17,human,8,0.8794599561877009,14.99143123626709,-2.7487969398498535,75.59437689747132
17,human,9,0.8160381093661788,18.154529571533203,-2.832801580429077,70.67431385257771
18,human,0,0.8684209881267371,27.93657493591309,-3.309019088745117,74.0322694112953
18,human,1,0.9575041149184498,20.595806121826172,-2.9943714141845703,76.11945986464525
18,human,2,0.8616958494261426,26.213624954223633,-3.196295976638794,73.95533728143964
18,human,3,0.9258220177308943,13.120631217956545,-2.522588014602661,76.87440842731203
18,human,4,0.9124558343694976,25.7615966796875,-3.1695618629455566,76.10853289561729
18,human,5,0.892604359113608,28.52304458618164,-3.2824716567993164,75.23637809386143
18,human,6,0.9066605222734254,14.11008358001709,-2.5309152603149414,76.71987667181645
18,human,7,0.8511789910033988,11.723516464233398,-2.273545026779175,73.93761525682903
18,human,8,0.9400749063670412,28.298856735229492,-3.329624652862549,75.64475271894055
18,human,9,0.8383889145498156,24.060863494873047,-3.1140694618225098,72.39306041871646
19,human,0,0.88036160564416,25.408071517944336,-3.1796867847442627,75.07326461131443
19,human,1,0.8719446739916696,39.42217254638672,-3.6713578701019287,72.21274907732797
19,human,2,0.8010488352767949,16.760591506958008,-2.790210247039795,69.01348432978139
19,human,3,0.9423076923076923,12.81438446044922,-2.607728958129883,76.66238050983816
19,human,4,0.7746927408516135,17.587635040283203,-2.840613603591919,65.68263911784261
19,human,5,0.7393235119338247,19.23340606689453,-2.9030394554138184,60.630619653668745
19,human,6,0.9329821346770499,19.879676818847656,-2.924307346343994,76.69105095472428
19,human,7,0.8410916755644484,22.456174850463867,-3.271534204483032,72.22689688037505
19,human,8,0.9669421487603306,31.73480224609375,-3.3517675399780273,74.68547722627413
19,human,9,0.8537173858214133,22.73554420471191,-3.17337417602539,73.47993418385897
20,human,0,0.9605263157894737,29.793384552001953,-3.3759264945983887,74.96177777532195
20,human,1,0.756522997892011,15.364940643310549,-2.7004146575927734,63.261832441432944
20,human,2,0.8516895707443346,17.582862854003906,-2.8062644004821777,73.92368602622238
20,human,3,0.8462922703683198,16.277650833129883,-2.8008832931518555,73.44958343274806
20,human,4,0.8542301678362959,39.85776138305664,-3.6797900199890137,70.98884831704649
20,human,5,0.8051704301461162,18.577714920043945,-2.9101972579956055,69.37260858232713
20,human,6,0.9334955042461851,34.614288330078125,-3.502551317214966,74.80654470573734
20,human,7,0.8454308025132599,27.459257125854492,-3.272103786468506,72.53226386099966
20,human,8,0.8318000998495877,20.926122665405273,-3.0410029888153076,71.93626978921057
20,human,9,0.645436632333184,19.499357223510746,-2.982198476791382,45.68589322623452
21,human,0,0.9595113137744129,45.723758697509766,-3.783294677734375,72.00622357143702
21,human,1,0.8500908388647288,21.62462615966797,-2.995729923248291,73.5916044084066
21,human,2,0.8829788829563862,22.02621841430664,-3.026888608932495,75.54577953401709
21,human,3,0.658141623269384,46.7567138671875,-3.842356204986572,43.28772068979604
21,human,4,0.9114852134021464,29.904203414916992,-3.3690333366394043,75.42179144353638
21,human,5,0.899678259011568,41.67414093017578,-3.670086622238159,73.1194152931863
21,human,6,0.9171767182565982,24.9288330078125,-3.217982530593872,76.05878529698839
21,human,7,0.9900990099009901,40.7808723449707,-3.7168474197387695,71.44177144220151
21,human,8,0.9236807878112225,26.40886688232422,-3.2734267711639404,75.93472781164003
21,human,9,0.9131057188167085,26.471847534179688,-3.3622095584869385,75.5880759172908
22,human,0,0.9057287213369608,30.339582443237305,-3.404493808746338,75.18420784342091
22,human,1,0.9197797331298035,25.69632339477539,-3.2971420288085938,75.861445929111
22,human,2,0.987012987012987,28.97661018371582,-3.4265213012695312,73.59623584185476
22,human,3,0.9002233804914371,12.859586715698242,-2.572064161300659,76.4410618995411
22,human,4,0.9421043467060399,39.05480194091797,-3.687671899795532,73.64654653833684
22,human,5,0.8755219828853513,18.683568954467773,-2.945939064025879,75.2594725205707
22,human,6,0.9731543624161074,21.30990982055664,-3.090796709060669,75.32004503187449
22,human,7,0.8646148571498541,19.704090118408203,-3.013744354248047,74.52883077213158
22,human,8,0.8447503938648863,21.118385314941406,-2.953307628631592,73.24321253244653
22,human,9,0.9185958968567663,20.424299240112305,-3.024111747741699,76.49089878287229
23,human,0,0.9388616858778632,47.8555793762207,-3.89794921875,71.71839465317211
23,human,1,0.8308535696654835,25.881511688232425,-3.317215919494629,71.1743589521137
23,human,2,0.9028694404591106,16.350732803344727,-2.777456283569336,76.49772597649383
23,human,3,0.7813169890033229,15.947367668151855,-2.8175158500671387,66.50560650929073
23,human,4,0.8453952056024088,28.156322479248047,-3.3597168922424316,72.2613403935591
23,human,5,0.8248098150430605,14.990540504455566,-2.684095859527588,71.61050360886219
23,human,6,0.9076855561637039,51.08784103393555,-3.944743633270264,70.90092613618374
23,human,7,0.8222135945003138,22.499483108520508,-3.202545166015625,70.65759974222819
23,human,8,0.9525691699604744,29.75457000732422,-3.446946859359741,74.98899395886099
23,human,9,0.9067739527689347,21.3551082611084,-3.078925609588623,76.21515683873776
24,human,0,0.9644165358451072,20.91829490661621,-3.001744031906128,75.87250371074268
24,human,1,0.8556882028900072,23.3994140625,-3.1441469192504883,73.69605115300082
24,human,2,0.8630095262221704,24.85637092590332,-3.1575746536254883,74.15663366817758
24,human,3,0.9604335835759155,46.958744049072266,-3.820813655853271,71.65168508787535
24,human,4,0.8366156241875395,30.90564727783203,-3.3113653659820557,71.52946289404403
24,human,5,0.8870640847299743,28.828641891479492,-3.259629726409912,75.07341351443324
24,human,6,0.882261256719508,31.79082679748535,-3.2827847003936768,74.64886646038592
24,human,7,0.8908908795458089,36.23772048950195,-3.4507737159729004,74.16708919898933
24,human,8,0.9321038138225186,51.1698112487793,-3.929287910461426,71.13265830747186
24,human,9,0.8609989393962869,19.321456909179688,-2.907658815383911,74.484624836628
25,human,0,0.9559576647319905,20.002132415771484,-3.0518102645874023,76.03290995015229
25,human,1,0.8625825522514072,26.85499382019043,-3.32706356048584,73.64959801028101
25,human,2,0.8833787414140587,17.03821563720703,-2.927464246749878,75.60725377514144
25,human,3,0.7847095541267446,23.81211853027344,-3.1932406425476074,66.39702450319456
25,human,4,0.9436709562170336,23.361669540405273,-3.184126138687134,76.06180462632591
25,human,5,0.8114844487332453,21.65173721313477,-3.0963635444641113,69.77890807096402
25,human,6,0.9487831285599962,16.731584548950195,-2.816538572311402,76.52430331061916
25,human,7,0.917516110259392,30.72919273376465,-3.3958756923675537,75.37893522682981
25,human,8,0.7826786391932358,19.69192123413086,-2.985783100128174,66.54495717256793
25,human,9,0.8631981028577218,34.13465118408203,-3.52862548828125,72.68889038862935
26,human,0,0.9299286416266797,34.5377197265625,-3.57520055770874,74.59054311249903
26,human,1,0.9137973875262011,47.00586700439453,-3.862675428390503,71.96163382163935
26,human,2,0.895513959018705,53.76108169555664,-3.936112880706787,70.1785598912032
26,human,3,0.9026945850370695,31.031869888305664,-3.478184700012207,74.84704553881545
26,human,4,0.9367135939574102,26.014997482299805,-3.243910551071167,75.98052310161374
26,human,5,0.9382982400637421,24.620418548583984,-3.1896493434906006,76.1209902294955
26,human,6,0.8789106062227294,35.46083068847656,-3.593090057373047,73.25622271342107
26,human,7,0.9565217391304348,43.01131057739258,-3.726513624191284,72.68940566293125
26,human,8,0.9057634455721552,33.20479202270508,-3.46405029296875,74.8226169439403
26,human,9,0.8502583157728483,18.684892654418945,-2.8563766479492188,73.78124628498529
27,human,0,0.7588086122022772,18.75684356689453,-2.960233449935913,63.34211765772335
27,human,1,0.7955459147142716,13.523636817932127,-2.602019786834717,68.3941885618002
27,human,2,0.5817149104725149,30.036151885986328,-3.41391658782959,34.89201963509072
27,human,3,0.7649254740128847,11.770503997802734,-2.456416368484497,64.40590158872801
27,human,4,0.7003099069635784,17.42573356628418,-2.877939224243164,54.56692066689159
27,human,5,0.7300069538105695,16.534542083740234,-2.819538116455078,59.24977136194691
27,human,6,0.8633679590894965,23.733064651489254,-3.1939849853515625,74.09611086782289
27,human,7,0.9615384615384616,23.109792709350582,-3.1752750873565674,75.61596059147226
27,human,8,0.6553528297169925,18.187402725219727,-2.91042423248291,47.349334927886574
27,human,9,0.8221275476713206,32.23637771606445,-3.524352788925171,69.43143080128611
28,human,0,0.7802400463745343,35.23200988769531,-3.5818750858306885,64.15607235527033
28,human,1,0.7367755892920971,17.381540298461914,-2.8428492546081543,60.277789075741204
28,human,2,0.9141030072589007,29.538494110107425,-3.377641201019287,75.4527559000534
28,human,3,0.9548186441390324,27.403491973876953,-3.333168029785156,75.3560976512685
28,human,4,0.8369160328757896,27.974733352661133,-3.339315891265869,71.60901211670559
28,human,5,0.9218471305486976,22.79128074645996,-3.0988306999206543,76.38793998255234
28,human,6,0.929973882898264,40.88682556152344,-3.708110809326172,73.46877263375052
28,human,7,0.7900471807815578,17.375030517578125,-2.8539958000183105,67.6237647470257
28,human,8,0.9919354838709677,30.490093231201172,-3.4253358840942383,73.2217203516861
28,human,9,0.9636363636363636,33.32847213745117,-3.562206268310547,74.04922465570775
29,human,0,0.9029341029341029,16.57921028137207,-2.7803080081939697,76.5070508626514
29,human,1,0.9908256880733946,18.256593704223633,-2.894676446914673,74.64803589700003
29,human,2,0.8835269647437717,19.92665100097656,-3.009092330932617,75.56555918637802
29,human,3,0.9030354609929078,19.38172721862793,-2.9439802169799805,76.356281203751
29,human,4,0.831730637792148,13.680256843566896,-2.6437854766845703,72.23146755109457
29,human,5,0.9092660623727188,22.17678451538086,-3.10113525390625,76.22615035395039
29,human,6,0.8910041160516231,14.761970520019531,-2.7052745819091797,76.13200837614325
29,human,7,0.8170687343081025,24.930736541748047,-3.2546982765197754,69.99296107221055
29,human,8,0.6995774783910377,18.37879753112793,-2.9241950511932373,54.40960902933822
29,human,9,0.8983451090036649,26.249176025390625,-3.2715468406677246,75.51979873126226
30,human,0,0.8823154654070872,26.11086654663086,-3.2750909328460693,74.90626313745825
30,human,1,0.8943100129953446,31.82691764831543,-3.341973781585694,74.96220166906312
30,human,2,0.8554194559179604,26.11008071899414,-3.150604724884033,73.63741276445198
30,human,3,0.9236450144455838,41.847373962402344,-3.753636598587036,73.17991681347941
30,human,4,0.8900911519723401,16.28167152404785,-2.771456480026245,76.09842801576744
30,human,5,0.9410430839002267,31.14716148376465,-3.4732108116149902,75.06667164667734
30,human,6,0.9421406664776681,25.21556854248047,-3.22733211517334,75.96741037360135
30,human,7,0.9405585933968662,59.10966110229492,-4.065407752990723,69.20550353029914
30,human,8,0.9280508964719492,36.23828125,-3.573091983795166,74.45043629333291
30,human,9,0.8812791469201782,38.925785064697266,-3.658670425415039,72.79463183655622
31,human,0,0.9574468085106383,25.55195045471191,-3.43965220451355,75.00337231691266
31,human,1,0.7684270788607412,18.86877822875977,-2.9871363639831543,64.6287880306885
31,human,2,0.7715411655162088,15.449063301086426,-2.805154323577881,65.2062515521705
31,human,3,0.9646909827760891,28.18494033813477,-3.3685967922210693,74.89919222267791
31,human,4,0.8354522670312144,9.755778312683104,-2.3400564193725586,72.45710096946631
31,human,5,0.9347094167616286,35.11960220336914,-3.5581483840942383,74.57282787426838
31,human,6,0.875946852955277,19.29202461242676,-3.022848129272461,75.15128131837012
31,human,7,0.8496702361995107,18.57491111755371,-3.019383430480957,73.4317006114596
31,human,8,0.9010674043962312,20.91167259216309,-3.078908920288086,76.06984057844907
31,human,9,0.8834862385321101,16.07185173034668,-2.699458122253418,75.90729707961623
32,human,0,0.8955992844364937,15.37152099609375,-2.5616633892059326,76.47674975085869
32,human,1,0.875132138551945,20.510496139526367,-2.91033935546875,75.35797465223533
32,human,2,0.9118941172211524,34.86948013305664,-3.57438063621521,74.44849019556938
32,human,3,0.8034604879005124,27.101470947265625,-3.2296440601348877,68.52621810751793
32,human,4,0.7184498076561159,22.0006046295166,-3.0467638969421387,57.22966733757537
32,human,5,0.9660194174757282,32.926326751708984,-3.411562204360962,74.46626548833979
32,human,6,0.8049997772094314,21.162023544311523,-3.000282287597656,69.2548838890401
32,human,7,0.9339642911232371,49.33715057373047,-3.8159632682800297,71.85004598578108
32,human,8,0.8484421510806238,25.2624568939209,-3.267430305480957,72.83088510788096
32,human,9,0.8747797403000545,25.512065887451172,-3.1989827156066895,74.74128458147194
33,human,0,0.8723834712944206,27.84803771972656,-3.247239589691162,74.43089462306183
33,human,1,0.9784172661870504,25.773601531982425,-3.28794264793396,74.57135943972003
33,human,2,0.8674884022694005,28.23348617553711,-3.2954113483428955,74.00377697853273
33,human,3,0.8938679407650808,37.65363693237305,-3.651592969894409,73.46793346192074
33,human,4,0.6917690131694054,37.80565643310547,-3.5984044075012207,50.71535454691934
33,human,5,0.9139955569660425,24.84912872314453,-3.1411328315734863,76.21118057235762
33,human,6,0.8154501141482076,23.877700805664062,-3.1692376136779785,70.047158448522
33,human,7,0.8811688176722214,33.98244857788086,-3.5399045944213867,73.66716996746077
33,human,8,0.9361298268492357,35.40127182006836,-3.541659355163574,74.59062936562081
33,human,9,0.8553221288515406,28.66118812561035,-3.3639144897460938,72.98873061711947
34,human,0,0.7139521983624693,29.289363861083984,-3.4270541667938232,55.42263952523031
34,human,1,0.9163194637788198,30.457609176635746,-3.4294402599334717,75.27936397121634
34,human,2,0.9009981581208153,16.923742294311523,-2.833564043045044,76.39421370650456
34,human,3,0.8299818537255049,27.02126693725586,-3.266310930252075,71.2072904717933
34,human,4,0.9153086303432785,42.77558898925781,-3.719179153442383,73.11840633698385
34,human,5,0.961457896941768,73.81013488769531,-4.2507476806640625,65.81509574181409
34,human,6,0.8888987562428318,27.084049224853516,-3.3035736083984375,75.0863109458292
34,human,7,0.8558226449962673,17.895353317260742,-2.837317943572998,74.19242802371478
34,human,8,0.8533660723147846,18.239612579345703,-2.8985438346862793,73.92681316086708
34,human,9,0.9384513848970641,35.206321716308594,-3.5068869590759277,74.69693755658815
35,human,0,0.949924369078895,11.994397163391112,-2.4804883003234863,76.55191938560804
35,human,1,0.9295037812079147,22.81170082092285,-3.15942645072937,76.25802050770506
35,human,2,0.9187871743817899,24.43900489807129,-3.2735040187835693,75.93197254664172
35,human,3,0.947609219126247,19.94486427307129,-3.002464771270752,76.34528537044606
35,human,4,0.8684327798104887,35.481021881103516,-3.6330511569976807,72.54710233376163
35,human,5,0.8497006383447062,21.12309837341309,-3.104966402053833,73.31953389157849
35,human,6,0.9618851875216214,55.8001594543457,-4.017696380615234,69.41547774634252
35,human,7,0.9476439790575916,29.073442459106445,-3.360779047012329,75.3946077263571
35,human,8,0.9556650246305419,27.17380142211914,-3.312464475631714,75.39656705577184
35,human,9,0.9082601972164762,23.58728408813477,-3.2256155014038086,75.91242675048754
36,human,0,0.950678169533931,28.046297073364254,-3.319373369216919,75.48352859853557
36,human,1,0.9031959240389069,27.450971603393555,-3.2647900581359863,75.64008120296009
36,human,2,0.9629629629629629,39.07807922363281,-3.522677421569824,73.6646472591351
36,human,3,0.7852231047399503,15.741753578186035,-2.5888824462890625,67.27170705521148
36,human,4,0.8405296709808565,25.31071662902832,-3.186587333679199,72.39323298431647
36,human,5,0.9047987307149599,27.592058181762695,-3.296064615249634,75.58922047985178
36,human,6,0.8445664715432081,12.358186721801758,-2.339143753051758,73.45488901686836
36,human,7,0.8852741455781253,15.887706756591797,-2.7400927543640137,75.92447084816875
36,human,8,0.9003576192334074,18.000932693481445,-2.896787166595459,76.320611556389
36,human,9,0.8917263077479796,26.09819984436035,-3.2640721797943115,75.32378579835591
37,human,0,0.7770969190675884,18.624183654785156,-2.9129390716552734,65.92090005754909
37,human,1,0.9205472417840376,41.61265563964844,-3.711538314819336,73.34711114440955
37,human,2,0.8394814221258303,47.6313591003418,-3.8760335445404057,68.02630550301909
37,human,3,0.8942425859366131,21.75654983520508,-3.0179872512817383,76.0066059386805
37,human,4,0.992,36.15290832519531,-3.6135504245758057,72.18768737081152
37,human,5,0.633191301792536,17.210182189941406,-2.84639048576355,43.9137717640871
37,human,6,0.8988319273199221,33.83732604980469,-3.495278835296631,74.4978271822856
37,human,7,0.9863945578231292,30.858108520507812,-3.430799961090088,73.52849141412624
37,human,8,0.8820979086435601,32.55653381347656,-3.4568305015563965,74.08198991080255
37,human,9,0.9200068066147921,25.701379776000977,-3.2854928970336914,75.89503442801215
38,human,0,0.9433962264150944,18.677806854248047,-2.880859613418579,76.60993654257966
38,human,1,0.9058135262420778,21.82904815673828,-3.0701332092285156,76.22098458611497
38,human,2,0.8528066053445661,27.60034942626953,-3.2483134269714355,73.16324653971682
38,human,3,0.8934257753003554,21.358713150024418,-2.967754602432251,76.07231968391321
38,human,4,0.8779872599942606,29.51045036315918,-3.315046548843384,74.47801161865965
38,human,5,0.881002329973407,36.69964599609375,-3.6129095554351807,73.17373316430351
38,human,6,0.8867115828946659,11.092940330505373,-2.357725143432617,75.95953516885209
38,human,7,0.8938872363312768,21.69544792175293,-3.064126491546631,75.89603787776787
38,human,8,0.8844559567668719,37.89493179321289,-3.6167728900909424,73.19635276451177
38,human,9,0.8824188438042974,19.3973388671875,-2.9147417545318604,75.67980542741115
39,human,0,0.8376524565043317,15.66344165802002,-2.4756016731262207,73.03038111157734
39,human,1,0.9056024341688534,24.70816421508789,-3.100620746612549,76.15560762309173
39,human,2,0.7605464736745057,28.708410263061523,-3.3133983612060547,62.74148593452777
39,human,3,0.9018095417139739,17.026134490966797,-2.8530397415161133,76.38974583583511
39,human,4,0.9319668093080765,29.532289505004883,-3.360581398010254,75.57953339868612
39,human,5,0.8492200689768056,15.290912628173828,-2.767083168029785,73.67343321282696
39,human,6,0.8856419005816818,36.07613754272461,-3.5499794483184814,73.65395588894742
39,human,7,0.8252159145738914,31.74239921569824,-3.404799461364746,70.14479085308608
39,human,8,0.9601990049751243,35.93073654174805,-3.5506834983825684,73.99288748095536
39,human,9,0.8568733475973935,21.279518127441406,-2.955850124359131,74.16234286045459
40,human,0,0.9193290645769769,23.458478927612305,-3.098125696182251,76.37479377721542
40,human,1,0.9254613924247612,21.168598175048828,-3.010838508605957,76.57043837911621
40,human,2,0.9113531821627767,41.08998107910156,-3.585679292678833,73.74647329137336
40,human,3,0.7881564408067715,26.14518928527832,-3.2395553588867188,66.68805590429292
40,human,4,0.9264339724392735,30.361515045166016,-3.3053202629089355,75.70761172251997
40,human,5,0.695075869251135,12.046565055847168,-2.3992600440979004,53.89970327063855
40,human,6,0.8797354845668337,23.286924362182617,-3.089515686035156,75.26766046056444
40,human,7,0.8666179690835277,20.82123565673828,-2.8852479457855225,74.92205692305212
40,human,8,0.7974976149899936,21.657886505126953,-3.051945447921753,68.28421043345249
40,human,9,0.7096980854295828,22.22762680053711,-3.0326778888702393,55.89323325076766
41,human,0,0.9053177534294735,42.42356872558594,-3.7161478996276855,73.00148064729085
41,human,1,0.8888943464576442,21.95183563232422,-3.088033676147461,75.66303829446372
41,human,2,0.9495398286258331,23.151567459106445,-3.186683177947998,75.93731003935572
41,human,3,0.9580152671755725,29.622730255126953,-3.367032527923584,75.07847539432402
41,human,4,0.9277849740932642,34.95127487182617,-3.5686028003692627,74.58161261086687
41,human,5,0.9395931928913459,26.05221366882324,-3.263984203338623,75.89387619167555
41,human,6,0.7480619962234791,27.72482681274414,-3.3149571418762207,60.984939072056946
41,human,7,0.9675675675675676,65.36602783203125,-4.1875200271606445,66.973961628513
41,human,8,0.86583604189238,51.201637268066406,-3.9544193744659424,69.11487054969248
41,human,9,0.882906717804761,48.155517578125,-3.903351306915283,70.71259791266404
42,human,0,0.8433592007672083,10.093398094177246,-2.2585597038269043,73.18226980890013
42,human,1,0.9152890706732912,23.306846618652344,-3.143202781677246,76.22864476882559
42,human,2,0.8322337670632363,16.587223052978516,-2.763592481613159,72.30650150201147
42,human,3,0.9170674914235943,15.437379837036133,-2.726883888244629,76.76813119660373
42,human,4,0.8663226124708149,16.263906478881836,-2.7802467346191406,74.89878139526235
42,human,5,0.8156639077136161,21.677175521850582,-3.0601916313171387,70.30732293922095
42,human,6,0.7269108551753269,29.59584617614746,-3.3723607063293457,57.57998592408026
42,human,7,0.9064955091829993,10.865478515625,-2.397461414337158,76.54885943385865
42,human,8,0.9472477064220184,36.337135314941406,-3.606893301010132,74.1186464187507
42,human,9,0.8347677674563314,27.555580139160156,-3.292085886001587,71.56312841296291
43,human,0,0.9305065892281809,34.43606185913086,-3.4964680671691895,74.8557440090148
43,human,1,0.8070816902701656,23.008359909057617,-3.162836790084839,69.150117049375
43,human,2,0.8922132465085678,32.941551208496094,-3.468494415283203,74.43380557451268
43,human,3,0.7678172988581179,15.810153007507324,-2.676732063293457,64.8904948494411
43,human,4,0.8129475855019979,35.36659622192383,-3.5734453201293945,68.07037600028328
43,human,5,0.8869815512008926,16.535436630249023,-2.786445140838623,75.96695288717554
43,human,6,0.857032637544943,29.10660171508789,-3.329428195953369,73.1912299851757
43,human,7,0.8822429008970663,28.954830169677734,-3.3612060546875,74.57502516959525
43,human,8,0.9320889288697553,24.18828773498535,-3.1448750495910645,76.28435231226709
43,human,9,0.8048232620191524,25.013118743896484,-3.2092318534851074,68.77367236087133
44,human,0,0.880541175609519,22.06650161743164,-3.071540355682373,75.33764011576659
44,human,1,0.8619348261347225,18.78120994567871,-2.9678516387939453,74.41739170015259
44,human,2,0.9071570446382472,41.11397171020508,-3.682070255279541,73.33074296514381
44,human,3,0.9420478139458913,47.72553634643555,-3.829569578170776,71.95752291134421
44,human,4,0.796947925591429,20.67673110961914,-3.02193546295166,68.26396871607432
44,human,5,0.8244673765818028,20.747873306274418,-3.0323305130004883,71.2493089655695
44,human,6,0.9217862431013596,44.255672454833984,-3.685927867889404,73.09444294008057
44,human,7,0.9149195875520946,20.8076171875,-3.007915496826172,76.49301985476595
44,human,8,0.9292746422777935,26.475053787231445,-3.3126518726348877,75.82955012056223
44,human,9,0.9038041230785459,34.59237289428711,-3.5918326377868652,74.2511276927736
45,human,0,0.8650808949093004,23.536235809326172,-3.137803554534912,74.3417681108056
45,human,1,0.8391294566286089,15.880109786987305,-2.7752976417541504,72.86882093482072
45,human,2,0.937191078963231,34.40072250366211,-3.5636000633239746,74.59271446948713
45,human,3,0.906164757228587,20.345808029174805,-3.0209174156188965,76.30527367484478
45,human,4,0.8972568967385087,24.955665588378903,-3.213620662689209,75.65880909062277
45,human,5,0.7957890610283224,12.947236061096191,-2.6050844192504883,68.37923719077347
45,human,6,0.9693877551020408,52.950008392333984,-3.9863576889038086,69.71561950280756
45,human,7,0.8518845896385216,20.69200325012207,-3.0294151306152344,73.64172554637413
45,human,8,0.9033292755036587,45.58609390258789,-3.827871322631836,72.10273432551999
45,human,9,0.8318863574747285,13.10279655456543,-2.605538845062256,72.24355316044745
46,human,0,0.9260549962743535,22.04872131347656,-3.1307969093322754,76.32160733343741
46,human,1,0.8656956901774557,21.401914596557617,-3.0140554904937744,74.63467606701026
46,human,2,0.9566971961960908,24.481664657592773,-3.1985344886779785,75.71457617403757
46,human,3,0.9158597264295119,24.34991455078125,-3.197365045547486,76.10120938011207
46,human,4,0.9100251053712374,25.35405158996582,-3.222691059112549,75.94115951355535
46,human,5,0.9614894879599843,60.27523422241211,-4.064479827880859,68.50684803152555
46,human,6,0.9680561122244489,39.6331787109375,-3.629814147949219,73.0414505005734
46,human,7,0.8526707936217925,21.141090393066406,-3.0770082473754883,73.60732095543207
46,human,8,0.8560654869641956,29.022499084472656,-3.2729525566101074,73.28262491518794
46,human,9,1.0,55.039833068847656,-4.074245452880859,67.251444776129
47,human,0,0.905090077036393,18.582481384277344,-2.9345123767852783,76.39552072366918
47,human,1,0.8841116810034244,20.03342056274414,-2.9393882751464844,75.72959143430718
47,human,2,0.9025091683071358,32.25566101074219,-3.450655937194824,74.85315797449428
47,human,3,0.9258781990154893,20.1848087310791,-2.940326690673828,76.686491180458
47,human,4,0.9335258301424894,33.64362716674805,-3.366401195526123,75.30188413954528
47,human,5,0.9158652887170944,17.514324188232422,-2.8097727298736572,76.7462021045559
47,human,6,0.8365384187686327,20.963024139404297,-3.041088819503784,72.36625013135762
47,human,7,0.9140286584696231,26.108169555664062,-3.2215170860290527,75.99461464508853
47,human,8,0.9119615675267192,41.05963897705078,-3.7310709953308105,73.2484048389961
47,human,9,0.861018488072874,15.249593734741213,-2.722963809967041,74.57932174215287
48,human,0,0.9272904108724406,25.362438201904297,-3.2300949096679688,76.07416009586048
48,human,1,0.810302795997085,15.669611930847168,-2.7657253742218018,70.03626297961037
48,human,2,0.741926761887968,10.951273918151855,-2.4420087337493896,61.04734499988527
48,human,3,0.9567307692307693,26.11457061767578,-3.279186725616455,75.48128562134849
48,human,4,0.9169311019343621,17.65732192993164,-2.848155975341797,76.70480610349435
48,human,5,1.0,42.558101654052734,-3.166496753692627,72.236887412604
48,human,6,0.9138488594955637,31.850616455078125,-3.4549684524536133,75.08873581474371
48,human,7,0.9294832826747721,32.119136810302734,-3.5075109004974365,74.99400306825251
48,human,8,0.9437262966721863,45.38381576538086,-3.809389114379883,72.3544506589752
48,human,9,0.8540714938328005,34.73175811767578,-3.5759878158569336,71.8551185782713
49,human,0,0.9193656123627961,44.00117874145508,-3.786490440368652,72.74582698903495
49,human,1,0.9148518917808923,39.30376052856445,-3.619928121566773,73.89291896033231
49,human,2,0.8219237158305535,31.443069458007812,-3.363724946975708,69.95750655491604
49,human,3,0.9235507483171035,22.30898094177246,-3.066357135772705,76.46416288864627
49,human,4,0.9289786959944654,18.892061233520508,-2.9000046253204346,76.71904277837704
49,human,5,0.9141197431015166,42.957305908203125,-3.6714117527008057,73.25015012050258
49,human,6,0.8405211112855125,20.993358612060547,-2.914487361907959,72.95961416958492
49,human,7,0.9692307692307692,25.444499969482425,-3.2445974349975586,75.12742762579613
49,human,8,0.9603174603174603,29.897666931152344,-3.2852821350097656,75.22090794905938
49,human,9,0.8376856688859011,24.43812370300293,-3.1754167079925537,72.18366329633247
50,human,0,0.8128516439085864,30.466054916381836,-3.358408689498902,69.08234996893819
50,human,1,0.8942570786410103,18.2849178314209,-2.7476515769958496,76.3728854679502
50,human,2,0.934230518775776,22.316476821899418,-3.040787696838379,76.50017732041775
50,human,3,0.8870984655178439,32.76087188720703,-3.4999027252197266,74.14958802577596
50,human,4,0.9406175771971497,23.93351173400879,-3.22757887840271,75.99866009583073
50,human,5,0.9166993428172593,26.360857009887695,-3.2885186672210693,75.84421896664163
50,human,6,0.8036602344337481,21.56608009338379,-3.098802328109741,68.89844234860828
50,human,7,0.9138119772889817,39.821048736572266,-3.737787961959839,73.40033402985104
50,human,8,0.8480748172138999,34.0399169921875,-3.4801552295684814,71.77066190830028
50,human,9,0.8894936321843151,29.186431884765625,-3.316342353820801,75.00038632850362
51,human,0,0.7028667988992239,21.302095413208008,-3.036808490753174,54.79311800078627
51,human,1,0.8602176545109367,25.258398056030273,-3.239487648010254,73.76176937027294
51,human,2,0.8206579581501287,38.6262321472168,-3.691181182861328,68.1452463679526
51,human,3,0.9238726790450928,29.418500900268555,-3.4476895332336426,75.32927231627151
51,human,4,0.8146831005453767,28.928491592407227,-3.3935256004333496,69.24740243604164
51,human,5,0.7216087416438566,30.88302230834961,-3.4364163875579834,56.50547770386696
51,human,6,0.8736573622157147,36.94202423095703,-3.673065185546875,72.56655003576508
51,human,7,0.9721254355400697,28.9658145904541,-3.4621291160583496,74.27366402526282
51,human,8,0.8752937328494503,33.76930618286133,-3.595841884613037,73.20307214985746
51,human,9,0.7862878203802254,20.30066680908203,-3.0184624195098877,66.9546481195217
52,human,0,0.9510523831996225,22.03266143798828,-3.084817409515381,76.13299040753974
52,human,1,0.888583527038339,50.002140045166016,-3.870118379592895,70.79390713506749
52,human,2,0.7563441812227036,30.570831298828125,-3.4434657096862793,61.67792308944191
52,human,3,0.9301171213922891,27.96250915527344,-3.3100409507751465,75.79315131365477
52,human,4,0.9373853491500551,18.693164825439453,-2.962122678756714,76.54635455828854
52,human,5,0.8455886928024583,23.2961483001709,-3.1358799934387207,72.94650194343126
52,human,6,0.9010464399811526,39.70418548583984,-3.608978748321533,73.61008608864559
52,human,7,0.8151094998371898,21.6096134185791,-3.07066011428833,70.22484882919278
52,human,8,0.9904761904761905,69.07585144042969,-4.106454372406006,65.5802769763713
52,human,9,0.8196075025501244,22.293779373168945,-3.0606441497802734,70.72434813946924
53,human,0,0.8809190688067077,45.55876922607422,-3.803723096847534,71.39067136599915
53,human,1,0.8803504493519396,13.305642127990724,-2.602830410003662,75.6926168283006
53,human,2,0.8860677913646189,40.03947830200195,-3.704660892486572,72.71619148259798
53,human,3,0.8475914383188045,30.549148559570312,-3.3800954818725586,72.27103462232743
53,human,4,0.8913909579075003,21.041414260864254,-3.0105950832366943,75.90901874474459
53,human,5,0.9477611940298507,18.248491287231445,-2.7721691131591797,76.67878820381826
53,human,6,0.9398062255205112,20.295852661132812,-2.9580256938934326,76.57446368137461
53,human,7,0.9423463450756374,32.744590759277344,-3.4385833740234375,75.05292823548385
53,human,8,0.9567158385093169,40.353981018066406,-3.6275904178619385,73.37256810784545
53,human,9,0.9287874048587218,39.59916305541992,-3.5845935344696045,74.0570400249467
54,human,0,0.9254482928027511,24.52140998840332,-3.222372055053711,76.10122942319883
54,human,1,0.8438746438105478,33.665733337402344,-3.501258850097656,71.39495631979987
54,human,2,0.6935748768227741,19.18071556091309,-2.9323105812072754,53.467425701133315
54,human,3,0.8941149990007005,23.87919807434082,-3.163459300994873,75.6885985170779
54,human,4,0.7713190673906101,13.542298316955566,-2.6064021587371826,65.29722266667123
54,human,5,0.9298481931096034,39.43648147583008,-3.68413758277893,73.72740381365288
54,human,6,0.8362229673724664,15.245842933654783,-2.73324203491211,72.63462944833478
54,human,7,0.8650598283415217,14.347105979919434,-2.6107702255249023,74.9098627122712
54,human,8,0.9468487740661511,35.92971420288086,-3.5313799381256104,74.41810386629132
54,human,9,0.8989821492506777,31.14498519897461,-3.4439003467559814,74.84689112991974
55,human,0,0.8812826175025005,43.16914749145508,-3.7354073524475098,71.99536106172562
55,human,1,0.9047957197604583,30.536434173583984,-3.454374313354492,75.00006275289404
55,human,2,0.92317731956733,34.12965393066406,-3.480353832244873,74.92938789677815
55,human,3,0.9547738693467337,40.682376861572266,-3.7147135734558105,73.08121195064474
55,human,4,0.9567567567567568,36.25985336303711,-3.581986427307129,73.96785171094902
55,human,5,0.8224753147883843,26.815027236938477,-3.2637033462524414,70.4897089584563
55,human,6,0.7999914100245014,24.71234893798828,-3.256391763687134,68.09639941976204
55,human,7,0.8906511678661063,41.503082275390625,-3.7166635990142822,72.6766333339422
55,human,8,0.8759665414648159,30.97463607788086,-3.421375274658203,73.98897387940276
55,human,9,0.8916475681181564,24.874290466308594,-3.2322583198547363,75.42259055806802
56,human,0,0.8338758797419387,20.1534366607666,-2.98233413696289,72.22856781066241
56,human,1,0.8225965400765154,13.541969299316406,-2.6637167930603027,71.3192474162583
56,human,2,0.8799113216103189,14.622660636901855,-2.6991777420043945,75.65641359221186
56,human,3,0.8417299000304362,25.232053756713867,-3.2475452423095703,72.33959145831483
56,human,4,0.9350202786104743,23.41263771057129,-3.2874388694763184,75.90120004496013
56,human,5,0.7691092655394336,20.54074478149414,-3.043349266052246,64.65507337518503
56,human,6,0.9820359281437125,39.08705520629883,-3.714191198348999,72.12674028970972
56,human,7,0.9004724274370355,25.54640769958496,-3.243252754211426,75.66845982499558
56,human,8,0.7920332531136749,15.04453468322754,-2.74601674079895,67.90376781493794
56,human,9,0.8610123041968671,14.694297790527344,-2.737490653991699,74.52633654421498
57,human,0,0.9118052008988421,37.00995635986328,-3.60403823852539,74.14877250294589
57,human,1,0.8623604299046073,31.667232513427734,-3.2829718589782715,73.54770067721469
57,human,2,0.9583333333333334,32.49666213989258,-3.449473142623902,74.65526491193313
57,human,3,0.8042587706671572,24.82086753845215,-3.297180652618408,68.47816321134195
57,human,4,0.7815237417236512,14.297419548034668,-2.6358654499053955,66.66529179648676
57,human,5,0.937080592651651,28.79711151123047,-3.348400831222534,75.60741593796799
57,human,6,0.7886007547561378,27.40221786499023,-3.3349239826202393,66.45211586331924
57,human,7,0.9281127794138946,17.068954467773438,-2.8702566623687744,76.69589182846323
57,human,8,0.913222863109741,29.78428840637207,-3.396009683609009,75.37448869604123
57,human,9,0.9616724738675958,32.57476806640625,-3.494609832763672,74.39533284473241
58,human,0,0.8065142169845416,23.610567092895508,-3.133791923522949,69.15722942321541
58,human,1,0.9078205795430803,24.713911056518555,-3.1661453247070312,76.0483090358685
58,human,2,0.8807100939369101,18.722917556762695,-2.9394311904907227,75.5326370389224
58,human,3,0.8745750799903826,22.050203323364254,-3.0710289478302,75.0366953119633
58,human,4,0.935672514619883,10.5753755569458,-2.323766708374023,76.73181965632845
58,human,5,0.88154544027531,25.776411056518555,-3.2434749603271484,74.96094794906925
58,human,6,0.9427588364091335,36.20315933227539,-3.5647168159484863,74.35664761566171
58,human,7,0.9117262779683163,17.11031723022461,-2.8350119590759277,76.63166449118013
58,human,8,0.92427149083068,22.076108932495117,-3.103507280349731,76.38130010783641
58,human,9,0.9725616200904749,35.649658203125,-3.5662918090820312,73.47225693667986
59,human,0,0.9746039523109588,20.80809783935547,-3.101983070373535,75.21649006523474
59,human,1,0.9882352941176471,20.8515682220459,-2.9974617958068848,74.69585869968468
59,human,2,0.9321123321123321,18.798402786254883,-2.903949022293091,76.69791947195964
59,human,3,0.9937888198757764,47.069732666015625,-3.815847635269165,69.97246051122625
59,human,4,0.9354435831180017,14.851272583007812,-2.6828107833862305,76.80423878638516
59,human,5,0.9414991219672413,32.252647399902344,-3.4593777656555176,75.03478548601802
59,human,6,0.9696969696969697,39.2901496887207,-3.701302289962769,72.75856476013251
59,human,7,0.9418931315216145,35.03410720825195,-3.568685531616211,74.46238730235488
59,human,8,0.8785582799250985,23.7828311920166,-3.147390604019165,75.07621768026647
59,human,9,0.9571214392803599,61.73567199707031,-4.113070011138916,68.21798138572247
60,human,0,0.8794940458621757,17.657394409179688,-2.8401057720184326,75.60214836146761
60,human,1,0.8571595576952864,18.254730224609375,-2.875894546508789,74.23888544735723
60,human,2,0.8877004670005897,21.189027786254883,-3.044264554977417,75.69910738276626
60,human,3,0.9367266851338873,40.52276992797851,-3.7252042293548584,73.40806133151737
60,human,4,0.9713261648745519,21.365013122558594,-3.087235927581787,75.4126519682336
60,human,5,0.9637681159420289,42.20539474487305,-3.7367844581604,72.51347471556365
60,human,6,0.8839505714427167,31.070404052734375,-3.3310177326202393,74.63428469318481
60,human,7,0.9237412855792592,27.157556533813477,-3.3104496002197266,75.81497223696651
60,human,8,0.9173231382124268,38.52973937988281,-3.576113700866699,74.15692402372609
60,human,9,0.8953103447371166,34.065731048583984,-3.494314432144165,74.37368261251439
61,human,0,0.9056451016921295,48.5829963684082,-3.884009599685669,71.49129639328996
61,human,1,0.7616124982563817,13.348958015441896,-2.562098979949951,63.9903247542631
61,human,2,0.9141214534852398,40.78693008422851,-3.653374195098877,73.5917073919087
61,human,3,0.9464116543033337,24.527690887451172,-3.1749587059020996,76.03088665556338
61,human,4,0.933710889145797,33.13090515136719,-3.5315895080566406,74.82654233986237
61,human,5,0.9559576647319905,30.861469268798828,-3.400791883468628,74.97817790227508
61,human,6,0.8961110891619366,31.281721115112305,-3.414860725402832,74.84005883864464
61,human,7,0.8383643045166671,29.33354377746582,-3.4212875366210938,71.4411636868687
61,human,8,0.9333251805976538,41.78567886352539,-3.7154288291931152,73.31419003451785
61,human,9,0.9190730944559687,34.35328674316406,-3.5098161697387695,74.79130921823825
62,human,0,0.966183574879227,16.83514976501465,-2.7846879959106445,76.03571275598152
62,human,1,0.9144279878166024,44.88969421386719,-3.798242092132568,72.52461243039737
62,human,2,0.8805519025914056,15.595379829406738,-2.668285369873047,75.78154990700041
62,human,3,0.8674589675668838,19.020341873168945,-2.931234836578369,74.84266216433717
62,human,4,0.8502642705126825,37.01322555541992,-3.587092876434326,71.3233084542644
62,human,5,0.8483643094932312,14.579291343688965,-2.727510452270508,73.61599285888492
62,human,6,0.8238825099167384,22.912446975708008,-2.6932566165924072,71.77714114072343
62,human,7,0.8322158489206622,23.40561866760254,-3.1022725105285645,71.86721705866567
62,human,8,0.8828249391540687,16.285037994384766,-2.812624931335449,75.73538751276699
62,human,9,0.9320095513384441,24.650461196899418,-2.8539323806762695,76.86496112693862
63,human,0,0.7800571069844677,37.2120246887207,-3.6289567947387695,63.78452312670636
63,human,1,0.9040418008317129,55.261234283447266,-4.06087589263916,69.6726399128039
63,human,2,0.9056095537236439,34.55952453613281,-3.480942964553833,74.66014061758
63,human,3,0.9155842669323022,48.63489532470703,-3.844081401824951,71.80714674809248
63,human,4,0.7818182308285014,26.99370765686035,-3.2978904247283936,65.7075725383944
63,human,5,0.8641898176420296,24.491039276123047,-3.174210786819458,74.19477364629482
63,human,6,0.9050455955717766,26.151424407958984,-3.204512119293213,75.87327681900227
63,human,7,0.9163145539906103,36.65993881225586,-3.558720111846924,74.39743092706044
63,human,8,0.9013670020884754,22.266342163085938,-3.185637950897217,75.84765727556173
63,human,9,0.8940354806177346,32.9791145324707,-3.515247344970703,74.3456171988597
64,human,0,0.8308622580827502,46.05413436889648,-3.814519882202149,67.72351831647502
64,human,1,0.9428634118707764,48.05726623535156,-3.877718925476074,71.70936627000866
64,human,2,0.857658014670743,54.97291946411133,-3.9451780319213863,67.99663910700178
64,human,3,0.9846153846153847,34.55868148803711,-3.5094854831695557,73.12769048761923
64,human,4,0.887366954995433,25.063718795776367,-3.2344536781311035,75.24925286697865
64,human,5,0.9324992895605423,51.84934616088867,-3.9556617736816406,70.91672447862632
64,human,6,0.9359497622730136,40.474369049072266,-3.685974359512329,73.56262125075332
64,human,7,0.8522418120190398,30.749113082885746,-3.3721256256103516,72.64078962848875
64,human,8,0.812294570026885,14.299498558044434,-2.6503419876098633,70.31136925788375
64,human,9,0.8956952553465629,29.132415771484375,-3.270127296447754,75.3503217269532
65,human,0,0.9658536585365853,21.853404998779297,-3.0817713737487793,75.6630364431813
65,human,1,0.8285739159504674,23.801897048950195,-3.0994858741760254,71.53192611706434
65,human,2,0.890698457575233,22.310819625854492,-3.109504222869873,75.68770804421405
65,human,3,0.991304347826087,30.843505859375,-3.298781394958496,73.6111060873405
65,human,4,0.848426392494189,31.676284790039062,-3.475963592529297,71.9784765534464
65,human,5,0.8811518324607329,12.751660346984863,-2.609653949737549,75.68382920500552
65,human,6,0.8252578656293826,24.65746307373047,-3.250335216522217,70.83657369849733
65,human,7,0.8702705175612402,36.301761627197266,-3.6328413486480713,72.57994442814484
65,human,8,0.6788727200636889,20.94329261779785,-2.95809268951416,51.112025797850386
65,human,9,0.8408556964560638,18.716995239257812,-2.855726718902588,73.0245679937312
66,human,0,0.5473863249977216,14.939754486083984,-2.7345099449157715,31.656631585601517
66,human,1,0.8231121281464531,48.76161193847656,-3.874805688858032,66.33465983683396
66,human,2,0.9132989140110379,38.760948181152344,-3.655664205551147,73.80829477752596
66,human,3,0.9298465829846583,18.24075698852539,-2.9492411613464355,76.60385851113008
66,human,4,0.9221347331583551,59.99119186401367,-4.0936737060546875,69.02632767744011
66,human,5,0.9078284611401403,15.309947967529297,-2.7308120727539062,76.61480855580974
66,human,6,0.9181650785783076,21.93868637084961,-3.107668399810791,76.33246622346469
66,human,7,0.8992154401460183,24.030288696289062,-3.2048749923706055,75.74581057976522
66,human,8,0.8474308300395256,31.22257423400879,-3.450284004211426,72.00803968213769
66,human,9,0.8102031600765947,20.30225372314453,-3.0231757164001465,69.7706321591942
67,human,0,0.7136709392578008,17.544740676879883,-2.8541455268859863,56.719039385554005
67,human,1,0.9331555894115406,12.48080825805664,-2.56898832321167,76.7724920887929
67,human,2,0.8641278757997498,25.42536735534668,-3.2759475708007812,73.9184038199489
67,human,3,0.9219401697109162,27.571773529052734,-3.3715739250183105,75.62004008950098
67,human,4,0.8980311048036055,28.042747497558594,-3.3378443717956543,75.27743168668074
67,human,5,0.7715089034676664,22.815410614013672,-3.1691267490386963,64.72570145442243
67,human,6,0.9249337481276645,24.606040954589844,-3.2495880126953125,76.02852968171143
67,human,7,0.923301761136599,23.376022338867188,-3.153001308441162,76.27075196357397
67,human,8,0.958041958041958,37.21194839477539,-3.5912442207336426,73.80360955829991
67,human,9,0.8404971283981417,36.494239807128906,-3.607945203781128,70.51319898982298
68,human,0,0.8302156485269756,23.057579040527344,-3.137014150619507,71.59943590672891
68,human,1,0.8166237984220276,27.738245010375977,-3.340911388397217,69.64949428317378
68,human,2,0.9014859345646523,36.57551956176758,-3.584129571914673,74.04008233877181
68,human,3,0.872319897084048,22.535268783569336,-3.115076065063477,74.81922333000142
68,human,4,0.8665443287743979,29.647615432739254,-3.4029436111450195,73.57853850021914
68,human,5,0.8409667166577718,24.100317001342773,-3.215522289276123,72.36757920693965
68,human,6,0.9028911556728163,28.470857620239254,-3.3863637447357178,75.25490928223411
68,human,7,0.9286042564882023,34.75370407104492,-3.545809030532837,74.67339880457372
68,human,8,0.8680306092261825,30.20122337341309,-3.325364828109741,73.86762803416333
68,human,9,0.9486672720474334,29.29973030090332,-3.3735463619232178,75.32544337720698
69,human,0,0.8204925742842617,26.482080459594727,-3.2899794578552246,70.22598231218917
69,human,1,0.8619776172054635,34.72782516479492,-3.536715507507324,72.53431818624021
69,human,2,0.9642857142857143,32.06385803222656,-3.4936704635620117,74.33675941272732
69,human,3,0.8521300612704618,35.35588836669922,-3.5612406730651855,71.70721247173718
69,human,4,0.8721045597035699,22.19527244567871,-3.120363235473633,74.79177348308812
69,human,5,0.8361872880829754,16.322412490844727,-2.812272310256958,72.58085168589552
69,human,6,0.8778458345603021,24.044347763061523,-3.2337918281555176,74.82425004799603
69,human,7,0.9385214985795625,17.338272094726562,-2.868515968322754,76.64514046980588
69,human,8,0.878760909439093,31.174049377441406,-3.4398202896118164,74.0629526846568
69,human,9,0.8580851323582017,15.229240417480469,-2.743345260620117,74.35249088761134
70,human,0,0.9197654832858253,22.56009864807129,-3.111562728881836,76.34353147469031
70,human,1,0.9496011602610587,44.16445541381836,-3.757899522781372,72.60122030855416
70,human,2,0.8889445994321181,25.42428207397461,-3.238765239715576,75.29664637212183
70,human,3,0.9398375608265357,32.571346282958984,-3.4926366806030273,74.93132835304998
70,human,4,0.799331321707204,13.914015769958496,-2.6242475509643555,68.84912463139104
70,human,5,0.8369520628618032,20.69167709350586,-3.0879831314086914,72.2951219559658
70,human,6,0.8505096743405082,20.550622940063477,-2.9624459743499756,73.66827735898181
70,human,7,0.9275648949320149,34.282649993896484,-3.545948028564453,74.71283151709628
70,human,8,0.9470899470899471,36.3759651184082,-3.543072462081909,74.33285090908028
70,human,9,0.928217660475725,24.26785659790039,-3.1112470626831055,76.37459201684462
71,human,0,0.8604781060303669,29.064586639404297,-3.387648344039917,73.2607133780744
71,human,1,0.9491525423728814,51.31590270996094,-3.9505670070648193,70.78838334801813
71,human,2,0.9697833851826247,22.248109817504883,-3.1183714866638184,75.42189258039126
71,human,3,0.8129734143610993,36.84450912475586,-3.5195202827453613,68.11327167958528
71,human,4,0.8154220024576596,28.289304733276367,-3.3341376781463623,69.52346789196977
71,human,5,0.8987490230287581,25.92510032653809,-3.2700037956237793,75.54207939462611
71,human,6,0.9050920376142145,49.06231689453125,-3.8421590328216553,71.56514159704396
71,human,7,0.8227026049789378,29.184206008911133,-3.419369697570801,69.98684818523665
71,human,8,0.943961642193587,39.88819122314453,-3.667384386062622,73.5925687317847
71,human,9,0.9668497665476518,35.547393798828125,-3.5716726779937744,73.71067022067415
72,human,0,0.7960716279502805,16.70761489868164,-2.8448376655578613,68.34018565288929
72,human,1,0.9484732824427481,29.216384887695312,-3.3782148361206055,75.31962864049596
72,human,2,0.8338197868967001,25.42923927307129,-3.2738771438598633,71.57423970154058
72,human,3,0.8294080015146171,31.694734573364254,-3.500249147415161,70.2547866906285
72,human,4,0.9383295318315266,20.53167724609375,-3.016000270843506,76.48385651751002
72,human,5,0.8736617862263494,28.093236923217773,-3.3859477043151855,74.10429642089862
72,human,6,0.9692604576819617,30.453426361083984,-3.371295690536499,74.60581203659933
72,human,7,0.8144107628171232,19.979841232299805,-2.992330551147461,70.27992652967455
72,human,8,0.9421364297461434,15.546273231506348,-2.7301015853881836,76.70744389200588
72,human,9,0.8548842049264425,22.09101104736328,-3.093562126159668,73.74686761858266
73,human,0,0.8972180340257121,43.46513366699219,-3.717410087585449,72.64129719818126
73,human,1,0.9346312562869793,36.32718276977539,-3.5902633666992188,74.35564752026775
73,human,2,0.9362478357655206,53.20086669921875,-3.927093029022217,70.78125335677733
73,human,3,0.873296373490191,53.39506912231445,-3.932840585708618,69.27894461767272
73,human,4,0.886902170577042,22.808366775512695,-3.095670700073242,75.57352064097105
73,human,5,0.9536679536679536,46.45426559448242,-3.775286912918091,72.10513432353913
73,human,6,0.8878797783149717,29.255739212036133,-3.356914520263672,74.81796504605191
73,human,7,0.9458897600380137,54.774559020996094,-3.945595979690552,70.31131147325694
73,human,8,0.863828649330082,31.1492919921875,-3.3392791748046875,73.51646932635332
73,human,9,0.9378877664651607,38.34360885620117,-3.520148992538452,74.35326122844151
74,human,0,0.7799052641234209,24.837732315063477,-3.2892906665802,65.52207014931881
74,human,1,0.90831351689612,67.07520294189453,-4.225246429443359,67.21992158581538
74,human,2,0.8749158563031725,16.22528839111328,-2.8334224224090576,75.31034947893669
74,human,3,0.9166374501992032,21.12871551513672,-3.059332847595215,76.41190506997346
74,human,4,0.911310487734806,42.90943145751953,-3.805023431777954,72.72595683015639
74,human,5,0.9263616174292473,26.180694580078125,-3.2935807704925537,75.89052439028518
74,human,6,0.8130996002320187,59.13974380493164,-4.073418617248535,62.817944178730805
74,human,7,0.9608173978252719,56.703590393066406,-4.078326225280762,69.05782372572787
74,human,8,0.8513484598662598,17.81365966796875,-2.9096076488494873,73.73953483403375
74,human,9,0.9097292258523092,36.965423583984375,-3.63237977027893,74.0202685578939
75,human,0,0.8359154769425489,28.088319778442383,-3.314028263092041,71.58784886771707
75,human,1,0.9358401161679851,29.888729095458984,-3.3966965675354004,75.4293480606549
75,human,2,0.9116120556432458,22.42760848999023,-3.047506809234619,76.3873205706627
75,human,3,0.9250477477526833,24.63212013244629,-3.2421398162841797,76.04820085762921
75,human,4,0.8951117621637853,23.782451629638672,-3.2063708305358887,75.61563394681964
75,human,5,0.8878184585681166,35.90785598754883,-3.554793357849121,73.74388927948024
75,human,6,0.9277236044357767,21.24542236328125,-3.068009376525879,76.4525132075058
75,human,7,0.9085458405018352,31.233251571655273,-3.458083391189575,75.02896381328206
75,human,8,0.8680108476908653,31.34366226196289,-3.4517054557800293,73.42839470418535
75,human,9,0.8942796661399259,29.329734802246097,-3.359152317047119,75.04571133938825
76,human,0,0.9497716894977168,28.829172134399418,-3.334940195083618,75.43180329430878
76,human,1,0.9772727272727273,43.568721771240234,-3.761740922927856,71.64501086930679
76,human,2,0.9769230769230769,53.490909576416016,-3.9187026023864746,69.5431344117868
76,human,3,0.9412494090150846,58.57222366333008,-4.0751495361328125,69.24377651365633
76,human,4,0.9504910988336402,23.873334884643555,-3.204324245452881,75.87117119022344
76,human,5,0.965180418294645,35.448890686035156,-3.5618486404418945,73.8185294042435
76,human,6,0.9158315979135794,29.20867347717285,-3.3974947929382324,75.43038345933853
76,human,7,0.8919198968505285,23.9495906829834,-3.2176308631896973,75.47599982342493
76,human,8,0.9206543075245366,27.46082305908203,-3.303408145904541,75.80996527723094
76,human,9,0.9791666666666666,35.133018493652344,-3.5693657398223877,73.18208730732707
77,human,0,0.9209032258064517,15.787033081054688,-2.770440578460694,76.76237707014006
77,human,1,0.9525779578971068,28.37687110900879,-3.3597164154052734,75.3087114631678
77,human,2,0.9514439622923837,26.617725372314453,-3.281141757965088,75.61148984829606
77,human,3,0.9846153846153847,19.825328826904297,-3.0326616764068604,74.81384648959275
77,human,4,0.9396503102086858,18.43840789794922,-2.9235165119171143,76.58199904400784
77,human,5,0.9733333333333334,32.911224365234375,-3.3957080841064453,74.19859866933686
77,human,6,0.8821277958682539,21.64469337463379,-3.085820198059082,75.37482569950626
77,human,7,0.7416294445557506,17.505117416381836,-2.879300832748413,60.948049540825714
77,human,8,0.9858156028368794,39.694313049316406,-3.661274909973145,72.03067924009164
77,human,9,1.0,71.5736312866211,-4.240813732147217,64.05149798131403
78,human,0,0.8989071648031185,26.78413200378418,-3.2148566246032715,75.6732681258259
78,human,1,0.8819255780060672,28.585186004638672,-3.3734779357910156,74.53928318273019
78,human,2,0.8824949126875206,28.10276985168457,-3.3266241550445557,74.71812175910577
78,human,3,0.9013403836694539,19.504528045654297,-2.9376940727233887,76.32797024891192
78,human,4,0.896518256257433,13.326593399047852,-2.5994350910186768,76.34009768093695
78,human,5,0.8994108364905932,29.48598289489746,-3.403264045715332,75.06887647958521
78,human,6,0.8725769208927465,26.121417999267575,-3.2741637229919434,74.41478991610855
78,human,7,0.871635964691209,24.53517723083496,-3.1710104942321777,74.64892717034348
78,human,8,0.8292660210101858,14.544403076171877,-2.6975297927856445,71.99719281782741
78,human,9,0.9644165358451072,31.663496017456055,-3.424624443054199,74.57291545429236
79,human,0,0.9374253642225937,14.72896671295166,-2.621760606765747,76.84349572190465
79,human,1,0.9732142857142857,19.007797241210938,-2.7477688789367676,75.87279379345817
79,human,2,0.9673202614379085,26.977983474731445,-3.2898240089416504,75.05518181048427
79,human,3,0.9314842578710646,32.72865295410156,-3.3907363414764404,75.30830639394179
79,human,4,0.8536190772323716,13.932066917419434,-2.6116528511047363,74.10239252813842
79,human,5,0.8941946430735668,16.576868057250977,-2.7533435821533203,76.28641284107177
79,human,6,0.8961879980260138,21.093997955322266,-3.0391318798065186,76.01572950633201
79,human,7,0.9476744186046512,21.25946044921875,-2.932525873184204,76.5078768260416
79,human,8,0.8870748563872932,20.534971237182617,-3.022437572479248,75.70582058799695
79,human,9,0.9663008301674405,30.03266334533691,-3.3108882904052734,74.92261121844392
80,human,0,0.9921875,18.773441314697266,-2.960446834564209,74.46058697121673
80,human,1,0.8725111550411013,15.481192588806152,-2.720078468322754,75.29839864203448
80,human,2,0.9125466446479629,27.94388198852539,-3.3696041107177734,75.51726467801753
80,human,3,0.8267836527360886,16.993091583251953,-2.865046977996826,71.65780595364703
80,human,4,0.9345794392523364,21.464929580688477,-3.0630617141723633,76.4387860394924
80,human,5,0.8501287506084488,22.842052459716797,-3.123382568359375,73.33106343198335
80,human,6,0.8891461309056663,19.804859161376953,-3.0184285640716553,75.77841351542347
80,human,7,0.9313337757133379,23.94269561767578,-3.253817558288574,76.01437316367497
80,human,8,0.9367660042311473,19.336936950683594,-2.9434757232666016,76.60965376809001
80,human,9,0.8813400819154292,35.912635803222656,-3.635723352432251,73.18539530009235
81,human,0,0.9359496291185097,30.20673179626465,-3.40519380569458,75.38709576375972
81,human,1,0.9299456841829723,32.537986755371094,-3.5235300064086914,74.91283974888783
81,human,2,0.933709398163293,27.937620162963867,-3.3416922092437744,75.68694841981849
81,human,3,0.9849246231155779,22.147016525268555,-3.1106061935424805,74.67054219280983
81,human,4,0.8923322894060878,23.16152000427246,-3.193206310272217,75.55247055478088
81,human,5,0.8256100354473925,22.80016708374023,-3.1452341079711914,71.13713797051844
81,human,6,0.9106209564714839,36.68936538696289,-3.582557201385498,74.23379654555522
81,human,7,0.9208039109179794,32.025447845458984,-3.448638677597046,75.16818224150147
81,human,8,0.9774774774774775,22.470346450805664,-3.1446499824523926,74.99963979168433
81,human,9,0.9042831682820621,59.83004379272461,-3.04545259475708,72.22401441991019
82,human,0,0.8626735921798874,37.90074920654297,-3.667161464691162,71.83344692642157
82,human,1,0.9023183084692634,17.705114364624023,-2.868239164352417,76.40887197245792
82,human,2,0.9290322580645162,40.39458465576172,-3.7392849922180176,73.41757121392047
82,human,3,0.9682539682539683,28.816650390625,-3.455772638320923,74.46904084871876
82,human,4,0.7588416787480019,10.67531681060791,-2.399822473526001,63.49359887981229
82,human,5,0.9458577951728636,12.043085098266602,-2.543915271759033,76.59758493960169
82,human,6,0.95345222513089,18.548572540283203,-2.914799690246582,76.3261128506414
82,human,7,0.9759036144578314,12.966317176818848,-2.588079929351806,75.59502899242497
82,human,8,0.9244074311338886,32.34114456176758,-3.5547449588775635,74.82339865531836
82,human,9,0.9792746113989638,18.836172103881836,-2.9870028495788574,75.1699814688962
83,human,0,0.9231638818455931,25.278669357299805,-3.139191150665283,76.29258415432153
83,human,1,0.8679910947174749,36.16466522216797,-3.454662322998047,73.0466891370323
83,human,2,0.9199523978242755,28.832971572875977,-3.3041915893554688,75.75467370861391
83,human,3,0.8585254486422589,20.94024658203125,-3.038454294204712,74.10585131992174
83,human,4,0.8550635729370056,37.313663482666016,-3.5717215538024902,71.70153220102341
83,human,5,0.7701483568500955,21.452966690063477,-3.001504898071289,64.90043161657223
83,human,6,0.870690064917672,19.717355728149418,-2.908470392227173,75.09563202626293
83,human,7,0.8465685422763002,13.981728553771973,-2.5638089179992676,73.60879464015122
83,human,8,0.8396114072831904,18.58047103881836,-2.9273171424865723,72.79020397048245
83,human,9,0.9309662773136007,63.10790252685547,-4.090718746185303,68.5485983511111
84,human,0,0.8998254572969627,41.70718002319336,-3.637368440628052,73.23428591458017
84,human,1,0.9137770536036175,31.073863983154297,-3.3392343521118164,75.48041633243074
84,human,2,0.931893765181831,42.0003662109375,-3.7013392448425297,73.3455540618931
84,human,3,0.9019732682602185,25.81833267211914,-3.1958818435668945,75.82602594180351
84,human,4,0.8812811847199656,27.88766288757324,-3.2974255084991455,74.75072932652354
84,human,5,0.9194290408708155,22.697052001953125,-3.1151843070983887,76.33356905020233
84,human,6,0.8488830109219371,31.983585357666016,-3.437256097793579,72.11542699591632
84,human,7,0.930310571310509,20.267009735107425,-2.9041337966918945,76.74954042625542
84,human,8,0.936567721081083,43.8378791809082,-3.786902904510498,72.75274116461067
84,human,9,0.8307622602622583,24.768218994140625,-3.170098304748535,71.56707650170645
85,human,0,0.9707602339181286,48.38438415527344,-3.899578094482422,70.72709060076937
85,human,1,0.8058747259537837,25.927350997924805,-3.3054046630859375,68.62374332188038
85,human,2,0.8611961153555662,23.288145065307617,-3.2173585891723633,73.89461003062874
85,human,3,0.8996531725990957,28.9561824798584,-3.362269878387451,75.21993887918678
85,human,4,0.9522909777987718,18.365686416625977,-2.9645988941192627,76.25785169108937
85,human,5,0.9225422009708034,11.387319564819336,-2.4642586708068848,76.76913290908665
85,human,6,0.9197572566096883,24.30160140991211,-3.183948516845703,76.17279467247504
85,human,7,0.978774062816616,77.91410827636719,-4.3925251960754395,64.02777114721
85,human,8,0.889663206221948,25.794178009033203,-3.2889904975891113,75.18442799311083
85,human,9,0.8943901650854509,27.9833984375,-3.3358712196350098,75.16890276200363
86,human,0,0.888531927961316,21.91803550720215,-3.060655117034912,75.70857464991778
86,human,1,0.8906761937957476,30.530057907104492,-3.378368377685547,74.80234813959959
86,human,2,0.8771075368364686,23.662433624267575,-3.145575523376465,75.00764029131277
86,human,3,0.7313075807960131,24.691923141479492,-3.2296595573425293,58.77926955503355
86,human,4,0.7995409209302721,19.47441864013672,-2.8890066146850586,68.79015702854412
86,human,5,0.8816511959042032,21.04389190673828,-3.0368728637695312,75.44862801148889
86,human,6,0.7660871781940907,23.43076515197754,-3.1768195629119873,63.97096987616731
86,human,7,0.7755643432032602,13.449790000915527,-2.5564441680908203,65.90255814469892
86,human,8,0.9724770642201835,14.611949920654297,-2.731274366378784,75.71341473646663
86,human,9,0.7129324962087282,18.039539337158203,-2.937501907348633,56.480148980062545
87,human,0,0.8635192785065701,21.86663055419922,-3.145526885986328,74.21291880715019
87,human,1,0.9286416050626255,40.12748336791992,-3.6818675994873047,73.65749367866611
87,human,2,0.8854829557355635,21.496112823486328,-3.066178560256958,75.56487789042252
87,human,3,0.9403320762145342,37.57953643798828,-3.633815050125122,74.02113677152543
87,human,4,0.963265306122449,33.888301849365234,-3.5044569969177246,74.20979686411866
87,human,5,0.9439252336448598,25.240890502929688,-3.192650318145752,76.02615762141659
87,human,6,0.9095873486533235,20.42752456665039,-2.9671449661254883,76.48265617694847
87,human,7,0.9491734650064406,21.455739974975582,-2.99802827835083,76.35289411859956
87,human,8,0.87367592793575,22.6864013671875,-3.088892698287964,74.95454839885451
87,human,9,0.7887802510228139,23.273881912231445,-3.116199254989624,67.09431492331647
88,human,0,0.8974640204598199,28.036401748657227,-3.3574604988098145,75.20403089933706
88,human,1,0.9427588364091335,33.708003997802734,-3.5203745365142822,74.71656510092062
88,human,2,0.923393906526613,77.53663635253906,-4.371467590332031,65.5066893481656
88,human,3,0.8640493967371121,46.37601852416992,-3.84569787979126,70.17494605388985
88,human,4,0.8246795533710573,18.436866760253903,-2.937145233154297,71.38860944265808
88,human,5,0.870683178610008,25.64562225341797,-3.2309446334838867,74.43086510081213
88,human,6,0.8166843296223569,16.7509822845459,-2.8644165992736816,70.62863801628646
88,human,7,0.897167039055659,27.88905906677246,-3.34317398071289,75.24101951693075
88,human,8,0.8521659352984654,39.94701385498047,-3.7088117599487305,70.72199941088442
88,human,9,0.8211581229395046,23.93024253845215,-3.1766090393066406,70.62005380221166
89,human,0,0.9652173913043478,38.473018646240234,-3.6719815731048584,73.13814535852424
89,human,1,0.9849246231155779,30.47815322875977,-3.4102623462677,73.69789548052074
89,human,2,0.8763652463408954,20.352745056152344,-3.024713039398194,75.19904570085394
89,human,3,0.8677481470832203,21.060556411743164,-3.0693318843841553,74.63703188002395
89,human,4,0.9813084112149533,27.55135726928711,-3.3224518299102783,74.27989306368669
89,human,5,0.9648882695466083,24.83117294311523,-3.2440757751464844,75.31263718591488
89,human,6,0.901728907330567,15.84657382965088,-2.7595531940460205,76.46617446983775
89,human,7,0.8981401499564956,37.10573196411133,-3.6068520545959473,73.81610302549852
89,human,8,0.990990990990991,66.15145874023438,-4.21665620803833,65.50519152318198
89,human,9,0.8532452599353848,25.52171516418457,-3.238337993621826,73.26928632902965
90,human,0,0.8667114995482357,22.16535186767578,-2.9974024295806885,74.74146231332298
90,human,1,0.9499027237354086,33.38100051879883,-3.484666109085083,74.71506818101507
90,human,2,0.9058062308564263,29.274675369262695,-3.3087868690490723,75.51403094398007
90,human,3,0.909619774881336,31.854877471923828,-3.4453463554382324,75.05076276734128
90,human,4,0.9303833855411908,27.068872451782227,-3.2556490898132324,75.96738729918576
90,human,5,0.9593297453254175,58.42267990112305,-4.047076225280762,68.95249080430803
90,human,6,0.8255089570479002,24.362205505371097,-3.147942066192627,71.12106023835355
90,human,7,0.832337584094357,20.383853912353516,-2.970930576324463,72.11570354853706
90,human,8,0.9429938210085708,18.945873260498047,-2.9310834407806396,76.53778063014707
90,human,9,0.8793829627648135,19.65777587890625,-2.9234957695007324,75.52840352052405
91,human,0,0.8952284641223559,39.61648178100586,-3.644649028778076,73.32252998756316
91,human,1,0.8516308279612955,45.05854797363281,-3.854161262512207,69.4711113663397
91,human,2,0.8511138757182266,14.99428367614746,-2.755596399307251,73.81641810694785
91,human,3,0.910498831539771,21.138641357421875,-2.996119499206543,76.45711124648393
91,human,4,0.8856557356875464,34.04025650024414,-3.575051784515381,73.7466211448024
91,human,5,0.8990076664573636,20.668365478515625,-2.942777633666992,76.28412432800874
91,human,6,0.8620638876640614,20.900901794433594,-2.9704527854919434,74.4802244621019
91,human,7,0.9636646629454703,57.41843795776367,-4.07602596282959,68.84731013348039
91,human,8,0.8680843437776258,59.01778793334961,-4.023914813995361,67.69217097381296
91,human,9,0.9143221912720519,37.77595138549805,-3.630417823791504,74.01654321186267
92,human,0,0.7594547834374835,15.611287117004396,-2.750571012496948,63.627033548663604
92,human,1,0.9099914181475479,32.047908782958984,-3.4485294818878174,75.03522214247096
92,human,2,0.8888252829652302,31.50318145751953,-3.416069269180298,74.56301965498852
92,human,3,0.9093179448003689,19.637310028076172,-3.028473377227783,76.33389845696364
92,human,4,0.888548863541856,23.2026309967041,-3.183542013168335,75.43384390944296
92,human,5,0.8457852406017558,33.17306137084961,-3.515157461166382,71.54238237271379
92,human,6,0.8760465719509112,27.4226131439209,-3.308774471282959,74.47465542717153
92,human,7,0.9418868832761127,30.159526824951172,-3.3686461448669434,75.42579906581246
92,human,8,0.9307754320552225,17.451690673828125,-2.892249822616577,76.6700618291593
92,human,9,0.7649890482377835,26.907516479492188,-3.235424041748047,63.62913959277442
93,human,0,0.8962242004723817,29.39980697631836,-3.3720970153808594,75.0687770567671
93,human,1,0.8078563073959486,22.93784523010254,-2.975090265274048,69.64689183732918
93,human,2,0.936257210722769,47.136444091796875,-3.872363567352295,71.95465520560815
93,human,3,0.87392531440999,36.794921875,-3.5101211071014404,73.14861389632216
93,human,4,0.9073324738064622,21.197511672973633,-3.055438995361328,76.27528726591554
93,human,5,0.9567099567099567,37.04466247558594,-3.5436294078826904,74.02110474435905
93,human,6,0.8383224360653289,24.22890853881836,-3.163300037384033,72.27006895183149
93,human,7,0.8572287411270462,26.569311141967773,-3.246696949005127,73.51419494290712
93,human,8,0.7171827616416201,22.839868545532227,-3.129605531692505,56.85474957707458
93,human,9,0.9326923076923077,35.37466049194336,-3.5177721977233887,74.69691619222675
94,human,0,0.830698045984001,18.12271499633789,-2.944995880126953,71.93978131576992
94,human,1,0.863277288548256,21.9135799407959,-3.0727291107177734,74.36475588537455
94,human,2,0.9211428571428572,23.048242568969727,-3.14623761177063,76.27489141468746
94,human,3,0.7963374666112273,38.448829650878906,-3.629157066345215,65.6865676395676
94,human,4,0.7203110651386514,15.646212577819824,-2.7921299934387207,57.75267164127943
94,human,5,0.8283552600735381,24.76240921020508,-3.1957550048828125,71.27608920124283
94,human,6,0.8422982927705089,80.69979858398438,-4.370654106140137,61.58989465829504
94,human,7,0.9323053572147434,20.971853256225582,-3.048304557800293,76.4764553218653
94,human,8,0.8738660859331072,20.170473098754883,-2.991173028945923,75.13006970454023
94,human,9,0.9532822211132785,40.06071090698242,-3.71293306350708,73.20341904938826
95,human,0,0.8560906408870397,20.261810302734375,-3.02870512008667,73.94053306283523
95,human,1,0.8580319418406335,16.82594871520996,-2.818535804748535,74.32843274370929
95,human,2,0.9336438781568251,64.64165496826172,-4.150183200836182,68.05400689975204
95,human,3,0.8690179557312605,17.870716094970703,-2.912630319595337,74.92557361819713
95,human,4,0.9416335571885659,26.441261291503903,-3.3344616889953613,75.66297166840754
95,human,5,0.9821031794125965,54.464500427246094,-4.049295425415039,68.58811807130617
95,human,6,0.8101783257800038,19.05560874938965,-2.984457731246948,69.80962255373437
95,human,7,0.9603174603174603,15.937173843383787,-2.760232448577881,76.23967526612593
95,human,8,0.8367168955386756,23.326505661010746,-3.188931941986084,72.0672655678381
95,human,9,0.9330143540669856,25.26401710510254,-3.2165005207061768,76.09285348963729
96,human,0,0.8070744117790126,27.36579132080078,-3.2708330154418945,68.81950818602915
96,human,1,0.8870044798031143,23.242116928100582,-3.1312780380249023,75.49767493110258
96,human,2,0.8919724288031885,29.91057014465332,-3.3508400917053223,74.96195564064523
96,human,3,0.8614992085976475,46.16459655761719,-3.7864155769348145,70.2646837247981
96,human,4,0.8301791985251229,24.52102279663086,-3.186843156814575,71.47308086063207
96,human,5,0.9161874117595404,28.58043670654297,-3.3687167167663574,75.54524967472858
96,human,6,0.8483855398326708,29.5316219329834,-3.2996387481689453,72.6137862313157
96,human,7,0.8860697137752633,16.67795181274414,-2.674647808074951,76.08010062698133
96,human,8,0.8774877029735776,27.45642852783203,-3.2750728130340576,74.64020041374157
96,human,9,0.9733333333333334,64.42253875732422,-4.097289562225342,67.23513693794035
97,human,0,0.8949555636509906,23.924806594848633,-3.0604443550109863,75.95349236672263
97,human,1,0.9661538461538461,47.891578674316406,-3.908600330352783,70.96139142116871
97,human,2,0.8082968026363428,41.8490104675293,-3.707041025161743,66.38808877716619
97,human,3,0.8909791398101489,25.446277618408203,-3.195368766784668,75.48535751868849
97,human,4,0.8957420894413882,27.602954864501953,-3.2442450523376465,75.47696346092478
97,human,5,0.8581832452506956,30.005210876464844,-3.316906452178955,73.26550584698514
97,human,6,0.9459052869271848,31.246009826660156,-3.504147529602051,74.88046323109945
97,human,7,0.8944114340774049,36.2073974609375,-3.58414363861084,73.86197783608488
97,human,8,0.8883799320247608,31.593713760375977,-3.458594799041748,74.40897722307506
97,human,9,0.9217865680136597,32.705413818359375,-3.449345111846924,75.12636701412126
98,human,0,0.8711811294575487,31.63897132873535,-3.377912759780884,73.81896311937533
98,human,1,0.8550790087153247,24.90386009216309,-3.1157727241516113,73.71252556428152
98,human,2,0.9185018527972687,19.77606964111328,-2.961559534072876,76.5974864247667
98,human,3,0.9011905540798065,37.20334243774414,-3.6031413078308105,73.90557980973755
98,human,4,0.862186382205585,25.632713317871097,-3.2302942276000977,73.91110193127301
98,human,5,0.9158332456048004,24.080764770507812,-3.127735137939453,76.27114208413172
98,human,6,0.9645964984978764,28.650503158569336,-3.266066551208496,75.1730446871156
98,human,7,0.9250530002765233,25.04315185546875,-3.202059268951416,76.14754592515054
98,human,8,0.9263476984862526,26.68251037597656,-3.2558445930480957,75.9815966059279
98,human,9,0.9009922858647489,33.76472473144531,-3.476722240447998,74.62328766688881
99,human,0,0.8406215092686055,13.208491325378418,-2.578392505645752,73.05214513785687
99,human,1,0.8961710207095391,19.485870361328125,-2.955658197402954,76.14234015690865
99,human,2,0.8040739748056822,39.494815826416016,-3.6240029335021977,66.49191175359499
99,human,3,0.8637996157896276,25.3841552734375,-3.210707187652588,74.0694519247604
99,human,4,0.7599428361225494,17.368436813354492,-2.8387656211853027,63.65695530273149
99,human,5,0.7455565577609935,30.925020217895508,-3.460258960723877,60.04608349804279
99,human,6,0.8889594588390137,21.319385528564453,-3.098696231842041,75.6321938635107
99,human,7,0.8057300012325896,26.141462326049805,-3.2296128273010254,68.80695943421698
99,human,8,0.9460251046025104,34.768367767333984,-3.549863576889038,74.47619564369954
99,human,9,0.8925122765735357,15.309389114379885,-2.6983301639556885,76.2285301337714
0,llama,0,0.8652196275158947,12.335179328918455,-2.4364471435546875,74.90620532402671
0,llama,1,0.8569921022103442,9.666638374328612,-2.267874002456665,74.186779678332
0,llama,2,0.898237153022116,9.088159561157228,-2.147881984710694,76.2063439664881
0,llama,3,0.8928083073396452,10.675823211669922,-2.3575503826141357,76.15869342256842
0,llama,4,0.8177633195442712,8.397252082824707,-2.131655693054199,70.62099725686006
0,llama,5,0.8510449921253139,9.319168090820312,-2.218273401260376,73.7223312532401
0,llama,6,0.8784543684226782,9.577349662780762,-2.1687400341033936,75.46673222028355
0,llama,7,0.7386877773277299,9.192407608032228,-2.20082688331604,60.464319368854824
0,llama,8,0.8802919090603762,12.497411727905272,-2.452505350112915,75.74317240881832
0,llama,9,0.890219265829022,10.854568481445312,-2.3286306858062744,76.08703456092007
1,llama,0,0.7787134957224737,8.712925910949707,-2.181948184967041,66.05331392926819
1,llama,1,0.8378597400001071,7.633004188537598,-2.031670093536377,72.43939647878462
1,llama,2,0.8221882980580465,8.651461601257324,-2.143096685409546,71.10022521957252
1,llama,3,0.8588279166809718,9.412346839904783,-2.2223973274230957,74.29295839547672
1,llama,4,0.8572825839078143,9.187302589416504,-2.1670565605163574,74.16076654989747
1,llama,5,0.868473038759246,10.740299224853516,-2.372401475906372,75.00316642514878
1,llama,6,0.8464311821699518,10.186488151550291,-2.313035488128662,73.43271638291888
1,llama,7,0.8185804842902964,8.693020820617676,-2.159599542617798,70.73937809372177
1,llama,8,0.8763335501038095,9.62999153137207,-2.2886247634887695,75.36353094378903
1,llama,9,0.883654558513595,9.24302864074707,-2.177700996398926,75.68232460869218
2,llama,0,0.8716834247527998,12.95971965789795,-2.6080851554870605,75.21102555936747
2,llama,1,0.8363126539350242,8.674569129943848,-2.16813325881958,72.44447556833079
2,llama,2,0.8833556219589961,11.625014305114746,-2.4505362510681152,75.8181523566119
2,llama,3,0.8623193868576455,8.849270820617676,-2.20984411239624,74.47393845837752
2,llama,4,0.8294454367967624,10.519721031188965,-2.3383755683898926,71.97191217336244
2,llama,5,0.7529552446111493,8.39871597290039,-2.1605377197265625,62.47787858985216
2,llama,6,0.8431611050669711,13.13107967376709,-2.558998107910156,73.27643675986835
2,llama,7,0.7863082482114431,9.909222602844238,-2.2717185020446777,67.13900578323488
2,llama,8,0.7846428925180153,10.70846939086914,-2.4093093872070312,66.96047184691469
2,llama,9,0.8760531048845135,11.852875709533691,-2.470003604888916,75.47115989374673
3,llama,0,0.8428598913668979,8.093099594116211,-2.1428000926971436,72.94694413934712
3,llama,1,0.8641218551028166,8.19029426574707,-2.163548469543457,74.5224349089604
3,llama,2,0.6760738081400521,5.782342910766602,-1.7987163066864014,50.1047552050494
3,llama,3,0.8739514770548041,9.741625785827637,-2.2489569187164307,75.25133054318655
3,llama,4,0.8317625333037694,11.663875579833984,-2.454577922821045,72.23632408567023
3,llama,5,0.7407559870239481,9.65242862701416,-2.2676258087158203,60.813819225935255
3,llama,6,0.7908348915043459,8.04711627960205,-2.1327877044677734,67.52028740146156
3,llama,7,0.8077124905381747,7.973127365112305,-2.1138339042663574,69.49170020149076
3,llama,8,0.7373649924524016,8.461516380310059,-2.1561498641967773,60.19207119796466
3,llama,9,0.8669195975692152,6.998004913330078,-2.003251791000366,74.52494103520831
4,llama,0,0.7050723933042587,8.562726020812988,-2.0636963844299316,55.1876599800722
4,llama,1,0.7601661068802318,8.64750862121582,-2.128662586212158,63.520729911579416
4,llama,2,0.8974229899675005,9.622588157653809,-2.2221109867095947,76.23834255686883
4,llama,3,0.7303957338032758,7.448470592498779,-2.014581203460694,58.993735069614445
4,llama,4,0.7154580925652833,7.993085384368896,-2.0554518699645996,56.761425112052734
4,llama,5,0.7937527412765941,8.227492332458496,-2.049576759338379,67.86872566847642
4,llama,6,0.8647685118273354,7.954659938812256,-2.037383794784546,74.50364793485424
4,llama,7,0.7613149412234685,9.478843688964844,-2.199984312057495,63.77003672293153
4,llama,8,0.7645820320951671,8.355490684509277,-2.0946731567382812,64.0992552138161
4,llama,9,0.7831906567075806,7.722134113311768,-1.9864373207092283,66.47237952595415
5,llama,0,0.8452998388241557,13.405170440673828,-2.3835020065307617,73.57712958724183
5,llama,1,0.8438575175386844,9.674159049987791,-2.2312726974487305,73.18691607953399
5,llama,2,0.7543278732240654,10.831816673278809,-2.208188056945801,62.900595762263364
5,llama,3,0.8417034272141161,9.935614585876465,-2.230339527130127,73.03125623663813
5,llama,4,0.7670828245828246,9.524784088134766,-2.082509279251098,64.54969168212949
5,llama,5,0.7687368290745985,8.540778160095215,-2.071342945098877,64.6796887027809
5,llama,6,0.8864067071064191,11.233898162841797,-2.425311326980591,75.93150508667185
5,llama,7,0.8329832024719239,11.862020492553713,-2.3271965980529785,72.4154285203902
5,llama,8,0.7489785449291103,8.756439208984375,-2.1273081302642822,61.9304864600594
5,llama,9,0.8677491182159517,7.151721477508545,-1.9728507995605469,74.57471604369738
6,llama,0,0.7768773700346933,9.76618766784668,-2.369255542755127,65.88840200799692
6,llama,1,0.9263395674011257,8.354954719543457,-2.2131147384643555,76.57635514174474
6,llama,2,0.8069509290285475,9.144919395446776,-2.257880210876465,69.53275113730102
6,llama,3,0.8620297761109217,9.802142143249512,-2.3498687744140625,74.5253646411639
6,llama,4,0.8047030468213922,9.08082389831543,-2.2643160820007324,69.27238801292032
6,llama,5,0.8895107738175905,9.305569648742676,-2.2997617721557617,75.92867998395461
6,llama,6,0.9054569952840781,10.557427406311035,-2.4158291816711426,76.49174528039596
6,llama,7,0.8790712581195349,8.795654296875,-2.2465827465057373,75.42824486408966
6,llama,8,0.8635301165582384,8.373190879821777,-2.2033605575561523,74.50650063882213
6,llama,9,0.8754613235426059,7.834850788116455,-2.1093931198120117,75.1356313503825
7,llama,0,0.8867487245885061,12.969771385192873,-2.5264623165130615,76.01880918057006
7,llama,1,0.8254765444931487,11.062382698059082,-2.389607191085815,71.61916274411745
7,llama,2,0.806873566040675,12.95512866973877,-2.5965068340301514,69.6749334872742
7,llama,3,0.8245678425543066,13.232315063476562,-2.5122714042663574,71.63082843895987
7,llama,4,0.9194351655025813,9.835095405578612,-2.2625017166137695,76.68265097890743
7,llama,5,0.8480098794766378,10.797603607177734,-2.3575568199157715,73.59911693075766
7,llama,6,0.8655819155444179,10.459035873413086,-2.361362934112549,74.80683826315244
7,llama,7,0.8626087071799766,11.826640129089355,-2.4273746013641357,74.70446269318971
7,llama,8,0.8316810862773372,8.889654159545898,-2.1556501388549805,72.04252720430505
7,llama,9,0.8572335041441342,10.921663284301758,-2.42020034790039,74.27056957345727
8,llama,0,0.7532674326594578,7.15734338760376,-2.0363245010375977,62.36293239639006
8,llama,1,0.8605813595426558,8.112512588500977,-2.147481918334961,74.28100744373582
8,llama,2,0.8513538679128708,8.552057266235352,-2.1764016151428223,73.67053543615697
8,llama,3,0.7593582282243088,7.4950361251831055,-2.0636444091796875,63.27463627052101
8,llama,4,0.8718795032944857,10.165407180786133,-2.321791172027588,75.16483814467678
8,llama,5,0.8648011203105421,10.184025764465332,-2.358396291732788,74.73488664048439
8,llama,6,0.8938913274446371,7.441982746124268,-2.072113513946533,75.88675330794963
8,llama,7,0.8733300157102336,8.008225440979004,-2.1448416709899902,75.04649197527486
8,llama,8,0.7422670536048694,7.104071617126465,-2.000254392623902,60.73512386315818
8,llama,9,0.9023621237889216,7.439076900482178,-2.0659055709838867,76.13794895028326
9,llama,0,0.8597328263604302,10.25260066986084,-2.304180145263672,74.4231858502207
9,llama,1,0.8257337498623699,11.069295883178713,-2.4026458263397217,71.63951589530323
9,llama,2,0.8153513413110288,10.53278923034668,-2.3441061973571777,70.55793507883448
9,llama,3,0.8167650605850088,9.558789253234863,-2.2440433502197266,70.63628108609119
9,llama,4,0.8114396949206968,12.343969345092772,-2.4665932655334473,70.23246208846673
9,llama,5,0.9196723633273535,11.878658294677734,-2.4945101737976074,76.77178980869401
9,llama,6,0.8339537741804277,12.85870361328125,-2.522972583770752,72.48508926305249
9,llama,7,0.811001234127511,12.015914916992188,-2.4452760219573975,70.1712580679103
9,llama,8,0.8779635127850645,9.39918613433838,-2.2166504859924316,75.42984015407218
9,llama,9,0.7559306969087745,8.147990226745605,-2.080669403076172,62.85974881405679
10,llama,0,0.9203024675906791,7.960621356964111,-2.024827718734741,76.46702574841848
10,llama,1,0.9636363636363636,9.035759925842283,-2.2024097442626953,75.95735781719428
10,llama,2,0.956893348197696,10.286739349365234,-2.341583013534546,76.28448360793676
10,llama,3,0.9694656488549618,10.970203399658203,-2.342860221862793,75.88013172236951
10,llama,4,0.9150717703349281,8.431434631347656,-2.144157886505127,76.50035053438131
10,llama,5,0.9487179487179487,10.623806953430176,-2.183351993560791,76.54239977637691
10,llama,6,0.9681274900398407,7.1386942863464355,-1.931483268737793,75.49659613077765
10,llama,7,0.9746835443037974,8.873112678527832,-2.152998447418213,75.46416161106038
10,llama,8,0.9239667921789231,9.3095703125,-2.1930394172668457,76.66049109656475
10,llama,9,0.8427529293009606,8.533463478088379,-2.1128158569335938,72.97382248103818
11,llama,0,0.7321434368375949,7.133717060089111,-1.9711847305297852,59.20471802478908
11,llama,1,0.8524844482551034,8.286083221435547,-2.1362967491149902,73.72301441162405
11,llama,2,0.7830530620107248,9.245012283325195,-2.2255098819732666,66.66714091470277
11,llama,3,0.7300043194564431,7.724400997161865,-2.0547142028808594,58.97916681693942
11,llama,4,0.7428246657208192,7.998559951782227,-2.107274055480957,60.949289379979405
11,llama,5,0.804504732831516,8.040312767028809,-2.081871509552002,69.12718460631854
11,llama,6,0.49228052797306987,7.739818096160889,-2.065458297729492,25.071228285165116
11,llama,7,0.6791601498725963,5.966871738433838,-1.7763628959655762,50.59923200159706
11,llama,8,0.7026645749925523,8.001416206359863,-2.0995359420776367,54.76397418790781
11,llama,9,0.7109548741987233,6.740415096282959,-1.9263075590133667,55.862031080131295
12,llama,0,0.8363061745626904,10.35840129852295,-2.3068628311157227,72.59436055160486
12,llama,1,0.929429304072992,11.667248725891112,-2.4119081497192383,76.82743355329882
12,llama,2,0.8734087999300204,9.64580535888672,-2.2316606044769287,75.21364920919508
12,llama,3,0.8702288889716745,8.3057861328125,-2.081752300262451,74.88453464098808
12,llama,4,0.9159721003082155,13.52302074432373,-2.534257411956787,76.8301717747518
12,llama,5,0.8877483696222044,8.761146545410156,-2.1604232788085938,75.80882574472096
12,llama,6,0.9108732348428361,7.925780773162842,-2.025338888168335,76.35069525268442
12,llama,7,0.8296940415653894,9.553146362304688,-2.238783359527588,71.9240904838546
12,llama,8,0.8499956239015402,10.903898239135742,-2.3480985164642334,73.76514270240958
12,llama,9,0.9060992939027516,11.846176147460938,-2.4811201095581055,76.57713580558914
13,llama,0,0.7123308087563174,8.716541290283203,-2.1385531425476074,56.36694027311968
13,llama,1,0.8280130466112944,8.586742401123047,-2.142244815826416,71.66556344040146
13,llama,2,0.7562565229028574,8.2146635055542,-2.136254072189331,62.92783586469793
13,llama,3,0.7854188838477193,7.94954252243042,-2.1015658378601074,66.82614544460016
13,llama,4,0.7826202633303389,7.966727256774902,-2.06884765625,66.46042925997124
13,llama,5,0.8807804831219325,8.185477256774902,-2.11521053314209,75.43781879135324
13,llama,6,0.8294521124389834,8.15379810333252,-2.088869094848633,71.74694066968927
13,llama,7,0.9191561430694885,7.466238021850586,-2.0308263301849365,76.41167054116261
13,llama,8,0.9015633334975112,10.50997257232666,-2.2967638969421387,76.42963425235224
13,llama,9,0.8948116460367845,8.532763481140137,-2.1361711025238037,76.04323814245537
14,llama,0,0.7632484485591832,6.704179286956787,-1.8977887630462649,63.64792173711329
14,llama,1,0.8396689873631807,7.846497058868408,-1.9939076900482176,72.59934739204303
14,llama,2,0.8040421713205378,6.763876438140869,-1.9205949306488037,68.86468071982215
14,llama,3,0.8201669685688441,9.06108856201172,-2.2040045261383057,70.94184404865665
14,llama,4,0.8535721261777486,7.628431797027588,-2.0407469272613525,73.70841552549622
14,llama,5,0.8387869386514951,7.820393085479736,-2.094723701477051,72.5622568613544
14,llama,6,0.8300517027084803,6.246219635009766,-1.86236834526062,71.48418807309267
14,llama,7,0.8015068992296863,9.496411323547363,-2.2231125831604004,68.94516813403189
14,llama,8,0.6509726465059168,7.564670562744141,-2.07332992553711,46.447405954267914
14,llama,9,0.8627952472639899,8.645209312438965,-2.1839327812194824,74.48365967872226
15,llama,0,0.8275721386683245,7.585672855377197,-2.0658469200134277,71.50362578199865
15,llama,1,0.7447081382232109,8.341386795043945,-2.1899666786193848,61.27578815892524
15,llama,2,0.6677837479642121,8.527278900146484,-2.206262588500977,49.254641078620736
15,llama,3,0.9200640911518604,9.136710166931152,-2.2014834880828857,76.62420590811178
15,llama,4,0.7755864968264483,6.284909248352051,-1.910909652709961,65.28859502453523
15,llama,5,0.8625613059968887,10.442740440368652,-2.413246154785156,74.59294776770933
15,llama,6,0.8671719659098717,5.8772430419921875,-1.8271735906600952,74.30395691776322
15,llama,7,0.816172753282517,6.80690336227417,-1.9982964992523191,70.2465799897534
15,llama,8,0.8768726660486084,10.927117347717283,-2.390663146972656,75.47729338997912
15,llama,9,0.7644683960540739,7.371839046478272,-2.073214530944824,63.97924980821353
16,llama,0,0.7400707829867651,10.420639991760254,-2.3657402992248535,60.75904781461179
16,llama,1,0.845478764613254,10.790117263793944,-2.3813934326171875,73.38863133005643
16,llama,2,0.8298630199930288,13.86117458343506,-2.6340267658233643,72.07944933702237
16,llama,3,0.6847230033656674,11.531071662902832,-2.497286796569824,52.15000372375479
16,llama,4,0.8390872731956233,13.125740051269531,-2.6360135078430176,72.85939801695413
16,llama,5,0.7487050619202201,12.41301727294922,-2.4868695735931396,62.134431366373796
16,llama,6,0.8210828461350382,9.92326831817627,-2.3259849548339844,71.10300099652169
16,llama,7,0.9041972018654231,12.694804191589355,-2.5746028423309326,76.52908168958594
16,llama,8,0.884066992737513,10.761016845703123,-2.420559883117676,75.79353387373189
16,llama,9,0.7691423942112536,10.316407203674316,-2.326413631439209,64.91427203619024
17,llama,0,0.8400674060430301,6.761590480804443,-1.8945391178131104,72.46209756109589
17,llama,1,0.9311102367368351,9.04594898223877,-2.224415063858032,76.6346939226932
17,llama,2,0.8354658451565558,7.514896392822266,-2.0152902603149414,72.20820942641284
17,llama,3,0.6979702281228797,7.776339530944824,-2.0341796875,53.97246221565913
17,llama,4,0.8773537885491006,7.378962516784668,-1.9644792079925537,75.12595612263647
17,llama,5,0.8510785600114512,8.118928909301758,-2.0790364742279053,73.58538538283834
17,llama,6,0.8259749311946898,8.946686744689941,-2.104214906692505,71.49365980613477
17,llama,7,0.8870047483227865,10.330852508544922,-2.1872987747192383,75.92496035580287
17,llama,8,0.9102954606745086,8.905704498291016,-2.1101107597351074,76.46601600632683
17,llama,9,0.8632321918678472,7.433091640472412,-1.9980216026306152,74.33531255621126
18,llama,0,0.7987628161083636,9.280216217041016,-2.179133176803589,68.6015641965182
18,llama,1,0.9344118592211871,12.865891456604004,-2.5264697074890137,76.82678378503743
18,llama,2,0.8580371281297747,9.737536430358888,-2.178729295730591,74.26524890347346
18,llama,3,0.8566818500980602,10.754730224609377,-2.331589937210083,74.24959829218203
18,llama,4,0.776096583992812,9.750938415527344,-2.176943778991699,65.80509224421999
18,llama,5,0.8881653668509124,9.976858139038086,-2.2549304962158203,75.94193336944704
18,llama,6,0.8367340285777352,8.690098762512207,-2.1252481937408447,72.47525266187945
18,llama,7,0.8416355190386404,9.249837875366213,-2.2174232006073,72.96303007904815
18,llama,8,0.8129700948825336,10.079477310180664,-2.2156710624694824,70.28013830738941
18,llama,9,0.847275093683668,8.68108081817627,-2.010789632797241,73.31688164842693
19,llama,0,0.8567148715734946,7.763964176177979,-2.089587688446045,73.96624842944665
19,llama,1,0.7476916313381314,8.434502601623535,-2.188565731048584,61.722053796743424
19,llama,2,0.7666292620004346,7.410286903381348,-2.0037670135498047,64.251413459496
19,llama,3,0.8663191825092046,6.1814284324646,-1.8741437196731567,74.32178235038522
19,llama,4,0.8754333358930257,7.801143169403076,-2.0597777366638184,75.11464230188655
19,llama,5,0.7566434781660019,7.289914608001709,-2.000968217849731,62.84229726101233
19,llama,6,0.9067412800731973,6.988800048828125,-1.9798502922058103,76.15512959431906
19,llama,7,0.8188983802912471,6.70953369140625,-1.9654297828674316,70.50252548631944
19,llama,8,0.6353841012807335,7.674177646636963,-2.083717584609986,44.000921984068135
19,llama,9,0.8259012426487361,7.628162860870361,-2.024094820022583,71.3289018918965
20,llama,0,0.809083300554325,8.697179794311523,-2.202544689178467,69.72834956955012
20,llama,1,0.873163108772634,11.555580139160156,-2.4367945194244385,75.31123376952218
20,llama,2,0.9452833101744634,7.184290885925293,-2.005167007446289,76.23494778162767
20,llama,3,0.881128720568114,9.083062171936035,-2.214808940887451,75.55445069245866
20,llama,4,0.8790066168256423,6.459582805633545,-1.911599278450012,75.08061708957902
20,llama,5,0.8910946639727733,6.695165634155273,-1.9581811428070068,75.65659992639388
20,llama,6,0.8505045661040898,7.458971977233887,-2.0728919506073,73.47416777681985
20,llama,7,0.7095350661668777,6.771207332611084,-1.9823148250579832,55.675639971504935
20,llama,8,0.7566484672107362,8.536643981933594,-2.1936511993408203,63.0230721338236
20,llama,9,0.8092667939232753,10.074383735656738,-2.3310587406158447,69.86323816573909
21,llama,0,0.8622956316729209,10.680950164794922,-2.3407464027404785,74.62250855778836
21,llama,1,0.6895797216097488,11.829752922058104,-2.4601263999938965,52.97464953772045
21,llama,2,0.8094520632187443,10.575213432312012,-2.3472867012023926,69.9230727668029
21,llama,3,0.787833802621613,11.256182670593262,-2.411958694458008,67.40772118199324
21,llama,4,0.8454114780333026,11.808728218078612,-2.4254393577575684,73.44810391287206
21,llama,5,0.7591731936243159,9.740551948547363,-2.253972291946411,63.493119679356944
21,llama,6,0.6700158434905433,11.885735511779783,-2.472980499267578,49.834738402197736
21,llama,7,0.8578453215358692,11.326584815979004,-2.3858373165130615,74.36172460700074
21,llama,8,0.7524869255591411,9.845531463623049,-2.266066312789917,62.548876440979654
21,llama,9,0.8320574082296329,11.142803192138672,-2.3741261959075928,72.25782957557773
22,llama,0,0.7953785257243695,7.106887340545654,-2.035776853561402,67.94756431107882
22,llama,1,0.827140520024321,6.681997299194336,-1.954303503036499,71.31584467253039
22,llama,2,0.9075222816399287,6.756856441497803,-1.951616287231445,76.13113715620318
22,llama,3,0.890681202755506,5.2823357582092285,-1.7154135704040527,75.29112626378735
22,llama,4,0.8118742592697106,7.924083709716797,-2.1308155059814453,69.94893058147292
22,llama,5,0.8552378246971637,7.136836051940918,-2.0420775413513184,73.78046543283047
22,llama,6,0.8430085447068262,7.492953300476074,-2.0747103691101074,72.8812037995693
22,llama,7,0.8403764402810369,7.353779315948486,-2.044541835784912,72.63424241485035
22,llama,8,0.9098445927561978,7.687199592590332,-2.1079320907592773,76.33928048544158
22,llama,9,0.8765784233446234,8.607828140258789,-2.171494483947754,75.28159389729827
23,llama,0,0.8731751569409094,9.30100154876709,-2.195258855819702,75.16805543614299
23,llama,1,0.8612709626886187,8.54419231414795,-2.212643623352051,74.37600862532577
23,llama,2,0.7632331507447551,7.952244281768799,-2.137960433959961,63.88393691385867
23,llama,3,0.7831151862344249,8.344111442565918,-2.1143555641174316,66.57484584326325
23,llama,4,0.8539741969778026,8.386260986328125,-2.144868850708008,73.8443614076785
23,llama,5,0.780198389896391,8.15899658203125,-2.084817886352539,66.1721851511938
23,llama,6,0.7665150300364135,8.142671585083008,-2.1036808490753174,64.3476409841229
23,llama,7,0.7842796492204899,7.445542812347412,-2.038822650909424,66.60887327760511
23,llama,8,0.7504820137729591,6.694032192230225,-1.9183893203735352,61.84834252953693
23,llama,9,0.8932486703571041,9.112434387207031,-2.263617992401123,76.05298722973491
24,llama,0,0.8002844484580088,9.288105010986328,-2.1554770469665527,68.77759545732887
24,llama,1,0.7611332341120433,11.798479080200195,-2.3377492427825928,63.929838181393606
24,llama,2,0.8005112957456859,9.887131690979004,-2.1574060916900635,68.858922838245
24,llama,3,0.8161484017797663,12.194522857666016,-2.316786050796509,70.78501178246707
24,llama,4,0.6686515412638996,8.081311225891113,-1.9187195301055908,49.24424272475754
24,llama,5,0.8833909271988919,11.77891445159912,-2.35805344581604,75.87205961623906
24,llama,6,0.6921923038090408,9.81918716430664,-2.177598476409912,53.28460568565165
24,llama,7,0.8372671089199941,10.867692947387695,-2.264003276824951,72.7289662753621
24,llama,8,0.7911037654237771,11.482392311096191,-2.2576239109039307,67.87202711303678
24,llama,9,0.8616357655258895,11.383052825927734,-2.2576427459716797,74.65222808065238
25,llama,0,0.8002691496628274,7.4815802574157715,-2.060837745666504,68.57547163385912
25,llama,1,0.7628842076901806,6.03613805770874,-1.8516572713851929,63.49228708867222
25,llama,2,0.8974117069862412,7.622090816497803,-2.0433616638183594,76.0080939385608
25,llama,3,0.9066177210097557,6.878775596618652,-1.9727275371551511,76.13724854069088
25,llama,4,0.8410492200485042,5.937495231628418,-1.8317852020263672,72.41034023977532
25,llama,5,0.843711014844646,9.10853672027588,-2.290360450744629,73.11820297666223
25,llama,6,0.895422473925908,7.363256454467773,-2.0577454566955566,75.9247882927111
25,llama,7,0.8464156457873498,9.008076667785645,-2.204008102416992,73.33232010516583
25,llama,8,0.8707932615405605,6.884803295135498,-1.993065357208252,74.73695215129216
25,llama,9,0.7819150457265208,6.038700580596924,-1.82899272441864,66.02657715558142
26,llama,0,0.7791938546497809,11.785625457763672,-2.4169774055480957,66.34438069040418
26,llama,1,0.8514078862086146,13.07150173187256,-2.4938671588897705,73.97362490813926
26,llama,2,0.8127960269123429,10.46745491027832,-2.238814115524292,70.29541495721823
26,llama,3,0.7709158334595768,10.600212097167969,-2.2683684825897217,65.18885769623581
26,llama,4,0.7998285821540214,10.361021995544434,-2.2386515140533447,68.82660584101079
26,llama,5,0.8120132858330684,11.514768600463867,-2.320310592651367,70.28862609133088
26,llama,6,0.83886738027833,10.977354049682615,-2.387538433074951,72.84865270917611
26,llama,7,0.8805637424676636,15.132627487182615,-2.621332883834839,75.80472586079901
26,llama,8,0.7786963695812117,10.1715087890625,-2.12812876701355,66.17572858493969
26,llama,9,0.8866596822070892,9.991021156311035,-2.243802070617676,75.88232849506511
27,llama,0,0.754252307150498,7.041621685028076,-2.011464834213257,62.481031495539
27,llama,1,0.8379907815969198,9.776039123535156,-2.344404697418213,72.68226335313554
27,llama,2,0.8033670323569202,8.629297256469727,-2.2273237705230713,69.07870991461527
27,llama,3,0.862818174685077,7.231152057647705,-2.0576539039611816,74.31484582488552
27,llama,4,0.7861339720633747,8.489724159240723,-2.215667486190796,66.98736271018814
27,llama,5,0.7664514552144475,7.883132934570312,-2.1160809993743896,64.31676457054076
27,llama,6,0.8015271364243282,8.008947372436523,-2.1361098289489746,68.79659390211145
27,llama,7,0.702041646429133,7.896661758422852,-2.129757881164551,54.66275750844716
27,llama,8,0.7869429846379881,7.654037952423096,-2.0746865272521973,66.98056308207967
27,llama,9,0.8721773700187027,7.712069988250732,-2.1224074363708496,74.94858384014348
28,llama,0,0.8379792512067933,9.065120697021484,-2.259490966796875,72.63112104808242
28,llama,1,0.8489215669060455,7.987952709197998,-2.118462085723877,73.41866388054206
28,llama,2,0.8371380117255479,9.660194396972656,-2.294800043106079,72.60795167574119
28,llama,3,0.8930032482729167,9.27007007598877,-2.263402223587036,76.05905008600561
28,llama,4,0.7178049647181887,9.91135597229004,-2.3295416831970215,57.32911735147705
28,llama,5,0.8119207091763053,6.999849796295166,-1.969926834106445,69.7968358948448
28,llama,6,0.3567509871334869,6.847968578338623,-1.950802206993103,15.425647085411434
28,llama,7,0.7516405512737471,9.382431030273438,-2.27177095413208,62.384205689730464
28,llama,8,0.701667549859994,11.178454399108888,-2.4318230152130127,54.863078133835884
28,llama,9,0.8228714080169496,8.824417114257812,-2.223907947540283,71.19345496910478
29,llama,0,0.8114508756773737,9.839582443237305,-2.2955923080444336,70.08900428869458
29,llama,1,0.9042852111298086,8.908005714416504,-2.194141387939453,76.35735403604109
29,llama,2,0.7391961381790126,6.744414806365967,-1.942547082901001,60.20889649439245
29,llama,3,0.8285721898536309,8.607752799987793,-2.160350799560547,71.7242056944812
29,llama,4,0.8497861268124847,10.179330825805664,-2.352412462234497,73.68525967365515
29,llama,5,0.7927356176264857,7.939863681793213,-2.1073105335235596,67.73643762086664
29,llama,6,0.8397940730134604,8.919113159179688,-2.2164337635040283,72.77559957027476
29,llama,7,0.8701897758915752,8.48314380645752,-2.159442901611328,74.91852297908925
29,llama,8,0.6847841063175237,8.627348899841309,-2.166011333465576,51.987256309363005
29,llama,9,0.7127504886726386,9.1173734664917,-2.241988182067871,56.479495420579134
30,llama,0,0.8689675174013922,12.08082389831543,-2.4316325187683105,75.1167250198875
30,llama,1,0.8346081632209748,12.70124053955078,-2.421670198440552,72.59405146404622
30,llama,2,0.8725606603986947,10.969281196594238,-2.2945380210876465,75.27736742625056
30,llama,3,0.8617585652741472,9.181900024414062,-2.1943724155426025,74.46740081671228
30,llama,4,0.8883895236482291,12.478558540344238,-2.4772796630859375,76.0824724706776
30,llama,5,0.7802950987208495,10.050088882446287,-2.2934341430664062,66.37953477781495
30,llama,6,0.8149410370704735,14.172950744628906,-2.5940656661987305,70.64288095845205
30,llama,7,0.694542102190153,10.70051383972168,-2.2800960540771484,53.73663001759217
30,llama,8,0.6964100333963348,9.68374729156494,-2.226241111755371,53.94810856300796
30,llama,9,0.9080083526158361,13.13227653503418,-2.5155398845672607,76.69116608699437
31,llama,0,0.012200345447200903,2.4109086990356445,-0.8432071208953857,9.178422373764219
31,llama,1,0.004481865754069567,1.9806339740753176,-0.6458358764648438,8.754535036964398
31,llama,2,0.05675675675675676,4.104611873626709,-1.3667349815368652,10.307997345069326
31,llama,3,0.016999575010624737,2.4894745349884033,-0.8621249794960022,9.225035521755665
31,llama,4,3.2354711937761574e-05,2.245941400527954,-0.7269824147224426,8.936995038756178
31,llama,5,0.030229235664653548,2.961609125137329,-1.0302430391311646,9.593994350261802
31,llama,6,0.069772465437788,4.102811813354492,-1.3568822145462036,10.309327113998059
31,llama,7,0.015694250500880337,2.5564746856689453,-0.8826144337654114,9.270121996539652
31,llama,8,0.069772465437788,4.407748222351074,-1.3861500024795532,10.387741388116943
31,llama,9,0.05364082514411844,3.9513847827911377,-1.321650147438049,10.217968050379097
32,llama,0,0.7478670283596994,7.6404032707214355,-1.9126731157302856,61.560602033083306
32,llama,1,0.7539140230799087,9.132887840270996,-2.1524453163146973,62.68384751198428
32,llama,2,0.8174944957452697,10.790032386779783,-2.293612480163574,70.8161244635167
32,llama,3,0.812538063839378,10.034090995788574,-2.188760280609131,70.22791445497104
32,llama,4,0.786519358899769,9.441186904907228,-2.157979965209961,67.11981455540008
32,llama,5,0.7665139441617644,9.444679260253906,-2.1202001571655273,64.47521602565239
32,llama,6,0.770664272562826,10.246454238891602,-2.1814041137695312,65.12357578726431
32,llama,7,0.832967971850303,10.48808479309082,-2.2618038654327393,72.31050505736742
32,llama,8,0.8084923014679,9.261053085327148,-2.156136274337769,69.71057611478157
32,llama,9,0.6642223190035641,8.999532699584961,-2.0790693759918213,48.70381199969424
33,llama,0,0.9017590450104049,10.217223167419434,-2.3155627250671387,76.40573096063217
33,llama,1,0.8485489217049268,10.043378829956056,-2.306837797164917,73.58857464642763
33,llama,2,0.9107769423558898,10.265664100646973,-2.314116954803467,76.60518854574921
33,llama,3,0.8032648202627082,11.084589004516602,-2.3505754470825195,69.26893130833389
33,llama,4,0.8211883226938927,9.822258949279783,-2.2583723068237305,71.11507173754329
33,llama,5,0.9100280617527607,13.21687126159668,-2.551432847976685,76.70774155747957
33,llama,6,0.838553187326747,9.530177116394045,-2.217909336090088,72.7251692221073
33,llama,7,0.8977165027840304,8.24333381652832,-2.087759017944336,76.09495678193933
33,llama,8,0.8854537993053782,11.325334548950195,-2.4185400009155273,75.90197358513728
33,llama,9,0.867567414742376,9.171526908874512,-2.216245651245117,74.83406767258019
34,llama,0,0.8453445463339165,8.427579879760742,-2.14224624633789,73.18311098083446
34,llama,1,0.8180570973452916,9.65036678314209,-2.2804956436157227,70.77632082646365
34,llama,2,0.7978709657208645,8.086690902709961,-2.105428695678711,68.36791115603832
34,llama,3,0.8618282939534839,9.372994422912598,-2.2719614505767822,74.48865865958214
34,llama,4,0.7939888454030964,5.663876533508301,-1.7713686227798462,67.44446230894614
34,llama,5,0.6920983445404859,10.49787425994873,-2.3433027267456055,53.31639732606414
34,llama,6,0.8847408639302663,8.994254112243652,-2.177718162536621,75.70695057434624
34,llama,7,0.7314740967075933,7.534162044525147,-2.02595853805542,59.17155044317413
34,llama,8,0.8332147675702195,7.769110202789307,-2.0583953857421875,72.0483937564988
34,llama,9,0.8663383690036721,9.493330001831056,-2.246257781982422,74.78864513012472
35,llama,0,0.9666059883246501,9.063241004943848,-2.3264095783233643,75.83397860012845
35,llama,1,0.9408049353701528,8.786703109741211,-2.22208833694458,76.52218589741672
35,llama,2,0.913118957320656,8.2406587600708,-2.1621744632720947,76.45855120097569
35,llama,3,0.9625668449197861,13.026581764221191,-2.618396520614624,76.1415953182129
35,llama,4,0.9442645845235828,9.926309585571287,-2.401057243347168,76.53599611751913
35,llama,5,0.967032967032967,10.390913009643556,-2.4095146656036377,75.90827713247559
35,llama,6,0.9419843713000237,10.381634712219238,-2.4165241718292236,76.60685961472953
35,llama,7,0.9675675675675676,11.480823516845703,-2.523528575897217,75.91080368567216
35,llama,8,0.9478644254615597,11.524514198303224,-2.5091712474823,76.54144908122157
35,llama,9,0.9566999287241625,8.644822120666504,-2.2205748558044434,76.15550026978329
36,llama,0,0.7118013071960441,8.0825777053833,-2.090153217315674,56.21010633786731
36,llama,1,0.8353109982891305,7.842994213104248,-1.9894309043884275,72.21406502003526
36,llama,2,0.7654927722603535,10.790221214294434,-2.3132877349853516,64.4583312587127
36,llama,3,0.8207211174572606,7.467435836791992,-1.971674919128418,70.77010762198152
36,llama,4,0.7927992923927756,8.081367492675781,-2.063281536102295,67.74381845358936
36,llama,5,0.8288313137010641,7.302093029022217,-1.950960993766785,71.53937266380477
36,llama,6,0.786501580835701,6.27057409286499,-1.8543033599853516,66.65597573278822
36,llama,7,0.874107291136,7.566506385803223,-2.002776622772217,74.99540488674917
36,llama,8,0.8415033419290744,7.448248863220215,-1.9935054779052737,72.71550947314465
36,llama,9,0.8672508336065844,7.634829521179199,-2.0355374813079834,74.62456106401345
37,llama,0,0.797234753061105,6.558141231536865,-1.9214783906936648,68.05008297474325
37,llama,1,0.7366138882364957,7.447517395019531,-2.0560171604156494,59.95166390934058
37,llama,2,0.7446722600132989,8.534543991088867,-2.152904987335205,61.28425763870502
37,llama,3,0.8593015548704477,9.687185287475586,-2.309321165084839,74.3425028998787
37,llama,4,0.746798051268101,6.792667865753174,-1.9756896495819092,61.35731846582633
37,llama,5,0.7422185276389195,8.754034996032715,-2.1885225772857666,60.947563647880955
37,llama,6,0.8593462715441157,7.52047061920166,-2.0491018295288086,74.10986359865846
37,llama,7,0.882165905457442,10.279541969299316,-2.3508901596069336,75.69306316557127
37,llama,8,0.8078543764588099,5.8369269371032715,-1.7766804695129397,69.08173851543722
37,llama,9,0.7837738408955433,10.625228881835938,-2.409944772720337,66.84236770448095
38,llama,0,0.8617640072819267,6.977650165557861,-1.9678168296813965,74.17700097615752
38,llama,1,0.7366227718002248,6.681130886077881,-1.957774996757507,59.82634624037592
38,llama,2,0.704719332371456,7.286308288574219,-2.025860071182251,54.990378827870416
38,llama,3,0.9035202888262881,8.05741024017334,-2.1163477897644043,76.24410787234024
38,llama,4,0.7833741297952918,8.188300132751465,-2.1695618629455566,66.60379272005724
38,llama,5,0.8730528730528729,6.912598133087158,-1.929883599281311,74.82961524029002
38,llama,6,0.8781797470821862,7.730058670043945,-2.005387306213379,75.22475702972146
38,llama,7,0.8789777619818862,9.093711853027344,-2.18947172164917,75.45037606012929
38,llama,8,0.8538969363969364,6.720404148101807,-1.9645671844482424,73.60167045458368
38,llama,9,0.8426575497106839,8.888758659362793,-2.180182456970215,73.01233861673151
39,llama,0,0.8789178545858314,7.672735691070557,-1.9993319511413576,75.25263969479981
39,llama,1,0.7634379765644894,10.880009651184082,-2.3607983589172363,64.16905903498674
39,llama,2,0.7762672079039072,9.195270538330078,-2.230624198913574,65.77977519618705
39,llama,3,0.9039788167468181,8.206918716430664,-2.085824966430664,76.26097017721975
39,llama,4,0.7090139140955838,7.950399875640869,-2.0335121154785156,55.73780575399326
39,llama,5,0.8600703914665752,8.724221229553223,-2.184133529663086,74.31094937502291
39,llama,6,0.841459018270157,8.013737678527832,-2.059920310974121,72.79792457581826
39,llama,7,0.8797486116269375,9.269829750061035,-2.2420129776000977,75.50586306059903
39,llama,8,0.7959910543130989,9.777223587036133,-2.3032712936401367,68.31344806176664
39,llama,9,0.824170688332106,9.011504173278809,-2.22578501701355,71.34027299023897
40,llama,0,0.7865039735961231,8.199902534484863,-2.0512595176696777,66.97041268103001
40,llama,1,0.9034874953973476,10.05194091796875,-2.20367169380188,76.44348770688232
40,llama,2,0.863978005991173,9.349635124206545,-2.1877212524414062,74.62616475705791
40,llama,3,0.8006564469320404,8.45296859741211,-2.008126735687256,68.69341480117875
40,llama,4,0.8153227427336434,6.4850897789001465,-1.780851125717163,69.96591123919059
40,llama,5,0.8771230231222925,8.008368492126465,-1.9336642026901243,75.15808592566806
40,llama,6,0.8166719683523458,10.783047676086426,-2.299243450164795,70.72864078759301
40,llama,7,0.801706396520771,8.78468132019043,-2.0495121479034424,68.86561913811194
40,llama,8,0.8451566951566951,9.014973640441896,-2.146932363510132,73.22464370181436
40,llama,9,0.7640508060438795,9.299808502197266,-2.14171838760376,64.12686104288157
41,llama,0,0.9082765748814036,9.388569831848145,-2.2652058601379395,76.48798331651619
41,llama,1,0.8170087656310494,9.024693489074709,-2.243349552154541,70.61245254487174
41,llama,2,0.8424347755648758,8.50757122039795,-2.1786048412323,72.95730076611495
41,llama,3,0.802447937242508,7.654178142547607,-2.072023391723633,68.8498415543542
41,llama,4,0.8774391487507867,10.39210033416748,-2.3942413330078125,75.45890973527082
41,llama,5,0.8930834664924446,10.635794639587402,-2.422191858291626,76.139366311049
41,llama,6,0.9006063855882169,12.78993034362793,-2.550062656402588,76.46490479122396
41,llama,7,0.8535592796693853,10.808115005493164,-2.42896032333374,73.99296253179351
41,llama,8,0.842061538540678,6.759933948516846,-1.9649697542190552,72.67650346264216
41,llama,9,0.8765661405051769,10.577263832092283,-2.4139044284820557,75.42180022480463
42,llama,0,0.9631578947368421,6.708235263824463,-1.8808653354644775,75.6122870043601
42,llama,1,0.873053509315383,7.43678092956543,-1.999015212059021,74.92304891437176
42,llama,2,0.8974606474606475,7.732189655303955,-1.997567653656006,75.99933300780674
42,llama,3,0.8224445149311739,7.910213947296143,-2.1115965843200684,71.0467209767741
42,llama,4,0.9431949918849988,8.506043434143066,-2.0897297859191895,76.4368509469789
42,llama,5,0.8387123641360931,6.591835021972656,-1.8652819395065308,72.30592426779744
42,llama,6,0.898148765510298,7.600925922393799,-2.007105827331543,76.01186804724094
42,llama,7,0.9121687549813571,7.89526891708374,-2.049447536468506,76.37899285771334
42,llama,8,0.9089301503094607,9.18024444580078,-2.1850781440734863,76.48079983397051
42,llama,9,0.8578831685940371,7.6577372550964355,-2.010615348815918,74.00585336533597
43,llama,0,0.8222813078653644,8.08443546295166,-2.1561365127563477,71.05711579549515
43,llama,1,0.7483184524518894,6.9868879318237305,-2.019902229309082,61.621979845366646
43,llama,2,0.8337988202699079,9.80427360534668,-2.3471670150756836,72.31026307569265
43,llama,3,0.7424220865893041,9.051480293273926,-2.2578914165496826,61.00648027610707
43,llama,4,0.7300891853650514,9.21086883544922,-2.2889657020568848,59.164990230247014
43,llama,5,0.7787412441931656,7.754322528839111,-2.114072799682617,65.95118426058212
43,llama,6,0.8265278749199486,8.720471382141113,-2.234421968460083,71.54363905380288
43,llama,7,0.8052286376298644,7.369690895080566,-2.0499048233032227,69.1309516367944
43,llama,8,0.8609007885073217,8.285160064697266,-2.187095880508423,74.32473987363764
43,llama,9,0.8278978409023726,9.74174690246582,-2.3336637020111084,71.7570369372869
44,llama,0,0.866690154309934,8.980510711669922,-2.094820499420166,74.74267214460852
44,llama,1,0.8723094074867362,12.514111518859863,-2.486515998840332,75.31033363901274
44,llama,2,0.8893466933867735,9.107131958007812,-2.1992156505584717,75.90911549960177
44,llama,3,0.793595886444489,8.995942115783691,-2.1326351165771484,67.94900223334663
44,llama,4,0.8934702466833648,9.941938400268556,-2.2268433570861816,76.1379481989607
44,llama,5,0.8394339194039344,9.612065315246582,-2.2793917655944824,72.80575574427873
44,llama,6,0.8641424887889038,12.541974067687988,-2.444662570953369,74.84969263756057
44,llama,7,0.9117229609532705,10.482111930847168,-2.287682294845581,76.64427513106409
44,llama,8,0.933301205925212,13.795099258422852,-2.6069486141204834,76.83184836553507
44,llama,9,0.938270509977827,13.188006401062012,-2.5531582832336426,76.7927785096916
45,llama,0,0.8568670395399988,7.886293411254883,-2.1121573448181152,73.99564409997932
45,llama,1,0.7849521445093371,10.20955753326416,-2.3454630374908447,66.9797714284682
45,llama,2,0.8670435200706925,9.340310096740724,-2.2926831245422363,74.8131045064286
45,llama,3,0.7466431782411768,7.181471347808838,-1.9912378787994385,61.38292168408189
45,llama,4,0.8492624449977392,12.88142204284668,-2.582019329071045,73.72733725182141
45,llama,5,0.8728675321983205,7.883135318756104,-2.114666700363159,75.00192870162724
45,llama,6,0.8781578846668961,8.828973770141602,-2.2289421558380127,75.38654763458993
45,llama,7,0.885236085520769,9.339872360229492,-2.291656017303467,75.75858317676831
45,llama,8,0.9044665012406947,12.814403533935549,-2.5927162170410156,76.52808876043837
45,llama,9,0.8000842090175316,7.452902793884277,-2.050377607345581,68.54689078557787
46,llama,0,0.7868740692092546,9.155659675598145,-2.248168468475342,67.14326643215979
46,llama,1,0.691449457203495,9.30312728881836,-2.2279295921325684,53.12185523549729
46,llama,2,0.8847448421552634,9.373753547668455,-2.253539562225342,75.74454205533533
46,llama,3,0.5616287618598806,7.854145050048828,-2.0623557567596436,33.22401403988078
46,llama,4,0.7684140520471404,9.335125923156738,-2.270632266998291,64.73640895194553
46,llama,5,0.7348399466228088,8.295597076416016,-2.174215078353882,59.7990723575787
46,llama,6,0.6490356844433521,11.03478717803955,-2.399250030517578,46.45166750897666
46,llama,7,0.7459914012226413,7.580824375152588,-2.0641403198242188,61.36038455476274
46,llama,8,0.7987227975850695,12.053417205810549,-2.505124568939209,68.74260606085231
46,llama,9,0.8022391323684348,10.354726791381836,-2.3466954231262207,69.0896735747146
47,llama,0,0.6685144785728466,8.617555618286133,-2.141702175140381,49.3723676251668
47,llama,1,0.7826857263680059,9.648920059204102,-2.2130253314971924,66.65683480303163
47,llama,2,0.8112052696930416,10.730867385864258,-2.392559289932251,70.1129823268455
47,llama,3,0.8694926571965238,10.669294357299805,-2.3687374591827393,75.05848456650587
47,llama,4,0.7785371090150314,9.24491024017334,-2.19343900680542,66.08128452306866
47,llama,5,0.7705681861621676,8.59122371673584,-2.1486055850982666,64.95387225675522
47,llama,6,0.8729664124274483,13.612996101379396,-2.605259418487549,75.33174873754251
47,llama,7,0.9243986254295533,11.174196243286133,-2.438107967376709,76.77310948952814
47,llama,8,0.8119643499030196,9.63396453857422,-2.2918968200683594,70.12679267516792
47,llama,9,0.8683496671345879,9.714051246643066,-2.299360752105713,74.92475569635104
48,llama,0,0.8533773454005507,10.096162796020508,-2.3664731979370117,73.94380511714611
48,llama,1,0.9222563577402286,10.027532577514648,-2.3270206451416016,76.7079766166064
48,llama,2,0.9516129032258065,10.74905014038086,-2.447512626647949,76.42815434235516
48,llama,3,0.9468085106382979,13.278563499450684,-2.631298780441284,76.59198843483055
48,llama,4,0.9480704129993229,10.017119407653809,-2.3356924057006836,76.4918960772775
48,llama,5,0.8967604712041884,10.06523609161377,-2.3522610664367676,76.23895139748788
48,llama,6,0.9494949494949495,7.641673088073731,-2.075201988220215,76.22282885828669
48,llama,7,0.9478672985781991,13.16922378540039,-2.6256065368652344,76.56792992441159
48,llama,8,0.9315265113137453,9.82336139678955,-2.301013231277466,76.6978430900327
48,llama,9,0.9578408195429471,9.091506004333496,-2.263549327850342,76.16098280782472
49,llama,0,0.7849262580900999,11.621036529541016,-2.355781078338623,67.09243830024649
49,llama,1,0.8824247971782357,13.06020164489746,-2.287656307220459,75.94203877045237
49,llama,2,0.867449181598665,11.05266571044922,-2.372863292694092,74.96801298321793
49,llama,3,0.8414524932050542,10.198689460754396,-2.208306789398194,73.03300277692699
49,llama,4,0.8833864669623824,12.51850128173828,-2.4518675804138184,75.88861028691
49,llama,5,0.870307369168417,10.107791900634766,-2.229480743408203,75.08083914805012
49,llama,6,0.775631550526202,12.749872207641602,-2.336064100265503,65.97990928118864
49,llama,7,0.9033117409014564,9.475208282470703,-2.15775728225708,76.38213595123044
49,llama,8,0.824441974678998,10.759069442749023,-2.123986005783081,71.51102170251188
49,llama,9,0.9071059655535066,11.713943481445312,-2.246995449066162,76.66597651309239
50,llama,0,0.7790959859692058,8.186165809631348,-2.176751136779785,66.05192647295283
50,llama,1,0.8022997923083203,6.459242343902588,-1.8753690719604492,68.60073470890548
50,llama,2,0.6530214778906824,8.52970027923584,-2.125121593475342,46.883251599861055
50,llama,3,0.8365134332518906,10.607461929321287,-2.3356781005859375,72.62782157518704
50,llama,4,0.8469953864882699,9.16329574584961,-2.2086949348449707,73.393257036768
50,llama,5,0.7901052171479201,9.23631191253662,-2.1919713020324707,67.55267913222904
50,llama,6,0.7209695869885757,8.899059295654297,-2.114339828491211,57.724755918778946
50,llama,7,0.7592304579824495,8.219365119934082,-2.102761745452881,63.3411465806083
50,llama,8,0.8350251261733198,9.530412673950195,-2.2369964122772217,72.41334579349281
50,llama,9,0.8152879204192701,7.223026752471924,-2.0139119625091553,70.20351621384918
51,llama,0,0.8214595189264807,8.754414558410645,-2.2571897506713867,71.04389942966579
51,llama,1,0.7997031952556233,8.397856712341309,-2.190061092376709,68.62984188195658
51,llama,2,0.866011136215841,7.977329254150391,-2.1412577629089355,74.61615909055976
51,llama,3,0.7347231532298473,8.408875465393066,-2.2053747177124023,59.79518981918491
51,llama,4,0.7252188081373407,5.916520118713379,-1.833345651626587,57.923691440356855
51,llama,5,0.848250688598061,9.088139533996582,-2.2747108936309814,73.48307751641597
51,llama,6,0.8065996270230393,10.912123680114746,-2.469015598297119,69.58035661451999
51,llama,7,0.9546804073119862,9.890153884887695,-2.3429667949676514,76.31399825369658
51,llama,8,0.8587886638404774,10.907276153564451,-2.4449243545532227,74.36476703187012
51,llama,9,0.877949818998482,10.655691146850586,-2.4518210887908936,75.47982707593503
52,llama,0,0.9090908700735291,15.92363739013672,-2.7293214797973633,76.67609924979936
52,llama,1,0.8517698341649657,9.995343208312988,-2.3315329551696777,73.82554044175939
52,llama,2,0.8494849939942611,10.622475624084473,-2.4118034839630127,73.67825150458748
52,llama,3,0.8967253874485984,12.671568870544434,-2.5347418785095215,76.35404205294117
52,llama,4,0.8983769214475021,8.337615966796875,-2.188516139984131,76.14475268941442
52,llama,5,0.8016933215060635,8.345243453979492,-2.133508682250977,68.8480985603041
52,llama,6,0.8547006869998292,9.85317611694336,-2.2901124954223633,74.03733781218786
52,llama,7,0.8230253117249062,10.05055332183838,-2.2825307846069336,71.31773354510598
52,llama,8,0.8053193684862243,11.592724800109863,-2.4332165718078613,69.51182035041279
52,llama,9,0.8483628615998653,11.309792518615724,-2.385927677154541,73.65967251167729
53,llama,0,0.877191916875724,8.640643119812012,-2.1718177795410156,75.31622058264516
53,llama,1,0.8955992844364937,10.88702392578125,-2.4265756607055664,76.24369373654807
53,llama,2,0.8382268839028388,7.369085311889648,-1.99440598487854,72.42708655165089
53,llama,3,0.9376109790230837,12.902369499206545,-2.585897922515869,76.7512468793237
53,llama,4,0.8205783533580113,7.88959550857544,-2.1190171241760254,70.85805422671122
53,llama,5,0.8877080114576745,10.653499603271484,-2.4222469329833984,75.93767325920426
53,llama,6,0.8374621286627952,15.005663871765137,-2.6760988235473633,72.7993108367232
53,llama,7,0.9299657711855617,8.254276275634766,-2.1534886360168457,76.55673244285572
53,llama,8,0.9054194893173528,8.737165451049805,-2.2295138835906982,76.36868495533732
53,llama,9,0.8883303821328611,9.739957809448242,-2.313478708267212,75.91937767379177
54,llama,0,0.8542556541936499,8.247651100158691,-2.1115190982818604,73.8438184050369
54,llama,1,0.8084155009425281,10.825106620788574,-2.337130069732666,69.83251969700177
54,llama,2,0.8113415521595823,9.561004638671877,-2.2016806602478027,70.05658174595814
54,llama,3,0.7396928955544264,9.527177810668944,-2.253683567047119,60.645233504873715
54,llama,4,0.8621298681010148,9.088333129882812,-2.2055041790008545,74.48379475863743
54,llama,5,0.8483094253137138,7.870482921600342,-1.9915850162506104,73.30993636909314
54,llama,6,0.7310925626506053,11.623250961303713,-2.4036800861358643,59.494134277423086
54,llama,7,0.7969144034013829,10.235879898071287,-2.335287809371948,68.45752919385814
54,llama,8,0.7440309493014311,8.999369621276855,-2.2224130630493164,61.240373729873525
54,llama,9,0.9012360501634865,9.721365928649902,-2.2822105884552,76.35334902253331
55,llama,0,0.8411578974563385,10.435113906860352,-2.336033344268799,73.0151818509318
55,llama,1,0.7920838578799402,10.594538688659668,-2.3407235145568848,67.90374105636954
55,llama,2,0.8258143669091227,8.243603706359863,-2.108283042907715,71.41188857269253
55,llama,3,0.812057467229881,11.010846138000488,-2.3826074600219727,70.23315074899187
55,llama,4,0.767856995041678,9.992684364318848,-2.295954465866089,64.71661293292945
55,llama,5,0.7944269238631848,9.48305892944336,-2.242091417312622,68.10508587643771
55,llama,6,0.7637916738975339,9.363809585571287,-2.25761079788208,64.10440624755842
55,llama,7,0.8370950356610387,9.31789207458496,-2.2377591133117676,72.57808429557474
55,llama,8,0.8368092748428306,9.09656810760498,-2.224113941192627,72.53242143232539
55,llama,9,0.8219294708070082,11.223039627075195,-2.406778335571289,71.27321133352793
56,llama,0,0.9023526043842072,9.380002975463867,-2.289490222930908,76.35047303091336
56,llama,1,0.8849311607932298,8.171270370483398,-2.126213550567627,75.62740216104214
56,llama,2,0.8932857683140613,6.596107482910156,-1.9393569231033323,75.71365431974168
56,llama,3,0.9222191705575392,11.50942325592041,-2.4974851608276367,76.7566233051659
56,llama,4,0.9178727157255032,11.503093719482422,-2.4794116020202637,76.73571471791746
56,llama,5,0.9022773828172068,8.97191333770752,-2.263262987136841,76.31364300000668
56,llama,6,0.8788484704409312,10.87473201751709,-2.411868095397949,75.56326073742756
56,llama,7,0.8387280287316958,13.793177604675291,-2.65529465675354,72.8547051718056
56,llama,8,0.9296169495269138,7.953285217285156,-2.1273486614227295,76.52295177813592
56,llama,9,0.8698397196032143,11.25460433959961,-2.427262306213379,75.10357828935211
57,llama,0,0.896006253024156,8.037779808044434,-2.0895981788635254,76.02202336226186
57,llama,1,0.7963253887301388,8.99415111541748,-2.1978468894958496,68.28719002552671
57,llama,2,0.8230112146492967,7.411106586456299,-2.0499486923217773,71.0330347802453
57,llama,3,0.7847726752095074,6.664322853088379,-1.914591670036316,66.52289517340091
57,llama,4,0.7782771291990505,8.491128921508789,-2.128726005554199,65.96610155631737
57,llama,5,0.7931337485854731,8.440680503845215,-2.1611037254333496,67.84536035674854
57,llama,6,0.7971341258788684,7.746805667877197,-2.0368356704711914,68.22249195590256
57,llama,7,0.8164095532043532,7.145298957824707,-1.9858813285827637,70.29969457361136
57,llama,8,0.7692831591326695,6.888433456420898,-1.9721729755401611,64.54394401958577
57,llama,9,0.8194601648739811,6.883609771728516,-1.9745774269104004,70.5835022828069
58,llama,0,0.8587991074010198,10.102359771728516,-2.410820960998535,74.31267127223543
58,llama,1,0.8579165213923261,10.10530948638916,-2.373079776763916,74.26713411595989
58,llama,2,0.8551487801469239,10.370190620422363,-2.3915152549743652,74.08766959625315
58,llama,3,0.8825577053563901,9.326627731323242,-2.232499599456787,75.64348863168618
58,llama,4,0.8642121931908155,7.033987045288086,-1.995189189910889,74.35604187445466
58,llama,5,0.766117657528721,8.490979194641113,-2.1906774044036865,64.34297913840496
58,llama,6,0.798834242757143,7.573735237121582,-2.0250890254974365,68.40142019289382
58,llama,7,0.8167748400087976,9.095909118652344,-2.2801575660705566,70.59165442953537
58,llama,8,0.9078092775571767,6.806203842163086,-1.9588091373443604,76.14633201133795
58,llama,9,0.852329496782042,8.17781925201416,-2.1456704139709473,73.70281358726655
59,llama,0,0.9134495471130275,10.281332969665527,-2.1905510425567627,76.65550802292785
59,llama,1,0.7992684088674337,8.997376441955566,-2.175234317779541,68.63428975462699
59,llama,2,0.8401596681042947,8.68973159790039,-2.0126140117645264,72.73263171316347
59,llama,3,0.8371098803409477,9.312536239624023,-2.1798558235168457,72.57632360942318
59,llama,4,0.7829669451953796,8.388677597045898,-2.087559223175049,66.5523944271027
59,llama,5,0.8814666105198568,14.166241645812988,-2.475447416305542,75.90373072877784
59,llama,6,0.8962463979526613,14.45838737487793,-2.535261631011963,76.46277601239102
59,llama,7,0.8429804290903844,6.638192176818848,-1.748996376991272,72.57074596485928
59,llama,8,0.9012655381523564,12.818177223205566,-2.389338970184326,76.58123943953775
59,llama,9,0.8549153411650009,9.051631927490234,-2.1083269119262695,73.96750545144593
60,llama,0,0.9144879344524848,10.701656341552734,-2.3650360107421875,76.68503012340983
60,llama,1,0.8629626637284099,11.48645305633545,-2.3295936584472656,74.7360017454422
60,llama,2,0.8359548992536189,8.901287078857422,-2.173177719116211,72.43480831717389
60,llama,3,0.7780550171553949,9.001875877380371,-2.172067165374756,65.9932799172163
60,llama,4,0.9118689646742452,12.44839572906494,-2.479152202606201,76.73374456772639
60,llama,5,0.8598878340401839,10.45005226135254,-2.286759614944458,74.45372714773745
60,llama,6,0.8423767592495945,10.090383529663086,-2.2719035148620605,73.09916570685996
60,llama,7,0.8435962099763124,9.214455604553224,-2.221602439880371,73.12321375934003
60,llama,8,0.7911686564379666,11.620216369628906,-2.373218536376953,67.86673904006871
60,llama,9,0.856401076376408,11.326889991760254,-2.376396894454956,74.2639086368848
61,llama,0,0.7506256652135245,7.644442558288574,-2.0263595581054688,62.02665539602275
61,llama,1,0.6279345335061005,8.702198028564453,-2.124922275543213,42.95189210623444
61,llama,2,0.6851528350893435,6.765591144561768,-1.8634891510009768,51.7186004013423
61,llama,3,0.8124161320588993,10.663381576538086,-2.3309459686279297,70.25868553034859
61,llama,4,0.7989518587180592,8.956049919128418,-2.15624475479126,68.59041756063546
61,llama,5,0.7214591005188213,7.954494953155518,-2.070748805999756,57.696001875825125
61,llama,6,0.7973199013661442,6.895427703857422,-1.8781096935272217,68.06446181818215
61,llama,7,0.8425486617672306,11.527816772460938,-2.4426653385162354,73.1816836465565
61,llama,8,0.8135551424133408,9.067492485046388,-2.1635828018188477,70.24619458811685
61,llama,9,0.7235107756967694,8.230951309204102,-2.099407434463501,58.04920341939493
62,llama,0,0.8697303378078725,9.71614933013916,-2.294783353805542,75.00702735186547
62,llama,1,0.8699344980809511,8.639039039611816,-2.145023822784424,74.91614944817113
62,llama,2,0.7906647851642796,9.160646438598633,-2.2263450622558594,67.61625985209176
62,llama,3,0.7716661541615417,8.43246078491211,-2.1044156551361084,65.07645183692844
62,llama,4,0.8967826397837432,8.029831886291504,-2.07446813583374,76.04085251471419
62,llama,5,0.7729691690589973,7.513699054718018,-2.018033027648926,65.12845872336243
62,llama,6,0.7717380010584501,7.698211193084717,-2.0389881134033203,64.99100112757448
62,llama,7,0.8472850678733032,10.582242965698242,-2.365617275238037,73.52092768019145
62,llama,8,0.8790982345621009,8.939950942993164,-2.167846202850342,75.4394082065078
62,llama,9,0.8335562542459095,7.842922687530518,-2.034475326538086,72.07711084666202
63,llama,0,0.8627456294890906,7.293326854705811,-1.9495996236801147,74.26258682385338
63,llama,1,0.8659841814849317,9.125473976135254,-2.2040326595306396,74.7325764205624
63,llama,2,0.8871840365849089,8.891695022583008,-2.1844372749328613,75.80127553159284
63,llama,3,0.8126342360098774,6.65421724319458,-1.9257941246032717,69.81131423442774
63,llama,4,0.9092708677004289,7.645029544830322,-2.031888961791992,76.29740724257574
63,llama,5,0.9294591484464901,9.46030330657959,-2.215385913848877,76.67821571799381
63,llama,6,0.8021321787844493,9.036537170410156,-2.209305763244629,68.97463833030821
63,llama,7,0.8626395255687079,7.943513870239258,-2.0609703063964844,74.3757867746337
63,llama,8,0.8489834679563033,9.762328147888184,-2.273873805999756,73.60219274685035
63,llama,9,0.8714328910507605,6.902266502380371,-1.9720513820648191,74.76373961979743
64,llama,0,0.804439268636932,11.440187454223633,-2.470384120941162,69.37888445278253
64,llama,1,0.8385521049107668,9.679466247558594,-2.26476526260376,72.73714273206096
64,llama,2,0.8976956963741105,12.277820587158203,-2.549431324005127,76.34257266515989
64,llama,3,0.8246996093965836,11.089531898498535,-2.420703887939453,71.53165741086148
64,llama,4,0.8573772605276421,12.30775547027588,-2.517099618911743,74.33457032287251
64,llama,5,0.9011730412092434,11.735969543457031,-2.4490151405334473,76.46740426301743
64,llama,6,0.8630236747901392,12.892102241516112,-2.5304784774780273,74.74866588106674
64,llama,7,0.8384758969475398,10.120219230651855,-2.3297882080078125,72.7591214737747
64,llama,8,0.8127938928790287,11.492722511291504,-2.3998358249664307,70.34565358124144
64,llama,9,0.8691687289835963,11.486227989196776,-2.443051815032959,75.07527839145406
65,llama,0,0.8439993848915782,7.132929801940918,-1.9685957431793213,72.87766723387058
65,llama,1,0.8638294665905892,6.003602027893066,-1.7946524620056152,74.08080345442282
65,llama,2,0.7567799660239566,6.700096607208252,-1.8855094909667969,62.729477659212904
65,llama,3,0.7767231391341992,7.623990058898926,-2.011356830596924,65.63506077622436
65,llama,4,0.6308258414788972,7.194961071014404,-1.920992374420166,43.15959740955243
65,llama,5,0.8131836519241497,8.538463592529297,-2.0604465007781982,70.1288767558583
65,llama,6,0.8531253180921604,8.88337230682373,-2.119668483734131,73.82388509571855
65,llama,7,0.7992568083780879,9.6087064743042,-2.228269100189209,68.69262548375978
65,llama,8,0.8384761544479885,8.334331512451172,-2.0239834785461426,72.55868930176744
65,llama,9,0.7936925858167923,10.822012901306152,-2.30857253074646,68.12672881431754
66,llama,0,0.8125093011830086,8.995916366577148,-2.2690589427948,70.12973983004692
66,llama,1,0.848940769741135,10.245546340942385,-2.4048991203308105,73.60643421248496
66,llama,2,0.6362981889396859,8.169966697692871,-2.164705276489258,44.21229814831549
66,llama,3,0.748790086731821,10.311166763305664,-2.403132438659668,62.01944455352608
66,llama,4,0.8565448068369936,8.794319152832031,-2.2199063301086426,74.07620262468753
66,llama,5,0.8564120571872407,12.373478889465332,-2.5666933059692383,74.2326453499287
66,llama,6,0.8430661524703089,8.446032524108887,-2.167120933532715,73.00244952211267
66,llama,7,0.795028514231882,10.875393867492676,-2.445326328277588,68.24298506635049
66,llama,8,0.837762541739938,10.246452331542969,-2.382607936859131,72.69154179295154
66,llama,9,0.7619307462339999,9.093931198120115,-2.2774746417999268,63.81850598047031
67,llama,0,0.6809119438971818,8.954402923583984,-2.230325222015381,51.40192180671083
67,llama,1,0.8955595749750541,10.090865135192873,-2.3357739448547363,76.2074791777111
67,llama,2,0.7972794770256807,8.506108283996582,-2.181260585784912,68.35315006908776
67,llama,3,0.8209493833471733,6.293995380401611,-1.8825998306274416,70.61425004312962
67,llama,4,0.7357989229541102,7.586832523345947,-2.0834314823150635,59.85298531628974
67,llama,5,0.636886072554383,8.703557968139648,-2.179429054260254,44.35780573210079
67,llama,6,0.9053531037949234,11.123417854309082,-2.4347028732299805,76.52820733901476
67,llama,7,0.8988099743831883,13.031071662902832,-2.603882312774658,76.38439714916153
67,llama,8,0.8510879330700574,10.033082962036133,-2.354306697845459,73.77111597980765
67,llama,9,0.6466974872176076,7.456537246704102,-2.050476551055908,45.7494316232573
68,llama,0,0.8507726046264554,7.618273735046387,-2.051279067993164,73.50244592584107
68,llama,1,0.8984856112173409,8.550570487976074,-2.1514482498168945,76.16350303469255
68,llama,2,0.8650845462328768,9.269420623779297,-2.2256979942321777,74.6905897524867
68,llama,3,0.763407985177054,8.974440574645996,-2.207125186920166,64.0154855335021
68,llama,4,0.9044100404862032,9.34709644317627,-2.252342700958252,76.40183606264553
68,llama,5,0.9511278195488722,8.978311538696289,-2.2380142211914062,76.34014171981774
68,llama,6,0.9293333980833981,9.02317237854004,-2.2246084213256836,76.63817045676669
68,llama,7,0.8219494556890964,10.67313003540039,-2.362452983856201,71.2458931637612
68,llama,8,0.9172401465725266,9.337933540344238,-2.2382688522338867,76.6186105376818
68,llama,9,0.7565671677008468,9.268836975097656,-2.2341644763946533,63.081836504408734
69,llama,0,0.8870289150634142,10.249263763427734,-2.363924503326416,75.89843170511372
69,llama,1,0.7753310200098933,8.239948272705078,-2.15576696395874,65.55901753110092
69,llama,2,0.8138630078272495,10.449421882629396,-2.3788657188415527,70.38105190197946
69,llama,3,0.7973767054328276,8.413106918334961,-2.110689878463745,68.34241383456893
69,llama,4,0.878448866637276,10.178027153015137,-2.3635900020599365,75.50215939607456
69,llama,5,0.8426495545047087,9.568172454833984,-2.310707092285156,73.06910912201812
69,llama,6,0.8700501563317564,7.271286487579346,-2.0153064727783203,74.74473632339685
69,llama,7,0.7989521991899052,8.826789855957031,-2.237878799438477,68.58412214958616
69,llama,8,0.8676033549596769,9.476581573486328,-2.2919046878814697,74.85964247062957
69,llama,9,0.8564525097571069,8.083045959472656,-2.1138482093811035,73.98616845241749
70,llama,0,0.7503851077045262,7.486692428588867,-1.9390729665756223,61.92871358521107
70,llama,1,0.8360867751355862,10.966830253601074,-2.3362326622009277,72.6203335399494
70,llama,2,0.7952406177417384,10.36721420288086,-2.2498879432678223,68.28186790042578
70,llama,3,0.8651488291658405,8.99992561340332,-2.052568197250366,74.63431355676225
70,llama,4,0.8028240755217833,12.205516815185549,-2.403632640838623,69.28916498232248
70,llama,5,0.8636398387695068,8.958930969238281,-2.1051244735717773,74.55266426288966
70,llama,6,0.8532658590189938,10.08663558959961,-2.218616485595703,73.95780114116694
70,llama,7,0.8847975690410225,12.401979446411133,-2.4610514640808105,75.93683536492411
70,llama,8,0.8211499093889334,10.741690635681152,-2.2711257934570312,71.1905819496484
70,llama,9,0.8719008945871294,12.611278533935549,-2.3995437622070312,75.34097305425796
71,llama,0,0.9536231884057971,6.843192100524902,-1.9730290174484253,75.99165839519326
71,llama,1,0.8522537785685536,7.459810733795166,-2.05717396736145,73.60048090659043
71,llama,2,0.8736082060857414,7.2946577072143555,-2.0261499881744385,74.95209545182509
71,llama,3,0.8527839677035765,9.294227600097656,-2.2296674251556396,73.85053278311769
71,llama,4,0.8978656949505466,8.071236610412598,-2.1583783626556396,76.09967552730178
71,llama,5,0.8162557417689622,6.959709644317627,-1.970750093460083,70.2562060229733
71,llama,6,0.9144208836698487,9.02197265625,-2.2489733695983887,76.55571934479808
71,llama,7,0.8546438746438746,8.263469696044922,-2.1746270656585693,73.88591553249259
71,llama,8,0.8957219251336899,7.350472927093506,-2.039210319519043,75.92575171299104
71,llama,9,0.8824512534818941,7.208493232727051,-2.021876573562622,75.38470715292867
72,llama,0,0.8463856567039318,8.534831047058105,-2.1544950008392334,73.27943401409529
72,llama,1,0.8063972140093103,9.334545135498049,-2.2330846786499023,69.48916640052639
72,llama,2,0.912275044621286,8.405065536499023,-2.1110661029815674,76.45107895043175
72,llama,3,0.7955838683455266,9.605106353759766,-2.276369094848633,68.25302582697141
72,llama,4,0.7889472262326764,7.469155788421631,-2.08160400390625,67.2150265143643
72,llama,5,0.7397883977851735,7.187625885009766,-1.9248816967010496,60.33138896919223
72,llama,6,0.8767027810057344,9.321555137634276,-2.258862018585205,75.35761813555771
72,llama,7,0.9206064823222687,10.83192539215088,-2.426603078842163,76.73183487648741
72,llama,8,0.8069258624167,8.222090721130371,-2.1112794876098633,69.427399754599
72,llama,9,0.8673984069148297,9.055180549621582,-2.235579013824463,74.81309446351071
73,llama,0,0.7177953906067936,11.36309814453125,-2.2957684993743896,57.45902350566898
73,llama,1,0.8192176972941387,11.146782875061035,-2.228853464126587,71.02966561155748
73,llama,2,0.8685985078113467,10.865912437438965,-2.3365697860717773,75.03229615497787
73,llama,3,0.7599937957507577,10.111831665039062,-2.112509250640869,63.62722356390846
73,llama,4,0.8802240801507125,11.19607162475586,-2.383105754852295,75.66902164250499
73,llama,5,0.8194092729486299,9.476338386535645,-2.1118249893188477,70.88776867578693
73,llama,6,0.775060806741526,8.114455223083496,-2.05782699584961,65.48383403385124
73,llama,7,0.783961043596084,8.077239036560059,-2.0527901649475098,66.63674148944209
73,llama,8,0.8157783262919517,9.32779026031494,-2.162884473800659,70.50674419234763
73,llama,9,0.8140498989687049,10.86210823059082,-2.25004243850708,70.46333419953694
74,llama,0,0.944862316511304,10.520633697509766,-2.4128410816192627,76.57232791772772
74,llama,1,0.9327041057102408,8.58764362335205,-2.1968536376953125,76.58239972102812
74,llama,2,0.8189231218541183,8.770415306091309,-2.2431468963623047,70.78724804847799
74,llama,3,0.7886507611568094,9.868258476257324,-2.355264186859131,67.41171289060831
74,llama,4,0.9145384693155394,10.853676795959473,-2.4533474445343018,76.65934954193602
74,llama,5,0.8108765710602642,8.243526458740234,-2.171936511993408,69.87888233236843
74,llama,6,0.906918019658749,7.632168769836426,-2.1185142993927,76.27968030402016
74,llama,7,0.847056116077912,9.335057258605955,-2.305976152420044,73.4071209770905
74,llama,8,0.8613191739627373,9.864490509033203,-2.3339593410491943,74.48850963056404
74,llama,9,0.8699195330042035,8.585508346557617,-2.1847968101501465,74.91597671999466
75,llama,0,0.8042451497344386,9.729219436645508,-2.29313325881958,69.27629806779754
75,llama,1,0.7496239255523699,8.464910507202148,-2.1609697341918945,62.00293648164203
75,llama,2,0.8319133006368179,11.521719932556152,-2.4431257247924805,72.24505161524003
75,llama,3,0.7639523103843803,8.546531677246094,-2.143707036972046,64.04268362125559
75,llama,4,0.7362782429456196,7.7282915115356445,-2.03605055809021,59.92116079976767
75,llama,5,0.7452924100357056,8.875490188598633,-2.164499282836914,61.40977586541677
75,llama,6,0.6640203239123531,9.040770530700684,-2.1852192878723145,48.6986782260985
75,llama,7,0.7826843567186422,8.215889930725098,-2.123081684112549,66.50936894278786
75,llama,8,0.8159954933295089,10.961553573608398,-2.4170844554901123,70.63530405042987
75,llama,9,0.8232709218456674,7.122679233551025,-1.9480851888656616,70.97793412595288
76,llama,0,0.9027930158929187,9.26529312133789,-2.311774253845215,76.3471852166454
76,llama,1,0.7654028233615982,8.359892845153809,-2.158959150314331,64.22797700396471
76,llama,2,0.8621361453783274,7.830563068389893,-2.1341867446899414,74.35354958192062
76,llama,3,0.7781401672920037,6.71051549911499,-1.982893943786621,65.71366451885689
76,llama,4,0.7668294049095999,6.937562465667725,-2.00850772857666,64.23310545694638
76,llama,5,0.862065234036037,7.564396381378174,-2.0879158973693848,74.31001089494679
76,llama,6,0.7590324865954824,7.843381404876709,-2.130052089691162,63.283312020727585
76,llama,7,0.8599596104702611,7.281010627746582,-2.017768144607544,74.11364238186239
76,llama,8,0.8606621346508395,8.894797325134277,-2.2426114082336426,74.36881316121914
76,llama,9,0.7831653633200037,9.474176406860352,-2.310476303100586,66.6944656723174
77,llama,0,0.7985817736378276,7.876201152801514,-2.07258939743042,68.42089323654344
77,llama,1,0.9534883720930233,11.092313766479492,-2.418240785598755,76.42292061758175
77,llama,2,0.9426670251377873,7.020904064178467,-1.9712495803833008,76.24562982585397
77,llama,3,0.9430849851902483,9.660811424255373,-2.282592296600342,76.56492956949555
77,llama,4,0.9497315351118252,12.502498626708984,-2.530795097351074,76.5608066393762
77,llama,5,0.836619460941069,11.336563110351562,-2.4597253799438477,72.64689453698468
77,llama,6,0.9130658067255581,10.336434364318848,-2.3531370162963867,76.63754363863731
77,llama,7,0.8401708621231951,9.539949417114258,-2.292839288711548,72.86053683762356
77,llama,8,0.9638009049773756,11.342626571655272,-2.444738388061523,76.09770501573672
77,llama,9,0.8709686674260009,10.830001831054688,-2.4135842323303223,75.13952392368557
78,llama,0,0.7959681018784863,8.204086303710938,-2.1366453170776367,68.16026250721548
78,llama,1,0.8142435509791977,7.318524837493896,-2.007343292236328,70.09900402737102
78,llama,2,0.7823053065404243,9.046546936035156,-2.1762595176696777,66.54962095398102
78,llama,3,0.685390782989272,9.442330360412598,-2.2287278175354004,52.16521953656569
78,llama,4,0.7817639621156094,9.140936851501465,-2.2460176944732666,66.4914843219208
78,llama,5,0.7175080750319757,10.229863166809082,-2.29628324508667,57.317959238874856
78,llama,6,0.7935244669162363,7.504456043243408,-2.0309767723083496,67.76168753634138
78,llama,7,0.8083766191363813,8.840300559997559,-2.208369731903076,69.6639142194692
78,llama,8,0.7188687168168194,9.705992698669434,-2.3089711666107178,57.48054519945531
78,llama,9,0.8143592198157233,13.666526794433594,-2.618504047393799,70.52344827488207
79,llama,0,0.859899631533496,6.498332977294922,-1.8950262069702148,73.9560017698514
79,llama,1,0.889756803778846,7.741619110107422,-2.081340074539185,75.7695790010307
79,llama,2,0.9149903398113423,7.644322872161865,-2.061534881591797,76.39849822636853
79,llama,3,0.8470120797998902,7.441003799438477,-1.9999853372573853,73.169131567915
79,llama,4,0.8960754382932703,7.440976619720459,-2.059952735900879,75.9546106344022
79,llama,5,0.7674571810959723,8.429401397705078,-2.143089771270752,64.51409010186148
79,llama,6,0.8766726501305483,9.047025680541992,-2.216665506362915,75.33155376580649
79,llama,7,0.8267807912113377,7.483369827270508,-2.042168140411377,71.40773774784195
79,llama,8,0.8518552199772353,8.897758483886719,-2.2124624252319336,73.74395058370901
79,llama,9,0.8697929991154079,6.872290134429932,-1.944620370864868,74.65031771220751
80,llama,0,0.8678642475825947,8.888934135437012,-2.2122082710266113,74.82533501836008
80,llama,1,0.7584455161129247,7.30179500579834,-2.0429718494415283,63.118231358007044
80,llama,2,0.8361440906637885,8.723173141479492,-2.192453145980835,72.43681579879983
80,llama,3,0.8609137422980342,5.884643077850342,-1.8185709714889529,73.89890396307777
80,llama,4,0.8417257382774624,5.950835227966309,-1.8289902210235596,72.46652296376055
80,llama,5,0.7822910980049375,5.187086582183838,-1.6933698654174805,65.85297767171538
80,llama,6,0.7544100263709483,9.242850303649902,-2.2217321395874023,62.771697009853305
80,llama,7,0.8381887981238925,6.648604869842529,-1.9667422771453855,72.33483100506702
80,llama,8,0.7676456625112785,6.741213798522949,-1.953405499458313,64.2945785552225
80,llama,9,0.817142214447148,5.810298919677734,-1.8206052780151367,70.1213069543782
81,llama,0,0.784401289101014,8.647425651550293,-2.2376158237457275,66.7829582016748
81,llama,1,0.7818933716297529,8.30819320678711,-2.1864211559295654,66.42738309838558
81,llama,2,0.7947358731193048,6.847218990325928,-1.97368848323822,67.81270063290427
81,llama,3,0.8885562645357505,9.005942344665527,-2.2603611946105957,75.86832408523301
81,llama,4,0.8502715750381727,8.685922622680664,-2.2654497623443604,73.60248898871201
81,llama,5,0.7180756950555145,6.531765937805176,-1.9713432788848877,56.9809051068449
81,llama,6,0.8688479806298008,10.94277000427246,-2.49881649017334,74.97780681236037
81,llama,7,0.8981736398392204,8.75922679901123,-2.269315242767334,76.17887254358043
81,llama,8,0.7258304409301591,6.761577606201172,-2.001756191253662,58.2195087626036
81,llama,9,0.8274132932173598,7.503334522247315,-2.0928869247436523,71.48921668354139
82,llama,0,0.8472028143156936,8.618443489074707,-2.208012580871582,73.3583068754363
82,llama,1,0.9065670835073583,9.110158920288086,-2.2860732078552246,76.42489148883742
82,llama,2,0.7162104894735818,8.996780395507812,-2.246364116668701,57.00893239793039
82,llama,3,0.8657950940088639,8.81930160522461,-2.2495570182800293,74.69221454156553
82,llama,4,0.8266182397560381,9.521822929382324,-2.313178539276123,71.61844191106569
82,llama,5,0.8392290239322466,8.155993461608887,-2.1813364028930664,72.65141596548774
82,llama,6,0.8586957343106509,8.163865089416504,-2.1815953254699707,74.16311833717192
82,llama,7,0.7055641171419388,10.5513334274292,-2.415484666824341,55.4348042664977
82,llama,8,0.8337357631361247,11.6561918258667,-2.521559476852417,72.37360498352082
82,llama,9,0.77014749592031,9.325268745422363,-2.2865307331085205,64.9691324105156
83,llama,0,0.8519366266289843,10.04200553894043,-2.3333799839019775,73.84173896650182
83,llama,1,0.8990457056755399,9.432032585144045,-2.2494966983795166,76.26885779012436
83,llama,2,0.8192544195147514,9.669361114501951,-2.2706494331359863,70.9028331909364
83,llama,3,0.7985642624804752,9.669309616088867,-2.314594030380249,68.60752660173299
83,llama,4,0.8332010795885623,7.368742942810059,-2.0314016342163086,71.99592874971567
83,llama,5,0.8412699805415905,8.593427658081055,-2.1714882850646973,72.86681216654269
83,llama,6,0.8262055644376995,9.289632797241213,-2.278897285461426,71.562649380604
83,llama,7,0.8120122074397051,9.081857681274414,-2.2218427658081055,70.08598168316327
83,llama,8,0.8757032560477389,9.172737121582031,-2.262920379638672,75.29160416559996
83,llama,9,0.7293707731176478,9.554299354553224,-2.258655548095703,59.09043768366652
84,llama,0,0.9072081410241787,9.951547622680664,-2.269810199737549,76.51708417418673
84,llama,1,0.8905497221518827,9.71615982055664,-2.2463390827178955,76.01162546261732
84,llama,2,0.8678821737976516,8.837626457214355,-2.1841351985931396,74.819617972521
84,llama,3,0.8297076158747285,7.703761577606201,-2.0640618801116943,71.71817708997843
84,llama,4,0.8599880940771352,10.041373252868652,-2.275604724884033,74.42605345525084
84,llama,5,0.906277719745376,9.804283142089844,-2.279702663421631,76.4831244838165
84,llama,6,0.8896414344245519,8.790884971618652,-2.1385297775268555,75.88247722390183
84,llama,7,0.7807264685639281,10.305745124816896,-2.31376051902771,66.45426625013103
84,llama,8,0.8699487328069794,11.51639461517334,-2.41947078704834,75.13508498382777
84,llama,9,0.8916928569686093,9.236815452575684,-2.209383249282837,76.01012735161765
85,llama,0,0.7014080150496269,9.4745512008667,-2.2122256755828857,54.72337025365126
85,llama,1,0.6394979141886008,7.689435482025147,-1.95397424697876,44.587599772688236
85,llama,2,0.8612234431940496,10.808707237243652,-2.356823444366455,74.55808720798211
85,llama,3,0.801760567656766,12.961258888244627,-2.5969724655151367,69.09196358151755
85,llama,4,0.8071676040765366,10.148910522460938,-2.2947425842285156,69.64383295416388
85,llama,5,0.7403675118619955,10.55023956298828,-2.3521323204040527,60.818776412343205
85,llama,6,0.8838469844940979,9.748940467834473,-2.227449655532837,75.74008374861857
85,llama,7,0.8908733369810096,11.42576026916504,-2.389331340789795,76.13982793266511
85,llama,8,0.8374772282069096,11.63758659362793,-2.4764933586120605,72.73703191979202
85,llama,9,0.7707262361713118,6.723158359527588,-1.9718971252441408,64.72226735688525
86,llama,0,0.7739723392435824,9.790369987487791,-2.2948193550109863,65.52432099212707
86,llama,1,0.9156324055107041,9.323195457458496,-2.285579204559326,76.59552569192722
86,llama,2,0.810544750114244,8.810869216918945,-2.166100263595581,69.89623659823076
86,llama,3,0.8262200904941613,9.023134231567385,-2.229017734527588,71.54236484610571
86,llama,4,0.827411062583238,7.832042217254639,-1.9885358810424805,71.47791676796798
86,llama,5,0.8533362900750651,8.67546272277832,-2.136579990386963,73.82362162542644
86,llama,6,0.8246109478453073,9.717098236083984,-2.244206190109253,71.44839230090052
86,llama,7,0.806210290844627,8.035658836364746,-2.094831705093384,69.32405100827675
86,llama,8,0.6549050757865787,7.848263263702393,-2.045706272125244,47.09120935982771
86,llama,9,0.8052831352955885,9.317437171936035,-2.2588155269622803,69.36066599821446
87,llama,0,0.8066693985924938,8.833305358886719,-2.2131266593933105,69.47273206074449
87,llama,1,0.8164419235159818,9.413322448730469,-2.272684335708618,70.58699769639759
87,llama,2,0.8610986200500268,12.400747299194336,-2.5226335525512695,74.5915044954489
87,llama,3,0.8409294950395252,8.953204154968262,-2.2302417755126953,72.8758089339072
87,llama,4,0.8518915357238787,9.609183311462402,-2.2795629501342773,73.80964232810092
87,llama,5,0.8011452248747424,9.786762237548828,-2.2944440841674805,68.92424305363221
87,llama,6,0.731393144129774,11.302495956420898,-2.4327828884124756,59.500067880035246
87,llama,7,0.8312668061890328,10.389047622680664,-2.372469425201416,72.12093443572695
87,llama,8,0.88183621131018,8.991641998291016,-2.2323663234710693,75.57912182998241
87,llama,9,0.8357475409445039,8.278356552124023,-2.161970853805542,72.35514511685699
88,llama,0,0.8534334137057047,13.184639930725098,-2.6125497817993164,74.03583472491165
88,llama,1,0.6355869963826895,9.27324676513672,-2.293809175491333,44.20520786632807
88,llama,2,0.7749678753758319,10.33194065093994,-2.393439531326294,65.67702627211712
88,llama,3,0.7489853976415767,9.128215789794922,-2.2726712226867676,61.975786119845104
88,llama,4,0.8758128219023187,8.88188362121582,-2.2138876914978027,75.27133502472648
88,llama,5,0.8374645648830851,9.876529693603516,-2.312192916870117,72.6530127440996
88,llama,6,0.5834582299092426,7.667913436889648,-2.096651792526245,36.21894771877791
88,llama,7,0.7901963185055116,9.963126182556152,-2.3479561805725098,67.61420920252112
88,llama,8,0.8319508568036255,11.278546333312988,-2.4265987873077393,72.23706096650476
88,llama,9,0.7616798591122557,8.214836120605469,-2.1688456535339355,63.69848698626426
89,llama,0,0.8720077963131301,8.14607048034668,-2.1665773391723633,74.99039615133515
89,llama,1,0.8883824523724297,6.088297367095947,-1.8399513959884644,75.40489747435936
89,llama,2,0.8630591103396374,8.232841491699219,-2.1123523712158203,74.4478267687501
89,llama,3,0.9306927367856248,9.979622840881348,-2.351741313934326,76.7031589296594
89,llama,4,0.8951922009152703,7.300673007965088,-2.0616977214813232,75.91240254730847
89,llama,5,0.9495798319327731,9.98303508758545,-2.3133115768432617,76.46041168812604
89,llama,6,0.880254281266217,8.967963218688965,-2.1669347286224365,75.4979957860484
89,llama,7,0.7797847958997136,7.41962480545044,-2.061697483062744,66.03700339132233
89,llama,8,0.8821208751058951,9.296080589294434,-2.2771658897399902,75.61775822826223
89,llama,9,0.8504734390289943,10.143400192260742,-2.317493438720703,73.74378785849893
90,llama,0,0.9258040454565398,7.459803581237793,-1.9851059913635256,76.42095018557497
90,llama,1,0.8646200513339038,6.38731575012207,-1.8350582122802737,74.20655514937717
90,llama,2,0.8796530160776185,8.302900314331055,-2.0880277156829834,75.3872967345556
90,llama,3,0.9362248995983935,6.988768577575684,-1.9176150560379028,76.29080269296458
90,llama,4,0.8990127852403301,8.213690757751465,-2.0962581634521484,76.13322350155435
90,llama,5,0.9074498091919695,7.551944255828857,-2.000211238861084,76.23767014956188
90,llama,6,0.8911603102779574,5.225667953491211,-1.6267094612121582,75.20441217403395
90,llama,7,0.8697516893066094,6.405088901519775,-1.8088669776916504,74.4974513949794
90,llama,8,0.8651652126319366,5.242991924285889,-1.6283271312713623,73.90988619536456
90,llama,9,0.8649119861619861,8.97039794921875,-2.133240222930908,74.64149104493902
91,llama,0,0.7736555989139001,8.976008415222168,-2.142660140991211,65.40406668588945
91,llama,1,0.740490706849495,8.418203353881836,-2.0844247341156006,60.63701126321744
91,llama,2,0.8434798341363337,9.581862449645996,-2.215380907058716,73.14724561570398
91,llama,3,0.8943200156962751,7.849612712860107,-2.108245849609375,75.95337434916108
91,llama,4,0.8064142185963458,8.673385620117188,-2.127255439758301,69.41737742586581
91,llama,5,0.8812871941811771,8.615410804748535,-2.1627304553985596,75.51296395855611
91,llama,6,0.8330735343951203,7.726297855377197,-2.0352702140808105,72.02178458271405
91,llama,7,0.7758660590055938,8.562255859375,-2.1352219581604004,65.65707423633495
91,llama,8,0.7877490208926307,8.852670669555664,-2.1801342964172363,67.22244671581363
91,llama,9,0.8245568434903875,7.956471443176269,-2.0541858673095703,71.24241483367842
92,llama,0,0.7374468948954789,7.383826732635498,-2.0794882774353027,60.07872438345798
92,llama,1,0.7527879127952816,9.814409255981444,-2.2900402545928955,62.586523806162475
92,llama,2,0.8949631689868246,8.335750579833984,-2.148299217224121,76.03168825476978
92,llama,3,0.8003657998715878,9.186452865600586,-2.2438461780548096,68.78347597724142
92,llama,4,0.7979304616001566,6.857458114624023,-1.9968174695968628,68.20815729935373
92,llama,5,0.853819100678533,8.561002731323242,-2.1719179153442383,73.85417952506054
92,llama,6,0.8393902125716025,7.049536228179932,-1.9857590198516848,72.49085799457409
92,llama,7,0.7953574842791467,8.51936149597168,-2.192406177520752,68.12565436439938
92,llama,8,0.8636084008454643,9.468738555908203,-2.2815709114074707,74.61192406385895
92,llama,9,0.8089359095433777,8.150067329406738,-2.093829393386841,69.63931807872473
93,llama,0,0.793165892093262,8.54299259185791,-2.1505658626556396,67.85734708085131
93,llama,1,0.7213646126449835,7.717889785766602,-2.023576259613037,57.63875832888928
93,llama,2,0.7556467934406631,10.02406883239746,-2.25403356552124,63.01853907720686
93,llama,3,0.7801569562897814,8.5227689743042,-2.0939626693725586,66.20490396892218
93,llama,4,0.8044796570487346,8.371045112609863,-2.0196471214294434,69.1316957960053
93,llama,5,0.8456332662682753,8.75826644897461,-2.1702375411987305,73.24271465745923
93,llama,6,0.7855023546736262,7.994932174682617,-2.0816402435302734,66.83498879716461
93,llama,7,0.7933640632582968,8.003589630126953,-2.118532657623291,67.82218693112813
93,llama,8,0.8082867251319256,7.402520656585693,-1.987990975379944,69.44867689724536
93,llama,9,0.8149496688627492,10.019572257995604,-2.305899143218994,70.47934697895194
94,llama,0,0.7283453019671374,7.416184902191162,-2.051572799682617,58.69398532547806
94,llama,1,0.8588547671453027,6.771469593048096,-1.9404956102371216,73.94383400647436
94,llama,2,0.8855980159021223,8.805956840515137,-2.239400863647461,75.7288795307205
94,llama,3,0.7528599539058041,8.250672340393066,-2.017067193984986,62.404527067406526
94,llama,4,0.8505728426435555,9.57899570465088,-2.306471347808838,73.70298569028158
94,llama,5,0.850740596631929,7.945692539215088,-2.0644469261169434,73.53756195512078
94,llama,6,0.8391690343025874,10.24944305419922,-2.376239776611328,72.81645336019488
94,llama,7,0.841473500108973,8.975516319274902,-2.1872262954711914,72.92198955243317
94,llama,8,0.8805341880341881,11.09711456298828,-2.446189641952514,75.64670406106465
94,llama,9,0.7717698099120232,9.182565689086914,-2.25881290435791,65.17788861821501
95,llama,0,0.7916626518756585,8.099929809570312,-2.1655287742614746,67.6331847807714
95,llama,1,0.7724187989190645,9.18840217590332,-2.286006212234497,65.26274894784467
95,llama,2,0.8277615022545494,8.471023559570312,-2.1939961910247803,71.63752132090119
95,llama,3,0.7167797527775435,7.539624214172363,-2.0867457389831543,56.933657996100656
95,llama,4,0.6895008036777232,6.156294822692871,-1.8937947750091553,52.37358046366815
95,llama,5,0.7213724626497805,6.444857120513916,-1.93621563911438,57.46210001699987
95,llama,6,0.7036439591703828,5.620694637298584,-1.8028087615966797,54.49509742598026
95,llama,7,0.8408162038030845,5.852598190307617,-1.8276853561401367,72.37807317397271
95,llama,8,0.8014574928163004,7.144806385040283,-2.0174036026000977,68.66135975986836
95,llama,9,0.8207138687499198,7.493340969085693,-2.074454545974731,70.81902515466182
96,llama,0,0.8998353020396329,11.354040145874023,-2.3750290870666504,76.4330659538847
96,llama,1,0.9114807262363954,11.223783493041992,-2.383617639541626,76.6781338230779
96,llama,2,0.8433592304846467,10.964381217956545,-2.4143595695495605,73.21641281713303
96,llama,3,0.7759404640728417,12.77171802520752,-2.563314914703369,65.89762006360114
96,llama,4,0.9149362038264316,10.639472007751465,-2.3405613899230957,76.69290834037797
96,llama,5,0.7725120338120768,10.723475456237791,-2.3337297439575195,65.40274699650917
96,llama,6,0.8732230734739744,11.550596237182615,-2.4028995037078857,75.3301030915244
96,llama,7,0.8779480839554776,10.348722457885742,-2.321735143661499,75.50373612905192
96,llama,8,0.8888205382514306,10.396260261535645,-2.313239097595215,75.99703715612108
96,llama,9,0.827201684834934,10.584047317504885,-2.281726360321045,71.7743429583156
97,llama,0,0.8485154761876931,8.042278289794922,-2.080122709274292,73.38110914546026
97,llama,1,0.6902180816456267,7.41828727722168,-2.019179582595825,52.693249170082574
97,llama,2,0.7774391193168864,8.825260162353516,-2.146374464035034,65.89174224701476
97,llama,3,0.8686318999818472,8.133448600769043,-2.0856404304504395,74.77557442976008
97,llama,4,0.8514604243250313,9.172246932983398,-2.2119781970977783,73.73993573736982
97,llama,5,0.6951496343560046,6.800719738006592,-1.942713737487793,53.37591460926819
97,llama,6,0.836632289722576,7.807316780090332,-2.0462393760681152,72.35490818402972
97,llama,7,0.8542067501738237,8.064677238464355,-2.079158306121826,73.81260679228195
97,llama,8,0.8406934554366491,7.857219696044922,-2.058314800262451,72.71705506680071
97,llama,9,0.8482797946541621,8.323100090026855,-2.1266467571258545,73.40330467197869
98,llama,0,0.8214520602937817,10.365234375,-2.312546491622925,71.18235167507136
98,llama,1,0.8130837081605233,11.920083999633787,-2.452476978302002,70.38544231131853
98,llama,2,0.9066544523484347,11.665212631225586,-2.419780731201172,76.60833554430654
98,llama,3,0.8410196836004803,12.384593963623049,-2.5089926719665527,73.07985881597395
98,llama,4,0.7902720886997721,11.751458168029783,-2.4541573524475098,67.72983010339993
98,llama,5,0.820967219147561,10.077693939208984,-2.267954111099243,71.11464548920026
98,llama,6,0.8857299567640696,11.562670707702637,-2.4377880096435547,75.92361915087488
98,llama,7,0.8663804262824119,10.219663619995115,-2.304741382598877,74.84971561518753
98,llama,8,0.8741878497969395,11.077083587646484,-2.399770736694336,75.34494732228326
98,llama,9,0.9230816243885962,13.07828426361084,-2.530287981033325,76.85787273797082
99,llama,0,0.8662972309340614,6.45049524307251,-1.8928531408309937,74.36255815863991
99,llama,1,0.8433430241368308,8.598731994628906,-2.1507034301757812,73.03740842306335
99,llama,2,0.8744235386832762,8.026701927185059,-2.0932376384735107,75.09469542161739
99,llama,3,0.876492872009684,10.43205451965332,-2.3675265312194824,75.42391777504194
99,llama,4,0.7777079697810262,8.081184387207031,-2.1051933765411377,65.84573361722111
99,llama,5,0.871431234424975,8.266742706298828,-2.118983507156372,74.96033268676244
99,llama,6,0.8315004215697056,8.912362098693848,-2.210756540298462,72.03363179817963
99,llama,7,0.8327830386685596,9.58738136291504,-2.2686357498168945,72.21295168526783
99,llama,8,0.8310150932228471,8.151978492736816,-2.118530750274658,71.90201008764933
99,llama,9,0.879345951142144,8.54550838470459,-2.1919870376586914,75.41676958988278
0,mistral,0,0.9074016492332185,11.978470802307127,-2.4437177181243896,76.63679901109235
0,mistral,1,0.918272351256761,12.150812149047852,-2.459251165390014,76.80302038595354
0,mistral,2,0.8212933515068908,11.675087928771973,-2.451536178588867,71.22368017286509
0,mistral,3,0.8187463312167507,11.264382362365724,-2.381122589111328,70.96247954852511
0,mistral,4,0.9275788853896091,11.980669975280762,-2.336510181427002,76.88178810629749
0,mistral,5,0.8976553086934298,14.74197483062744,-2.617427110671997,76.45255311512456
0,mistral,6,0.7664418970032814,11.327768325805664,-2.372262477874756,64.61746865025931
0,mistral,7,0.9202839988112531,11.949258804321287,-2.3936595916748047,76.83573737418739
0,mistral,8,0.9646302250803859,11.398860931396484,-2.358889579772949,76.10750412735588
0,mistral,9,0.8682866797329709,11.52825164794922,-2.437379837036133,75.02944148197514
1,mistral,0,0.8493996972888802,13.73773956298828,-2.648235321044922,73.73395151859924
1,mistral,1,0.7831133653775038,9.994853973388672,-2.304495334625244,66.73596820137297
1,mistral,2,0.9080926383593043,11.306244850158691,-2.4481725692749023,76.59418362492441
1,mistral,3,0.8932964403918761,12.062800407409668,-2.47696590423584,76.23390106527185
1,mistral,4,0.8848631770276212,10.56633472442627,-2.3996291160583496,75.82104652943957
1,mistral,5,0.8633442942555427,11.800614356994627,-2.4954545497894287,74.71064307425225
1,mistral,6,0.8942818748220466,11.76705265045166,-2.5063018798828125,76.22516916629677
1,mistral,7,0.8774917670381873,10.379837989807127,-2.3190951347351074,75.48401974555861
1,mistral,8,0.871871425428197,11.94754409790039,-2.452129602432251,75.26262480884905
1,mistral,9,0.7843305448181822,14.820965766906738,-2.706997871398926,66.97791933020883
2,mistral,0,0.8478212248932565,10.513362884521484,-2.157737493515014,73.57445010001774
2,mistral,1,0.8967915693250568,12.452895164489746,-2.5677850246429443,76.31282739814874
2,mistral,2,0.9138931952369957,10.868680000305176,-2.3923892974853516,76.6811768871525
2,mistral,3,0.876188400818916,9.935606956481934,-2.2400269508361816,75.38775513996075
2,mistral,4,0.8915306800921114,13.37323760986328,-2.6384763717651367,76.13454342354736
2,mistral,5,0.9282884555865057,13.875207901000977,-2.661364793777466,76.80002577903414
2,mistral,6,0.8588596092685143,9.440293312072754,-2.076401710510254,74.27134445329676
2,mistral,7,0.9320233550415451,10.520593643188477,-2.300391674041748,76.75703587373597
2,mistral,8,0.8090979080618353,9.976848602294922,-2.2896623611450195,69.84412748320175
2,mistral,9,0.8557689236954101,12.72946834564209,-2.5422205924987793,74.23380522181516
3,mistral,0,0.7717995835695446,8.531982421875,-2.1278672218322754,65.10999097471968
3,mistral,1,0.9052783124422953,9.478754997253418,-2.2219855785369873,76.43464169747581
3,mistral,2,0.797425267985693,8.577534675598145,-2.164123773574829,68.37513190072876
3,mistral,3,0.8880644960973699,7.308892726898193,-2.020379066467285,75.63533805891072
3,mistral,4,0.8127762648310594,8.830690383911133,-2.169186592102051,70.14098925901884
3,mistral,5,0.8513751032370981,9.0516357421875,-2.2028298377990723,73.7218112311906
3,mistral,6,0.8062554689566759,8.08228588104248,-2.0707263946533203,69.32575514481313
3,mistral,7,0.830459401366655,7.835114002227783,-2.0577688217163086,71.79955784272958
3,mistral,8,0.8727717100420139,7.99908447265625,-2.1263315677642822,75.01093966340513
3,mistral,9,0.9318181818181818,9.060883522033691,-2.191774845123291,76.63143735573404
4,mistral,0,0.8405444863975216,11.581591606140137,-2.2652204036712646,73.07163103387583
4,mistral,1,0.8133651561055469,10.924955368041992,-2.3374946117401123,70.38145950056233
4,mistral,2,0.8461029830639215,12.953642845153809,-2.5299758911132812,73.5264686940874
4,mistral,3,0.9458785249457701,10.772222518920898,-2.32350754737854,76.60534020211266
4,mistral,4,0.7275336619160078,10.409972190856934,-2.3347127437591553,58.873440107648655
4,mistral,5,0.7097995784883321,12.174863815307615,-2.4621710777282715,56.211330761741486
4,mistral,6,0.7819265287928863,10.390806198120115,-2.3085293769836426,66.61767773344114
4,mistral,7,0.8535255014889127,10.314737319946287,-2.296875,73.99140085954724
4,mistral,8,0.8499857783083745,12.01955509185791,-2.3953256607055664,73.83871260223862
4,mistral,9,0.8273124625257835,11.417838096618652,-2.38415002822876,71.82892688117266
5,mistral,0,0.8823699648291335,11.198615074157717,-2.2694873809814453,75.79693198744395
5,mistral,1,0.8941372495834463,13.08061408996582,-2.452569007873535,76.35383702185503
5,mistral,2,0.8536045189481957,13.512534141540527,-2.4644622802734375,74.18688773880318
5,mistral,3,0.8749627676413031,11.630800247192385,-2.3394017219543457,75.45267686608068
5,mistral,4,0.912341576492208,9.901188850402832,-2.1671156883239746,76.60279454620635
5,mistral,5,0.9270607441339148,11.534767150878906,-2.319662094116211,76.85033266655644
5,mistral,6,0.9236035680194858,11.683319091796877,-2.336916923522949,76.8515366513692
5,mistral,7,0.9099680806997881,10.123002052307127,-2.1886420249938965,76.585674806877
5,mistral,8,0.7410173116331886,11.689156532287598,-2.280083417892456,61.02556607417872
5,mistral,9,0.9202446906740536,10.573501586914062,-2.2359871864318848,76.75511096489598
6,mistral,0,0.7286378461161803,9.923391342163086,-2.357656717300415,58.99276207715336
6,mistral,1,0.6147220945847587,11.135252952575684,-2.420869827270508,41.108416882345786
6,mistral,2,0.6971840311352138,10.657047271728516,-2.41153335571289,54.11625900243333
6,mistral,3,0.8851286860779165,10.90549659729004,-2.4567089080810547,75.83331957960019
6,mistral,4,0.8569339228884753,10.61935806274414,-2.427449941635132,74.22031421007851
6,mistral,5,0.873946712166951,11.147639274597168,-2.4641482830047607,75.30545357465496
6,mistral,6,0.667325451342036,9.582862854003906,-2.303255558013916,49.27364034377335
6,mistral,7,0.8433939430373967,12.705740928649902,-2.5922510623931885,73.2353968129787
6,mistral,8,0.8887243255518934,9.88318157196045,-2.359328508377075,75.93585331522524
6,mistral,9,0.7968018334333131,9.456246376037598,-2.311236619949341,68.37967354237117
7,mistral,0,0.9058248706648783,15.777769088745115,-2.717859268188477,76.61596464415186
7,mistral,1,0.9175498092412039,11.80721950531006,-2.3883931636810303,76.8031994296293
7,mistral,2,0.8616860034181034,10.004552841186523,-2.2319202423095703,74.53875246513611
7,mistral,3,0.8766102410003569,9.390050888061523,-2.222620010375977,75.36027605285084
7,mistral,4,0.8937759724625016,11.66285228729248,-2.3843255043029785,76.26504176198728
7,mistral,5,0.903008842085265,11.726007461547852,-2.437103509902954,76.52048206332496
7,mistral,6,0.7929759239036955,8.808107376098633,-2.0955891609191895,67.84624505033682
7,mistral,7,0.9197707736389685,11.112600326538086,-2.3846707344055176,76.76764114786194
7,mistral,8,0.9081527347781218,11.153990745544434,-2.3847203254699707,76.61215459265576
7,mistral,9,0.8700708125642851,11.10073471069336,-2.371796131134033,75.12752304010706
8,mistral,0,0.8310805909245474,12.096877098083496,-2.546717405319214,72.14464581784738
8,mistral,1,0.5716705553218112,9.47293186187744,-2.279529571533203,34.76398940284832
8,mistral,2,0.3729123825264735,8.48344898223877,-2.1723523139953613,16.406668943338683
8,mistral,3,0.650317356686656,12.535761833190918,-2.577547073364258,46.659283465983215
8,mistral,4,0.3265149553321667,9.997764587402344,-2.3590922355651855,14.650193915297963
8,mistral,5,0.7002933408600635,11.262802124023438,-2.4532101154327393,54.64063384914391
8,mistral,6,0.7472929085563402,9.15550708770752,-2.2690298557281494,61.73189501823416
8,mistral,7,0.4879106979312155,11.275659561157228,-2.4834976196289062,24.907609033126157
8,mistral,8,0.7546596136674466,8.544513702392578,-2.217049360275269,62.741477801838194
8,mistral,9,0.6835327746299383,9.833674430847168,-2.349827766418457,51.88510498570565
9,mistral,0,0.7282625370994295,11.862122535705566,-2.45098876953125,59.05873864893701
9,mistral,1,0.8051180445529311,11.046192169189451,-2.393691301345825,69.46205629417553
9,mistral,2,0.8265667248788336,12.757018089294434,-2.5129709243774414,71.79111312454967
9,mistral,3,0.7724357113832937,11.544952392578123,-2.465930223464966,65.40514023086047
9,mistral,4,0.8183630121031216,13.369147300720217,-2.5828826427459717,70.95687293972385
9,mistral,5,0.6577665255473788,9.970970153808594,-2.300745010375977,47.779268946962816
9,mistral,6,0.9102270536762602,12.815105438232422,-2.549254894256592,76.68376494220604
9,mistral,7,0.7633138674966444,13.90265941619873,-2.6330201625823975,64.19959579608731
9,mistral,8,0.9375851485889664,15.472038269042969,-2.7033867835998535,76.7962501627544
9,mistral,9,0.8856494562890659,12.826745986938477,-2.5426244735717773,75.94970757088502
10,mistral,0,0.7275448455304601,10.767040252685549,-2.3230535984039307,58.90871509767841
10,mistral,1,0.9274887900022163,18.27549743652344,-2.817460536956787,76.83256364925496
10,mistral,2,0.7838596427731636,8.8340425491333,-2.111213207244873,66.71604173356701
10,mistral,3,0.7223449141635137,10.574129104614258,-2.320629596710205,58.093218920720176
10,mistral,4,0.8420566587263185,14.09825038909912,-2.5889883041381836,73.22528918367988
10,mistral,5,0.7896093626913276,10.246630668640137,-2.284060478210449,67.58019715375019
10,mistral,6,0.8898298567368821,8.695878982543945,-2.1403067111968994,75.88106446223348
10,mistral,7,0.8789201115865956,10.534629821777344,-2.3064887523651123,75.57138274469696
10,mistral,8,0.8211932945682773,9.431371688842772,-2.169400215148926,71.07719650138161
10,mistral,9,0.8152868854022423,10.811406135559082,-2.373283863067627,70.56569173704389
11,mistral,0,0.8413860990928,12.298410415649414,-2.4990530014038086,73.11107780947648
11,mistral,1,0.8337447237450668,10.496082305908203,-2.3566818237304688,72.36352731061525
11,mistral,2,0.7451329367867235,11.116811752319336,-2.3925561904907227,61.557589755022164
11,mistral,3,0.8267589478752694,9.240873336791992,-2.222754716873169,71.61490734342895
11,mistral,4,0.8210155525116366,12.336296081542969,-2.5155820846557617,71.20677797101578
11,mistral,5,0.8281467980440673,10.159664154052734,-2.3354787826538086,71.81770468020606
11,mistral,6,0.8464835051022465,13.989951133728027,-2.673093318939209,73.49451324392628
11,mistral,7,0.784420838706909,11.56272029876709,-2.462584972381592,66.97598758362574
11,mistral,8,0.7642011378520502,15.142899513244627,-2.7501070499420166,64.26323851918464
11,mistral,9,0.7542863243070711,14.445220947265623,-2.6957108974456787,62.89181817905035
12,mistral,0,0.30851374222499756,11.829251289367676,-2.5017895698547363,14.179458518533886
12,mistral,1,0.8871240825269271,7.802725791931152,-2.028378963470459,75.65026176540283
12,mistral,2,0.914504975437506,11.821810722351074,-2.4865477085113525,76.71849793965202
12,mistral,3,0.8646834404663215,8.78387451171875,-2.1636791229248047,74.61509005277956
12,mistral,4,0.9541284403669725,11.406081199645996,-2.3923420906066895,76.44256868787272
12,mistral,5,0.8859138251283823,10.538978576660156,-2.3239831924438477,75.88832225150593
12,mistral,6,0.7668912293874933,9.282648086547852,-2.234161376953125,64.52545382971077
12,mistral,7,0.9358153881633947,7.449996471405029,-1.995438814163208,76.38773307442311
12,mistral,8,0.9139316426862272,8.788620948791504,-2.1672675609588623,76.52339391334463
12,mistral,9,0.8772243525750403,12.06796169281006,-2.548666477203369,75.49322416385372
13,mistral,0,0.8175761620158974,10.843428611755373,-2.3833699226379395,70.8051167776932
13,mistral,1,0.8146664386740601,11.561275482177734,-2.4174916744232178,70.5439098425113
13,mistral,2,0.804833861310107,9.759736061096191,-2.281803607940674,69.34770371225578
13,mistral,3,0.8552907084776937,11.65931510925293,-2.4637815952301025,74.17040557413218
13,mistral,4,0.6613366842335422,12.536633491516112,-2.4889955520629883,48.484478412671486
13,mistral,5,0.7724027226200527,12.802170753479004,-2.533590793609619,65.45242586261462
13,mistral,6,0.8600865917035851,12.967202186584473,-2.582022190093994,74.51772867152567
13,mistral,7,0.802602576556346,10.594653129577637,-2.3856682777404785,69.13927507929546
13,mistral,8,0.8480185058001914,12.36394214630127,-2.5128419399261475,73.64694583483535
13,mistral,9,0.8367551730775828,12.232344627380373,-2.448786497116089,72.73642172230366
14,mistral,0,0.8628943896172039,10.747159004211426,-2.2943952083587646,74.67713498489476
14,mistral,1,0.8373316212401465,11.886460304260254,-2.413537979125977,72.77783618827
14,mistral,2,0.7502694870104392,11.785886764526367,-2.4457387924194336,62.33706610257613
14,mistral,3,0.7803574032400874,9.873176574707031,-2.2610926628112793,66.37565766047172
14,mistral,4,0.8731519316090591,11.682798385620115,-2.3566625118255615,75.35398625473331
14,mistral,5,0.8479213028030054,9.62806797027588,-2.2305688858032227,73.50957177817521
14,mistral,6,0.7831429794819813,11.306406021118164,-2.349607467651367,66.84135300712607
14,mistral,7,0.8658495511523366,10.53226375579834,-2.329667568206787,74.83882385054119
14,mistral,8,0.8202894934185697,11.277511596679688,-2.374938488006592,71.12417112509601
14,mistral,9,0.8904458598726115,8.5735445022583,-2.10459041595459,75.88417798817318
15,mistral,0,0.8446902023548095,9.208788871765137,-2.32140851020813,73.20193307490773
15,mistral,1,0.775375301244625,9.17903995513916,-2.22072172164917,65.66021001127605
15,mistral,2,0.7997616224633426,8.059813499450684,-2.0914599895477295,68.58402027558428
15,mistral,3,0.8133112468837357,9.152440071105955,-2.1988117694854736,70.23177603220029
15,mistral,4,0.7948324195077708,7.685013294219971,-2.145390510559082,67.97436250806791
15,mistral,5,0.7313936606883105,10.093379020690918,-2.3124630451202393,59.4392876507252
15,mistral,6,0.6417303634802103,8.303016662597656,-2.1072094440460205,45.067131251998724
15,mistral,7,0.785813137400261,9.035910606384276,-2.288407564163208,66.99446926326199
15,mistral,8,0.8277188329056628,7.975621223449707,-2.1565001010894775,71.58062601751993
15,mistral,9,0.7588602066624379,8.399702072143555,-2.1203863620758057,63.31111290195256
16,mistral,0,0.7916167634832915,11.938785552978516,-2.437843084335327,67.91905545221232
16,mistral,1,0.7008026744482534,13.052940368652344,-2.5384607315063477,54.80362654931792
16,mistral,2,0.7053258281197264,10.661208152770996,-2.3494882583618164,55.431489880250005
16,mistral,3,0.6375222052205815,11.641263961791992,-2.507603645324707,44.62302153060394
16,mistral,4,0.7811876681630884,12.66285514831543,-2.50889253616333,66.61746327082058
16,mistral,5,0.7234681491437983,12.29987907409668,-2.4195168018341064,58.373042444620665
16,mistral,6,0.7901143719492982,13.59284496307373,-2.5870676040649414,67.75074355214866
16,mistral,7,0.6680970574670424,10.30529499053955,-2.3057894706726074,49.46136774283441
16,mistral,8,0.724212477444706,10.367735862731934,-2.336376667022705,58.35951627745649
16,mistral,9,0.7966690019283965,12.567638397216797,-2.3210601806640625,68.62225674983216
17,mistral,0,0.8407096344531597,10.6766939163208,-2.273010730743408,73.00960900369455
17,mistral,1,0.8474818117980916,12.845396041870115,-2.5575485229492188,73.60647557365475
17,mistral,2,0.8084770420710858,8.964414596557617,-2.0313990116119385,69.64315167493955
17,mistral,3,0.7321907245117949,9.684514045715332,-2.2327442169189453,59.53216519295656
17,mistral,4,0.8134161692902109,11.8660249710083,-2.395049810409546,70.44454112053914
17,mistral,5,0.8985225536135285,11.136467933654783,-2.3135855197906494,76.39451003588054
17,mistral,6,0.8459607189999911,12.104569435119627,-2.478501081466675,73.48631098402565
17,mistral,7,0.790636006548121,14.112436294555664,-2.623619079589844,67.81557240780967
17,mistral,8,0.8685539460163636,11.583894729614258,-2.4446749687194824,75.04601447172658
17,mistral,9,0.9192374018011114,16.27907943725586,-2.655575752258301,76.91932970561895
18,mistral,0,0.8226926084701305,9.695284843444824,-2.2460758686065674,71.2558064240681
18,mistral,1,0.286710026351617,11.456820487976074,-2.444479465484619,13.623879001490065
18,mistral,2,0.8555477311447968,8.864751815795898,-2.163025379180908,74.00705750914949
18,mistral,3,0.7583355656335982,10.035758018493652,-2.2589197158813477,63.40098150264673
18,mistral,4,0.8418743405186864,9.835660934448242,-2.297597885131836,73.03086826021794
18,mistral,5,0.8646529591896991,9.479496955871582,-2.2504513263702393,74.68217501589855
18,mistral,6,0.811317973271893,9.835383415222168,-2.28237247467041,70.07609571317604
18,mistral,7,0.8327360054756694,12.479198455810549,-2.4892702102661133,72.368852874019
18,mistral,8,0.8324795488160694,13.24478530883789,-2.58810043334961,72.32475421946957
18,mistral,9,0.783032970381274,9.15917682647705,-2.18990707397461,66.65491997253311
19,mistral,0,0.823077987451392,8.21596908569336,-2.1208863258361816,71.14244216143419
19,mistral,1,0.7182762808690567,9.259288787841797,-2.250211238861084,57.35487708447922
19,mistral,2,0.7342263451969072,8.09762954711914,-2.0687880516052246,59.661506109274555
19,mistral,3,0.8302446114438927,9.842637062072754,-2.3478736877441406,71.9849488767038
19,mistral,4,0.6593936919204069,9.172483444213867,-2.194025993347168,47.9715118604358
19,mistral,5,0.8150538049217523,7.004800319671631,-1.9427589178085327,70.11723143960849
19,mistral,6,0.7875629267253244,7.566793441772461,-2.0109524726867676,67.02310727628084
19,mistral,7,0.8500818111671019,8.045100212097168,-2.0665483474731445,73.49780495605478
19,mistral,8,0.8149271155527515,9.393108367919922,-2.2631068229675293,70.42610482309472
19,mistral,9,0.8341196343743034,8.562456130981445,-2.1524577140808105,72.23450300556291
20,mistral,0,0.8130448255884455,9.90267276763916,-2.2697365283966064,70.27052323763864
20,mistral,1,0.8304388406233824,8.88634204864502,-2.198976516723633,71.9314736193792
20,mistral,2,0.8153388254052617,9.050457954406738,-2.220292806625366,70.43938293264782
20,mistral,3,0.7247539792240576,8.733048439025879,-2.2171339988708496,58.307838269774166
20,mistral,4,0.8226521954845655,8.262661933898926,-2.1517438888549805,71.11093731735299
20,mistral,5,0.8430382285561303,8.151687622070312,-2.11397933959961,72.96088129787177
20,mistral,6,0.7819435457844317,8.453410148620605,-2.163459300994873,66.44504555350896
20,mistral,7,0.8199835653856388,8.392464637756348,-2.1689281463623047,70.85616758312888
20,mistral,8,0.747729129849292,9.022314071655272,-2.1764941215515137,61.78211942200297
20,mistral,9,0.8647506750094612,9.156152725219728,-2.252389430999756,74.65838336138268
21,mistral,0,0.860276036413314,14.250696182250977,-2.6819958686828613,74.51701201852187
21,mistral,1,0.836012285545405,15.405976295471191,-2.7579641342163086,72.59246403384837
21,mistral,2,0.8750169338582005,13.898455619812012,-2.638661623001098,75.42888917211106
21,mistral,3,0.8071801330185956,12.34292221069336,-2.551344633102417,69.70276115072421
21,mistral,4,0.8916977374599115,17.874860763549805,-2.8912601470947266,76.0470251823126
21,mistral,5,0.925642523364486,17.011465072631836,-2.851642608642578,76.72288187835835
21,mistral,6,0.9212470490209692,11.913623809814451,-2.4826717376708984,76.79317764412527
21,mistral,7,0.9377162629757786,14.769929885864258,-2.7346019744873047,76.71342143800632
21,mistral,8,0.9002101552437123,13.147887229919434,-2.6291797161102295,76.40794236921475
21,mistral,9,0.8971960258634284,14.174509048461914,-2.657819986343384,76.36005151403222
22,mistral,0,0.8470390455247024,10.59677028656006,-2.3959569931030273,73.4913559452007
22,mistral,1,0.8869166919728717,9.235840797424316,-2.234361171722412,75.82459865592148
22,mistral,2,0.8814203067186112,7.884438991546631,-2.114453077316284,75.43821501595644
22,mistral,3,0.8072611173539231,7.577754020690918,-2.071328639984131,69.38890771352955
22,mistral,4,0.8539023193361334,8.051831245422363,-2.125022649765014,73.80230178355764
22,mistral,5,0.832070177039137,7.89210319519043,-2.0870301723480225,71.96544023503316
22,mistral,6,0.8596268389089834,10.193278312683104,-2.3469057083129883,74.40071407603727
22,mistral,7,0.9036406751290278,13.247870445251465,-2.629838705062866,76.50388864133787
22,mistral,8,0.8472800758021843,8.98977279663086,-2.2219204902648926,73.40001115735534
22,mistral,9,0.8326387249492115,8.30733871459961,-2.1507349014282227,72.07440498186502
23,mistral,0,0.806832318003376,12.52509880065918,-2.5280799865722656,69.69580935657184
23,mistral,1,0.8568440351011926,10.115034103393556,-2.263047218322754,74.2169370748687
23,mistral,2,0.7018851517738485,13.224581718444824,-2.5925238132476807,54.94187259998339
23,mistral,3,0.7448267466996873,10.879426956176758,-2.2932839393615723,61.52032009323698
23,mistral,4,0.7805052536578989,10.54936408996582,-2.314333915710449,66.44665187208528
23,mistral,5,0.6347210798492758,11.294907569885254,-2.4028289318084717,44.214750847530716
23,mistral,6,0.8617867336468275,11.46280002593994,-2.3846349716186523,74.64005449214642
23,mistral,7,0.8434675587426492,12.221847534179688,-2.458556890487671,73.3041768379022
23,mistral,8,0.7955455682351676,10.902021408081056,-2.4016947746276855,68.32840417642846
23,mistral,9,0.8126419320914489,8.489356994628906,-2.098327159881592,70.07859816628765
24,mistral,0,0.8624110232940064,11.735504150390623,-2.2667934894561768,74.7308585936655
24,mistral,1,0.8479072108839831,11.5552978515625,-2.277991771697998,73.67117060519779
24,mistral,2,0.8520938767715288,10.807331085205078,-2.234065532684326,73.93330984482478
24,mistral,3,0.8332003628235815,10.609395027160645,-2.1890501976013184,72.34185303463488
24,mistral,4,0.8140183465394337,14.335795402526855,-2.5029072761535645,70.62855141794749
24,mistral,5,0.8702978573106321,10.95998764038086,-2.22133731842041,75.15379405377175
24,mistral,6,0.8384379067663865,10.411577224731444,-2.2073307037353516,72.79333024454364
24,mistral,7,0.7748944873946149,12.932581901550291,-2.33251428604126,65.89655495758251
24,mistral,8,0.8898042376004208,10.47847843170166,-2.230250120162964,76.05115092379664
24,mistral,9,0.8134706081486142,9.285322189331056,-2.1590352058410645,70.25667727135664
25,mistral,0,0.9036710343334105,7.060502529144287,-2.0111770629882812,76.10891653876376
25,mistral,1,0.8164797432475579,9.080277442932127,-2.276578903198242,70.5596814907225
25,mistral,2,0.9072796273934794,7.771648406982422,-2.1175105571746826,76.30082342234415
25,mistral,3,0.8294819799995937,7.850667953491211,-2.127004623413086,71.73044395635536
25,mistral,4,0.11712784125433559,7.731359481811523,-2.064992904663086,11.514252637381714
25,mistral,5,0.8736003633672027,7.595529079437256,-2.0668728351593018,74.99858834478377
25,mistral,6,0.7769445683225198,9.258081436157228,-2.2935917377471924,65.86976906344289
25,mistral,7,0.8265524663988508,8.245782852172852,-2.1613855361938477,71.49528188387788
25,mistral,8,0.8982808022922635,8.016963005065918,-2.162578582763672,76.1074656160095
25,mistral,9,0.7469305253291926,8.787711143493652,-2.229351043701172,61.646370308184174
26,mistral,0,0.8542522460445764,15.842637062072754,-2.587092638015747,74.28925041870465
26,mistral,1,0.8985897627954123,13.804936408996582,-2.4838128089904785,76.52754147062541
26,mistral,2,0.8524004482964099,13.552056312561035,-2.535552978515625,74.0523906664336
26,mistral,3,0.7659294288762131,15.54247760772705,-2.609985828399658,64.68683512004732
26,mistral,4,0.8418725987508139,16.340747833251953,-2.637974262237549,73.29529366058134
26,mistral,5,0.9081373235294308,16.934566497802734,-2.7331466674804688,76.70505918437368
26,mistral,6,0.8328705164023071,16.81601333618164,-2.655572414398194,72.50952408420403
26,mistral,7,0.7361185126857268,15.886281967163086,-2.66780424118042,60.34097839717505
26,mistral,8,0.8315017539533258,16.094667434692383,-2.703651428222656,72.29069666805796
26,mistral,9,0.7882557468323873,18.012821197509766,-2.7546589374542236,67.57622388669378
27,mistral,0,0.747084430776057,9.216009140014648,-2.271486282348633,61.70678673337216
27,mistral,1,0.83898488895757,10.912678718566896,-2.4323041439056396,72.83339551725001
27,mistral,2,0.843992752995752,8.525193214416504,-2.2030985355377197,73.09011291621046
27,mistral,3,0.7690914022647063,8.973665237426758,-2.2593917846679688,64.79599868934889
27,mistral,4,0.8562558866461785,9.5609769821167,-2.3019847869873047,74.12050098052873
27,mistral,5,0.7009184274665325,8.988916397094727,-2.246342897415161,54.60053598646291
27,mistral,6,0.8404024435636888,10.82858657836914,-2.45248031616211,72.93735945514037
27,mistral,7,0.8634509027618327,9.091909408569336,-2.2754807472229004,74.56770684523401
27,mistral,8,0.8168977153986183,10.625140190124512,-2.418623447418213,70.70073471958743
27,mistral,9,0.8360317756138471,8.228696823120117,-2.1383635997772217,72.37141882723726
28,mistral,0,0.8511766077342996,10.366692543029783,-2.392012119293213,73.79384471675097
28,mistral,1,0.8423498310123758,8.69333553314209,-2.213569164276123,72.97056519300686
28,mistral,2,0.8091432483395957,8.906685829162598,-2.240842819213867,69.75536658612295
28,mistral,3,0.7222606683556778,8.544477462768555,-2.2109835147857666,57.90529007120825
28,mistral,4,0.8242011208214132,8.464889526367188,-2.1837124824523926,71.28908266265321
28,mistral,5,0.8150381125788344,9.703413009643556,-2.2606775760650635,70.46638129265912
28,mistral,6,0.7744676900017574,8.21216869354248,-2.146305561065674,65.43995687573553
28,mistral,7,0.7994494649800579,8.808095932006836,-2.210709571838379,68.64061647504347
28,mistral,8,0.8346612793176025,12.35513973236084,-2.548288106918335,72.49179339897705
28,mistral,9,0.8893033550686005,8.485089302062988,-2.1641602516174316,75.84473220163385
29,mistral,0,0.8021432536114098,14.547704696655272,-2.6931328773498535,69.14295112036169
29,mistral,1,0.7920705652365215,11.09461498260498,-2.450320243835449,67.89950424794402
29,mistral,2,0.8718361194417893,12.983530044555664,-2.6148900985717773,75.21475655374034
29,mistral,3,0.8091498383570442,14.115948677062988,-2.7005982398986816,69.8981306394001
29,mistral,4,0.8504628656102101,9.194708824157717,-2.2724037170410156,73.66428212333139
29,mistral,5,0.7363013224399363,12.842673301696776,-2.5553793907165527,60.2806901867838
29,mistral,6,0.6930248308557765,11.338184356689451,-2.4551289081573486,53.48827095848037
29,mistral,7,0.8148601852984344,11.959027290344238,-2.515554428100586,70.53830007449234
29,mistral,8,0.8971153379621624,12.040207862854004,-2.5232291221618652,76.32653669705132
29,mistral,9,0.7343109105824447,10.28243637084961,-2.3538670539855957,59.88708674325513
30,mistral,0,0.5835744488947189,12.70689296722412,-2.506934642791748,36.60201124496614
30,mistral,1,0.7460383420177604,14.129083633422852,-2.5662219524383545,61.807818380302706
30,mistral,2,0.6787769073831408,10.527360916137695,-2.2029736042022705,51.200650464058654
30,mistral,3,0.6739157145179384,13.756415367126465,-2.539120674133301,50.55279630997864
30,mistral,4,0.7976107669292869,14.16955852508545,-2.476093292236328,68.78276480714293
30,mistral,5,0.7591482211956508,16.854982376098633,-2.669792890548706,63.749269761162616
30,mistral,6,0.749106611613952,13.146363258361816,-2.426990032196045,62.28114860197937
30,mistral,7,0.7846139248664468,11.15800952911377,-2.2934255599975586,67.02942729469726
30,mistral,8,0.7990353313471023,11.721238136291504,-2.3340697288513184,68.83384253156211
30,mistral,9,0.6738586338124417,13.041495323181152,-2.406364679336548,50.57381597645394
31,mistral,0,0.9585115483319075,11.23755168914795,-2.5098962783813477,76.23272626540081
31,mistral,1,0.8660945203968673,7.594949722290039,-2.091895341873169,74.57076873317311
31,mistral,2,0.8801642588869668,8.431638717651367,-2.208695411682129,75.44653253602966
31,mistral,3,0.8100170299235744,10.216291427612305,-2.377316951751709,69.94422305377611
31,mistral,4,0.9690605590062111,15.8989839553833,-2.792447805404663,75.8571729212754
31,mistral,5,0.8545011613712659,10.69137191772461,-2.429879665374756,74.05136303145125
31,mistral,6,0.9923076923076923,14.902400970458984,-2.722158193588257,74.64147785579176
31,mistral,7,0.6635139201394035,8.508591651916504,-2.228144645690918,48.5692452541597
31,mistral,8,0.9666666666666667,13.49221134185791,-2.673515558242798,75.95952537058328
31,mistral,9,0.8875648788927336,14.184844017028809,-2.686145782470703,75.98400472975814
32,mistral,0,0.8780657085146402,12.201871871948242,-2.432039260864258,75.62226395523588
32,mistral,1,0.8498615817721046,10.032329559326172,-2.30313491821289,73.6899442954348
32,mistral,2,0.8174240898041641,11.498034477233888,-2.4567511081695557,70.80895729790426
32,mistral,3,0.8189608079281492,12.472193717956545,-2.459584474563598,71.04319904441645
32,mistral,4,0.8060160986590025,12.741931915283203,-2.475612163543701,69.6560313484521
32,mistral,5,0.862033592517273,11.244962692260742,-2.405496597290039,74.62987469737465
32,mistral,6,0.8133547109308686,13.508246421813965,-2.5487794876098633,70.46748592534514
32,mistral,7,0.7532810008585796,14.393948554992676,-2.6663339138031006,62.778262365821575
32,mistral,8,0.8364319748607858,12.061613082885742,-2.453611373901367,72.69186747164281
32,mistral,9,0.8688411795040433,11.837404251098633,-2.4194304943084717,75.09602478111239
33,mistral,0,0.8561687510724022,9.686796188354492,-2.241973876953125,74.13207000414346
33,mistral,1,0.7605424233049385,9.96440887451172,-2.2722625732421875,63.70422607165678
33,mistral,2,0.7384995110815458,10.170881271362305,-2.3017632961273193,60.51910020543588
33,mistral,3,0.7596792131864478,9.453609466552734,-2.2184202671051025,63.53899376262248
33,mistral,4,0.9030075635118561,11.619192123413086,-2.4310011863708496,76.51496800665633
33,mistral,5,0.8146780731168212,9.634292602539062,-2.2485313415527344,70.42264591776257
33,mistral,6,0.6522380492284733,7.977144718170166,-2.0661697387695312,46.687066475113895
33,mistral,7,0.8016059569961268,10.518349647521973,-2.347184181213379,69.03046387778477
33,mistral,8,0.8289531465507871,13.242868423461914,-2.569155693054199,72.01150902206943
33,mistral,9,0.7446988338600272,7.6250152587890625,-2.0047497749328613,61.14908441661885
34,mistral,0,0.8750179508423087,13.22727108001709,-2.581857681274414,75.4371473933261
34,mistral,1,0.8754418743366402,11.019305229187012,-2.4160115718841553,75.39977960273069
34,mistral,2,0.8704798906396143,12.159515380859377,-2.5313491821289062,75.14814529890573
34,mistral,3,0.7794992627067653,12.864544868469238,-2.561973571777344,66.37260570965839
34,mistral,4,0.9105919003115265,9.951680183410645,-2.3424391746520996,76.56739100711
34,mistral,5,0.8057894333864014,12.474617004394531,-2.56781268119812,69.54268299540192
34,mistral,6,0.8990198112229022,14.80130100250244,-2.701066017150879,76.40507194225637
34,mistral,7,0.9222363674764523,10.552379608154297,-2.384542226791382,76.7359585923676
34,mistral,8,0.7354540255098642,12.52479362487793,-2.582003355026245,60.10668601500674
34,mistral,9,0.8434905457050369,13.577917098999023,-2.649377822875977,73.24940027150022
35,mistral,0,0.9605911330049262,11.804154396057127,-2.5302016735076904,76.19489490475802
35,mistral,1,0.8964426877470355,11.862391471862791,-2.5345120429992676,76.28295974865624
35,mistral,2,0.8879379208033779,10.147674560546877,-2.3664166927337646,75.92568423679856
35,mistral,3,0.8906755618892108,10.745203971862791,-2.4350600242614746,76.05495697471268
35,mistral,4,0.9091659298555851,12.546151161193848,-2.5832455158233643,76.61556826632572
35,mistral,5,0.9374743747437475,8.535099029541016,-2.198789119720459,76.53843765588226
35,mistral,6,0.8251149619339331,8.713187217712402,-2.228760004043579,71.40514092869232
35,mistral,7,0.9119431819109093,11.050979614257812,-2.446000099182129,76.64253801322782
35,mistral,8,0.9048629531388153,12.010147094726562,-2.5261168479919434,76.53145094083725
35,mistral,9,0.965776232055646,10.144841194152832,-2.3660693168640137,75.95397215879763
36,mistral,0,0.8246365297529197,10.24947738647461,-2.2457900047302246,71.49827021786884
36,mistral,1,0.7976765519787753,10.722696304321287,-2.397352457046509,68.56941197923761
36,mistral,2,0.8762084552607718,11.702608108520508,-2.4350643157958984,75.48664318533835
36,mistral,3,0.8803003718528599,10.637049674987791,-2.3432021141052246,75.63865416256279
36,mistral,4,0.8363772315197051,8.383988380432129,-2.189026117324829,72.42472595081466
36,mistral,5,0.8397940542431463,11.74870777130127,-2.3693370819091797,72.99845118137137
36,mistral,6,0.8417036574451204,7.897844314575195,-2.0999574661254883,72.82057977331141
36,mistral,7,0.7975707666046855,8.517138481140137,-2.182074069976806,68.38891169526734
36,mistral,8,0.7531299123350854,7.860928535461426,-2.1227827072143555,62.44291777923227
36,mistral,9,0.8150284535826705,10.04112434387207,-2.229050397872925,70.49690398366259
37,mistral,0,0.8131468476047649,9.433707237243652,-2.2266628742218018,70.24108825755926
37,mistral,1,0.8482187088203229,8.908079147338867,-2.1724536418914795,73.46271550457455
37,mistral,2,0.8598108373887605,10.574575424194336,-2.3902785778045654,74.43153114780137
37,mistral,3,0.7565804147001267,10.063923835754396,-2.278416156768799,63.15277259307111
37,mistral,4,0.8011248714006644,8.81383991241455,-2.1089141368865967,68.82093852770319
37,mistral,5,0.8621778758642761,9.331260681152344,-2.2129130363464355,74.50980796773983
37,mistral,6,0.8605602210741927,9.65149974822998,-2.2966015338897705,74.42660660803271
37,mistral,7,0.8852361226180614,7.300395011901856,-1.9613094329833984,75.48587597087351
37,mistral,8,0.8478528636692793,9.98268985748291,-2.3227672576904297,73.52530307641956
37,mistral,9,0.77327842750568,9.459997177124023,-2.202533483505249,65.40625462193233
38,mistral,0,0.8740618004674731,9.79703426361084,-2.3030526638031006,75.25606214100526
38,mistral,1,0.8893561356288543,7.623982906341553,-1.9980568885803225,75.70716442761115
38,mistral,2,0.833932997521388,8.910118103027344,-2.262559175491333,72.25578083579282
38,mistral,3,0.9701492537313433,8.87972354888916,-2.177921772003174,75.67674204160053
38,mistral,4,0.8691769027594183,7.432843685150147,-1.824756383895874,74.58319953422524
38,mistral,5,0.9365837312557594,11.564258575439451,-2.4681901931762695,76.7465069436275
38,mistral,6,0.7972684237128284,10.488174438476562,-2.245081663131714,68.53517425714548
38,mistral,7,0.8553095557984862,7.277886390686035,-2.0450754165649414,73.80120392189271
38,mistral,8,0.9225221033038623,7.977772235870361,-1.914332389831543,76.41915056266902
38,mistral,9,0.8293645455893217,7.237353324890137,-1.811443328857422,71.47986149847145
39,mistral,0,0.8488775385801948,7.538894653320312,-2.0631401538848877,73.35336537509457
39,mistral,1,0.92578125,9.509065628051758,-2.2992258071899414,76.67847295113287
39,mistral,2,0.7982666526838306,8.979575157165527,-2.2013230323791504,68.51690690289948
39,mistral,3,0.9521374396690416,11.058731079101562,-2.451035499572754,76.43903782562612
39,mistral,4,0.9397283531409168,9.033281326293944,-2.201852560043335,76.55922889453277
39,mistral,5,0.8904878682092265,9.460359573364258,-2.306736469268799,75.97898162378927
39,mistral,6,0.7029179885427492,9.717303276062012,-2.295677900314331,54.97964351138555
39,mistral,7,0.8944378737652213,10.79157829284668,-2.387174367904663,76.21442285891808
39,mistral,8,0.831410575087496,7.57865047454834,-2.031163454055786,71.85183530814952
39,mistral,9,0.8853304819700386,10.846627235412598,-2.393061399459839,75.86784905779653
40,mistral,0,0.8268881809603623,10.067408561706545,-2.2502169609069824,71.70179592195318
40,mistral,1,0.8872404222192081,10.90907096862793,-2.3499414920806885,75.96829682158426
40,mistral,2,0.8688130277020643,9.344697952270508,-2.194399118423462,74.92333425150247
40,mistral,3,0.796840049487767,10.809462547302246,-2.273524522781372,68.50957255759393
40,mistral,4,0.8521659646270099,9.079585075378418,-2.1588239669799805,73.77901314256887
40,mistral,5,0.7734845542768356,10.122780799865724,-2.264249801635742,65.49264240986832
40,mistral,6,0.8639516670396062,11.954773902893066,-2.428401470184326,74.80059329245746
40,mistral,7,0.8603152209594973,10.59151554107666,-2.2879388332366943,74.4945873364495
40,mistral,8,0.8440320778684134,9.019307136535645,-2.1134958267211914,73.12578524938543
40,mistral,9,0.8825619572430109,8.422686576843262,-2.0671379566192627,75.52874167157903
41,mistral,0,0.9050261675711437,9.285515785217283,-2.254176616668701,76.41034033787335
41,mistral,1,0.8359289209918086,8.487564086914062,-2.1882903575897217,72.3947668723644
41,mistral,2,0.8226611767460634,10.0947847366333,-2.3492703437805176,71.27108988982091
41,mistral,3,0.8932155375234072,8.433496475219727,-2.1557207107543945,75.98290350078757
41,mistral,4,0.8567328474341263,8.74109172821045,-2.207606792449951,74.08402992947207
41,mistral,5,0.8535904008672934,8.879961013793945,-2.216493606567383,73.87123358393174
41,mistral,6,0.7671556302968747,10.677197456359863,-2.3809304237365723,64.6576685058871
41,mistral,7,0.6218728638928666,8.964272499084473,-2.242081642150879,42.053048404949536
41,mistral,8,0.8138303386757441,9.123213768005373,-2.2380030155181885,70.28556696838906
41,mistral,9,0.8227117248884436,9.552726745605469,-2.269445419311523,71.24310592551706
42,mistral,0,0.846475335144552,6.709558010101318,-1.918427586555481,73.003530090881
42,mistral,1,0.8635007847242828,9.189501762390137,-2.212584972381592,74.58243020370914
42,mistral,2,0.9349934123847167,7.281896114349365,-1.98655104637146,76.37308708146485
42,mistral,3,0.8628932226661844,7.746986389160156,-2.0601820945739746,74.3725028741203
42,mistral,4,0.8380543387676055,7.386464595794678,-2.007969379425049,72.42062754394719
42,mistral,5,0.9422644281538392,8.382129669189453,-2.1280956268310547,76.45031243813284
42,mistral,6,0.8820854428728012,7.731450080871582,-2.047718048095703,75.43168867912568
42,mistral,7,0.7922277311787519,8.8916654586792,-2.1827595233917236,67.78063219078746
42,mistral,8,0.8708024699150138,8.961934089660645,-2.216888666152954,75.00458230599841
42,mistral,9,0.8851138733829256,9.132049560546877,-2.211617946624756,75.73861082294225
43,mistral,0,0.721520546998944,10.251060485839844,-2.3813719749450684,57.91957087623373
43,mistral,1,0.7829263213435272,8.197822570800781,-2.153055191040039,66.54484487563778
43,mistral,2,0.8428709238321068,10.203225135803224,-2.368947982788086,73.12861483145593
43,mistral,3,0.8723790880287009,13.052777290344238,-2.6265640258789062,75.23855678501063
43,mistral,4,0.8839633213192877,9.776135444641112,-2.3502790927886963,75.72966764958025
43,mistral,5,0.7818045940843297,12.63466453552246,-2.505678653717041,66.6971791482948
43,mistral,6,0.7243434357697479,9.781133651733398,-2.3230249881744385,58.33097384969827
43,mistral,7,0.8534076588907848,9.054608345031738,-2.2563815116882324,73.87338449716135
43,mistral,8,0.900952875952876,10.569055557250977,-2.362556219100952,76.40221567351958
43,mistral,9,0.7834481616241086,8.307202339172363,-2.15369176864624,66.62237712354752
44,mistral,0,0.7883702714689212,10.792244911193848,-2.3210458755493164,67.46656509656991
44,mistral,1,0.633946078129172,11.29819679260254,-2.390084743499756,44.099088389153614
44,mistral,2,0.8262816611562708,11.478976249694824,-2.424243688583374,71.71684168138063
44,mistral,3,0.04784001667396936,12.56273365020752,-2.539283990859986,11.72308448059892
44,mistral,4,0.818739054290718,13.190446853637695,-2.5561041831970215,71.00601250862594
44,mistral,5,0.0644072367349364,16.408327102661133,-2.7841906547546387,11.716778409028217
44,mistral,6,0.8417816831609934,15.987054824829102,-2.714821100234986,73.18095058314948
44,mistral,7,0.7087305762652668,12.730939865112305,-2.544909715652466,56.02855137931164
44,mistral,8,0.7809572867317646,8.393360137939453,-2.147308111190796,66.30927820929071
44,mistral,9,0.7212670760036817,10.325695991516112,-2.352954864501953,57.89652132196267
45,mistral,0,0.840528254382693,12.525785446166992,-2.577789068222046,72.99445607473334
45,mistral,1,0.8800831418732026,8.843728065490723,-2.2456889152526855,75.48202060331815
45,mistral,2,0.8868162844361023,10.706382751464844,-2.4173901081085205,75.90796838151863
45,mistral,3,0.7979643273999185,12.028045654296877,-2.540102243423462,68.62521330064082
45,mistral,4,0.7812541630475907,10.20205307006836,-2.367398738861084,66.49877061236236
45,mistral,5,0.8755692456689649,10.993176460266112,-2.4414374828338623,75.39172760421839
45,mistral,6,0.8056326281549155,9.122819900512695,-2.238452196121216,69.38318448102582
45,mistral,7,0.6702585991137715,11.325724601745604,-2.48075008392334,49.82369609708268
45,mistral,8,0.7329870920196718,8.00118350982666,-2.1303369998931885,59.482750706604484
45,mistral,9,0.7914122322380537,8.867236137390137,-2.232832908630371,67.68072202686065
46,mistral,0,0.7262588632719729,10.202155113220217,-2.353976011276245,58.6545095422592
46,mistral,1,0.8245585103876779,7.822330474853516,-2.0544490814208984,71.22943274074508
46,mistral,2,0.7848932664098097,7.826479434967041,-2.0439701080322266,66.72708691568282
46,mistral,3,0.7430719439712872,8.36378002166748,-2.158194780349731,61.032620967500364
46,mistral,4,0.8514374819386796,10.449950218200684,-2.3569440841674805,73.83331522215063
46,mistral,5,0.7576401326382007,9.170215606689451,-2.2174723148345947,63.224889682986536
46,mistral,6,0.7441133462831536,8.6278657913208,-2.1731083393096924,61.21389325181917
46,mistral,7,0.8372266275833424,8.434395790100098,-2.132472038269043,72.49586581054854
46,mistral,8,0.6809908078231987,10.540071487426758,-2.3377411365509033,51.54311737486841
46,mistral,9,0.7677876420738745,9.243155479431152,-2.24832820892334,64.64407473188362
47,mistral,0,0.8702029425440476,12.47867202758789,-2.486898183822632,75.18784397792075
47,mistral,1,0.8381077986341144,13.141233444213867,-2.5535128116607666,72.85184117948181
47,mistral,2,0.8099358950969667,8.935039520263672,-2.1941866874694824,69.84428262381796
47,mistral,3,0.8705141306751288,12.540284156799316,-2.4837756156921387,75.21243709693148
47,mistral,4,0.8080900385503045,10.70269775390625,-2.335808753967285,69.78626222015212
47,mistral,5,0.8515198345314948,12.99967098236084,-2.547978639602661,73.93724455424508
47,mistral,6,0.8472879827239161,10.166808128356934,-2.31416392326355,73.4989166268258
47,mistral,7,0.8895870821791941,14.616849899291992,-2.675334215164185,76.10451869140545
47,mistral,8,0.7463739476957462,9.477553367614746,-2.2827653884887695,61.625551172457115
47,mistral,9,0.7881634785272565,11.791561126708984,-2.456347942352295,67.46982077248633
48,mistral,0,0.8453648802061285,11.917223930358888,-2.524533271789551,73.39220389753253
48,mistral,1,0.8658669797355929,9.09552764892578,-2.2626450061798096,74.72175262824203
48,mistral,2,0.8833142854797905,8.772759437561035,-2.223787546157837,75.62593293987375
48,mistral,3,0.8816704683055954,10.105774879455566,-2.3877854347229004,75.64212878632563
48,mistral,4,0.7901394101111572,12.643324851989746,-2.572540760040283,67.69815845067556
48,mistral,5,0.9267199701926844,10.14410400390625,-2.3506603240966797,76.72437431891522
48,mistral,6,0.902550553680229,9.167437553405762,-2.2769081592559814,76.33752907919659
48,mistral,7,0.8642924173857552,9.882729530334473,-2.350907564163208,74.67827449691106
48,mistral,8,0.8832088862040464,8.427334785461426,-2.1816916465759277,75.58569091870172
48,mistral,9,0.8994192799070847,10.653743743896484,-2.4166572093963623,76.34539805915641
49,mistral,0,0.8284538811141452,9.73004913330078,-2.1807384490966797,71.82000151489119
49,mistral,1,0.8157131098961745,12.60078239440918,-2.4545600414276123,70.71698214703744
49,mistral,2,0.809979584635548,11.285933494567873,-2.345601797103882,70.04152262391254
49,mistral,3,0.7715463030748542,9.63999843597412,-2.2083182334899902,65.19051202625933
49,mistral,4,0.8063873490451761,11.812738418579102,-2.3718559741973877,69.67630289416638
49,mistral,5,0.7893258374477948,14.90187931060791,-2.5353238582611084,67.78205651676707
49,mistral,6,0.8223111238023805,13.785179138183594,-2.312854766845703,71.535548858615
49,mistral,7,0.7175284467550707,12.70055866241455,-2.4531846046447754,57.46591071593677
49,mistral,8,0.8505396654074474,11.031064987182615,-2.2316009998321533,73.83481173842374
49,mistral,9,0.8268578407390353,13.41104221343994,-2.3214566707611084,71.95589996419808
50,mistral,0,0.8560751121054405,11.805865287780762,-2.467777967453003,74.23587994496326
50,mistral,1,0.8964571853922492,13.40687084197998,-2.611623525619507,76.33221636689098
50,mistral,2,0.7463998906120216,9.968584060668944,-2.270277500152588,61.675169856095685
50,mistral,3,0.9220964133161571,11.780363082885742,-2.4972941875457764,76.77791700783249
50,mistral,4,0.9378657256443471,10.559786796569824,-2.3670849800109863,76.6963738344883
50,mistral,5,0.8510152496321598,12.41349983215332,-2.5206856727600098,73.87632436326227
50,mistral,6,0.8212523991278864,10.374558448791504,-2.360342502593994,71.15041398880675
50,mistral,7,0.7728370697255079,8.893279075622559,-2.204393148422241,65.29459971579955
50,mistral,8,0.9027377220034342,15.186335563659668,-2.6922740936279297,76.53995527515093
50,mistral,9,0.8512231972614652,9.365609169006348,-2.2543978691101074,73.73937078972754
51,mistral,0,0.8123084023907611,8.407939910888672,-2.1865811347961426,70.0521025864396
51,mistral,1,0.8454257154339065,9.02622413635254,-2.258211612701416,73.25399914264466
51,mistral,2,0.7168260425083831,10.520734786987305,-2.415595769882202,57.199937202804634
51,mistral,3,0.8094248678755065,10.24287223815918,-2.392703056335449,69.87546493714247
51,mistral,4,0.8105085634568839,11.87791919708252,-2.537766695022583,70.0458846963648
51,mistral,5,0.7322089218223286,10.927016258239746,-2.4745068550109863,59.56930363302171
51,mistral,6,0.8045413725690093,9.68340301513672,-2.336603879928589,69.29680637700962
51,mistral,7,0.8919052126552901,12.13198471069336,-2.544090986251831,76.14249913037511
51,mistral,8,0.8704644988131399,10.49715518951416,-2.433427333831787,75.07259601829539
51,mistral,9,0.7888756369279517,9.341215133666992,-2.304068088531494,67.40438620934957
52,mistral,0,0.8187680197155128,10.315174102783203,-2.3095450401306152,70.90442392498923
52,mistral,1,0.6536321600795175,10.681118965148926,-2.3554673194885254,47.16864155923792
52,mistral,2,0.7701613886711326,11.935009002685549,-2.426335573196411,65.15104766166934
52,mistral,3,0.8018360370650297,10.92849826812744,-2.319730758666992,69.09913012636497
52,mistral,4,0.8674601868612071,10.928961753845217,-2.377171277999878,74.95674830190539
52,mistral,5,0.7423098789305397,11.58820915222168,-2.375429153442383,61.1861747978303
52,mistral,6,0.7983857152870761,11.224361419677734,-2.3132760524749756,68.72157738937341
52,mistral,7,0.7901025245682468,9.189905166625977,-2.1922147274017334,67.5480600913646
52,mistral,8,0.7460362446657726,11.186630249023438,-2.38217830657959,61.70008628821633
52,mistral,9,0.8425618434429006,11.127824783325195,-2.3870153427124023,73.17545022549848
53,mistral,0,0.8275764968925593,8.37636661529541,-2.117281913757324,71.59780474642774
53,mistral,1,0.8232451733234121,8.093210220336914,-2.121774196624756,71.14734743826385
53,mistral,2,0.8214399358876148,10.325292587280272,-2.3406643867492676,71.17093946900471
53,mistral,3,0.7630931399286844,11.25647258758545,-2.4613852500915527,64.10736230908877
53,mistral,4,0.8637457972886199,9.09824562072754,-2.233181953430176,74.58987115983538
53,mistral,5,0.79307975717633,9.6414213180542,-2.2642006874084473,67.95478096218218
53,mistral,6,0.887585383526002,11.421491622924805,-2.488348960876465,75.95982579550493
53,mistral,7,0.8996565974041091,8.170048713684082,-2.115682601928711,76.15288235297768
53,mistral,8,0.28731376317322294,9.4472074508667,-2.2821600437164307,13.51729681601769
53,mistral,9,0.7742097550764079,9.787529945373535,-2.287837505340576,65.55676998288375
54,mistral,0,0.8140033018526318,9.20423412322998,-2.1719348430633545,70.30807433073657
54,mistral,1,0.7079124535632907,8.60808277130127,-2.16587495803833,55.666790271082775
54,mistral,2,0.847563583524194,11.88516616821289,-2.50386905670166,73.58013434587285
54,mistral,3,0.8088413256673074,11.695768356323242,-2.45157241821289,69.90496724139143
54,mistral,4,0.8524860110209617,11.419891357421877,-2.428368091583252,73.96482413289213
54,mistral,5,0.8428817046250078,11.746648788452148,-2.4673967361450195,73.21314420984812
54,mistral,6,0.8165526019572262,8.190140724182129,-2.1353273391723633,70.47524160915697
54,mistral,7,0.9257995735607676,11.453383445739746,-2.4459848403930664,76.79492460469964
54,mistral,8,0.9461062757672928,12.593469619750977,-2.5235238075256348,76.65061827888037
54,mistral,9,0.7697013040164565,12.093622207641602,-2.5010550022125244,65.05751501159602
55,mistral,0,0.8430862032188153,9.263943672180176,-2.246964931488037,73.08523786650409
55,mistral,1,0.7931793283215596,10.660489082336426,-2.4063196182250977,68.01981071327461
55,mistral,2,0.8053331916986816,9.411089897155762,-2.26377534866333,69.37456654844364
55,mistral,3,0.7771785205934041,10.733139038085938,-2.4185690879821777,65.9928615013057
55,mistral,4,0.7881526242366452,8.771845817565918,-2.228569507598877,67.26792512511163
55,mistral,5,0.870879645664746,10.846968650817873,-2.413044691085815,75.13612589285806
55,mistral,6,0.7945497381517865,9.820352554321287,-2.3210177421569824,68.14035894744609
55,mistral,7,0.8553729449964648,10.16473388671875,-2.3461925983428955,74.10132984427828
55,mistral,8,0.8190460691699082,9.74457550048828,-2.315371513366699,70.88120791445039
55,mistral,9,0.8040973095520093,10.052614212036133,-2.3865785598754883,69.26302851385485
56,mistral,0,0.8699875131935829,12.428878784179688,-2.5472073554992676,75.12806134094603
56,mistral,1,0.8983812227269111,13.681314468383787,-2.674077033996582,76.34458810548519
56,mistral,2,0.8585026806420467,11.327665328979492,-2.4524199962615967,74.37602843652981
56,mistral,3,0.8666119206978034,12.816777229309082,-2.5643439292907715,74.94184483476636
56,mistral,4,0.862162390641188,14.118934631347656,-2.6801304817199707,74.63565556066052
56,mistral,5,0.7816433817294772,14.594922065734863,-2.701328754425049,66.62639387461338
56,mistral,6,0.8842037479399512,13.913229942321776,-2.653493881225586,75.86034032785942
56,mistral,7,0.7659762080193222,13.73536205291748,-2.641157388687134,64.54792401985792
56,mistral,8,0.8533340038217841,14.870582580566406,-2.720062017440796,74.02114722320464
56,mistral,9,0.7117765165177812,14.443885803222656,-2.6988790035247803,56.472592640227454
57,mistral,0,0.7708415609314824,8.718668937683105,-2.1850662231445312,65.00813760199526
57,mistral,1,0.5402002855723854,9.766324996948242,-2.3011319637298584,30.67686948739747
57,mistral,2,0.7414421885982928,10.777981758117676,-2.36022686958313,60.99549593809949
57,mistral,3,0.6202537822568356,8.154414176940918,-2.122997283935547,41.714515401721094
57,mistral,4,0.6679477932235998,8.372967720031738,-2.153247356414795,49.260145189966934
57,mistral,5,0.6573094040031618,8.119345664978027,-2.1318063735961914,47.52871715293385
57,mistral,6,0.6469171512924707,8.592018127441406,-2.1895999908447266,45.9300328198692
57,mistral,7,0.8520914434785483,9.096761703491213,-2.222658395767212,73.78056534472151
57,mistral,8,0.7415904577878105,9.999238014221191,-2.287606716156006,60.9665536731556
57,mistral,9,0.6341427392530649,10.866233825683594,-2.4047722816467285,44.087680252468815
58,mistral,0,0.9226932668329177,10.00069522857666,-2.3436360359191895,76.70340065112292
58,mistral,1,0.8225537079320795,11.493393898010254,-2.4634852409362793,71.32914309781074
58,mistral,2,0.8557442074768503,10.952710151672363,-2.401466608047486,74.17618078414837
58,mistral,3,0.8279580723750058,8.451078414916992,-2.1713554859161377,71.65206799563548
58,mistral,4,0.9033753835663143,12.42351531982422,-2.5799131393432617,76.48409316603586
58,mistral,5,0.8515185436787385,12.527580261230469,-2.594764232635498,73.86167188060482
58,mistral,6,0.8922929714683369,10.557146072387695,-2.3684988021850586,76.12654581472613
58,mistral,7,0.8636553106565439,10.716534614562988,-2.437093496322632,74.67558889985962
58,mistral,8,0.8944788346059752,8.467233657836914,-2.134988784790039,76.02554126402927
58,mistral,9,0.8143101533540179,12.153254508972168,-2.5246472358703613,70.48831754980183
59,mistral,0,0.8532098934151391,12.181262969970703,-2.3776450157165527,74.10086692796517
59,mistral,1,0.7732886649154936,10.763752937316896,-2.250298500061035,65.5230524546145
59,mistral,2,0.8127823851311005,15.13063907623291,-2.59119176864624,70.47491729763807
59,mistral,3,0.8974825818091754,14.162206649780272,-2.507608652114868,76.50238719595444
59,mistral,4,0.6922361649923966,16.574644088745117,-2.586165428161621,53.61717395464382
59,mistral,5,0.7269888515132444,12.407233238220217,-2.3639936447143555,58.944575062946406
59,mistral,6,0.8590071896338175,14.916282653808594,-2.6103601455688477,74.54924522488065
59,mistral,7,0.9131172069825436,15.364596366882324,-2.683833122253418,76.76699585200898
59,mistral,8,0.9160902878442742,13.920367240905762,-2.498608112335205,76.88448664469047
59,mistral,9,0.5715361996980884,14.790639877319336,-2.6525418758392334,34.936243334232024
60,mistral,0,0.85471236894997,12.18746852874756,-2.482926845550537,74.15872733549841
60,mistral,1,0.8365839560038376,14.438121795654297,-2.6299424171447754,72.73621664147356
60,mistral,2,0.8815781019083724,11.152673721313477,-2.440772294998169,75.70342596879486
60,mistral,3,0.8311551871908548,13.97389316558838,-2.5971200466156006,72.24434274233651
60,mistral,4,0.9320089610593455,12.573251724243164,-2.536397695541382,76.8124571866694
60,mistral,5,0.863482645907,16.234359741210938,-2.757763147354126,74.74996132449738
60,mistral,6,0.8702752495528687,12.954998970031738,-2.505789041519165,75.21489654897339
60,mistral,7,0.9725085910652921,10.94016933441162,-2.30594253540039,75.75064737608545
60,mistral,8,0.8955479373471196,14.46006965637207,-2.6698532104492188,76.31296647456612
60,mistral,9,0.825872202546907,12.686468124389648,-2.478479385375977,71.74129994973956
61,mistral,0,0.7559754435697754,13.925047874450684,-2.64034652709961,63.16083165585521
61,mistral,1,0.6846622847004811,12.937688827514648,-2.5460541248321533,52.21310281394183
61,mistral,2,0.640898886994736,11.23666763305664,-2.4501545429229736,45.156813724279715
61,mistral,3,0.8289490882948827,12.12937068939209,-2.492685317993164,71.9859314872163
61,mistral,4,0.8503838076549718,11.354432106018066,-2.4461214542388916,73.79174950308665
61,mistral,5,0.8192762856373172,10.72313117980957,-2.372096061706543,70.97491068154453
61,mistral,6,0.8003674935893613,10.88148307800293,-2.398083448410034,68.89942292657427
61,mistral,7,0.7518337072695087,10.649158477783203,-2.3398003578186035,62.511938564662415
61,mistral,8,0.7902890788851716,9.021903038024902,-2.2020254135131836,67.55615195439394
61,mistral,9,0.7275012072086166,12.525970458984377,-2.554633617401123,58.922741000883924
62,mistral,0,0.7145392444120993,8.919378280639648,-2.048184394836426,56.70417225388343
62,mistral,1,0.8993869455463397,10.658869743347168,-2.291750907897949,76.38326964549903
62,mistral,2,0.9017357830706247,12.186494827270508,-2.378767490386963,76.54989624573922
62,mistral,3,0.8470180186630724,9.67912483215332,-2.141440153121948,73.43415984616279
62,mistral,4,0.7720890246922955,9.288616180419922,-2.0787248611450195,65.20619031518564
62,mistral,5,0.8775313404050145,10.017430305480955,-2.228360176086426,75.4641002523976
62,mistral,6,0.7686546730191844,10.070755004882812,-2.2515790462493896,64.8372459768191
62,mistral,7,0.727551352778625,9.245797157287598,-2.174832344055176,58.78199489832564
62,mistral,8,0.7430306786316757,9.798784255981444,-2.223064661026001,61.16616286225091
62,mistral,9,0.752380911590091,8.989514350891113,-2.137299060821533,62.447224012899675
63,mistral,0,0.8636449131283137,12.262648582458496,-2.4364638328552246,74.80092153244883
63,mistral,1,0.715346587269973,10.868379592895508,-2.4101314544677734,57.001378859311636
63,mistral,2,0.8650559524509104,10.933183670043944,-2.3596932888031006,74.81505084905696
63,mistral,3,0.8608094202282703,11.025959014892578,-2.389618396759033,74.53724935742046
63,mistral,4,0.8785361421983209,12.197821617126465,-2.4628896713256836,75.62869212692266
63,mistral,5,0.8518078026045943,12.943347930908203,-2.569427013397217,73.93697365124545
63,mistral,6,0.837848143428529,10.774066925048828,-2.365574836730957,72.75070238783442
63,mistral,7,0.8408727140894172,13.055914878845217,-2.605236530303955,73.0378441009062
63,mistral,8,0.8020065234221313,10.927726745605469,-2.364205837249756,69.1065077185548
63,mistral,9,0.8787290442743702,10.606754302978516,-2.360036849975586,75.55452122189119
64,mistral,0,0.8023571806400424,14.30024242401123,-2.599597454071045,69.25112496617703
64,mistral,1,0.9189799515311743,14.605757713317873,-2.596834421157837,76.87937496248364
64,mistral,2,0.9126484295346666,15.405021667480469,-2.6681017875671387,76.78038026011887
64,mistral,3,0.9403373981924033,13.427563667297363,-2.4688029289245605,76.84345553005348
64,mistral,4,0.9255164524594577,15.541007041931152,-2.682373285293579,76.87982422628264
64,mistral,5,0.7688895038143,14.17702293395996,-2.5832207202911377,65.03264667811493
64,mistral,6,0.7726054444143483,10.812603950500488,-2.301588773727417,65.4298154522225
64,mistral,7,0.8321221029770706,10.51072883605957,-2.2655935287475586,72.23431665526874
64,mistral,8,0.8545179655737302,10.161256790161133,-2.2607455253601074,74.05483227577803
64,mistral,9,0.894220072234062,14.851011276245115,-2.5902230739593506,76.37459618816061
65,mistral,0,0.8363552096321204,8.029653549194336,-2.0221734046936035,72.34181492165469
65,mistral,1,0.5596747318185782,7.271831035614014,-1.929585337638855,32.838151059007
65,mistral,2,0.7576162365548509,9.676175117492676,-2.2090258598327637,63.26766028093188
65,mistral,3,0.7130367445183845,8.555935859680176,-2.137543201446533,56.46202234880138
65,mistral,4,0.9042100595101854,7.95741605758667,-2.0378246307373047,76.2240249031565
65,mistral,5,0.8288710493961091,9.902912139892578,-2.2773101329803467,71.87495189162844
65,mistral,6,0.8607807501408241,7.981263160705566,-2.0794637203216553,74.26363639545677
65,mistral,7,0.8450760142836546,7.012142658233643,-1.91684091091156,72.92095769223499
65,mistral,8,0.7201224687676677,8.034412384033203,-2.047957420349121,57.488190046499234
65,mistral,9,0.7700328507623359,7.461383819580078,-1.9839831590652464,64.71050032898313
66,mistral,0,0.8325333466522876,11.219818115234377,-2.500113010406494,72.24310397195707
66,mistral,1,0.8405760453633329,9.938532829284668,-2.368309497833252,72.9123411308859
66,mistral,2,0.7723898635371402,12.00688648223877,-2.545379400253296,65.3808390085834
66,mistral,3,0.8795255845378905,8.813724517822266,-2.263711214065552,75.45105325701046
66,mistral,4,0.6970477390931206,10.316362380981444,-2.3858351707458496,54.075813231168354
66,mistral,5,0.7418219472712436,8.471144676208496,-2.2067694664001465,60.863034195086705
66,mistral,6,0.7566207311594839,11.175535202026367,-2.4517414569854736,63.195938160920456
66,mistral,7,0.6585097737231954,10.820867538452148,-2.4404513835906982,47.92330099133876
66,mistral,8,0.7172709001032105,11.000603675842283,-2.4682087898254395,57.28231978772361
66,mistral,9,0.8401334150159961,10.18301773071289,-2.3729891777038574,72.89463799436778
67,mistral,0,0.8512646127664103,11.33547019958496,-2.4843533039093018,73.834654848835
67,mistral,1,0.7552616013783968,8.66099739074707,-2.211435317993164,62.838459964481714
67,mistral,2,0.8018640084220766,9.483776092529297,-2.289950370788574,68.98082147178425
67,mistral,3,0.8524860110209617,8.808897018432617,-2.225179672241211,73.78297865251196
67,mistral,4,0.7927681357605828,9.295796394348145,-2.281700134277344,67.88327514901302
67,mistral,5,0.7680077491696777,10.249577522277832,-2.3519468307495117,64.74693068270147
67,mistral,6,0.8539949126567183,9.124449729919434,-2.238530158996582,73.9238144141656
67,mistral,7,0.802250215762121,8.1006498336792,-2.12283992767334,68.88627321570262
67,mistral,8,0.7382559456197272,9.62143325805664,-2.26381254196167,60.43848714465295
67,mistral,9,0.7900241496018459,8.83370590209961,-2.1958963871002197,67.5052665399193
68,mistral,0,0.8802659916121963,14.699073791503906,-2.7063519954681396,75.66958071313147
68,mistral,1,0.8993315450747573,12.6216402053833,-2.5566725730895996,76.41116412552682
68,mistral,2,0.9196934614994816,8.440547943115234,-2.127601146697998,76.5445887350266
68,mistral,3,0.851434068619511,11.413580894470217,-2.4246716499328613,73.88727457313152
68,mistral,4,0.7225605382994702,12.55336856842041,-2.5244641304016113,58.188803506333514
68,mistral,5,0.7870390853728719,12.609521865844728,-2.56693434715271,67.31401457685044
68,mistral,6,0.8831983892694392,13.872931480407717,-2.636627197265625,75.8307253841378
68,mistral,7,0.8835817862483106,10.210174560546877,-2.3746118545532227,75.74339355622382
68,mistral,8,0.8855487320035866,17.272083282470703,-2.835362672805786,75.86901754977741
68,mistral,9,0.858317442642212,12.531807899475098,-2.4726483821868896,74.44651867398107
69,mistral,0,0.8223136836365552,7.805295467376709,-2.0671911239624023,71.00920580529989
69,mistral,1,0.8698007329363262,7.117293834686279,-2.007840156555176,74.71099468062202
69,mistral,2,0.8328380888850117,10.44542121887207,-2.4123997688293457,72.2549869403618
69,mistral,3,0.7128522857211049,7.940988540649414,-2.106333017349243,56.36575696464329
69,mistral,4,0.8914457684824904,9.1968355178833,-2.2208480834960938,75.99771281464837
69,mistral,5,0.8896406307297396,11.260614395141602,-2.4475972652435303,76.05222763239765
69,mistral,6,0.801669420203903,8.997808456420898,-2.2482104301452637,68.91735912863358
69,mistral,7,0.7792604601214324,9.382814407348633,-2.263347625732422,66.18832933473688
69,mistral,8,0.867297162767546,9.58338451385498,-2.2631993293762207,74.85429914199291
69,mistral,9,0.7907301423999457,8.038826942443848,-2.0829248428344727,67.49286737423431
70,mistral,0,0.8277373857147315,12.05459213256836,-2.378578186035156,71.92280476444765
70,mistral,1,0.7904495282543222,12.29800033569336,-2.4484801292419434,67.79772512557642
70,mistral,2,0.8845160852756991,11.039326667785645,-2.2548348903656006,75.88095155638926
70,mistral,3,0.7574138040950125,10.039201736450195,-2.192549228668213,63.27048684883353
70,mistral,4,0.8290734682797755,11.67052936553955,-2.3187828063964844,72.03740189692098
70,mistral,5,0.8834960213964616,11.74704360961914,-2.353367805480957,75.87567441079348
70,mistral,6,0.8722221091688543,9.609108924865724,-2.1491236686706543,75.13756352718488
70,mistral,7,0.8234940266241892,13.42458438873291,-2.516763687133789,71.53493588767826
70,mistral,8,0.8459598672729759,12.12294578552246,-2.372758626937866,73.53912158097368
70,mistral,9,0.8902253252656139,11.729248046875,-2.3705625534057617,76.14692593881173
71,mistral,0,0.7586665597758465,6.919042110443115,-1.9611282348632812,63.0693115243194
71,mistral,1,0.8512227633528328,9.36000633239746,-2.2899203300476074,73.73506333135212
71,mistral,2,0.7390653802257213,9.192286491394045,-2.2571516036987305,60.52054351942024
71,mistral,3,0.8237171348642984,7.095963478088379,-1.988211154937744,71.04253619240218
71,mistral,4,0.8166549302012701,8.80229377746582,-2.2323596477508545,70.55471639021171
71,mistral,5,0.8733313481349504,10.835525512695312,-2.4429640769958496,75.25756105153674
71,mistral,6,0.8339607009541523,9.893388748168944,-2.3724911212921143,72.32485402193717
71,mistral,7,0.902695035460993,8.033768653869629,-2.1325700283050537,76.22512927663098
71,mistral,8,0.8736487531720408,9.964223861694336,-2.3218061923980713,75.24482315915118
71,mistral,9,0.8174208043887917,10.078595161437988,-2.372744560241699,70.72652520554504
72,mistral,0,0.8214119787349576,8.630754470825195,-2.199556827545166,71.02740700707432
72,mistral,1,0.7580337951626582,11.368297576904297,-2.3718361854553223,63.44829520265165
72,mistral,2,0.89014250884457,13.672428131103516,-2.5830814838409424,76.15721274122926
72,mistral,3,0.7903381748846475,11.980975151062012,-2.5503034591674805,67.69048677906895
72,mistral,4,0.8866102710237993,9.836861610412598,-2.333983898162842,75.85327589234501
72,mistral,5,0.8395372518523747,12.25125789642334,-2.4774346351623535,72.9638775359249
72,mistral,6,0.8521971918744844,10.241571426391602,-2.3754382133483887,73.86594581950344
72,mistral,7,0.7158651360261853,11.650634765625,-2.461225986480713,57.1207233179976
72,mistral,8,0.7725317653734264,10.147072792053224,-2.3414418697357178,65.35330888516907
72,mistral,9,0.8100229296284187,10.34906768798828,-2.384436845779419,69.95384400076749
73,mistral,0,0.818756930605535,14.413104057312012,-2.4425625801086426,71.16794585358045
73,mistral,1,0.8600218693137648,10.003518104553224,-2.2604241371154785,74.42642273467347
73,mistral,2,0.8863766762941135,11.55020523071289,-2.1920032501220703,76.00196755833332
73,mistral,3,0.7928806492371012,9.28010368347168,-2.144678831100464,67.8909522667072
73,mistral,4,0.8253733524774097,14.27885627746582,-2.4868273735046387,71.79881249228264
73,mistral,5,0.8591522828507795,13.812551498413086,-2.4968373775482178,74.58048857227911
73,mistral,6,0.722992582252734,14.91242790222168,-2.6067066192626953,58.34734850841309
73,mistral,7,0.8422979752020994,11.01137924194336,-2.315399408340454,73.16512368523752
73,mistral,8,0.790476360710213,12.304373741149902,-2.28906774520874,67.8563233146299
73,mistral,9,0.8554360792295406,12.610150337219238,-2.4729878902435303,74.2493196277142
74,mistral,0,0.709754123248179,10.02997875213623,-2.3905224800109863,56.06045595661238
74,mistral,1,0.84579362995302,10.928790092468262,-2.4386816024780273,73.40017175959873
74,mistral,2,0.8672966101402364,10.189986228942873,-2.3884191513061523,74.87891821934846
74,mistral,3,0.7430822545659038,10.033329963684082,-2.3746676445007324,61.16878277439919
74,mistral,4,0.7904781991994415,12.258711814880373,-2.5759096145629883,67.70783875709756
74,mistral,5,0.7901227568585494,7.733708381652832,-2.118910789489746,67.39817394757705
74,mistral,6,0.7568359287918444,11.269708633422852,-2.518839120864868,63.191409715443584
74,mistral,7,0.8821052493586146,10.883346557617188,-2.459174633026123,75.69520432676069
74,mistral,8,0.8456829686673534,10.792988777160645,-2.4293313026428223,73.38450900119402
74,mistral,9,0.7905802004041463,11.52540683746338,-2.4969444274902344,67.72339629135942
75,mistral,0,0.8309766359117411,9.381637573242188,-2.27147912979126,72.02663392837412
75,mistral,1,0.8788478897471634,9.77744197845459,-2.3067266941070557,75.50098320639087
75,mistral,2,0.7262121302052134,10.591200828552246,-2.3364057540893555,58.686184200488746
75,mistral,3,0.7747007470593392,13.260181427001951,-2.604836940765381,65.73153725905068
75,mistral,4,0.8189784042091338,9.137916564941406,-2.2248005867004395,70.82776052122549
75,mistral,5,0.7933107315286767,10.31596565246582,-2.338793992996216,68.02977571181081
75,mistral,6,0.803007222956072,9.02885627746582,-2.2421071529388428,69.0749424458439
75,mistral,7,0.8244613510830732,12.897064208984377,-2.5633716583251953,71.556362394203
75,mistral,8,0.7472077222343141,11.12834358215332,-2.4448401927948,61.83824969751278
75,mistral,9,0.8070188761119549,9.571822166442873,-2.2984416484832764,69.57480927440915
76,mistral,0,0.7213925389671708,7.281600475311279,-2.064143657684326,57.616063349858564
76,mistral,1,0.8006533036377136,10.059833526611328,-2.372978687286377,68.87126284880598
76,mistral,2,0.7728678320897149,9.322708129882812,-2.2954862117767334,65.33396299051525
76,mistral,3,0.8434184312480868,9.00482177734375,-2.2633049488067627,73.0875334326021
76,mistral,4,0.7496235987704448,7.536596298217773,-2.0946507453918457,61.89639543668345
76,mistral,5,0.7132245366957136,10.040449142456056,-2.361372709274292,56.6165596224454
76,mistral,6,0.6177038591100846,9.307448387145996,-2.299833297729492,41.44068886242264
76,mistral,7,0.8422759735764204,10.695318222045898,-2.422290325164795,73.09981524501642
76,mistral,8,0.7334026549458404,11.461339950561523,-2.47059965133667,59.79671644681914
76,mistral,9,0.6257900091627512,9.381160736083984,-2.2930045127868652,42.69066254709516
77,mistral,0,0.8388030710237024,13.154016494750977,-2.606985092163086,72.86577064906994
77,mistral,1,0.9232765011119348,7.726205825805664,-2.1010947227478027,76.48885330380503
77,mistral,2,0.9512195121951219,13.204751014709473,-2.588526725769043,76.52878518056784
77,mistral,3,0.912173058013766,9.512483596801758,-2.256624221801758,76.56836000731556
77,mistral,4,0.9367893729595856,11.02407932281494,-2.408574342727661,76.73092693428171
77,mistral,5,0.912448377581121,13.556529998779297,-2.609254837036133,76.7203277534609
77,mistral,6,0.8081824249846414,13.125414848327637,-2.6169395446777344,69.813951537068
77,mistral,7,0.8821683776517948,10.657388687133787,-2.37309193611145,75.71867969904072
77,mistral,8,0.9714285714285714,12.04007339477539,-2.491386890411377,75.81151240376371
77,mistral,9,0.9393939393939394,8.954065322875977,-2.1983306407928467,76.55584919437256
78,mistral,0,0.815283442367175,10.818955421447754,-2.3785011768341064,70.56408628970301
78,mistral,1,0.8288673086996817,8.220500946044922,-2.122751474380493,71.70744978002871
78,mistral,2,0.8173453728767791,8.694541931152344,-2.1691935062408447,70.61269777593944
78,mistral,3,0.84260225551254,8.279801368713379,-2.1454215049743652,72.94420830727985
78,mistral,4,0.8698209209263583,11.54689884185791,-2.4758710861206055,75.0995357707243
78,mistral,5,0.85254201685604,12.868260383605955,-2.539468288421631,74.01089315840717
78,mistral,6,0.819817927896102,11.023863792419434,-2.4241275787353516,71.03423389935651
78,mistral,7,0.8315132895336605,11.851037979125977,-2.4873123168945312,72.2084364973185
78,mistral,8,0.7790520502518341,12.80844020843506,-2.5393619537353516,66.32848709229769
78,mistral,9,0.7794780011909399,9.858426094055176,-2.3159239292144775,66.25209001623864
79,mistral,0,0.7428993410066589,8.088315963745117,-2.1519415378570557,60.97924200804367
79,mistral,1,0.8552224517559328,8.27539348602295,-2.1105399131774902,73.91624378676636
79,mistral,2,0.8218895002640884,10.840415000915527,-2.399930477142334,71.24008758412685
79,mistral,3,0.8170601522564912,10.161154747009276,-2.3731489181518555,70.69603227024716
79,mistral,4,0.7973475732447022,7.665005207061768,-2.0699265003204346,68.25276966139798
79,mistral,5,0.7562635024549917,10.85198974609375,-2.4006011486053467,63.142944524233
79,mistral,6,0.850242474009575,11.566957473754885,-2.482961654663086,73.77667922794424
79,mistral,7,0.8319522762747197,9.527209281921388,-2.286045551300049,72.1288505508905
79,mistral,8,0.7555086838014894,9.358174324035645,-2.231863260269165,62.93937190451714
79,mistral,9,0.7868426356187416,8.546571731567383,-2.121366024017334,67.06911889611082
80,mistral,0,0.7958661035665816,10.178068161010742,-2.33025860786438,68.32841104983675
80,mistral,1,0.8580492152098628,9.79527759552002,-2.340264320373535,74.25893571944627
80,mistral,2,0.9076964629180926,9.208613395690918,-2.236067295074463,76.46142352494951
80,mistral,3,0.8905594947286716,8.955598831176758,-2.2077417373657227,75.94179716539274
80,mistral,4,0.8634875943066035,9.025629997253418,-2.2553787231445312,74.5656661505996
80,mistral,5,0.8784779663926924,9.458943367004396,-2.2844834327697754,75.45734226539987
80,mistral,6,0.7419589358357433,10.277934074401855,-2.3755900859832764,61.02374206303799
80,mistral,7,0.7472950746134753,9.936443328857422,-2.33968734741211,61.79043574860859
80,mistral,8,0.8673070992313731,9.32850170135498,-2.2726802825927734,74.83063648786843
80,mistral,9,0.8410768964350092,9.63998031616211,-2.302123785018921,72.9451704267154
81,mistral,0,0.8183225549131584,11.080493927001951,-2.402973175048828,70.89463918019794
81,mistral,1,0.819193892511824,8.85032844543457,-2.153299331665039,70.81650171663405
81,mistral,2,0.6841419254763208,8.85274887084961,-2.2067041397094727,51.909695455590054
81,mistral,3,0.7869103983034399,10.139952659606934,-2.3219316005706787,67.2270033669405
81,mistral,4,0.7314195232940778,10.542547225952148,-2.324942111968994,59.479744088929394
81,mistral,5,0.8390525828935872,9.678122520446776,-2.287309169769287,72.77779722828303
81,mistral,6,0.836599950723658,10.37326431274414,-2.3615713119506836,72.60764132759553
81,mistral,7,0.7726239347897369,10.540559768676758,-2.374811887741089,65.38945673807932
81,mistral,8,0.796628079990867,11.02682113647461,-2.3787643909454346,68.47761227889315
81,mistral,9,0.8024853905478117,9.197311401367188,-2.222464084625244,69.03077754575082
82,mistral,0,0.7056530702254554,6.085443496704102,-1.8629534244537351,54.91268860599755
82,mistral,1,0.8911669547584657,9.256399154663086,-2.299918413162231,75.98680518730606
82,mistral,2,0.8845492839430997,11.412517547607422,-2.4735264778137207,75.84042694354
82,mistral,3,0.7400484663618478,8.508025169372559,-2.2025928497314453,60.602771496329076
82,mistral,4,0.6552680608505391,7.3861613273620605,-2.0697579383850098,47.11215032580812
82,mistral,5,0.8832466523949857,7.4311442375183105,-2.0471699237823486,75.45429799838597
82,mistral,6,0.7711543726182531,9.720163345336914,-2.33251428604126,65.13225040849605
82,mistral,7,0.7470798952337178,9.056594848632812,-2.2576375007629395,61.69248469661894
82,mistral,8,0.8780468925200301,9.077848434448242,-2.260977268218994,75.40308300042726
82,mistral,9,0.7317068845891,7.274318218231201,-2.0384979248046875,59.18619397427002
83,mistral,0,0.8683005653179704,8.473204612731934,-2.147900104522705,74.80468219480487
83,mistral,1,0.822590325632922,8.882494926452637,-2.1797947883605957,71.16813493393019
83,mistral,2,0.9092591076545231,9.185654640197754,-2.21243953704834,76.48931732144221
83,mistral,3,0.7597767732622505,8.770538330078125,-2.1696643829345703,63.485165226071665
83,mistral,4,0.873772847241919,10.755428314208984,-2.386050224304199,75.30089732916457
83,mistral,5,0.8691938548144026,7.9326019287109375,-2.054872989654541,74.77803531703307
83,mistral,6,0.799416618781863,10.597862243652344,-2.3828368186950684,68.76991325619088
83,mistral,7,0.8457584551750839,8.265412330627441,-2.1253256797790527,73.19716331661806
83,mistral,8,0.7818812950543792,9.24938678741455,-2.2255897521972656,66.51705872806859
83,mistral,9,0.8447789111491875,6.513931751251221,-1.901842713356018,72.83493896326445
84,mistral,0,0.8290904938301935,15.555712699890137,-2.7811548709869385,71.93208822129841
84,mistral,1,0.8190040704491572,10.857991218566896,-2.4080111980438232,70.94412985840802
84,mistral,2,0.8124652574612282,11.545527458190918,-2.426499366760254,70.30235291582173
84,mistral,3,0.855268921363699,11.917865753173828,-2.443577289581299,74.20071470314478
84,mistral,4,0.8168866622059276,11.241121292114258,-2.4403622150421143,70.7406921176373
84,mistral,5,0.8953178614323599,10.161643981933594,-2.299871921539306,76.21361355643499
84,mistral,6,0.8442915676912149,8.853804588317871,-2.177762269973755,73.14368727266938
84,mistral,7,0.8846548532134356,10.65605926513672,-2.395225763320923,75.82152811677273
84,mistral,8,0.9307615029134017,12.147411346435549,-2.5267531871795654,76.79263157545336
84,mistral,9,0.8459528130671506,13.378771781921388,-2.612088680267334,73.47410739328396
85,mistral,0,0.7788595898129366,10.969550132751465,-2.444688081741333,66.22009030140505
85,mistral,1,0.6912175804089229,11.839515686035156,-2.4595956802368164,53.23757286367829
85,mistral,2,0.750582753875843,10.263654708862305,-2.3683786392211914,62.28894559985048
85,mistral,3,0.8099249590617644,12.429112434387209,-2.564263820648194,70.0031922139203
85,mistral,4,0.6752483400172408,11.306926727294922,-2.384282112121582,50.671366923950906
85,mistral,5,0.8553568258409873,9.61644172668457,-2.27169418334961,74.06562476536791
85,mistral,6,0.7873220982085404,12.13322925567627,-2.465810775756836,67.38594345919958
85,mistral,7,0.7501440579482962,13.3280611038208,-2.6141762733459473,62.30782578194556
85,mistral,8,0.7816544905640651,11.478199005126951,-2.430614948272705,66.63206331118194
85,mistral,9,0.8107527958185127,13.25634765625,-2.5637245178222656,70.15544888482476
86,mistral,0,0.7979560790770086,10.331814765930176,-2.2841310501098633,68.59978463786477
86,mistral,1,0.8861959295069721,10.6038818359375,-2.40268611907959,75.87987559263928
86,mistral,2,0.8939450249333312,10.408676147460938,-2.3056418895721436,76.18820062768249
86,mistral,3,0.7535450826992461,11.38507080078125,-2.433422565460205,62.78357775396763
86,mistral,4,0.8430769826742982,10.274336814880373,-2.269951581954956,73.1738513497461
86,mistral,5,0.8755066885234473,11.880054473876951,-2.4786691665649414,75.43941608850147
86,mistral,6,0.7136583872615221,9.933794975280762,-2.3084473609924316,56.68867943696058
86,mistral,7,0.8610677463170449,10.379422187805176,-2.3541202545166016,74.51166169446948
86,mistral,8,0.8803824900399828,12.10615062713623,-2.457064628601074,75.71487913957007
86,mistral,9,0.8001551341279177,8.794069290161133,-2.19832181930542,68.7213165615322
87,mistral,0,0.7368337093720568,10.119117736816406,-2.3103535175323486,60.26338778175216
87,mistral,1,0.7934414031357959,10.685194969177246,-2.3359267711639404,68.0783493392706
87,mistral,2,0.8259174366556916,12.40936279296875,-2.4887354373931885,71.71828446406838
87,mistral,3,0.8592947620677851,11.688188552856444,-2.4942898750305176,74.43411456872053
87,mistral,4,0.8771487658682781,10.73851203918457,-2.373568534851074,75.48185552458486
87,mistral,5,0.8974879300460695,10.151107788085938,-2.342987537384033,76.27177414281388
87,mistral,6,0.8034512033391602,12.633520126342772,-2.5351767539978027,69.31505499972758
87,mistral,7,0.7923867747535024,12.009645462036133,-2.5218634605407715,67.96637205547654
87,mistral,8,0.8638289548749447,11.724324226379396,-2.489251136779785,74.73970577327954
87,mistral,9,0.8384523012921263,9.941713333129885,-2.3061656951904297,72.74633961008284
88,mistral,0,0.8570120459926042,12.858756065368652,-2.501021385192871,74.36170530931808
88,mistral,1,0.8914706437509885,13.72413444519043,-2.582580804824829,76.21087119565311
88,mistral,2,0.9113135680979528,11.484125137329102,-2.409726619720459,76.68598215243932
88,mistral,3,0.8497885643293663,10.178815841674805,-2.286393165588379,73.69997599529515
88,mistral,4,0.958904109589041,14.49457550048828,-2.6599926948547363,76.3244715737882
88,mistral,5,0.9013394735611763,11.70237922668457,-2.4455175399780273,76.47106171329996
88,mistral,6,0.7668071622597945,14.230864524841309,-2.659862518310547,64.67525544859446
88,mistral,7,0.8621853929171645,12.917150497436523,-2.5200443267822266,74.70373123910407
88,mistral,8,0.9139725500384719,10.918725967407228,-2.3485069274902344,76.70172254794888
88,mistral,9,0.9026393699347302,12.54827880859375,-2.5191211700439453,76.52421488989852
89,mistral,0,0.8564529529824536,9.340010643005373,-2.2548837661743164,74.11991594516078
89,mistral,1,0.8061002092145397,7.272099018096924,-2.0384743213653564,69.2148888075423
89,mistral,2,0.8120730665862909,8.23328685760498,-2.156210422515869,70.0057191455432
89,mistral,3,0.8661427181531679,10.748417854309082,-2.424886703491211,74.84078775505084
89,mistral,4,0.6840697764384496,7.724772930145264,-2.038919687271118,51.74842983324499
89,mistral,5,0.7746432147759458,10.190245628356934,-2.297615766525269,65.64880152668569
89,mistral,6,0.8629133025301212,12.623686790466309,-2.496901035308838,74.74552446360786
89,mistral,7,0.8566632278549434,9.263293266296388,-2.17120361328125,74.12482182083659
89,mistral,8,0.7475201630875588,9.760644912719728,-2.3190340995788574,61.812611740247526
89,mistral,9,0.8013922071060797,8.835007667541504,-2.2504515647888184,68.86975579085751
90,mistral,0,0.7991366496209111,5.1104350090026855,-1.6048976182937622,67.81916131170031
90,mistral,1,0.8761951661615592,5.714905738830566,-1.7255399227142334,74.69995439483729
90,mistral,2,0.847801022255451,6.479116439819336,-1.8361992835998535,73.0229831643595
90,mistral,3,0.9425007425007424,9.171002388000488,-2.1865291595458984,76.53094815375597
90,mistral,4,0.9223958333333333,6.907526016235352,-1.9027469158172607,76.30280457396616
90,mistral,5,0.8109878221309883,6.549370288848877,-1.8503942489624023,69.56668262792331
90,mistral,6,0.7550098517314418,5.256721019744873,-1.6131411790847778,62.057691453420105
90,mistral,7,0.8993361123977149,5.4126176834106445,-1.6498221158981323,75.5204299081956
90,mistral,8,0.8824022455264902,5.529771327972412,-1.6776926517486572,74.93266929795881
90,mistral,9,0.8971474103585657,6.571232795715332,-1.8457752466201784,75.77070541667318
91,mistral,0,0.8511223185816553,12.727977752685549,-2.533684492111206,73.89840639965462
91,mistral,1,0.8494538532377254,8.390135765075684,-2.142139196395874,73.50441622627173
91,mistral,2,0.8635985790013744,9.14326000213623,-2.210710048675537,74.58433141905499
91,mistral,3,0.8915269996201917,10.971274375915527,-2.3552844524383545,76.1383215196775
91,mistral,4,0.9289908916586769,11.880179405212402,-2.4466233253479004,76.82814404996354
91,mistral,5,0.8608857800327628,10.611043930053713,-2.380995750427246,74.51045077545332
91,mistral,6,0.8415565424104853,11.364202499389648,-2.452203273773194,73.08000960950905
91,mistral,7,0.8658106268896135,10.40133571624756,-2.2994537353515625,74.83137287457397
91,mistral,8,0.7468466955454145,10.045788764953612,-2.289501905441284,61.7450759650856
91,mistral,9,0.9148822715611611,10.03819179534912,-2.2846779823303223,76.65113725902015
92,mistral,0,0.8530297274506284,7.128537654876709,-1.9946212768554688,73.59631335027574
92,mistral,1,0.8474111531963671,9.340089797973633,-2.293187379837036,73.43791443160305
92,mistral,2,0.7497656640973568,7.8418402671813965,-2.0361478328704834,61.9259190103609
92,mistral,3,0.8289856843352261,8.210444450378418,-2.127599716186523,71.71886431804847
92,mistral,4,0.8655254341961909,9.359171867370604,-2.272031307220459,74.72410320527133
92,mistral,5,0.7437523211957222,7.627899169921875,-2.080463409423828,61.041414923603966
92,mistral,6,0.9057736206394396,8.13366413116455,-2.094630479812622,76.29795050055904
92,mistral,7,0.7280803376025272,9.277654647827148,-2.242920398712158,58.86886455260368
92,mistral,8,0.9069726131887192,10.719372749328612,-2.4014782905578613,76.54483994158161
92,mistral,9,0.8138761679183788,7.556281089782715,-2.032727003097534,70.09549166688997
93,mistral,0,0.8739708516263136,12.278607368469238,-2.504608631134033,75.37156995683615
93,mistral,1,0.8463143266540029,8.19073486328125,-1.999292492866516,73.18742955442495
93,mistral,2,0.8523569612275836,11.786670684814451,-2.4798386096954346,73.95603353090362
93,mistral,3,0.7816908939152064,9.240660667419434,-2.188939094543457,66.48995431809224
93,mistral,4,0.7256686751552233,11.97519874572754,-2.4632811546325684,58.66333757171844
93,mistral,5,0.8225260784752196,8.8972749710083,-2.1893582344055176,71.16405669726136
93,mistral,6,0.7883038307122524,8.184951782226562,-2.0678493976593018,67.20095412151187
93,mistral,7,0.6800435320552344,9.071667671203612,-2.0982213020324707,51.25422550111701
93,mistral,8,0.7947632822377199,11.24735164642334,-2.3754148483276367,68.27339767852749
93,mistral,9,0.8731463811121432,9.706976890563965,-2.248079776763916,75.20434177748376
94,mistral,0,0.8552475472403441,8.898932456970215,-2.2215216159820557,73.99358644768427
94,mistral,1,0.8259064341436648,9.14478874206543,-2.2832555770874023,71.51952781915759
94,mistral,2,0.6046999142950413,9.883084297180176,-2.321284770965576,39.5276964519866
94,mistral,3,0.8257807909914201,8.779173851013184,-2.214019298553467,71.47635141740369
94,mistral,4,0.7842458330557237,7.627137184143066,-2.06278395652771,66.63234585698403
94,mistral,5,0.8826229444428236,7.907311916351318,-2.109118700027466,75.49460070445951
94,mistral,6,0.8190629912181789,8.618575096130371,-2.2265098094940186,70.78747938792272
94,mistral,7,0.8706720398245822,10.122686386108398,-2.360121965408325,75.08206349338629
94,mistral,8,0.596923680504522,7.8598785400390625,-2.117722988128662,38.18469001396454
94,mistral,9,0.8733502639987347,8.373367309570312,-2.1803622245788574,75.08856484956002
95,mistral,0,0.7932322837530841,7.533746719360352,-2.056617975234986,67.7397379122722
95,mistral,1,0.8059106698070555,8.663135528564453,-2.2119860649108887,69.37109534908427
95,mistral,2,0.7940377629557385,9.794754981994627,-2.3168325424194336,68.07705766506777
95,mistral,3,0.8264066791089791,8.433062553405762,-2.2111451625823975,71.50408846137718
95,mistral,4,0.8247418949444297,7.501332759857178,-2.078773021697998,71.224365732749
95,mistral,5,0.7189207195203198,9.216263771057127,-2.271177291870117,57.44939097818832
95,mistral,6,0.6603687605659282,8.644387245178223,-2.192963123321533,48.07755259846325
95,mistral,7,0.6815270110810422,7.958379745483398,-2.1335206031799316,51.39435896540479
95,mistral,8,0.9180072284033733,8.300131797790527,-2.148684024810791,76.520840817112
95,mistral,9,0.7551508349970415,8.504633903503418,-2.179774761199951,62.805292734004794
96,mistral,0,0.7759319880312038,13.454530715942385,-2.4345901012420654,66.0327149288359
96,mistral,1,0.7863189206197446,14.847017288208008,-2.5808651447296143,67.3646741175014
96,mistral,2,0.8031265351352089,13.030720710754396,-2.4378843307495117,69.3696616260636
96,mistral,3,0.7217544075403056,12.372248649597168,-2.3874664306640625,58.127791166370905
96,mistral,4,0.8342661415934922,11.798558235168455,-2.3905553817749023,72.5070850646957
96,mistral,5,0.8261938679095356,13.13144302368164,-2.463008165359497,71.81460619119996
96,mistral,6,0.8755109682653602,9.981179237365724,-2.241405248641968,75.35636190562337
96,mistral,7,0.8679200615118977,10.370838165283203,-2.220449447631836,74.96343252205473
96,mistral,8,0.7885913679669881,15.328264236450195,-2.60178279876709,67.65938295511752
96,mistral,9,0.8153447277381332,12.713698387145996,-2.450108528137207,70.68896050606301
97,mistral,0,0.9205118149886458,8.171554565429688,-2.0309207439422607,76.49189705766898
97,mistral,1,0.905656344405805,12.923190116882324,-2.5187554359436035,76.62416305364442
97,mistral,2,0.8649744739477899,10.827940940856934,-2.3582496643066406,74.80150095425182
97,mistral,3,0.9083493441049484,9.677806854248049,-2.2694525718688965,76.51540233008448
97,mistral,4,0.8888378132802941,9.83754825592041,-2.2811882495880127,75.95365465084468
97,mistral,5,0.8691616042080081,9.078753471374512,-2.1914470195770264,74.91896212922023
97,mistral,6,0.8535602523142459,9.919821739196776,-2.2269673347473145,73.96472879018505
97,mistral,7,0.883454771476636,10.24032974243164,-2.31300687789917,75.75766998056254
97,mistral,8,0.8875441738877862,10.907299041748049,-2.3836865425109863,75.96914236904371
97,mistral,9,0.905634258593413,12.192983627319336,-2.4682364463806152,76.60197341234598
98,mistral,0,0.7427355749273556,9.583471298217772,-2.2473907470703125,61.10260206909563
98,mistral,1,0.7714018940603315,11.758846282958984,-2.482017517089844,65.27350849788424
98,mistral,2,0.8590499829836411,12.306628227233888,-2.494685649871826,74.46571521216435
98,mistral,3,0.8157141278709473,12.74798583984375,-2.496549129486084,70.70230750007318
98,mistral,4,0.8376904930082776,8.060356140136719,-2.0869407653808594,72.48792160336322
98,mistral,5,0.8013245061752626,13.33580493927002,-2.574509382247925,69.0886228641156
98,mistral,6,0.8850242931674346,10.182042121887209,-2.2943034172058105,75.8249747317102
98,mistral,7,0.7961847975664922,9.932785987854004,-2.2701635360717773,68.35526855460039
98,mistral,8,0.8747384721998298,9.469417572021484,-2.241837978363037,75.26918054820773
98,mistral,9,0.7047319804884402,8.549698829650879,-2.170274496078491,55.15964726975936
99,mistral,0,0.619724791331994,7.233696460723877,-2.0409481525421143,41.514582823840364
99,mistral,1,0.8699927292797288,9.909690856933594,-2.3014843463897705,75.03854679631031
99,mistral,2,0.7762491583617427,9.66841983795166,-2.2349071502685547,65.82075523621378
99,mistral,3,0.5593905457284667,9.901339530944824,-2.3250646591186523,33.14031644821474
99,mistral,4,0.6911683915728801,10.013225555419922,-2.3302998542785645,53.1287340107023
99,mistral,5,0.8934426951847263,9.729394912719728,-2.2698965072631836,76.11580073568311
99,mistral,6,0.7769938643659007,10.407235145568848,-2.3310327529907227,65.97184618686539
99,mistral,7,0.8106785041850219,7.63617467880249,-2.0596513748168945,69.76857298526977
99,mistral,8,0.8458680607694293,8.961870193481445,-2.272146224975586,73.28239380181714
99,mistral,9,0.7846194710270514,8.855010032653809,-2.1768927574157715,66.82749706752433
0,qwen,0,0.9559082352581075,10.931922912597656,-2.36181116104126,76.36340035905802
0,qwen,1,0.9440559440559441,10.309825897216797,-2.343050003051758,76.5939287427682
0,qwen,2,0.956380930344024,10.886704444885254,-2.3993773460388184,76.3315336089363
0,qwen,3,0.9650282092897442,8.582751274108887,-2.1574552059173584,75.85661614747787
0,qwen,4,0.9280965048467297,8.159379005432129,-2.1092934608459473,76.54126738626026
0,qwen,5,0.9577718166528283,12.059876441955566,-2.491783380508423,76.33467968735764
0,qwen,6,0.9178600843437728,10.91611385345459,-2.382608413696289,76.73540916866123
0,qwen,7,0.9426258130530094,10.360669136047363,-2.3723411560058594,76.6130036729065
0,qwen,8,0.904321250220059,11.20420265197754,-2.3871049880981445,76.53246009769762
0,qwen,9,0.9424333575355253,10.948193550109863,-2.3835535049438477,76.66230117277514
1,qwen,0,0.9288115483488234,11.225533485412598,-2.4504947662353516,76.77335156127474
1,qwen,1,0.9208311506897154,13.743096351623535,-2.618727207183838,76.81542088357834
1,qwen,2,0.9175561717729743,11.05345630645752,-2.401527404785156,76.7363727464923
1,qwen,3,0.9476584022038568,10.677972793579102,-2.3703768253326416,76.54781187521148
1,qwen,4,0.9344707923655292,9.263450622558594,-2.247224807739258,76.63496709891776
1,qwen,5,0.9420686730676459,9.545073509216309,-2.291494846343994,76.5693080729085
1,qwen,6,0.9196080092631816,13.827200889587402,-2.6196820735931396,76.81140556132377
1,qwen,7,0.964715681078216,14.015690803527832,-2.6022047996520996,76.14623477729333
1,qwen,8,0.9396395195815495,13.637216567993164,-2.5933501720428467,76.77284427937711
1,qwen,9,0.954225352112676,11.462627410888672,-2.383002281188965,76.44813821911588
2,qwen,0,0.9701463647057071,13.039474487304688,-2.5037269592285156,75.93556769065896
2,qwen,1,0.954097713510731,13.997884750366213,-2.4517807960510254,76.60821756593343
2,qwen,2,0.9480372123493992,10.42203140258789,-2.383197784423828,76.51301773480334
2,qwen,3,0.9520974376210367,9.725079536437988,-2.291778564453125,76.37980707980942
2,qwen,4,0.9633902718233036,12.633065223693848,-2.345367670059204,76.25505175697161
2,qwen,5,0.9300926259718155,9.221187591552734,-2.2069056034088135,76.65413248294612
2,qwen,6,0.946039444687437,14.027194023132324,-2.676021099090576,76.61056261643064
2,qwen,7,0.9154227646743105,12.175899505615234,-2.3064260482788086,76.832388223146
2,qwen,8,0.9610894941634242,11.474597930908203,-2.2909293174743652,76.25881385205405
2,qwen,9,0.908435823335546,10.15040397644043,-2.343050956726074,76.54545843959664
3,qwen,0,0.9316516816516817,11.574524879455566,-2.5265727043151855,76.74362246294162
3,qwen,1,0.9072548833980245,9.466390609741213,-2.244752883911133,76.4759366876076
3,qwen,2,0.9172023690893093,10.670525550842283,-2.3714561462402344,76.7120230906186
3,qwen,3,0.9093082725994118,9.227312088012695,-2.2094478607177734,76.49397581366384
3,qwen,4,0.9297354176064132,10.210233688354492,-2.306335926055908,76.73768202274105
3,qwen,5,0.9047246208223346,9.536184310913086,-2.278127908706665,76.42422857602756
3,qwen,6,0.9381956384037644,7.843143463134766,-2.079306125640869,76.43863976102293
3,qwen,7,0.8624048027557468,10.019575119018556,-2.302199363708496,74.58063827176227
3,qwen,8,0.9303843443378327,9.649423599243164,-2.296816349029541,76.68732600300135
3,qwen,9,0.9446051644701596,11.225030899047852,-2.406545639038086,76.63936004644412
4,qwen,0,0.938412550142516,9.076869010925291,-2.186526298522949,76.57828074244355
4,qwen,1,0.9514126712328766,8.778611183166504,-2.127122402191162,76.30258914428718
4,qwen,2,0.9640718562874252,8.897067070007324,-2.161547899246216,75.9236352782009
4,qwen,3,0.9129369637490666,8.727313995361328,-2.1383190155029297,76.49839336296154
4,qwen,4,0.8955541600010167,9.136757850646973,-2.1835598945617676,76.13228647116526
4,qwen,5,0.9390422835800987,9.686458587646484,-2.225186347961426,76.62882629222392
4,qwen,6,0.926562301132748,9.371110916137695,-2.2034223079681396,76.6720181846894
4,qwen,7,0.9154820734956176,10.782585144042969,-2.3733320236206055,76.70162512307552
4,qwen,8,0.9300620417371686,7.941866874694824,-2.061319589614868,76.50049235985591
4,qwen,9,0.8882218049931974,8.992680549621582,-2.1916873455047607,75.85348918814567
5,qwen,0,0.9555464572399847,13.44618034362793,-2.4094815254211426,76.55029670881173
5,qwen,1,0.9579579579579579,14.682278633117676,-2.572385311126709,76.4527754072808
5,qwen,2,0.9249616146078837,11.197395324707031,-2.260070562362671,76.8290097837711
5,qwen,3,0.9392777640366065,11.38231086730957,-2.2577764987945557,76.77116525503233
5,qwen,4,0.9343115570660481,9.822888374328612,-2.266998767852783,76.68581081880714
5,qwen,5,0.9295986059471537,13.374523162841797,-2.4289767742156982,76.94801548976241
5,qwen,6,0.9075439331999334,15.32699203491211,-2.540677547454834,76.80684506273406
5,qwen,7,0.9136620678591483,13.6293306350708,-2.554851531982422,76.79166079607111
5,qwen,8,0.9699890470974808,13.3231782913208,-2.4979617595672607,75.96673278379994
5,qwen,9,0.912845298024451,11.40191650390625,-2.269061803817749,76.74127055778742
6,qwen,0,0.96,10.616780281066896,-2.394567489624023,76.19541735668156
6,qwen,1,0.9342207346708472,9.57479190826416,-2.326117992401123,76.65428126929564
6,qwen,2,0.8991786360523586,12.01744556427002,-2.52457857131958,76.38552076894206
6,qwen,3,0.9182677555060628,10.987131118774414,-2.445350408554077,76.71657720572232
6,qwen,4,0.9476744186046512,10.933544158935549,-2.461376667022705,76.52716345766095
6,qwen,5,0.9612756264236902,11.080564498901367,-2.4674079418182373,76.15456435053297
6,qwen,6,0.9324658819142276,11.09041690826416,-2.464993953704834,76.74077786123614
6,qwen,7,0.9107795742606435,9.411554336547852,-2.281912326812744,76.5339725928702
6,qwen,8,0.9326057748371231,9.59957504272461,-2.2904226779937744,76.67386833061587
6,qwen,9,0.881986882090414,10.862796783447266,-2.449859380722046,75.6932185895941
7,qwen,0,0.959731543624161,11.451316833496094,-2.4017605781555176,76.27127960094569
7,qwen,1,0.9380767012687429,9.748781204223633,-2.293100357055664,76.6407502830763
7,qwen,2,0.934233449477352,10.41940212249756,-2.255892753601074,76.73999944066436
7,qwen,3,0.9676113360323887,11.106542587280272,-2.413113832473755,75.94396006636009
7,qwen,4,0.9393724232707283,10.223751068115234,-2.2937421798706055,76.66747877968814
7,qwen,5,0.9357798165137615,9.704795837402344,-2.2078213691711426,76.66456102062027
7,qwen,6,0.9108243122407305,9.941239356994627,-2.25724196434021,76.58516457414237
7,qwen,7,0.9234296731103575,8.95370101928711,-2.107816457748413,76.61015403919818
7,qwen,8,0.9143320098088237,11.279465675354004,-2.408118724822998,76.71478307038134
7,qwen,9,0.9371428571428572,10.766390800476074,-2.3215155601501465,76.73464428527156
8,qwen,0,0.9517898013366292,12.80865478515625,-2.603445529937744,76.47179164443155
8,qwen,1,0.9715189873417721,11.177552223205566,-2.4332008361816406,75.77161946487654
8,qwen,2,0.9602868525896414,8.724364280700684,-2.231441020965576,76.04794090568281
8,qwen,3,0.9629629629629629,9.867902755737305,-2.341362476348877,76.04377902059038
8,qwen,4,0.9577311502696819,10.667327880859377,-2.389950752258301,76.27531428780645
8,qwen,5,0.9165510864539991,11.877670288085938,-2.543595314025879,76.70672969377067
8,qwen,6,0.9777777777777777,9.551937103271484,-2.2891738414764404,75.37550434352961
8,qwen,7,0.9433275058275059,10.760029792785645,-2.41514253616333,76.61861380999076
8,qwen,8,0.8928518468862958,9.63776683807373,-2.352891206741333,76.07011151848037
8,qwen,9,0.9435549471261632,11.617363929748535,-2.51019287109375,76.6306328308432
9,qwen,0,0.9476744186046512,11.261540412902832,-2.444495677947998,76.56390095707009
9,qwen,1,0.9263280127433114,12.094706535339355,-2.4959778785705566,76.81657573356553
9,qwen,2,0.91608390288319,13.214967727661133,-2.536712169647217,76.80778001621385
9,qwen,3,0.881596863033397,10.375273704528809,-2.3233344554901123,75.68234499581669
9,qwen,4,0.9268338965570881,10.524789810180664,-2.3464150428771973,76.75890572201573
9,qwen,5,0.9099215790018098,11.22510814666748,-2.4181180000305176,76.6370528288911
9,qwen,6,0.945923437361529,10.519613265991213,-2.371338367462158,76.56895341124364
9,qwen,7,0.8771780557881684,9.431222915649414,-2.25117826461792,75.39254537586245
9,qwen,8,0.9356962220806548,13.355481147766112,-2.599863052368164,76.78985189547316
9,qwen,9,0.9049045956109154,10.401320457458496,-2.3519415855407715,76.48999910481459
10,qwen,0,0.9312407581664203,12.796649932861328,-2.418396234512329,76.90575363279349
10,qwen,1,0.9492753623188406,7.234289646148682,-1.9294137954711912,76.11384772349969
10,qwen,2,1.0,12.509577751159668,-2.538264036178589,74.13818055221493
10,qwen,3,0.992,9.499043464660645,-2.233317613601685,74.55094969818752
10,qwen,4,0.8746260759854296,8.15559196472168,-2.0215017795562744,75.09054817790603
10,qwen,5,1.0,14.275381088256836,-2.5276286602020264,74.27091568563505
10,qwen,6,0.9753086419753086,14.544757843017578,-2.70686411857605,75.60563521912212
10,qwen,7,0.9368483978957436,8.831104278564453,-2.177755832672119,76.57115488179548
10,qwen,8,0.9770114942528736,14.672201156616213,-2.5892841815948486,75.6547397343196
10,qwen,9,0.9663541092112521,9.529620170593262,-2.179975986480713,75.89613766830351
11,qwen,0,0.8267619835303172,10.09402847290039,-2.279171943664551,71.68940083411343
11,qwen,1,0.8695948771593471,11.064923286437988,-2.388489007949829,75.09066704518285
11,qwen,2,0.8269794166766614,8.759604454040527,-2.2007505893707275,71.59026196432377
11,qwen,3,0.9061507948025814,10.86695384979248,-2.371591091156006,76.55144292352719
11,qwen,4,0.8099599197469382,7.918737411499023,-2.106123685836792,69.73315050252164
11,qwen,5,0.9442922924127968,11.004302978515623,-2.4251248836517334,76.6179791556862
11,qwen,6,0.9170400512265904,10.971616744995115,-2.434403896331787,76.7088866663344
11,qwen,7,0.9519691669905428,8.646763801574707,-2.1804416179656982,76.2851522281924
11,qwen,8,0.863420383899354,11.014389991760254,-2.39809513092041,74.70388204548611
11,qwen,9,0.8830404316198621,7.793826103210449,-2.067453384399414,75.48907177679096
12,qwen,0,0.9098942557839369,8.83243179321289,-2.192397117614746,76.4665744211107
12,qwen,1,0.9565116524306654,8.310357093811035,-2.1018123626708984,76.11072763055672
12,qwen,2,0.9459459459459459,10.167732238769531,-2.321579933166504,76.55210699138746
12,qwen,3,0.9607726849106158,8.044014930725098,-2.039074420928955,75.92490716517366
12,qwen,4,0.9272445596525486,11.663514137268066,-2.432724714279175,76.81981933003871
12,qwen,5,0.9494006072464923,11.586668014526367,-2.419461488723755,76.56503089683191
12,qwen,6,0.9418423551756885,8.134197235107422,-2.073739528656006,76.41694327809816
12,qwen,7,0.9835526315789473,11.586709022521973,-2.4439666271209717,75.18680035157736
12,qwen,8,0.9786096256684492,10.309870719909668,-2.3396952152252197,75.38977852593577
12,qwen,9,0.9271732359551057,7.707404613494873,-2.016594409942627,76.46259776089106
13,qwen,0,0.9428328305097858,8.855273246765137,-2.190417528152466,76.49639916859643
13,qwen,1,0.9655172413793104,11.05507469177246,-2.41706919670105,76.02198893153087
13,qwen,2,0.9815950920245399,10.121139526367188,-2.3296475410461426,75.21633618069077
13,qwen,3,0.9066155106906056,9.275259017944336,-2.187140941619873,76.44336378174606
13,qwen,4,0.9090414190445946,10.006330490112305,-2.3151254653930664,76.55106807827777
13,qwen,5,0.9479037086653999,12.793421745300291,-2.5545897483825684,76.60459043011362
13,qwen,6,0.9546723634671517,10.303791999816896,-2.3331360816955566,76.35345772855709
13,qwen,7,0.9041155334572707,9.632659912109377,-2.314812660217285,76.41264837447594
13,qwen,8,0.9682834883136466,10.216506004333496,-2.356374979019165,75.86152553123537
13,qwen,9,0.8825167126884762,10.762435913085938,-2.362189292907715,75.74733652972954
14,qwen,0,0.8923652398577919,11.13260269165039,-2.268468856811523,76.19976294073054
14,qwen,1,0.9534102261374989,7.811551094055176,-2.053384304046631,76.13383297741323
14,qwen,2,0.9403354229381236,9.53079891204834,-2.2112298011779785,76.59763473965968
14,qwen,3,0.9255894138477309,12.89377784729004,-2.4398531913757324,76.90955978907327
14,qwen,4,0.9244480776701571,15.428754806518556,-2.6693906784057617,76.88573174372186
14,qwen,5,0.9645445034293021,8.63836669921875,-2.134955883026123,75.87626562138475
14,qwen,6,0.9190631079766537,10.75433349609375,-2.366137981414795,76.73843059812701
14,qwen,7,0.9077017114914425,8.473841667175293,-2.0690770149230957,76.36319280070555
14,qwen,8,0.912310249129484,10.89169216156006,-2.3039026260375977,76.68587796974855
14,qwen,9,0.9183097708535783,12.478392601013184,-2.4680962562561035,76.82335799230229
15,qwen,0,0.9216791688021245,11.048184394836426,-2.351358413696289,76.78637205441811
15,qwen,1,0.9643835616438357,8.062037467956543,-2.1280276775360107,75.825099082597
15,qwen,2,0.8448273641643808,15.316485404968262,-2.6702542304992676,73.44772461534446
15,qwen,3,0.949433465085639,10.575506210327148,-2.316664457321167,76.51497499854447
15,qwen,4,0.8968210152887711,10.404180526733398,-2.384140968322754,76.25973066449117
15,qwen,5,0.9752133279154815,12.672091484069824,-2.586207628250122,75.60880713553665
15,qwen,6,0.6734514863639773,9.732019424438477,-2.2365849018096924,50.276487793282534
15,qwen,7,0.8866692679734494,11.63890266418457,-2.41926646232605,75.97838255270433
15,qwen,8,0.9431660946411129,12.393559455871582,-2.452223300933838,76.73451069199595
15,qwen,9,0.9423076923076923,9.091670036315918,-2.1418566703796387,76.51999169293346
16,qwen,0,0.8634911559850224,9.577508926391602,-2.238952398300171,74.61762884111785
16,qwen,1,0.9336470588235294,10.277750015258787,-2.342881202697754,76.71678579708025
16,qwen,2,0.9573934837092731,12.918424606323242,-2.54500150680542,76.37296512948922
16,qwen,3,0.8860369759338848,11.948640823364258,-2.498905658721924,75.9310424000304
16,qwen,4,0.9252247860470155,14.288851737976074,-2.635575771331787,76.85375518619581
16,qwen,5,0.9037398743281096,11.488301277160645,-2.444614887237549,76.51533550812825
16,qwen,6,0.9276993103987184,15.303426742553713,-2.668250560760498,76.8833820580238
16,qwen,7,0.8805277248824263,11.796932220458984,-2.4505791664123535,75.70106617146253
16,qwen,8,0.900868027304809,12.672508239746094,-2.555098056793213,76.45920286501291
17,qwen,0,0.9507230255839823,11.290042877197266,-2.333141803741455,76.5409054991622
17,qwen,1,0.9859550561797753,10.120434761047363,-2.303835153579712,74.97365480432576
17,qwen,2,0.8753154776975351,6.685113430023193,-1.8843915462493896,74.89655261667595
17,qwen,3,0.8997690691088686,7.501038074493408,-2.0278379917144775,76.05876675399176
17,qwen,4,0.9269687025937026,9.203262329101562,-2.103796005249023,76.63958662975561
17,qwen,5,0.9527244389027432,9.458222389221191,-2.253577470779419,76.34334004321028
17,qwen,6,0.8988462482611898,11.867063522338867,-2.4404401779174805,76.4172008543857
17,qwen,7,0.9461820083682009,9.50710105895996,-2.1942734718322754,76.49739474935777
17,qwen,8,0.9482000084605948,7.883476734161377,-2.071866512298584,76.27459013867394
17,qwen,9,0.9785407725321889,7.848495006561279,-2.1055734157562256,75.16132255752031
18,qwen,0,0.948378267669621,9.981074333190918,-2.314685106277466,76.48694279567229
18,qwen,1,0.9661458333333334,10.284461975097656,-2.293344497680664,75.96951789183626
18,qwen,2,0.949387791581017,9.37303638458252,-2.220215320587158,76.41825045995225
18,qwen,3,0.9143015526239839,9.926806449890137,-2.2778079509735107,76.63452557880478
18,qwen,4,0.929918268677334,10.880308151245115,-2.362272262573242,76.7805780718137
18,qwen,5,0.9338153503893215,10.046042442321776,-2.295661211013794,76.70561420252106
18,qwen,6,0.9398657861469646,9.39047622680664,-2.1789093017578125,76.58857617133411
18,qwen,7,0.9579919455631162,11.618063926696776,-2.373532772064209,76.35231790500177
18,qwen,8,0.9168570061918209,7.682196140289307,-2.012298583984375,76.4029079298235
18,qwen,9,0.9466440253820716,11.646857261657717,-2.4236104488372803,76.62713626351076
19,qwen,0,0.9205388061522186,8.588825225830078,-2.215759038925171,76.57649431795589
19,qwen,1,0.9467772236153081,12.36508083343506,-2.4147372245788574,76.68499997333367
19,qwen,2,0.9550129804165021,10.401270866394045,-2.3541276454925537,76.34639473621239
19,qwen,3,0.8197395085935875,7.334013938903809,-2.032426357269287,70.68698700482759
19,qwen,4,0.9656357388316151,9.310444831848145,-2.2755544185638428,75.90444054636227
19,qwen,5,0.8828324614643165,10.195011138916016,-2.3214197158813477,75.72382700914525
19,qwen,6,0.8825525040387723,10.817723274230955,-2.416858673095703,75.73207933762217
19,qwen,7,0.9146239221098441,10.016706466674805,-2.358248710632324,76.62928875483738
19,qwen,8,0.9800664451827242,6.799438953399658,-1.9090429544448853,74.8787527506682
19,qwen,9,0.9226475611701719,10.657095909118652,-2.3893580436706543,76.74510469261021
20,qwen,0,0.9723618090452262,8.55411434173584,-2.1904242038726807,75.54790302070124
20,qwen,1,0.9602218181531945,9.666096687316896,-2.3300886154174805,76.12508261682828
20,qwen,2,0.9510022271714922,10.889965057373049,-2.416667222976685,76.47078210127661
20,qwen,3,0.925754060324826,11.907546997070312,-2.4902467727661133,76.80498418138437
20,qwen,4,0.9488019143191557,11.313873291015623,-2.4271953105926514,76.55260043278588
20,qwen,5,0.9536231884057971,8.917956352233887,-2.2193665504455566,76.26982099105962
20,qwen,6,0.9447905849775009,10.190658569335938,-2.39262318611145,76.55351118868589
20,qwen,7,0.8810513874020512,10.453364372253418,-2.3234007358551025,75.66354564586264
20,qwen,8,0.9416111272095045,12.010212898254396,-2.5081567764282227,76.694242850755
20,qwen,9,0.9233327946563241,9.169395446777344,-2.26181697845459,76.64523097213215
21,qwen,0,0.9290841643782821,10.574145317077637,-2.401697874069214,76.74164351045474
21,qwen,1,0.8859920632974106,12.546438217163086,-2.5689382553100586,75.9216416611808
21,qwen,2,0.9283687943262412,11.462810516357422,-2.488398551940918,76.77079772235662
21,qwen,3,0.9501633501633502,11.370737075805664,-2.464681625366211,76.50581850795706
21,qwen,4,0.9118198874296436,12.686861991882324,-2.582223892211914,76.67286254751771
21,qwen,5,0.9390349588165698,11.93848705291748,-2.484879493713379,76.73915884492797
21,qwen,6,0.9254114420062696,13.524717330932615,-2.6417787075042725,76.79603604991424
21,qwen,7,0.908293504642389,13.85866355895996,-2.663294792175293,76.61287293848416
21,qwen,8,0.939261494030582,12.539177894592283,-2.52095365524292,76.75802493857678
21,qwen,9,0.9197653697653698,10.447845458984377,-2.397012710571289,76.70615186660518
22,qwen,0,0.9059180725937835,7.915116786956787,-2.096626043319702,76.28027938141233
22,qwen,1,0.9061284764952006,9.245614051818848,-2.226065874099731,76.43207855925007
22,qwen,2,0.975,8.234899520874023,-2.145275354385376,75.38630172524232
22,qwen,3,0.9289733068234697,8.921303749084473,-2.2164418697357178,76.6292009301039
22,qwen,4,0.9066967502475286,8.644444465637207,-2.1997485160827637,76.38682001196433
22,qwen,5,0.936643495531281,12.310890197753906,-2.5200207233428955,76.77049462180872
22,qwen,6,0.9079646820942149,11.501232147216797,-2.443397521972656,76.61016108682495
22,qwen,7,0.9247890724548649,11.786749839782717,-2.4940152168273926,76.79101863682709
22,qwen,8,0.9365386386662983,8.169676780700684,-2.128145694732666,76.50205707015208
22,qwen,9,0.9175580343302563,8.792232513427734,-2.2242369651794434,76.57092784643143
23,qwen,0,0.9526012652251912,13.431146621704102,-2.6204609870910645,76.47931996498427
23,qwen,1,0.9508250825082508,9.06960678100586,-2.2301042079925537,76.35622843284511
23,qwen,2,0.9250528156188533,10.295494079589844,-2.341320037841797,76.73813082680469
23,qwen,3,0.935361216730038,10.106955528259276,-2.384215831756592,76.67511312031891
23,qwen,4,0.9576755891100435,16.133543014526367,-2.6693105697631836,76.44973884575835
23,qwen,5,0.9048607906475926,12.924466133117676,-2.5710153579711914,76.56471674666325
23,qwen,6,0.9435897435897436,11.092999458312988,-2.3980932235717773,76.6497380834805
23,qwen,7,0.9433773908876731,10.918848991394045,-2.4580230712890625,76.60919252849608
23,qwen,8,0.9330866025166543,10.91114330291748,-2.395143747329712,76.75689675235353
23,qwen,9,0.9229194978786767,11.17128086090088,-2.4149951934814453,76.77877306896943
24,qwen,0,0.9460028237299875,11.852730751037598,-2.2620739936828613,76.70137100778034
24,qwen,1,0.9415433219349163,12.299457550048828,-2.2403934001922607,76.81387746939248
24,qwen,2,0.9104211229832024,14.785347938537598,-2.48180627822876,76.86983448571003
24,qwen,3,0.8949189335603451,13.40865421295166,-2.4758150577545166,76.38996631324146
24,qwen,4,0.9251002591960686,10.932936668395996,-2.1784093379974365,76.80559754610304
24,qwen,5,0.9751552795031055,10.148446083068848,-2.1975154876708984,75.5632941220898
24,qwen,6,0.9338843812285469,10.838556289672852,-2.2761945724487305,76.77661194405972
24,qwen,7,0.9015238404831558,11.142621994018556,-2.340443849563598,76.47268901648533
24,qwen,8,0.8830551641303942,9.881423950195312,-2.0921359062194824,75.69530421528533
24,qwen,9,0.9024145335000754,10.271706581115724,-2.161143064498902,76.43151758788001
25,qwen,0,0.9000861102611057,8.413032531738281,-2.1794142723083496,76.20038296333136
25,qwen,1,0.9496068469759892,10.244903564453123,-2.3989663124084473,76.45625427248575
25,qwen,2,0.9275279573236459,8.904722213745117,-2.240816831588745,76.6292020949593
25,qwen,3,0.925650858616455,8.428433418273926,-2.176090717315674,76.57973426982153
25,qwen,4,0.9297947500108612,12.245542526245115,-2.5479869842529297,76.78688882843834
25,qwen,5,0.9579121789560895,9.37299633026123,-2.2542150020599365,76.18552097726389
25,qwen,6,0.9617117117117117,10.646778106689451,-2.3917129039764404,76.14011406868569
25,qwen,7,0.9168586022017069,8.992907524108887,-2.252960443496704,76.58189464308286
25,qwen,8,0.9174086538374692,8.001408576965332,-2.135549306869507,76.48320446734206
25,qwen,9,0.9672131147540983,10.84341812133789,-2.4464714527130127,75.9216111848959
26,qwen,0,0.9130497574167054,7.686631202697754,-2.079018831253052,76.38253370209779
26,qwen,1,0.9397674221203632,12.884528160095217,-2.5358798503875732,76.76610189817842
26,qwen,2,0.9337888692605911,12.19509220123291,-2.5003719329833984,76.79914405715394
26,qwen,3,0.9385476314419573,10.2116117477417,-2.2969374656677246,76.675943295601
26,qwen,4,0.9363415896398999,13.434438705444336,-2.475573778152466,76.88596541716434
26,qwen,5,0.8884675844608689,12.260781288146973,-2.498694658279419,76.05508347694878
26,qwen,6,0.9392938941768075,17.82022476196289,-2.7289040088653564,76.86226613106923
26,qwen,7,0.9381249601841384,13.350378036499023,-2.537769317626953,76.81826746234033
26,qwen,8,0.9700124601965942,13.258405685424805,-2.58583927154541,75.89196369495474
26,qwen,9,0.9066222839532336,17.447460174560547,-2.730767726898194,76.70099794936722
27,qwen,0,0.909578450705724,8.990448951721191,-2.265279769897461,76.47556509137755
27,qwen,1,0.8966026525734676,12.081886291503906,-2.524864196777344,76.31256548654791
27,qwen,2,0.8791089902726931,11.068679809570312,-2.4463915824890137,75.57528726983394
27,qwen,3,0.9051310166594109,10.033066749572754,-2.350684642791748,76.46318623513346
27,qwen,4,0.9049695755870841,10.886624336242676,-2.4319825172424316,76.50099460267162
27,qwen,5,0.907589437497639,9.992043495178224,-2.350395679473877,76.51253059456431
27,qwen,6,0.9279496990652786,9.448701858520508,-2.290215969085694,76.67508508085959
27,qwen,7,0.8688678046665969,8.870471000671387,-2.23675274848938,74.88354540806819
27,qwen,8,0.9084325936696979,10.488641738891602,-2.388286590576172,76.5597969128975
27,qwen,9,0.9161369852459647,9.466611862182615,-2.2626142501831055,76.617146582065
28,qwen,0,0.9554968460719259,11.990612030029297,-2.4993677139282227,76.3929880341298
28,qwen,1,0.9260293588444516,10.882728576660156,-2.3907647132873535,76.77368322363128
28,qwen,2,0.9286141302835861,11.464961051940918,-2.416604995727539,76.81048057914131
28,qwen,3,0.9598257788276983,9.397751808166504,-2.252450466156006,76.1257318242072
28,qwen,4,0.9132944843474726,9.970311164855955,-2.272019863128662,76.62511107229784
28,qwen,5,0.9607691090362399,16.667797088623047,-2.7943410873413086,76.2143785593304
28,qwen,6,0.9182454950391604,10.993630409240724,-2.4165198802948,76.73132428565559
28,qwen,7,0.9658810553507677,8.327149391174316,-2.1685631275177,75.80034966547944
28,qwen,8,0.9402211802660178,9.798758506774902,-2.2570605278015137,76.62277636061178
28,qwen,9,0.9555406856413687,12.99337673187256,-2.595160484313965,76.39099019057188
29,qwen,0,0.8807808807344649,12.329259872436523,-2.5441060066223145,75.69199713250818
29,qwen,1,0.9140157150861186,11.896998405456545,-2.480297803878784,76.7218834314092
29,qwen,2,0.9574380843037559,13.385085105895996,-2.6266345977783203,76.33153782461243
29,qwen,3,0.9159077145222619,14.544819831848145,-2.6858716011047363,76.75110574250688
29,qwen,4,0.9310112639760588,11.204508781433104,-2.444518566131592,76.7686149743008
29,qwen,5,0.9231660959373679,13.150623321533203,-2.5644264221191406,76.83611101557656
29,qwen,6,0.9108180247236458,12.548107147216797,-2.54565691947937,76.67688183114288
29,qwen,7,0.9425050630612778,11.971906661987305,-2.518721580505371,76.66996592187657
29,qwen,8,0.899024874583263,11.186711311340332,-2.442046642303467,76.36637876484424
29,qwen,9,0.9366350769507493,14.325197219848633,-2.699766159057617,76.73990884653666
30,qwen,0,0.8697866205854023,9.372448921203612,-2.218459129333496,74.98419815690072
30,qwen,1,0.9113815012758412,13.167329788208008,-2.561159372329712,76.71923645481971
30,qwen,2,0.9158655704749877,11.265929222106934,-2.4020142555236816,76.73549350656731
30,qwen,3,0.9088559693571462,9.70559024810791,-2.2625699043273926,76.52827648174876
30,qwen,4,0.9036316164253501,7.942953586578369,-2.0537853240966797,76.21524672005876
30,qwen,5,0.9205046139960065,13.085269927978516,-2.5732712745666504,76.80908876476882
30,qwen,6,0.8676752982251964,11.07978057861328,-2.3617005348205566,74.98770383807613
30,qwen,7,0.9408210386256017,11.065123558044434,-2.4074301719665527,76.68639198874652
30,qwen,8,0.9327052556012061,10.39614200592041,-2.350882053375244,76.73066674108328
31,qwen,0,1.0,33.818275451660156,-4.037569046020508,70.24050318936828
31,qwen,1,1.0,6.91880464553833,-2.1254866123199463,73.74132508530832
31,qwen,2,1.0,6.973927974700928,-2.1451070308685303,73.75117459070998
31,qwen,3,1.0,11.630518913269045,-2.5776588916778564,74.03684268767815
31,qwen,4,1.0,17.250761032104492,-3.110935688018799,73.54780837039267
31,qwen,5,1.0,5.727479457855225,-1.811561584472656,73.43853762172559
31,qwen,6,1.0,6.486673831939697,-2.2206759452819824,73.70861491088743
31,qwen,7,1.0,6.892879486083984,-2.1143205165863037,73.73588894607607
31,qwen,8,1.0,5.756683826446533,-1.9542062282562256,73.54706822984078
31,qwen,9,1.0,21.834917068481445,-3.3140594959259033,73.16756903961665
32,qwen,0,0.8964254996181048,11.58678913116455,-2.362478494644165,76.35418628838836
32,qwen,1,0.9056394673339887,10.306100845336914,-2.285767078399658,76.51284996502733
32,qwen,2,0.8748572611898353,11.361857414245604,-2.316840171813965,75.43066619089848
32,qwen,3,0.937479509540358,13.668227195739746,-2.555734157562256,76.83322497763633
32,qwen,4,0.8876491465872408,12.973633766174316,-2.4214015007019043,76.1201329354759
32,qwen,5,0.8385316478281876,12.156563758850098,-2.4492030143737793,72.88605190980574
32,qwen,6,0.8570691339972174,11.554931640625,-2.329188346862793,74.34395041986663
32,qwen,7,0.9126680156091921,11.707343101501465,-2.4008851051330566,76.72913555759943
32,qwen,8,0.8807541824069076,11.948199272155762,-2.41204833984375,75.74311397517968
32,qwen,9,0.7224173088636424,9.72208023071289,-2.231356143951416,58.03950174958303
33,qwen,0,0.9277861415847523,11.152645111083984,-2.361276865005493,76.80743486614675
33,qwen,1,0.9427152433999428,11.98366355895996,-2.429619789123535,76.72195828616043
33,qwen,2,0.9365115611461976,11.21679401397705,-2.373750686645508,76.76359296123822
33,qwen,3,0.9538764616166752,11.572962760925291,-2.414048433303833,76.45376716606685
33,qwen,4,0.9715447154471545,9.92762279510498,-2.2421770095825195,75.71371671273859
33,qwen,5,0.8960241157043597,9.228256225585938,-2.1518807411193848,76.15156105643511
33,qwen,6,0.93721925220424,9.73533535003662,-2.273356676101685,76.6514391212896
33,qwen,7,0.8479316799984699,10.759222030639648,-2.321960687637329,73.5993469515797
33,qwen,8,0.953810623556582,11.730055809020996,-2.439333915710449,76.45584617442842
33,qwen,9,0.9533799533799534,8.377166748046875,-2.1148593425750732,76.21011026880966
34,qwen,0,0.958184832159138,11.4650239944458,-2.4143991470336914,76.31720635219669
34,qwen,1,0.9787234042553191,11.856978416442873,-2.4180402755737305,75.48409723930698
34,qwen,2,0.9535116473706234,12.102519989013672,-2.4571022987365723,76.48374603274371
34,qwen,3,0.9688179939077458,10.789883613586426,-2.342565536499023,75.8926461329363
34,qwen,4,0.9099893739445594,11.292831420898438,-2.3692398071289062,76.66366514915332
34,qwen,5,0.9304240702146791,12.98899745941162,-2.5323662757873535,76.85300942708292
34,qwen,6,0.906000409584272,13.66281795501709,-2.5826802253723145,76.63264125220574
34,qwen,7,0.963208139547259,10.653570175170898,-2.3978986740112305,76.08416135596296
34,qwen,8,0.9439587682672234,9.845784187316896,-2.2713332176208496,76.56819049840125
34,qwen,9,0.9265838030743874,9.820178985595703,-2.2461915016174316,76.71318072938597
35,qwen,0,0.9830508474576272,7.503108978271484,-2.063682794570923,74.86937636406381
35,qwen,1,0.9923664122137404,12.16337776184082,-2.609992027282715,74.57185836788221
35,qwen,2,0.98989898989899,16.18892478942871,-2.8156473636627197,74.73895580259918
35,qwen,3,1.0,12.883268356323242,-2.5603652000427246,74.14825630475134
35,qwen,4,0.9636363636363636,7.439946174621582,-2.0620369911193848,75.77141845651401
35,qwen,5,0.9817073170731707,6.793754577636719,-1.975143313407898,74.83056305942783
35,qwen,6,0.9941176470588236,14.58912181854248,-2.7180838584899902,74.50803612737991
35,qwen,7,0.9917355371900827,16.093595504760742,-2.8167238235473633,74.61552674094119
35,qwen,8,0.98125,14.056675910949709,-2.696065902709961,75.2800338728103
35,qwen,9,0.9838709677419355,9.885610580444336,-2.382453203201294,75.05166881042838
36,qwen,0,0.9627141744548287,10.243369102478027,-2.282160997390747,76.09812254293357
36,qwen,1,0.9451073985680191,9.639636993408203,-2.2634987831115723,76.529747252441
36,qwen,2,0.9427208389059938,7.3115010261535645,-1.9819217920303345,76.28027604574682
36,qwen,3,0.918494651565023,10.393485069274902,-2.324595212936402,76.71424052121665
36,qwen,4,0.9409400123685838,9.548867225646973,-2.2223401069641113,76.59116065199316
36,qwen,5,0.9275809566056769,8.512933731079102,-2.112560510635376,76.57672697176368
36,qwen,6,0.9361657345601059,8.357815742492676,-1.9935181140899656,76.47314501379431
36,qwen,7,0.928346072532119,6.477057933807373,-1.912431001663208,76.27597821153056
36,qwen,8,0.9291822192059722,10.392999649047852,-2.3357253074645996,76.74838002752648
36,qwen,9,0.9165465568005846,9.514790534973145,-2.1899495124816895,76.62590683894145
37,qwen,0,0.9536853643059056,8.547030448913574,-2.171233654022217,76.22922271726159
37,qwen,1,0.9292348716569752,8.69262409210205,-2.1772685050964355,76.60418826648507
37,qwen,2,0.9417588652482269,9.437514305114746,-2.285003662109375,76.56512448878149
37,qwen,3,0.9182442748091604,11.14711570739746,-2.429654598236084,76.73783376877448
37,qwen,4,0.9823008849557522,11.176968574523926,-2.4301815032958984,75.23058665255635
37,qwen,5,0.9512195121951219,12.547401428222656,-2.536940813064575,76.5238018500462
37,qwen,6,0.9632425921901037,9.655781745910645,-2.29427170753479,76.02458940381786
37,qwen,7,0.9578651685393258,12.663272857666016,-2.5512475967407227,76.33430873240007
37,qwen,8,0.889463359838307,8.274127006530762,-2.1611342430114746,75.83010225156075
37,qwen,9,0.9398121311704737,10.306025505065918,-2.3426222801208496,76.65840817673265
38,qwen,0,0.9764705882352941,11.891818046569824,-2.373835802078247,75.61990405978283
38,qwen,1,0.8917878943264752,7.912230014801025,-2.097902297973633,75.86769911403452
38,qwen,2,0.970519864750634,10.996705055236816,-2.4448461532592773,75.79500955153821
38,qwen,3,0.9199212679995856,10.43809986114502,-2.337677001953125,76.7266278341328
38,qwen,4,0.9309500825511243,8.884895324707031,-2.1804370880126953,76.6175879359039
38,qwen,5,0.9876543209876543,10.63620376586914,-2.421800136566162,74.87824345277033
38,qwen,6,0.9222507708119219,7.972328662872315,-2.099388837814331,76.50802188075038
38,qwen,7,0.9640287769784173,8.761181831359863,-2.22536301612854,75.91752423713494
38,qwen,8,0.961038961038961,11.551182746887209,-2.3339569568634033,76.25802405818362
38,qwen,9,0.9641025641025641,8.550501823425293,-2.15775203704834,75.8889299090818
39,qwen,0,0.9560861019224316,10.980828285217283,-2.391636848449707,76.35143214351446
39,qwen,1,0.9745605845995365,8.568592071533203,-2.1630520820617676,75.44275097144038
39,qwen,2,0.9387554170321235,8.525554656982422,-2.1510162353515625,76.51714632527509
39,qwen,3,0.9584664536741214,7.553395748138428,-2.0461134910583496,75.95586228198071
39,qwen,4,0.9655172413793104,7.361852169036865,-2.006460189819336,75.66753300089003
39,qwen,5,0.9781659388646288,9.143136024475098,-2.227062702178955,75.32238239257777
39,qwen,6,0.900020084979073,9.240503311157228,-2.261742353439331,76.27817720324575
39,qwen,7,0.9375795550664773,9.817948341369627,-2.2338483333587646,76.65749533400584
39,qwen,8,0.9353413654618473,9.31773281097412,-2.2086331844329834,76.63303430642151
39,qwen,9,0.9638441473371465,9.142645835876465,-2.2437946796417236,75.9600280440838
40,qwen,0,0.9581917246587904,8.016210556030273,-2.0640478134155273,76.01755721412991
40,qwen,1,0.9547511312217195,10.207919120788574,-2.283250331878662,76.35245917565175
40,qwen,2,0.9320233550415451,9.646246910095217,-2.154684066772461,76.679644166152
40,qwen,3,0.8832521330260886,10.816036224365234,-2.371347665786743,75.78213489956701
40,qwen,4,0.9344823831375905,9.980024337768556,-2.207415819168091,76.69993067439948
40,qwen,5,0.918712444962445,8.301569938659668,-2.0842642784118652,76.51096328927287
40,qwen,6,0.9303136726865541,9.74403953552246,-2.2616677284240723,76.70043859827328
40,qwen,7,0.9455613463720727,8.610788345336914,-2.1146888732910156,76.41204519288775
40,qwen,8,0.8480147747577553,10.8097562789917,-2.273331642150879,73.61831854144619
40,qwen,9,0.9337866108786611,11.960805892944336,-2.365928888320923,76.84887445753023
41,qwen,0,0.9489125829685073,12.774889945983888,-2.5522141456604004,76.5830826820939
41,qwen,1,0.9610024681982152,10.48733615875244,-2.3844335079193115,76.15404233546126
41,qwen,2,0.9485745066489116,10.411967277526855,-2.3587446212768555,76.5089612469733
41,qwen,3,0.9232150969969559,9.463863372802734,-2.2791519165039062,76.67017280921122
41,qwen,4,0.9775784753363229,8.001707077026367,-2.1245198249816895,75.23083630138886
41,qwen,5,0.9654885654885655,9.209476470947266,-2.244645595550537,75.90323582145334
41,qwen,6,0.9572295397365695,9.992040634155272,-2.3056161403656006,76.25645660963337
41,qwen,7,0.958904109589041,9.65000343322754,-2.2937726974487305,76.17470377494026
41,qwen,8,0.948795577201527,10.495022773742676,-2.3904805183410645,76.4999201370617
41,qwen,9,0.9681528662420382,9.46965503692627,-2.2765378952026367,75.81700389666021
42,qwen,0,0.9560275319567355,10.293084144592283,-2.3083508014678955,76.31885314305042
42,qwen,1,0.967032967032967,11.227222442626951,-2.373622179031372,75.99363135336226
42,qwen,2,1.0,13.353550910949709,-2.513840913772583,74.21822574544592
42,qwen,3,0.9655172413793104,8.203577995300293,-2.089357376098633,75.78464180065906
42,qwen,4,1.0,10.688525199890137,-2.2959985733032227,74.10426098204574
42,qwen,5,1.0,11.191939353942873,-2.4535861015319824,74.090121225877
42,qwen,6,0.976,12.398722648620604,-2.4624736309051514,75.64124863016686
42,qwen,7,0.9880952380952381,12.65125846862793,-2.5250449180603027,74.95065581221156
42,qwen,8,1.0,14.47986888885498,-2.512726068496704,74.29502118428813
42,qwen,9,1.0,10.50036334991455,-2.2111995220184326,74.09329971130306
43,qwen,0,0.932454144055464,14.668167114257812,-2.6493074893951416,76.85114519368021
43,qwen,1,0.9081035195266145,12.436816215515137,-2.4681756496429443,76.67258062333225
43,qwen,2,0.9121169916434541,10.024836540222168,-2.2905242443084717,76.60996309598768
43,qwen,3,0.9179470257030364,11.505770683288574,-2.441648006439209,76.75837635577889
43,qwen,4,0.9117559565202219,11.109509468078612,-2.418508529663086,76.65828479298973
43,qwen,5,0.9408772643086236,9.68283748626709,-2.3335371017456055,76.5908587242149
43,qwen,6,0.8876522174110144,7.972954273223877,-2.125465154647827,75.72187914480051
43,qwen,7,0.9298756907326758,11.789852142333984,-2.4532196521759033,76.8152820915926
43,qwen,8,0.9388943537281134,10.793354034423828,-2.339002847671509,76.71297378034039
43,qwen,9,0.9288207861425716,14.90918254852295,-2.708894729614258,76.81062919756113
44,qwen,0,0.9458807206529872,14.561256408691406,-2.626962423324585,76.70126398318399
44,qwen,1,0.9355241039767198,11.64102840423584,-2.4622318744659424,76.76593618793302
44,qwen,2,0.9821428571428571,12.197138786315918,-2.4655704498291016,75.30198401883781
44,qwen,3,0.925414364640884,12.302360534667969,-2.492241859436035,76.83389618278672
44,qwen,4,0.9437674433698967,15.873224258422852,-2.757962226867676,76.66240598022092
44,qwen,5,0.9318132762984911,15.637676239013672,-2.7233681678771973,76.82587344159839
44,qwen,6,0.948962148962149,16.5010986328125,-2.766364812850952,76.58149524651641
44,qwen,7,0.9212218986116798,13.974506378173828,-2.6256895065307617,76.82665661336988
44,qwen,8,0.9624306326304106,12.917780876159668,-2.530219316482544,76.21544654222576
44,qwen,9,0.984,14.71470069885254,-2.6462697982788086,75.22527343257633
45,qwen,0,0.9818181818181818,10.512202262878418,-2.3624510765075684,75.22887007938434
45,qwen,1,0.9776785714285714,11.744949340820312,-2.4508800506591797,75.51235932253113
45,qwen,2,0.9639175257731959,12.755107879638672,-2.5845847129821777,76.10373252512889
45,qwen,3,0.968421052631579,12.63109302520752,-2.581613302230835,75.91794898343238
45,qwen,4,0.9700374531835206,15.821012496948242,-2.7523488998413086,75.86686003060129
45,qwen,5,0.9935064935064936,10.356813430786133,-2.339625835418701,74.51419413198461
45,qwen,6,0.9822485207100592,13.477006912231444,-2.6209211349487305,75.26777549222052
45,qwen,7,0.9838709677419355,15.30848789215088,-2.725398540496826,75.17629183039196
45,qwen,8,1.0,13.045074462890623,-2.5237972736358643,74.18886587779181
45,qwen,9,0.9228816785820043,10.99033546447754,-2.428263902664185,76.75718368143856
46,qwen,0,0.9613111726685134,9.762470245361328,-2.2594239711761475,76.1076737586467
46,qwen,1,0.9326394860725165,10.71825885772705,-2.395747184753418,76.74291215356976
46,qwen,2,0.9032304825015531,11.827308654785156,-2.4413628578186035,76.53185088046226
46,qwen,3,0.9398160395596346,13.116799354553224,-2.561617851257324,76.76169084785393
46,qwen,4,0.8895831997425673,13.150354385375977,-2.5736799240112305,76.10726400484481
46,qwen,5,0.9671086489268307,9.81574821472168,-2.276430130004883,75.89148328711605
46,qwen,6,0.8661820379084838,9.273360252380373,-2.2225546836853027,74.75915614614586
46,qwen,7,0.9093179448003689,9.634885787963867,-2.2875890731811523,76.5276922722027
46,qwen,8,0.8361281575567291,10.799427032470703,-2.3859148025512695,72.59378494804902
46,qwen,9,0.9311349437595429,10.136468887329102,-2.323606252670288,76.72283267958395
47,qwen,0,0.9129565668968428,7.965967655181885,-2.070751667022705,76.40596186538373
47,qwen,1,0.8965236315573584,8.321676254272461,-2.1723082065582275,76.08462099824044
47,qwen,2,0.8893909626719058,11.569787979125977,-2.5017518997192383,76.03469380805134
47,qwen,3,0.8975972731876706,10.392748832702637,-2.365654230117798,76.28933717298979
47,qwen,4,0.944943234476367,12.59656810760498,-2.555137872695923,76.64821318506289
47,qwen,5,0.8784315584846617,11.395513534545898,-2.418861389160156,75.58271694225881
47,qwen,6,0.9186745579834132,9.705150604248049,-2.2684872150421143,76.66400529326687
47,qwen,7,0.9447311088177962,10.331283569335938,-2.416750431060791,76.55647324708367
47,qwen,8,0.9160085952189095,8.535979270935059,-2.112302303314209,76.51438562691544
47,qwen,9,0.8948227533180984,12.745779037475586,-2.497781753540039,76.3246188738844
48,qwen,0,0.9895833333333334,16.522991180419922,-2.82470703125,74.76226351786374
48,qwen,1,0.9525779578971068,10.480185508728027,-2.4056737422943115,76.40076310737115
48,qwen,2,0.9555555555555556,9.097551345825195,-2.275959014892578,76.22955358765473
48,qwen,3,0.9782608695652174,11.348587989807127,-2.506328582763672,75.41585916875015
48,qwen,4,0.98125,9.204509735107422,-2.27958083152771,75.16136116295812
48,qwen,5,0.9678581807614066,13.79577350616455,-2.6700594425201416,75.93571333691213
48,qwen,6,0.9856115107913669,12.247899055480955,-2.594696521759033,75.01050983864816
48,qwen,7,0.9850746268656716,13.583284378051758,-2.693103075027466,75.03589144514221
48,qwen,8,0.9888888888888889,11.797846794128418,-2.5040290355682373,74.85102455291003
48,qwen,9,0.9545454545454546,13.786471366882324,-2.7039883136749268,76.35889349542543
49,qwen,0,0.9012146451500954,11.531170845031738,-2.3763980865478516,76.48496159670087
49,qwen,1,0.9238458209434462,15.264558792114258,-2.5503745079040527,76.98917699368006
49,qwen,2,0.927255541552376,9.512353897094728,-2.1870784759521484,76.68391630721169
49,qwen,3,0.9263724035608308,14.7306547164917,-2.5791709423065186,76.93771316340289
49,qwen,4,0.921596899629417,11.291625022888184,-2.35701060295105,76.80437670555237
49,qwen,5,0.911681041577935,10.285719871520996,-2.290193796157837,76.62613545201218
49,qwen,6,0.9250528156188533,13.020862579345703,-2.3293538093566895,76.96013475980176
49,qwen,7,0.9467985667549462,14.03691291809082,-2.6165709495544434,76.6593128647064
49,qwen,8,0.8905454329633806,9.85093116760254,-2.2413783073425293,76.02379014553554
49,qwen,9,0.9261941845909816,13.584308624267578,-2.533249616622925,76.89970814934172
50,qwen,0,0.908541625519195,11.881507873535156,-2.43407678604126,76.65680237266547
50,qwen,1,0.9248016512066048,14.210281372070312,-2.607290744781494,76.87584588267093
50,qwen,2,0.9381858725615859,14.013436317443848,-2.629213571548462,76.78131303158439
50,qwen,3,0.8970714977459553,11.354735374450684,-2.4056801795959473,76.33908386561046
50,qwen,4,0.9624277456647399,11.020597457885742,-2.4221420288085938,76.1328874927203
50,qwen,5,0.9229381249530111,10.538220405578612,-2.3502860069274902,76.74970105082782
50,qwen,6,0.9209048785527226,13.782044410705566,-2.609177589416504,76.82789248679777
50,qwen,7,0.9342560553633218,10.422475814819336,-2.320320844650269,76.7307947592401
50,qwen,8,0.9224682305161319,9.354154586791992,-2.2854952812194824,76.65591565020719
50,qwen,9,0.9559377991365333,10.534186363220217,-2.356119155883789,76.33041637150858
51,qwen,0,0.9483336619996057,10.786805152893066,-2.4322710037231445,76.51631755792293
51,qwen,1,0.9424725863632616,9.694281578063965,-2.3353495597839355,76.56753278683966
51,qwen,2,0.9491992192722121,8.244000434875488,-2.1849982738494873,76.31358927973119
51,qwen,3,0.9117790811339198,10.494290351867676,-2.408498764038086,76.61095952969866
51,qwen,4,0.9393941531689147,10.971831321716309,-2.461325168609619,76.67023562565049
51,qwen,5,0.9195026388483527,9.371543884277344,-2.294536828994751,76.63715754872435
51,qwen,6,0.9057454948856143,13.071638107299805,-2.643578052520752,76.52586267304929
51,qwen,7,0.9518507807981492,8.413667678833008,-2.2025647163391113,76.2676789732932
51,qwen,8,0.9336102265909825,11.384154319763184,-2.4864144325256348,76.74494885337849
51,qwen,9,0.9636871508379888,11.248987197875977,-2.481963634490967,76.07255459626812
52,qwen,0,0.9642857142857143,11.937646865844728,-2.490511417388916,76.10016122939976
52,qwen,1,0.9432989690721649,10.076584815979004,-2.308412551879883,76.59447168395731
52,qwen,2,0.9372110799694244,11.673802375793455,-2.4089980125427246,76.77976922655071
52,qwen,3,0.9629629629629629,12.04948616027832,-2.483849048614502,76.1625203336288
52,qwen,4,0.9620853080568721,10.54970359802246,-2.3220906257629395,76.1403131618692
52,qwen,5,0.9311548223350254,7.6368408203125,-2.0227532386779785,76.45022407229835
52,qwen,6,0.9400782248775363,11.000017166137695,-2.380645513534546,76.70201057818157
52,qwen,7,0.9381873159863133,9.795434951782228,-2.289310932159424,76.64427641985186
52,qwen,8,0.9482001581988228,14.51117706298828,-2.6292366981506348,76.6482605215285
53,qwen,0,0.9277395446525578,9.26463508605957,-2.183887720108032,76.66065731661747
53,qwen,1,0.9065027313753969,8.843196868896484,-2.1983630657196045,76.4014755773015
53,qwen,2,0.9654808959156785,9.807539939880373,-2.229524850845337,75.95852312877625
53,qwen,3,0.962093286506255,10.808743476867676,-2.345433235168457,76.15621996125758
53,qwen,4,0.9533301941087218,7.883616447448731,-2.1215689182281494,76.16490835934144
53,qwen,5,0.9835164835164835,8.9535493850708,-2.2263002395629883,75.0151072948887
53,qwen,6,0.9266362410538326,8.608085632324219,-2.167571544647217,76.59692216676683
53,qwen,7,1.0,12.766334533691406,-2.4144701957702637,74.23376030426064
53,qwen,8,0.9407258914436656,9.4102201461792,-2.26192307472229,76.58014551636595
53,qwen,9,0.922414185591487,7.606801509857178,-2.027690887451172,76.44593359969298
54,qwen,0,0.9368029739776952,13.088531494140623,-2.5298376083374023,76.81965227707401
54,qwen,1,0.9589282194249669,17.191062927246094,-2.840664863586426,76.23082229657878
54,qwen,2,0.9469123465102599,13.21003532409668,-2.5981130599975586,76.61745593537306
54,qwen,3,0.9534815139970484,14.047898292541504,-2.7011361122131348,76.40934443566633
54,qwen,4,0.9377692376441148,13.719963073730469,-2.63038969039917,76.76487441921311
54,qwen,5,0.9205573677581007,8.21935749053955,-2.1642584800720215,76.53641832595137
54,qwen,6,0.9578313253012049,14.484858512878418,-2.704227924346924,76.3069369481565
54,qwen,7,0.9445437230201278,15.488909721374512,-2.749223470687866,76.63887513340175
54,qwen,8,0.986159169550173,11.378388404846191,-2.4708948135375977,75.00354558589709
54,qwen,9,0.951821414840446,12.834195137023926,-2.5780954360961914,76.49607775499612
55,qwen,0,0.9289316414244781,11.321062088012695,-2.42672061920166,76.79336366567226
55,qwen,1,0.9517368810051736,13.183086395263672,-2.604858875274658,76.49908893795335
55,qwen,2,0.9822485207100592,11.143421173095703,-2.454392433166504,75.21790583640502
55,qwen,3,0.877514306676449,10.128233909606934,-2.2987184524536133,75.46705991883083
55,qwen,4,0.8984110936505585,9.793845176696776,-2.2520556449890137,76.28298093513793
55,qwen,5,0.9452082289822629,10.616223335266112,-2.3664774894714355,76.59251267138197
55,qwen,6,0.909482481517197,10.336114883422852,-2.33121109008789,76.58461336771009
55,qwen,7,0.9418960244648318,11.379809379577637,-2.4502241611480713,76.67551949530855
55,qwen,8,0.9287919946135451,8.989344596862793,-2.2106921672821045,76.63572528991043
55,qwen,9,0.9693877551020408,9.345477104187012,-2.225853204727173,75.75609950910027
56,qwen,0,0.9349123336350531,10.815393447875977,-2.4016976356506348,76.73316382648254
56,qwen,1,0.9197875954418774,9.142455101013184,-2.2571468353271484,76.62245730127876
56,qwen,2,0.9316588785046729,9.906189918518066,-2.310088634490967,76.70296976094538
56,qwen,3,0.8857246798034921,13.278724670410156,-2.5720834732055664,75.96134820055047
56,qwen,4,0.9264367816091953,11.789998054504396,-2.475372314453125,76.8058304643805
56,qwen,5,0.8975031574856698,10.207856178283691,-2.3730406761169434,76.26774199500507
56,qwen,6,0.9500203359092152,10.961312294006348,-2.4685323238372803,76.4729219670881
56,qwen,7,0.944842316873979,10.970199584960938,-2.4383344650268555,76.59861565535995
56,qwen,8,0.9338067583909607,11.952441215515137,-2.5105643272399902,76.77301521717536
56,qwen,9,0.9480809007573379,10.525925636291504,-2.3571696281433105,76.53009216309718
57,qwen,0,0.8965596598164224,9.90052890777588,-2.2925381660461426,76.23158523521751
57,qwen,1,0.9647887323943662,7.812327861785889,-2.065023422241211,75.76612062161682
57,qwen,2,0.912470399198629,10.60468578338623,-2.4075541496276855,76.63166638471029
57,qwen,3,0.9615939564933692,11.417410850524902,-2.3964600563049316,76.20686658278602
57,qwen,4,0.9021820917983446,9.096952438354492,-2.180312156677246,76.32174752857419
57,qwen,5,0.8985625113843662,10.254602432250977,-2.3464155197143555,76.31221218383932
57,qwen,6,0.9648118464239371,11.356284141540527,-2.4336347579956055,76.06625664411213
57,qwen,7,0.8996928571660175,10.44071102142334,-2.3726930618286133,76.35275302882059
57,qwen,8,0.9552067037096977,8.82994270324707,-2.1967763900756836,76.21614253269425
57,qwen,9,0.9094737511643713,9.754218101501465,-2.3131165504455566,76.53691396216746
58,qwen,0,0.9341002949852508,9.377209663391112,-2.2844529151916504,76.64481857082404
58,qwen,1,0.9560723514211886,12.86884307861328,-2.586533546447754,76.37412836123198
58,qwen,2,0.9402045148459811,11.68938159942627,-2.51367449760437,76.68484677839983
58,qwen,3,0.9486076549354189,9.51320743560791,-2.295261859893799,76.44328544749833
58,qwen,4,0.959409594095941,12.831368446350098,-2.621189832687378,76.2338140997861
58,qwen,5,0.9728813559322034,12.890704154968262,-2.5777764320373535,75.74340949869708
58,qwen,6,0.949433465085639,9.234277725219728,-2.2504734992980957,76.403846211952
58,qwen,7,0.9475708502024291,9.209689140319824,-2.283982276916504,76.43934995150825
58,qwen,8,0.9509803921568627,10.483231544494627,-2.401703357696533,76.44318014216577
59,qwen,0,0.9701753346759862,11.972369194030762,-2.4435415267944336,75.89018600382313
59,qwen,1,0.9410273408105494,12.305655479431152,-2.399313449859619,76.78648693079073
59,qwen,2,0.9294950347741973,11.315014839172363,-2.3297600746154785,76.82724580130834
59,qwen,3,0.9483250814041662,10.47148323059082,-2.3428072929382324,76.52434393177575
59,qwen,4,0.9210071222153958,11.615768432617188,-2.3221628665924072,76.83662834793215
59,qwen,5,0.9475534956650065,11.192160606384276,-2.322667121887207,76.60705656013327
59,qwen,6,0.9476159049661771,16.21006965637207,-2.6568942070007324,76.73104256458977
59,qwen,7,0.9154944728927574,11.419408798217772,-2.235271692276001,76.78032872704381
59,qwen,8,0.898309011682031,11.737396240234377,-2.331570863723755,76.43309801380593
59,qwen,9,0.957023905452592,13.162610054016112,-2.539664506912231,76.40630059632343
60,qwen,0,0.9309840949072947,13.612326622009276,-2.4361040592193604,76.95660156360496
60,qwen,1,0.8950941925916295,12.016677856445312,-2.408703088760376,76.32752619528284
60,qwen,2,0.889805806545793,10.28879737854004,-2.266655921936035,76.03290879084854
60,qwen,3,0.9017564316535983,12.410374641418455,-2.370220184326172,76.57070266137511
60,qwen,4,0.9387594107458284,12.28784465789795,-2.3535361289978027,76.83150204168572
60,qwen,5,0.9197446827504632,11.70249843597412,-2.383246898651123,76.81620553785046
60,qwen,6,0.9246412825651303,10.22091579437256,-2.1599340438842773,76.74068497318827
60,qwen,7,0.9351520318272236,9.68100357055664,-2.203145980834961,76.66754841557865
60,qwen,8,0.9118690257018337,13.286705017089844,-2.3876707553863525,76.84179871579808
60,qwen,9,0.9373725220033607,11.700786590576172,-2.251063585281372,76.81936162976598
61,qwen,0,0.9262367994184076,11.0952730178833,-2.436296224594116,76.77101207101597
61,qwen,1,0.9202927663338281,11.13214111328125,-2.4318933486938477,76.75224667759018
61,qwen,2,0.880610113516482,10.651817321777344,-2.365739107131958,75.64778441591821
61,qwen,3,0.9463557300084661,11.236458778381348,-2.4211935997009277,76.60056192793898
61,qwen,4,0.9077950746513307,11.558207511901855,-2.42404842376709,76.62120300160254
61,qwen,5,0.9064550339029782,13.840336799621582,-2.6478195190429688,76.59080572601819
61,qwen,6,0.9658990441122934,12.89341163635254,-2.553863763809204,76.06396398443214
61,qwen,7,0.8971341944738132,11.074883460998535,-2.3974571228027344,76.32135902671513
61,qwen,8,0.9367004694162755,9.87505054473877,-2.327460289001465,76.65982858561306
61,qwen,9,0.9559493670886076,15.870716094970703,-2.814105272293091,76.29713426738576
62,qwen,0,0.8528891881090389,8.577067375183105,-2.1503682136535645,73.78387513055114
62,qwen,1,0.9700598802395209,9.841290473937988,-2.253629684448242,75.77131540528372
62,qwen,2,0.9189779701250579,7.757143020629883,-1.9815022945404053,76.41490263398099
62,qwen,3,0.9320486231132619,8.139863967895508,-2.0937254428863525,76.52300292666484
62,qwen,4,0.9797297297297297,10.014789581298828,-2.2983200550079346,75.31402852972015
62,qwen,5,0.8876268688337441,9.668627738952637,-2.305265188217163,75.8862309683528
62,qwen,6,0.9554338808694209,10.7229642868042,-2.3956644535064697,76.34710984769853
62,qwen,7,0.8822092287983181,9.452155113220217,-2.1958718299865723,75.63789174025143
62,qwen,8,0.9403603347992623,11.604597091674805,-2.472630500793457,76.70298752170163
62,qwen,9,0.915708150575205,11.15825653076172,-2.428623676300049,76.71248191450029
63,qwen,0,0.9241138335048826,10.424764633178713,-2.3529109954833984,76.74353360813602
63,qwen,1,0.9640544158616448,11.652040481567385,-2.494521379470825,76.08351492947116
63,qwen,2,0.950003816502557,11.075187683105469,-2.4097182750701904,76.513478133234
63,qwen,3,0.9416753096211335,14.73903751373291,-2.6469101905822754,76.76384346450067
63,qwen,4,0.9534721156633079,13.217028617858888,-2.48612642288208,76.55068407516754
63,qwen,5,0.8999540407079791,9.309097290039062,-2.022059679031372,76.2357722469878
63,qwen,6,0.9257726558407543,10.061105728149414,-2.270509719848633,76.7320893838853
63,qwen,7,0.9732142857142857,11.393263816833496,-2.3926210403442383,75.72999840739708
63,qwen,8,0.9134259958942584,12.124377250671388,-2.4380764961242676,76.75566378247862
63,qwen,9,0.967391304347826,11.980372428894045,-2.479412794113159,75.98806501185103
64,qwen,0,0.8622721141523877,11.108529090881348,-2.429309368133545,74.62309068297034
64,qwen,1,0.9220471508115153,12.692815780639648,-2.4940576553344727,76.85026813809809
64,qwen,2,0.9293985715399423,11.891627311706545,-2.5080394744873047,76.79019443517386
64,qwen,3,0.9290066564260113,12.002864837646484,-2.4214701652526855,76.8505576534571
64,qwen,4,0.9509394415749681,16.058887481689453,-2.7421629428863525,76.54455407386652
64,qwen,5,0.9541104294478527,14.120092391967772,-2.5899658203125,76.51484641927733
64,qwen,6,0.946761570099429,12.49616527557373,-2.524290084838867,76.62969065011372
64,qwen,7,0.9035303637947608,12.832934379577637,-2.543389081954956,76.54922859474655
64,qwen,8,0.9398055040380426,12.700323104858398,-2.4681973457336426,76.79816788473528
64,qwen,9,0.920367322363424,13.612953186035156,-2.594247817993164,76.82671273106699
65,qwen,0,0.9214163485586416,7.51064395904541,-1.9422781467437744,76.38497576250072
65,qwen,1,0.9188772619092592,10.33596420288086,-2.2258739471435547,76.72380303894657
65,qwen,2,0.8855745195064082,10.10362148284912,-2.2788357734680176,75.84384105433728
65,qwen,3,0.967479674796748,9.389608383178713,-2.1677753925323486,75.83615607880094
65,qwen,4,0.9074384707464633,9.717266082763672,-2.180142402648926,76.50020859071965
65,qwen,5,0.8828384183758291,9.42348861694336,-2.2111191749572754,75.66487803205112
65,qwen,6,0.8686150907354345,8.63451862335205,-2.137437343597412,74.83678513227433
65,qwen,7,0.9449490580545944,10.612727165222168,-2.309596061706543,76.61216385999765
65,qwen,8,0.9159482437724275,8.920299530029297,-2.1866354942321777,76.56367812513068
65,qwen,9,0.9152867680264941,8.708169937133789,-2.145306348800659,76.52974376304378
66,qwen,0,0.9453178828687755,9.095728874206545,-2.2341692447662354,76.4772221153036
66,qwen,1,0.8754737017448881,9.037304878234863,-2.26536226272583,75.26669673108756
66,qwen,2,0.9269064855271751,11.136880874633787,-2.45102858543396,76.76705541198201
66,qwen,3,0.8719411143907788,10.063573837280272,-2.38507080078125,75.14000644789847
66,qwen,4,0.8770978056906368,10.195557594299316,-2.3491387367248535,75.44013096440477
66,qwen,5,0.8751447128308774,8.064616203308105,-2.153411865234375,75.15132213234261
66,qwen,6,0.9200711569132621,10.268572807312012,-2.3871841430664062,76.69676126418663
66,qwen,7,0.9148936170212766,9.818772315979004,-2.3448100090026855,76.61909073900046
66,qwen,8,0.9640883977900553,10.1975736618042,-2.3130016326904297,76.03804499700608
66,qwen,9,0.9444444444444444,10.923952102661133,-2.45504093170166,76.59287452113644
67,qwen,0,0.9216814559357279,12.215805053710938,-2.5410566329956055,76.77802049886441
67,qwen,1,0.8879141410156166,11.45588207244873,-2.477724075317383,75.98266428321436
67,qwen,2,0.912930996030153,9.504746437072754,-2.272662878036499,76.57771941893643
67,qwen,3,0.9617021276595744,10.11156940460205,-2.36724591255188,76.10288196392744
67,qwen,4,0.947075208913649,11.058377265930176,-2.4057536125183105,76.57829072551296
67,qwen,5,0.8725786440441985,9.88433837890625,-2.3571858406066895,75.16932095738291
67,qwen,6,0.8993918159367011,9.530926704406738,-2.291656732559204,76.28358968008006
67,qwen,7,0.9166319333969668,11.2809476852417,-2.48360013961792,76.70214778591007
67,qwen,8,0.9137218050075566,10.89816665649414,-2.394700050354004,76.68036110406537
67,qwen,9,0.9355291824332072,10.62423610687256,-2.360750198364258,76.72702740193616
68,qwen,0,0.9244489559164734,11.152506828308104,-2.440168857574463,76.77037868393269
68,qwen,1,0.9329052180931325,8.135066032409668,-2.180051565170288,76.5359175049228
68,qwen,2,0.929418255596553,10.951905250549316,-2.431105136871338,76.75947735504283
68,qwen,3,0.9470105763004533,10.07075309753418,-2.3085012435913086,76.5250856327327
68,qwen,4,0.9121945259042034,9.62485408782959,-2.3203015327453613,76.5696776694776
68,qwen,5,0.8951950030867374,9.399358749389648,-2.2059671878814697,76.1465539224863
68,qwen,6,0.920784666067685,8.568321228027344,-2.1671454906463623,76.57206125308434
68,qwen,7,0.9436997319034852,10.35822868347168,-2.304283380508423,76.61325672050248
68,qwen,8,0.9334447446436344,8.790419578552246,-2.1099867820739746,76.58224000887131
68,qwen,9,0.9268381682174786,7.151843070983887,-1.9969370365142824,76.39690019525224
69,qwen,0,0.9156820622986037,9.222174644470217,-2.201425790786743,76.58992949221049
69,qwen,1,0.9004909030594113,11.840100288391112,-2.49242901802063,76.43103254801504
69,qwen,2,0.8913780933975669,7.732858657836914,-2.082944869995117,75.83024447641222
69,qwen,3,0.9420513533555802,9.949728965759276,-2.346184253692627,76.59409330805644
69,qwen,4,0.8969789014457795,7.509914875030518,-2.0401251316070557,75.98212756892383
69,qwen,5,0.8869144638934165,8.67151927947998,-2.1933958530426025,75.77011935892608
69,qwen,6,0.902347702894151,6.125542163848877,-1.8253430128097536,75.85412013307922
69,qwen,7,0.9250270562770562,8.368754386901855,-2.1853229999542236,76.57380191177315
69,qwen,8,0.9065764023210832,8.89295768737793,-2.210543632507324,76.40841244286855
69,qwen,9,0.9534246575342465,11.74851417541504,-2.488105058670044,76.43934759843542
70,qwen,0,0.9260416666666667,9.132521629333496,-2.174156188964844,76.64678299954586
70,qwen,1,0.9335258301424894,8.701569557189941,-2.1351263523101807,76.57935752705914
70,qwen,2,0.9335774058577406,9.594929695129396,-2.2385740280151367,76.67202944980664
70,qwen,3,0.968421052631579,10.108358383178713,-2.29982590675354,75.85990667257487
70,qwen,4,0.9201251791407095,8.070225715637207,-2.0989198684692383,76.50431587621668
70,qwen,5,0.9397182556733584,10.28977394104004,-2.289189338684082,76.6695420299819
70,qwen,6,0.8996360183573351,10.21664047241211,-2.2429702281951904,76.35659407407132
70,qwen,7,0.9069833958060485,9.48627758026123,-2.221142292022705,76.47241465094783
70,qwen,8,0.9179181592725268,8.772787094116211,-2.180391788482666,76.56998709143389
70,qwen,9,0.9601769911504425,10.071799278259276,-2.3201582431793213,76.16529596956345
71,qwen,0,1.0,11.325972557067873,-2.3688838481903076,74.13929029955425
71,qwen,1,0.9873417721518988,15.997665405273438,-2.7683091163635254,74.95465991475128
71,qwen,2,0.9896907216494846,10.821221351623535,-2.363506555557251,74.79219632939129
71,qwen,3,1.0,14.52165985107422,-2.5787394046783447,74.24510017117338
71,qwen,4,1.0,13.216596603393556,-2.5951435565948486,74.14182376850832
71,qwen,5,0.9880952380952381,13.63930320739746,-2.639371156692505,74.91976706852286
71,qwen,6,0.9291567482120303,8.36744213104248,-2.140007972717285,76.56717280440233
71,qwen,7,0.9739130434782609,9.396573066711426,-2.1936659812927246,75.55490669441207
71,qwen,8,0.9642857142857143,16.654050827026367,-2.754408836364746,76.14264970727224
71,qwen,9,0.989247311827957,17.324371337890625,-2.815239667892456,74.83639025124768
72,qwen,0,0.9476975741417333,10.45279312133789,-2.3492963314056396,76.53434155249542
72,qwen,1,0.9765625,10.419032096862791,-2.3062474727630615,75.51133308620875
72,qwen,2,0.9490178624413981,8.804716110229492,-2.193161964416504,76.37223719040084
72,qwen,3,0.9590477833362084,9.006101608276367,-2.1943554878234863,76.11449720889793
72,qwen,4,0.9844559585492227,13.722171783447266,-2.59039044380188,75.18917763227942
72,qwen,5,0.9488365961373673,9.649727821350098,-2.2222187519073486,76.45602088623924
72,qwen,6,0.9152962880136931,12.220064163208008,-2.447720766067505,76.78278842497451
72,qwen,7,0.9243798924832596,9.87906551361084,-2.2852039337158203,76.71107925828261
72,qwen,8,0.9336973005762814,10.225364685058594,-2.3494277000427246,76.70997557407075
72,qwen,9,0.973568281938326,9.074722290039062,-2.2034153938293457,75.54203174548928
73,qwen,0,0.8911368882640731,16.46530532836914,-2.58597993850708,76.36044782937593
73,qwen,1,0.9413730603488136,12.353968620300291,-2.3984622955322266,76.78553943319434
73,qwen,2,0.9254469053800157,13.880133628845217,-2.5053205490112305,76.93927094326163
73,qwen,3,0.8933596989292462,12.071250915527344,-2.192591667175293,76.31113029153029
73,qwen,4,0.9352210470805379,10.430376052856444,-2.2716593742370605,76.73188403330784
73,qwen,5,0.9554896142433235,10.19386863708496,-2.306067943572998,76.3263682701642
73,qwen,6,0.9489275235543893,12.382017135620115,-2.414950370788574,76.64037003307868
73,qwen,7,0.8835406340620131,11.792595863342283,-2.3389580249786377,75.8854329631103
73,qwen,8,0.9531999309987925,10.089075088500977,-2.2513222694396973,76.3877043172653
73,qwen,9,0.9035328431381119,9.301742553710938,-2.1911087036132812,76.37575462114593
74,qwen,0,0.9236646206085933,9.365397453308104,-2.276203155517578,76.66321972526458
74,qwen,1,0.9334785409180284,13.155083656311035,-2.604952812194824,76.78773877297762
74,qwen,2,0.9377144607843138,11.993528366088867,-2.526309013366699,76.7301183405715
74,qwen,3,0.9896907216494846,13.354445457458496,-2.6393966674804688,74.80129167958883
74,qwen,4,0.9072112196950042,9.7432279586792,-2.345787525177002,76.4838328794371
74,qwen,5,0.9316502130873388,13.648639678955078,-2.6547136306762695,76.78206852401581
74,qwen,6,0.949971566250636,11.167007446289062,-2.4701576232910156,76.49028594403758
74,qwen,7,0.9569818265470439,10.776422500610352,-2.440086841583252,76.28480120145012
74,qwen,8,0.9301699176225001,11.28184700012207,-2.440769910812378,76.77996675849793
74,qwen,9,0.973404255319149,12.865185737609863,-2.595860481262207,75.70077132008035
75,qwen,0,0.9032189723583405,15.09963321685791,-2.6905345916748047,76.54884447024817
75,qwen,1,0.9356630149831283,9.312215805053713,-2.2598648071289062,76.62896607194244
75,qwen,2,0.8839910183463893,10.880326271057127,-2.387369155883789,75.81461361376077
75,qwen,3,0.9134828480212389,11.033677101135254,-2.4006547927856445,76.68592409219038
75,qwen,4,0.9151096608972924,10.5773344039917,-2.3548943996429443,76.68558819210611
75,qwen,5,0.9240492535687044,10.903807640075684,-2.371016025543213,76.77845453440683
75,qwen,6,0.9267280264014343,12.783740997314451,-2.556558609008789,76.82408844443002
75,qwen,7,0.9258344378840824,9.70765495300293,-2.2902684211730957,76.69803855190725
75,qwen,8,0.9097412706649863,12.116846084594728,-2.4554622173309326,76.68622575475666
75,qwen,9,0.9204246624022744,11.37448501586914,-2.4217689037323,76.77814200577528
76,qwen,0,0.9663299663299664,8.613205909729004,-2.215182304382324,75.81395374145372
76,qwen,1,0.9519067519916417,10.324400901794434,-2.3834259510040283,76.41358716437351
76,qwen,2,0.8847479423809609,7.955503940582275,-2.1489920616149902,75.60304874078984
76,qwen,3,0.9495798319327731,8.44432544708252,-2.166299819946289,76.32199477052934
76,qwen,4,0.9632107023411371,8.638222694396973,-2.254302501678467,75.93547029625555
76,qwen,5,0.9622126551065859,13.202232360839844,-2.6339964866638184,76.15130097419423
76,qwen,6,0.9410131714944479,10.08518123626709,-2.365157127380371,76.61564894628455
76,qwen,7,0.9412558293560273,11.034892082214355,-2.494065761566162,76.62993967207198
76,qwen,8,0.9257778003349745,10.216538429260254,-2.4033331871032715,76.71070658872041
76,qwen,9,0.9479943369513921,10.959065437316896,-2.430589199066162,76.53906771636882
77,qwen,0,0.961038961038961,12.903700828552246,-2.566322326660156,76.23463124478772
77,qwen,1,1.0,14.912047386169434,-2.726653814315796,74.10982305671587
77,qwen,2,0.9555555555555556,9.578112602233888,-2.281114339828491,76.2732384257629
77,qwen,3,0.9907407407407407,13.802912712097168,-2.654813766479492,74.74992003585746
77,qwen,4,0.987012987012987,32.528358459472656,-3.5068678855895996,73.14861897218302
77,qwen,5,0.978774062816616,8.862998962402344,-2.202289342880249,75.26382476844026
77,qwen,6,1.0,11.278423309326172,-2.452077627182007,74.0981089141011
77,qwen,7,0.9487179487179487,9.885401725769045,-2.328178882598877,76.46787221946501
77,qwen,8,0.9745762711864406,11.790451049804688,-2.5170559883117676,75.62768261499077
77,qwen,9,0.9915254237288136,12.099738121032717,-2.513873815536499,74.70189769258963
78,qwen,0,0.9296747911910653,10.21961784362793,-2.342660903930664,76.7301968583683
78,qwen,1,0.9460498409331919,12.943686485290527,-2.546164035797119,76.66032182926057
78,qwen,2,0.9516639179334964,12.961731910705566,-2.5555765628814697,76.5286176369812
78,qwen,3,0.9261632917533804,8.28929615020752,-2.080156087875366,76.54496883157627
78,qwen,4,0.941698418497834,11.238859176635742,-2.44619083404541,76.66910084152853
78,qwen,5,0.9485210612428219,11.891168594360352,-2.461501121520996,76.58708777345424
78,qwen,6,0.9093333333333333,9.385111808776855,-2.279810905456543,76.50619057679981
78,qwen,7,0.9560938833005972,9.788057327270508,-2.3072385787963867,76.2722568066747
78,qwen,8,0.9644544840837098,14.182049751281738,-2.629917860031128,76.14004361287553
79,qwen,0,0.9524776912853616,8.061880111694336,-2.100198268890381,76.19927903307001
79,qwen,1,1.0,10.684698104858398,-2.371920347213745,74.0844507089282
79,qwen,2,0.991869918699187,9.300212860107422,-2.202051877975464,74.54033216019207
79,qwen,3,0.9458250714092294,10.82282543182373,-2.3340964317321777,76.60808881110728
79,qwen,4,0.9637608966376089,8.059752464294434,-2.0780231952667236,75.8340794554175
79,qwen,5,0.9395481298651983,11.276898384094238,-2.4531497955322266,76.69831135730105
79,qwen,6,0.9833333333333333,10.319483757019045,-2.364166736602783,75.12704866871567
79,qwen,7,0.9541134541134542,10.162782669067385,-2.320441246032715,76.35973559517295
79,qwen,8,0.9255187165775401,8.26177978515625,-2.102609634399414,76.5483949126146
79,qwen,9,0.9660792644702931,9.797242164611816,-2.1839332580566406,75.93176799558022
80,qwen,0,0.8299196083665132,8.9517240524292,-2.25205397605896,71.8891100648986
80,qwen,1,0.9498561921357043,6.959596633911133,-1.9438087940216064,76.0815551953677
80,qwen,2,0.9381858725615859,8.870718002319336,-2.1920387744903564,76.5620238491763
80,qwen,3,0.9259866347244989,8.170048713684082,-2.1084251403808594,76.54178242907665
80,qwen,4,0.9244944109530766,8.788018226623535,-2.206106662750244,76.61416626092743
80,qwen,5,0.9400434867268125,8.394006729125977,-2.1450257301330566,76.48710051749215
80,qwen,6,0.9566563467492261,8.316793441772461,-2.1570022106170654,76.11948749637682
80,qwen,7,0.8559652258722827,5.744725227355957,-1.7841817140579224,73.5120528058459
80,qwen,8,0.9063682738193187,6.1546101570129395,-1.8148305416107176,75.9429848348346
80,qwen,9,0.9493243243243243,7.785138130187988,-2.101285457611084,76.2493121405214
81,qwen,0,0.9286094517063939,10.340593338012695,-2.3140292167663574,76.74991151345503
81,qwen,1,0.921623797981363,12.21128273010254,-2.5346128940582275,76.78234074560146
81,qwen,2,0.9186503984974411,8.594974517822266,-2.2350573539733887,76.562363482895
81,qwen,3,0.9227356962870573,9.572733879089355,-2.329984664916992,76.66865869619895
81,qwen,4,0.9113959492271557,13.395557403564451,-2.662777900695801,76.63702118493103
81,qwen,5,0.9319977576161563,9.016467094421388,-2.261300563812256,76.62659032297495
81,qwen,6,0.9738562091503268,10.832937240600586,-2.4603655338287354,75.62002379632347
81,qwen,7,0.9041470318066063,8.0804443359375,-2.1457278728485107,76.26803216902708
81,qwen,8,0.9345722028648857,9.348565101623535,-2.263458490371704,76.64099474222436
81,qwen,9,0.9333917007143055,11.407474517822266,-2.4671292304992676,76.76019126392632
82,qwen,0,0.9508116375558766,10.576831817626951,-2.4181723594665527,76.44803031507263
82,qwen,1,0.9401997262851766,7.975256443023682,-2.1193106174468994,76.4385189051727
82,qwen,2,0.8895647419924372,7.769806861877441,-2.113455295562744,75.77454493275827
82,qwen,3,0.8904821608403543,8.193867683410645,-2.159916400909424,75.86105108761434
82,qwen,4,0.877982276755283,6.105096340179443,-1.854676604270935,74.95030596999375
82,qwen,5,0.9164730619395287,8.392964363098145,-2.167374610900879,76.51706455997069
82,qwen,6,0.8939220409159248,9.925821304321287,-2.351271152496338,76.1337606021081
82,qwen,7,0.9104008426299548,10.251620292663574,-2.363811492919922,76.5841410100816
82,qwen,8,0.9542682926829268,8.595796585083008,-2.2043662071228027,76.22093063176993
82,qwen,9,0.9368854710244439,7.324059009552002,-2.043297052383423,76.38717210881453
83,qwen,0,0.9291027754776128,9.214248657226562,-2.2409818172454834,76.65628089823578
83,qwen,1,0.9579680329166007,12.591838836669922,-2.525512933731079,76.34571122846552
83,qwen,2,0.8840609765581516,9.26971435546875,-2.264179229736328,75.70419141758875
83,qwen,3,0.9159200059200058,7.782336235046387,-2.0647079944610596,76.42470042642685
83,qwen,4,0.8338839306113713,9.57614803314209,-2.2503437995910645,72.3138617625134
83,qwen,5,0.9545218680504077,9.569128036499023,-2.219594955444336,76.30531094358575
83,qwen,6,0.8795744146632352,10.52878761291504,-2.3106789588928223,75.60208421384458
83,qwen,7,0.9406068871462665,8.69648265838623,-2.200026273727417,76.5155175374979
83,qwen,8,0.8994530988576719,12.553122520446776,-2.494077205657959,76.45602923861856
83,qwen,9,0.9554140127388535,8.916208267211914,-2.228339195251465,76.2194231047489
84,qwen,0,0.9290093809885641,14.528970718383787,-2.6474595069885254,76.85699195010265
84,qwen,1,0.9380683308324986,17.761754989624023,-2.8541290760040283,76.69261386932264
84,qwen,2,0.9336891178996443,12.131190299987791,-2.52058744430542,76.78061770266937
84,qwen,3,0.955292749982094,12.53420066833496,-2.5224575996398926,76.4245077617232
84,qwen,4,0.9376490437100365,13.2002534866333,-2.615930557250977,76.7441700097095
84,qwen,5,0.9268839774457752,11.010985374450684,-2.4006636142730713,76.78105255877571
84,qwen,6,0.9580314736588675,12.352438926696776,-2.528714179992676,76.32313984425096
84,qwen,7,0.941053122388371,12.571243286132812,-2.535360336303711,76.72559213114641
84,qwen,8,0.9143670438775598,12.059611320495604,-2.458221435546875,76.75259573038923
84,qwen,9,0.9647564565770106,11.497264862060549,-2.4138686656951904,76.08941088581638
85,qwen,0,0.9670103092783505,11.025848388671877,-2.4455699920654297,75.94572475685482
85,qwen,1,0.9396080126844701,7.559908866882324,-2.089607000350952,76.39667537756291
85,qwen,2,0.9343637093536732,8.74555492401123,-2.207045555114746,76.58714704707354
85,qwen,3,0.9119662411178281,7.813199520111084,-2.101959228515625,76.38584426616589
85,qwen,4,0.955421036256154,9.26480770111084,-2.225390672683716,76.25176181080705
85,qwen,5,0.9459211572225958,9.491321563720703,-2.247281312942505,76.50190045212535
85,qwen,6,0.9497565101707304,8.636474609375,-2.1669697761535645,76.33642415432645
85,qwen,7,0.9503288494885133,7.69342041015625,-2.065312623977661,76.20492968348799
85,qwen,8,0.9410618677853448,9.198691368103027,-2.230616569519043,76.55721769274894
85,qwen,9,0.912743498547133,10.779664993286133,-2.396772861480713,76.65534664581668
86,qwen,0,0.9507085226117026,8.903367042541504,-2.1595005989074707,76.33801762978045
86,qwen,1,0.9172517435625364,9.986863136291504,-2.321504592895508,76.66717317208939
86,qwen,2,0.9459835090584746,9.57571029663086,-2.187199592590332,76.50691190987553
86,qwen,3,0.9345755832106696,9.360503196716309,-2.228166103363037,76.64357758787789
86,qwen,4,0.9462189968415231,8.720147132873535,-2.147439956665039,76.41707656081974
86,qwen,5,0.8866745226212123,11.456701278686523,-2.442301988601685,75.95234070499687
86,qwen,6,0.9486933823873821,8.227410316467285,-2.1430816650390625,76.31711290176527
86,qwen,7,0.9278129896858994,9.179240226745604,-2.1916980743408203,76.65342119553011
86,qwen,8,0.9488667026443606,7.7704758644104,-2.061380386352539,76.24489559662919
86,qwen,9,0.96875,11.773270606994627,-2.462052345275879,75.92548403700724
87,qwen,0,0.9497961197828739,11.402745246887209,-2.450127601623535,76.52532051501466
87,qwen,1,0.978494623655914,13.13940715789795,-2.533746242523194,75.52192060190706
87,qwen,2,0.9415042263239607,11.079730033874512,-2.4736695289611816,76.64300625197444
87,qwen,3,0.9318213189230713,8.716002464294434,-2.1767497062683105,76.59736882700058
87,qwen,4,0.9384001388165886,8.541068077087402,-2.16001033782959,76.52433107394796
87,qwen,5,0.9046844919786097,8.532088279724121,-2.142061710357666,76.32374637204298
87,qwen,6,0.9375825061722175,11.084317207336426,-2.4066829681396484,76.72858516381696
87,qwen,7,0.9227214017833523,11.402470588684082,-2.418623447418213,76.79524550080684
87,qwen,8,0.9176942355889725,11.047701835632324,-2.4193601608276367,76.72927417588453
87,qwen,9,0.9650145772594753,10.547637939453123,-2.3185102939605713,76.0320188828275
88,qwen,0,0.9921259842519685,13.108757972717283,-2.570829153060913,74.69413021735099
88,qwen,1,0.9339574468085107,11.527876853942873,-2.4897334575653076,76.75214031515287
88,qwen,2,0.9758454106280193,11.767692565917969,-2.4837653636932373,75.58667339706422
88,qwen,3,0.9041509337032185,10.204242706298828,-2.3595194816589355,76.45276733891994
88,qwen,4,0.9119566860425169,10.284360885620115,-2.362353563308716,76.61324773072357
88,qwen,5,0.9314103134183152,12.507015228271484,-2.5440006256103516,76.8043196124738
88,qwen,6,0.9299278682574966,10.598814010620115,-2.3929572105407715,76.7453515707441
88,qwen,7,0.9100846110180336,12.421854972839355,-2.524257183074951,76.67105906195447
88,qwen,8,0.9426667341746515,13.515278816223145,-2.609548568725586,76.70536868411297
88,qwen,9,0.9715025906735751,11.053893089294434,-2.4010515213012695,75.77699457561015
89,qwen,0,0.8240698322220975,10.636459350585938,-2.3017382621765137,71.46974347602632
89,qwen,1,0.8449864396499601,10.938638687133787,-2.3295235633850098,73.37737986248908
89,qwen,2,0.8770013369419898,10.019113540649414,-2.301022529602051,75.43088150881752
89,qwen,3,0.931880708704743,10.66784954071045,-2.3291382789611816,76.76439113486077
89,qwen,4,0.9198589248662091,12.28609848022461,-2.4544835090637207,76.82950665563656
89,qwen,5,0.9056561103760336,15.014731407165527,-2.646223545074463,76.65066329314612
89,qwen,6,0.8689035371226084,8.130158424377441,-2.0312142372131348,74.77048857460082
89,qwen,7,0.9714285714285714,25.99443244934082,-2.85650897026062,75.85093849960008
89,qwen,8,0.9358974358974359,11.04378890991211,-2.369682788848877,76.75635628171119
89,qwen,9,0.9155134339344866,13.170014381408691,-2.551942825317383,76.78575576212458
90,qwen,0,0.9476506861212437,7.494544982910156,-2.005329132080078,76.21929601296468
90,qwen,1,0.9641487195971286,8.671244621276855,-2.1680288314819336,75.90027797333804
90,qwen,2,0.9566021627774616,7.6341142654418945,-2.036848545074463,76.01811646300365
90,qwen,3,0.9809885931558935,8.782648086547852,-2.1618969440460205,75.13411513680285
90,qwen,4,0.9439494963824656,8.017143249511719,-2.1049180030822754,76.38111356865798
90,qwen,5,0.9819277108433735,7.48989725112915,-2.017399311065674,74.91110424531027
90,qwen,6,0.9712918660287081,6.338291645050049,-1.830868363380432,75.20201044797693
90,qwen,7,0.956140350877193,6.892975807189941,-1.9248684644699097,75.89572492394774
90,qwen,8,0.9512896825396826,9.30402946472168,-2.2235164642333984,76.36657497181245
91,qwen,0,0.8973662007164707,7.325544357299805,-2.0321266651153564,75.97208137369678
91,qwen,1,0.9424047201110183,7.346374034881592,-2.018425464630127,76.30730519913755
91,qwen,2,0.9356283629602501,10.976480484008787,-2.381498336791992,76.74885083587687
91,qwen,3,0.9087534766197323,10.252693176269531,-2.318751811981201,76.56661220540511
91,qwen,4,0.9398708635996771,7.632265090942383,-2.0611276626586914,76.39063909465358
91,qwen,5,0.9335445248915469,7.020280838012695,-1.921298265457153,76.3178815752041
91,qwen,6,0.9145365912892355,10.506341934204102,-2.3333849906921387,76.67819031355323
91,qwen,7,0.9405196733481811,8.521862030029297,-2.147080898284912,76.49334824085085
91,qwen,8,0.9530240073868883,9.776321411132812,-2.2751386165618896,76.36245054114556
91,qwen,9,0.9185176737459734,9.780683517456056,-2.364281177520752,76.64897221605926
92,qwen,0,0.957000343997248,14.487382888793944,-2.7257158756256104,76.30610732019473
92,qwen,1,0.9124675568341725,11.065168380737305,-2.440407037734986,76.65481960755376
92,qwen,2,0.9205029318576078,8.293025970458984,-2.2057242393493652,76.54734563689556
92,qwen,3,0.9224197895835144,9.294483184814451,-2.2761316299438477,76.65135811432782
92,qwen,4,0.919863392661478,9.932151794433594,-2.351790428161621,76.67763664194507
92,qwen,5,0.9483766720527727,10.25850772857666,-2.3630595207214355,76.49850864958584
92,qwen,6,0.9526462395543176,7.413151264190674,-2.0745863914489746,76.12218648708462
92,qwen,7,0.9592274678111588,10.43356704711914,-2.3855574131011963,76.20884362882019
92,qwen,8,0.9290282726563164,8.548824310302734,-2.2184174060821533,76.59375437728991
92,qwen,9,0.9514171043117968,11.284246444702148,-2.467965841293335,76.46629407004139
93,qwen,0,0.9118450434201355,11.407291412353516,-2.3578412532806396,76.70803861411801
93,qwen,1,0.9319962444962445,9.257564544677734,-2.27511215209961,76.64772743382944
93,qwen,2,0.90313818822707,12.572867393493652,-2.530871868133545,76.52985891981005
93,qwen,3,0.8961048185114576,11.915465354919434,-2.436363458633423,76.33920320489128
93,qwen,4,0.9090999265974963,9.092819213867188,-2.189908266067505,76.47630034144949
93,qwen,5,0.9128093104676003,15.64203929901123,-2.643836498260498,76.82282704293779
93,qwen,6,0.9518579376747672,9.423256874084473,-2.180964708328247,76.36073895106831
93,qwen,7,0.9141634576438965,11.531651496887209,-2.4054012298583984,76.7343371319682
93,qwen,8,0.8887495480044642,11.906686782836914,-2.4931907653808594,76.04227459163928
93,qwen,9,0.8795118360485725,12.298524856567385,-2.505620241165161,75.65722199078033
94,qwen,0,0.976,14.391691207885742,-2.60814905166626,75.66970736512587
94,qwen,1,0.9162718132439617,12.547643661499023,-2.502281665802002,76.7858914016819
94,qwen,2,0.9620834661668658,14.316773414611816,-2.6062779426574707,76.25970280409837
94,qwen,3,0.9286771539706035,9.488045692443848,-2.285475254058838,76.67851076239765
94,qwen,4,0.8906149984819153,9.58082103729248,-2.2858169078826904,75.99820266012874
94,qwen,5,0.9230870944852765,9.405543327331545,-2.1435115337371826,76.65915396128872
94,qwen,6,0.9267333981395992,12.214052200317385,-2.4498372077941895,76.85413901950685
94,qwen,7,0.9415128796616686,18.517681121826172,-2.779214859008789,76.791780075413
94,qwen,8,0.9379084967320261,11.45004940032959,-2.307794094085694,76.78628720288901
94,qwen,9,0.8880885374787812,18.85527801513672,-2.7934489250183105,76.10182071700116
95,qwen,0,0.9164337367054366,10.88963794708252,-2.4299144744873047,76.69768123569447
95,qwen,1,0.917661223280747,10.309057235717772,-2.359027862548828,76.6895241985159
95,qwen,2,0.9222382070114333,7.570081233978272,-2.0810375213623047,76.46226449922726
95,qwen,3,0.9135616728178847,8.062112808227539,-2.116319417953491,76.43808526163515
95,qwen,4,0.952755905511811,15.296247482299805,-2.780460834503174,76.40284999851072
95,qwen,5,0.9122983260914296,9.76740550994873,-2.3432931900024414,76.57840752856215
95,qwen,6,0.9591194968553459,9.823882102966309,-2.323685884475708,76.1775558609038
95,qwen,7,0.8665666112980439,8.691621780395508,-2.227588415145874,74.72821585641259
95,qwen,8,0.952187126885922,8.100083351135254,-2.1690478324890137,76.22532516525214
95,qwen,9,0.9570200573065902,8.607352256774902,-2.20325231552124,76.14152193143464
96,qwen,0,0.943885761777039,8.100512504577637,-2.098414421081543,76.38851180877133
96,qwen,1,0.9267014034186106,10.819190979003906,-2.3554482460021973,76.78135708058366
96,qwen,2,0.8845204925628392,11.364181518554688,-2.3928048610687256,75.87602359202941
96,qwen,3,0.9118711525469294,11.360751152038574,-2.3444433212280273,76.70864699539621
96,qwen,4,0.909866609315176,12.411063194274902,-2.500143527984619,76.68345451078618
96,qwen,5,0.9269553012115422,8.942116737365723,-2.148484230041504,76.62563313848759
96,qwen,6,0.9673769002843913,13.887380599975586,-2.6068339347839355,76.0276356874442
96,qwen,7,0.9296884255419975,10.993108749389648,-2.349641799926758,76.79463258664451
96,qwen,8,0.9311439835988015,9.930018424987791,-2.2746458053588867,76.71283511083817
96,qwen,9,0.9383305482613193,9.53752326965332,-2.2502474784851074,76.62317100797237
97,qwen,0,0.9780701754385965,10.18891143798828,-2.359809160232544,75.40111568876362
97,qwen,1,0.9692832764505119,14.095531463623049,-2.629746913909912,75.93901814709797
97,qwen,2,0.9518259518259519,12.2531099319458,-2.468891143798828,76.53276562337759
97,qwen,3,1.0,9.974641799926758,-2.3413453102111816,74.03198950341132
97,qwen,4,0.9474744553691923,10.949432373046877,-2.439541816711426,76.54470642904195
97,qwen,5,0.9436619718309859,12.96487808227539,-2.6025924682617188,76.6562344517118
97,qwen,6,0.9203560479917835,10.047532081604004,-2.2979846000671387,76.70411582379002
97,qwen,7,0.9533975856697818,8.657251358032227,-2.1996827125549316,76.25037613237748
97,qwen,8,0.9656983829002403,11.009905815124512,-2.412001132965088,76.01342139825232
97,qwen,9,0.951863451299718,11.654382705688477,-2.475482940673828,76.4806515878597
98,qwen,0,0.9269823313940961,11.745077133178713,-2.44352388381958,76.82074612098619
98,qwen,1,0.9666666666666667,12.07703971862793,-2.4590322971343994,76.03727536652666
98,qwen,2,0.9651331125015336,12.743165969848633,-2.5248069763183594,76.10549450204553
98,qwen,3,0.9201666243290137,9.60093879699707,-2.2195425033569336,76.66842414265359
98,qwen,4,0.9680851063829787,9.644168853759766,-2.2566986083984375,75.83757343407947
98,qwen,5,0.9514412416851441,12.8692045211792,-2.5311684608459473,76.5467070061471
98,qwen,6,0.9663865546218487,12.304460525512695,-2.4942269325256348,76.04442929609397
98,qwen,7,0.9108669320191364,11.714645385742188,-2.447912216186523,76.67827782535713
98,qwen,8,0.9715302491103203,10.680780410766602,-2.3732471466064453,75.75499706664125
98,qwen,9,0.9457364341085271,11.111543655395508,-2.38083553314209,76.61935499041955
99,qwen,0,0.9770642201834863,11.900635719299316,-2.524667978286743,75.50827891357878
99,qwen,1,0.9777777777777777,10.939411163330078,-2.421750545501709,75.4561152644898
99,qwen,2,0.9407805662931931,9.432063102722168,-2.283313035964966,76.57909759697381
99,qwen,3,0.9705408964541775,12.380759239196776,-2.497472763061523,75.87337927587657
99,qwen,4,0.9219686938495402,8.492012977600098,-2.148275375366211,76.56878197784252
99,qwen,5,0.9915254237288136,9.63437271118164,-2.2929880619049072,74.58882174725893
99,qwen,6,0.9499665975176682,9.65203094482422,-2.2444677352905273,76.4300672792642
99,qwen,7,0.9287166371565349,9.529130935668944,-2.2625646591186523,76.68472944125351
99,qwen,8,0.9440892546288969,10.20799160003662,-2.2849040031433105,76.59647706537035
99,qwen,9,0.9568345323741008,7.932321548461914,-2.0669355392456055,76.05260550868847
0,gemma,0,0.9168817759421787,15.11703109741211,-2.6761474609375,76.80862837640238
0,gemma,1,0.9609877470541289,23.77445602416992,-3.083284854888916,75.85148739894949
0,gemma,2,0.9319347508921354,16.919069290161133,-2.7653825283050537,76.83705030856694
0,gemma,3,0.9291525069212365,15.90912628173828,-2.667716264724731,76.91661598827633
0,gemma,4,0.9056526588103045,20.889991760253903,-2.930832862854004,76.4812949894392
0,gemma,5,0.8912372045844887,16.15651512145996,-2.751873016357422,76.16165579758061
0,gemma,6,0.9206288273282693,16.024147033691406,-2.687257766723633,76.88035318380383
0,gemma,7,0.9200777819421887,14.449864387512209,-2.607452869415283,76.86809104270648
0,gemma,8,0.90867848524699,17.26539421081543,-2.792132616043091,76.65013458553246
0,gemma,9,0.927196273240714,20.036895751953125,-2.8666746616363525,76.81249726981478
1,gemma,0,0.9415291947037117,14.017007827758787,-2.5922017097473145,76.773553806767
1,gemma,1,0.9107468123861565,12.969898223876951,-2.549046516418457,76.70428785739432
1,gemma,2,0.9349934123847167,19.150712966918945,-2.902935028076172,76.6927345313094
1,gemma,3,0.9283604474985079,13.371264457702637,-2.622622013092041,76.80576628088136
1,gemma,4,0.9254786958771779,13.839034080505373,-2.537578582763672,76.91288934354675
1,gemma,5,0.9270607441339148,11.692673683166504,-2.4772891998291016,76.79714306545218
1,gemma,6,0.9632089654229876,18.75636100769043,-2.9074225425720215,76.03512016657385
1,gemma,7,0.9366750811395601,14.862778663635254,-2.673130989074707,76.80473233278178
1,gemma,8,0.9511111111111111,14.424342155456545,-2.6302409172058105,76.57427127500327
1,gemma,9,0.9780701754385965,12.722379684448242,-2.5479025840759277,75.50218645285287
2,gemma,0,0.9296884255419975,13.365201950073242,-2.599975347518921,76.82474800973426
2,gemma,1,0.9096025834178132,10.06426239013672,-2.3117825984954834,76.56726744728712
2,gemma,2,0.9472865537504321,12.677542686462402,-2.5830228328704834,76.58458454517327
2,gemma,3,0.9192749079879413,15.133453369140623,-2.713738203048706,76.78734071602167
2,gemma,4,0.9159833350950722,12.196504592895508,-2.515812873840332,76.74625756226061
2,gemma,5,0.934436393226644,14.018671989440918,-2.653710126876831,76.79138781091416
2,gemma,6,0.934233449477352,11.68981647491455,-2.4452552795410156,76.7896191560354
2,gemma,7,0.9081903293104527,10.693843841552734,-2.355741024017334,76.58414380203466
2,gemma,8,0.8961268885161358,10.263689994812012,-2.3268754482269287,76.2432453693549
2,gemma,9,0.9512195121951219,13.57832145690918,-2.625454902648926,76.5197829670533
3,gemma,0,0.8425488301082849,13.720430374145508,-2.5660786628723145,73.26108693482536
3,gemma,1,0.9173690078037904,13.56168270111084,-2.5955605506896973,76.79613832785444
3,gemma,2,0.9511006289308176,17.31830406188965,-2.881631135940552,76.39341576721998
3,gemma,3,0.9626168224299065,17.72608757019043,-2.8613295555114746,76.09457891391958
3,gemma,4,0.9570815450643777,13.638835906982422,-2.62921142578125,76.35766962484904
3,gemma,5,0.8539285942887125,17.07842254638672,-2.830625295639038,74.0296235345114
3,gemma,6,0.9166607458375013,13.931638717651367,-2.631826400756836,76.77864054235205
3,gemma,7,0.9127979874615662,14.307533264160156,-2.64811635017395,76.73673743419339
3,gemma,8,0.9301015810600475,14.586735725402832,-2.703964948654175,76.79350089716843
3,gemma,9,0.95,14.527058601379396,-2.6653642654418945,76.57014080875865
4,gemma,0,0.9216226258387429,13.925439834594728,-2.6115894317626953,76.83968695446023
4,gemma,1,0.9374860410059409,15.576194763183594,-2.7080609798431396,76.79759508976085
4,gemma,2,0.952289496006786,20.391353607177734,-2.9518909454345703,76.34546594446515
4,gemma,3,0.9191354171668187,13.18293285369873,-2.5707788467407227,76.80785844236458
4,gemma,4,0.9354348850604807,19.990419387817383,-2.955390453338623,76.61877520921679
4,gemma,5,0.8876654808400061,15.741663932800291,-2.693901300430298,76.07398075264823
4,gemma,6,0.9452291195442741,12.217340469360352,-2.4437403678894043,76.6893322448687
4,gemma,7,0.9243986254295533,15.294007301330566,-2.684908390045166,76.85993610631552
4,gemma,8,0.9411214953271028,14.902764320373535,-2.6634538173675537,76.76415650465785
4,gemma,9,0.9294996868526281,15.40375804901123,-2.6981735229492188,76.85186418928059
5,gemma,0,0.9389172004301276,16.712982177734375,-2.759000301361084,76.77609216572907
5,gemma,1,0.9427609427609428,16.65948486328125,-2.6172566413879395,76.8856043192617
5,gemma,2,0.914584561062632,15.498861312866213,-2.730745315551758,76.7375538789905
5,gemma,3,0.9107420861442657,18.013233184814453,-2.8446226119995117,76.63999967274441
5,gemma,4,0.9381742738589212,19.633474349975582,-2.7735936641693115,76.88080970264019
5,gemma,5,0.9598214285714286,14.65058422088623,-2.5349087715148926,76.42083121486057
5,gemma,6,0.9288613686040651,14.785460472106934,-2.6518449783325195,76.86871547536148
5,gemma,7,0.9221072276891754,16.328475952148438,-2.715151309967041,76.87174134903516
5,gemma,8,0.9779735682819384,13.567808151245115,-2.481783866882324,75.61540333337577
5,gemma,9,0.967741935483871,15.83884620666504,-2.7457830905914307,75.97415058214285
6,gemma,0,0.9389612500290219,14.390517234802246,-2.7241857051849365,76.68835824944291
6,gemma,1,0.917309158688469,16.27301597595215,-2.8580262660980225,76.62624722459508
6,gemma,2,0.9452355490516126,16.0744571685791,-2.807616949081421,76.57624259059665
6,gemma,3,0.8576160736891602,15.61813735961914,-2.7197418212890625,74.3729619793609
6,gemma,4,0.9078000757288905,15.248383522033691,-2.781862497329712,76.54133127016755
6,gemma,5,0.9319965468529272,15.251580238342283,-2.786294460296631,76.71743971049528
6,gemma,6,0.9314550600540482,14.717905044555664,-2.7315659523010254,76.7621171561829
6,gemma,7,0.8833889853719883,24.406267166137695,-3.233237028121948,75.08770671924452
6,gemma,8,0.8830076675735841,19.194347381591797,-2.997363567352295,75.54385465474616
6,gemma,9,0.8493147411567882,13.893758773803713,-2.685987949371338,73.69580101940535
7,gemma,0,0.9513955419301271,19.2841796875,-2.9308276176452637,76.37610937451461
7,gemma,1,0.9602265219443133,11.589052200317385,-2.450385570526123,76.24212290608632
7,gemma,2,0.9304830081937718,14.037211418151855,-2.614227294921875,76.85491164256274
7,gemma,3,0.941957350656687,10.478936195373535,-2.36929988861084,76.63477473565935
7,gemma,4,0.9575730042149365,16.925926208496094,-2.740355968475342,76.4067418279678
7,gemma,5,0.9435557406761153,14.837958335876465,-2.724411964416504,76.64951984153848
7,gemma,6,0.9552715654952076,17.249116897583008,-2.838473081588745,76.34926134976583
7,gemma,7,0.9243125855760812,12.127519607543944,-2.507360458374023,76.8075033716156
7,gemma,8,0.9365962458962986,12.602621078491213,-2.5181806087493896,76.79446283426437
7,gemma,9,0.9452355490516126,13.330437660217283,-2.6036953926086426,76.65347032924932
8,gemma,0,0.9226405148976309,17.219318389892578,-2.8914666175842285,76.6568864569762
8,gemma,1,0.9069796696993908,16.351226806640625,-2.8585808277130127,76.46875788212222
8,gemma,2,0.9065429065429066,16.13450050354004,-2.844812393188477,76.47028717228274
8,gemma,3,0.8724673395947744,16.22690200805664,-2.8732504844665527,75.11284850772613
8,gemma,4,0.8973740992002703,14.768141746520996,-2.7117841243743896,76.34071925362849
8,gemma,5,0.9467213114754098,13.96730899810791,-2.721839427947998,76.53792365663261
8,gemma,6,0.9535419206284709,18.093276977539062,-2.9233148097991943,76.29074519323612
8,gemma,7,0.9481767068273091,14.97093677520752,-2.777556896209717,76.49725131407874
8,gemma,8,0.9236752136752137,14.991606712341309,-2.7374916076660156,76.77447219352037
8,gemma,9,0.9069161193477826,14.57114028930664,-2.713763475418091,76.57248130424925
9,gemma,0,0.9362641223426789,11.586576461791992,-2.502110481262207,76.72969772327137
9,gemma,1,0.9435797022993669,17.395858764648438,-2.855416774749756,76.5967308412547
9,gemma,2,0.9306714562033712,11.04078197479248,-2.4346723556518555,76.76141057867508
9,gemma,3,0.9083353192803227,20.484779357910156,-3.010690689086914,76.37427060953377
9,gemma,4,0.9126183534585227,12.466238975524902,-2.5612034797668457,76.68678786935102
9,gemma,5,0.9188383282341673,14.704310417175291,-2.6760237216949463,76.8023065799799
9,gemma,6,0.8825779287633175,17.647506713867188,-2.855456829071045,75.72257210594934
9,gemma,7,0.9276619421847638,18.917007446289062,-2.953012704849243,76.62538009641507
9,gemma,8,0.931919770773639,13.34181785583496,-2.61288070678711,76.80235990071911
9,gemma,9,0.9282959935590582,16.631427764892578,-2.819288730621338,76.75558066818468
10,gemma,0,1.0,18.99164390563965,-2.827625274658203,74.16312156755004
10,gemma,1,0.9803921568627451,11.528605461120604,-2.482936382293701,75.33382970429197
10,gemma,2,0.978021978021978,14.043537139892578,-2.6751670837402344,75.4745040580403
10,gemma,3,0.9818181818181818,11.78881549835205,-2.420422077178955,75.31177788593828
10,gemma,4,0.9722222222222222,14.326480865478516,-2.65981125831604,75.79212664936958
10,gemma,5,0.9805194805194806,14.026083946228027,-2.6772680282592773,75.33955294230465
10,gemma,6,0.9579476861167003,13.45183277130127,-2.6444718837738037,76.3018453694086
10,gemma,7,0.904886877981929,12.562973022460938,-2.583730459213257,76.52724967715218
10,gemma,8,0.9787234042553191,27.625282287597656,-3.183291435241699,74.78421618094002
10,gemma,9,0.9782608695652174,10.739352226257324,-2.4157135486602783,75.41715965210294
11,gemma,0,0.9269823313940961,15.350305557250977,-2.741288661956787,76.79725076551523
11,gemma,1,0.95703125,13.063265800476074,-2.562053918838501,76.38076222267468
11,gemma,2,0.934552640756384,13.11390781402588,-2.5585708618164062,76.81850948983417
11,gemma,3,0.9625,15.618569374084473,-2.7210476398468018,76.19691148047768
11,gemma,4,0.8953369905956112,10.154948234558104,-2.3420610427856445,76.20417934736071
11,gemma,5,0.9222187054913752,8.196297645568848,-2.1212353706359863,76.53567474833959
11,gemma,6,0.8840423682444761,9.283329963684082,-2.272123336791992,75.70386535467517
11,gemma,7,0.9719298245614035,13.104681015014648,-2.614476442337036,75.76861665725207
11,gemma,8,0.9501449275362319,10.791537284851074,-2.3913846015930176,76.49400066436723
11,gemma,9,0.8883533491317562,12.060126304626465,-2.5291876792907715,76.01319702538896
12,gemma,0,0.9355249483074181,17.382949829101562,-2.822089672088623,76.75177584346768
12,gemma,1,0.929930173585413,10.965941429138184,-2.4026103019714355,76.77255207529679
12,gemma,2,0.8704421172636256,15.429990768432615,-2.740227222442627,75.15251409925192
12,gemma,3,0.9121395692200798,12.108962059020996,-2.4810609817504883,76.7106667109946
12,gemma,4,0.8557379235072485,16.68941307067871,-2.8140928745269775,74.16690217072659
12,gemma,5,0.8397351860849709,17.73220443725586,-2.855713367462158,72.89006015130991
12,gemma,6,0.9320546881156354,15.55849838256836,-2.721587657928467,76.82242122898468
12,gemma,7,0.8865118067572055,12.19001293182373,-2.524935722351074,75.95138495004767
12,gemma,8,0.955550024888004,16.355121612548828,-2.7894859313964844,76.37128433147153
12,gemma,9,0.8634782771830561,12.713004112243652,-2.494076728820801,74.79051830924462
13,gemma,0,0.9166985049859486,16.498424530029297,-2.837778091430664,76.66397194280027
13,gemma,1,0.9277750218505658,20.32069206237793,-2.94484281539917,76.68219833381175
13,gemma,2,0.7048205427487598,8.882636070251465,-2.139709949493408,55.200156171027636
13,gemma,3,0.9334828378678923,14.249755859375,-2.6296706199645996,76.83862328661455
13,gemma,4,0.8849625250631961,12.921345710754396,-2.5675182342529297,75.90675257527754
13,gemma,5,0.9011232214517404,12.019781112670898,-2.4926626682281494,76.46227000076827
13,gemma,6,0.8748252805763265,10.239008903503418,-2.329582691192627,75.33066884203608
13,gemma,7,0.8489483119620106,11.06363010406494,-2.3991775512695312,73.67956043300185
13,gemma,8,0.9245098430699197,19.094615936279297,-2.92600417137146,76.67776313311136
13,gemma,9,0.9611940298507463,15.896519660949709,-2.729609727859497,76.24791224634791
14,gemma,0,0.9058315558072747,15.13180446624756,-2.6476588249206543,76.66009155498111
14,gemma,1,0.9505060447742358,13.748194694519045,-2.580951452255249,76.59109409551165
14,gemma,2,0.9246374037975202,17.401872634887695,-2.78323745727539,76.84294312599235
14,gemma,3,0.965,16.572315216064453,-2.760538339614868,76.10285517845494
14,gemma,4,0.9854014598540146,21.847984313964844,-3.0208497047424316,74.83472474468137
14,gemma,5,0.9338332979021189,13.609710693359377,-2.592179298400879,76.82943748625745
14,gemma,6,0.9179472968206782,12.051104545593262,-2.4912123680114746,76.77259210695769
14,gemma,7,0.9550698239222829,13.260522842407228,-2.5820956230163574,76.43575398398922
14,gemma,8,0.8888999684792666,9.520946502685549,-2.2550737857818604,75.92993612785348
14,gemma,9,0.9427099468750358,12.561748504638672,-2.532799243927002,76.70167039797391
15,gemma,0,0.9400096211139719,11.46782398223877,-2.5220375061035156,76.66348969792719
15,gemma,1,0.9620470206444091,14.990195274353027,-2.6673061847686768,76.24012474017728
15,gemma,2,0.9266155891225594,12.775164604187012,-2.5945229530334473,76.79017576737489
15,gemma,3,0.9418757138626845,13.323031425476074,-2.6378607749938965,76.67577773178475
15,gemma,4,0.9012535397759671,14.75411605834961,-2.678419589996338,76.49115256042087
15,gemma,5,0.9202110187627532,15.03931999206543,-2.72752046585083,76.77148990020694
15,gemma,6,0.8770489322213461,12.066304206848145,-2.5230298042297363,75.50390459404497
15,gemma,7,0.9619771863117871,13.13325309753418,-2.576610803604126,76.20947842881158
15,gemma,8,0.9254296364428524,13.32468032836914,-2.6241555213928223,76.80008225510988
15,gemma,9,0.9048451872004146,14.179169654846191,-2.734642505645752,76.47499663990425
16,gemma,0,0.9029069280388708,19.38510513305664,-2.9632129669189453,76.31692319339366
16,gemma,1,0.9097759615105933,16.48666000366211,-2.8186821937561035,76.59308481490598
16,gemma,2,0.8915491585580075,12.469526290893556,-2.533449172973633,76.1637475127927
16,gemma,3,0.8610127450440382,14.950804710388184,-2.729618549346924,74.5524563734084
16,gemma,4,0.8761849387919992,18.054555892944336,-2.87235164642334,75.39991570663263
16,gemma,5,0.8656226796883276,23.43143653869629,-3.1251533031463623,74.40520624471743
16,gemma,6,0.9035704331282113,19.209199905395508,-2.9413485527038574,76.36884573661632
16,gemma,7,0.9084017019676062,21.61584854125977,-3.081335067749023,76.24695844534145
16,gemma,8,0.8686748016546788,20.74094009399414,-3.025104522705078,74.7801132896053
16,gemma,9,0.8949681869080487,19.18645668029785,-2.9477672576904297,76.10852952486032
17,gemma,0,0.9465104211709764,14.014976501464844,-2.5821690559387207,76.695900500904
17,gemma,1,0.9047974374840753,14.194742202758787,-2.5966835021972656,76.62864860506785
17,gemma,2,0.9438943894389439,13.92802906036377,-2.582927703857422,76.73804024189653
17,gemma,3,0.8755512946381703,12.86556625366211,-2.5654454231262207,75.45333602714244
17,gemma,4,0.9216239760998719,14.36325740814209,-2.6216609477996826,76.858734703977
17,gemma,5,0.920935259984071,10.681717872619627,-2.3553214073181152,76.74963796635565
17,gemma,6,0.9187132437914316,10.719054222106934,-2.3781538009643555,76.72819845412762
17,gemma,7,0.8839032304573672,12.709864616394045,-2.545149564743042,75.8631724481321
17,gemma,8,0.9076029630419854,16.9896183013916,-2.803035259246826,76.59999890673707
17,gemma,9,0.8958173645841956,13.033270835876465,-2.523012638092041,76.36062334042155
18,gemma,0,0.925600753112782,14.944165229797363,-2.6883385181427,76.83760843213932
18,gemma,1,0.9242581988547631,14.83843231201172,-2.6621644496917725,76.85781295238652
18,gemma,2,0.9541703507220749,14.473148345947266,-2.6845149993896484,76.43801295722065
18,gemma,3,0.9419748970213366,15.78310775756836,-2.725332260131836,76.72944142727853
18,gemma,4,0.9231528714826395,16.226085662841797,-2.789691925048828,76.77090994545927
18,gemma,5,0.9383766175006787,15.717010498046877,-2.738197326660156,76.75747046961742
18,gemma,6,0.9320702282938992,15.330921173095703,-2.7357161045074463,76.79101522901307
18,gemma,7,0.9012946855029244,15.955643653869627,-2.720644950866699,76.51177825806916
18,gemma,8,0.9277120614700233,17.950178146362305,-2.840890884399414,76.78299214226539
18,gemma,9,0.9174821406353132,15.036942481994627,-2.6416800022125244,76.84778826118433
19,gemma,0,0.9172727454077505,12.309575080871582,-2.5339882373809814,76.75557469223169
19,gemma,1,0.9274458485780341,8.2495698928833,-2.128326892852783,76.5552209462475
19,gemma,2,0.9054368822508673,18.284648895263672,-2.8757147789001465,76.49528163653406
19,gemma,3,0.8780882225600163,18.74120330810547,-2.9402921199798584,75.40379349402369
19,gemma,4,0.948313369131213,16.219552993774414,-2.783721685409546,76.5567511838527
19,gemma,5,0.9358388140724501,13.390661239624023,-2.604142665863037,76.78702859132977
19,gemma,6,0.9338684503901895,18.32621192932129,-2.9151153564453125,76.65007691179132
19,gemma,7,0.9131005717582414,14.20912265777588,-2.7108402252197266,76.66255805349947
19,gemma,8,0.9304448563484709,14.145971298217772,-2.671863555908203,76.80152684491443
19,gemma,9,0.9604743083003953,12.957911491394045,-2.608508825302124,76.21978683683018
20,gemma,0,0.9329171502001621,14.66884994506836,-2.7287862300872803,76.7550295756882
20,gemma,1,0.9395832582798324,13.066814422607422,-2.5819334983825684,76.74351337240358
20,gemma,2,0.8667884607664202,15.75270175933838,-2.7783350944519043,74.90223521752176
20,gemma,3,0.9652509652509652,13.48984718322754,-2.607278347015381,76.08473213476844
20,gemma,4,0.864929399609689,16.579118728637695,-2.7475461959838867,74.87348882448059
20,gemma,5,0.9368983957219251,15.285831451416016,-2.645265579223633,76.85861653081466
20,gemma,6,0.9272338821163755,20.06602478027344,-2.9935760498046875,76.58202470756684
20,gemma,7,0.9113014096132268,15.200908660888672,-2.766249179840088,76.62428425884862
20,gemma,8,0.9498358295436587,14.90074634552002,-2.6522793769836426,76.61172589382984
20,gemma,9,0.9267147818537009,13.057413101196287,-2.6019198894500732,76.80402296018224
21,gemma,0,0.8869523230158896,15.22690200805664,-2.7310950756073,75.96897236370383
21,gemma,1,0.9613071276343832,16.4835262298584,-2.842001438140869,76.11380399544521
21,gemma,2,0.9800796812749004,17.128477096557617,-2.8665919303894043,75.27540844279729
21,gemma,3,0.9776785714285714,14.858317375183104,-2.7173941135406494,75.49393951264516
21,gemma,4,0.8911149825783972,12.535611152648926,-2.533792495727539,76.1524880541821
21,gemma,5,0.9171318616956152,13.765923500061035,-2.637995719909668,76.76603614244286
21,gemma,6,0.95260663507109,19.21988296508789,-3.0307416915893555,76.14760798633971
21,gemma,7,0.9497000461467466,16.15176773071289,-2.7997689247131348,76.49865379228676
21,gemma,8,0.9483568075117371,11.262429237365724,-2.452528953552246,76.54494246955096
21,gemma,9,0.9431544422836908,17.151159286499023,-2.866732120513916,76.57404750386148
22,gemma,0,0.9444214322263103,11.61695671081543,-2.492217540740967,76.62779411637993
22,gemma,1,0.9348837209302325,8.535361289978027,-2.1756975650787354,76.5604057896435
22,gemma,2,0.915739847851709,13.215248107910156,-2.592686891555786,76.75640590161626
22,gemma,3,0.9477174150466503,11.48076629638672,-2.480039119720459,76.56034395551004
22,gemma,4,0.8682024042772462,8.331756591796875,-2.17936372756958,74.78986427000794
22,gemma,5,0.9241009256983698,9.071843147277832,-2.251450777053833,76.63959740271281
22,gemma,6,0.9617341562547043,10.189716339111328,-2.3623366355895996,76.11028023855631
22,gemma,7,0.9201520094982564,12.103619575500488,-2.5557193756103516,76.74761186541708
22,gemma,8,0.9029363620479895,11.224666595458984,-2.462974548339844,76.46367754174997
22,gemma,9,0.9497816593886463,10.19606113433838,-2.367621421813965,76.45979341593474
23,gemma,0,0.9109303780498704,13.325801849365234,-2.591245651245117,76.69670472179222
23,gemma,1,0.9444444444444444,15.39840030670166,-2.7715728282928467,76.60482703877702
23,gemma,2,0.8911777725337048,13.940845489501951,-2.6746702194213867,76.12128578345788
23,gemma,3,0.9533551554828151,12.689311981201172,-2.539034366607666,76.47766194763453
23,gemma,4,0.9619377162629758,15.280139923095703,-2.767295837402344,76.13619703282986
23,gemma,5,0.9512838700524897,14.730904579162598,-2.7158455848693848,76.49239074480523
23,gemma,6,0.9354595745786043,11.96304702758789,-2.5087695121765137,76.76235437538244
23,gemma,7,0.9158999411672298,14.09424114227295,-2.6897616386413574,76.71714130621923
23,gemma,8,0.9497315351118252,14.20434284210205,-2.660308361053467,76.56110730708919
23,gemma,9,0.9491305054444985,15.692342758178713,-2.7860724925994873,76.50638223205866
24,gemma,0,0.8666691480254587,14.84761905670166,-2.620800018310547,75.03141619807081
24,gemma,1,0.8731078928286629,17.917556762695312,-2.8663735389709473,75.23971461110176
24,gemma,2,0.939113475177305,11.933361053466797,-2.4694786071777344,76.74731073803476
24,gemma,3,0.9489360872165765,12.29507064819336,-2.5263314247131348,76.56648767022016
24,gemma,4,0.9597826526077647,15.442423820495604,-2.7089853286743164,76.29630563186635
24,gemma,5,0.9177136498799292,15.668293952941896,-2.7062153816223145,76.81375891946259
24,gemma,6,0.9210871470872366,13.587428092956545,-2.5478787422180176,76.86977517705658
24,gemma,7,0.953074711937695,13.148184776306152,-2.572230815887451,76.49152582680024
24,gemma,8,0.9237924895654569,16.814170837402344,-2.7799177169799805,76.81738956680202
24,gemma,9,0.9202815082971533,11.50953769683838,-2.388563394546509,76.80256818811564
25,gemma,0,0.921186881832379,12.94424533843994,-2.6241116523742676,76.75570060199956
25,gemma,1,0.9119007709290154,9.072489738464355,-2.257016181945801,76.52340267014249
25,gemma,2,0.8695295574125658,15.101245880126951,-2.738515615463257,75.08239145800438
25,gemma,3,0.8851062156029662,11.148085594177246,-2.476572036743164,75.84092997861126
25,gemma,4,0.8568033981171046,9.28099250793457,-2.241806983947754,74.13986221594686
25,gemma,5,0.9435549471261632,11.672911643981934,-2.49475622177124,76.64565788686268
25,gemma,6,0.9290374474930736,12.055570602416992,-2.528731346130371,76.78885339590147
25,gemma,7,0.9498478140564471,20.378446578979492,-3.0555155277252197,76.19619184321274
25,gemma,8,0.8471329982107864,11.476789474487305,-2.4742212295532227,73.53252247286363
25,gemma,9,0.9085543927802746,7.618371486663818,-2.082069396972656,76.30057620356345
26,gemma,0,0.962086745526236,21.55946922302246,-3.051523208618164,75.86644869448988
26,gemma,1,0.9483076508983245,18.200260162353516,-2.82790470123291,76.58296759295057
26,gemma,2,0.9568106312292359,19.052528381347656,-2.943030595779419,76.19617987236175
26,gemma,3,0.9719387755102041,19.421401977539062,-2.9436850547790527,75.63224725881904
26,gemma,4,0.9370745823171841,16.985990524291992,-2.7546520233154297,76.81595430429022
26,gemma,5,0.9297321181993925,16.98653221130371,-2.70027756690979,76.93288263832959
26,gemma,6,0.9509394415749681,15.991312980651855,-2.6859617233276367,76.61077487695694
26,gemma,7,0.9458800585080448,25.243539810180664,-3.1154909133911133,76.175970223739
26,gemma,8,0.9416312056737588,13.423166275024414,-2.577375888824463,76.74459378312477
26,gemma,9,0.9613947176114417,15.40846347808838,-2.6664881706237793,76.28902144512787
27,gemma,0,0.9166864115626111,15.415011405944824,-2.7877888679504395,76.67995906708103
27,gemma,1,0.9253393665158371,13.477968215942385,-2.639827013015747,76.79467601374108
27,gemma,2,0.9591280653950953,18.609594345092773,-2.932374954223633,76.12701010607682
27,gemma,3,0.9248792428911766,14.686427116394045,-2.7297098636627197,76.76929619318734
27,gemma,4,0.9518987341772152,15.541759490966797,-2.8033390045166016,76.40608604203791
27,gemma,5,0.9521798551318847,12.550265312194824,-2.568455934524536,76.47410194469711
27,gemma,6,0.9242129809560824,11.370051383972168,-2.476567506790161,76.76689411905039
27,gemma,7,0.934233449477352,14.591059684753418,-2.733819484710694,76.73490545474847
27,gemma,8,0.9537037037037037,17.044513702392578,-2.8841257095336914,76.30887018707621
27,gemma,9,0.927710843373494,13.63059425354004,-2.6581711769104004,76.78727845833376
28,gemma,0,0.8738589456626212,12.386248588562012,-2.529540777206421,75.35576819156948
28,gemma,1,0.9576117048673706,19.04715156555176,-2.9317829608917236,76.19202595135059
28,gemma,2,0.9284791652934921,16.979877471923828,-2.8524341583251953,76.72042453852121
28,gemma,3,0.9494949494949495,15.919568061828612,-2.774946451187134,76.52654956862627
28,gemma,4,0.9325,11.524213790893556,-2.4737954139709473,76.77101955626605
28,gemma,5,0.9169724203322752,16.949363708496094,-2.8203463554382324,76.71637032211157
28,gemma,6,0.9134872789293953,14.984190940856934,-2.724008321762085,76.70071681044301
28,gemma,7,0.9348194561529085,15.34200382232666,-2.7486870288848877,76.75671478570638
28,gemma,8,0.9498113122274195,16.394107818603516,-2.8059065341949463,76.49973623083548
28,gemma,9,0.9364601454123734,17.288915634155273,-2.854889392852783,76.68721803172774
29,gemma,0,0.9339974039166996,19.999359130859375,-2.9924604892730713,76.55836823288956
29,gemma,1,0.905186520888459,19.368173599243164,-2.9945878982543945,76.30963165484197
29,gemma,2,0.9348287935434099,17.082319259643555,-2.859076976776123,76.68507260519209
29,gemma,3,0.904597240927456,22.06416702270508,-3.1402339935302734,76.03641545315848
29,gemma,4,0.9041741989718868,15.019325256347656,-2.7160792350769043,76.53613002545019
29,gemma,5,0.9117617256406754,16.795368194580078,-2.8398828506469727,76.60939112015637
29,gemma,6,0.9493478920230513,18.61241149902344,-2.946081161499023,76.37375909838879
29,gemma,7,0.8719416970327953,18.85364151000977,-2.9406590461730957,75.08076095081853
29,gemma,8,0.9215189873417722,15.354914665222168,-2.760375499725342,76.7553580711634
29,gemma,9,0.8843532803005696,16.505050659179688,-2.8491673469543457,75.75810567165176
30,gemma,0,0.8926043383332404,19.012937545776367,-2.9299426078796387,76.0543949864171
30,gemma,1,0.9134160666054187,16.1075382232666,-2.776110887527466,76.69432955496328
30,gemma,2,0.8929580607571476,18.50600242614746,-2.901970863342285,76.09871314009037
30,gemma,3,0.9724853836057749,25.340848922729492,-3.167116641998291,75.18070082474385
30,gemma,4,0.8989558883714429,18.734975814819336,-2.9275012016296387,76.25455796103438
30,gemma,5,0.8861246084031356,17.233049392700195,-2.8734824657440186,75.82986269633633
30,gemma,6,0.8911313089335359,15.944178581237791,-2.7599129676818848,76.13534425562733
30,gemma,7,0.9308631649381064,16.04212760925293,-2.7395288944244385,76.83156298527729
30,gemma,8,0.9568965517241379,15.22622299194336,-2.6358184814453125,76.45867455218476
30,gemma,9,0.9241383838952366,16.331029891967773,-2.8129143714904785,76.74572137309093
31,gemma,0,0.027258639829147488,2.3080825805664062,-0.8024166226387024,9.098489605560285
31,gemma,1,0.026334063351316706,2.3343749046325684,-0.8399142622947693,9.170825210747905
31,gemma,2,0.03175057208237986,2.2194368839263916,-0.7890172600746155,9.065971206910284
31,gemma,3,0.044373163740373714,2.64902400970459,-0.9677896499633788,9.456221577849254
31,gemma,4,0.048991295442908346,2.8582963943481445,-1.037952184677124,9.610994293069426
31,gemma,5,0.016118276564309385,2.3436665534973145,-0.8517268300056458,9.18816384573842
31,gemma,6,0.05541973715860139,3.354489803314209,-1.1559507846832275,9.880734041587434
31,gemma,7,0.028649615206030248,2.4836785793304443,-0.883689820766449,9.270911646659275
31,gemma,8,0.04887841494282971,3.895711898803711,-1.2986468076705933,10.17066796036068
31,gemma,9,0.05191817466561762,3.062182664871216,-1.0954465866088867,9.738914467813235
32,gemma,0,0.9154427833416485,13.415552139282228,-2.5494046211242676,76.80443480849887
32,gemma,1,0.7649516559478498,12.763020515441896,-2.505089521408081,64.45544177770043
32,gemma,2,0.9311208799160606,16.540143966674805,-2.690554618835449,76.91774596794136
32,gemma,3,0.852470656489343,15.087635040283203,-2.696491241455078,73.99936585419375
32,gemma,4,0.8904837852206273,17.07569694519043,-2.7273733615875244,76.21200386802215
32,gemma,5,0.8008403031168226,19.463537216186523,-2.9025075435638428,68.91839489647357
32,gemma,6,0.8520765560615918,12.92386245727539,-2.517462968826294,73.9967790523981
32,gemma,7,0.7997480881691408,13.44679832458496,-2.546882152557373,68.93559930991094
32,gemma,8,0.8489048663616199,14.108394622802734,-2.543766498565674,73.8176733089052
32,gemma,9,0.8300960831069878,13.510723114013672,-2.5980889797210693,72.11255166042736
33,gemma,0,0.9587020648967551,19.351362228393555,-2.933580160140991,76.16402224997017
33,gemma,1,0.9158039395327532,17.365766525268555,-2.800046682357788,76.7532805284874
33,gemma,2,0.9079608972737437,20.125770568847656,-2.9699296951293945,76.43882868441341
33,gemma,3,0.918459627564759,17.595911026000977,-2.8414788246154785,76.72778196889907
33,gemma,4,0.9697765947765947,14.168227195739746,-2.6350531578063965,75.9171194902356
33,gemma,5,0.9526458951533135,12.659067153930664,-2.5265185832977295,76.5037826286246
33,gemma,6,0.917594170535347,22.21405601501465,-3.1163604259490967,76.310176837311
33,gemma,7,0.9390141352660873,14.316203117370604,-2.639169692993164,76.7812520615044
33,gemma,8,0.9232953466286798,15.263019561767578,-2.684871196746826,76.85434594356464
33,gemma,9,0.9055736351025292,12.823156356811523,-2.519385814666748,76.61449663926896
34,gemma,0,0.944227702122439,12.149367332458496,-2.5120630264282227,76.65982398160628
34,gemma,1,0.9509160041479433,15.207683563232422,-2.729891777038574,76.51274835426554
34,gemma,2,0.9183886915604531,11.658612251281738,-2.453489303588867,76.76842833069891
34,gemma,3,0.9712460063897763,15.791486740112305,-2.773473739624023,75.78274893091918
34,gemma,4,0.9287335776208776,15.650279998779297,-2.759976387023926,76.78823860218348
34,gemma,5,0.9436071978018286,14.742006301879885,-2.7429730892181396,76.61862663401782
34,gemma,6,0.9197289349188084,12.036800384521484,-2.5218725204467773,76.76556835815015
34,gemma,7,0.9584775086505191,10.904231071472168,-2.4095897674560547,76.26351952897535
34,gemma,8,0.9328218048557031,12.435778617858888,-2.5426487922668457,76.79275916572267
34,gemma,9,0.953405017921147,11.632902145385742,-2.506582498550415,76.4182141305034
35,gemma,0,0.9848484848484849,19.55653190612793,-3.0287113189697266,74.8007886297392
35,gemma,1,0.9836065573770492,17.174789428710938,-2.87131667137146,75.07550017035733
35,gemma,2,0.9774436090225563,15.751707077026367,-2.80548357963562,75.4378021195684
35,gemma,3,0.9788732394366197,20.26879119873047,-3.072638988494873,75.05554255432621
35,gemma,4,0.9708029197080292,15.020557403564451,-2.756282091140747,75.78130521659173
35,gemma,5,0.9590163934426229,15.835341453552246,-2.7443673610687256,76.29872684078059
35,gemma,6,0.9854014598540146,15.467686653137209,-2.818214178085327,74.96742669795294
35,gemma,7,0.968944099378882,15.827045440673828,-2.7574729919433594,75.90735889982689
35,gemma,8,0.9826589595375722,13.026538848876951,-2.653064727783203,75.17939868875827
35,gemma,9,1.0,12.51972770690918,-2.600669860839844,74.08533986736121
36,gemma,0,0.9132878559349147,12.931235313415527,-2.6027565002441406,76.69427844798385
36,gemma,1,0.891421458419516,13.868804931640623,-2.652986526489258,76.14945936232662
36,gemma,2,0.8196412428054017,9.642602920532228,-2.3209214210510254,70.93192560716034
36,gemma,3,0.930073842022824,12.056869506835938,-2.48283314704895,76.81817859932889
36,gemma,4,0.8752587509711476,8.316035270690918,-2.1666088104248047,75.18393709166612
36,gemma,5,0.8404568722630792,12.29385757446289,-2.563728094100952,72.98281495672053
36,gemma,6,0.9182795291927416,11.177054405212402,-2.4280242919921875,76.74145173687083
36,gemma,7,0.9237281736668239,11.295543670654297,-2.4699206352233887,76.76320657160942
36,gemma,8,0.9095895006193352,17.893024444580078,-2.931002140045166,76.46707581313208
36,gemma,9,0.9398160395596346,11.672165870666504,-2.460465669631958,76.72287943083016
37,gemma,0,0.9416264866602378,20.105512619018555,-3.003322124481201,76.4555318083489
37,gemma,1,0.8836876338198282,11.943072319030762,-2.473651885986328,75.84495223371141
37,gemma,2,0.8516120804356634,16.195913314819336,-2.7454516887664795,73.93619195160562
37,gemma,3,0.8759990762685554,12.43271541595459,-2.512688398361206,75.48546671994382
37,gemma,4,0.9409334985543164,14.457660675048828,-2.634744167327881,76.76959897087488
37,gemma,5,0.9295070795790111,15.791234016418455,-2.6941723823547363,76.87873563254612
37,gemma,6,0.9514129038632546,17.129880905151367,-2.829453229904175,76.46163757646563
37,gemma,7,0.9310217132552709,15.686025619506836,-2.7408695220947266,76.80947882586212
37,gemma,8,0.971830985915493,19.46123695373535,-2.978243350982666,75.57256456646033
37,gemma,9,0.8903482954330982,16.77853012084961,-2.7947146892547607,76.10029243929469
38,gemma,0,0.9216948788943043,14.013649940490724,-2.7360377311706543,76.7046492006061
38,gemma,1,0.8767472658640252,16.39811134338379,-2.8301782608032227,75.42024593850682
38,gemma,2,0.9490909090909092,13.591367721557615,-2.6472225189208984,76.5485063569056
38,gemma,3,0.8775646575646575,10.975260734558104,-2.493572235107422,75.46220012530182
38,gemma,4,0.9431446335078534,11.546881675720217,-2.536494731903076,76.61237588913416
38,gemma,5,0.9440679156497462,12.364584922790527,-2.59356689453125,76.61276665920988
38,gemma,6,0.9487179487179487,13.725790023803713,-2.6811046600341797,76.5285224957415
38,gemma,7,0.9055497925311203,11.640999794006348,-2.52139663696289,76.5211921147338
38,gemma,8,0.9136662660326197,9.782365798950195,-2.3115787506103516,76.60747746115769
38,gemma,9,0.9453252755065765,13.89912223815918,-2.7017836570739746,76.585287667022
39,gemma,0,0.956310123683005,10.477882385253906,-2.3424196243286133,76.31851390514791
39,gemma,1,0.9465907067829802,11.85632038116455,-2.4798924922943115,76.6138176740356
39,gemma,2,0.9454963235294118,10.35921859741211,-2.346804141998291,76.57101634290244
39,gemma,3,0.9353081014922563,13.317975997924805,-2.612149238586426,76.77879667760526
39,gemma,4,0.915105199274695,9.611833572387695,-2.21252965927124,76.61921584378558
39,gemma,5,0.9598523304107061,9.225249290466309,-2.2310452461242676,76.10962356228909
39,gemma,6,0.951863451299718,11.337127685546877,-2.3814830780029297,76.50127549707433
39,gemma,7,0.9632971317181843,12.94377326965332,-2.541912078857422,76.17670856516412
39,gemma,8,0.9177530017152659,14.3258695602417,-2.5967512130737305,76.85030233164296
39,gemma,9,0.9584938468565037,13.786069869995115,-2.5868005752563477,76.36418616237665
40,gemma,0,0.9161646863774524,15.890324592590332,-2.717479705810547,76.79580504956567
40,gemma,1,0.9627118644067797,12.855122566223145,-2.575009822845459,76.16416555491038
40,gemma,2,0.9112045510759338,14.88518238067627,-2.662647247314453,76.73251273970797
40,gemma,3,0.8814848350467671,14.643864631652832,-2.671931266784668,75.76429798586045
40,gemma,4,0.9110954255604714,18.73810577392578,-2.8565187454223633,76.65465204381655
40,gemma,5,0.9478286979845754,18.984115600585938,-2.934532165527344,76.44182448797233
40,gemma,6,0.8979786114306102,17.09465217590332,-2.785747528076172,76.38785281455833
40,gemma,7,0.9148100349302285,14.563055038452148,-2.6754136085510254,76.75090407645952
40,gemma,8,0.9256461504145209,15.782517433166504,-2.725452423095703,76.8413169025555
40,gemma,9,0.9132108767145264,20.743362426757812,-3.0028698444366455,76.47866252419828
41,gemma,0,0.8893794186203309,11.40216064453125,-2.461374282836914,76.0460357404721
41,gemma,1,0.9261221772179992,14.910248756408691,-2.71772837638855,76.80055902784645
41,gemma,2,0.9357892309466159,12.493240356445312,-2.549488067626953,76.76977044361038
41,gemma,3,0.9269271729335627,13.473068237304688,-2.617262363433838,76.81895298563364
41,gemma,4,0.8988505747126437,9.165011405944824,-2.259481191635132,76.23787243878759
41,gemma,5,0.8877032987759882,12.226703643798828,-2.529352903366089,75.99990089532032
41,gemma,6,0.9296125815113156,10.288878440856934,-2.363442897796631,76.73012105790382
41,gemma,7,0.8900609534087546,11.801314353942873,-2.5051746368408203,76.07670410569281
41,gemma,8,0.9405940594059405,10.729907989501951,-2.3962836265563965,76.66600788786052
41,gemma,9,0.9324249249013431,11.543790817260742,-2.4866762161254883,76.76495212177893
42,gemma,0,0.967391304347826,11.329693794250488,-2.4293012619018555,75.963784997875
42,gemma,1,0.9645669291338582,12.823189735412598,-2.5445947647094727,76.1180209907378
42,gemma,2,0.9864864864864865,15.93736457824707,-2.7511346340179443,75.02604409659726
42,gemma,3,0.9421161825726141,11.47734546661377,-2.441366195678711,76.68487200559542
42,gemma,4,0.9649385675756668,14.804388999938965,-2.693042039871216,76.09168497208762
42,gemma,5,0.9459070341423282,12.052448272705078,-2.488046646118164,76.6375344533525
42,gemma,6,0.9228230662343678,10.263513565063477,-2.3064866065979004,76.73592449711934
42,gemma,7,0.9598021026592455,12.45578670501709,-2.5390665531158447,76.26548484977461
42,gemma,8,0.9609375,13.34714698791504,-2.5776727199554443,76.26031973912713
42,gemma,9,0.9681818181818181,10.2499361038208,-2.292186498641968,75.88365331142411
43,gemma,0,0.876922337562476,15.550247192382812,-2.726696491241455,75.52948068947053
43,gemma,1,0.8000731675731675,11.917377471923828,-2.4575915336608887,68.92045785010532
43,gemma,2,0.8977809324566647,14.502561569213867,-2.676548480987549,76.3783140053431
43,gemma,3,0.8673064368716543,15.769976615905762,-2.753645658493042,74.9688450023824
43,gemma,4,0.8783410483127198,14.809494018554688,-2.69290542602539,75.59857758398606
43,gemma,5,0.8406359774764609,13.824517250061035,-2.5974764823913574,73.0790970759156
43,gemma,6,0.941324200913242,14.834964752197266,-2.680788040161133,76.73742319697764
43,gemma,7,0.94375,13.928972244262695,-2.6406030654907227,76.68459569215311
43,gemma,8,0.906487744372156,14.650644302368164,-2.6659603118896484,76.62479142994412
43,gemma,9,0.9169083343840625,14.925251007080078,-2.701592206954956,76.76734327697368
44,gemma,0,0.9299755307369486,17.62446403503418,-2.8688368797302246,76.71992269783436
44,gemma,1,0.9416638000229332,16.51157569885254,-2.777287006378174,76.70331481847454
44,gemma,2,0.9527856302565273,16.43278694152832,-2.7684614658355713,76.48180712479063
44,gemma,3,0.9390437415179037,14.884334564208984,-2.6844282150268555,76.76690832323676
44,gemma,4,0.861501015031182,19.6201114654541,-2.9636471271514893,74.42423675855423
44,gemma,5,0.9689252336448597,22.642711639404297,-3.060955762863159,75.59089032860967
44,gemma,6,0.9240857264374647,23.20872688293457,-3.1171014308929443,76.35781119053132
44,gemma,7,0.9279279279279279,18.29041862487793,-2.873922824859619,76.74274727320119
44,gemma,8,0.9499259797937823,19.362316131591797,-2.9281954765319824,76.41891355649922
44,gemma,9,0.9551518947698089,19.753582000732425,-2.948272705078125,76.2573300241785
45,gemma,0,0.9579462591149736,18.93145751953125,-2.9471495151519775,76.14918872419409
45,gemma,1,0.9588148554576318,16.982378005981445,-2.8674933910369873,76.18119977012609
45,gemma,2,0.9491525423728814,14.968730926513672,-2.6942360401153564,76.58400224501375
45,gemma,3,0.955,12.903603553771973,-2.5410044193267822,76.4463464555141
45,gemma,4,0.9815950920245399,17.904306411743164,-2.9086039066314697,75.15602007130981
45,gemma,5,0.96875,16.981828689575195,-2.830416679382324,75.86906641714796
45,gemma,6,0.9914529914529915,25.67198181152344,-3.244548082351685,73.93340679533804
45,gemma,7,0.9335821628092797,18.80041122436523,-2.9719104766845703,76.56409647250803
45,gemma,8,0.976,20.012704849243164,-3.052208423614502,75.2393329520409
45,gemma,9,0.9863013698630136,18.83761978149414,-2.974606513977051,74.80099253985861
46,gemma,0,0.9435215946843853,12.433629035949709,-2.538262367248535,76.67439905181314
46,gemma,1,0.941310975609756,15.622238159179688,-2.7657113075256348,76.67667552130955
46,gemma,2,0.923206353479607,15.348417282104492,-2.695950984954834,76.84593850932379
46,gemma,3,0.9199256625727215,14.187823295593262,-2.6662585735321045,76.78890937281818
46,gemma,4,0.933175535314797,16.50164031982422,-2.8381402492523193,76.70175846035949
46,gemma,5,0.8724572650966222,14.579330444335938,-2.685060977935791,75.28318225005427
46,gemma,6,0.9462809917355371,15.622036933898926,-2.777949333190918,76.57428170212755
46,gemma,7,0.9228046564834129,15.783581733703612,-2.780902862548828,76.75792461902115
46,gemma,8,0.9615384615384616,17.727678298950195,-2.8783693313598633,76.10484433608768
46,gemma,9,0.9142328065024841,12.735984802246094,-2.554685354232788,76.7354487600367
47,gemma,0,0.919123702849613,14.939027786254885,-2.716818332672119,76.77046692720803
47,gemma,1,0.925090931706781,15.441852569580078,-2.7263288497924805,76.81975799755742
47,gemma,2,0.9401783723522854,17.17339515686035,-2.850525140762329,76.6460773845926
47,gemma,3,0.9442004008016032,14.383492469787598,-2.6980855464935303,76.64219495355337
47,gemma,4,0.9491525423728814,18.556058883666992,-2.9191389083862305,76.42539628212154
47,gemma,5,0.8486466018488389,15.141901969909668,-2.7168493270874023,73.68624142697055
47,gemma,6,0.9542773631191607,15.710165977478027,-2.78369140625,76.38090399225526
47,gemma,7,0.9055501750726366,14.150989532470703,-2.6502532958984375,76.58921447936338
47,gemma,8,0.9209428230360723,15.856199264526367,-2.721414566040039,76.83163492598598
47,gemma,9,0.88743344062493,13.593085289001465,-2.5996618270874023,76.02973206327522
48,gemma,0,0.9936305732484076,10.331722259521484,-2.3894176483154297,74.48725829271056
48,gemma,1,0.968873031496063,12.828433990478516,-2.604837656021118,75.89214223252449
48,gemma,2,0.9932432432432432,10.773305892944336,-2.4311375617980957,74.53222011838297
48,gemma,3,0.9453125,15.51103401184082,-2.8463518619537354,76.48346387801492
48,gemma,4,0.9558823529411765,12.124472618103027,-2.5346333980560303,76.36672341179921
48,gemma,5,0.9460088691796008,12.139163970947266,-2.560727119445801,76.5884760690682
48,gemma,6,0.9410105757931845,12.509210586547852,-2.5705554485321045,76.69281190052169
48,gemma,7,0.9731182795698925,12.086326599121094,-2.562818765640259,75.68429201776823
48,gemma,8,0.9380194805194805,12.532596588134766,-2.6039297580718994,76.70249988825081
48,gemma,9,0.9846153846153847,18.013227462768555,-2.9585907459259033,74.89898579850275
49,gemma,0,0.9144664466446645,18.43317413330078,-2.8753418922424316,76.66253270748817
49,gemma,1,0.885670576236614,20.998565673828125,-2.795893669128418,76.0570056583539
49,gemma,2,0.9583333333333334,18.37803649902344,-2.793910503387451,76.37156418762275
49,gemma,3,0.9268315018315019,17.29840850830078,-2.689308404922486,76.96390954623699
49,gemma,4,0.9474276772765438,18.775754928588867,-2.7977752685546875,76.66885688129699
49,gemma,5,0.918408024804626,17.13149070739746,-2.703795909881592,76.89908571725445
49,gemma,6,0.890266229292912,16.858060836791992,-2.73551607131958,76.18280833949724
49,gemma,7,0.9375922640126548,20.27006721496582,-2.9403929710388184,76.63323082551041
49,gemma,8,0.9401822154429649,24.48735618591309,-2.971825122833252,76.58133734674593
49,gemma,9,0.9321989085832734,23.71723175048828,-3.0054616928100586,76.59220055669107
50,gemma,0,0.8754811666377524,16.58418846130371,-2.7986741065979004,75.41157884993345
50,gemma,1,0.9349828412328411,17.53058433532715,-2.8280575275421143,76.75371722340874
50,gemma,2,0.939471205046285,15.708922386169434,-2.7363803386688232,76.7460925877522
50,gemma,3,0.8943037012055203,15.57109260559082,-2.69203519821167,76.31349304293843
50,gemma,4,0.9625529706823488,16.248891830444336,-2.79617691040039,76.12718405337264
50,gemma,5,0.9177571771677403,17.722412109375,-2.8050308227539062,76.78267880005002
50,gemma,6,0.9247893641909869,18.28387451171875,-2.872709274291992,76.741868519405
50,gemma,7,0.9720496894409938,19.438735961914062,-2.9195518493652344,75.67181108999917
50,gemma,8,0.9426462994119704,22.86739158630371,-3.069540023803711,76.34455338497791
50,gemma,9,0.8748679930914889,15.813632011413574,-2.7383298873901367,75.42201343088446
51,gemma,0,0.9345454545454546,11.271180152893066,-2.469353199005127,76.739562915988
51,gemma,1,0.9422382671480144,13.481239318847656,-2.6607766151428223,76.65683442035755
51,gemma,2,0.9298788028691565,15.272987365722656,-2.7683701515197754,76.7522914395369
51,gemma,3,0.9625598864375702,16.342239379882812,-2.822580337524414,76.09224921304988
51,gemma,4,0.939622641509434,14.43795680999756,-2.717189311981201,76.69195700529741
51,gemma,5,0.9359190988223246,14.904107093811035,-2.7369279861450195,76.73661856386776
51,gemma,6,0.9537743944027633,17.470867156982422,-2.901808977127075,76.29612595048131
51,gemma,7,0.9360439788403693,13.99732780456543,-2.6800379753112793,76.74712588845794
51,gemma,8,0.8581095705040587,15.358488082885742,-2.7540171146392822,74.34754624488265
51,gemma,9,0.8923971350233793,15.720525741577148,-2.802919387817383,76.10777001984486
52,gemma,0,0.8975619239205312,20.148632049560547,-2.9632601737976074,76.19004147678567
52,gemma,1,0.9143014814359789,13.851766586303713,-2.5949747562408447,76.78060123541172
52,gemma,2,0.9336311068277856,16.558563232421875,-2.776329517364502,76.79404192886965
52,gemma,3,0.9329534662867995,20.493486404418945,-2.940614700317383,76.67707603441892
52,gemma,4,0.940149625935162,17.822160720825195,-2.843388080596924,76.68674231122317
52,gemma,5,0.9357264957264957,15.976579666137695,-2.743403434753418,76.79208715719665
52,gemma,6,0.9668660022148395,16.987537384033203,-2.79066801071167,76.00708327456712
52,gemma,7,0.9072435528026876,12.873258590698242,-2.529069423675537,76.64687781106728
52,gemma,8,0.8766003823807292,12.735878944396973,-2.4519596099853516,75.57781673006099
52,gemma,9,0.8994850890366874,16.837766647338867,-2.8006558418273926,76.3979963208492
53,gemma,0,0.8435220154841789,17.277755737304688,-2.8408920764923096,73.21246800160327
53,gemma,1,0.9738219895287958,11.223777770996094,-2.3432469367980957,75.70430162255352
53,gemma,2,0.9683257918552036,15.256449699401855,-2.7208175659179688,75.948763321802
53,gemma,3,0.9607544116274003,14.896839141845703,-2.708677291870117,76.23113548313486
53,gemma,4,0.9759450171821306,11.693325996398926,-2.4515581130981445,75.59493233344747
53,gemma,5,0.9716787126143034,18.1173095703125,-2.8885743618011475,75.69591000496818
53,gemma,6,0.8935862161206807,12.596303939819336,-2.497321844100952,76.27177351904564
53,gemma,7,0.9907407407407407,15.4965181350708,-2.7140052318573,74.78769318848148
53,gemma,8,0.8292660210101858,20.228321075439453,-2.9912455081939697,71.78502027147302
53,gemma,9,0.9671136106443537,15.721857070922852,-2.7663941383361816,75.96544462106334
54,gemma,0,0.9354910714285715,18.066967010498047,-2.876760721206665,76.69358962128095
54,gemma,1,0.8680004038280731,13.46421241760254,-2.6063079833984375,75.03480410353727
54,gemma,2,0.9080269799437173,19.33979606628418,-2.939666748046875,76.47462824741669
54,gemma,3,0.8989983556641404,16.182321548461914,-2.773608684539795,76.38940800874082
54,gemma,4,0.8424213210753421,10.770408630371094,-2.374420166015625,73.13833569228855
54,gemma,5,0.9196456386292835,17.152231216430664,-2.81972074508667,76.75151224721215
54,gemma,6,0.9416042780748662,16.960176467895508,-2.844343662261963,76.62566179664235
54,gemma,7,0.919386452320584,12.599102973937988,-2.539634704589844,76.79257910636433
54,gemma,8,0.8897294662442116,14.488677978515623,-2.6315932273864746,76.14916221392008
54,gemma,9,0.8819181043524182,13.909594535827637,-2.6419286727905273,75.76922196466079
55,gemma,0,0.9259419464997154,14.377585411071776,-2.6815032958984375,76.81040545289139
55,gemma,1,0.9238085442096903,12.01369571685791,-2.520528554916382,76.78758630585313
55,gemma,2,0.961352657004831,15.766751289367676,-2.7489330768585205,76.20983211324929
55,gemma,3,0.937693573364305,13.215314865112305,-2.6164145469665527,76.74429088976383
55,gemma,4,0.946998892580288,13.094470977783203,-2.58913254737854,76.6156551343871
55,gemma,5,0.9466744526819444,15.32883071899414,-2.71354341506958,76.63505711842133
55,gemma,6,0.9358706583120601,11.90544891357422,-2.493037223815918,76.76489185813743
55,gemma,7,0.9341741062726598,13.3877592086792,-2.614194393157959,76.79062623830858
55,gemma,8,0.9180784404734277,14.622294425964355,-2.6827075481414795,76.78259315076497
55,gemma,9,0.909741358472323,13.535684585571287,-2.6370596885681152,76.64599380429394
56,gemma,0,0.9221351461933088,14.090665817260742,-2.6870007514953613,76.77282895577854
56,gemma,1,0.93126975006304,18.08173370361328,-2.896719217300415,76.6872397697805
56,gemma,2,0.9055367633968311,12.69011402130127,-2.572544813156128,76.56140616942079
56,gemma,3,0.9434580593028216,13.302321434020996,-2.644686698913574,76.64183069823892
56,gemma,4,0.9495703164492973,10.822985649108888,-2.437366008758545,76.4890490867685
56,gemma,5,0.9469565217391305,13.701703071594238,-2.7043681144714355,76.53677909983992
56,gemma,6,0.9572708653353814,17.71552085876465,-2.877664566040039,76.24645842054383
56,gemma,7,0.9572159202675233,24.083940505981445,-3.2136054039001465,75.66257074271611
56,gemma,8,0.9170817369517834,15.753412246704102,-2.7783069610595703,76.71705321050726
56,gemma,9,0.9458405013516835,19.84366798400879,-3.052997589111328,76.27302275009525
57,gemma,0,0.9276746242263484,12.968339920043944,-2.55792236328125,76.83652173849619
57,gemma,1,0.9029300874163,16.193092346191406,-2.804960250854492,76.45104658705507
57,gemma,2,0.8960528293065736,12.864680290222168,-2.557817220687866,76.32862220757431
57,gemma,3,0.8689817232791097,13.161890983581545,-2.5272679328918457,75.13898104165881
57,gemma,4,0.895562877713797,14.113929748535156,-2.6688365936279297,76.29201075502418
57,gemma,5,0.9112847414503648,15.73149299621582,-2.714604377746582,76.72259800706352
57,gemma,6,0.8906232205653468,13.961362838745115,-2.696500539779663,76.07650343742417
57,gemma,7,0.9043751887000302,16.14911460876465,-2.7357892990112305,76.58028713524608
57,gemma,8,0.9293503661006387,15.805268287658691,-2.768035411834717,76.78465655563288
57,gemma,9,0.9138904573687182,12.775375366210938,-2.5727550983428955,76.71847909782498
58,gemma,0,0.9513274336283186,10.704394340515137,-2.422574043273926,76.44420447891949
58,gemma,1,0.9180592991913747,16.267494201660156,-2.808635711669922,76.71055761456351
58,gemma,2,0.818953457753201,12.723578453063965,-2.4447474479675293,71.06956309400486
58,gemma,3,0.9298223023435488,13.691462516784668,-2.577346086502075,76.86774787779535
58,gemma,4,0.9464285714285714,13.25291919708252,-2.6140222549438477,76.61504662902642
58,gemma,5,0.9150931969584819,15.822710037231444,-2.8102025985717773,76.6515617853599
58,gemma,6,0.9886363636363636,16.81380271911621,-2.745950222015381,74.94848110879298
58,gemma,7,0.953757225433526,16.713619232177734,-2.7690536975860596,76.46915003566342
58,gemma,8,0.9305808540781219,14.23310089111328,-2.6532907485961914,76.82733259377936
58,gemma,9,0.9354348850604807,13.181612968444824,-2.4442391395568848,76.89414382249792
59,gemma,0,0.9295730997647499,21.1552677154541,-2.9583399295806885,76.67198599436402
59,gemma,1,0.943079443079443,21.872243881225582,-3.037325859069824,76.39739244002358
59,gemma,2,0.9481500418215637,23.16411590576172,-3.0141642093658447,76.35965501656577
59,gemma,3,0.9084442765870392,15.32142734527588,-2.673640251159668,76.69689546980484
59,gemma,4,0.9421103422303818,18.773767471313477,-2.809798002243042,76.7474732880443
59,gemma,5,0.9108853254945999,24.60544776916504,-3.1539485454559326,76.13522191302744
59,gemma,6,0.8746519035629816,17.346935272216797,-2.794645309448242,75.4101614135038
59,gemma,7,0.9717868338557993,21.405752182006836,-2.888911485671997,75.78429991644926
59,gemma,8,0.9327564193502624,21.787446975708008,-2.9363014698028564,76.71017672197809
59,gemma,9,0.924785673559539,18.77397918701172,-2.769240140914917,76.91852400597004
60,gemma,0,0.9239370852789384,13.087838172912598,-2.57760238647461,76.82309976437244
60,gemma,1,0.9688419117647059,15.661925315856934,-2.699702262878418,75.97652634937656
60,gemma,2,0.912283924812802,11.34719181060791,-2.3973960876464844,76.69554227475864
60,gemma,3,0.9428841542150894,12.062128067016602,-2.4565529823303223,76.71109128551775
60,gemma,4,0.9601226993865031,17.015647888183594,-2.7351269721984863,76.33510170995714
60,gemma,5,0.9090096503717766,13.925810813903809,-2.635406970977783,76.6609943813749
60,gemma,6,0.945453596408811,14.040681838989258,-2.634392261505127,76.66790523523768
60,gemma,7,0.9166288768877712,13.383712768554688,-2.567368268966675,76.80096396406275
60,gemma,8,0.9441192207219967,13.133794784545898,-2.5906426906585693,76.67173005321106
60,gemma,9,0.9468186417475151,14.949724197387695,-2.6242995262145996,76.70962568973805
61,gemma,0,0.9357881923311017,15.398286819458008,-2.7652456760406494,76.72936249523677
61,gemma,1,0.9717223650385605,15.56680965423584,-2.775639533996582,75.74555035493057
61,gemma,2,0.9441083281960115,16.055574417114258,-2.752675771713257,76.67363826713215
61,gemma,3,0.9714285714285714,15.86953067779541,-2.775876045227051,75.7755106210226
61,gemma,4,0.9092258297831053,16.844829559326172,-2.810120105743408,76.6139147410688
61,gemma,5,0.9661016949152542,16.563932418823242,-2.7962000370025635,76.00877174984677
61,gemma,6,0.9196557346037897,16.766525268554688,-2.7962114810943604,76.76818953080432
61,gemma,7,0.8991948968566467,16.726415634155273,-2.8127641677856445,76.36610453048054
61,gemma,8,0.944879204814758,16.50120735168457,-2.818988084793091,76.58808422764231
61,gemma,9,0.9407915360501568,18.49825668334961,-2.918698310852051,76.57753978027226
62,gemma,0,0.8997108635375815,11.959166526794434,-2.5026721954345703,76.41178147655316
62,gemma,1,0.9412362340148133,9.317879676818848,-2.2680859565734863,76.56381706985064
62,gemma,2,0.940959409594096,11.813593864440918,-2.4674901962280273,76.71446993733943
62,gemma,3,0.8759164080887583,12.244574546813965,-2.519207239151001,75.46204606780564
62,gemma,4,0.9352552984474809,10.920960426330566,-2.4408607482910156,76.72067813040974
62,gemma,5,0.9168879900587218,10.855301856994627,-2.366748809814453,76.72607412449346
62,gemma,6,0.9466024902266513,11.510512351989746,-2.440526008605957,76.60844668322115
62,gemma,7,0.914497916386611,10.723867416381836,-2.4344868659973145,76.65783322577289
62,gemma,8,0.9291133524010237,18.1237850189209,-2.904366970062256,76.68233930243703
62,gemma,9,0.9084064223357278,12.995378494262695,-2.5755882263183594,76.6412343586202
63,gemma,0,0.9521798551318847,14.046602249145508,-2.7058749198913574,76.43784297116989
63,gemma,1,0.9332454984628898,16.242929458618164,-2.8011202812194824,76.74438730142293
63,gemma,2,0.937953091684435,15.458012580871582,-2.747917652130127,76.73464753351462
63,gemma,3,0.9723502304147466,20.478443145751953,-3.034665107727051,75.46221945268559
63,gemma,4,0.9329715187919522,14.144895553588867,-2.6797709465026855,76.78057139427209
63,gemma,5,0.9444297474362366,16.870590209960938,-2.868298292160034,76.5361749136379
63,gemma,6,0.9537743944027633,13.991155624389648,-2.646355628967285,76.45980000651916
63,gemma,7,0.9123181786213539,13.951080322265623,-2.6577723026275635,76.6954475199155
63,gemma,8,0.9322539084283599,19.763412475585938,-2.928104877471924,76.68499724275253
63,gemma,9,0.9533802560839415,15.856104850769045,-2.802825927734375,76.38577366478115
64,gemma,0,0.9403402307269383,18.33258819580078,-2.881696939468384,76.64194303935076
64,gemma,1,0.949507735583685,16.179208755493164,-2.765852451324463,76.5529935692075
64,gemma,2,0.9372435632658681,18.30902671813965,-2.8582639694213867,76.71716112712109
64,gemma,3,0.9477940133352248,17.463533401489258,-2.8365437984466553,76.54944876117021
64,gemma,4,0.9536423841059603,21.441951751708984,-3.059774875640869,76.11259332774675
64,gemma,5,0.9243678675318864,21.472753524780273,-3.076780319213867,76.43317278971277
64,gemma,6,0.9548017943788336,20.040773391723633,-2.9730112552642822,76.22817557784279
64,gemma,7,0.9237281736668239,18.690628051757812,-2.908226251602173,76.69301038623244
64,gemma,8,0.9337351818364477,15.633912086486816,-2.675567150115967,76.87209373109353
64,gemma,9,0.9331713147410358,20.55392265319824,-3.0320510864257812,76.4968951149818
65,gemma,0,0.912568306010929,12.711759567260742,-2.54483413696289,76.71785920273443
65,gemma,1,0.8053491779541968,15.144046783447266,-2.7223711013793945,69.51079537684177
65,gemma,2,0.9011257227244185,14.13066291809082,-2.6393134593963623,76.49049865868479
65,gemma,3,0.9198467966573817,10.065377235412598,-2.366220474243164,76.68477245597487
65,gemma,4,0.8857572961153938,15.219642639160156,-2.69407320022583,75.96440478017081
65,gemma,5,0.8995195387572069,14.085234642028809,-2.6687185764312744,76.41112460688899
65,gemma,6,0.9014172925527101,14.218926429748535,-2.683903455734253,76.45491923287534
65,gemma,7,0.9129495292483408,16.63947868347168,-2.770108938217163,76.72365174472392
65,gemma,8,0.9043927648578811,11.889416694641112,-2.4335849285125732,76.56884994084085
65,gemma,9,0.9473477149039407,15.863977432250977,-2.7627878189086914,76.58740065297576
66,gemma,0,0.8661588387296004,12.28770923614502,-2.565063714981079,74.87347597240883
66,gemma,1,0.8774365943063344,9.61165714263916,-2.306748390197754,75.41537482779363
66,gemma,2,0.9372479335542866,14.2113618850708,-2.7259786128997803,76.6937644512262
66,gemma,3,0.9256990415966801,14.092551231384276,-2.6876940727233887,76.78416635972961
66,gemma,4,0.9509433962264151,14.190147399902344,-2.6771202087402344,76.51240552974853
66,gemma,5,0.891766796016644,12.281705856323242,-2.537093162536621,76.15453553136913
66,gemma,6,0.9319145394006658,16.99944496154785,-2.8645052909851074,76.6909210578627
66,gemma,7,0.9193414438697457,9.60944652557373,-2.3240578174591064,76.65184316104961
66,gemma,8,0.9020191322766019,16.150569915771484,-2.830080032348633,76.38732766857261
66,gemma,9,0.9144482248136508,13.078377723693848,-2.605360746383667,76.7185122500688
67,gemma,0,0.8657024139391961,15.321157455444336,-2.756284713745117,74.84113636860053
67,gemma,1,0.830819398588805,13.55068016052246,-2.597864151000977,72.18336232521762
67,gemma,2,0.896478984608949,16.74677276611328,-2.853562831878662,76.2211787355123
67,gemma,3,0.9306163484542417,12.878168106079102,-2.5972800254821777,76.78925176689158
67,gemma,4,0.8701472556894243,14.344195365905762,-2.673926830291748,75.14989914806489
67,gemma,5,0.8961514291810296,15.227754592895508,-2.7406516075134277,76.29352191857807
67,gemma,6,0.8612781411856958,15.338996887207031,-2.750326633453369,74.56615825398998
67,gemma,7,0.8946335333412141,16.22233772277832,-2.8183960914611816,76.18941069581388
67,gemma,8,0.8626351651943382,14.345426559448242,-2.6862149238586426,74.6742908608267
67,gemma,9,0.8872977037552467,16.192655563354492,-2.789872884750366,75.95714565697939
68,gemma,0,0.9079721536043117,15.43386936187744,-2.81905746459961,76.50077272535854
68,gemma,1,0.9245876486382815,12.625191688537598,-2.588318347930908,76.78137158185893
68,gemma,2,0.8972565582981361,10.817527770996094,-2.4380407333374023,76.2845542460524
68,gemma,3,0.9508196721311475,12.537477493286133,-2.5699057579040527,76.50593993861486
68,gemma,4,0.9153742051898951,12.933871269226074,-2.592358112335205,76.7319203733323
68,gemma,5,0.9062697453614167,10.094042778015137,-2.3823299407958984,76.48320170004646
68,gemma,6,0.9010039192177457,18.50594139099121,-2.915505886077881,76.32520827036173
68,gemma,7,0.8541088888931169,13.230191230773926,-2.648747205734253,74.05165173135882
68,gemma,8,0.9056237610567874,12.098247528076172,-2.5702507495880127,76.52014754841424
68,gemma,9,0.921112449194641,16.26015281677246,-2.86338210105896,76.64817566606406
69,gemma,0,0.9264214046822743,10.464759826660156,-2.3923845291137695,76.73764389068474
69,gemma,1,0.9350851814959131,11.311604499816896,-2.471518278121948,76.73732430456478
69,gemma,2,0.9035643830655536,13.968194007873535,-2.708864688873291,76.4631434714947
69,gemma,3,0.9433909506863244,15.506763458251951,-2.7866663932800293,76.60791236888329
69,gemma,4,0.8152553224442847,10.877490997314451,-2.402512550354004,70.55652535817431
69,gemma,5,0.8478580790954016,8.541709899902344,-2.167931079864502,73.39897159992796
69,gemma,6,0.9489795918367347,10.783353805541992,-2.4275364875793457,76.5040806080301
69,gemma,7,0.9560439560439561,12.393552780151367,-2.538543224334717,76.37967141575277
69,gemma,8,0.907232887960567,10.101234436035156,-2.367466926574707,76.5095015437386
69,gemma,9,0.872471833013423,11.568872451782228,-2.47711443901062,75.25128978384065
70,gemma,0,0.959808018806321,12.393251419067385,-2.5108957290649414,76.28143637231805
70,gemma,1,0.9319257991869205,14.234675407409668,-2.617952823638916,76.8582976028417
70,gemma,2,0.9358965429175083,13.333419799804688,-2.591884136199951,76.79391067516553
70,gemma,3,0.9411217669282187,16.2919921875,-2.7714948654174805,76.70803644325403
70,gemma,4,0.9613899613899614,14.48214054107666,-2.6320977210998535,76.26933570364577
70,gemma,5,0.983739837398374,14.242273330688477,-2.617506504058838,75.23929164760288
70,gemma,6,0.9388299541773899,14.091496467590332,-2.6057791709899902,76.80207502253424
70,gemma,7,0.9468866075867919,13.02173137664795,-2.5397157669067383,76.6544594833353
70,gemma,8,0.9531565239719747,18.69976043701172,-2.935962915420532,76.30130394036314
70,gemma,9,0.9591554606007289,12.873230934143066,-2.5409436225891113,76.3166546270044
71,gemma,0,0.9045912271718723,14.988007545471191,-2.7311041355133057,76.52498001892629
71,gemma,1,0.9620458477508651,13.039276123046877,-2.5941150188446045,76.18445865572714
71,gemma,2,0.8794019513497187,15.882888793945312,-2.805702209472656,75.562903098432
71,gemma,3,0.9452977961265254,12.7327880859375,-2.6327600479125977,76.58014339411059
71,gemma,4,0.8614389490662211,14.810669898986816,-2.7511417865753174,74.5438205243152
71,gemma,5,0.909796208608727,16.857492446899414,-2.8599324226379395,76.54684393358865
71,gemma,6,0.8954878678368612,16.767473220825195,-2.87471079826355,76.1555349994503
71,gemma,7,0.9158190974622297,17.351526260375977,-2.846832752227783,76.68089843418227
71,gemma,8,0.8697935336778158,12.046857833862305,-2.4715209007263184,75.14041333034503
71,gemma,9,0.9733333333333334,9.835235595703123,-2.3183324337005615,75.61365431271741
72,gemma,0,0.9591672240229117,10.661226272583008,-2.3969273567199707,76.22591677013664
72,gemma,1,0.941957350656687,18.445255279541016,-2.9271183013916016,76.54325336214772
72,gemma,2,0.9365487998788522,15.447925567626951,-2.750049591064453,76.74584630154136
72,gemma,3,0.9401811584561224,12.220681190490724,-2.518791437149048,76.72333502014739
72,gemma,4,0.941192380867885,13.990044593811035,-2.6526098251342773,76.71633662488152
72,gemma,5,0.9628156347284677,12.304844856262209,-2.5332772731781006,76.15312379537009
72,gemma,6,0.9382171397612276,14.595165252685549,-2.694359064102173,76.74694271843502
72,gemma,7,0.975,12.79907512664795,-2.5276036262512207,75.67702559119064
72,gemma,8,0.959866220735786,11.105631828308104,-2.417520046234131,76.23125787448876
72,gemma,9,0.9618320610687023,13.743181228637695,-2.619211435317993,76.21774287348173
73,gemma,0,0.8894449952591451,21.006677627563477,-3.068230628967285,75.7131765600695
73,gemma,1,0.8614988336844025,14.981552124023438,-2.704122543334961,74.61846825311882
73,gemma,2,0.9307058500411974,13.431533813476562,-2.5888214111328125,76.83655862852076
73,gemma,3,0.9195627157652474,14.28684902191162,-2.671215057373047,76.78704444519933
73,gemma,4,0.9404946904946906,15.186531066894531,-2.6926679611206055,76.7566555109387
73,gemma,5,0.9057868650462402,15.467037200927734,-2.730639934539795,76.58120520059663
73,gemma,6,0.9096993088682765,15.586651802062988,-2.759113311767578,76.62895186019051
73,gemma,7,0.8962246103007179,17.593917846679688,-2.8679685592651367,76.2290739766126
73,gemma,8,0.9014708954771228,15.07347583770752,-2.686615467071533,76.50704670384096
73,gemma,9,0.8952259297346553,14.247459411621094,-2.6639204025268555,76.29526521462566
74,gemma,0,0.9547114985471149,14.467631340026855,-2.7056288719177246,76.39731472017904
74,gemma,1,0.86832307815653,12.98604679107666,-2.611806869506836,75.01455519320686
74,gemma,2,0.9475126435013365,15.020271301269531,-2.7426750659942627,76.56208728444705
74,gemma,3,0.9521507287593317,15.672825813293455,-2.8122518062591553,76.39378744005916
74,gemma,4,0.9649980278163639,18.532358169555664,-2.9526538848876953,75.87700301829533
74,gemma,5,0.9584905660377359,15.194687843322754,-2.763444423675537,76.25310289052513
74,gemma,6,0.9381567337771717,12.419085502624512,-2.5616822242736816,76.73011294119561
74,gemma,7,0.9257284179612025,12.068352699279783,-2.529545545578003,76.78995570952246
74,gemma,8,0.8912668406159631,16.18437385559082,-2.8355326652526855,76.04232426319938
74,gemma,9,0.9701771761857598,13.419147491455078,-2.6641926765441895,75.81734969781988
75,gemma,0,0.9316528669434235,18.13545036315918,-2.872744083404541,76.72849297168041
75,gemma,1,0.9326852279011221,18.71516990661621,-2.9145150184631348,76.67317623855988
75,gemma,2,0.9600682364032233,13.217806816101074,-2.6059038639068604,76.25486211239779
75,gemma,3,0.8713228624150122,11.851134300231934,-2.5036487579345703,75.19209441605103
75,gemma,4,0.8531899622008561,13.08318042755127,-2.5641870498657227,74.05452719190579
75,gemma,5,0.9755858176910809,18.104324340820312,-2.916677951812744,75.4620559087931
75,gemma,6,0.9376495865970409,12.804609298706056,-2.517477512359619,76.79920060285156
75,gemma,7,0.8920552875469288,14.514089584350586,-2.6797146797180176,76.18520905548263
75,gemma,8,0.8760113830392715,13.331910133361816,-2.579822540283203,75.4986766816241
75,gemma,9,0.8972321872218673,11.42658519744873,-2.45005464553833,76.3281080364025
76,gemma,0,0.9398496240601504,17.306169509887695,-2.9143099784851074,76.54845676973589
76,gemma,1,0.9286322728787823,16.98797607421875,-2.855163812637329,76.7161758530469
76,gemma,2,0.9027993143576218,15.25736141204834,-2.7472076416015625,76.47658109748268
76,gemma,3,0.9266038460669334,12.839103698730469,-2.589558362960815,76.799460520358
76,gemma,4,0.9301983077240578,14.36640453338623,-2.6771395206451416,76.81075240822594
76,gemma,5,0.9195879003324445,13.235889434814451,-2.6075568199157715,76.78181385533549
76,gemma,6,0.9419262311638993,11.271917343139648,-2.4712843894958496,76.65406173260212
76,gemma,7,0.9197455518520258,18.38625144958496,-2.9385621547698975,76.6044824982417
76,gemma,8,0.9352448510175058,15.884529113769531,-2.797356367111206,76.71593084822679
76,gemma,9,0.9014979944025454,17.553892135620117,-2.868957757949829,76.37968619067118
77,gemma,0,0.9458577951728636,14.700989723205566,-2.665961265563965,76.66907521189107
77,gemma,1,0.9819277108433735,17.44871711730957,-2.875859260559082,75.17438182075148
77,gemma,2,0.9601935483870968,17.669248580932617,-2.864325761795044,76.17210972809741
77,gemma,3,0.9788732394366197,19.617788314819336,-2.972475290298462,75.24475976345936
77,gemma,4,0.9836065573770492,19.067358016967773,-2.9231491088867188,75.06162609360803
77,gemma,5,0.9844961240310077,19.061813354492188,-2.9353301525115967,74.9884045799042
77,gemma,6,0.9927007299270073,21.5688419342041,-3.0684800148010254,74.27781792212211
77,gemma,7,0.9836065573770492,18.68377113342285,-2.9117982387542725,75.06853172987242
77,gemma,8,0.98,15.345179557800291,-2.7159156799316406,75.4039375705331
77,gemma,9,0.9857142857142858,21.277908325195312,-3.030694484710694,74.78717699224521
78,gemma,0,0.9161638208696137,12.410717964172363,-2.558196783065796,76.73199845813053
78,gemma,1,0.9280930367997671,12.419721603393556,-2.5391767024993896,76.81033427492453
78,gemma,2,0.9202797202797203,15.750910758972168,-2.774796962738037,76.75000246724606
78,gemma,3,0.8679781545113209,13.561022758483888,-2.629392385482788,75.01745696756186
78,gemma,4,0.8945576979192386,17.89838218688965,-2.8835530281066895,76.16138386363968
78,gemma,5,0.9314310367605774,11.405118942260742,-2.4762864112854004,76.76509589476744
78,gemma,6,0.9101773166006741,13.446250915527344,-2.6719205379486084,76.60969694424722
78,gemma,7,0.9268526352461056,12.374759674072266,-2.5398733615875244,76.80674287457208
78,gemma,8,0.9134854771784232,16.528034210205078,-2.8164753913879395,76.65823825997039
78,gemma,9,0.8941694571052077,13.697205543518066,-2.6674692630767822,76.21902466504135
79,gemma,0,0.9698492462311558,8.268077850341797,-2.098099708557129,75.61472886090142
79,gemma,1,0.9739889880387317,14.49541187286377,-2.653059482574463,75.72800205895633
79,gemma,2,0.94160913793435,15.363344192504885,-2.6276607513427734,76.82260193650004
79,gemma,3,0.9045619015131211,15.772202491760254,-2.6923606395721436,76.61805540376801
79,gemma,4,0.9762845849802372,14.215123176574709,-2.6087327003479004,75.64353201748997
79,gemma,5,0.9719626168224299,12.591355323791504,-2.4956483840942383,75.82686252423844
79,gemma,6,0.9067834681042228,10.248538970947266,-2.2796902656555176,76.53339926051792
79,gemma,7,0.9425457943411524,17.363506317138672,-2.804212808609009,76.69180633215096
79,gemma,8,0.9718558182055635,11.196954727172852,-2.350658893585205,75.79110140560452
79,gemma,9,0.9436031709765075,13.509180068969728,-2.607853412628174,76.69114291032359
80,gemma,0,0.8405481057612525,10.768218994140623,-2.4086108207702637,72.96652235069692
80,gemma,1,0.8787848506542577,8.484580039978027,-2.16914701461792,75.38084360268115
80,gemma,2,0.891207417963177,10.92312717437744,-2.437264919281006,76.08871988915813
80,gemma,3,0.9029627032789348,12.638322830200195,-2.586615800857544,76.48409173399317
80,gemma,4,0.9197572566096883,10.428744316101074,-2.3840043544769287,76.70960012468468
80,gemma,5,0.9133565842158964,13.182926177978516,-2.627686023712158,76.68909929972503
80,gemma,6,0.8857365673268474,13.56516170501709,-2.6649508476257324,75.8902047141866
80,gemma,7,0.7995417354769198,11.068350791931152,-2.464082717895508,68.78542096408329
80,gemma,8,0.8612421113921723,12.126684188842772,-2.556553363800049,74.5534333307181
80,gemma,9,0.9575927523727351,10.818055152893066,-2.4138948917388916,76.2822882087808
81,gemma,0,0.8333469931747026,14.254036903381348,-2.7037315368652344,72.35065175002337
81,gemma,1,0.8774682966826339,10.152974128723145,-2.4194555282592773,75.42837347296872
81,gemma,2,0.9013542351956987,14.16819667816162,-2.706105947494507,76.42342455290485
81,gemma,3,0.9122619510299261,13.83478832244873,-2.6563003063201904,76.68832195318183
81,gemma,4,0.9462800188353476,14.295125007629396,-2.6837427616119385,76.61464341789375
81,gemma,5,0.8274017672444596,14.69284725189209,-2.745508909225464,71.76789649063602
81,gemma,6,0.9764705882352941,17.556411743164062,-2.914264678955078,75.3994611724126
81,gemma,7,0.9021220015195919,13.21739101409912,-2.6198081970214844,76.4736832771706
81,gemma,8,0.9584728033472804,18.489212036132812,-3.0002856254577637,76.01348717003226
81,gemma,9,0.8897185980506479,15.014187812805176,-2.786182165145874,75.99140815000685
82,gemma,0,0.9754622351972453,10.655813217163086,-2.3842034339904785,75.56400570063772
82,gemma,1,0.9263272560486183,11.941034317016602,-2.5155582427978516,76.7909656555971
82,gemma,2,0.9079488778054864,8.844050407409668,-2.1902310848236084,76.43075254052653
82,gemma,3,0.9785461953018232,11.956287384033203,-2.5156445503234863,75.44338849988381
82,gemma,4,0.9559557560995089,11.753287315368652,-2.4951038360595703,76.36358520132086
82,gemma,5,0.9413771807935772,14.702522277832031,-2.715198516845703,76.68708812580995
82,gemma,6,0.8831791309198226,11.48534107208252,-2.491840362548828,75.7740102800143
82,gemma,7,0.918552830122469,14.901872634887695,-2.725938320159912,76.75173856410784
82,gemma,8,0.8341149946348698,12.1436128616333,-2.5334386825561523,72.43770405616719
82,gemma,9,0.8959673006736804,13.740937232971191,-2.6415140628814697,76.30962531452856
83,gemma,0,0.9359580495675504,14.915905952453612,-2.6932458877563477,76.79143063512267
83,gemma,1,0.9476146506617421,11.083951950073242,-2.3866119384765625,76.57708939380224
83,gemma,2,0.9415470125057896,10.985947608947754,-2.322019577026367,76.69769234333019
83,gemma,3,0.8718257427413527,13.42088794708252,-2.562289237976074,75.29337689848919
83,gemma,4,0.9765258215962441,13.301732063293455,-2.561279296875,75.61171165735756
83,gemma,5,0.8754248282355188,13.966282844543455,-2.6052498817443848,75.48837357627785
83,gemma,6,0.9338411819021237,13.09121799468994,-2.5220298767089844,76.8506296343188
83,gemma,7,0.9789915966386554,11.611395835876465,-2.407679557800293,75.45515227886985
83,gemma,8,0.9206745421298581,11.342364311218262,-2.4318809509277344,76.77227544994156
83,gemma,9,0.9057690545317701,13.152382850646973,-2.589702606201172,76.58521425345141
84,gemma,0,0.9212908177662397,14.662269592285156,-2.642648220062256,76.85434932119307
84,gemma,1,0.9176008050991453,17.383939743041992,-2.832947254180908,76.72363548902523
84,gemma,2,0.8893623737373739,18.055830001831055,-2.8424439430236816,76.04725069220314
84,gemma,3,0.8859042500642152,12.85132884979248,-2.533355236053467,75.96953231866183
84,gemma,4,0.8851581243184296,15.689698219299316,-2.6569647789001465,76.00834801172904
84,gemma,5,0.9388742783336704,17.264434814453125,-2.8166356086730957,76.71996149148461
84,gemma,6,0.9418502058688974,17.209218978881836,-2.8669025897979736,76.59711781529667
84,gemma,7,0.9377400788403168,16.477853775024414,-2.782120943069458,76.74552683042602
84,gemma,8,0.8892423295818216,16.01844024658203,-2.725907325744629,76.1125126730955
84,gemma,9,0.8718432540003437,17.979238510131836,-2.837141990661621,75.21913795695195
85,gemma,0,0.9101882965519329,11.409872055053713,-2.486044645309448,76.61934887415661
85,gemma,1,0.9610973988988039,12.702688217163086,-2.541696071624756,76.2378761297885
85,gemma,2,0.9080713489409141,13.731014251708984,-2.610898017883301,76.6541891669287
85,gemma,3,0.8788975937311615,13.892273902893066,-2.6448559761047363,75.62062116183459
85,gemma,4,0.9094997405933454,13.10185718536377,-2.6035170555114746,76.6441066687119
85,gemma,5,0.9367701749284523,17.126842498779297,-2.838294982910156,76.70319969285781
85,gemma,6,0.9348666000504752,11.945314407348633,-2.45953106880188,76.79719137984193
85,gemma,7,0.974703557312253,14.730159759521484,-2.6514148712158203,75.71044052510432
85,gemma,8,0.9328218048557031,16.7548885345459,-2.8371362686157227,76.71821818022148
85,gemma,9,0.9327568315461778,13.306907653808594,-2.589811325073242,76.81716342251308
86,gemma,0,0.9145674734720395,11.982163429260254,-2.4919636249542236,76.72847802918545
86,gemma,1,0.9060926026443269,12.203110694885254,-2.5351085662841797,76.5672634039314
86,gemma,2,0.9124643990335142,11.961188316345217,-2.481072425842285,76.70408358317283
86,gemma,3,0.9082325341397268,8.817726135253906,-2.186375617980957,76.43350611820024
86,gemma,4,0.8858690852664642,12.31728744506836,-2.567653179168701,75.90009547694272
86,gemma,5,0.9497961197828739,13.583256721496582,-2.607259511947632,76.57220253312514
86,gemma,6,0.9260293588444516,10.747218132019045,-2.352653980255127,76.77552951000236
86,gemma,7,0.8955810147299509,8.60403060913086,-2.172396659851074,76.08157926172439
86,gemma,8,0.9481427663245846,8.735395431518555,-2.2019567489624023,76.38558585291696
86,gemma,9,0.9208108071624787,10.77988624572754,-2.389878273010254,76.74502077248079
87,gemma,0,0.7711888421152517,10.679105758666992,-2.3777761459350586,65.20729537701693
87,gemma,1,0.8438208043581437,17.114789962768555,-2.854983329772949,73.20691962723252
87,gemma,2,0.8928191271595841,16.2240047454834,-2.810957431793213,76.13828488517265
87,gemma,3,0.9250495854796592,16.57909393310547,-2.822448253631592,76.74641870224198
87,gemma,4,0.8650753810062831,11.30812931060791,-2.44157075881958,74.81285274003159
87,gemma,5,0.8770609522878584,14.622419357299805,-2.682468891143799,75.53451120480703
87,gemma,6,0.895738389399647,18.76734733581543,-2.941948890686035,76.13026977438786
87,gemma,7,0.8724116580923327,14.864599227905272,-2.735917568206787,75.23573964077558
87,gemma,8,0.8950093646380924,17.577510833740234,-2.887357234954834,76.15622393083467
87,gemma,9,0.895545661541616,15.294989585876465,-2.7593131065368652,76.25294561027638
88,gemma,0,0.9126680156091921,13.12895393371582,-2.6283726692199707,76.6744219512698
88,gemma,1,0.9033977556109727,12.866633415222168,-2.630244731903076,76.46987521629411
88,gemma,2,0.9207155501313895,12.25429630279541,-2.5728225708007812,76.74877405237797
88,gemma,3,0.9083747032160587,12.644453048706056,-2.548724412918091,76.63723352127123
88,gemma,4,0.9070213659918146,14.940043449401855,-2.727975606918335,76.57975378424213
88,gemma,5,0.9389787234042554,14.247550010681152,-2.6851773262023926,76.72637331488863
88,gemma,6,0.8755995374112536,17.691551208496094,-2.9298548698425293,75.25377397684893
88,gemma,7,0.9208891321143446,13.917241096496582,-2.691030979156494,76.74916521856778
88,gemma,8,0.93084453197405,13.271549224853516,-2.6089086532592773,76.80589430459207
88,gemma,9,0.9095379165537469,15.991568565368652,-2.8327560424804688,76.54086514742237
89,gemma,0,0.96875,11.98123264312744,-2.4379992485046387,75.95514922893592
89,gemma,1,0.9264069264069265,11.113638877868652,-2.3233871459960938,76.81457937273152
89,gemma,2,0.8997791682002209,10.474839210510254,-2.3108677864074707,76.37521114419455
89,gemma,3,0.9117237777118612,11.995018005371094,-2.4457788467407227,76.71575529361841
89,gemma,4,0.8932641859295501,20.19860076904297,-2.9716224670410156,76.03463862757653
89,gemma,5,0.8302854322507035,13.875012397766112,-2.6077356338500977,72.14628115787536
89,gemma,6,0.8935249403539921,11.7992525100708,-2.438019275665283,76.24315234927232
89,gemma,7,0.9543147208121827,11.068509101867676,-2.455047845840454,76.37930272902406
89,gemma,8,0.9273154319812099,13.313721656799316,-2.6115148067474365,76.81334333384211
89,gemma,9,0.9026588255305209,13.215150833129885,-2.535919666290283,76.56118759471288
90,gemma,0,1.0,12.093140602111816,-2.5064964294433594,74.12954006652552
90,gemma,1,0.9605079365079365,15.47874641418457,-2.743973970413208,76.22924002455053
90,gemma,2,0.9856115107913669,10.35061740875244,-2.3114004135131836,75.01262673644229
90,gemma,3,1.0,10.983747482299805,-2.44038724899292,74.07988496367454
90,gemma,4,0.9838709677419355,13.7985200881958,-2.6350114345550537,75.18448722598451
90,gemma,5,0.8984509145203434,10.300649642944336,-2.3508260250091553,76.31165586500042
90,gemma,6,0.9777777777777777,14.091062545776367,-2.657871961593628,75.5095004487109
90,gemma,7,1.0,15.07497501373291,-2.7117137908935547,74.13852549767887
90,gemma,8,0.9940119760479041,15.294154167175291,-2.70669937133789,74.57232156831546
90,gemma,9,0.9177487303596531,11.739091873168944,-2.441927671432495,76.77511789844057
91,gemma,0,0.8996663809448759,8.778048515319824,-2.2142906188964844,76.22599918610476
91,gemma,1,0.9418151625471035,11.84109115600586,-2.4825401306152344,76.69486986808799
91,gemma,2,0.9262381175141443,7.687947273254395,-2.084336519241333,76.4872927497452
91,gemma,3,0.9176968778866748,11.80564308166504,-2.4809751510620117,76.75735743444909
91,gemma,4,0.8931303895459188,12.059913635253906,-2.4964075088500977,76.21537354099551
91,gemma,5,0.8910582794012596,9.619759559631348,-2.2724781036376953,76.01993861018259
91,gemma,6,0.9160381298675774,9.917031288146973,-2.336907386779785,76.64393785425202
91,gemma,7,0.8595620160351025,9.275732040405272,-2.2230043411254883,74.33047953573096
91,gemma,8,0.9353306540007307,8.391836166381836,-2.179671049118042,76.5433880828213
91,gemma,9,0.8927181873335281,10.669218063354492,-2.3333206176757812,76.16183746669951
92,gemma,0,0.9485561165736557,13.92121696472168,-2.752530336380005,76.45604988269605
92,gemma,1,0.9541293684980908,11.03087043762207,-2.4128010272979736,76.40274104867039
92,gemma,2,0.9478935698447892,11.585067749023438,-2.476227283477783,76.56742095240746
92,gemma,3,0.876124264802409,12.50996208190918,-2.541210889816284,75.47652887632506
92,gemma,4,0.9173925667828107,11.451149940490724,-2.4829511642456055,76.72451714765452
92,gemma,5,0.9418604651162791,12.191862106323242,-2.5008206367492676,76.70971163787964
92,gemma,6,0.9237629531458863,9.97126007080078,-2.362675189971924,76.69936509364292
92,gemma,7,0.9495471998840832,8.779938697814941,-2.168645143508911,76.3551523070261
92,gemma,8,0.9387302679356343,10.894842147827148,-2.3741304874420166,76.71257039406234
92,gemma,9,0.8866020010536947,10.639195442199709,-2.39339542388916,75.90375715811864
93,gemma,0,0.8823126487490568,14.988439559936523,-2.568584442138672,75.9266578036404
93,gemma,1,0.9113706397403118,13.857315063476562,-2.590836524963379,76.74128330168972
93,gemma,2,0.8765410755997513,15.909259796142578,-2.7121455669403076,75.54835854390164
93,gemma,3,0.9352086945110201,14.584492683410645,-2.608445405960083,76.86840398942722
93,gemma,4,0.9318582936809643,21.87312126159668,-3.003967761993408,76.5855998175886
93,gemma,5,0.8959510936347996,16.984298706054688,-2.740504503250122,76.38167971005636
93,gemma,6,0.9025974860775914,18.040180206298828,-2.832275629043579,76.4879101100438
93,gemma,7,0.9657961522717969,15.803014755249023,-2.757070779800415,76.03556882406137
93,gemma,8,0.8692346445001259,15.958900451660156,-2.637047290802002,75.23346351123412
93,gemma,9,0.9333217262710808,23.651243209838867,-3.108186721801758,76.3642819339468
94,gemma,0,0.9406023773348824,18.701597213745117,-2.800428628921509,76.78091531824214
94,gemma,1,0.8759669416393577,16.287025451660156,-2.6452231407165527,75.61578772064703
94,gemma,2,0.9633648629183271,21.36154556274414,-2.9214553833007812,76.07321109244383
94,gemma,3,0.9159027425209593,13.801000595092772,-2.654075384140014,76.73779199704693
94,gemma,4,0.8758081149007999,16.948183059692383,-2.8354878425598145,75.39076577783733
94,gemma,5,0.9607974728720694,19.25286293029785,-2.8446009159088135,76.24335663380822
94,gemma,6,0.9331416299114993,13.026501655578612,-2.443652629852295,76.90012597715878
94,gemma,7,0.9604094860313263,18.29303550720215,-2.786410331726074,76.31062780416343
94,gemma,8,0.9701492537313433,12.24220085144043,-2.489140510559082,75.88543598939602
94,gemma,9,0.886040221069503,11.82711124420166,-2.334924697875977,75.99779598396252
95,gemma,0,0.8127435168278184,9.110422134399414,-2.26607608795166,70.1660106013018
95,gemma,1,0.8532870828728623,11.904311180114746,-2.5251243114471436,74.00338106595976
95,gemma,2,0.964106988783434,10.46535873413086,-2.391538619995117,76.0370176518365
95,gemma,3,0.8597750351871022,9.370089530944824,-2.286619186401367,74.34953923711713
95,gemma,4,0.9407273767353853,14.154927253723145,-2.7076425552368164,76.67049367546274
95,gemma,5,0.8800077006006468,12.649319648742676,-2.6070303916931152,75.62423525117997
95,gemma,6,0.8983485822193652,10.672052383422852,-2.4173567295074463,76.31539450931665
95,gemma,7,0.9608540925266904,12.341556549072266,-2.5641472339630127,76.20067851828274
95,gemma,8,0.9487380021329542,13.72841453552246,-2.6607234477996826,76.5512497354087
95,gemma,9,0.9316349033935682,11.32547378540039,-2.4713246822357178,76.76067136104858
96,gemma,0,0.9382553284992309,17.717992782592773,-2.852281332015991,76.69160267040375
96,gemma,1,0.8870679866824991,19.36498260498047,-2.8829526901245117,75.93619043342629
96,gemma,2,0.9030368846720584,14.844210624694824,-2.6476826667785645,76.57687305077162
96,gemma,3,0.8933406497303508,16.84320831298828,-2.7840428352355957,76.2276292454873
96,gemma,4,0.9466141481658311,18.997713088989254,-2.875405550003052,76.57117782596849
96,gemma,5,0.9322033898305084,12.894322395324709,-2.5177221298217773,76.84932363958569
96,gemma,6,0.9318611667347032,18.04901695251465,-2.7791666984558105,76.8684768188917
96,gemma,7,0.915262363487677,17.871795654296875,-2.8515472412109375,76.68935817332665
96,gemma,8,0.9230225850126563,17.196447372436523,-2.763624906539917,76.85544628799232
96,gemma,9,0.897270240381817,14.815571784973145,-2.599299669265747,76.46276960794032
97,gemma,0,0.9244477984500623,14.76977825164795,-2.6866588592529297,76.8262447234301
97,gemma,1,0.9068850245364425,14.523990631103516,-2.6809911727905273,76.60811787862146
97,gemma,2,0.9293955420572166,16.954471588134766,-2.8383874893188477,76.7399484926292
97,gemma,3,0.9605053220553843,21.50118637084961,-3.0800271034240723,75.8586498122412
97,gemma,4,0.9259285600990214,18.327152252197266,-2.8701682090759277,76.74992781732564
97,gemma,5,0.9624661580113217,16.61917495727539,-2.76957368850708,76.18742675673849
97,gemma,6,0.9041990173819184,13.247564315795898,-2.5668373107910156,76.57620319279593
97,gemma,7,0.9359226050023596,14.558260917663574,-2.687110424041748,76.77664444720098
97,gemma,8,0.9000380475482194,17.65544891357422,-2.8410651683807373,76.38956932525376
97,gemma,9,0.9451378117169789,19.56882095336914,-2.9255871772766113,76.53046421638291
98,gemma,0,0.9062843331136015,14.497862815856934,-2.655488967895508,76.62224777766677
98,gemma,1,0.9325868847008469,12.751593589782717,-2.4856057167053223,76.85859461328918
98,gemma,2,0.9811320754716981,19.116531372070312,-2.8779804706573486,75.2795495591216
98,gemma,3,0.9525547445255474,20.140905380249023,-2.9545624256134033,76.32729394402716
98,gemma,4,0.952701799417128,16.711551666259766,-2.7625598907470703,76.5062983258516
98,gemma,5,0.950910733102514,23.796783447265625,-3.085953950881958,76.14317009810779
98,gemma,6,0.938709221861319,29.708436965942383,-3.310113430023194,75.65810002404343
98,gemma,7,0.9412926287872236,15.029739379882812,-2.6679086685180664,76.76446407350922
98,gemma,8,0.9275902897802519,21.37820053100586,-3.0406203269958496,76.51375060295278
98,gemma,9,0.9923076923076923,22.851823806762695,-3.1001553535461426,74.24640255630746
99,gemma,0,0.9420554961445377,10.553385734558104,-2.41650915145874,76.62065856402221
99,gemma,1,0.9297883123464973,9.636247634887695,-2.295825481414795,76.68809058475613
99,gemma,2,0.9390243902439024,10.12274932861328,-2.3709611892700195,76.64339248534391
99,gemma,3,0.9568345323741008,12.10073471069336,-2.52026629447937,76.34710576300914
99,gemma,4,0.934403809093908,10.80322265625,-2.4090468883514404,76.73287308376749
99,gemma,5,0.9538461538461539,13.20742130279541,-2.6024560928344727,76.44754774190777
99,gemma,6,0.9613733905579399,13.194595336914062,-2.612438678741455,76.20206613778136
99,gemma,7,0.8777234841689519,10.572949409484863,-2.422483444213867,75.47645400121421
99,gemma,8,0.9545454545454546,12.546380996704102,-2.6007943153381348,76.38104590559387
99,gemma,9,0.8910595990425547,9.792268753051758,-2.3617632389068604,76.01636537332166
